sample_id	public_subtype	analysis_id	candidate_K	patient_id	final_cluster_assignment	item_consensus	bootstrap_assignment_frequency	assignment_entropy	silhouette_width	co_clustering_probability	distance_to_assigned_centroid	distance_to_alternative_centroids	assignment_confidence	basal_score	classical_score	moffitt_score_difference	purist_basal_probability	distance_to_basal_centroid	distance_to_classical_centroid	interpretation_category
YX15047T	Basal	STAB_UNSUP_HVG	3	PDAC_042	3	0.648189025647076	0.616438356164384	0.972607296524418	0.0300661011098756	0.320683048728074	28.5237321438874	cluster_1=28.141277;cluster_2=39.650332;cluster_3=28.523732	0.616438356164384	0.237439874178841	0.00423792372567204	0.233201950453169	0.991233391480979	11.7797543628819	13.8729264019529	HETEROGENEOUS_OR_UNSTABLE
YX15047T	Basal	STAB_CSY_FEAT_RESAMP	3	PDAC_042	3	0.907269790775938	0.914357682619647	0.421754694636739	0.135671552501555	0.284605607373655	11.7797543628819	cluster_1=13.872926;cluster_2=12.741536;cluster_3=11.779754	0.914357682619647	0.237439874178841	0.00423792372567204	0.233201950453169	0.991233391480979	11.7797543628819	13.8729264019529	TO_VERIFY
YX15047T	Basal	STAB_CSY_IMPUTED	3	PDAC_042	3	0.991545724109713	0.991389913899139	0.071431193430569	0.135671552501555	0.270546244289854	11.7797543628819	cluster_1=13.872926;cluster_2=12.741536;cluster_3=11.779754	0.991389913899139	0.237439874178841	0.00423792372567204	0.233201950453169	0.991233391480979	11.7797543628819	13.8729264019529	STABLE_BASAL
YX15047T	Basal	STAB_CSY_PRIMARY	3	PDAC_042	3	0.989471806792443	0.98978288633461	0.0822290494937995	0.135671552501555	0.269801839643239	11.7797543628819	cluster_1=13.872926;cluster_2=12.741536;cluster_3=11.779754	0.98978288633461	0.237439874178841	0.00423792372567204	0.233201950453169	0.991233391480979	11.7797543628819	13.8729264019529	STABLE_BASAL
YX15047T	Basal	STAB_HVG_OUTLIER_EXCL	3	PDAC_042	3	0.613916567297615	0.578814627994956	0.982001719873876	0.0203954642523149	0.323397371512995	29.6181307717568	cluster_1=29.760961;cluster_2=40.015744;cluster_3=29.618131	0.578814627994956	0.237439874178841	0.00423792372567204	0.233201950453169	0.991233391480979	11.7797543628819	13.8729264019529	HETEROGENEOUS_OR_UNSTABLE
YX15047T	Basal	STAB_HVG_VAR_FILTER	3	PDAC_042	3	0.686794247555712	0.676508344030809	0.908138165513799	0.0440742985669297	0.304781340625927	19.2031071876271	cluster_1=19.482892;cluster_2=31.755306;cluster_3=19.203107	0.676508344030809	0.237439874178841	0.00423792372567204	0.233201950453169	0.991233391480979	11.7797543628819	13.8729264019529	HETEROGENEOUS_OR_UNSTABLE
YX15047T	Basal	STAB_CSY_LOG2	3	PDAC_042	3	0.930316524745425	1	0	0.333343927122362	0.31083305298959	8.76905991589641	cluster_1=11.953390;cluster_2=11.856122;cluster_3=8.769060	1	0.237439874178841	0.00423792372567204	0.233201950453169	0.991233391480979	11.7797543628819	13.8729264019529	STABLE_BASAL
YX15047T	Basal	STAB_CSY_OUTLIER_EXCL	3	PDAC_042	3	0.997142898377323	0.997518610421836	0.0250509668556863	0.133260286719721	0.289326684672101	11.5599245538537	cluster_1=13.823938;cluster_2=12.495887;cluster_3=11.559925	0.997518610421836	0.237439874178841	0.00423792372567204	0.233201950453169	0.991233391480979	11.7797543628819	13.8729264019529	STABLE_BASAL
YX15106T	Basal	STAB_CSY_OUTLIER_EXCL	3	PDAC_043	3	0.999806501547988	1	0	0.462474734191452	0.289027317030158	7.55338832039759	cluster_1=13.685272;cluster_2=12.106689;cluster_3=7.553388	1	1.87361213188995	-0.53929344676927	2.41290557865922	0.991233391480979	7.66739590255098	13.7075915840007	STABLE_BASAL
YX15106T	Basal	STAB_CSY_PRIMARY	3	PDAC_043	3	0.999285130718954	1	0	0.468065527732116	0.268682339103095	7.66739590255098	cluster_1=13.707592;cluster_2=12.374571;cluster_3=7.667396	1	1.87361213188995	-0.53929344676927	2.41290557865922	0.991233391480979	7.66739590255098	13.7075915840007	STABLE_BASAL
YX15106T	Basal	STAB_CSY_FEAT_RESAMP	3	PDAC_043	3	0.989292126309457	1	0	0.468065527732116	0.274758458866081	7.66739590255098	cluster_1=13.707592;cluster_2=12.374571;cluster_3=7.667396	1	1.87361213188995	-0.53929344676927	2.41290557865922	0.991233391480979	7.66739590255098	13.7075915840007	STABLE_BASAL
YX15106T	Basal	STAB_UNSUP_HVG	3	PDAC_043	3	0.931314071189168	0.994865211810013	0.0464414081448015	0.270213615648716	0.220582336771529	24.3038326763349	cluster_1=39.536058;cluster_2=54.134108;cluster_3=24.303833	0.994865211810013	1.87361213188995	-0.53929344676927	2.41290557865922	0.991233391480979	7.66739590255098	13.7075915840007	STABLE_BASAL
YX15106T	Basal	STAB_CSY_IMPUTED	3	PDAC_043	3	0.9992489607028	1	0	0.468065527732116	0.269404066110072	7.66739590255098	cluster_1=13.707592;cluster_2=12.374571;cluster_3=7.667396	1	1.87361213188995	-0.53929344676927	2.41290557865922	0.991233391480979	7.66739590255098	13.7075915840007	STABLE_BASAL
YX15106T	Basal	STAB_HVG_OUTLIER_EXCL	3	PDAC_043	3	0.921334337861711	1	0	0.267705781871399	0.213994262350427	24.6284385069951	cluster_1=40.666960;cluster_2=55.047928;cluster_3=24.628439	1	1.87361213188995	-0.53929344676927	2.41290557865922	0.991233391480979	7.66739590255098	13.7075915840007	STABLE_BASAL
YX15106T	Basal	STAB_CSY_LOG2	3	PDAC_043	3	0.932235142659123	1	0	0.49168127452149	0.311977004039583	8.83887245114245	cluster_1=14.865169;cluster_2=15.964668;cluster_3=8.838872	1	1.87361213188995	-0.53929344676927	2.41290557865922	0.991233391480979	7.66739590255098	13.7075915840007	STABLE_BASAL
YX15106T	Basal	STAB_HVG_VAR_FILTER	3	PDAC_043	3	0.918077650495029	0.99873417721519	0.0140094815193782	0.292696756671243	0.210957831450273	15.8009139566374	cluster_1=27.500167;cluster_2=40.240481;cluster_3=15.800914	0.99873417721519	1.87361213188995	-0.53929344676927	2.41290557865922	0.991233391480979	7.66739590255098	13.7075915840007	STABLE_BASAL
YX15166T	Basal	STAB_UNSUP_HVG	3	PDAC_044	3	0.931476753183644	0.994791666666667	0.0469994478314271	0.224618920759834	0.220826282606027	24.5459343627247	cluster_1=36.183387;cluster_2=49.928870;cluster_3=24.545934	0.994791666666667	0.237052924459599	-0.531272171049109	0.768325095508708	0.90229598889153	5.71031393950507	9.68091949602504	STABLE_BASAL
YX15166T	Basal	STAB_CSY_FEAT_RESAMP	3	PDAC_044	3	0.989646275180177	1	0	0.4458999211515	0.27540717565982	5.71031393950507	cluster_1=9.680919;cluster_2=7.423297;cluster_3=5.710314	1	0.237052924459599	-0.531272171049109	0.768325095508708	0.90229598889153	5.71031393950507	9.68091949602504	STABLE_BASAL
YX15166T	Basal	STAB_CSY_LOG2	3	PDAC_044	3	0.931054710398001	1	0	0.514267025939584	0.311360359591442	6.61191277604365	cluster_1=13.079425;cluster_2=13.593970;cluster_3=6.611913	1	0.237052924459599	-0.531272171049109	0.768325095508708	0.90229598889153	5.71031393950507	9.68091949602504	STABLE_BASAL
YX15166T	Basal	STAB_CSY_IMPUTED	3	PDAC_044	3	0.999222696420606	1	0	0.4458999211515	0.269299992364205	5.71031393950507	cluster_1=9.680919;cluster_2=7.423297;cluster_3=5.710314	1	0.237052924459599	-0.531272171049109	0.768325095508708	0.90229598889153	5.71031393950507	9.68091949602504	STABLE_BASAL
YX15166T	Basal	STAB_CSY_PRIMARY	3	PDAC_044	3	0.9991961414791	1	0	0.4458999211515	0.268819023641211	5.71031393950507	cluster_1=9.680919;cluster_2=7.423297;cluster_3=5.710314	1	0.237052924459599	-0.531272171049109	0.768325095508708	0.90229598889153	5.71031393950507	9.68091949602504	STABLE_BASAL
YX15166T	Basal	STAB_HVG_VAR_FILTER	3	PDAC_044	3	0.920500094836181	1	0	0.256847522731843	0.21336743128576	16.679921238392	cluster_1=26.507026;cluster_2=38.491883;cluster_3=16.679921	1	0.237052924459599	-0.531272171049109	0.768325095508708	0.90229598889153	5.71031393950507	9.68091949602504	STABLE_BASAL
YX15166T	Basal	STAB_CSY_OUTLIER_EXCL	3	PDAC_044	3	0.999804992199688	1	0	0.440804606277831	0.289660837664442	5.62026479070308	cluster_1=9.761308;cluster_2=7.493307;cluster_3=5.620265	1	0.237052924459599	-0.531272171049109	0.768325095508708	0.90229598889153	5.71031393950507	9.68091949602504	STABLE_BASAL
YX15166T	Basal	STAB_HVG_OUTLIER_EXCL	3	PDAC_044	3	0.924615716577051	1	0	0.215092195400374	0.215480201484667	24.9874170803194	cluster_1=37.004374;cluster_2=50.113927;cluster_3=24.987417	1	0.237052924459599	-0.531272171049109	0.768325095508708	0.90229598889153	5.71031393950507	9.68091949602504	STABLE_BASAL
YX15187T	Basal	STAB_HVG_VAR_FILTER	3	PDAC_045	3	0.916388994198657	1	0	0.318490543160271	0.211258331092187	13.7969976935328	cluster_1=26.561640;cluster_2=39.819591;cluster_3=13.796998	1	0.880098205515282	-0.142440478493235	1.02253868400852	0.991233391480979	9.27443458183685	14.6666515515041	STABLE_BASAL
YX15187T	Basal	STAB_CSY_PRIMARY	3	PDAC_045	3	0.9992	1	0	0.433518614438071	0.268567999623769	9.27443458183685	cluster_1=14.666652;cluster_2=13.633535;cluster_3=9.274435	1	0.880098205515282	-0.142440478493235	1.02253868400852	0.991233391480979	9.27443458183685	14.6666515515041	STABLE_BASAL
YX15187T	Basal	STAB_HVG_OUTLIER_EXCL	3	PDAC_045	3	0.923452466860107	1	0	0.284826415428816	0.214494408060502	21.6052551366566	cluster_1=38.517151;cluster_2=52.709910;cluster_3=21.605255	1	0.880098205515282	-0.142440478493235	1.02253868400852	0.991233391480979	9.27443458183685	14.6666515515041	STABLE_BASAL
YX15187T	Basal	STAB_UNSUP_HVG	3	PDAC_045	3	0.933568215643684	0.994949494949495	0.045800011832609	0.301244117187952	0.219087630004317	20.8119172275524	cluster_1=37.867409;cluster_2=52.483507;cluster_3=20.811917	0.994949494949495	0.880098205515282	-0.142440478493235	1.02253868400852	0.991233391480979	9.27443458183685	14.6666515515041	STABLE_BASAL
YX15187T	Basal	STAB_CSY_FEAT_RESAMP	3	PDAC_045	3	0.988874815871066	1	0	0.433518614438071	0.274714365987303	9.27443458183685	cluster_1=14.666652;cluster_2=13.633535;cluster_3=9.274435	1	0.880098205515282	-0.142440478493235	1.02253868400852	0.991233391480979	9.27443458183685	14.6666515515041	STABLE_BASAL
YX15187T	Basal	STAB_CSY_OUTLIER_EXCL	3	PDAC_045	3	0.999794745484401	1	0	0.437414363948499	0.288745905369967	9.05168524683845	cluster_1=14.470029;cluster_2=13.394734;cluster_3=9.051685	1	0.880098205515282	-0.142440478493235	1.02253868400852	0.991233391480979	9.27443458183685	14.6666515515041	STABLE_BASAL
YX15187T	Basal	STAB_CSY_IMPUTED	3	PDAC_045	3	0.999315129268403	1	0	0.433518614438071	0.269717353203137	9.27443458183685	cluster_1=14.666652;cluster_2=13.633535;cluster_3=9.274435	1	0.880098205515282	-0.142440478493235	1.02253868400852	0.991233391480979	9.27443458183685	14.6666515515041	STABLE_BASAL
YX15187T	Basal	STAB_CSY_LOG2	3	PDAC_045	3	0.930347739433259	1	0	0.517457756721238	0.311030217648461	7.64350744449134	cluster_1=13.540262;cluster_2=14.623817;cluster_3=7.643507	1	0.880098205515282	-0.142440478493235	1.02253868400852	0.991233391480979	9.27443458183685	14.6666515515041	STABLE_BASAL
YX15211T	Hybrid	STAB_CSY_FEAT_RESAMP	3	PDAC_046	2	0.876009748969479	0.978776529338327	0.159346476453091	0.186969692555308	0.37112769742509	3.79094049532137	cluster_1=6.889874;cluster_2=3.790940;cluster_3=7.768230	0.978776529338327	-0.323675432503466	-0.460617923035701	0.136942490532234	0.421407044320478	7.7682300240266	6.88987419049111	STABLE_HYBRID
YX15211T	Hybrid	STAB_CSY_PRIMARY	3	PDAC_046	2	0.940447540111314	0.992471769134254	0.0639201327830623	0.186969692555308	0.379125955115115	3.79094049532137	cluster_1=6.889874;cluster_2=3.790940;cluster_3=7.768230	0.992471769134254	-0.323675432503466	-0.460617923035701	0.136942490532234	0.421407044320478	7.7682300240266	6.88987419049111	STABLE_HYBRID
YX15211T	Hybrid	STAB_HVG_OUTLIER_EXCL	3	PDAC_046	2	0.503998358962804	0.410604192355117	1.00919911190458	0.104632312911315	0.424839132929028	24.1212765939923	cluster_1=26.570447;cluster_2=24.121277;cluster_3=36.717697	0.585696670776819	-0.323675432503466	-0.460617923035701	0.136942490532234	0.421407044320478	7.7682300240266	6.88987419049111	INTERMEDIATE_STATE
YX15211T	Hybrid	STAB_CSY_OUTLIER_EXCL	3	PDAC_046	2	0.917231692372232	0.996188055908513	0.0361189293340598	0.225124175889599	0.352114324573309	3.8322011199957	cluster_1=7.093177;cluster_2=3.832201;cluster_3=7.637569	0.996188055908513	-0.323675432503466	-0.460617923035701	0.136942490532234	0.421407044320478	7.7682300240266	6.88987419049111	STABLE_HYBRID
YX15211T	Hybrid	STAB_CSY_IMPUTED	3	PDAC_046	2	0.939406842688133	0.998754669987547	0.013812020584754	0.186969692555308	0.376482118241163	3.79094049532137	cluster_1=6.889874;cluster_2=3.790940;cluster_3=7.768230	0.998754669987547	-0.323675432503466	-0.460617923035701	0.136942490532234	0.421407044320478	7.7682300240266	6.88987419049111	STABLE_HYBRID
YX15211T	Hybrid	STAB_HVG_VAR_FILTER	3	PDAC_046	1	0.724283581939195	0.725247524752475	0.964026667608904	-0.0289408847605848	0.430307311465017	16.6127092331313	cluster_1=16.612709;cluster_2=20.293772;cluster_3=25.739041	0.725247524752475	-0.323675432503466	-0.460617923035701	0.136942490532234	0.421407044320478	7.7682300240266	6.88987419049111	INTERMEDIATE_STATE
YX15211T	Hybrid	STAB_UNSUP_HVG	3	PDAC_046	2	0.517295628621384	0.385572139303483	1.09463662096637	0.100369849572347	0.442714770222858	24.8953271854288	cluster_1=26.492434;cluster_2=24.895327;cluster_3=36.260526	0.593283582089552	-0.323675432503466	-0.460617923035701	0.136942490532234	0.421407044320478	7.7682300240266	6.88987419049111	INTERMEDIATE_STATE
YX15211T	Hybrid	STAB_CSY_LOG2	3	PDAC_046	3	0.801899020281147	0.855900621118012	0.626057506835882	0.10123553562149	0.288932873861123	7.40610892540208	cluster_1=7.667076;cluster_2=7.722687;cluster_3=7.406109	0.855900621118012	-0.323675432503466	-0.460617923035701	0.136942490532234	0.421407044320478	7.7682300240266	6.88987419049111	INTERMEDIATE_STATE
YX15214T	Basal	STAB_CSY_PRIMARY	3	PDAC_047	3	0.999297752808989	1	0	0.375557711991067	0.269275605303931	18.8339963345424	cluster_1=24.293803;cluster_2=23.634377;cluster_3=18.833996	1	2.52777091445774	-0.339950068338618	2.86772098279636	0.991233391480979	18.8339963345424	24.2938030806533	STABLE_BASAL
YX15214T	Basal	STAB_HVG_OUTLIER_EXCL	3	PDAC_047	3	0.925889895531842	0.99873257287706	0.0140249200113997	0.236402836924797	0.215983686470923	23.7541156935189	cluster_1=37.201217;cluster_2=49.902370;cluster_3=23.754116	0.99873257287706	2.52777091445774	-0.339950068338618	2.86772098279636	0.991233391480979	18.8339963345424	24.2938030806533	STABLE_BASAL
YX15214T	Basal	STAB_CSY_FEAT_RESAMP	3	PDAC_047	3	0.988821726331515	1	0	0.375557711991067	0.274586555615043	18.8339963345424	cluster_1=24.293803;cluster_2=23.634377;cluster_3=18.833996	1	2.52777091445774	-0.339950068338618	2.86772098279636	0.991233391480979	18.8339963345424	24.2938030806533	STABLE_BASAL
YX15214T	Basal	STAB_CSY_LOG2	3	PDAC_047	3	0.930913130245324	1	0	0.541046340460567	0.311690098827069	9.18800628178565	cluster_1=15.696469;cluster_2=16.273053;cluster_3=9.188006	1	2.52777091445774	-0.339950068338618	2.86772098279636	0.991233391480979	18.8339963345424	24.2938030806533	STABLE_BASAL
YX15214T	Basal	STAB_CSY_OUTLIER_EXCL	3	PDAC_047	3	0.999801271860095	1	0	0.379150717392759	0.28920156629465	18.2934832013152	cluster_1=23.705905;cluster_2=23.018280;cluster_3=18.293483	1	2.52777091445774	-0.339950068338618	2.86772098279636	0.991233391480979	18.8339963345424	24.2938030806533	STABLE_BASAL
YX15214T	Basal	STAB_CSY_IMPUTED	3	PDAC_047	3	0.999209171244402	1	0	0.375557711991067	0.269231550968143	18.8339963345424	cluster_1=24.293803;cluster_2=23.634377;cluster_3=18.833996	1	2.52777091445774	-0.339950068338618	2.86772098279636	0.991233391480979	18.8339963345424	24.2938030806533	STABLE_BASAL
YX15214T	Basal	STAB_HVG_VAR_FILTER	3	PDAC_047	3	0.920120349818331	0.998709677419355	0.0142449243476986	0.235489238073928	0.213298896231272	16.9085633722741	cluster_1=25.708767;cluster_2=37.633968;cluster_3=16.908563	0.998709677419355	2.52777091445774	-0.339950068338618	2.86772098279636	0.991233391480979	18.8339963345424	24.2938030806533	STABLE_BASAL
YX15214T	Basal	STAB_UNSUP_HVG	3	PDAC_047	3	0.936091420721973	0.992227979274611	0.0656313627099923	0.249362625423083	0.220984395781797	23.4298913383958	cluster_1=36.889020;cluster_2=49.740615;cluster_3=23.429891	0.992227979274611	2.52777091445774	-0.339950068338618	2.86772098279636	0.991233391480979	18.8339963345424	24.2938030806533	STABLE_BASAL
YX15261T	Classical	STAB_CSY_PRIMARY	3	PDAC_001	1	0.878348935148471	0.975949367088608	0.163616136431656	0.200065337867022	0.328714868514471	6.30776653223706	cluster_1=6.307767;cluster_2=6.841382;cluster_3=10.063460	0.975949367088608	-0.170994527935306	-0.0480050977478626	-0.122989430187444	0.0615719372019375	10.0634600985056	6.30776653223706	STABLE_CLASSICAL
YX15261T	Classical	STAB_CSY_IMPUTED	3	PDAC_001	1	0.876964404263102	0.97747183979975	0.155409334336178	0.200065337867022	0.32776782320048	6.30776653223706	cluster_1=6.307767;cluster_2=6.841382;cluster_3=10.063460	0.97747183979975	-0.170994527935306	-0.0480050977478626	-0.122989430187444	0.0615719372019375	10.0634600985056	6.30776653223706	STABLE_CLASSICAL
YX15261T	Classical	STAB_HVG_OUTLIER_EXCL	3	PDAC_001	1	0.977658137256446	1	0	0.0658706658828884	0.415987312432873	27.4719094214289	cluster_1=27.471909;cluster_2=42.476306;cluster_3=35.103762	1	-0.170994527935306	-0.0480050977478626	-0.122989430187444	0.0615719372019375	10.0634600985056	6.30776653223706	STABLE_CLASSICAL
YX15261T	Classical	STAB_UNSUP_HVG	3	PDAC_001	1	0.945361941719464	0.947696139476961	0.296104130863633	0.0552496909637413	0.421377157653555	26.4266441014513	cluster_1=26.426644;cluster_2=41.924036;cluster_3=34.295606	0.947696139476961	-0.170994527935306	-0.0480050977478626	-0.122989430187444	0.0615719372019375	10.0634600985056	6.30776653223706	TO_VERIFY
YX15261T	Classical	STAB_CSY_OUTLIER_EXCL	3	PDAC_001	1	0.934462845214335	0.969270166453265	0.198038835534416	0.231511251389552	0.327529627849394	6.01524806094875	cluster_1=6.015248;cluster_2=6.788042;cluster_3=9.881059	0.969270166453265	-0.170994527935306	-0.0480050977478626	-0.122989430187444	0.0615719372019375	10.0634600985056	6.30776653223706	STABLE_CLASSICAL
YX15261T	Classical	STAB_CSY_LOG2	3	PDAC_001	1	0.625703860637936	0.317541613316261	0.901687991398592	0.157155356876702	0.451730137390748	8.4602807483469	cluster_1=8.460281;cluster_2=9.860929;cluster_3=12.998328	0.682458386683739	-0.170994527935306	-0.0480050977478626	-0.122989430187444	0.0615719372019375	10.0634600985056	6.30776653223706	HETEROGENEOUS_OR_UNSTABLE
YX15261T	Classical	STAB_HVG_VAR_FILTER	3	PDAC_001	1	0.913672392772551	0.99622641509434	0.0358106343161023	0.0769087404303496	0.430741670921241	19.1766498658839	cluster_1=19.176650;cluster_2=30.186345;cluster_3=25.189452	0.99622641509434	-0.170994527935306	-0.0480050977478626	-0.122989430187444	0.0615719372019375	10.0634600985056	6.30776653223706	STABLE_CLASSICAL
YX15261T	Classical	STAB_CSY_FEAT_RESAMP	3	PDAC_001	1	0.837368201022089	0.960609911054638	0.239488747574673	0.200065337867022	0.333652190348801	6.30776653223706	cluster_1=6.307767;cluster_2=6.841382;cluster_3=10.063460	0.960609911054638	-0.170994527935306	-0.0480050977478626	-0.122989430187444	0.0615719372019375	10.0634600985056	6.30776653223706	TO_VERIFY
YX15263T	Classical	STAB_UNSUP_HVG	3	PDAC_002	1	0.946862658835968	0.953667953667954	0.300723395214396	0.0762259278610519	0.420657140603126	25.6196075876008	cluster_1=25.619608;cluster_2=34.778094;cluster_3=39.130309	0.953667953667954	-0.257193183075606	1.33980806870708	-1.59700125178268	0.00177886377378597	18.8396519425347	12.638649390902	TO_VERIFY
YX15263T	Classical	STAB_HVG_OUTLIER_EXCL	3	PDAC_002	1	0.978818048599798	0.991217063989962	0.072612237107999	0.080917345302655	0.416293877500222	25.0330982579144	cluster_1=25.033098;cluster_2=34.199253;cluster_3=39.567041	0.991217063989962	-0.257193183075606	1.33980806870708	-1.59700125178268	0.00177886377378597	18.8396519425347	12.638649390902	STABLE_CLASSICAL
YX15263T	Classical	STAB_HVG_VAR_FILTER	3	PDAC_002	1	0.907234000665049	0.99746192893401	0.0255403920765987	0.137242579861804	0.427479415848986	17.4063351138308	cluster_1=17.406335;cluster_2=26.760233;cluster_3=27.896127	0.99746192893401	-0.257193183075606	1.33980806870708	-1.59700125178268	0.00177886377378597	18.8396519425347	12.638649390902	STABLE_CLASSICAL
YX15263T	Classical	STAB_CSY_FEAT_RESAMP	3	PDAC_002	1	0.857470506849194	0.998762376237624	0.0137376403444077	0.361787628595484	0.328369320488193	12.638649390902	cluster_1=12.638649;cluster_2=16.809943;cluster_3=18.839652	0.998762376237624	-0.257193183075606	1.33980806870708	-1.59700125178268	0.00177886377378597	18.8396519425347	12.638649390902	STABLE_CLASSICAL
YX15263T	Classical	STAB_CSY_OUTLIER_EXCL	3	PDAC_002	1	0.955719362072656	1	0	0.39360239964127	0.324302632548881	11.9580110585233	cluster_1=11.958011;cluster_2=16.358910;cluster_3=18.530411	1	-0.257193183075606	1.33980806870708	-1.59700125178268	0.00177886377378597	18.8396519425347	12.638649390902	STABLE_CLASSICAL
YX15263T	Classical	STAB_CSY_PRIMARY	3	PDAC_002	1	0.892916708815785	1	0	0.361787628595484	0.324406719655893	12.638649390902	cluster_1=12.638649;cluster_2=16.809943;cluster_3=18.839652	1	-0.257193183075606	1.33980806870708	-1.59700125178268	0.00177886377378597	18.8396519425347	12.638649390902	STABLE_CLASSICAL
YX15263T	Classical	STAB_CSY_IMPUTED	3	PDAC_002	1	0.892347211857185	1	0	0.361787628595484	0.324813059226151	12.638649390902	cluster_1=12.638649;cluster_2=16.809943;cluster_3=18.839652	1	-0.257193183075606	1.33980806870708	-1.59700125178268	0.00177886377378597	18.8396519425347	12.638649390902	STABLE_CLASSICAL
YX15263T	Classical	STAB_CSY_LOG2	3	PDAC_002	2	0.976201905492058	0.984867591424968	0.11315921901099	0.261017322969895	0.541569729351251	8.19623683656045	cluster_1=10.781344;cluster_2=8.196237;cluster_3=14.837798	0.984867591424968	-0.257193183075606	1.33980806870708	-1.59700125178268	0.00177886377378597	18.8396519425347	12.638649390902	STABLE_CLASSICAL
YX15271T	Hybrid	STAB_HVG_OUTLIER_EXCL	3	PDAC_003	2	0.859179658080143	1	0	0.341097960600146	0.336987642462197	20.4797096396707	cluster_1=38.773061;cluster_2=20.479710;cluster_3=54.283330	1	-0.487689698502859	-0.472665514076234	-0.0150241844266247	0.0376878905086059	8.60448837164537	7.16111113507737	STABLE_HYBRID
YX15271T	Hybrid	STAB_CSY_OUTLIER_EXCL	3	PDAC_003	2	0.926198040536954	0.996143958868895	0.0364726494496837	0.334954871857973	0.356343725196166	3.79582225538934	cluster_1=7.524956;cluster_2=3.795822;cluster_3=8.533072	0.996143958868895	-0.487689698502859	-0.472665514076234	-0.0150241844266247	0.0376878905086059	8.60448837164537	7.16111113507737	STABLE_HYBRID
YX15271T	Hybrid	STAB_CSY_PRIMARY	3	PDAC_003	2	0.941274800984725	0.996259351620948	0.0355454711536524	0.328657194206779	0.378857143862813	3.39730478694618	cluster_1=7.161111;cluster_2=3.397305;cluster_3=8.604488	0.996259351620948	-0.487689698502859	-0.472665514076234	-0.0150241844266247	0.0376878905086059	8.60448837164537	7.16111113507737	STABLE_HYBRID
YX15271T	Hybrid	STAB_UNSUP_HVG	3	PDAC_003	2	0.81666749108979	1	0	0.353909057932841	0.340929773728934	19.8707389607808	cluster_1=38.463501;cluster_2=19.870739;cluster_3=53.881350	1	-0.487689698502859	-0.472665514076234	-0.0150241844266247	0.0376878905086059	8.60448837164537	7.16111113507737	STABLE_HYBRID
YX15271T	Hybrid	STAB_HVG_VAR_FILTER	3	PDAC_003	2	0.97054923243326	1	0	0.393622426175553	0.323394745318353	12.6191560363348	cluster_1=26.792918;cluster_2=12.619156;cluster_3=39.464904	1	-0.487689698502859	-0.472665514076234	-0.0150241844266247	0.0376878905086059	8.60448837164537	7.16111113507737	STABLE_HYBRID
YX15271T	Hybrid	STAB_CSY_IMPUTED	3	PDAC_003	2	0.937183869183202	0.997452229299363	0.0256239604937857	0.328657194206779	0.378118884600373	3.39730478694618	cluster_1=7.161111;cluster_2=3.397305;cluster_3=8.604488	0.997452229299363	-0.487689698502859	-0.472665514076234	-0.0150241844266247	0.0376878905086059	8.60448837164537	7.16111113507737	STABLE_HYBRID
YX15271T	Hybrid	STAB_CSY_LOG2	3	PDAC_003	2	0.965583561545074	0.977186311787072	0.156959733979931	0.1556838678395	0.534963224006056	6.42787119688007	cluster_1=8.833744;cluster_2=6.427871;cluster_3=10.268579	0.977186311787072	-0.487689698502859	-0.472665514076234	-0.0150241844266247	0.0376878905086059	8.60448837164537	7.16111113507737	STABLE_HYBRID
YX15271T	Hybrid	STAB_CSY_FEAT_RESAMP	3	PDAC_003	2	0.881485609001364	0.974874371859296	0.16932446044948	0.328657194206779	0.376814309600153	3.39730478694618	cluster_1=7.161111;cluster_2=3.397305;cluster_3=8.604488	0.974874371859296	-0.487689698502859	-0.472665514076234	-0.0150241844266247	0.0376878905086059	8.60448837164537	7.16111113507737	STABLE_HYBRID
YX16009T	Hybrid	STAB_HVG_OUTLIER_EXCL	3	PDAC_048	2	0.861570017893345	1	0	0.27746615523805	0.337752167983729	22.6159139126405	cluster_1=36.402550;cluster_2=22.615914;cluster_3=50.711757	1	-0.49203175741704	-0.591207240766296	0.0991754833492565	0.223393325931783	8.33601644267833	8.13733744763317	STABLE_HYBRID
YX16009T	Hybrid	STAB_CSY_PRIMARY	3	PDAC_048	2	0.92169531568148	0.960358056265985	0.248798185924394	0.192371862191847	0.379557162658004	4.4282216090691	cluster_1=8.137337;cluster_2=4.428222;cluster_3=8.336016	0.960358056265985	-0.49203175741704	-0.591207240766296	0.0991754833492565	0.223393325931783	8.33601644267833	8.13733744763317	STABLE_HYBRID
YX16009T	Hybrid	STAB_CSY_OUTLIER_EXCL	3	PDAC_048	2	0.861842677137177	0.908302354399009	0.46455547729379	0.215889775193753	0.35624313888733	4.53005320231369	cluster_1=8.425151;cluster_2=4.530053;cluster_3=8.184910	0.908302354399009	-0.49203175741704	-0.591207240766296	0.0991754833492565	0.223393325931783	8.33601644267833	8.13733744763317	TO_VERIFY
YX16009T	Hybrid	STAB_CSY_FEAT_RESAMP	3	PDAC_048	2	0.816991495265064	0.888610763454318	0.552668398244615	0.192371862191847	0.371978141666232	4.4282216090691	cluster_1=8.137337;cluster_2=4.428222;cluster_3=8.336016	0.888610763454318	-0.49203175741704	-0.591207240766296	0.0991754833492565	0.223393325931783	8.33601644267833	8.13733744763317	HETEROGENEOUS_OR_UNSTABLE
YX16009T	Hybrid	STAB_HVG_VAR_FILTER	3	PDAC_048	2	0.972326979279521	1	0	0.28357011559794	0.324232632773177	15.3956875823005	cluster_1=23.796611;cluster_2=15.395688;cluster_3=35.072490	1	-0.49203175741704	-0.591207240766296	0.0991754833492565	0.223393325931783	8.33601644267833	8.13733744763317	STABLE_HYBRID
YX16009T	Hybrid	STAB_UNSUP_HVG	3	PDAC_048	2	0.818911117178141	1	0	0.277849835623789	0.3419950267177	22.3265644888948	cluster_1=35.420174;cluster_2=22.326564;cluster_3=50.271974	1	-0.49203175741704	-0.591207240766296	0.0991754833492565	0.223393325931783	8.33601644267833	8.13733744763317	STABLE_HYBRID
YX16009T	Hybrid	STAB_CSY_IMPUTED	3	PDAC_048	2	0.91526079568045	0.957198443579767	0.263378190676938	0.192371862191847	0.377393629468156	4.4282216090691	cluster_1=8.137337;cluster_2=4.428222;cluster_3=8.336016	0.957198443579767	-0.49203175741704	-0.591207240766296	0.0991754833492565	0.223393325931783	8.33601644267833	8.13733744763317	STABLE_HYBRID
YX16009T	Hybrid	STAB_CSY_LOG2	3	PDAC_048	3	0.456686991262546	0.426395939086294	1.55498741677661	0.0467905793363817	0.340332237458279	9.00674481212438	cluster_1=9.991978;cluster_2=8.799226;cluster_3=9.006745	0.426395939086294	-0.49203175741704	-0.591207240766296	0.0991754833492565	0.223393325931783	8.33601644267833	8.13733744763317	HETEROGENEOUS_OR_UNSTABLE
YX16011T	Basal	STAB_HVG_OUTLIER_EXCL	3	PDAC_049	3	0.922983370834554	0.998729351969504	0.0140559058438719	0.246746024015489	0.215145986559287	23.3791771993524	cluster_1=37.629879;cluster_2=52.781449;cluster_3=23.379177	0.998729351969504	1.06725154489752	-0.469851469973918	1.53710301487144	0.991233391480979	8.1880046078091	13.2354891253398	STABLE_BASAL
YX16011T	Basal	STAB_CSY_FEAT_RESAMP	3	PDAC_049	3	0.988271520702912	1	0	0.42873164632537	0.273984116263954	8.1880046078091	cluster_1=13.235489;cluster_2=12.037829;cluster_3=8.188005	1	1.06725154489752	-0.469851469973918	1.53710301487144	0.991233391480979	8.1880046078091	13.2354891253398	STABLE_BASAL
YX16011T	Basal	STAB_CSY_PRIMARY	3	PDAC_049	3	0.999499198717949	1	0	0.42873164632537	0.26887583865384	8.1880046078091	cluster_1=13.235489;cluster_2=12.037829;cluster_3=8.188005	1	1.06725154489752	-0.469851469973918	1.53710301487144	0.991233391480979	8.1880046078091	13.2354891253398	STABLE_BASAL
YX16011T	Basal	STAB_UNSUP_HVG	3	PDAC_049	3	0.932891271784615	0.994750656167979	0.0473099684202414	0.260817525708697	0.216301075461416	22.8919009636392	cluster_1=37.194262;cluster_2=52.767671;cluster_3=22.891901	0.994750656167979	1.06725154489752	-0.469851469973918	1.53710301487144	0.991233391480979	8.1880046078091	13.2354891253398	STABLE_BASAL
YX16011T	Basal	STAB_CSY_OUTLIER_EXCL	3	PDAC_049	3	0.999805295950156	1	0	0.425296045373801	0.289389568071489	8.02187829705923	cluster_1=13.090821;cluster_2=11.868436;cluster_3=8.021878	1	1.06725154489752	-0.469851469973918	1.53710301487144	0.991233391480979	8.1880046078091	13.2354891253398	STABLE_BASAL
YX16011T	Basal	STAB_HVG_VAR_FILTER	3	PDAC_049	3	0.922302122133834	0.998760842627014	0.0137524481680633	0.278839249255507	0.212829324520245	15.0748455963418	cluster_1=25.922996;cluster_2=39.274888;cluster_3=15.074846	0.998760842627014	1.06725154489752	-0.469851469973918	1.53710301487144	0.991233391480979	8.1880046078091	13.2354891253398	STABLE_BASAL
YX16011T	Basal	STAB_CSY_LOG2	3	PDAC_049	3	0.930624531523023	1	0	0.497187598338419	0.311847202088706	7.65426258998612	cluster_1=13.877249;cluster_2=14.967537;cluster_3=7.654263	1	1.06725154489752	-0.469851469973918	1.53710301487144	0.991233391480979	8.1880046078091	13.2354891253398	STABLE_BASAL
YX16011T	Basal	STAB_CSY_IMPUTED	3	PDAC_049	3	0.99922359078359	1	0	0.42873164632537	0.269167306225334	8.1880046078091	cluster_1=13.235489;cluster_2=12.037829;cluster_3=8.188005	1	1.06725154489752	-0.469851469973918	1.53710301487144	0.991233391480979	8.1880046078091	13.2354891253398	STABLE_BASAL
YX16036T	Hybrid	STAB_CSY_OUTLIER_EXCL	3	PDAC_004	2	0.909714999209259	0.98375	0.119832791011942	0.212908318379142	0.353555887501819	3.3037351235994	cluster_1=6.400287;cluster_2=3.303735;cluster_3=8.158106	0.98375	-0.301143122499104	-0.372392362229133	0.0712492397300289	0.0252587357400661	8.28031287284831	6.24505063097446	STABLE_HYBRID
YX16036T	Hybrid	STAB_CSY_IMPUTED	3	PDAC_004	2	0.926602579603493	0.986022871664549	0.106133277423342	0.20716168315601	0.375081388820777	3.12750950420235	cluster_1=6.245051;cluster_2=3.127510;cluster_3=8.280313	0.986022871664549	-0.301143122499104	-0.372392362229133	0.0712492397300289	0.0252587357400661	8.28031287284831	6.24505063097446	STABLE_HYBRID
YX16036T	Hybrid	STAB_CSY_PRIMARY	3	PDAC_004	2	0.932097718516499	0.982051282051282	0.129762859053042	0.20716168315601	0.3780217632215	3.12750950420235	cluster_1=6.245051;cluster_2=3.127510;cluster_3=8.280313	0.982051282051282	-0.301143122499104	-0.372392362229133	0.0712492397300289	0.0252587357400661	8.28031287284831	6.24505063097446	STABLE_HYBRID
YX16036T	Hybrid	STAB_HVG_VAR_FILTER	3	PDAC_004	2	0.968684395797432	0.991315136476427	0.0719427442800063	0.284718362788116	0.326691010863516	14.5259287311974	cluster_1=23.019370;cluster_2=14.525929;cluster_3=35.590691	0.991315136476427	-0.301143122499104	-0.372392362229133	0.0712492397300289	0.0252587357400661	8.28031287284831	6.24505063097446	STABLE_HYBRID
YX16036T	Hybrid	STAB_CSY_LOG2	3	PDAC_004	1	0.773832294547069	0.706410256410256	0.931218268869053	0.252420472398602	0.279143367998413	4.88899005030147	cluster_1=4.888990;cluster_2=6.524917;cluster_3=10.223169	0.706410256410256	-0.301143122499104	-0.372392362229133	0.0712492397300289	0.0252587357400661	8.28031287284831	6.24505063097446	HETEROGENEOUS_OR_UNSTABLE
YX16036T	Hybrid	STAB_UNSUP_HVG	3	PDAC_004	2	0.830967998202433	0.973076923076923	0.178718355905133	0.296874584167866	0.355281297264279	19.685359625105	cluster_1=34.124834;cluster_2=19.685360;cluster_3=49.245109	0.973076923076923	-0.301143122499104	-0.372392362229133	0.0712492397300289	0.0252587357400661	8.28031287284831	6.24505063097446	STABLE_HYBRID
YX16036T	Hybrid	STAB_HVG_OUTLIER_EXCL	3	PDAC_004	2	0.854482260626495	0.99384236453202	0.0540742113482236	0.288220563554534	0.336878482043623	19.8782176486658	cluster_1=34.379025;cluster_2=19.878218;cluster_3=50.168652	0.99384236453202	-0.301143122499104	-0.372392362229133	0.0712492397300289	0.0252587357400661	8.28031287284831	6.24505063097446	STABLE_HYBRID
YX16036T	Hybrid	STAB_CSY_FEAT_RESAMP	3	PDAC_004	2	0.860001743718541	0.958015267175573	0.251319261664725	0.20716168315601	0.370506437729896	3.12750950420235	cluster_1=6.245051;cluster_2=3.127510;cluster_3=8.280313	0.958015267175573	-0.301143122499104	-0.372392362229133	0.0712492397300289	0.0252587357400661	8.28031287284831	6.24505063097446	STABLE_HYBRID
YX16041T	Classical	STAB_CSY_PRIMARY	3	PDAC_005	1	0.882516770848147	0.970588235294118	0.191433254814193	0.14529219684889	0.331425148637683	10.3677225334548	cluster_1=10.367723;cluster_2=12.701378;cluster_3=15.307691	0.970588235294118	-0.45282736959576	0.757985267506795	-1.21081263710256	0.00177886377378597	15.3076912739466	10.3677225334548	STABLE_CLASSICAL
YX16041T	Classical	STAB_CSY_LOG2	3	PDAC_005	2	0.977603947909113	1	0	0.343306292776838	0.540962011402837	7.71717517595116	cluster_1=11.385923;cluster_2=7.717175;cluster_3=14.269290	1	-0.45282736959576	0.757985267506795	-1.21081263710256	0.00177886377378597	15.3076912739466	10.3677225334548	STABLE_CLASSICAL
YX16041T	Classical	STAB_CSY_IMPUTED	3	PDAC_005	1	0.871372307840205	0.961538461538462	0.235193381819241	0.14529219684889	0.329664266241934	10.3677225334548	cluster_1=10.367723;cluster_2=12.701378;cluster_3=15.307691	0.961538461538462	-0.45282736959576	0.757985267506795	-1.21081263710256	0.00177886377378597	15.3076912739466	10.3677225334548	TO_VERIFY
YX16041T	Classical	STAB_HVG_OUTLIER_EXCL	3	PDAC_005	2	0.768706678150183	0.771929824561403	0.774631986868684	0.156862937314375	0.389619851220852	28.0932091118896	cluster_1=34.738464;cluster_2=28.093209;cluster_3=50.821391	0.771929824561403	-0.45282736959576	0.757985267506795	-1.21081263710256	0.00177886377378597	15.3076912739466	10.3677225334548	HETEROGENEOUS_OR_UNSTABLE
YX16041T	Classical	STAB_HVG_VAR_FILTER	3	PDAC_005	1	0.723650973563389	0.760981912144703	0.793403577292138	-0.0719008687840107	0.420185192045265	21.1950498697902	cluster_1=21.195050;cluster_2=22.412590;cluster_3=34.827731	0.760981912144703	-0.45282736959576	0.757985267506795	-1.21081263710256	0.00177886377378597	15.3076912739466	10.3677225334548	HETEROGENEOUS_OR_UNSTABLE
YX16041T	Classical	STAB_CSY_FEAT_RESAMP	3	PDAC_005	1	0.798822466070837	0.846540880503145	0.618429479535975	0.14529219684889	0.360819096431301	10.3677225334548	cluster_1=10.367723;cluster_2=12.701378;cluster_3=15.307691	0.846540880503145	-0.45282736959576	0.757985267506795	-1.21081263710256	0.00177886377378597	15.3076912739466	10.3677225334548	HETEROGENEOUS_OR_UNSTABLE
YX16041T	Classical	STAB_CSY_OUTLIER_EXCL	3	PDAC_005	1	0.927581450540988	0.943960149439601	0.311519751280051	0.126949519902005	0.334827422996689	10.234044635828	cluster_1=10.234045;cluster_2=12.213260;cluster_3=15.072630	0.943960149439601	-0.45282736959576	0.757985267506795	-1.21081263710256	0.00177886377378597	15.3076912739466	10.3677225334548	TO_VERIFY
YX16041T	Classical	STAB_UNSUP_HVG	3	PDAC_005	2	0.711336837653413	0.64735516372796	0.936407964107386	0.142661331597136	0.423487634937085	28.3819360016871	cluster_1=33.574895;cluster_2=28.381936;cluster_3=49.185785	0.64735516372796	-0.45282736959576	0.757985267506795	-1.21081263710256	0.00177886377378597	15.3076912739466	10.3677225334548	HETEROGENEOUS_OR_UNSTABLE
YX16057T	Classical	STAB_CSY_LOG2	3	PDAC_006	2	0.888852668997988	0.897984886649874	0.475350997888365	0.00551615983785529	0.510183065767767	6.76334896973244	cluster_1=7.510854;cluster_2=6.763349;cluster_3=11.665127	0.897984886649874	-0.313768868706326	0.142085422035026	-0.455854290741352	0.0235453490603404	9.55690488965858	5.5932010474438	TO_VERIFY
YX16057T	Classical	STAB_CSY_IMPUTED	3	PDAC_006	1	0.639958669087729	0.5925	0.975169091953342	0.0865373308650146	0.38203976624127	5.5932010474438	cluster_1=5.593201;cluster_2=5.336681;cluster_3=9.556905	0.5925	-0.313768868706326	0.142085422035026	-0.455854290741352	0.0235453490603404	9.55690488965858	5.5932010474438	HETEROGENEOUS_OR_UNSTABLE
YX16057T	Classical	STAB_CSY_PRIMARY	3	PDAC_006	1	0.626493656168833	0.582165605095541	0.980431557439793	0.0865373308650146	0.381774977425428	5.5932010474438	cluster_1=5.593201;cluster_2=5.336681;cluster_3=9.556905	0.582165605095541	-0.313768868706326	0.142085422035026	-0.455854290741352	0.0235453490603404	9.55690488965858	5.5932010474438	HETEROGENEOUS_OR_UNSTABLE
YX16057T	Classical	STAB_CSY_OUTLIER_EXCL	3	PDAC_006	1	0.620499242723661	0.610817941952507	0.964269672731772	0.0387697495541393	0.35887002299406	5.85298684718456	cluster_1=5.852987;cluster_2=5.020437;cluster_3=9.385009	0.610817941952507	-0.313768868706326	0.142085422035026	-0.455854290741352	0.0235453490603404	9.55690488965858	5.5932010474438	HETEROGENEOUS_OR_UNSTABLE
YX16057T	Classical	STAB_CSY_FEAT_RESAMP	3	PDAC_006	1	0.640456206125464	0.608158220024722	0.965977834109708	0.0865373308650146	0.385602566371734	5.5932010474438	cluster_1=5.593201;cluster_2=5.336681;cluster_3=9.556905	0.608158220024722	-0.313768868706326	0.142085422035026	-0.455854290741352	0.0235453490603404	9.55690488965858	5.5932010474438	HETEROGENEOUS_OR_UNSTABLE
YX16057T	Classical	STAB_UNSUP_HVG	3	PDAC_006	2	0.82959851172829	0.912101910828025	0.429414723984211	0.20815722224577	0.376938453063255	22.9323932689356	cluster_1=31.489948;cluster_2=22.932393;cluster_3=46.235617	0.912101910828025	-0.313768868706326	0.142085422035026	-0.455854290741352	0.0235453490603404	9.55690488965858	5.5932010474438	TO_VERIFY
YX16057T	Classical	STAB_HVG_OUTLIER_EXCL	3	PDAC_006	2	0.858697028987317	0.987421383647799	0.0974398258756419	0.198346783218149	0.341475004283142	23.0477116995679	cluster_1=31.565004;cluster_2=23.047712;cluster_3=46.554404	0.987421383647799	-0.313768868706326	0.142085422035026	-0.455854290741352	0.0235453490603404	9.55690488965858	5.5932010474438	STABLE_CLASSICAL
YX16057T	Classical	STAB_HVG_VAR_FILTER	3	PDAC_006	2	0.944909138621676	0.95425667090216	0.268032033531449	0.18228240940396	0.336909340460827	17.2989075124568	cluster_1=21.350697;cluster_2=17.298908;cluster_3=33.354887	0.95425667090216	-0.313768868706326	0.142085422035026	-0.455854290741352	0.0235453490603404	9.55690488965858	5.5932010474438	TO_VERIFY
YX16062T	Classical	STAB_CSY_LOG2	3	PDAC_007	2	0.954003798687312	0.955414012738854	0.262937385650956	0.147005860251184	0.538049741477013	8.39763893428512	cluster_1=10.395162;cluster_2=8.397639;cluster_3=14.342136	0.955414012738854	-0.271290602855233	0.16018821097023	-0.431478813825463	0.00794685836260427	15.1535037195017	9.99307033889728	TO_VERIFY
YX16062T	Classical	STAB_CSY_PRIMARY	3	PDAC_007	1	0.889504210321697	1	0	0.268653064049621	0.322684561477867	9.99307033889728	cluster_1=9.993070;cluster_2=12.789938;cluster_3=15.153504	1	-0.271290602855233	0.16018821097023	-0.431478813825463	0.00794685836260427	15.1535037195017	9.99307033889728	STABLE_CLASSICAL
YX16062T	Classical	STAB_HVG_OUTLIER_EXCL	3	PDAC_007	1	0.976488838053095	0.99616368286445	0.0398374001589632	0.0915106140809378	0.41752611743106	25.7947450988783	cluster_1=25.794745;cluster_2=35.931764;cluster_3=38.374409	0.99616368286445	-0.271290602855233	0.16018821097023	-0.431478813825463	0.00794685836260427	15.1535037195017	9.99307033889728	STABLE_CLASSICAL
YX16062T	Classical	STAB_CSY_IMPUTED	3	PDAC_007	1	0.887860173207021	1	0	0.268653064049621	0.322401796173465	9.99307033889728	cluster_1=9.993070;cluster_2=12.789938;cluster_3=15.153504	1	-0.271290602855233	0.16018821097023	-0.431478813825463	0.00794685836260427	15.1535037195017	9.99307033889728	STABLE_CLASSICAL
YX16062T	Classical	STAB_CSY_OUTLIER_EXCL	3	PDAC_007	1	0.956683259193678	0.998692810457516	0.0144066243521553	0.293883647732545	0.323165991962097	9.42618466427648	cluster_1=9.426185;cluster_2=12.466868;cluster_3=14.873121	0.998692810457516	-0.271290602855233	0.16018821097023	-0.431478813825463	0.00794685836260427	15.1535037195017	9.99307033889728	STABLE_CLASSICAL
YX16062T	Classical	STAB_CSY_FEAT_RESAMP	3	PDAC_007	1	0.856505089672645	0.996021220159151	0.037453366139511	0.268653064049621	0.329577581620257	9.99307033889728	cluster_1=9.993070;cluster_2=12.789938;cluster_3=15.153504	0.996021220159151	-0.271290602855233	0.16018821097023	-0.431478813825463	0.00794685836260427	15.1535037195017	9.99307033889728	STABLE_CLASSICAL
YX16062T	Classical	STAB_UNSUP_HVG	3	PDAC_007	1	0.94459448747402	0.94963144963145	0.323826108624065	0.10530377440406	0.423072298835416	25.9817441232231	cluster_1=25.981744;cluster_2=37.394503;cluster_3=38.203754	0.94963144963145	-0.271290602855233	0.16018821097023	-0.431478813825463	0.00794685836260427	15.1535037195017	9.99307033889728	TO_VERIFY
YX16062T	Classical	STAB_HVG_VAR_FILTER	3	PDAC_007	1	0.911607236696056	0.998709677419355	0.0142449243476986	0.115773495413042	0.430711801504435	18.3976938735925	cluster_1=18.397694;cluster_2=29.708677;cluster_3=26.046221	0.998709677419355	-0.271290602855233	0.16018821097023	-0.431478813825463	0.00794685836260427	15.1535037195017	9.99307033889728	STABLE_CLASSICAL
YX16068T	Basal	STAB_CSY_OUTLIER_EXCL	3	PDAC_050	3	0.9998046875	1	0	0.484668175729008	0.289269015480252	5.45473865783833	cluster_1=10.519921;cluster_2=9.250777;cluster_3=5.454739	1	1.31976560711798	-0.243763786198643	1.56352939331662	0.991233391480979	5.54563544212613	10.6472205038948	STABLE_BASAL
YX16068T	Basal	STAB_CSY_IMPUTED	3	PDAC_050	3	0.999503159747521	1	0	0.48497197636307	0.26922316748491	5.54563544212613	cluster_1=10.647221;cluster_2=9.347374;cluster_3=5.545635	1	1.31976560711798	-0.243763786198643	1.56352939331662	0.991233391480979	5.54563544212613	10.6472205038948	STABLE_BASAL
YX16068T	Basal	STAB_CSY_FEAT_RESAMP	3	PDAC_050	3	0.987995788361464	1	0	0.48497197636307	0.273296854621301	5.54563544212613	cluster_1=10.647221;cluster_2=9.347374;cluster_3=5.545635	1	1.31976560711798	-0.243763786198643	1.56352939331662	0.991233391480979	5.54563544212613	10.6472205038948	STABLE_BASAL
YX16068T	Basal	STAB_CSY_PRIMARY	3	PDAC_050	3	0.999395161290323	1	0	0.48497197636307	0.26888722026229	5.54563544212613	cluster_1=10.647221;cluster_2=9.347374;cluster_3=5.545635	1	1.31976560711798	-0.243763786198643	1.56352939331662	0.991233391480979	5.54563544212613	10.6472205038948	STABLE_BASAL
YX16068T	Basal	STAB_HVG_OUTLIER_EXCL	3	PDAC_050	3	0.923517665821817	1	0	0.230814377815836	0.214114842943534	23.5762179869355	cluster_1=36.807894;cluster_2=53.163332;cluster_3=23.576218	1	1.31976560711798	-0.243763786198643	1.56352939331662	0.991233391480979	5.54563544212613	10.6472205038948	STABLE_BASAL
YX16068T	Basal	STAB_CSY_LOG2	3	PDAC_050	3	0.928082762792427	1	0	0.358256873622808	0.31067726447081	8.18387962204021	cluster_1=10.636054;cluster_2=12.719853;cluster_3=8.183880	1	1.31976560711798	-0.243763786198643	1.56352939331662	0.991233391480979	5.54563544212613	10.6472205038948	STABLE_BASAL
YX16068T	Basal	STAB_UNSUP_HVG	3	PDAC_050	3	0.935284824446657	0.993606138107417	0.0558003176817417	0.244247197383661	0.220743121162663	23.5214503435025	cluster_1=36.877320;cluster_2=53.253035;cluster_3=23.521450	0.993606138107417	1.31976560711798	-0.243763786198643	1.56352939331662	0.991233391480979	5.54563544212613	10.6472205038948	STABLE_BASAL
YX16068T	Basal	STAB_HVG_VAR_FILTER	3	PDAC_050	3	0.921509906619058	1	0	0.241884766374942	0.213803473443151	16.8661458440264	cluster_1=26.017597;cluster_2=40.533971;cluster_3=16.866146	1	1.31976560711798	-0.243763786198643	1.56352939331662	0.991233391480979	5.54563544212613	10.6472205038948	STABLE_BASAL
YX16070T	Basal	STAB_HVG_OUTLIER_EXCL	3	PDAC_051	2	0.37496095949917	0.27875	1.21253077583925	0.0864231697665352	0.418566778554169	30.112207230794	cluster_1=32.272449;cluster_2=30.112207;cluster_3=35.904872	0.6425	0.120633294557735	-0.490030466365037	0.610663760922772	0.991233391480979	6.68105125435373	9.63025546690683	HETEROGENEOUS_OR_UNSTABLE
YX16070T	Basal	STAB_CSY_FEAT_RESAMP	3	PDAC_051	3	0.988594976548694	1	0	0.349879550623267	0.274020565361769	6.68105125435373	cluster_1=9.630255;cluster_2=8.169687;cluster_3=6.681051	1	0.120633294557735	-0.490030466365037	0.610663760922772	0.991233391480979	6.68105125435373	9.63025546690683	STABLE_BASAL
YX16070T	Basal	STAB_CSY_PRIMARY	3	PDAC_051	3	0.999478297161937	1	0	0.349879550623267	0.268937809178908	6.68105125435373	cluster_1=9.630255;cluster_2=8.169687;cluster_3=6.681051	1	0.120633294557735	-0.490030466365037	0.610663760922772	0.991233391480979	6.68105125435373	9.63025546690683	STABLE_BASAL
YX16070T	Basal	STAB_CSY_IMPUTED	3	PDAC_051	3	0.999505195918326	1	0	0.349879550623267	0.270018215735023	6.68105125435373	cluster_1=9.630255;cluster_2=8.169687;cluster_3=6.681051	1	0.120633294557735	-0.490030466365037	0.610663760922772	0.991233391480979	6.68105125435373	9.63025546690683	STABLE_BASAL
YX16070T	Basal	STAB_CSY_OUTLIER_EXCL	3	PDAC_051	3	0.99989983974359	1	0	0.347111745234117	0.289132325413762	6.58634523596035	cluster_1=9.588356;cluster_2=8.213087;cluster_3=6.586345	1	0.120633294557735	-0.490030466365037	0.610663760922772	0.991233391480979	6.68105125435373	9.63025546690683	STABLE_BASAL
YX16070T	Basal	STAB_UNSUP_HVG	3	PDAC_051	2	0.383773979413059	0.26027397260274	1.37388710406971	0.0985490804744087	0.424897261558653	29.7503250632698	cluster_1=31.962260;cluster_2=29.750325;cluster_3=35.589052	0.585305105853051	0.120633294557735	-0.490030466365037	0.610663760922772	0.991233391480979	6.68105125435373	9.63025546690683	HETEROGENEOUS_OR_UNSTABLE
YX16070T	Basal	STAB_CSY_LOG2	3	PDAC_051	3	0.929466986737085	1	0	0.374865610384631	0.310774606841802	7.09965734577226	cluster_1=10.759117;cluster_2=11.616802;cluster_3=7.099657	1	0.120633294557735	-0.490030466365037	0.610663760922772	0.991233391480979	6.68105125435373	9.63025546690683	STABLE_BASAL
YX16070T	Basal	STAB_HVG_VAR_FILTER	3	PDAC_051	1	0.681084361460382	0.668387096774194	1.19299703641393	-0.0981658094590145	0.421767967493186	21.9635489489523	cluster_1=21.963549;cluster_2=22.287885;cluster_3=26.456220	0.668387096774194	0.120633294557735	-0.490030466365037	0.610663760922772	0.991233391480979	6.68105125435373	9.63025546690683	HETEROGENEOUS_OR_UNSTABLE
YX16075T	Hybrid	STAB_HVG_OUTLIER_EXCL	3	PDAC_052	2	0.859761504208029	1	0	0.276113955402055	0.337044472186755	24.9310011985446	cluster_1=39.366683;cluster_2=24.931001;cluster_3=53.971361	1	-0.512009680314667	-0.334783506890682	-0.177226173423985	0.0128433826146271	9.59524068672601	7.45635665555241	STABLE_HYBRID
YX16075T	Hybrid	STAB_CSY_OUTLIER_EXCL	3	PDAC_052	2	0.925095475852996	0.991014120667522	0.0739925896594082	0.284410332879386	0.356846038796822	4.65874048486598	cluster_1=7.867197;cluster_2=4.658740;cluster_3=9.477167	0.991014120667522	-0.512009680314667	-0.334783506890682	-0.177226173423985	0.0128433826146271	9.59524068672601	7.45635665555241	STABLE_HYBRID
YX16075T	Hybrid	STAB_CSY_FEAT_RESAMP	3	PDAC_052	2	0.878797852144752	0.970186335403727	0.193456532621615	0.259313262189396	0.377774835778225	4.72954274026281	cluster_1=7.456357;cluster_2=4.729543;cluster_3=9.595241	0.970186335403727	-0.512009680314667	-0.334783506890682	-0.177226173423985	0.0128433826146271	9.59524068672601	7.45635665555241	STABLE_HYBRID
YX16075T	Hybrid	STAB_UNSUP_HVG	3	PDAC_052	2	0.822555162371598	1	0	0.292572269954637	0.343771771442071	24.1030546499539	cluster_1=38.956231;cluster_2=24.103055;cluster_3=53.778091	1	-0.512009680314667	-0.334783506890682	-0.177226173423985	0.0128433826146271	9.59524068672601	7.45635665555241	STABLE_HYBRID
YX16075T	Hybrid	STAB_CSY_IMPUTED	3	PDAC_052	2	0.936399506153096	0.998766954377312	0.0136934196361268	0.259313262189396	0.376134892814326	4.72954274026281	cluster_1=7.456357;cluster_2=4.729543;cluster_3=9.595241	0.998766954377312	-0.512009680314667	-0.334783506890682	-0.177226173423985	0.0128433826146271	9.59524068672601	7.45635665555241	STABLE_HYBRID
YX16075T	Hybrid	STAB_CSY_PRIMARY	3	PDAC_052	2	0.938500989193281	0.997503121098627	0.0251848960173825	0.259313262189396	0.376861755046609	4.72954274026281	cluster_1=7.456357;cluster_2=4.729543;cluster_3=9.595241	0.997503121098627	-0.512009680314667	-0.334783506890682	-0.177226173423985	0.0128433826146271	9.59524068672601	7.45635665555241	STABLE_HYBRID
YX16075T	Hybrid	STAB_HVG_VAR_FILTER	3	PDAC_052	2	0.96905983223242	1	0	0.322094305537529	0.323270305533923	15.6211549028543	cluster_1=26.491835;cluster_2=15.621155;cluster_3=39.345409	1	-0.512009680314667	-0.334783506890682	-0.177226173423985	0.0128433826146271	9.59524068672601	7.45635665555241	STABLE_HYBRID
YX16075T	Hybrid	STAB_CSY_LOG2	3	PDAC_052	2	0.97804020274439	0.99874686716792	0.0138872627255964	0.243299185526941	0.540117274014698	7.07298839143995	cluster_1=10.199432;cluster_2=7.072988;cluster_3=12.566939	0.99874686716792	-0.512009680314667	-0.334783506890682	-0.177226173423985	0.0128433826146271	9.59524068672601	7.45635665555241	STABLE_HYBRID
YX16079T	Basal	STAB_HVG_OUTLIER_EXCL	3	PDAC_053	3	0.928855517432856	0.988721804511278	0.0891524291626971	0.149085614681819	0.220132123997963	26.2638092415031	cluster_1=34.036935;cluster_2=48.951983;cluster_3=26.263809	0.988721804511278	0.144327835389849	0.230936354446904	-0.0866085190570554	0.90229598889153	9.28823480274805	11.9696140477849	STABLE_BASAL
YX16079T	Basal	STAB_CSY_IMPUTED	3	PDAC_053	3	0.999417523429529	1	0	0.31134744438589	0.269698607777906	9.28823480274805	cluster_1=11.969614;cluster_2=11.786467;cluster_3=9.288235	1	0.144327835389849	0.230936354446904	-0.0866085190570554	0.90229598889153	9.28823480274805	11.9696140477849	STABLE_BASAL
YX16079T	Basal	STAB_CSY_FEAT_RESAMP	3	PDAC_053	3	0.988978941185326	1	0	0.31134744438589	0.273693034757755	9.28823480274805	cluster_1=11.969614;cluster_2=11.786467;cluster_3=9.288235	1	0.144327835389849	0.230936354446904	-0.0866085190570554	0.90229598889153	9.28823480274805	11.9696140477849	STABLE_BASAL
YX16079T	Basal	STAB_CSY_PRIMARY	3	PDAC_053	3	0.999384236453202	1	0	0.31134744438589	0.268773343413545	9.28823480274805	cluster_1=11.969614;cluster_2=11.786467;cluster_3=9.288235	1	0.144327835389849	0.230936354446904	-0.0866085190570554	0.90229598889153	9.28823480274805	11.9696140477849	STABLE_BASAL
YX16079T	Basal	STAB_CSY_LOG2	3	PDAC_053	3	0.930753496751527	1	0	0.323474939578484	0.311202108706442	9.70396437154492	cluster_1=12.812929;cluster_2=12.055990;cluster_3=9.703964	1	0.144327835389849	0.230936354446904	-0.0866085190570554	0.90229598889153	9.28823480274805	11.9696140477849	STABLE_BASAL
YX16079T	Basal	STAB_CSY_OUTLIER_EXCL	3	PDAC_053	3	0.999801271860095	1	0	0.304298360930295	0.28956536581657	9.14536487206651	cluster_1=11.795157;cluster_2=11.574836;cluster_3=9.145365	1	0.144327835389849	0.230936354446904	-0.0866085190570554	0.90229598889153	9.28823480274805	11.9696140477849	STABLE_BASAL
YX16079T	Basal	STAB_UNSUP_HVG	3	PDAC_053	3	0.928920427897627	0.966037735849057	0.213888832420445	0.162089778018934	0.233109612046153	25.8994401792805	cluster_1=33.595317;cluster_2=48.756751;cluster_3=25.899440	0.966037735849057	0.144327835389849	0.230936354446904	-0.0866085190570554	0.90229598889153	9.28823480274805	11.9696140477849	TO_VERIFY
YX16079T	Basal	STAB_HVG_VAR_FILTER	3	PDAC_053	3	0.925912564652689	0.998684210526316	0.014488948804186	0.199098166429322	0.212827259364489	17.4523996287915	cluster_1=24.460376;cluster_2=38.827624;cluster_3=17.452400	0.998684210526316	0.144327835389849	0.230936354446904	-0.0866085190570554	0.90229598889153	9.28823480274805	11.9696140477849	STABLE_BASAL
YX16087T	Basal	STAB_CSY_FEAT_RESAMP	3	PDAC_054	3	0.988411060075919	1	0	0.469187786680063	0.274433214878647	9.25096391509606	cluster_1=15.267723;cluster_2=14.005834;cluster_3=9.250964	1	0.883319143215138	-0.419325955821161	1.3026450990363	0.90229598889153	9.25096391509606	15.2677226144835	STABLE_BASAL
YX16087T	Basal	STAB_CSY_OUTLIER_EXCL	3	PDAC_054	3	0.999803149606299	1	0	0.468970318674237	0.289408010797615	9.08439557493717	cluster_1=15.095202;cluster_2=13.817934;cluster_3=9.084396	1	0.883319143215138	-0.419325955821161	1.3026450990363	0.90229598889153	9.25096391509606	15.2677226144835	STABLE_BASAL
YX16087T	Basal	STAB_HVG_OUTLIER_EXCL	3	PDAC_054	3	0.92427012256621	1	0	0.286651619507246	0.21457474302634	21.0514279698106	cluster_1=38.021581;cluster_2=52.242059;cluster_3=21.051428	1	0.883319143215138	-0.419325955821161	1.3026450990363	0.90229598889153	9.25096391509606	15.2677226144835	STABLE_BASAL
YX16087T	Basal	STAB_CSY_IMPUTED	3	PDAC_054	3	0.999219500426674	1	0	0.469187786680063	0.269356904025607	9.25096391509606	cluster_1=15.267723;cluster_2=14.005834;cluster_3=9.250964	1	0.883319143215138	-0.419325955821161	1.3026450990363	0.90229598889153	9.25096391509606	15.2677226144835	STABLE_BASAL
YX16087T	Basal	STAB_CSY_PRIMARY	3	PDAC_054	3	0.99948003327787	1	0	0.469187786680063	0.26899640949826	9.25096391509606	cluster_1=15.267723;cluster_2=14.005834;cluster_3=9.250964	1	0.883319143215138	-0.419325955821161	1.3026450990363	0.90229598889153	9.25096391509606	15.2677226144835	STABLE_BASAL
YX16087T	Basal	STAB_UNSUP_HVG	3	PDAC_054	3	0.931855961460956	0.992462311557789	0.0639867298084044	0.301150108573627	0.218475908093114	20.3818620001548	cluster_1=37.412131;cluster_2=51.940652;cluster_3=20.381862	0.992462311557789	0.883319143215138	-0.419325955821161	1.3026450990363	0.90229598889153	9.25096391509606	15.2677226144835	STABLE_BASAL
YX16087T	Basal	STAB_CSY_LOG2	3	PDAC_054	3	0.930320694862175	1	0	0.536514816571702	0.311325338209705	8.26848148975924	cluster_1=14.970494;cluster_2=15.407640;cluster_3=8.268481	1	0.883319143215138	-0.419325955821161	1.3026450990363	0.90229598889153	9.25096391509606	15.2677226144835	STABLE_BASAL
YX16087T	Basal	STAB_HVG_VAR_FILTER	3	PDAC_054	3	0.91860727389187	1	0	0.292329787775275	0.211670443034734	14.6304908164033	cluster_1=26.033198;cluster_2=39.054741;cluster_3=14.630491	1	0.883319143215138	-0.419325955821161	1.3026450990363	0.90229598889153	9.25096391509606	15.2677226144835	STABLE_BASAL
YX16094T	Basal	STAB_HVG_OUTLIER_EXCL	3	PDAC_055	3	0.532507495780841	0.50062893081761	1.03201871892097	0.104760418417555	0.341977039785676	27.8685420250978	cluster_1=32.888633;cluster_2=40.726875;cluster_3=27.868542	0.50062893081761	1.18357127770509	0.103474490578622	1.08009678712646	0.90229598889153	10.1626680228369	14.0072197998931	HETEROGENEOUS_OR_UNSTABLE
YX16094T	Basal	STAB_CSY_OUTLIER_EXCL	3	PDAC_055	3	0.999902647975078	1	0	0.364846763820143	0.28955062185015	9.94938065981932	cluster_1=13.733835;cluster_2=13.309659;cluster_3=9.949381	1	1.18357127770509	0.103474490578622	1.08009678712646	0.90229598889153	10.1626680228369	14.0072197998931	STABLE_BASAL
YX16094T	Basal	STAB_CSY_FEAT_RESAMP	3	PDAC_055	3	0.988132551263023	1	0	0.363938873335892	0.2747896958549	10.1626680228369	cluster_1=14.007220;cluster_2=13.522475;cluster_3=10.162668	1	1.18357127770509	0.103474490578622	1.08009678712646	0.90229598889153	10.1626680228369	14.0072197998931	STABLE_BASAL
YX16094T	Basal	STAB_CSY_PRIMARY	3	PDAC_055	3	0.999205087440382	1	0	0.363938873335892	0.268840400600869	10.1626680228369	cluster_1=14.007220;cluster_2=13.522475;cluster_3=10.162668	1	1.18357127770509	0.103474490578622	1.08009678712646	0.90229598889153	10.1626680228369	14.0072197998931	STABLE_BASAL
YX16094T	Basal	STAB_CSY_IMPUTED	3	PDAC_055	3	0.9993961352657	1	0	0.363938873335892	0.269581191501294	10.1626680228369	cluster_1=14.007220;cluster_2=13.522475;cluster_3=10.162668	1	1.18357127770509	0.103474490578622	1.08009678712646	0.90229598889153	10.1626680228369	14.0072197998931	STABLE_BASAL
YX16094T	Basal	STAB_UNSUP_HVG	3	PDAC_055	3	0.621440737765278	0.599499374217772	1.0019293347753	0.128330669912958	0.331385784753343	26.8262063338438	cluster_1=32.358950;cluster_2=40.893356;cluster_3=26.826206	0.599499374217772	1.18357127770509	0.103474490578622	1.08009678712646	0.90229598889153	10.1626680228369	14.0072197998931	HETEROGENEOUS_OR_UNSTABLE
YX16094T	Basal	STAB_CSY_LOG2	3	PDAC_055	3	0.930031058449283	1	0	0.499795746561692	0.310942799671274	8.93932549632862	cluster_1=14.478861;cluster_2=14.299410;cluster_3=8.939325	1	1.18357127770509	0.103474490578622	1.08009678712646	0.90229598889153	10.1626680228369	14.0072197998931	STABLE_BASAL
YX16094T	Basal	STAB_HVG_VAR_FILTER	3	PDAC_055	1	0.652003631147313	0.656091370558376	0.974128784595241	-0.116480948527688	0.382961839765651	21.1248935357313	cluster_1=21.124894;cluster_2=30.716215;cluster_3=19.694228	0.656091370558376	1.18357127770509	0.103474490578622	1.08009678712646	0.90229598889153	10.1626680228369	14.0072197998931	HETEROGENEOUS_OR_UNSTABLE
YX16112T	Classical	STAB_CSY_PRIMARY	3	PDAC_008	1	0.638750238791424	0.592269326683292	0.975293500062688	0.0213537276251382	0.383745652425993	11.9606583341652	cluster_1=11.960658;cluster_2=13.115526;cluster_3=15.529173	0.592269326683292	-0.355518582762918	0.639996754496456	-0.995515337259374	0.00315376359527949	15.5291731324941	11.9606583341652	HETEROGENEOUS_OR_UNSTABLE
YX16112T	Classical	STAB_CSY_IMPUTED	3	PDAC_008	1	0.618809598147645	0.566131025957973	0.98734423695989	0.0213537276251382	0.383944361976428	11.9606583341652	cluster_1=11.960658;cluster_2=13.115526;cluster_3=15.529173	0.566131025957973	-0.355518582762918	0.639996754496456	-0.995515337259374	0.00315376359527949	15.5291731324941	11.9606583341652	HETEROGENEOUS_OR_UNSTABLE
YX16112T	Classical	STAB_CSY_FEAT_RESAMP	3	PDAC_008	1	0.568923880330984	0.500611995104039	0.999998919311478	0.0213537276251382	0.392152712567244	11.9606583341652	cluster_1=11.960658;cluster_2=13.115526;cluster_3=15.529173	0.500611995104039	-0.355518582762918	0.639996754496456	-0.995515337259374	0.00315376359527949	15.5291731324941	11.9606583341652	HETEROGENEOUS_OR_UNSTABLE
YX16112T	Classical	STAB_CSY_LOG2	3	PDAC_008	2	0.978562116570487	1	0	0.338120409841919	0.541406340450953	6.85806226463458	cluster_1=10.525607;cluster_2=6.858062;cluster_3=13.545457	1	-0.355518582762918	0.639996754496456	-0.995515337259374	0.00315376359527949	15.5291731324941	11.9606583341652	STABLE_CLASSICAL
YX16112T	Classical	STAB_HVG_VAR_FILTER	3	PDAC_008	1	0.878086768875515	0.950695322376738	0.2919181297668	0.0660075194426491	0.430886016076981	16.6789995171835	cluster_1=16.679000;cluster_2=23.617576;cluster_3=29.241753	0.950695322376738	-0.355518582762918	0.639996754496456	-0.995515337259374	0.00315376359527949	15.5291731324941	11.9606583341652	TO_VERIFY
YX16112T	Classical	STAB_UNSUP_HVG	3	PDAC_008	2	0.578379222346452	0.467349551856594	1.00990698140405	0.0431513977914329	0.43461525009419	28.3523748344388	cluster_1=27.041292;cluster_2=28.352375;cluster_3=43.203218	0.531370038412292	-0.355518582762918	0.639996754496456	-0.995515337259374	0.00315376359527949	15.5291731324941	11.9606583341652	HETEROGENEOUS_OR_UNSTABLE
YX16112T	Classical	STAB_HVG_OUTLIER_EXCL	3	PDAC_008	2	0.583197123960974	0.530012771392082	0.997399374409547	0.0517976671863905	0.407795430040466	27.8075903095281	cluster_1=27.697511;cluster_2=27.807590;cluster_3=43.990626	0.530012771392082	-0.355518582762918	0.639996754496456	-0.995515337259374	0.00315376359527949	15.5291731324941	11.9606583341652	HETEROGENEOUS_OR_UNSTABLE
YX16112T	Classical	STAB_CSY_OUTLIER_EXCL	3	PDAC_008	2	0.68364921786442	0.681874229346486	0.902331646092745	0.0298146767339417	0.370420780990997	12.0312665024688	cluster_1=12.637441;cluster_2=12.031267;cluster_3=15.246917	0.681874229346486	-0.355518582762918	0.639996754496456	-0.995515337259374	0.00315376359527949	15.5291731324941	11.9606583341652	HETEROGENEOUS_OR_UNSTABLE
YX16113T	Hybrid	STAB_CSY_PRIMARY	3	PDAC_009	2	0.870789203316304	0.906565656565657	0.447830492123179	-0.0205336631389877	0.380542098904281	7.0143793199254	cluster_1=8.425189;cluster_2=7.014379;cluster_3=10.657426	0.906565656565657	-0.48863338614562	-0.130337794805941	-0.358295591339679	0.193722695770571	10.657425636888	8.4251894046039	TO_VERIFY
YX16113T	Hybrid	STAB_CSY_IMPUTED	3	PDAC_009	2	0.863527361727628	0.909876543209877	0.43688176554815	-0.0205336631389877	0.375809514853841	7.0143793199254	cluster_1=8.425189;cluster_2=7.014379;cluster_3=10.657426	0.909876543209877	-0.48863338614562	-0.130337794805941	-0.358295591339679	0.193722695770571	10.657425636888	8.4251894046039	TO_VERIFY
YX16113T	Hybrid	STAB_CSY_FEAT_RESAMP	3	PDAC_009	2	0.693032864110551	0.740601503759398	0.825837337942544	-0.0205336631389877	0.371356951589401	7.0143793199254	cluster_1=8.425189;cluster_2=7.014379;cluster_3=10.657426	0.740601503759398	-0.48863338614562	-0.130337794805941	-0.358295591339679	0.193722695770571	10.657425636888	8.4251894046039	HETEROGENEOUS_OR_UNSTABLE
YX16113T	Hybrid	STAB_HVG_VAR_FILTER	3	PDAC_009	1	0.883933346713112	0.94300518134715	0.315398113324179	0.0861031129406988	0.426475881414629	22.1711939557259	cluster_1=22.171194;cluster_2=31.421567;cluster_3=28.462902	0.94300518134715	-0.48863338614562	-0.130337794805941	-0.358295591339679	0.193722695770571	10.657425636888	8.4251894046039	TO_VERIFY
YX16113T	Hybrid	STAB_CSY_LOG2	3	PDAC_009	2	0.943231397165484	0.944792973651192	0.308117155661735	0.106905327831955	0.53107120776575	9.33080542173253	cluster_1=11.324159;cluster_2=9.330805;cluster_3=13.187190	0.944792973651192	-0.48863338614562	-0.130337794805941	-0.358295591339679	0.193722695770571	10.657425636888	8.4251894046039	TO_VERIFY
YX16113T	Hybrid	STAB_CSY_OUTLIER_EXCL	3	PDAC_009	2	0.886616433051902	0.952020202020202	0.277752499731846	0.0110767974230181	0.355717173223329	6.86321175347946	cluster_1=8.515014;cluster_2=6.863212;cluster_3=10.474298	0.952020202020202	-0.48863338614562	-0.130337794805941	-0.358295591339679	0.193722695770571	10.657425636888	8.4251894046039	STABLE_HYBRID
YX16113T	Hybrid	STAB_HVG_OUTLIER_EXCL	3	PDAC_009	1	0.977771382583288	0.994897959183674	0.0461924401296261	0.0617667036751714	0.415931791908588	30.2984467095376	cluster_1=30.298447;cluster_2=38.429629;cluster_3=42.180509	0.994897959183674	-0.48863338614562	-0.130337794805941	-0.358295591339679	0.193722695770571	10.657425636888	8.4251894046039	STABLE_HYBRID
YX16113T	Hybrid	STAB_UNSUP_HVG	3	PDAC_009	1	0.904502491704493	0.949238578680203	0.340017299618896	0.0702060902009811	0.402145927833335	29.22532251974	cluster_1=29.225323;cluster_2=38.441747;cluster_3=41.544777	0.949238578680203	-0.48863338614562	-0.130337794805941	-0.358295591339679	0.193722695770571	10.657425636888	8.4251894046039	TO_VERIFY
YX16119T	Classical	STAB_CSY_PRIMARY	3	PDAC_010	1	0.89201347494127	0.98625	0.104735885492688	0.112449226763534	0.328664858113211	7.36595993140487	cluster_1=7.365960;cluster_2=7.934937;cluster_3=11.125935	0.98625	-0.470574849023206	0.735427672965967	-1.20600252198917	0.001095990682655	11.1259354901067	7.36595993140487	STABLE_CLASSICAL
YX16119T	Classical	STAB_CSY_FEAT_RESAMP	3	PDAC_010	1	0.828979488843008	0.904516129032258	0.454514095648066	0.112449226763534	0.351365569450734	7.36595993140487	cluster_1=7.365960;cluster_2=7.934937;cluster_3=11.125935	0.904516129032258	-0.470574849023206	0.735427672965967	-1.20600252198917	0.001095990682655	11.1259354901067	7.36595993140487	TO_VERIFY
YX16119T	Classical	STAB_HVG_OUTLIER_EXCL	3	PDAC_010	2	0.859231775853163	0.98343949044586	0.121666615617471	0.201061028458249	0.343369533826539	21.6220436532179	cluster_1=30.025079;cluster_2=21.622044;cluster_3=46.821528	0.98343949044586	-0.470574849023206	0.735427672965967	-1.20600252198917	0.001095990682655	11.1259354901067	7.36595993140487	STABLE_CLASSICAL
YX16119T	Classical	STAB_CSY_IMPUTED	3	PDAC_010	1	0.889252503094592	0.987163029525032	0.0990622165321208	0.112449226763534	0.326955606480186	7.36595993140487	cluster_1=7.365960;cluster_2=7.934937;cluster_3=11.125935	0.987163029525032	-0.470574849023206	0.735427672965967	-1.20600252198917	0.001095990682655	11.1259354901067	7.36595993140487	STABLE_CLASSICAL
YX16119T	Classical	STAB_HVG_VAR_FILTER	3	PDAC_010	2	0.847713705489036	0.839657282741738	0.635128813071075	0.164375555971231	0.357868571452724	17.3041873061	cluster_1=20.488849;cluster_2=17.304187;cluster_3=33.644014	0.839657282741738	-0.470574849023206	0.735427672965967	-1.20600252198917	0.001095990682655	11.1259354901067	7.36595993140487	HETEROGENEOUS_OR_UNSTABLE
YX16119T	Classical	STAB_UNSUP_HVG	3	PDAC_010	2	0.786346327293667	0.794117647058823	0.733537929108667	0.192126475394453	0.401086223704006	22.4786349199842	cluster_1=29.682567;cluster_2=22.478635;cluster_3=45.999206	0.794117647058823	-0.470574849023206	0.735427672965967	-1.20600252198917	0.001095990682655	11.1259354901067	7.36595993140487	HETEROGENEOUS_OR_UNSTABLE
YX16119T	Classical	STAB_CSY_LOG2	3	PDAC_010	2	0.979695431635189	1	0	0.299917113767552	0.54221366564542	6.15506757071908	cluster_1=9.711376;cluster_2=6.155068;cluster_3=12.178566	1	-0.470574849023206	0.735427672965967	-1.20600252198917	0.001095990682655	11.1259354901067	7.36595993140487	STABLE_CLASSICAL
YX16119T	Classical	STAB_CSY_OUTLIER_EXCL	3	PDAC_010	1	0.931314147904734	0.95	0.286396957115956	0.11039592653749	0.333497787731627	7.26060418562633	cluster_1=7.260604;cluster_2=7.685536;cluster_3=10.887567	0.95	-0.470574849023206	0.735427672965967	-1.20600252198917	0.001095990682655	11.1259354901067	7.36595993140487	TO_VERIFY
YX16120T	Classical	STAB_CSY_IMPUTED	3	PDAC_011	1	0.890170803893274	1	0	0.270043350910282	0.323548474108559	6.06717275572894	cluster_1=6.067173;cluster_2=7.802442;cluster_3=10.810031	1	-0.153562883312192	0.707554393302686	-0.861117276614878	0.108418317636948	10.8100313027754	6.06717275572894	STABLE_CLASSICAL
YX16120T	Classical	STAB_CSY_PRIMARY	3	PDAC_011	1	0.895699475704088	1	0	0.270043350910282	0.325568604925397	6.06717275572894	cluster_1=6.067173;cluster_2=7.802442;cluster_3=10.810031	1	-0.153562883312192	0.707554393302686	-0.861117276614878	0.108418317636948	10.8100313027754	6.06717275572894	STABLE_CLASSICAL
YX16120T	Classical	STAB_HVG_VAR_FILTER	3	PDAC_011	1	0.907762142377118	0.988679245283019	0.0894269875449938	0.0640546110437415	0.431936845492526	16.7915266317277	cluster_1=16.791527;cluster_2=23.705982;cluster_3=27.267905	0.988679245283019	-0.153562883312192	0.707554393302686	-0.861117276614878	0.108418317636948	10.8100313027754	6.06717275572894	STABLE_CLASSICAL
YX16120T	Classical	STAB_CSY_LOG2	3	PDAC_011	2	0.973417589717517	0.981155778894472	0.134901060966999	0.227625025425066	0.539614891103595	6.77223160133272	cluster_1=9.616800;cluster_2=6.772232;cluster_3=12.210104	0.981155778894472	-0.153562883312192	0.707554393302686	-0.861117276614878	0.108418317636948	10.8100313027754	6.06717275572894	STABLE_CLASSICAL
YX16120T	Classical	STAB_CSY_FEAT_RESAMP	3	PDAC_011	1	0.856393536685751	0.997471554993679	0.0254574045478629	0.270043350910282	0.329173284449214	6.06717275572894	cluster_1=6.067173;cluster_2=7.802442;cluster_3=10.810031	0.997471554993679	-0.153562883312192	0.707554393302686	-0.861117276614878	0.108418317636948	10.8100313027754	6.06717275572894	STABLE_CLASSICAL
YX16120T	Classical	STAB_UNSUP_HVG	3	PDAC_011	1	0.948746310135468	0.957816377171216	0.252215967270561	0.0401578172479359	0.420593632719986	24.3812294235082	cluster_1=24.381229;cluster_2=32.202790;cluster_3=37.071420	0.957816377171216	-0.153562883312192	0.707554393302686	-0.861117276614878	0.108418317636948	10.8100313027754	6.06717275572894	TO_VERIFY
YX16120T	Classical	STAB_HVG_OUTLIER_EXCL	3	PDAC_011	1	0.979806358776992	1	0	0.0469557386162624	0.414478210796909	24.1258633772971	cluster_1=24.125863;cluster_2=31.890985;cluster_3=37.712083	1	-0.153562883312192	0.707554393302686	-0.861117276614878	0.108418317636948	10.8100313027754	6.06717275572894	STABLE_CLASSICAL
YX16120T	Classical	STAB_CSY_OUTLIER_EXCL	3	PDAC_011	1	0.955795111264305	0.998738965952081	0.0139633821818463	0.263125392958396	0.325203058668847	6.08734897205776	cluster_1=6.087349;cluster_2=7.652594;cluster_3=10.706319	0.998738965952081	-0.153562883312192	0.707554393302686	-0.861117276614878	0.108418317636948	10.8100313027754	6.06717275572894	STABLE_CLASSICAL
YX16127T	Classical	STAB_CSY_PRIMARY	3	PDAC_012	1	0.889125096990555	1	0	0.271778527644461	0.323250838319083	5.9965682211032	cluster_1=5.996568;cluster_2=7.967187;cluster_3=11.046551	1	-0.173302118179429	0.589610706441911	-0.76291282462134	0.14160778056506	11.0465512205204	5.9965682211032	STABLE_CLASSICAL
YX16127T	Classical	STAB_CSY_IMPUTED	3	PDAC_012	1	0.88372120617575	1	0	0.271778527644461	0.321019056678279	5.9965682211032	cluster_1=5.996568;cluster_2=7.967187;cluster_3=11.046551	1	-0.173302118179429	0.589610706441911	-0.76291282462134	0.14160778056506	11.0465512205204	5.9965682211032	STABLE_CLASSICAL
YX16127T	Classical	STAB_CSY_FEAT_RESAMP	3	PDAC_012	1	0.854911022492123	0.998738965952081	0.0139633821818463	0.271778527644461	0.326814531974763	5.9965682211032	cluster_1=5.996568;cluster_2=7.967187;cluster_3=11.046551	0.998738965952081	-0.173302118179429	0.589610706441911	-0.76291282462134	0.14160778056506	11.0465512205204	5.9965682211032	STABLE_CLASSICAL
YX16127T	Classical	STAB_HVG_OUTLIER_EXCL	3	PDAC_012	1	0.976974194279233	1	0	0.0326066894390623	0.412585622142608	26.2073839041619	cluster_1=26.207384;cluster_2=41.876104;cluster_3=31.923789	1	-0.173302118179429	0.589610706441911	-0.76291282462134	0.14160778056506	11.0465512205204	5.9965682211032	STABLE_CLASSICAL
YX16127T	Classical	STAB_CSY_LOG2	3	PDAC_012	2	0.924371298423117	0.923566878980892	0.389484646593414	-0.0785033001871209	0.527578942166785	8.41291349484043	cluster_1=8.452879;cluster_2=8.412913;cluster_3=13.159980	0.923566878980892	-0.173302118179429	0.589610706441911	-0.76291282462134	0.14160778056506	11.0465512205204	5.9965682211032	TO_VERIFY
YX16127T	Classical	STAB_HVG_VAR_FILTER	3	PDAC_012	1	0.911727123261837	0.998754669987547	0.013812020584754	0.0112269662622962	0.429390797030524	17.9328909278217	cluster_1=17.932891;cluster_2=31.454222;cluster_3=21.445777	0.998754669987547	-0.173302118179429	0.589610706441911	-0.76291282462134	0.14160778056506	11.0465512205204	5.9965682211032	STABLE_CLASSICAL
YX16127T	Classical	STAB_UNSUP_HVG	3	PDAC_012	1	0.944032116553904	0.949367088607595	0.289079459731646	0.000273439193355829	0.41892125137048	26.4211341160205	cluster_1=26.421134;cluster_2=42.108831;cluster_3=31.131434	0.949367088607595	-0.173302118179429	0.589610706441911	-0.76291282462134	0.14160778056506	11.0465512205204	5.9965682211032	TO_VERIFY
YX16127T	Classical	STAB_CSY_OUTLIER_EXCL	3	PDAC_012	1	0.955163070499808	1	0	0.291713352222287	0.323294776411759	5.69178268497916	cluster_1=5.691783;cluster_2=7.698017;cluster_3=10.838448	1	-0.173302118179429	0.589610706441911	-0.76291282462134	0.14160778056506	11.0465512205204	5.9965682211032	STABLE_CLASSICAL
YX16128T	Classical	STAB_CSY_PRIMARY	3	PDAC_013	1	0.536942532740011	0.459798994974874	0.995331823891102	0.0721040067919749	0.395292239744306	6.03168267836326	cluster_1=6.031683;cluster_2=6.342761;cluster_3=9.957574	0.540201005025126	-0.368244628485764	0.345174640592758	-0.713419269078522	0.001095990682655	9.9575738244919	6.03168267836326	HETEROGENEOUS_OR_UNSTABLE
YX16128T	Classical	STAB_CSY_FEAT_RESAMP	3	PDAC_013	1	0.556757446720519	0.478260869565217	0.998635964158572	0.0721040067919749	0.39647231060371	6.03168267836326	cluster_1=6.031683;cluster_2=6.342761;cluster_3=9.957574	0.521739130434783	-0.368244628485764	0.345174640592758	-0.713419269078522	0.001095990682655	9.9575738244919	6.03168267836326	HETEROGENEOUS_OR_UNSTABLE
YX16128T	Classical	STAB_CSY_IMPUTED	3	PDAC_013	1	0.538075127731813	0.459119496855346	0.995172504324471	0.0721040067919749	0.394246943042525	6.03168267836326	cluster_1=6.031683;cluster_2=6.342761;cluster_3=9.957574	0.540880503144654	-0.368244628485764	0.345174640592758	-0.713419269078522	0.001095990682655	9.9575738244919	6.03168267836326	HETEROGENEOUS_OR_UNSTABLE
YX16128T	Classical	STAB_CSY_OUTLIER_EXCL	3	PDAC_013	2	0.760661668512872	0.761421319796954	0.79266867426231	0.00111511271676139	0.374823382726686	5.57136871412886	cluster_1=6.718962;cluster_2=5.571369;cluster_3=9.771611	0.761421319796954	-0.368244628485764	0.345174640592758	-0.713419269078522	0.001095990682655	9.9575738244919	6.03168267836326	HETEROGENEOUS_OR_UNSTABLE
YX16128T	Classical	STAB_HVG_VAR_FILTER	3	PDAC_013	2	0.935619785378875	0.940797940797941	0.324269214894384	0.211932100893448	0.340143603561731	15.9702254421963	cluster_1=21.128127;cluster_2=15.970225;cluster_3=34.182059	0.940797940797941	-0.368244628485764	0.345174640592758	-0.713419269078522	0.001095990682655	9.9575738244919	6.03168267836326	TO_VERIFY
YX16128T	Classical	STAB_UNSUP_HVG	3	PDAC_013	2	0.800839549070963	0.8275	0.663391891847518	0.206719630630554	0.394342116876956	22.8825697263358	cluster_1=31.340053;cluster_2=22.882570;cluster_3=46.157328	0.8275	-0.368244628485764	0.345174640592758	-0.713419269078522	0.001095990682655	9.9575738244919	6.03168267836326	HETEROGENEOUS_OR_UNSTABLE
YX16128T	Classical	STAB_CSY_LOG2	3	PDAC_013	2	0.978114902762828	0.998778998778999	0.013576964050837	0.436937513784694	0.540943412205134	6.04661350726948	cluster_1=11.197308;cluster_2=6.046614;cluster_3=13.025157	0.998778998778999	-0.368244628485764	0.345174640592758	-0.713419269078522	0.001095990682655	9.9575738244919	6.03168267836326	STABLE_CLASSICAL
YX16128T	Classical	STAB_HVG_OUTLIER_EXCL	3	PDAC_013	2	0.859507013470393	0.98641975308642	0.103687912025736	0.195677063520651	0.342209274111045	23.3393206184131	cluster_1=31.750399;cluster_2=23.339321;cluster_3=47.092311	0.98641975308642	-0.368244628485764	0.345174640592758	-0.713419269078522	0.001095990682655	9.9575738244919	6.03168267836326	STABLE_CLASSICAL
YX16130T	Hybrid	STAB_CSY_LOG2	3	PDAC_014	1	0.784566496317474	0.747155499367889	0.844165288821728	0.326268894861694	0.261292010031084	5.8670772511389	cluster_1=5.867077;cluster_2=8.588112;cluster_3=11.885400	0.747155499367889	-0.307690568247331	-0.36510918115018	0.0574186129028491	0.0227095134826402	9.60063785815113	7.80591766748334	HETEROGENEOUS_OR_UNSTABLE
YX16130T	Hybrid	STAB_CSY_IMPUTED	3	PDAC_014	2	0.927425757115243	0.985951468710089	0.106571459518412	0.233956017228425	0.375241990449691	4.54756718036507	cluster_1=7.805918;cluster_2=4.547567;cluster_3=9.600638	0.985951468710089	-0.307690568247331	-0.36510918115018	0.0574186129028491	0.0227095134826402	9.60063785815113	7.80591766748334	STABLE_HYBRID
YX16130T	Hybrid	STAB_CSY_PRIMARY	3	PDAC_014	2	0.928873614315212	0.978535353535353	0.149586978758277	0.233956017228425	0.377314594996949	4.54756718036507	cluster_1=7.805918;cluster_2=4.547567;cluster_3=9.600638	0.978535353535353	-0.307690568247331	-0.36510918115018	0.0574186129028491	0.0227095134826402	9.60063785815113	7.80591766748334	STABLE_HYBRID
YX16130T	Hybrid	STAB_HVG_OUTLIER_EXCL	3	PDAC_014	2	0.85486118955759	0.998740554156171	0.0139480873529643	0.292219157136084	0.335364348906621	22.5588442601133	cluster_1=37.945972;cluster_2=22.558844;cluster_3=52.203425	0.998740554156171	-0.307690568247331	-0.36510918115018	0.0574186129028491	0.0227095134826402	9.60063785815113	7.80591766748334	STABLE_HYBRID
YX16130T	Hybrid	STAB_CSY_FEAT_RESAMP	3	PDAC_014	2	0.863423936222263	0.959798994974874	0.251278250893768	0.233956017228425	0.371989098322296	4.54756718036507	cluster_1=7.805918;cluster_2=4.547567;cluster_3=9.600638	0.959798994974874	-0.307690568247331	-0.36510918115018	0.0574186129028491	0.0227095134826402	9.60063785815113	7.80591766748334	STABLE_HYBRID
YX16130T	Hybrid	STAB_HVG_VAR_FILTER	3	PDAC_014	2	0.973515778087124	0.997512437810945	0.0251043553370803	0.309928486849165	0.323153430539567	15.7851290206685	cluster_1=26.219014;cluster_2=15.785129;cluster_3=38.451061	0.997512437810945	-0.307690568247331	-0.36510918115018	0.0574186129028491	0.0227095134826402	9.60063785815113	7.80591766748334	STABLE_HYBRID
YX16130T	Hybrid	STAB_UNSUP_HVG	3	PDAC_014	2	0.825045084796841	0.992452830188679	0.0640534770585784	0.308467629740017	0.346394275703284	21.7355424122696	cluster_1=37.649448;cluster_2=21.735542;cluster_3=51.549837	0.992452830188679	-0.307690568247331	-0.36510918115018	0.0574186129028491	0.0227095134826402	9.60063785815113	7.80591766748334	STABLE_HYBRID
YX16130T	Hybrid	STAB_CSY_OUTLIER_EXCL	3	PDAC_014	2	0.897816922165584	0.967377666248432	0.207376882426909	0.219398726822496	0.354751613724046	4.79314721355052	cluster_1=7.900191;cluster_2=4.793147;cluster_3=9.483795	0.967377666248432	-0.307690568247331	-0.36510918115018	0.0574186129028491	0.0227095134826402	9.60063785815113	7.80591766748334	STABLE_HYBRID
YX16132T	Hybrid	STAB_CSY_IMPUTED	3	PDAC_015	2	0.89110099523095	0.935929648241206	0.343395134518597	0.06063284907104	0.384297779183533	3.78310139772061	cluster_1=5.870856;cluster_2=3.783101;cluster_3=8.348853	0.935929648241206	-0.229115434498504	-0.17822731454401	-0.0508881199544939	0.223393325931783	8.34885335962229	5.87085608621643	TO_VERIFY
YX16132T	Hybrid	STAB_CSY_LOG2	3	PDAC_015	2	0.961982247183568	0.973484848484849	0.183925840556581	0.210497208486836	0.535619464267433	5.30745560407374	cluster_1=7.929976;cluster_2=5.307456;cluster_3=10.036885	0.973484848484849	-0.229115434498504	-0.17822731454401	-0.0508881199544939	0.223393325931783	8.34885335962229	5.87085608621643	STABLE_HYBRID
YX16132T	Hybrid	STAB_CSY_FEAT_RESAMP	3	PDAC_015	2	0.782073050292038	0.842710997442455	0.62778436021396	0.06063284907104	0.385591456900435	3.78310139772061	cluster_1=5.870856;cluster_2=3.783101;cluster_3=8.348853	0.842710997442455	-0.229115434498504	-0.17822731454401	-0.0508881199544939	0.223393325931783	8.34885335962229	5.87085608621643	HETEROGENEOUS_OR_UNSTABLE
YX16132T	Hybrid	STAB_CSY_PRIMARY	3	PDAC_015	2	0.887461962218853	0.92191435768262	0.395397649450382	0.06063284907104	0.388349760672124	3.78310139772061	cluster_1=5.870856;cluster_2=3.783101;cluster_3=8.348853	0.92191435768262	-0.229115434498504	-0.17822731454401	-0.0508881199544939	0.223393325931783	8.34885335962229	5.87085608621643	TO_VERIFY
YX16132T	Hybrid	STAB_UNSUP_HVG	3	PDAC_015	2	0.809395345571264	0.846446700507614	0.618661463935635	0.241356516345647	0.391985951226126	19.8054374836039	cluster_1=30.049030;cluster_2=19.805437;cluster_3=46.906419	0.846446700507614	-0.229115434498504	-0.17822731454401	-0.0508881199544939	0.223393325931783	8.34885335962229	5.87085608621643	HETEROGENEOUS_OR_UNSTABLE
YX16132T	Hybrid	STAB_HVG_OUTLIER_EXCL	3	PDAC_015	2	0.858446421747474	0.992518703241895	0.0635893828675494	0.250599737235896	0.33910670686928	19.4826245191893	cluster_1=31.111596;cluster_2=19.482625;cluster_3=48.228077	0.992518703241895	-0.229115434498504	-0.17822731454401	-0.0508881199544939	0.223393325931783	8.34885335962229	5.87085608621643	STABLE_HYBRID
YX16132T	Hybrid	STAB_HVG_VAR_FILTER	3	PDAC_015	2	0.94120640360592	0.94625	0.302118004310488	0.209465559877062	0.338934153414179	15.5112279068332	cluster_1=20.353099;cluster_2=15.511228;cluster_3=33.709742	0.94625	-0.229115434498504	-0.17822731454401	-0.0508881199544939	0.223393325931783	8.34885335962229	5.87085608621643	TO_VERIFY
YX16132T	Hybrid	STAB_CSY_OUTLIER_EXCL	3	PDAC_015	2	0.921110607962675	0.976010101010101	0.163291542315298	0.136930441272219	0.36158721148391	3.6365079127317	cluster_1=6.147908;cluster_2=3.636508;cluster_3=8.180601	0.976010101010101	-0.229115434498504	-0.17822731454401	-0.0508881199544939	0.223393325931783	8.34885335962229	5.87085608621643	STABLE_HYBRID
YX16135T	Hybrid	STAB_CSY_FEAT_RESAMP	3	PDAC_016	2	0.879090221539428	0.97875	0.148402562674549	0.288056319082251	0.373437036742116	6.81044914573971	cluster_1=9.774905;cluster_2=6.810449;cluster_3=10.859470	0.97875	-0.487029650488779	-0.502270582520198	0.0152409320314184	0.00511220064613675	10.8594696110343	9.77490524718169	STABLE_HYBRID
YX16135T	Hybrid	STAB_CSY_PRIMARY	3	PDAC_016	2	0.940024516431151	0.995006242197253	0.0453670173645079	0.288056319082251	0.377808899092482	6.81044914573971	cluster_1=9.774905;cluster_2=6.810449;cluster_3=10.859470	0.995006242197253	-0.487029650488779	-0.502270582520198	0.0152409320314184	0.00511220064613675	10.8594696110343	9.77490524718169	STABLE_HYBRID
YX16135T	Hybrid	STAB_CSY_LOG2	3	PDAC_016	2	0.937047538501241	0.949622166246851	0.287999804699548	0.0636429875360074	0.523788774436866	8.78787382141798	cluster_1=10.391272;cluster_2=8.787874;cluster_3=12.520115	0.949622166246851	-0.487029650488779	-0.502270582520198	0.0152409320314184	0.00511220064613675	10.8594696110343	9.77490524718169	STABLE_HYBRID
YX16135T	Hybrid	STAB_CSY_IMPUTED	3	PDAC_016	2	0.938186345537606	0.996296296296296	0.0352475395407127	0.288056319082251	0.378292420265988	6.81044914573971	cluster_1=9.774905;cluster_2=6.810449;cluster_3=10.859470	0.996296296296296	-0.487029650488779	-0.502270582520198	0.0152409320314184	0.00511220064613675	10.8594696110343	9.77490524718169	STABLE_HYBRID
YX16135T	Hybrid	STAB_UNSUP_HVG	3	PDAC_016	2	0.815295474932398	1	0	0.345207969829777	0.339487733029243	23.2797959593361	cluster_1=42.202420;cluster_2=23.279796;cluster_3=56.078169	1	-0.487029650488779	-0.502270582520198	0.0152409320314184	0.00511220064613675	10.8594696110343	9.77490524718169	STABLE_HYBRID
YX16135T	Hybrid	STAB_HVG_VAR_FILTER	3	PDAC_016	2	0.966940726334393	1	0	0.38770806704012	0.321292789659721	14.4268587562661	cluster_1=29.022561;cluster_2=14.426859;cluster_3=41.536650	1	-0.487029650488779	-0.502270582520198	0.0152409320314184	0.00511220064613675	10.8594696110343	9.77490524718169	STABLE_HYBRID
YX16139T	Classical	STAB_CSY_PRIMARY	3	PDAC_017	1	0.894313012128607	1	0	0.268418209072432	0.324610062979985	5.30307881997975	cluster_1=5.303079;cluster_2=5.076468;cluster_3=8.398194	1	-0.219673997202143	0.0605245417919163	-0.280198538994059	0.00511220064613675	8.39819415916194	5.30307881997975	STABLE_CLASSICAL
YX16139T	Classical	STAB_HVG_OUTLIER_EXCL	3	PDAC_017	1	0.966527819080557	0.985915492957746	0.116426376539772	0.0394750737442271	0.411889850332864	24.7390314409269	cluster_1=24.739031;cluster_2=32.185265;cluster_3=39.463152	0.985915492957746	-0.219673997202143	0.0605245417919163	-0.280198538994059	0.00511220064613675	8.39819415916194	5.30307881997975	STABLE_CLASSICAL
YX16139T	Classical	STAB_CSY_LOG2	3	PDAC_017	2	0.973050472397871	0.984810126582279	0.113505240016476	0.252383180402487	0.537984938330264	6.27130886363814	cluster_1=9.413626;cluster_2=6.271309;cluster_3=10.503395	0.984810126582279	-0.219673997202143	0.0605245417919163	-0.280198538994059	0.00511220064613675	8.39819415916194	5.30307881997975	STABLE_CLASSICAL
YX16139T	Classical	STAB_CSY_FEAT_RESAMP	3	PDAC_017	1	0.845460013753378	0.974424552429668	0.194232085308574	0.268418209072432	0.330021295811822	5.30307881997975	cluster_1=5.303079;cluster_2=5.076468;cluster_3=8.398194	0.974424552429668	-0.219673997202143	0.0605245417919163	-0.280198538994059	0.00511220064613675	8.39819415916194	5.30307881997975	TO_VERIFY
YX16139T	Classical	STAB_HVG_VAR_FILTER	3	PDAC_017	1	0.91074843920233	1	0	0.129887722843706	0.427926190898634	15.9772179104847	cluster_1=15.977218;cluster_2=25.529997;cluster_3=25.394069	1	-0.219673997202143	0.0605245417919163	-0.280198538994059	0.00511220064613675	8.39819415916194	5.30307881997975	STABLE_CLASSICAL
YX16139T	Classical	STAB_CSY_IMPUTED	3	PDAC_017	1	0.890367493974361	1	0	0.268418209072432	0.323190917842152	5.30307881997975	cluster_1=5.303079;cluster_2=5.076468;cluster_3=8.398194	1	-0.219673997202143	0.0605245417919163	-0.280198538994059	0.00511220064613675	8.39819415916194	5.30307881997975	STABLE_CLASSICAL
YX16139T	Classical	STAB_UNSUP_HVG	3	PDAC_017	1	0.936387186293565	0.962073324905183	0.266128381821044	0.0579971418184944	0.41411397489339	23.8904337108345	cluster_1=23.890434;cluster_2=33.016170;cluster_3=38.464902	0.962073324905183	-0.219673997202143	0.0605245417919163	-0.280198538994059	0.00511220064613675	8.39819415916194	5.30307881997975	TO_VERIFY
YX16139T	Classical	STAB_CSY_OUTLIER_EXCL	3	PDAC_017	1	0.960778098967565	1	0	0.250075708633905	0.324903260980528	5.45977143107348	cluster_1=5.459771;cluster_2=4.965872;cluster_3=8.234661	1	-0.219673997202143	0.0605245417919163	-0.280198538994059	0.00511220064613675	8.39819415916194	5.30307881997975	STABLE_CLASSICAL
YX16141T	Hybrid	STAB_CSY_IMPUTED	3	PDAC_018	2	0.931328961678282	0.992433795712484	0.064187424331067	0.285343738207579	0.373495429354707	4.55919422361303	cluster_1=8.212776;cluster_2=4.559194;cluster_3=9.195994	0.992433795712484	-0.211512153506051	-0.429317180590769	0.217805027084718	0.646799392557986	9.19599420759861	8.21277626864264	STABLE_HYBRID
YX16141T	Hybrid	STAB_CSY_PRIMARY	3	PDAC_018	2	0.938432185928209	0.996134020618557	0.0365522670117791	0.285343738207579	0.375823000526154	4.55919422361303	cluster_1=8.212776;cluster_2=4.559194;cluster_3=9.195994	0.996134020618557	-0.211512153506051	-0.429317180590769	0.217805027084718	0.646799392557986	9.19599420759861	8.21277626864264	STABLE_HYBRID
YX16141T	Hybrid	STAB_CSY_FEAT_RESAMP	3	PDAC_018	2	0.879039998742401	0.984943538268507	0.112701419165929	0.285343738207579	0.370449786970464	4.55919422361303	cluster_1=8.212776;cluster_2=4.559194;cluster_3=9.195994	0.984943538268507	-0.211512153506051	-0.429317180590769	0.217805027084718	0.646799392557986	9.19599420759861	8.21277626864264	STABLE_HYBRID
YX16141T	Hybrid	STAB_HVG_OUTLIER_EXCL	3	PDAC_018	1	0.91405609365619	0.926302414231258	0.42222898987461	0.00164437331494341	0.42557266906754	26.1666733034667	cluster_1=26.166673;cluster_2=31.604010;cluster_3=36.079646	0.926302414231258	-0.211512153506051	-0.429317180590769	0.217805027084718	0.646799392557986	9.19599420759861	8.21277626864264	INTERMEDIATE_STATE
YX16141T	Hybrid	STAB_CSY_LOG2	3	PDAC_018	1	0.655348633901287	0.775380710659898	0.921659339492659	0.229008251811379	0.1932685439465	6.32485517489764	cluster_1=6.324855;cluster_2=10.068307;cluster_3=10.040202	0.775380710659898	-0.211512153506051	-0.429317180590769	0.217805027084718	0.646799392557986	9.19599420759861	8.21277626864264	INTERMEDIATE_STATE
YX16141T	Hybrid	STAB_UNSUP_HVG	3	PDAC_018	1	0.902404550323246	0.901985111662531	0.547962578994367	0.0200253450104289	0.427053246214888	25.8282448627722	cluster_1=25.828245;cluster_2=32.690360;cluster_3=34.834894	0.901985111662531	-0.211512153506051	-0.429317180590769	0.217805027084718	0.646799392557986	9.19599420759861	8.21277626864264	INTERMEDIATE_STATE
YX16141T	Hybrid	STAB_CSY_OUTLIER_EXCL	3	PDAC_018	2	0.919916147115604	0.99873417721519	0.0140094815193782	0.276953409996043	0.352626040374518	4.72172598035108	cluster_1=8.365599;cluster_2=4.721726;cluster_3=9.090006	0.99873417721519	-0.211512153506051	-0.429317180590769	0.217805027084718	0.646799392557986	9.19599420759861	8.21277626864264	STABLE_HYBRID
YX16141T	Hybrid	STAB_HVG_VAR_FILTER	3	PDAC_018	1	0.888504776667334	0.951282051282051	0.280925730463082	0.0713120387933841	0.430137348128794	17.7247542066507	cluster_1=17.724754;cluster_2=26.457858;cluster_3=23.700045	0.951282051282051	-0.211512153506051	-0.429317180590769	0.217805027084718	0.646799392557986	9.19599420759861	8.21277626864264	STABLE_HYBRID
YX16144T	Hybrid	STAB_HVG_VAR_FILTER	3	PDAC_019	2	0.968066010179326	1	0	0.284899562880775	0.322823367690946	16.1735888283187	cluster_1=25.041925;cluster_2=16.173589;cluster_3=37.707939	1	-0.503311295612351	-0.322824662815828	-0.180486632796523	0.00277037049485031	8.64228588290381	6.79077299718746	STABLE_HYBRID
YX16144T	Hybrid	STAB_CSY_OUTLIER_EXCL	3	PDAC_019	2	0.912133588226676	0.966921119592875	0.209604719811801	0.169449608773625	0.361881241582226	4.22541171671289	cluster_1=7.188167;cluster_2=4.225412;cluster_3=8.494214	0.966921119592875	-0.503311295612351	-0.322824662815828	-0.180486632796523	0.00277037049485031	8.64228588290381	6.79077299718746	STABLE_HYBRID
YX16144T	Hybrid	STAB_CSY_IMPUTED	3	PDAC_019	2	0.925021732119041	0.975369458128079	0.189710739976693	0.11969266523619	0.381115514644117	4.23745044636226	cluster_1=6.790773;cluster_2=4.237450;cluster_3=8.642286	0.975369458128079	-0.503311295612351	-0.322824662815828	-0.180486632796523	0.00277037049485031	8.64228588290381	6.79077299718746	STABLE_HYBRID
YX16144T	Hybrid	STAB_CSY_PRIMARY	3	PDAC_019	2	0.932891503642636	0.985897435897436	0.118824308051139	0.11969266523619	0.380474001403437	4.23745044636226	cluster_1=6.790773;cluster_2=4.237450;cluster_3=8.642286	0.985897435897436	-0.503311295612351	-0.322824662815828	-0.180486632796523	0.00277037049485031	8.64228588290381	6.79077299718746	STABLE_HYBRID
YX16144T	Hybrid	STAB_HVG_OUTLIER_EXCL	3	PDAC_019	2	0.856349754073709	1	0	0.245299737002153	0.335935902579991	25.7978966054439	cluster_1=38.054295;cluster_2=25.797897;cluster_3=54.038027	1	-0.503311295612351	-0.322824662815828	-0.180486632796523	0.00277037049485031	8.64228588290381	6.79077299718746	STABLE_HYBRID
YX16144T	Hybrid	STAB_CSY_FEAT_RESAMP	3	PDAC_019	2	0.809929462090681	0.875634517766497	0.65512000152887	0.11969266523619	0.378447776602874	4.23745044636226	cluster_1=6.790773;cluster_2=4.237450;cluster_3=8.642286	0.875634517766497	-0.503311295612351	-0.322824662815828	-0.180486632796523	0.00277037049485031	8.64228588290381	6.79077299718746	HETEROGENEOUS_OR_UNSTABLE
YX16144T	Hybrid	STAB_CSY_LOG2	3	PDAC_019	2	0.97845947699961	1	0	0.358106277592427	0.540574286479003	6.643154631869	cluster_1=10.857351;cluster_2=6.643155;cluster_3=12.057974	1	-0.503311295612351	-0.322824662815828	-0.180486632796523	0.00277037049485031	8.64228588290381	6.79077299718746	STABLE_HYBRID
YX16144T	Hybrid	STAB_UNSUP_HVG	3	PDAC_019	2	0.82297118350741	1	0	0.248753803607354	0.343603281773633	25.3419287235265	cluster_1=37.059575;cluster_2=25.341929;cluster_3=53.464851	1	-0.503311295612351	-0.322824662815828	-0.180486632796523	0.00277037049485031	8.64228588290381	6.79077299718746	STABLE_HYBRID
YX16147T	Classical	STAB_HVG_OUTLIER_EXCL	3	PDAC_020	1	0.975402265891223	0.990049751243781	0.088535555660183	-0.0196217953162727	0.416775777300541	34.0140679095681	cluster_1=34.014068;cluster_2=37.444977;cluster_3=47.324043	0.990049751243781	-0.505029598390449	0.180730375928157	-0.685759974318606	0.001095990682655	18.3169656575571	15.6379192415023	TO_VERIFY
YX16147T	Classical	STAB_CSY_PRIMARY	3	PDAC_020	1	0.413426200627879	0.327930174563591	0.912797650136372	-0.0533239395818713	0.397092183340544	15.6379192415023	cluster_1=15.637919;cluster_2=16.389953;cluster_3=18.316966	0.672069825436409	-0.505029598390449	0.180730375928157	-0.685759974318606	0.001095990682655	18.3169656575571	15.6379192415023	HETEROGENEOUS_OR_UNSTABLE
YX16147T	Classical	STAB_CSY_FEAT_RESAMP	3	PDAC_020	1	0.342179229909875	0.239382239382239	0.902891764764833	-0.0533239395818713	0.395033688000432	15.6379192415023	cluster_1=15.637919;cluster_2=16.389953;cluster_3=18.316966	0.745173745173745	-0.505029598390449	0.180730375928157	-0.685759974318606	0.001095990682655	18.3169656575571	15.6379192415023	HETEROGENEOUS_OR_UNSTABLE
YX16147T	Classical	STAB_UNSUP_HVG	3	PDAC_020	1	0.895896565398658	0.946291560102302	0.349887398360287	-0.000818526432139283	0.400459672336952	32.368085785639	cluster_1=32.368086;cluster_2=37.330694;cluster_3=46.831000	0.946291560102302	-0.505029598390449	0.180730375928157	-0.685759974318606	0.001095990682655	18.3169656575571	15.6379192415023	TO_VERIFY
YX16147T	Classical	STAB_CSY_LOG2	3	PDAC_020	2	0.978372217369153	0.998760842627014	0.0137524481680633	0.34618222004211	0.540171026081983	10.4326262159525	cluster_1=14.614763;cluster_2=10.432626;cluster_3=15.757491	0.998760842627014	-0.505029598390449	0.180730375928157	-0.685759974318606	0.001095990682655	18.3169656575571	15.6379192415023	STABLE_CLASSICAL
YX16147T	Classical	STAB_CSY_IMPUTED	3	PDAC_020	1	0.422296761972196	0.331612903225806	0.930060123005925	-0.0533239395818713	0.396332069315038	15.6379192415023	cluster_1=15.637919;cluster_2=16.389953;cluster_3=18.316966	0.667096774193548	-0.505029598390449	0.180730375928157	-0.685759974318606	0.001095990682655	18.3169656575571	15.6379192415023	HETEROGENEOUS_OR_UNSTABLE
YX16147T	Classical	STAB_CSY_OUTLIER_EXCL	3	PDAC_020	2	0.862134937462204	0.888198757763975	0.505325255845851	0.103100765879383	0.368926185031843	15.0802417345284	cluster_1=16.305525;cluster_2=15.080242;cluster_3=17.877362	0.888198757763975	-0.505029598390449	0.180730375928157	-0.685759974318606	0.001095990682655	18.3169656575571	15.6379192415023	HETEROGENEOUS_OR_UNSTABLE
YX16147T	Classical	STAB_HVG_VAR_FILTER	3	PDAC_020	1	0.873741364431445	0.927388535031847	0.37559441209486	0.0535611788150143	0.426017989273757	22.1872444162236	cluster_1=22.187244;cluster_2=28.070130;cluster_3=30.614246	0.927388535031847	-0.505029598390449	0.180730375928157	-0.685759974318606	0.001095990682655	18.3169656575571	15.6379192415023	TO_VERIFY
YX16153T	Classical	STAB_HVG_OUTLIER_EXCL	3	PDAC_021	1	0.975709419660093	1	0	0.0897618292954164	0.413850179889818	24.9182427000044	cluster_1=24.918243;cluster_2=34.551205;cluster_3=38.849467	1	-0.0516329205165459	2.04683978609373	-2.09847270661028	0.0157041732450023	16.798880769631	10.8556963352205	STABLE_CLASSICAL
YX16153T	Classical	STAB_CSY_IMPUTED	3	PDAC_021	1	0.895499344232732	0.997455470737914	0.0255960394261341	0.324176133797949	0.325709618042364	10.8556963352205	cluster_1=10.855696;cluster_2=14.765517;cluster_3=16.798881	0.997455470737914	-0.0516329205165459	2.04683978609373	-2.09847270661028	0.0157041732450023	16.798880769631	10.8556963352205	STABLE_CLASSICAL
YX16153T	Classical	STAB_CSY_FEAT_RESAMP	3	PDAC_021	1	0.862826990886978	0.976600985221675	0.160121597075961	0.324176133797949	0.338369774435224	10.8556963352205	cluster_1=10.855696;cluster_2=14.765517;cluster_3=16.798881	0.976600985221675	-0.0516329205165459	2.04683978609373	-2.09847270661028	0.0157041732450023	16.798880769631	10.8556963352205	STABLE_CLASSICAL
YX16153T	Classical	STAB_CSY_PRIMARY	3	PDAC_021	1	0.893369570550188	0.994955863808323	0.0457514622353545	0.324176133797949	0.325175330608077	10.8556963352205	cluster_1=10.855696;cluster_2=14.765517;cluster_3=16.798881	0.994955863808323	-0.0516329205165459	2.04683978609373	-2.09847270661028	0.0157041732450023	16.798880769631	10.8556963352205	STABLE_CLASSICAL
YX16153T	Classical	STAB_HVG_VAR_FILTER	3	PDAC_021	1	0.905630936825969	1	0	0.158524047525765	0.425971729980208	17.0463145324381	cluster_1=17.046315;cluster_2=27.175785;cluster_3=27.808629	1	-0.0516329205165459	2.04683978609373	-2.09847270661028	0.0157041732450023	16.798880769631	10.8556963352205	STABLE_CLASSICAL
YX16153T	Classical	STAB_UNSUP_HVG	3	PDAC_021	1	0.939503485568424	0.943949044585987	0.311564993003621	0.0926848579530199	0.418060574828338	25.1443390714753	cluster_1=25.144339;cluster_2=35.156932;cluster_3=37.927859	0.943949044585987	-0.0516329205165459	2.04683978609373	-2.09847270661028	0.0157041732450023	16.798880769631	10.8556963352205	TO_VERIFY
YX16153T	Classical	STAB_CSY_LOG2	3	PDAC_021	2	0.979144349912147	0.99874843554443	0.0138721446107904	0.380882784967777	0.541710715131955	8.63119014019134	cluster_1=12.605308;cluster_2=8.631190;cluster_3=15.446947	0.99874843554443	-0.0516329205165459	2.04683978609373	-2.09847270661028	0.0157041732450023	16.798880769631	10.8556963352205	STABLE_CLASSICAL
YX16153T	Classical	STAB_CSY_OUTLIER_EXCL	3	PDAC_021	1	0.968053559239674	0.996231155778894	0.0357724940669927	0.319646553305512	0.329518261667038	10.4592206963865	cluster_1=10.459221;cluster_2=14.040750;cluster_3=16.442547	0.996231155778894	-0.0516329205165459	2.04683978609373	-2.09847270661028	0.0157041732450023	16.798880769631	10.8556963352205	STABLE_CLASSICAL
YX16155T	Hybrid	STAB_CSY_PRIMARY	3	PDAC_022	2	0.825813608068984	0.861111111111111	0.581321498763703	0.00225086596182505	0.372992723861334	15.9912461069311	cluster_1=16.062502;cluster_2=15.991246;cluster_3=19.118134	0.861111111111111	-0.295422370500991	0.588901438723944	-0.884323809224935	0.0252587357400661	19.118134498739	16.062502006847	HETEROGENEOUS_OR_UNSTABLE
YX16155T	Hybrid	STAB_CSY_LOG2	3	PDAC_022	1	0.733678828858613	0.469924812030075	0.997388539745585	0.370863152105004	0.390729650697031	8.76681795999224	cluster_1=8.766818;cluster_2=12.818865;cluster_3=15.890493	0.530075187969925	-0.295422370500991	0.588901438723944	-0.884323809224935	0.0252587357400661	19.118134498739	16.062502006847	HETEROGENEOUS_OR_UNSTABLE
YX16155T	Hybrid	STAB_HVG_OUTLIER_EXCL	3	PDAC_022	1	0.975617090907855	1	0	0.133124872812703	0.415291517510998	24.5443195463705	cluster_1=24.544320;cluster_2=38.839193;cluster_3=35.885942	1	-0.295422370500991	0.588901438723944	-0.884323809224935	0.0252587357400661	19.118134498739	16.062502006847	STABLE_HYBRID
YX16155T	Hybrid	STAB_UNSUP_HVG	3	PDAC_022	1	0.942831295548447	0.947916666666667	0.295181743090759	0.119590725683266	0.418521851802868	24.4681778466592	cluster_1=24.468178;cluster_2=38.900002;cluster_3=35.548147	0.947916666666667	-0.295422370500991	0.588901438723944	-0.884323809224935	0.0252587357400661	19.118134498739	16.062502006847	STABLE_HYBRID
YX16155T	Hybrid	STAB_CSY_IMPUTED	3	PDAC_022	2	0.821443728521423	0.858585858585859	0.58793037280172	0.00225086596182505	0.374663469852009	15.9912461069311	cluster_1=16.062502;cluster_2=15.991246;cluster_3=19.118134	0.858585858585859	-0.295422370500991	0.588901438723944	-0.884323809224935	0.0252587357400661	19.118134498739	16.062502006847	HETEROGENEOUS_OR_UNSTABLE
YX16155T	Hybrid	STAB_CSY_FEAT_RESAMP	3	PDAC_022	2	0.645703208670189	0.676767676767677	0.90786191542637	0.00225086596182505	0.369316475567168	15.9912461069311	cluster_1=16.062502;cluster_2=15.991246;cluster_3=19.118134	0.676767676767677	-0.295422370500991	0.588901438723944	-0.884323809224935	0.0252587357400661	19.118134498739	16.062502006847	HETEROGENEOUS_OR_UNSTABLE
YX16155T	Hybrid	STAB_CSY_OUTLIER_EXCL	3	PDAC_022	2	0.74327041435343	0.792573623559539	0.736534466207358	-0.0471577730791894	0.352639485586438	15.6589125926672	cluster_1=15.608947;cluster_2=15.658913;cluster_3=18.767745	0.792573623559539	-0.295422370500991	0.588901438723944	-0.884323809224935	0.0252587357400661	19.118134498739	16.062502006847	HETEROGENEOUS_OR_UNSTABLE
YX16155T	Hybrid	STAB_HVG_VAR_FILTER	3	PDAC_022	1	0.909602610489994	0.998724489795918	0.0141026586829572	0.123588355161732	0.428671118322378	17.0944646544215	cluster_1=17.094465;cluster_2=29.869608;cluster_3=24.841665	0.998724489795918	-0.295422370500991	0.588901438723944	-0.884323809224935	0.0252587357400661	19.118134498739	16.062502006847	STABLE_HYBRID
YX16158T	Hybrid	STAB_CSY_IMPUTED	3	PDAC_023	2	0.856035212520832	0.89746835443038	0.476969730841084	0.0849769249481872	0.371712432477624	6.31337198914312	cluster_1=9.394738;cluster_2=6.313372;cluster_3=9.589847	0.89746835443038	-0.544505393065033	-0.535606266676002	-0.00889912638903068	0.14160778056506	9.5898471102226	9.39473803528955	TO_VERIFY
YX16158T	Hybrid	STAB_CSY_PRIMARY	3	PDAC_023	2	0.857670779554731	0.895191122071517	0.484056605627113	0.0849769249481872	0.371490370089389	6.31337198914312	cluster_1=9.394738;cluster_2=6.313372;cluster_3=9.589847	0.895191122071517	-0.544505393065033	-0.535606266676002	-0.00889912638903068	0.14160778056506	9.5898471102226	9.39473803528955	TO_VERIFY
YX16158T	Hybrid	STAB_CSY_LOG2	3	PDAC_023	3	0.743589096237184	0.727503168567807	0.949173156173115	0.0668289457516978	0.270671546674156	15.8218772373224	cluster_1=17.851543;cluster_2=16.653239;cluster_3=15.821877	0.727503168567807	-0.544505393065033	-0.535606266676002	-0.00889912638903068	0.14160778056506	9.5898471102226	9.39473803528955	HETEROGENEOUS_OR_UNSTABLE
YX16158T	Hybrid	STAB_CSY_FEAT_RESAMP	3	PDAC_023	2	0.727452163729148	0.780701754385965	0.837956360931277	0.0849769249481872	0.367518157559741	6.31337198914312	cluster_1=9.394738;cluster_2=6.313372;cluster_3=9.589847	0.780701754385965	-0.544505393065033	-0.535606266676002	-0.00889912638903068	0.14160778056506	9.5898471102226	9.39473803528955	HETEROGENEOUS_OR_UNSTABLE
YX16158T	Hybrid	STAB_UNSUP_HVG	3	PDAC_023	1	0.860400341251797	0.90159901599016	0.562262857908911	0.00211394731845974	0.393426806920006	43.0163744352469	cluster_1=43.016374;cluster_2=47.067268;cluster_3=53.366475	0.90159901599016	-0.544505393065033	-0.535606266676002	-0.00889912638903068	0.14160778056506	9.5898471102226	9.39473803528955	HETEROGENEOUS_OR_UNSTABLE
YX16158T	Hybrid	STAB_HVG_VAR_FILTER	3	PDAC_023	1	0.824392093742549	0.869230769230769	0.569938939692723	0.024614235804843	0.414945445030218	31.1902322223817	cluster_1=31.190232;cluster_2=35.147923;cluster_3=35.346710	0.869230769230769	-0.544505393065033	-0.535606266676002	-0.00889912638903068	0.14160778056506	9.5898471102226	9.39473803528955	HETEROGENEOUS_OR_UNSTABLE
YX16159T	Hybrid	STAB_CSY_PRIMARY	3	PDAC_024	2	0.937199389756289	0.99614890885751	0.0364329801420613	0.319538534987507	0.374616938399983	3.24437485213894	cluster_1=7.780972;cluster_2=3.244375;cluster_3=8.210788	0.99614890885751	-0.383960036484902	-0.589397729474848	0.205437692989946	0.0128433826146271	8.21078792928538	7.78097249042499	STABLE_HYBRID
YX16159T	Hybrid	STAB_CSY_IMPUTED	3	PDAC_024	2	0.931411823463336	0.998714652956298	0.0141971642756639	0.319538534987507	0.371942811454675	3.24437485213894	cluster_1=7.780972;cluster_2=3.244375;cluster_3=8.210788	0.998714652956298	-0.383960036484902	-0.589397729474848	0.205437692989946	0.0128433826146271	8.21078792928538	7.78097249042499	STABLE_HYBRID
YX16159T	Hybrid	STAB_CSY_FEAT_RESAMP	3	PDAC_024	2	0.87973062089728	0.989937106918239	0.0812097889460676	0.319538534987507	0.370378715343791	3.24437485213894	cluster_1=7.780972;cluster_2=3.244375;cluster_3=8.210788	0.989937106918239	-0.383960036484902	-0.589397729474848	0.205437692989946	0.0128433826146271	8.21078792928538	7.78097249042499	STABLE_HYBRID
YX16159T	Hybrid	STAB_CSY_LOG2	3	PDAC_024	1	0.66373649279671	0.740127388535032	0.986304400045005	0.206637666792934	0.241342857097574	8.45429417587812	cluster_1=8.454294;cluster_2=9.233520;cluster_3=10.290038	0.740127388535032	-0.383960036484902	-0.589397729474848	0.205437692989946	0.0128433826146271	8.21078792928538	7.78097249042499	HETEROGENEOUS_OR_UNSTABLE
YX16159T	Hybrid	STAB_CSY_OUTLIER_EXCL	3	PDAC_024	2	0.919343661086879	0.9975	0.0252118658929347	0.30007250566589	0.352253345074424	3.79475476163561	cluster_1=8.075752;cluster_2=3.794755;cluster_3=8.116370	0.9975	-0.383960036484902	-0.589397729474848	0.205437692989946	0.0128433826146271	8.21078792928538	7.78097249042499	STABLE_HYBRID
YX16159T	Hybrid	STAB_HVG_OUTLIER_EXCL	3	PDAC_024	2	0.855732290511518	1	0	0.26636075778423	0.335798237303065	24.0036942458274	cluster_1=37.278875;cluster_2=24.003694;cluster_3=49.891618	1	-0.383960036484902	-0.589397729474848	0.205437692989946	0.0128433826146271	8.21078792928538	7.78097249042499	STABLE_HYBRID
YX16159T	Hybrid	STAB_UNSUP_HVG	3	PDAC_024	2	0.818877001459607	1	0	0.276487006936759	0.341897841123777	23.3653588456285	cluster_1=36.585756;cluster_2=23.365359;cluster_3=49.318068	1	-0.383960036484902	-0.589397729474848	0.205437692989946	0.0128433826146271	8.21078792928538	7.78097249042499	STABLE_HYBRID
YX16159T	Hybrid	STAB_HVG_VAR_FILTER	3	PDAC_024	2	0.970020627242233	1	0	0.312688146069059	0.323317464566355	15.7909768801457	cluster_1=25.970755;cluster_2=15.790977;cluster_3=36.710800	1	-0.383960036484902	-0.589397729474848	0.205437692989946	0.0128433826146271	8.21078792928538	7.78097249042499	STABLE_HYBRID
YX16160T	Basal	STAB_CSY_PRIMARY	3	PDAC_025	3	0.999184339314845	1	0	0.21166347866668	0.268281572750116	8.16231936367556	cluster_1=9.903424;cluster_2=7.409557;cluster_3=8.162319	1	-0.16893641765449	-0.590051818399522	0.421115400745032	0.325194727417686	8.16231936367556	9.90342387732326	STABLE_BASAL
YX16160T	Basal	STAB_CSY_FEAT_RESAMP	3	PDAC_025	3	0.963128144869581	0.968592964824121	0.228266894457146	0.21166347866668	0.279631886448987	8.16231936367556	cluster_1=9.903424;cluster_2=7.409557;cluster_3=8.162319	0.968592964824121	-0.16893641765449	-0.590051818399522	0.421115400745032	0.325194727417686	8.16231936367556	9.90342387732326	TO_VERIFY
YX16160T	Basal	STAB_HVG_OUTLIER_EXCL	3	PDAC_025	1	0.947688507496062	0.954830614805521	0.284202971522228	0.0392629895718279	0.412808023108857	36.9361665426515	cluster_1=36.936167;cluster_2=43.500215;cluster_3=43.655060	0.954830614805521	-0.16893641765449	-0.590051818399522	0.421115400745032	0.325194727417686	8.16231936367556	9.90342387732326	TO_VERIFY
YX16160T	Basal	STAB_CSY_LOG2	3	PDAC_025	3	0.803171736533463	0.79746835443038	0.73805132221105	0.104503721496342	0.27953711365973	11.8185782611201	cluster_1=13.853499;cluster_2=13.686609;cluster_3=11.818578	0.79746835443038	-0.16893641765449	-0.590051818399522	0.421115400745032	0.325194727417686	8.16231936367556	9.90342387732326	HETEROGENEOUS_OR_UNSTABLE
YX16160T	Basal	STAB_CSY_IMPUTED	3	PDAC_025	3	0.998080520217811	0.998780487804878	0.0135625549883899	0.21166347866668	0.269211726876766	8.16231936367556	cluster_1=9.903424;cluster_2=7.409557;cluster_3=8.162319	0.998780487804878	-0.16893641765449	-0.590051818399522	0.421115400745032	0.325194727417686	8.16231936367556	9.90342387732326	STABLE_BASAL
YX16160T	Basal	STAB_UNSUP_HVG	3	PDAC_025	1	0.875800599839435	0.918987341772152	0.479701835323378	0.0436730564315072	0.393364250803773	35.8750809402079	cluster_1=35.875081;cluster_2=43.084185;cluster_3=43.578969	0.918987341772152	-0.16893641765449	-0.590051818399522	0.421115400745032	0.325194727417686	8.16231936367556	9.90342387732326	TO_VERIFY
YX16160T	Basal	STAB_HVG_VAR_FILTER	3	PDAC_025	1	0.830929968398634	0.874683544303797	0.544452186664253	0.0264684670106213	0.417722177749527	26.3618331409641	cluster_1=26.361833;cluster_2=32.118430;cluster_3=29.942171	0.874683544303797	-0.16893641765449	-0.590051818399522	0.421115400745032	0.325194727417686	8.16231936367556	9.90342387732326	HETEROGENEOUS_OR_UNSTABLE
YX16160T	Basal	STAB_CSY_OUTLIER_EXCL	3	PDAC_025	3	0.999901883830455	1	0	0.212134220126603	0.290164015020896	8.00392129983133	cluster_1=9.977123;cluster_2=7.555024;cluster_3=8.003921	1	-0.16893641765449	-0.590051818399522	0.421115400745032	0.325194727417686	8.16231936367556	9.90342387732326	STABLE_BASAL
YX16161T	Hybrid	STAB_HVG_OUTLIER_EXCL	3	PDAC_026	2	0.863116496777603	1	0	0.316444805673703	0.338521388511463	21.9690390731075	cluster_1=38.647313;cluster_2=21.969039;cluster_3=54.258230	1	-0.477413426050729	-0.561543362495923	0.0841299364451932	0.00511220064613675	8.19662908313823	7.31705503045765	STABLE_HYBRID
YX16161T	Hybrid	STAB_CSY_FEAT_RESAMP	3	PDAC_026	2	0.881819126816278	0.983523447401774	0.121171627056494	0.324690072747211	0.373580678005375	3.36662035773508	cluster_1=7.317055;cluster_2=3.366620;cluster_3=8.196629	0.983523447401774	-0.477413426050729	-0.561543362495923	0.0841299364451932	0.00511220064613675	8.19662908313823	7.31705503045765	STABLE_HYBRID
YX16161T	Hybrid	STAB_CSY_PRIMARY	3	PDAC_026	2	0.938883421857895	0.994784876140808	0.0470508961408125	0.324690072747211	0.378570667199552	3.36662035773508	cluster_1=7.317055;cluster_2=3.366620;cluster_3=8.196629	0.994784876140808	-0.477413426050729	-0.561543362495923	0.0841299364451932	0.00511220064613675	8.19662908313823	7.31705503045765	STABLE_HYBRID
YX16161T	Hybrid	STAB_UNSUP_HVG	3	PDAC_026	2	0.826523784154572	1	0	0.325660309473451	0.344732550260489	21.5245860382533	cluster_1=38.173705;cluster_2=21.524586;cluster_3=53.786430	1	-0.477413426050729	-0.561543362495923	0.0841299364451932	0.00511220064613675	8.19662908313823	7.31705503045765	STABLE_HYBRID
YX16161T	Hybrid	STAB_CSY_IMPUTED	3	PDAC_026	2	0.93449854497831	0.99751552795031	0.0250776307083104	0.324690072747211	0.375621601758791	3.36662035773508	cluster_1=7.317055;cluster_2=3.366620;cluster_3=8.196629	0.99751552795031	-0.477413426050729	-0.561543362495923	0.0841299364451932	0.00511220064613675	8.19662908313823	7.31705503045765	STABLE_HYBRID
YX16161T	Hybrid	STAB_CSY_LOG2	3	PDAC_026	2	0.95367927655532	0.965834428383706	0.214869915686715	0.0905011391402788	0.532092693857068	7.43561188806288	cluster_1=9.319274;cluster_2=7.435612;cluster_3=10.537814	0.965834428383706	-0.477413426050729	-0.561543362495923	0.0841299364451932	0.00511220064613675	8.19662908313823	7.31705503045765	STABLE_HYBRID
YX16161T	Hybrid	STAB_CSY_OUTLIER_EXCL	3	PDAC_026	2	0.919337057907426	0.998753117206983	0.0138269995729043	0.318744767475117	0.352248788916032	3.76690681754249	cluster_1=7.539206;cluster_2=3.766907;cluster_3=8.045413	0.998753117206983	-0.477413426050729	-0.561543362495923	0.0841299364451932	0.00511220064613675	8.19662908313823	7.31705503045765	STABLE_HYBRID
YX16161T	Hybrid	STAB_HVG_VAR_FILTER	3	PDAC_026	2	0.96689225543611	1	0	0.35672280215474	0.321387019187855	14.4826431150763	cluster_1=26.901686;cluster_2=14.482643;cluster_3=39.257848	1	-0.477413426050729	-0.561543362495923	0.0841299364451932	0.00511220064613675	8.19662908313823	7.31705503045765	STABLE_HYBRID
YX16166T	Classical	STAB_CSY_PRIMARY	3	PDAC_027	1	0.891160000758195	1	0	0.298710340152387	0.323893291585112	5.36185657392707	cluster_1=5.361857;cluster_2=6.811250;cluster_3=9.735736	1	-0.0702048406594938	0.703171040633264	-0.773375881292758	0.333366040926693	9.73573621832068	5.36185657392707	STABLE_CLASSICAL
YX16166T	Classical	STAB_HVG_OUTLIER_EXCL	3	PDAC_027	1	0.976724985833464	1	0	0.103823366747505	0.414650959362676	23.9020429907989	cluster_1=23.902043;cluster_2=36.092042;cluster_3=33.399835	1	-0.0702048406594938	0.703171040633264	-0.773375881292758	0.333366040926693	9.73573621832068	5.36185657392707	STABLE_CLASSICAL
YX16166T	Classical	STAB_CSY_IMPUTED	3	PDAC_027	1	0.890943960509463	1	0	0.298710340152387	0.323325225552836	5.36185657392707	cluster_1=5.361857;cluster_2=6.811250;cluster_3=9.735736	1	-0.0702048406594938	0.703171040633264	-0.773375881292758	0.333366040926693	9.73573621832068	5.36185657392707	STABLE_CLASSICAL
YX16166T	Classical	STAB_CSY_FEAT_RESAMP	3	PDAC_027	1	0.8575764620557	0.997509339975093	0.0251311409552014	0.298710340152387	0.330453632984012	5.36185657392707	cluster_1=5.361857;cluster_2=6.811250;cluster_3=9.735736	0.997509339975093	-0.0702048406594938	0.703171040633264	-0.773375881292758	0.333366040926693	9.73573621832068	5.36185657392707	STABLE_CLASSICAL
YX16166T	Classical	STAB_UNSUP_HVG	3	PDAC_027	1	0.94348092715913	0.950310559006211	0.285076257419116	0.0884423930932509	0.421339740424535	24.0037491208286	cluster_1=24.003749;cluster_2=36.155508;cluster_3=33.199003	0.950310559006211	-0.0702048406594938	0.703171040633264	-0.773375881292758	0.333366040926693	9.73573621832068	5.36185657392707	TO_VERIFY
YX16166T	Classical	STAB_CSY_LOG2	3	PDAC_027	2	0.965782643148043	0.977186311787072	0.156959733979931	0.226559675982898	0.535969905056868	7.13216101838228	cluster_1=9.787903;cluster_2=7.132161;cluster_3=10.831113	0.977186311787072	-0.0702048406594938	0.703171040633264	-0.773375881292758	0.333366040926693	9.73573621832068	5.36185657392707	STABLE_CLASSICAL
YX16166T	Classical	STAB_CSY_OUTLIER_EXCL	3	PDAC_027	1	0.95961511608925	0.998745294855709	0.0139024159318212	0.299518189842602	0.325420423638792	5.27357925158002	cluster_1=5.273579;cluster_2=6.534424;cluster_3=9.541370	0.998745294855709	-0.0702048406594938	0.703171040633264	-0.773375881292758	0.333366040926693	9.73573621832068	5.36185657392707	STABLE_CLASSICAL
YX16166T	Classical	STAB_HVG_VAR_FILTER	3	PDAC_027	1	0.908392463199563	1	0	0.132734494725615	0.427610921092237	15.748479459377	cluster_1=15.748479;cluster_2=26.993209;cluster_3=23.915201	1	-0.0702048406594938	0.703171040633264	-0.773375881292758	0.333366040926693	9.73573621832068	5.36185657392707	STABLE_CLASSICAL
YX16172T	Basal	STAB_CSY_PRIMARY	3	PDAC_056	3	0.999292071197411	1	0	0.354616787063982	0.268834149956852	5.72130043053559	cluster_1=9.629295;cluster_2=6.825226;cluster_3=5.721300	1	-0.139522604449148	-0.573272559993492	0.433749955544344	0.991233391480979	5.72130043053559	9.62929527219455	STABLE_BASAL
YX16172T	Basal	STAB_CSY_FEAT_RESAMP	3	PDAC_056	3	0.985142713118484	0.996098829648895	0.0368338929596412	0.354616787063982	0.274903563944426	5.72130043053559	cluster_1=9.629295;cluster_2=6.825226;cluster_3=5.721300	0.996098829648895	-0.139522604449148	-0.573272559993492	0.433749955544344	0.991233391480979	5.72130043053559	9.62929527219455	STABLE_BASAL
YX16172T	Basal	STAB_UNSUP_HVG	3	PDAC_056	2	0.406602452587887	0.259119496855346	1.17328302536557	0.0729633803961794	0.443538541893167	30.2741622786671	cluster_1=31.557067;cluster_2=30.274162;cluster_3=34.587924	0.666666666666667	-0.139522604449148	-0.573272559993492	0.433749955544344	0.991233391480979	5.72130043053559	9.62929527219455	HETEROGENEOUS_OR_UNSTABLE
YX16172T	Basal	STAB_HVG_OUTLIER_EXCL	3	PDAC_056	2	0.400590256580376	0.289707750952986	0.994956715210315	0.0911942273794852	0.431428834002345	29.6994201710966	cluster_1=32.172184;cluster_2=29.699420;cluster_3=35.637570	0.691232528589581	-0.139522604449148	-0.573272559993492	0.433749955544344	0.991233391480979	5.72130043053559	9.62929527219455	HETEROGENEOUS_OR_UNSTABLE
YX16172T	Basal	STAB_CSY_LOG2	3	PDAC_056	3	0.933203327806451	1	0	0.494397057869649	0.312734877671652	6.31590982108871	cluster_1=12.056155;cluster_2=12.723997;cluster_3=6.315910	1	-0.139522604449148	-0.573272559993492	0.433749955544344	0.991233391480979	5.72130043053559	9.62929527219455	STABLE_BASAL
YX16172T	Basal	STAB_CSY_OUTLIER_EXCL	3	PDAC_056	3	0.999801587301587	1	0	0.341957151107955	0.289151864543582	5.63285467517901	cluster_1=9.744940;cluster_2=6.804323;cluster_3=5.632855	1	-0.139522604449148	-0.573272559993492	0.433749955544344	0.991233391480979	5.72130043053559	9.62929527219455	STABLE_BASAL
YX16172T	Basal	STAB_HVG_VAR_FILTER	3	PDAC_056	1	0.741444277593308	0.738480697384807	1.07385860076468	-0.0265474801329019	0.426182996157589	20.343915425201	cluster_1=20.343915;cluster_2=23.452139;cluster_3=24.331767	0.738480697384807	-0.139522604449148	-0.573272559993492	0.433749955544344	0.991233391480979	5.72130043053559	9.62929527219455	HETEROGENEOUS_OR_UNSTABLE
YX16172T	Basal	STAB_CSY_IMPUTED	3	PDAC_056	3	0.999227481027713	1	0	0.354616787063982	0.269555734641652	5.72130043053559	cluster_1=9.629295;cluster_2=6.825226;cluster_3=5.721300	1	-0.139522604449148	-0.573272559993492	0.433749955544344	0.991233391480979	5.72130043053559	9.62929527219455	STABLE_BASAL
YX16177T	Classical	STAB_HVG_OUTLIER_EXCL	3	PDAC_028	1	0.977770741994313	1	0	0.0887966688601448	0.413580291126423	26.5423201873732	cluster_1=26.542320;cluster_2=36.368329;cluster_3=42.922265	1	-0.378433502680965	1.81580517707625	-2.19423867975722	0.001095990682655	14.9881290072955	8.96268253869423	STABLE_CLASSICAL
YX16177T	Classical	STAB_UNSUP_HVG	3	PDAC_028	1	0.948320259668323	0.958385876418663	0.257797153646576	0.0897570377584885	0.418210047666043	26.5002668270679	cluster_1=26.500267;cluster_2=36.811267;cluster_3=42.546615	0.958385876418663	-0.378433502680965	1.81580517707625	-2.19423867975722	0.001095990682655	14.9881290072955	8.96268253869423	TO_VERIFY
YX16177T	Classical	STAB_CSY_PRIMARY	3	PDAC_028	1	0.892147570572983	0.998726114649682	0.0140870376817623	0.33265452464169	0.32448691921325	8.96268253869423	cluster_1=8.962683;cluster_2=12.626120;cluster_3=14.988129	0.998726114649682	-0.378433502680965	1.81580517707625	-2.19423867975722	0.001095990682655	14.9881290072955	8.96268253869423	STABLE_CLASSICAL
YX16177T	Classical	STAB_CSY_FEAT_RESAMP	3	PDAC_028	1	0.86201767999365	0.99618320610687	0.0361578675498935	0.33265452464169	0.332205522816516	8.96268253869423	cluster_1=8.962683;cluster_2=12.626120;cluster_3=14.988129	0.99618320610687	-0.378433502680965	1.81580517707625	-2.19423867975722	0.001095990682655	14.9881290072955	8.96268253869423	STABLE_CLASSICAL
YX16177T	Classical	STAB_CSY_OUTLIER_EXCL	3	PDAC_028	1	0.957900443266431	0.998765432098765	0.0137081261968613	0.3265344634992	0.3249355528195	8.81520213521952	cluster_1=8.815202;cluster_2=12.028830;cluster_3=14.711119	0.998765432098765	-0.378433502680965	1.81580517707625	-2.19423867975722	0.001095990682655	14.9881290072955	8.96268253869423	STABLE_CLASSICAL
YX16177T	Classical	STAB_CSY_IMPUTED	3	PDAC_028	1	0.893160833223373	1	0	0.33265452464169	0.324792236361124	8.96268253869423	cluster_1=8.962683;cluster_2=12.626120;cluster_3=14.988129	1	-0.378433502680965	1.81580517707625	-2.19423867975722	0.001095990682655	14.9881290072955	8.96268253869423	STABLE_CLASSICAL
YX16177T	Classical	STAB_CSY_LOG2	3	PDAC_028	2	0.980350201434814	1	0	0.393903194898946	0.541698454102534	7.37699045868073	cluster_1=11.909502;cluster_2=7.376990;cluster_3=14.442470	1	-0.378433502680965	1.81580517707625	-2.19423867975722	0.001095990682655	14.9881290072955	8.96268253869423	STABLE_CLASSICAL
YX16177T	Classical	STAB_HVG_VAR_FILTER	3	PDAC_028	1	0.906184457840855	0.993773349937733	0.0545798393107532	0.112990702010876	0.429185094990303	19.5938096580412	cluster_1=19.593810;cluster_2=28.052246;cluster_3=31.033348	0.993773349937733	-0.378433502680965	1.81580517707625	-2.19423867975722	0.001095990682655	14.9881290072955	8.96268253869423	STABLE_CLASSICAL
YX16178T	Classical	STAB_HVG_OUTLIER_EXCL	3	PDAC_029	1	0.974677360208825	0.99236641221374	0.0696230528958417	0.0781473466190763	0.412397052733698	26.7376218637826	cluster_1=26.737622;cluster_2=38.574592;cluster_3=34.989884	0.99236641221374	0.459921944613248	0.982371704262288	-0.52244975964904	0.0872248744319726	15.3839406941619	11.0966554888006	STABLE_CLASSICAL
YX16178T	Classical	STAB_CSY_FEAT_RESAMP	3	PDAC_029	1	0.859837200193768	0.997435897435897	0.0257645491351782	0.219709620359477	0.328861500111369	11.0966554888006	cluster_1=11.096655;cluster_2=13.748273;cluster_3=15.383941	0.997435897435897	0.459921944613248	0.982371704262288	-0.52244975964904	0.0872248744319726	15.3839406941619	11.0966554888006	STABLE_CLASSICAL
YX16178T	Classical	STAB_UNSUP_HVG	3	PDAC_029	1	0.93778415664211	0.93375796178344	0.351740529326224	0.0462026363288101	0.416087838257919	26.6189929842272	cluster_1=26.618993;cluster_2=39.276359;cluster_3=33.699396	0.93375796178344	0.459921944613248	0.982371704262288	-0.52244975964904	0.0872248744319726	15.3839406941619	11.0966554888006	TO_VERIFY
YX16178T	Classical	STAB_CSY_PRIMARY	3	PDAC_029	1	0.895790345721686	1	0	0.219709620359477	0.321943853311006	11.0966554888006	cluster_1=11.096655;cluster_2=13.748273;cluster_3=15.383941	1	0.459921944613248	0.982371704262288	-0.52244975964904	0.0872248744319726	15.3839406941619	11.0966554888006	STABLE_CLASSICAL
YX16178T	Classical	STAB_CSY_LOG2	3	PDAC_029	2	0.940263639926625	0.940954773869347	0.323643106141069	0.0247604385899359	0.528856783981762	9.53260246181834	cluster_1=10.189031;cluster_2=9.532602;cluster_3=13.249121	0.940954773869347	0.459921944613248	0.982371704262288	-0.52244975964904	0.0872248744319726	15.3839406941619	11.0966554888006	TO_VERIFY
YX16178T	Classical	STAB_CSY_OUTLIER_EXCL	3	PDAC_029	1	0.960198150048322	1	0	0.230455692124493	0.32263934085009	10.6620319012882	cluster_1=10.662032;cluster_2=13.351838;cluster_3=15.148250	1	0.459921944613248	0.982371704262288	-0.52244975964904	0.0872248744319726	15.3839406941619	11.0966554888006	STABLE_CLASSICAL
YX16178T	Classical	STAB_CSY_IMPUTED	3	PDAC_029	1	0.894568017851636	1	0	0.219709620359477	0.321669795096891	11.0966554888006	cluster_1=11.096655;cluster_2=13.748273;cluster_3=15.383941	1	0.459921944613248	0.982371704262288	-0.52244975964904	0.0872248744319726	15.3839406941619	11.0966554888006	STABLE_CLASSICAL
YX16178T	Classical	STAB_HVG_VAR_FILTER	3	PDAC_029	1	0.899739756416662	0.982587064676617	0.126657468629508	0.0464833400830097	0.426291686685364	19.2285830520988	cluster_1=19.228583;cluster_2=31.104849;cluster_3=23.861892	0.982587064676617	0.459921944613248	0.982371704262288	-0.52244975964904	0.0872248744319726	15.3839406941619	11.0966554888006	STABLE_CLASSICAL
YX16180T	Hybrid	STAB_CSY_FEAT_RESAMP	3	PDAC_030	2	0.87828262912883	0.977070063694268	0.157589439064707	0.343170487889908	0.374785907602362	4.56379134738383	cluster_1=8.176035;cluster_2=4.563791;cluster_3=9.330861	0.977070063694268	-0.508352143420223	-0.528833386401029	0.020481242980806	0.00511220064613675	9.33086117538385	8.17603483314698	STABLE_HYBRID
YX16180T	Hybrid	STAB_CSY_PRIMARY	3	PDAC_030	2	0.938201871718809	0.994845360824742	0.0465921813998105	0.343170487889908	0.377332741502908	4.56379134738383	cluster_1=8.176035;cluster_2=4.563791;cluster_3=9.330861	0.994845360824742	-0.508352143420223	-0.528833386401029	0.020481242980806	0.00511220064613675	9.33086117538385	8.17603483314698	STABLE_HYBRID
YX16180T	Hybrid	STAB_CSY_LOG2	3	PDAC_030	2	0.958011171159548	0.970037453183521	0.19420399719011	0.0974954871261829	0.533285218131292	7.50651081485103	cluster_1=9.484180;cluster_2=7.506511;cluster_3=11.113390	0.970037453183521	-0.508352143420223	-0.528833386401029	0.020481242980806	0.00511220064613675	9.33086117538385	8.17603483314698	STABLE_HYBRID
YX16180T	Hybrid	STAB_CSY_OUTLIER_EXCL	3	PDAC_030	2	0.917382821604924	0.995104039167687	0.0446186038776326	0.358041687437478	0.35325265593497	4.79094259644965	cluster_1=8.493916;cluster_2=4.790943;cluster_3=9.249202	0.995104039167687	-0.508352143420223	-0.528833386401029	0.020481242980806	0.00511220064613675	9.33086117538385	8.17603483314698	STABLE_HYBRID
YX16180T	Hybrid	STAB_HVG_OUTLIER_EXCL	3	PDAC_030	2	0.850379596840631	1	0	0.329176116803241	0.33325984901793	19.7860101032489	cluster_1=37.232573;cluster_2=19.786010;cluster_3=53.587853	1	-0.508352143420223	-0.528833386401029	0.020481242980806	0.00511220064613675	9.33086117538385	8.17603483314698	STABLE_HYBRID
YX16180T	Hybrid	STAB_CSY_IMPUTED	3	PDAC_030	2	0.935409169932215	1	0	0.343170487889908	0.374423325562601	4.56379134738383	cluster_1=8.176035;cluster_2=4.563791;cluster_3=9.330861	1	-0.508352143420223	-0.528833386401029	0.020481242980806	0.00511220064613675	9.33086117538385	8.17603483314698	STABLE_HYBRID
YX16180T	Hybrid	STAB_HVG_VAR_FILTER	3	PDAC_030	2	0.969979224104037	1	0	0.349831316797515	0.321823822006715	13.191580469659	cluster_1=24.858218;cluster_2=13.191580;cluster_3=37.995081	1	-0.508352143420223	-0.528833386401029	0.020481242980806	0.00511220064613675	9.33086117538385	8.17603483314698	STABLE_HYBRID
YX16180T	Hybrid	STAB_UNSUP_HVG	3	PDAC_030	2	0.815471559335352	1	0	0.333006084037222	0.34009218093283	19.6513804773628	cluster_1=36.669924;cluster_2=19.651380;cluster_3=52.861194	1	-0.508352143420223	-0.528833386401029	0.020481242980806	0.00511220064613675	9.33086117538385	8.17603483314698	STABLE_HYBRID
YX16185T	Classical	STAB_CSY_LOG2	3	PDAC_031	2	0.963148938465652	0.966836734693878	0.21001546451654	0.093013876512465	0.536058059917295	8.8544008340386	cluster_1=10.518649;cluster_2=8.854401;cluster_3=12.071614	0.966836734693878	-0.0263593639778833	-0.0424067334073739	0.0160473694294906	0.036368708339403	15.5823685004319	12.8308895991251	TO_VERIFY
YX16185T	Classical	STAB_HVG_OUTLIER_EXCL	3	PDAC_031	1	0.9757383497423	1	0	0.0583231223843635	0.413706421686613	29.9478032353202	cluster_1=29.947803;cluster_2=41.446961;cluster_3=36.874379	1	-0.0263593639778833	-0.0424067334073739	0.0160473694294906	0.036368708339403	15.5823685004319	12.8308895991251	STABLE_CLASSICAL
YX16185T	Classical	STAB_CSY_PRIMARY	3	PDAC_031	1	0.890642063043523	0.998722860791826	0.0141183165830593	0.122557117138873	0.324234399310881	12.8308895991251	cluster_1=12.830890;cluster_2=14.095383;cluster_3=15.582369	0.998722860791826	-0.0263593639778833	-0.0424067334073739	0.0160473694294906	0.036368708339403	15.5823685004319	12.8308895991251	STABLE_CLASSICAL
YX16185T	Classical	STAB_CSY_FEAT_RESAMP	3	PDAC_031	1	0.85299986857633	0.98974358974359	0.0922772871501768	0.122557117138873	0.329443756368428	12.8308895991251	cluster_1=12.830890;cluster_2=14.095383;cluster_3=15.582369	0.98974358974359	-0.0263593639778833	-0.0424067334073739	0.0160473694294906	0.036368708339403	15.5823685004319	12.8308895991251	STABLE_CLASSICAL
YX16185T	Classical	STAB_CSY_IMPUTED	3	PDAC_031	1	0.889987777811885	1	0	0.122557117138873	0.323951683160758	12.8308895991251	cluster_1=12.830890;cluster_2=14.095383;cluster_3=15.582369	1	-0.0263593639778833	-0.0424067334073739	0.0160473694294906	0.036368708339403	15.5823685004319	12.8308895991251	STABLE_CLASSICAL
YX16185T	Classical	STAB_CSY_OUTLIER_EXCL	3	PDAC_031	1	0.956179869334856	1	0	0.113962938843992	0.324892357028481	12.5109065629129	cluster_1=12.510907;cluster_2=13.741706;cluster_3=15.275800	1	-0.0263593639778833	-0.0424067334073739	0.0160473694294906	0.036368708339403	15.5823685004319	12.8308895991251	STABLE_CLASSICAL
YX16185T	Classical	STAB_UNSUP_HVG	3	PDAC_031	1	0.940700471394331	0.944514501891551	0.309257004435825	0.0453093325422982	0.420596607155434	30.0478313997302	cluster_1=30.047831;cluster_2=40.846399;cluster_3=36.828695	0.944514501891551	-0.0263593639778833	-0.0424067334073739	0.0160473694294906	0.036368708339403	15.5823685004319	12.8308895991251	TO_VERIFY
YX16185T	Classical	STAB_HVG_VAR_FILTER	3	PDAC_031	1	0.908583895028527	0.99873417721519	0.0140094815193782	0.0709170072331905	0.428421030812412	20.8293599462312	cluster_1=20.829360;cluster_2=31.318941;cluster_3=26.414654	0.99873417721519	-0.0263593639778833	-0.0424067334073739	0.0160473694294906	0.036368708339403	15.5823685004319	12.8308895991251	STABLE_CLASSICAL
YX16188T	Hybrid	STAB_CSY_PRIMARY	3	PDAC_032	2	0.729072423180968	0.748704663212435	0.813324736918734	-0.140635278585165	0.362817577135552	5.75042359184612	cluster_1=8.288502;cluster_2=5.750424;cluster_3=8.084965	0.748704663212435	0.0708036361735272	-0.52712763959742	0.597931275770947	0.786003233299197	8.08496454323943	8.28850191080266	HETEROGENEOUS_OR_UNSTABLE
YX16188T	Hybrid	STAB_CSY_FEAT_RESAMP	3	PDAC_032	2	0.522596487914216	0.543396226415094	1.05729660135026	-0.140635278585165	0.346646119589471	5.75042359184612	cluster_1=8.288502;cluster_2=5.750424;cluster_3=8.084965	0.543396226415094	0.0708036361735272	-0.52712763959742	0.597931275770947	0.786003233299197	8.08496454323943	8.28850191080266	HETEROGENEOUS_OR_UNSTABLE
YX16188T	Hybrid	STAB_HVG_OUTLIER_EXCL	3	PDAC_032	1	0.97139619936101	0.982984293193717	0.139491894467426	-0.00755926445274547	0.416614565896519	33.1461634252564	cluster_1=33.146163;cluster_2=37.254711;cluster_3=43.230045	0.982984293193717	0.0708036361735272	-0.52712763959742	0.597931275770947	0.786003233299197	8.08496454323943	8.28850191080266	TO_VERIFY
YX16188T	Hybrid	STAB_CSY_LOG2	3	PDAC_032	3	0.820120200035249	0.816774193548387	0.714149602072734	0.169176144886354	0.282836981641705	9.70137475502473	cluster_1=11.756407;cluster_2=10.665626;cluster_3=9.701375	0.816774193548387	0.0708036361735272	-0.52712763959742	0.597931275770947	0.786003233299197	8.08496454323943	8.28850191080266	HETEROGENEOUS_OR_UNSTABLE
YX16188T	Hybrid	STAB_UNSUP_HVG	3	PDAC_032	1	0.886852767662492	0.93	0.43358695517859	0.0092191778882184	0.398178282133018	31.5761906692614	cluster_1=31.576191;cluster_2=37.162792;cluster_3=41.978113	0.93	0.0708036361735272	-0.52712763959742	0.597931275770947	0.786003233299197	8.08496454323943	8.28850191080266	TO_VERIFY
YX16188T	Hybrid	STAB_HVG_VAR_FILTER	3	PDAC_032	1	0.854649046203481	0.900878293601004	0.466205269836216	0.0517010751811146	0.423314637918952	22.1177025226516	cluster_1=22.117703;cluster_2=28.010273;cluster_3=27.551037	0.900878293601004	0.0708036361735272	-0.52712763959742	0.597931275770947	0.786003233299197	8.08496454323943	8.28850191080266	TO_VERIFY
YX16188T	Hybrid	STAB_CSY_OUTLIER_EXCL	3	PDAC_032	2	0.584465211884036	0.601290322580645	0.970190798185669	-0.123058274245747	0.343578479433093	5.85571478454862	cluster_1=8.450754;cluster_2=5.855715;cluster_3=7.924937	0.601290322580645	0.0708036361735272	-0.52712763959742	0.597931275770947	0.786003233299197	8.08496454323943	8.28850191080266	HETEROGENEOUS_OR_UNSTABLE
YX16188T	Hybrid	STAB_CSY_IMPUTED	3	PDAC_032	2	0.704777799799784	0.722506393861893	0.852013154319638	-0.140635278585165	0.360977814367927	5.75042359184612	cluster_1=8.288502;cluster_2=5.750424;cluster_3=8.084965	0.722506393861893	0.0708036361735272	-0.52712763959742	0.597931275770947	0.786003233299197	8.08496454323943	8.28850191080266	HETEROGENEOUS_OR_UNSTABLE
YX16194T	Hybrid	STAB_CSY_FEAT_RESAMP	3	PDAC_033	2	0.87704211189908	0.98046875	0.145702047496197	0.323155496784688	0.371854627110396	4.17334852101045	cluster_1=8.459431;cluster_2=4.173349;cluster_3=9.313298	0.98046875	-0.34248140970553	-0.536269537824763	0.193788128119234	0.164929230406098	9.31329798670905	8.45943142166339	STABLE_HYBRID
YX16194T	Hybrid	STAB_CSY_PRIMARY	3	PDAC_033	2	0.9363258490375	0.994955863808323	0.0457514622353545	0.323155496784688	0.37477072911608	4.17334852101045	cluster_1=8.459431;cluster_2=4.173349;cluster_3=9.313298	0.994955863808323	-0.34248140970553	-0.536269537824763	0.193788128119234	0.164929230406098	9.31329798670905	8.45943142166339	STABLE_HYBRID
YX16194T	Hybrid	STAB_HVG_VAR_FILTER	3	PDAC_033	2	0.97054240250567	1	0	0.339246620871437	0.323826165855282	15.6135635557966	cluster_1=27.428590;cluster_2=15.613564;cluster_3=38.111365	1	-0.34248140970553	-0.536269537824763	0.193788128119234	0.164929230406098	9.31329798670905	8.45943142166339	STABLE_HYBRID
YX16194T	Hybrid	STAB_CSY_LOG2	3	PDAC_033	1	0.734515508248525	0.869960988296489	0.658716986073717	0.356769332194808	0.18950446936229	6.70330089268803	cluster_1=6.703301;cluster_2=9.519975;cluster_3=11.124358	0.869960988296489	-0.34248140970553	-0.536269537824763	0.193788128119234	0.164929230406098	9.31329798670905	8.45943142166339	HETEROGENEOUS_OR_UNSTABLE
YX16194T	Hybrid	STAB_CSY_IMPUTED	3	PDAC_033	2	0.933540231333201	0.997425997425997	0.0258496975129353	0.323155496784688	0.373219674100646	4.17334852101045	cluster_1=8.459431;cluster_2=4.173349;cluster_3=9.313298	0.997425997425997	-0.34248140970553	-0.536269537824763	0.193788128119234	0.164929230406098	9.31329798670905	8.45943142166339	STABLE_HYBRID
YX16194T	Hybrid	STAB_UNSUP_HVG	3	PDAC_033	2	0.819468917726709	1	0	0.300023356745718	0.34186556600618	24.1800485228273	cluster_1=39.565453;cluster_2=24.180049;cluster_3=52.032334	1	-0.34248140970553	-0.536269537824763	0.193788128119234	0.164929230406098	9.31329798670905	8.45943142166339	STABLE_HYBRID
YX16202T	Basal	STAB_HVG_OUTLIER_EXCL	3	PDAC_034	1	0.916145673904233	0.922110552763819	0.394698513972161	-0.0651448596294724	0.408192622050817	37.082422187348	cluster_1=37.082422;cluster_2=47.792625;cluster_3=37.012559	0.922110552763819	0.348921315796739	-0.643434154964038	0.992355470760778	0.991233391480979	8.48982036351685	12.0470943991634	TO_VERIFY
YX16202T	Basal	STAB_CSY_OUTLIER_EXCL	3	PDAC_034	3	0.999802215189873	1	0	0.271329627375734	0.289869953169581	8.34838907233281	cluster_1=12.067466;cluster_2=9.725489;cluster_3=8.348389	1	0.348921315796739	-0.643434154964038	0.992355470760778	0.991233391480979	8.48982036351685	12.0470943991634	STABLE_BASAL
YX16202T	Basal	STAB_CSY_LOG2	3	PDAC_034	3	0.935177206674575	1	0	0.384926384779228	0.312973772874192	9.20787912660123	cluster_1=13.882786;cluster_2=15.214341;cluster_3=9.207879	1	0.348921315796739	-0.643434154964038	0.992355470760778	0.991233391480979	8.48982036351685	12.0470943991634	STABLE_BASAL
YX16202T	Basal	STAB_CSY_FEAT_RESAMP	3	PDAC_034	3	0.962759244974144	0.968710888610763	0.200816053378363	0.267703853704512	0.279551957061936	8.48982036351685	cluster_1=12.047094;cluster_2=9.693907;cluster_3=8.489820	0.968710888610763	0.348921315796739	-0.643434154964038	0.992355470760778	0.991233391480979	8.48982036351685	12.0470943991634	TO_VERIFY
YX16202T	Basal	STAB_CSY_PRIMARY	3	PDAC_034	3	0.999279242174629	1	0	0.267703853704512	0.269401408780435	8.48982036351685	cluster_1=12.047094;cluster_2=9.693907;cluster_3=8.489820	1	0.348921315796739	-0.643434154964038	0.992355470760778	0.991233391480979	8.48982036351685	12.0470943991634	STABLE_BASAL
YX16202T	Basal	STAB_HVG_VAR_FILTER	3	PDAC_034	3	0.56769939204377	0.556776556776557	0.990678629001717	0.108464585255582	0.332252064403763	22.4568179437938	cluster_1=26.086766;cluster_2=35.372985;cluster_3=22.456818	0.556776556776557	0.348921315796739	-0.643434154964038	0.992355470760778	0.991233391480979	8.48982036351685	12.0470943991634	HETEROGENEOUS_OR_UNSTABLE
YX16202T	Basal	STAB_UNSUP_HVG	3	PDAC_034	1	0.788501254289827	0.821648216482165	0.676458054467608	-0.0807735595666036	0.377419306148552	35.9447995823269	cluster_1=35.944800;cluster_2=47.673096;cluster_3=35.779728	0.821648216482165	0.348921315796739	-0.643434154964038	0.992355470760778	0.991233391480979	8.48982036351685	12.0470943991634	HETEROGENEOUS_OR_UNSTABLE
YX16202T	Basal	STAB_CSY_IMPUTED	3	PDAC_034	3	0.998535121649893	0.998756218905473	0.0137970760714616	0.267703853704512	0.270167799882798	8.48982036351685	cluster_1=12.047094;cluster_2=9.693907;cluster_3=8.489820	0.998756218905473	0.348921315796739	-0.643434154964038	0.992355470760778	0.991233391480979	8.48982036351685	12.0470943991634	STABLE_BASAL
YX16203T	Hybrid	STAB_HVG_OUTLIER_EXCL	3	PDAC_035	2	0.854091862158829	0.9775	0.155256137874336	0.288337798450522	0.343007450689194	17.9461943998472	cluster_1=32.017600;cluster_2=17.946194;cluster_3=49.349942	0.9775	-0.442266702184829	-0.445530616634962	0.00326391445013308	0.0376878905086059	8.62808311391444	6.83362760509654	STABLE_HYBRID
YX16203T	Hybrid	STAB_CSY_PRIMARY	3	PDAC_035	2	0.902933560713861	0.952134540750323	0.277259436801649	0.18488563024752	0.379472893486241	4.07416942796409	cluster_1=6.833628;cluster_2=4.074169;cluster_3=8.628083	0.952134540750323	-0.442266702184829	-0.445530616634962	0.00326391445013308	0.0376878905086059	8.62808311391444	6.83362760509654	STABLE_HYBRID
YX16203T	Hybrid	STAB_CSY_IMPUTED	3	PDAC_035	2	0.906398658054457	0.963383838383838	0.226556248623238	0.18488563024752	0.378369568851244	4.07416942796409	cluster_1=6.833628;cluster_2=4.074169;cluster_3=8.628083	0.963383838383838	-0.442266702184829	-0.445530616634962	0.00326391445013308	0.0376878905086059	8.62808311391444	6.83362760509654	STABLE_HYBRID
YX16203T	Hybrid	STAB_CSY_OUTLIER_EXCL	3	PDAC_035	2	0.915684947038256	0.991037131882202	0.073836413289	0.248415261217535	0.354411867671218	3.99028710348396	cluster_1=7.154253;cluster_2=3.990287;cluster_3=8.469169	0.991037131882202	-0.442266702184829	-0.445530616634962	0.00326391445013308	0.0376878905086059	8.62808311391444	6.83362760509654	STABLE_HYBRID
YX16203T	Hybrid	STAB_CSY_LOG2	3	PDAC_035	2	0.967661343502318	0.980670103092783	0.137661398062996	0.245464385071435	0.537707652679624	6.05801608289527	cluster_1=9.087218;cluster_2=6.058016;cluster_3=10.392979	0.980670103092783	-0.442266702184829	-0.445530616634962	0.00326391445013308	0.0376878905086059	8.62808311391444	6.83362760509654	STABLE_HYBRID
YX16203T	Hybrid	STAB_CSY_FEAT_RESAMP	3	PDAC_035	2	0.862261828460027	0.946700507614213	0.300250969625012	0.18488563024752	0.381436550528621	4.07416942796409	cluster_1=6.833628;cluster_2=4.074169;cluster_3=8.628083	0.946700507614213	-0.442266702184829	-0.445530616634962	0.00326391445013308	0.0376878905086059	8.62808311391444	6.83362760509654	TO_VERIFY
YX16203T	Hybrid	STAB_HVG_VAR_FILTER	3	PDAC_035	2	0.971449193572179	0.980769230769231	0.137099478899818	0.27468436269084	0.333686763594343	13.6157199248287	cluster_1=21.197552;cluster_2=13.615720;cluster_3=34.777101	0.980769230769231	-0.442266702184829	-0.445530616634962	0.00326391445013308	0.0376878905086059	8.62808311391444	6.83362760509654	STABLE_HYBRID
YX16203T	Hybrid	STAB_UNSUP_HVG	3	PDAC_035	2	0.825529372007488	0.962337662337662	0.231469466105221	0.284247180999684	0.358279303884835	18.2643140306678	cluster_1=31.302124;cluster_2=18.264314;cluster_3=48.208807	0.962337662337662	-0.442266702184829	-0.445530616634962	0.00326391445013308	0.0376878905086059	8.62808311391444	6.83362760509654	STABLE_HYBRID
YX16207T	Hybrid	STAB_CSY_PRIMARY	3	PDAC_036	2	0.947805021960285	0.992490613266583	0.0637873873239944	0.206087020522498	0.384167018439002	3.88121252261137	cluster_1=6.559322;cluster_2=3.881213;cluster_3=9.110266	0.992490613266583	-0.49424076591322	-0.388317493214778	-0.105923272698442	0.00511220064613675	9.11026550262108	6.55932162875228	STABLE_HYBRID
YX16207T	Hybrid	STAB_HVG_OUTLIER_EXCL	3	PDAC_036	2	0.848739273583064	1	0	0.330894908652741	0.332619088212115	21.1652188891842	cluster_1=38.920761;cluster_2=21.165219;cluster_3=55.570112	1	-0.49424076591322	-0.388317493214778	-0.105923272698442	0.00511220064613675	9.11026550262108	6.55932162875228	STABLE_HYBRID
YX16207T	Hybrid	STAB_CSY_FEAT_RESAMP	3	PDAC_036	2	0.883187571649227	0.973282442748092	0.177653494463359	0.206087020522498	0.380086409928631	3.88121252261137	cluster_1=6.559322;cluster_2=3.881213;cluster_3=9.110266	0.973282442748092	-0.49424076591322	-0.388317493214778	-0.105923272698442	0.00511220064613675	9.11026550262108	6.55932162875228	STABLE_HYBRID
YX16207T	Hybrid	STAB_CSY_IMPUTED	3	PDAC_036	2	0.940878169295701	0.996178343949045	0.0361968960127308	0.206087020522498	0.381422982842091	3.88121252261137	cluster_1=6.559322;cluster_2=3.881213;cluster_3=9.110266	0.996178343949045	-0.49424076591322	-0.388317493214778	-0.105923272698442	0.00511220064613675	9.11026550262108	6.55932162875228	STABLE_HYBRID
YX16207T	Hybrid	STAB_CSY_OUTLIER_EXCL	3	PDAC_036	2	0.922368369359121	0.996277915632754	0.0353958324379338	0.20090423834224	0.35536758300206	4.29997882585859	cluster_1=6.868585;cluster_2=4.299979;cluster_3=9.073222	0.996277915632754	-0.49424076591322	-0.388317493214778	-0.105923272698442	0.00511220064613675	9.11026550262108	6.55932162875228	STABLE_HYBRID
YX16207T	Hybrid	STAB_UNSUP_HVG	3	PDAC_036	2	0.816806905680985	1	0	0.347092166845833	0.33996993534053	20.3172805460669	cluster_1=38.592010;cluster_2=20.317281;cluster_3=54.865768	1	-0.49424076591322	-0.388317493214778	-0.105923272698442	0.00511220064613675	9.11026550262108	6.55932162875228	STABLE_HYBRID
YX16207T	Hybrid	STAB_CSY_LOG2	3	PDAC_036	2	0.985163651590113	0.998735777496839	0.0139940791366003	0.318480151098362	0.543334715560243	5.98101986043044	cluster_1=9.735077;cluster_2=5.981020;cluster_3=11.911447	0.998735777496839	-0.49424076591322	-0.388317493214778	-0.105923272698442	0.00511220064613675	9.11026550262108	6.55932162875228	STABLE_HYBRID
YX16207T	Hybrid	STAB_HVG_VAR_FILTER	3	PDAC_036	2	0.968784374298676	1	0	0.382531916858574	0.32235836457498	13.0704554699861	cluster_1=26.790122;cluster_2=13.070455;cluster_3=40.499500	1	-0.49424076591322	-0.388317493214778	-0.105923272698442	0.00511220064613675	9.11026550262108	6.55932162875228	STABLE_HYBRID
YX16218T	Hybrid	STAB_HVG_OUTLIER_EXCL	3	PDAC_037	2	0.851824571372787	1	0	0.290605134515371	0.333977779549506	22.5342440379313	cluster_1=37.686290;cluster_2=22.534244;cluster_3=54.139841	1	-0.434070323986066	-0.0493607619916088	-0.384709561994457	0.00511220064613675	10.1624682957887	5.88116613143128	STABLE_HYBRID
YX16218T	Hybrid	STAB_UNSUP_HVG	3	PDAC_037	2	0.823243770863225	1	0	0.303336754401933	0.342928557541808	21.8513256177907	cluster_1=37.227734;cluster_2=21.851326;cluster_3=53.444895	1	-0.434070323986066	-0.0493607619916088	-0.384709561994457	0.00511220064613675	10.1624682957887	5.88116613143128	STABLE_HYBRID
YX16218T	Hybrid	STAB_CSY_PRIMARY	3	PDAC_037	2	0.722749320355481	0.731155778894472	0.839801272977736	-0.0357724994149682	0.385466656980591	5.47219984196644	cluster_1=5.881166;cluster_2=5.472200;cluster_3=10.162468	0.731155778894472	-0.434070323986066	-0.0493607619916088	-0.384709561994457	0.00511220064613675	10.1624682957887	5.88116613143128	HETEROGENEOUS_OR_UNSTABLE
YX16218T	Hybrid	STAB_CSY_OUTLIER_EXCL	3	PDAC_037	2	0.827631989333593	0.869897959183674	0.557717965957583	-0.0426149654718294	0.360569016498215	5.38545058960561	cluster_1=6.057602;cluster_2=5.385451;cluster_3=10.019398	0.869897959183674	-0.434070323986066	-0.0493607619916088	-0.384709561994457	0.00511220064613675	10.1624682957887	5.88116613143128	HETEROGENEOUS_OR_UNSTABLE
YX16218T	Hybrid	STAB_CSY_FEAT_RESAMP	3	PDAC_037	2	0.548062246661578	0.540856031128405	0.995178288753159	-0.0357724994149682	0.377730080352543	5.47219984196644	cluster_1=5.881166;cluster_2=5.472200;cluster_3=10.162468	0.540856031128405	-0.434070323986066	-0.0493607619916088	-0.384709561994457	0.00511220064613675	10.1624682957887	5.88116613143128	HETEROGENEOUS_OR_UNSTABLE
YX16218T	Hybrid	STAB_HVG_VAR_FILTER	3	PDAC_037	2	0.968839239911902	1	0	0.30625713110994	0.322132508915524	15.4265352389373	cluster_1=25.459722;cluster_2=15.426535;cluster_3=39.002511	1	-0.434070323986066	-0.0493607619916088	-0.384709561994457	0.00511220064613675	10.1624682957887	5.88116613143128	STABLE_HYBRID
YX16218T	Hybrid	STAB_CSY_IMPUTED	3	PDAC_037	2	0.702094136531043	0.71375	0.863827730316745	-0.0357724994149682	0.385912617431545	5.47219984196644	cluster_1=5.881166;cluster_2=5.472200;cluster_3=10.162468	0.71375	-0.434070323986066	-0.0493607619916088	-0.384709561994457	0.00511220064613675	10.1624682957887	5.88116613143128	HETEROGENEOUS_OR_UNSTABLE
YX16218T	Hybrid	STAB_CSY_LOG2	3	PDAC_037	2	0.976639050408408	0.99353169469599	0.0563416271741556	0.167944838362347	0.541943454799326	5.73573911788106	cluster_1=7.796894;cluster_2=5.735739;cluster_3=12.280968	0.99353169469599	-0.434070323986066	-0.0493607619916088	-0.384709561994457	0.00511220064613675	10.1624682957887	5.88116613143128	STABLE_HYBRID
YX16222T	Classical	STAB_CSY_PRIMARY	3	PDAC_038	1	0.867408519818853	0.927770859277709	0.374187838597272	0.143837147271578	0.341369320594034	6.43829858593873	cluster_1=6.438299;cluster_2=8.294262;cluster_3=11.576273	0.927770859277709	-0.420619101038718	0.844029190188599	-1.26464829122732	0.00511220064613675	11.5762726494268	6.43829858593873	TO_VERIFY
YX16222T	Classical	STAB_CSY_LOG2	3	PDAC_038	2	0.977283032531392	0.998726114649682	0.0140870376817623	0.430256651147316	0.540441201746426	6.63957486971985	cluster_1=11.331484;cluster_2=6.639575;cluster_3=13.354043	0.998726114649682	-0.420619101038718	0.844029190188599	-1.26464829122732	0.00511220064613675	11.5762726494268	6.43829858593873	STABLE_CLASSICAL
YX16222T	Classical	STAB_UNSUP_HVG	3	PDAC_038	2	0.715571523545756	0.642225031605563	0.94082073200543	0.13192083260824	0.42722308537044	24.5234844705627	cluster_1=28.069778;cluster_2=24.523484;cluster_3=44.760269	0.642225031605563	-0.420619101038718	0.844029190188599	-1.26464829122732	0.00511220064613675	11.5762726494268	6.43829858593873	HETEROGENEOUS_OR_UNSTABLE
YX16222T	Classical	STAB_HVG_OUTLIER_EXCL	3	PDAC_038	2	0.800122338011126	0.809045226130653	0.703464505532043	0.145779031680132	0.38687404125216	23.6882135198397	cluster_1=28.710080;cluster_2=23.688214;cluster_3=45.934279	0.809045226130653	-0.420619101038718	0.844029190188599	-1.26464829122732	0.00511220064613675	11.5762726494268	6.43829858593873	HETEROGENEOUS_OR_UNSTABLE
YX16222T	Classical	STAB_CSY_FEAT_RESAMP	3	PDAC_038	1	0.818547023601966	0.8727959697733	0.549720060544695	0.143837147271578	0.358622045069305	6.43829858593873	cluster_1=6.438299;cluster_2=8.294262;cluster_3=11.576273	0.8727959697733	-0.420619101038718	0.844029190188599	-1.26464829122732	0.00511220064613675	11.5762726494268	6.43829858593873	HETEROGENEOUS_OR_UNSTABLE
YX16222T	Classical	STAB_CSY_OUTLIER_EXCL	3	PDAC_038	1	0.873695285409482	0.880616174582799	0.527587093122521	0.0826473630439482	0.343544871627121	6.74580932473506	cluster_1=6.745809;cluster_2=7.819312;cluster_3=11.412921	0.880616174582799	-0.420619101038718	0.844029190188599	-1.26464829122732	0.00511220064613675	11.5762726494268	6.43829858593873	HETEROGENEOUS_OR_UNSTABLE
YX16222T	Classical	STAB_CSY_IMPUTED	3	PDAC_038	1	0.862665344769148	0.917205692108668	0.411949379574502	0.143837147271578	0.345028901916703	6.43829858593873	cluster_1=6.438299;cluster_2=8.294262;cluster_3=11.576273	0.917205692108668	-0.420619101038718	0.844029190188599	-1.26464829122732	0.00511220064613675	11.5762726494268	6.43829858593873	TO_VERIFY
YX16222T	Classical	STAB_HVG_VAR_FILTER	3	PDAC_038	2	0.795703302599178	0.780025284450063	0.760121331612021	0.0869133140380176	0.370215152549632	18.6336858499346	cluster_1=18.623659;cluster_2=18.633686;cluster_3=32.496446	0.780025284450063	-0.420619101038718	0.844029190188599	-1.26464829122732	0.00511220064613675	11.5762726494268	6.43829858593873	HETEROGENEOUS_OR_UNSTABLE
YX16224T	Hybrid	STAB_CSY_PRIMARY	3	PDAC_039	2	0.721004120236063	0.725161290322581	0.848322511681259	-0.0257417043578163	0.396594755779111	5.80026892449979	cluster_1=6.434376;cluster_2=5.800269;cluster_3=10.062948	0.725161290322581	-0.480257131523786	-0.136008873341627	-0.344248258182159	0.00315376359527949	10.0629475968907	6.43437634020001	HETEROGENEOUS_OR_UNSTABLE
YX16224T	Hybrid	STAB_CSY_FEAT_RESAMP	3	PDAC_039	2	0.620103595865592	0.630788485607009	0.950064747999976	-0.0257417043578163	0.394505337838251	5.80026892449979	cluster_1=6.434376;cluster_2=5.800269;cluster_3=10.062948	0.630788485607009	-0.480257131523786	-0.136008873341627	-0.344248258182159	0.00315376359527949	10.0629475968907	6.43437634020001	HETEROGENEOUS_OR_UNSTABLE
YX16224T	Hybrid	STAB_CSY_IMPUTED	3	PDAC_039	2	0.675994350740454	0.682926829268293	0.901170195997422	-0.0257417043578163	0.39420795684231	5.80026892449979	cluster_1=6.434376;cluster_2=5.800269;cluster_3=10.062948	0.682926829268293	-0.480257131523786	-0.136008873341627	-0.344248258182159	0.00315376359527949	10.0629475968907	6.43437634020001	HETEROGENEOUS_OR_UNSTABLE
YX16224T	Hybrid	STAB_CSY_LOG2	3	PDAC_039	2	0.978607781941607	0.998743718592965	0.0139176043545589	0.335481576037786	0.541929657932588	6.86604776680083	cluster_1=10.852509;cluster_2=6.866048;cluster_3=13.722583	0.998743718592965	-0.480257131523786	-0.136008873341627	-0.344248258182159	0.00315376359527949	10.0629475968907	6.43437634020001	STABLE_HYBRID
YX16224T	Hybrid	STAB_UNSUP_HVG	3	PDAC_039	2	0.81880456213182	1	0	0.334088583395432	0.341349750487731	22.0544780715003	cluster_1=39.765974;cluster_2=22.054478;cluster_3=56.342850	1	-0.480257131523786	-0.136008873341627	-0.344248258182159	0.00315376359527949	10.0629475968907	6.43437634020001	STABLE_HYBRID
YX16224T	Hybrid	STAB_HVG_VAR_FILTER	3	PDAC_039	2	0.972618613781911	1	0	0.371232374613366	0.323823210644951	14.2604815155097	cluster_1=27.731755;cluster_2=14.260482;cluster_3=41.367798	1	-0.480257131523786	-0.136008873341627	-0.344248258182159	0.00315376359527949	10.0629475968907	6.43437634020001	STABLE_HYBRID
YX16227T	Classical	STAB_CSY_FEAT_RESAMP	3	PDAC_040	1	0.824585580562794	0.886934673366834	0.509093230846257	0.247924291901064	0.356076442587762	6.55979262741531	cluster_1=6.559793;cluster_2=9.279901;cluster_3=12.613350	0.886934673366834	-0.214595603345005	0.805510313998705	-1.02010591734371	0.00315376359527949	12.6133496117184	6.55979262741531	HETEROGENEOUS_OR_UNSTABLE
YX16227T	Classical	STAB_HVG_OUTLIER_EXCL	3	PDAC_040	2	0.794481344366224	0.814496314496315	0.691970180221121	0.150869306944294	0.383218390863038	25.3533524668845	cluster_1=31.163128;cluster_2=25.353352;cluster_3=48.210024	0.814496314496315	-0.214595603345005	0.805510313998705	-1.02010591734371	0.00315376359527949	12.6133496117184	6.55979262741531	HETEROGENEOUS_OR_UNSTABLE
YX16227T	Classical	STAB_UNSUP_HVG	3	PDAC_040	2	0.700877820960424	0.6272040302267	0.952794745762513	0.136714203483528	0.426985166894717	26.2909191802074	cluster_1=30.816908;cluster_2=26.290919;cluster_3=46.995496	0.6272040302267	-0.214595603345005	0.805510313998705	-1.02010591734371	0.00315376359527949	12.6133496117184	6.55979262741531	HETEROGENEOUS_OR_UNSTABLE
YX16227T	Classical	STAB_CSY_PRIMARY	3	PDAC_040	1	0.888766605786422	0.981179422835634	0.134766214582094	0.247924291901064	0.329227202384939	6.55979262741531	cluster_1=6.559793;cluster_2=9.279901;cluster_3=12.613350	0.981179422835634	-0.214595603345005	0.805510313998705	-1.02010591734371	0.00315376359527949	12.6133496117184	6.55979262741531	STABLE_CLASSICAL
YX16227T	Classical	STAB_CSY_OUTLIER_EXCL	3	PDAC_040	1	0.946914176627949	0.96969696969697	0.195909270873605	0.23063594928897	0.332473821583315	6.63050752193516	cluster_1=6.630508;cluster_2=8.797109;cluster_3=12.435747	0.96969696969697	-0.214595603345005	0.805510313998705	-1.02010591734371	0.00315376359527949	12.6133496117184	6.55979262741531	STABLE_CLASSICAL
YX16227T	Classical	STAB_HVG_VAR_FILTER	3	PDAC_040	1	0.707714747940396	0.74140127388535	0.824624460643688	-0.0587833119828524	0.41880382131685	20.113622904193	cluster_1=20.113623;cluster_2=21.966099;cluster_3=33.556624	0.74140127388535	-0.214595603345005	0.805510313998705	-1.02010591734371	0.00315376359527949	12.6133496117184	6.55979262741531	HETEROGENEOUS_OR_UNSTABLE
YX16227T	Classical	STAB_CSY_IMPUTED	3	PDAC_040	1	0.87861458815137	0.970588235294118	0.191433254814193	0.247924291901064	0.32860656051531	6.55979262741531	cluster_1=6.559793;cluster_2=9.279901;cluster_3=12.613350	0.970588235294118	-0.214595603345005	0.805510313998705	-1.02010591734371	0.00315376359527949	12.6133496117184	6.55979262741531	STABLE_CLASSICAL
YX16227T	Classical	STAB_CSY_LOG2	3	PDAC_040	2	0.979019592943932	0.998716302952503	0.0141813198597984	0.354539691820282	0.543908047903838	6.48519597040092	cluster_1=10.121210;cluster_2=6.485196;cluster_3=13.595593	0.998716302952503	-0.214595603345005	0.805510313998705	-1.02010591734371	0.00315376359527949	12.6133496117184	6.55979262741531	STABLE_CLASSICAL
YX16236T	Classical	STAB_CSY_IMPUTED	3	PDAC_041	1	0.856265377461133	0.950570342205323	0.283969226929732	0.194805900572286	0.33009624939186	7.12933736120301	cluster_1=7.129337;cluster_2=8.900031;cluster_3=12.343414	0.950570342205323	0.00730430873237873	0.326611166404435	-0.319306857672056	0.00794685836260427	12.3434142941333	7.12933736120301	TO_VERIFY
YX16236T	Classical	STAB_CSY_PRIMARY	3	PDAC_041	1	0.857527369206945	0.951005025125628	0.282112245600399	0.194805900572286	0.330551889707518	7.12933736120301	cluster_1=7.129337;cluster_2=8.900031;cluster_3=12.343414	0.951005025125628	0.00730430873237873	0.326611166404435	-0.319306857672056	0.00794685836260427	12.3434142941333	7.12933736120301	TO_VERIFY
YX16236T	Classical	STAB_CSY_FEAT_RESAMP	3	PDAC_041	1	0.787991886108894	0.890274314214464	0.499087988852851	0.194805900572286	0.342535176722199	7.12933736120301	cluster_1=7.129337;cluster_2=8.900031;cluster_3=12.343414	0.890274314214464	0.00730430873237873	0.326611166404435	-0.319306857672056	0.00794685836260427	12.3434142941333	7.12933736120301	TO_VERIFY
YX16236T	Classical	STAB_UNSUP_HVG	3	PDAC_041	1	0.828741709540882	0.84256926952141	0.703938001128571	-0.0731843225695318	0.426853730736501	28.3401626142861	cluster_1=28.340163;cluster_2=29.569836;cluster_3=43.515313	0.84256926952141	0.00730430873237873	0.326611166404435	-0.319306857672056	0.00794685836260427	12.3434142941333	7.12933736120301	HETEROGENEOUS_OR_UNSTABLE
YX16236T	Classical	STAB_CSY_LOG2	3	PDAC_041	1	0.663209524330167	0.367773677736777	0.948947312221539	0.169240667439412	0.43015773008047	7.07743126652463	cluster_1=7.077431;cluster_2=8.899425;cluster_3=14.108967	0.632226322263223	0.00730430873237873	0.326611166404435	-0.319306857672056	0.00794685836260427	12.3434142941333	7.12933736120301	HETEROGENEOUS_OR_UNSTABLE
YX16236T	Classical	STAB_CSY_OUTLIER_EXCL	3	PDAC_041	1	0.916655211714638	0.947761194029851	0.29583217796174	0.23164416013413	0.329855546433917	6.73209843062924	cluster_1=6.732098;cluster_2=8.711827;cluster_3=12.171467	0.947761194029851	0.00730430873237873	0.326611166404435	-0.319306857672056	0.00794685836260427	12.3434142941333	7.12933736120301	TO_VERIFY
YX16236T	Classical	STAB_HVG_VAR_FILTER	3	PDAC_041	1	0.885469495321975	0.961977186311787	0.233152238925253	-0.0179453840386645	0.429999153784969	18.7329302238063	cluster_1=18.732930;cluster_2=22.272331;cluster_3=31.396378	0.961977186311787	0.00730430873237873	0.326611166404435	-0.319306857672056	0.00794685836260427	12.3434142941333	7.12933736120301	TO_VERIFY
YX16236T	Classical	STAB_HVG_OUTLIER_EXCL	3	PDAC_041	1	0.814525835799508	0.817135549872123	0.686303459143108	-0.0730819971651677	0.415482994523436	27.6204819884669	cluster_1=27.620482;cluster_2=28.655542;cluster_3=43.731576	0.817135549872123	0.00730430873237873	0.326611166404435	-0.319306857672056	0.00794685836260427	12.3434142941333	7.12933736120301	HETEROGENEOUS_OR_UNSTABLE
YX16295T	Basal	STAB_CSY_PRIMARY	3	PDAC_057	3	0.999803459119497	1	0	0.513897158901431	0.268673355870079	6.98100517065924	cluster_1=13.396028;cluster_2=12.188453;cluster_3=6.981005	1	0.907837942061746	-0.190770861375863	1.09860880343761	0.991233391480979	6.98100517065924	13.3960278411611	STABLE_BASAL
YX16295T	Basal	STAB_CSY_OUTLIER_EXCL	3	PDAC_057	3	0.999802839116719	1	0	0.508410598484983	0.289158556973117	6.98319343667545	cluster_1=13.279121;cluster_2=12.142035;cluster_3=6.983193	1	0.907837942061746	-0.190770861375863	1.09860880343761	0.991233391480979	6.98100517065924	13.3960278411611	STABLE_BASAL
YX16295T	Basal	STAB_CSY_FEAT_RESAMP	3	PDAC_057	3	0.988554044552982	1	0	0.513897158901431	0.273753846998679	6.98100517065924	cluster_1=13.396028;cluster_2=12.188453;cluster_3=6.981005	1	0.907837942061746	-0.190770861375863	1.09860880343761	0.991233391480979	6.98100517065924	13.3960278411611	STABLE_BASAL
YX16295T	Basal	STAB_UNSUP_HVG	3	PDAC_057	3	0.934225945727823	0.995055624227441	0.0449894607036569	0.294755849913207	0.219428023643031	22.5604141173449	cluster_1=39.378044;cluster_2=55.552795;cluster_3=22.560414	0.995055624227441	0.907837942061746	-0.190770861375863	1.09860880343761	0.991233391480979	6.98100517065924	13.3960278411611	STABLE_BASAL
YX16295T	Basal	STAB_HVG_OUTLIER_EXCL	3	PDAC_057	3	0.92782716900055	0.998777506112469	0.013591405710669	0.281823816001051	0.216515655685734	23.0732402387028	cluster_1=39.892200;cluster_2=55.795744;cluster_3=23.073240	0.998777506112469	0.907837942061746	-0.190770861375863	1.09860880343761	0.991233391480979	6.98100517065924	13.3960278411611	STABLE_BASAL
YX16295T	Basal	STAB_HVG_VAR_FILTER	3	PDAC_057	3	0.921257072692917	0.998724489795918	0.0141026586829572	0.336314667468886	0.211838749835113	14.1168090269228	cluster_1=27.934815;cluster_2=42.203979;cluster_3=14.116809	0.998724489795918	0.907837942061746	-0.190770861375863	1.09860880343761	0.991233391480979	6.98100517065924	13.3960278411611	STABLE_BASAL
YX16295T	Basal	STAB_CSY_LOG2	3	PDAC_057	3	0.928083045614575	1	0	0.484720281923639	0.310583110123801	7.92521442669896	cluster_1=13.588747;cluster_2=14.961110;cluster_3=7.925214	1	0.907837942061746	-0.190770861375863	1.09860880343761	0.991233391480979	6.98100517065924	13.3960278411611	STABLE_BASAL
YX16295T	Basal	STAB_CSY_IMPUTED	3	PDAC_057	3	0.999701563978379	1	0	0.513897158901431	0.269904748952424	6.98100517065924	cluster_1=13.396028;cluster_2=12.188453;cluster_3=6.981005	1	0.907837942061746	-0.190770861375863	1.09860880343761	0.991233391480979	6.98100517065924	13.3960278411611	STABLE_BASAL
YX16327T	Basal	STAB_CSY_FEAT_RESAMP	3	PDAC_058	3	0.965875776443672	0.974842767295597	0.187652952529906	0.25403958197015	0.275449155063057	10.7851080849611	cluster_1=14.029959;cluster_2=12.759472;cluster_3=10.785108	0.974842767295597	0.557358081039187	-0.389160267974532	0.946518349013719	0.90229598889153	10.7851080849611	14.0299586048087	STABLE_BASAL
YX16327T	Basal	STAB_HVG_OUTLIER_EXCL	3	PDAC_058	3	0.922606998567443	0.98974358974359	0.0824882204535105	0.159399638481263	0.219356795493397	26.7622815880135	cluster_1=35.348469;cluster_2=44.444853;cluster_3=26.762282	0.98974358974359	0.557358081039187	-0.389160267974532	0.946518349013719	0.90229598889153	10.7851080849611	14.0299586048087	STABLE_BASAL
YX16327T	Basal	STAB_UNSUP_HVG	3	PDAC_058	3	0.9284564101433	0.973248407643312	0.177830002380689	0.170347110821464	0.22912446653539	26.5555993102098	cluster_1=34.934454;cluster_2=44.036766;cluster_3=26.555599	0.973248407643312	0.557358081039187	-0.389160267974532	0.946518349013719	0.90229598889153	10.7851080849611	14.0299586048087	STABLE_BASAL
YX16327T	Basal	STAB_CSY_PRIMARY	3	PDAC_058	3	0.999188311688312	1	0	0.25403958197015	0.269236844733805	10.7851080849611	cluster_1=14.029959;cluster_2=12.759472;cluster_3=10.785108	1	0.557358081039187	-0.389160267974532	0.946518349013719	0.90229598889153	10.7851080849611	14.0299586048087	STABLE_BASAL
YX16327T	Basal	STAB_CSY_OUTLIER_EXCL	3	PDAC_058	3	0.999806201550388	1	0	0.25579724979881	0.289075195934444	10.6241891988925	cluster_1=13.873663;cluster_2=12.635647;cluster_3=10.624189	1	0.557358081039187	-0.389160267974532	0.946518349013719	0.90229598889153	10.7851080849611	14.0299586048087	STABLE_BASAL
YX16327T	Basal	STAB_CSY_LOG2	3	PDAC_058	3	0.929625935652187	1	0	0.343763766358113	0.311413749063816	9.05139714290699	cluster_1=12.493739;cluster_2=13.688145;cluster_3=9.051397	1	0.557358081039187	-0.389160267974532	0.946518349013719	0.90229598889153	10.7851080849611	14.0299586048087	STABLE_BASAL
YX16327T	Basal	STAB_CSY_IMPUTED	3	PDAC_058	3	0.999323462821024	1	0	0.25403958197015	0.269608944454078	10.7851080849611	cluster_1=14.029959;cluster_2=12.759472;cluster_3=10.785108	1	0.557358081039187	-0.389160267974532	0.946518349013719	0.90229598889153	10.7851080849611	14.0299586048087	STABLE_BASAL
YX16327T	Basal	STAB_HVG_VAR_FILTER	3	PDAC_058	3	0.756607522315697	0.787234042553192	0.746736607483068	0.132473922438794	0.273949327672386	18.86430161773	cluster_1=23.014400;cluster_2=32.279278;cluster_3=18.864302	0.787234042553192	0.557358081039187	-0.389160267974532	0.946518349013719	0.90229598889153	10.7851080849611	14.0299586048087	HETEROGENEOUS_OR_UNSTABLE
YX16335T	Classical	STAB_UNSUP_HVG	3	PDAC_059	1	0.941502195129242	0.948557089084065	0.29249500445412	0.0820588590653569	0.418823294771894	22.937264480733	cluster_1=22.937264;cluster_2=36.312782;cluster_3=32.026902	0.948557089084065	-0.0836218935216186	0.43563760583964	-0.519259499361259	0.333366040926693	9.79741965772391	4.3777839623729	TO_VERIFY
YX16335T	Classical	STAB_CSY_OUTLIER_EXCL	3	PDAC_059	1	0.956981496578022	0.998769987699877	0.0136641069528099	0.393517487948526	0.323324012835976	4.27151730013975	cluster_1=4.271517;cluster_2=6.844420;cluster_3=9.613947	0.998769987699877	-0.0836218935216186	0.43563760583964	-0.519259499361259	0.333366040926693	9.79741965772391	4.3777839623729	STABLE_CLASSICAL
YX16335T	Classical	STAB_CSY_FEAT_RESAMP	3	PDAC_059	1	0.8619033940457	0.997405966277562	0.0260218139323565	0.387283989952763	0.329007837319283	4.3777839623729	cluster_1=4.377784;cluster_2=7.260187;cluster_3=9.797420	0.997405966277562	-0.0836218935216186	0.43563760583964	-0.519259499361259	0.333366040926693	9.79741965772391	4.3777839623729	STABLE_CLASSICAL
YX16335T	Classical	STAB_CSY_IMPUTED	3	PDAC_059	1	0.890355944287694	1	0	0.387283989952763	0.323216643335224	4.3777839623729	cluster_1=4.377784;cluster_2=7.260187;cluster_3=9.797420	1	-0.0836218935216186	0.43563760583964	-0.519259499361259	0.333366040926693	9.79741965772391	4.3777839623729	STABLE_CLASSICAL
YX16335T	Classical	STAB_CSY_PRIMARY	3	PDAC_059	1	0.889142085161629	1	0	0.387283989952763	0.322260171692102	4.3777839623729	cluster_1=4.377784;cluster_2=7.260187;cluster_3=9.797420	1	-0.0836218935216186	0.43563760583964	-0.519259499361259	0.333366040926693	9.79741965772391	4.3777839623729	STABLE_CLASSICAL
YX16335T	Classical	STAB_HVG_VAR_FILTER	3	PDAC_059	1	0.908110733781649	0.998697916666667	0.0143577055717423	0.111139321595047	0.429005509373106	15.3279543217536	cluster_1=15.327954;cluster_2=28.016010;cluster_3=22.707046	0.998697916666667	-0.0836218935216186	0.43563760583964	-0.519259499361259	0.333366040926693	9.79741965772391	4.3777839623729	STABLE_CLASSICAL
YX16335T	Classical	STAB_CSY_LOG2	3	PDAC_059	2	0.971171056942472	0.983333333333333	0.122291597069375	0.247527607672376	0.535980050132104	7.13850016604572	cluster_1=9.467973;cluster_2=7.138500;cluster_3=11.424908	0.983333333333333	-0.0836218935216186	0.43563760583964	-0.519259499361259	0.333366040926693	9.79741965772391	4.3777839623729	STABLE_CLASSICAL
YX16335T	Classical	STAB_HVG_OUTLIER_EXCL	3	PDAC_059	1	0.977106954216842	1	0	0.11123319482978	0.41594458476257	22.1059028233139	cluster_1=22.105903;cluster_2=35.172248;cluster_3=32.359285	1	-0.0836218935216186	0.43563760583964	-0.519259499361259	0.333366040926693	9.79741965772391	4.3777839623729	STABLE_CLASSICAL
YX16341T	Basal	STAB_UNSUP_HVG	3	PDAC_060	3	0.935712866874134	0.992700729927007	0.0623025471207737	0.213936766921122	0.222345535937125	24.2482721266872	cluster_1=35.114874;cluster_2=48.408217;cluster_3=24.248272	0.992700729927007	0.589940001685712	-0.443082846108474	1.03302284779419	0.991233391480979	6.04570040045521	12.3162226618129	STABLE_BASAL
YX16341T	Basal	STAB_CSY_IMPUTED	3	PDAC_060	3	0.99931502019062	1	0	0.487405656643504	0.269090295051898	6.04570040045521	cluster_1=12.316223;cluster_2=10.223638;cluster_3=6.045700	1	0.589940001685712	-0.443082846108474	1.03302284779419	0.991233391480979	6.04570040045521	12.3162226618129	STABLE_BASAL
YX16341T	Basal	STAB_CSY_LOG2	3	PDAC_060	3	0.932764252819651	1	0	0.477321668771939	0.312549669834416	8.39661850824317	cluster_1=14.105400;cluster_2=16.044483;cluster_3=8.396619	1	0.589940001685712	-0.443082846108474	1.03302284779419	0.991233391480979	6.04570040045521	12.3162226618129	STABLE_BASAL
YX16341T	Basal	STAB_CSY_PRIMARY	3	PDAC_060	3	0.999303343949045	1	0	0.487405656643504	0.26853483071957	6.04570040045521	cluster_1=12.316223;cluster_2=10.223638;cluster_3=6.045700	1	0.589940001685712	-0.443082846108474	1.03302284779419	0.991233391480979	6.04570040045521	12.3162226618129	STABLE_BASAL
YX16341T	Basal	STAB_CSY_FEAT_RESAMP	3	PDAC_060	3	0.988362587133377	1	0	0.487405656643504	0.27386405856159	6.04570040045521	cluster_1=12.316223;cluster_2=10.223638;cluster_3=6.045700	1	0.589940001685712	-0.443082846108474	1.03302284779419	0.991233391480979	6.04570040045521	12.3162226618129	STABLE_BASAL
YX16341T	Basal	STAB_HVG_VAR_FILTER	3	PDAC_060	3	0.924826025597477	0.99873257287706	0.0140249200113997	0.239322621397749	0.216229191986904	15.8489418053457	cluster_1=24.666206;cluster_2=36.514835;cluster_3=15.848942	0.99873257287706	0.589940001685712	-0.443082846108474	1.03302284779419	0.991233391480979	6.04570040045521	12.3162226618129	STABLE_BASAL
YX16341T	Basal	STAB_HVG_OUTLIER_EXCL	3	PDAC_060	3	0.927769761211091	0.998719590268886	0.0141497436161198	0.200210728179721	0.215734278662529	24.5603219187745	cluster_1=35.503340;cluster_2=48.249190;cluster_3=24.560322	0.998719590268886	0.589940001685712	-0.443082846108474	1.03302284779419	0.991233391480979	6.04570040045521	12.3162226618129	STABLE_BASAL
YX16341T	Basal	STAB_CSY_OUTLIER_EXCL	3	PDAC_060	3	0.99980376766091	1	0	0.48630946348813	0.289717706586999	5.97406093442415	cluster_1=12.307129;cluster_2=10.173051;cluster_3=5.974061	1	0.589940001685712	-0.443082846108474	1.03302284779419	0.991233391480979	6.04570040045521	12.3162226618129	STABLE_BASAL
YX16343T	Hybrid	STAB_CSY_IMPUTED	3	PDAC_061	2	0.923089241909053	0.979513444302177	0.144163767272951	0.150291482420556	0.373974061292834	21.6612056135674	cluster_1=24.004927;cluster_2=21.661206;cluster_3=23.527026	0.979513444302177	0.530524078922815	-0.276119417983744	0.806643496906559	0.991233391480979	23.5270261995107	24.0049271417386	STABLE_HYBRID
YX16343T	Hybrid	STAB_CSY_LOG2	3	PDAC_061	1	0.699172525212179	0.847908745247148	0.732036524207884	0.165531261676764	0.177138037758518	11.3685712886285	cluster_1=11.368571;cluster_2=17.108852;cluster_3=14.639908	0.847908745247148	0.530524078922815	-0.276119417983744	0.806643496906559	0.991233391480979	23.5270261995107	24.0049271417386	HETEROGENEOUS_OR_UNSTABLE
YX16343T	Hybrid	STAB_HVG_VAR_FILTER	3	PDAC_061	3	0.925153054457021	0.973551637279597	0.176255166019203	0.199322847155208	0.227157352096635	16.4109544393834	cluster_1=23.308489;cluster_2=36.821207;cluster_3=16.410954	0.973551637279597	0.530524078922815	-0.276119417983744	0.806643496906559	0.991233391480979	23.5270261995107	24.0049271417386	STABLE_HYBRID
YX16343T	Hybrid	STAB_HVG_OUTLIER_EXCL	3	PDAC_061	3	0.908766018568746	0.953246753246753	0.272441506181171	0.139927936165125	0.232699593757486	24.5613717049552	cluster_1=31.552400;cluster_2=45.520095;cluster_3=24.561372	0.953246753246753	0.530524078922815	-0.276119417983744	0.806643496906559	0.991233391480979	23.5270261995107	24.0049271417386	STABLE_HYBRID
YX16343T	Hybrid	STAB_UNSUP_HVG	3	PDAC_061	3	0.92607625113062	0.9602053915276	0.241349682865334	0.168532402275756	0.236079235948366	23.8448773573082	cluster_1=31.686702;cluster_2=46.024175;cluster_3=23.844877	0.9602053915276	0.530524078922815	-0.276119417983744	0.806643496906559	0.991233391480979	23.5270261995107	24.0049271417386	STABLE_HYBRID
YX16343T	Hybrid	STAB_CSY_PRIMARY	3	PDAC_061	2	0.925582716621596	0.975765306122449	0.16459847293646	0.150291482420556	0.376826152782241	21.6612056135674	cluster_1=24.004927;cluster_2=21.661206;cluster_3=23.527026	0.975765306122449	0.530524078922815	-0.276119417983744	0.806643496906559	0.991233391480979	23.5270261995107	24.0049271417386	STABLE_HYBRID
YX16343T	Hybrid	STAB_CSY_OUTLIER_EXCL	3	PDAC_061	2	0.886682227477644	0.954716981132075	0.266011098860696	0.116531689721363	0.35349966080375	21.3093269256938	cluster_1=23.491892;cluster_2=21.309327;cluster_3=23.041351	0.954716981132075	0.530524078922815	-0.276119417983744	0.806643496906559	0.991233391480979	23.5270261995107	24.0049271417386	STABLE_HYBRID
YX16343T	Hybrid	STAB_CSY_FEAT_RESAMP	3	PDAC_061	2	0.852914075108233	0.952080706179067	0.291746299231953	0.150291482420556	0.367325622556005	21.6612056135674	cluster_1=24.004927;cluster_2=21.661206;cluster_3=23.527026	0.952080706179067	0.530524078922815	-0.276119417983744	0.806643496906559	0.991233391480979	23.5270261995107	24.0049271417386	STABLE_HYBRID
YX16347T	Classical	STAB_UNSUP_HVG	3	PDAC_062	1	0.945359237512178	0.948232323232323	0.293858988232944	0.0382886526187309	0.420336323760002	28.0054286285234	cluster_1=28.005429;cluster_2=39.084117;cluster_3=34.372459	0.948232323232323	0.0652652775292025	0.283368285330785	-0.218103007801582	0.108418317636948	12.8317409901837	10.2244436414669	TO_VERIFY
YX16347T	Classical	STAB_CSY_PRIMARY	3	PDAC_062	1	0.888999161664878	0.990956072351421	0.0743861810421453	0.118871256942193	0.326849363096283	10.2244436414669	cluster_1=10.224444;cluster_2=11.111557;cluster_3=12.831741	0.990956072351421	0.0652652775292025	0.283368285330785	-0.218103007801582	0.108418317636948	12.8317409901837	10.2244436414669	STABLE_CLASSICAL
YX16347T	Classical	STAB_CSY_IMPUTED	3	PDAC_062	1	0.885781587489154	0.987437185929648	0.0973403419957364	0.118871256942193	0.325919309351012	10.2244436414669	cluster_1=10.224444;cluster_2=11.111557;cluster_3=12.831741	0.987437185929648	0.0652652775292025	0.283368285330785	-0.218103007801582	0.108418317636948	12.8317409901837	10.2244436414669	STABLE_CLASSICAL
YX16347T	Classical	STAB_HVG_OUTLIER_EXCL	3	PDAC_062	1	0.976029190891948	1	0	0.0606489435986024	0.414459083905462	27.3589970477718	cluster_1=27.358997;cluster_2=38.606215;cluster_3=34.483437	1	0.0652652775292025	0.283368285330785	-0.218103007801582	0.108418317636948	12.8317409901837	10.2244436414669	STABLE_CLASSICAL
YX16347T	Classical	STAB_CSY_FEAT_RESAMP	3	PDAC_062	1	0.802051661753274	0.906290115532734	0.535617114584857	0.118871256942193	0.336880892365228	10.2244436414669	cluster_1=10.224444;cluster_2=11.111557;cluster_3=12.831741	0.906290115532734	0.0652652775292025	0.283368285330785	-0.218103007801582	0.108418317636948	12.8317409901837	10.2244436414669	HETEROGENEOUS_OR_UNSTABLE
YX16347T	Classical	STAB_CSY_OUTLIER_EXCL	3	PDAC_062	1	0.928157294847828	0.959798994974874	0.24321303182592	0.118291307761968	0.329959477767431	10.1321398902733	cluster_1=10.132140;cluster_2=10.931441;cluster_3=12.662116	0.959798994974874	0.0652652775292025	0.283368285330785	-0.218103007801582	0.108418317636948	12.8317409901837	10.2244436414669	TO_VERIFY
YX16347T	Classical	STAB_CSY_LOG2	3	PDAC_062	1	0.555725248486634	0.471052631578947	0.997580834496036	0.0614392592299417	0.354159884518993	9.23787726385957	cluster_1=9.237877;cluster_2=10.240696;cluster_3=12.040971	0.528947368421053	0.0652652775292025	0.283368285330785	-0.218103007801582	0.108418317636948	12.8317409901837	10.2244436414669	HETEROGENEOUS_OR_UNSTABLE
YX16347T	Classical	STAB_HVG_VAR_FILTER	3	PDAC_062	1	0.910355337880371	0.997395833333333	0.0261087953116286	0.0853060659270631	0.430245025112264	18.7369424302518	cluster_1=18.736942;cluster_2=29.323589;cluster_3=24.955095	0.997395833333333	0.0652652775292025	0.283368285330785	-0.218103007801582	0.108418317636948	12.8317409901837	10.2244436414669	STABLE_CLASSICAL
