genus	model	formula	model_role	n	host_score_coefficient	host_score_robust_se_HC3	host_score_ci_lower	host_score_ci_upper	host_score_p_value	coefficient_attenuation_vs_Model_0	sign_change_vs_Model_0	directionally_stable_vs_Model_0	max_vif	vif_by_predictor	condition_number	multiple_testing_family	combined_TME_model_executed	host_score_q_value_within_model	contamination_risk_category
Lysobacter	Model_0	CLR_genus ~ standardized_Moffitt50_contrast	primary	62	-0.061540723180312853	0.23678692575040322	-0.5351850950402968	0.41210364867967103	0.7958313389065554		False	True	0.9999999999999998	"{""moffitt50_z"": 0.9999999999999998}"	1.0081634007555278	Model_0_122_genus_tests_Moffitt50	False	0.9320413253335609	LOW_CURRENT_CONCERN
Brevundimonas	Model_0	CLR_genus ~ standardized_Moffitt50_contrast	primary	62	-0.2795158450874988	0.0665617545481776	-0.4126591777396662	-0.14637251243533142	9.005586460217569e-05		False	True	0.9999999999999998	"{""moffitt50_z"": 0.9999999999999998}"	1.0081634007555278	Model_0_122_genus_tests_Moffitt50	False	0.0013733519351831792	HIGH_RISK_POTENTIAL_CONTAMINANT
Paraburkholderia	Model_0	CLR_genus ~ standardized_Moffitt50_contrast	primary	62	-0.21209220275910473	0.16248846282177717	-0.5371175210439507	0.1129331155257412	0.19678248488279365		False	True	0.9999999999999998	"{""moffitt50_z"": 0.9999999999999998}"	1.0081634007555278	Model_0_122_genus_tests_Moffitt50	False	0.3479342486333453	MODERATE_RISK_ENVIRONMENTAL
Aerococcus	Model_0	CLR_genus ~ standardized_Moffitt50_contrast	primary	62	0.18542876191963303	0.1458330563322099	-0.10628078303936928	0.47713830687863534	0.2084527603983912		False	True	0.9999999999999998	"{""moffitt50_z"": 0.9999999999999998}"	1.0081634007555278	Model_0_122_genus_tests_Moffitt50	False	0.3633033824086247	LOW_CURRENT_CONCERN
Acidovorax	Model_0	CLR_genus ~ standardized_Moffitt50_contrast	primary	62	-0.1910142018604444	0.08169491896076882	-0.35442837032730173	-0.027600033393587076	0.022731502078093012		False	True	0.9999999999999998	"{""moffitt50_z"": 0.9999999999999998}"	1.0081634007555278	Model_0_122_genus_tests_Moffitt50	False	0.07495252036560399	LOW_CURRENT_CONCERN
Cupriavidus	Model_0	CLR_genus ~ standardized_Moffitt50_contrast	primary	62	-0.2961220427819774	0.07488163592369748	-0.44590761602901424	-0.14633646953494056	0.0002050709860746752		False	True	0.9999999999999998	"{""moffitt50_z"": 0.9999999999999998}"	1.0081634007555278	Model_0_122_genus_tests_Moffitt50	False	0.0022744236637373067	BIOLOGICALLY_PLAUSIBLE_BUT_CONTAMINATION_SENSITIVE
Staphylococcus	Model_0	CLR_genus ~ standardized_Moffitt50_contrast	primary	62	-0.4506854397751492	0.16345444574097898	-0.7776430115893775	-0.12372786796092089	0.007711950721089734		False	True	0.9999999999999998	"{""moffitt50_z"": 0.9999999999999998}"	1.0081634007555278	Model_0_122_genus_tests_Moffitt50	False	0.03484659214714621	LOW_CURRENT_CONCERN
Luteimonas	Model_0	CLR_genus ~ standardized_Moffitt50_contrast	primary	62	0.07857230425364707	0.1610767077153646	-0.24362908336662426	0.4007736918739184	0.6274732908918886		False	True	0.9999999999999998	"{""moffitt50_z"": 0.9999999999999998}"	1.0081634007555278	Model_0_122_genus_tests_Moffitt50	False	0.8320841466175045	LOW_CURRENT_CONCERN
Rhodopseudomonas	Model_0	CLR_genus ~ standardized_Moffitt50_contrast	primary	62	0.4084976923795205	0.1995535982093805	0.009331064506187925	0.8076643202528531	0.0450393732799802		False	True	0.9999999999999998	"{""moffitt50_z"": 0.9999999999999998}"	1.0081634007555278	Model_0_122_genus_tests_Moffitt50	False	0.1281303096192078	LOW_CURRENT_CONCERN
Rhodoferax	Model_0	CLR_genus ~ standardized_Moffitt50_contrast	primary	62	0.019258221935880847	0.12465299832414267	-0.23008489911944896	0.26860134299121063	0.8777382438231998		False	True	0.9999999999999998	"{""moffitt50_z"": 0.9999999999999998}"	1.0081634007555278	Model_0_122_genus_tests_Moffitt50	False	0.9393339100564068	LOW_CURRENT_CONCERN
Blastomonas	Model_0	CLR_genus ~ standardized_Moffitt50_contrast	primary	62	-0.11673149600708055	0.048604000544721526	-0.21395397243786693	-0.019509019576294168	0.01943370713875064		False	True	0.9999999999999998	"{""moffitt50_z"": 0.9999999999999998}"	1.0081634007555278	Model_0_122_genus_tests_Moffitt50	False	0.0675080967704031	LOW_CURRENT_CONCERN
Aeromonas	Model_0	CLR_genus ~ standardized_Moffitt50_contrast	primary	62	0.35791064317835075	0.15994041244842125	0.03798218450571128	0.6778391018509902	0.02896037832861746		False	True	0.9999999999999998	"{""moffitt50_z"": 0.9999999999999998}"	1.0081634007555278	Model_0_122_genus_tests_Moffitt50	False	0.09297805673924553	LOW_CURRENT_CONCERN
Achromobacter	Model_0	CLR_genus ~ standardized_Moffitt50_contrast	primary	62	-0.2408796078158173	0.1177399003815463	-0.4763944741132003	-0.005364741518434302	0.04516068289857324		False	True	0.9999999999999998	"{""moffitt50_z"": 0.9999999999999998}"	1.0081634007555278	Model_0_122_genus_tests_Moffitt50	False	0.1281303096192078	LOW_CURRENT_CONCERN
Azoarcus	Model_0	CLR_genus ~ standardized_Moffitt50_contrast	primary	62	-0.2006526248572214	0.07622618973495311	-0.35312770616449385	-0.048177543549948965	0.01076621891409364		False	True	0.9999999999999998	"{""moffitt50_z"": 0.9999999999999998}"	1.0081634007555278	Model_0_122_genus_tests_Moffitt50	False	0.04016884356972097	LOW_CURRENT_CONCERN
Enterobacter	Model_0	CLR_genus ~ standardized_Moffitt50_contrast	primary	62	0.25475421888014305	0.2146780983760928	-0.17466591373571844	0.6841743514960046	0.240031341575597		False	True	0.9999999999999998	"{""moffitt50_z"": 0.9999999999999998}"	1.0081634007555278	Model_0_122_genus_tests_Moffitt50	False	0.40671977322531716	LOW_CURRENT_CONCERN
Methyloversatilis	Model_0	CLR_genus ~ standardized_Moffitt50_contrast	primary	62	-0.07576835339823655	0.0535984375428929	-0.1829811912786526	0.03144448448217947	0.16263815390011055		False	True	0.9999999999999998	"{""moffitt50_z"": 0.9999999999999998}"	1.0081634007555278	Model_0_122_genus_tests_Moffitt50	False	0.3100289808720857	LOW_CURRENT_CONCERN
Mycobacterium	Model_0	CLR_genus ~ standardized_Moffitt50_contrast	primary	62	-0.15766890635792424	0.1984547338535677	-0.5546374782536354	0.23929966553778687	0.43004566310777514		False	True	0.9999999999999998	"{""moffitt50_z"": 0.9999999999999998}"	1.0081634007555278	Model_0_122_genus_tests_Moffitt50	False	0.6464311600498758	LOW_CURRENT_CONCERN
Rubrivivax	Model_0	CLR_genus ~ standardized_Moffitt50_contrast	primary	62	0.4345985498744985	0.12269183405057418	0.18917834144419993	0.680018758304797	0.0007748682129468297		False	True	0.9999999999999998	"{""moffitt50_z"": 0.9999999999999998}"	1.0081634007555278	Model_0_122_genus_tests_Moffitt50	False	0.005560818939971367	LOW_CURRENT_CONCERN
Mesorhizobium	Model_0	CLR_genus ~ standardized_Moffitt50_contrast	primary	62	0.33120565962261966	0.15518347760012263	0.020792487366495638	0.6416188318787437	0.03691503915744482		False	True	0.9999999999999998	"{""moffitt50_z"": 0.9999999999999998}"	1.0081634007555278	Model_0_122_genus_tests_Moffitt50	False	0.1125908694302067	MODERATE_RISK_ENVIRONMENTAL
Nocardioides	Model_0	CLR_genus ~ standardized_Moffitt50_contrast	primary	62	0.6261896432712264	0.15509823924152483	0.31594697311815767	0.9364323134242951	0.00015563710534905966		False	True	0.9999999999999998	"{""moffitt50_z"": 0.9999999999999998}"	1.0081634007555278	Model_0_122_genus_tests_Moffitt50	False	0.001898772685258528	LOW_CURRENT_CONCERN
Comamonas	Model_0	CLR_genus ~ standardized_Moffitt50_contrast	primary	62	-0.17378071162397604	0.051218430129572355	-0.27623282585914916	-0.07132859738880291	0.0012297325304157884		False	True	0.9999999999999998	"{""moffitt50_z"": 0.9999999999999998}"	1.0081634007555278	Model_0_122_genus_tests_Moffitt50	False	0.008334853817262566	HIGH_RISK_POTENTIAL_CONTAMINANT
Dechloromonas	Model_0	CLR_genus ~ standardized_Moffitt50_contrast	primary	62	-0.41476105784175477	0.10256503444257532	-0.6199216728520558	-0.2096004428314538	0.00015228239644237521		False	True	0.9999999999999998	"{""moffitt50_z"": 0.9999999999999998}"	1.0081634007555278	Model_0_122_genus_tests_Moffitt50	False	0.001898772685258528	MODERATE_RISK_ENVIRONMENTAL
Chelatococcus	Model_0	CLR_genus ~ standardized_Moffitt50_contrast	primary	62	0.1967305031746325	0.13750038606918324	-0.07831121960567464	0.4717722259549396	0.1576858276625466		False	True	0.9999999999999998	"{""moffitt50_z"": 0.9999999999999998}"	1.0081634007555278	Model_0_122_genus_tests_Moffitt50	False	0.3053598567433442	LOW_CURRENT_CONCERN
Bordetella	Model_0	CLR_genus ~ standardized_Moffitt50_contrast	primary	62	-0.06426067719379143	0.1161848872983311	-0.2966650542076154	0.16814369982003252	0.5822569361437695		False	True	0.9999999999999998	"{""moffitt50_z"": 0.9999999999999998}"	1.0081634007555278	Model_0_122_genus_tests_Moffitt50	False	0.7806082001048338	LOW_CURRENT_CONCERN
Kocuria	Model_0	CLR_genus ~ standardized_Moffitt50_contrast	primary	62	0.03657658493653932	0.21753808870805846	-0.39856438011133494	0.47171754998441356	0.8670396030085502		False	True	0.9999999999999998	"{""moffitt50_z"": 0.9999999999999998}"	1.0081634007555278	Model_0_122_genus_tests_Moffitt50	False	0.9360958545756028	LOW_CURRENT_CONCERN
Bosea	Model_0	CLR_genus ~ standardized_Moffitt50_contrast	primary	62	0.36654006109400905	0.18368863845297392	-0.0008919223322395586	0.7339720445202577	0.050541081878895534		False	True	0.9999999999999998	"{""moffitt50_z"": 0.9999999999999998}"	1.0081634007555278	Model_0_122_genus_tests_Moffitt50	False	0.12998225181044593	LOW_CURRENT_CONCERN
Phenylobacterium	Model_0	CLR_genus ~ standardized_Moffitt50_contrast	primary	62	-0.012695448815743941	0.18237570238347167	-0.3775011690817232	0.3521102714502354	0.9447343607036358		False	True	0.9999999999999998	"{""moffitt50_z"": 0.9999999999999998}"	1.0081634007555278	Model_0_122_genus_tests_Moffitt50	False	0.9690616859343562	LOW_CURRENT_CONCERN
Xanthomonas	Model_0	CLR_genus ~ standardized_Moffitt50_contrast	primary	62	0.08484123364794764	0.18952487236188112	-0.2942649557550538	0.4639474230509491	0.6560162911135754		False	True	0.9999999999999998	"{""moffitt50_z"": 0.9999999999999998}"	1.0081634007555278	Model_0_122_genus_tests_Moffitt50	False	0.8424630264826969	LOW_CURRENT_CONCERN
Azospira	Model_0	CLR_genus ~ standardized_Moffitt50_contrast	primary	62	-0.052228846095216844	0.14785717697509207	-0.3479872351676705	0.24352954297723683	0.725147739847241		False	True	0.9999999999999998	"{""moffitt50_z"": 0.9999999999999998}"	1.0081634007555278	Model_0_122_genus_tests_Moffitt50	False	0.8759210322907267	LOW_CURRENT_CONCERN
Deinococcus	Model_0	CLR_genus ~ standardized_Moffitt50_contrast	primary	62	-0.04039858056848558	0.1605307757515292	-0.361507941670529	0.2807107805335578	0.8021667144264253		False	True	0.9999999999999998	"{""moffitt50_z"": 0.9999999999999998}"	1.0081634007555278	Model_0_122_genus_tests_Moffitt50	False	0.9320413253335609	LOW_CURRENT_CONCERN
Hydrogenophaga	Model_0	CLR_genus ~ standardized_Moffitt50_contrast	primary	62	-0.2690395239003101	0.07405046410359391	-0.4171625059658741	-0.12091654183474607	0.0005816653626472087		False	True	0.9999999999999998	"{""moffitt50_z"": 0.9999999999999998}"	1.0081634007555278	Model_0_122_genus_tests_Moffitt50	False	0.004435198390184966	LOW_CURRENT_CONCERN
Porphyrobacter	Model_0	CLR_genus ~ standardized_Moffitt50_contrast	primary	62	-0.13378921446492176	0.06987996727292634	-0.2735699608033841	0.005991531873540568	0.06032068479209927		False	True	0.9999999999999998	"{""moffitt50_z"": 0.9999999999999998}"	1.0081634007555278	Model_0_122_genus_tests_Moffitt50	False	0.1471824708927222	LOW_CURRENT_CONCERN
Aromatoleum	Model_0	CLR_genus ~ standardized_Moffitt50_contrast	primary	62	0.2551309035036062	0.1490309022932338	-0.04297528576636939	0.5532370927735817	0.09207379689090818		False	True	0.9999999999999998	"{""moffitt50_z"": 0.9999999999999998}"	1.0081634007555278	Model_0_122_genus_tests_Moffitt50	False	0.2005893432266214	LOW_CURRENT_CONCERN
Microbacterium	Model_0	CLR_genus ~ standardized_Moffitt50_contrast	primary	62	0.3228329056563577	0.16160683265737996	-0.00042888973082244597	0.6460947010435378	0.05029511589444125		False	True	0.9999999999999998	"{""moffitt50_z"": 0.9999999999999998}"	1.0081634007555278	Model_0_122_genus_tests_Moffitt50	False	0.12998225181044593	LOW_CURRENT_CONCERN
Mitsuaria	Model_0	CLR_genus ~ standardized_Moffitt50_contrast	primary	62	0.05153448797413285	0.17258137999585257	-0.29367967055178645	0.39674864650005215	0.766269559367984		False	True	0.9999999999999998	"{""moffitt50_z"": 0.9999999999999998}"	1.0081634007555278	Model_0_122_genus_tests_Moffitt50	False	0.9076202547853791	LOW_CURRENT_CONCERN
Pandoraea	Model_0	CLR_genus ~ standardized_Moffitt50_contrast	primary	62	0.43284159342366824	0.08923170985013112	0.25435159855584255	0.6113315882914939	9.100980313743658e-06		False	True	0.9999999999999998	"{""moffitt50_z"": 0.9999999999999998}"	1.0081634007555278	Model_0_122_genus_tests_Moffitt50	False	0.0002775798995691816	LOW_CURRENT_CONCERN
Rhodococcus	Model_0	CLR_genus ~ standardized_Moffitt50_contrast	primary	62	-0.06294518881153104	0.16766638588242636	-0.39832789531715096	0.27243751769408886	0.7086726408041827		False	True	0.9999999999999998	"{""moffitt50_z"": 0.9999999999999998}"	1.0081634007555278	Model_0_122_genus_tests_Moffitt50	False	0.8645806217811028	LOW_CURRENT_CONCERN
Streptococcus	Model_0	CLR_genus ~ standardized_Moffitt50_contrast	primary	62	0.29304448805392724	0.14622232961111262	0.0005562806029674183	0.5855326955048871	0.04957955104954605		False	True	0.9999999999999998	"{""moffitt50_z"": 0.9999999999999998}"	1.0081634007555278	Model_0_122_genus_tests_Moffitt50	False	0.12998225181044593	LOW_CURRENT_CONCERN
Rhizorhabdus	Model_0	CLR_genus ~ standardized_Moffitt50_contrast	primary	62	-0.27709784681810745	0.08642583768817678	-0.4499752617115254	-0.1042204319246895	0.0021573654461332302		False	True	0.9999999999999998	"{""moffitt50_z"": 0.9999999999999998}"	1.0081634007555278	Model_0_122_genus_tests_Moffitt50	False	0.012533265925154956	LOW_CURRENT_CONCERN
Citromicrobium	Model_0	CLR_genus ~ standardized_Moffitt50_contrast	primary	62	-0.010084452048481948	0.14618685519272734	-0.30250170009760846	0.28233279600064454	0.9452323002146589		False	True	0.9999999999999998	"{""moffitt50_z"": 0.9999999999999998}"	1.0081634007555278	Model_0_122_genus_tests_Moffitt50	False	0.9690616859343562	LOW_CURRENT_CONCERN
Massilia	Model_0	CLR_genus ~ standardized_Moffitt50_contrast	primary	62	0.15965489488433643	0.13744336970185136	-0.11527277818057757	0.43458256794925043	0.249996211236771		False	True	0.9999999999999998	"{""moffitt50_z"": 0.9999999999999998}"	1.0081634007555278	Model_0_122_genus_tests_Moffitt50	False	0.4178018872724118	LOW_CURRENT_CONCERN
Candida	Model_0	CLR_genus ~ standardized_Moffitt50_contrast	primary	62	-1.124347947887254	0.2434603973443412	-1.611341250441866	-0.637354645332642	2.0949442316539534e-05		False	True	0.9999999999999998	"{""moffitt50_z"": 0.9999999999999998}"	1.0081634007555278	Model_0_122_genus_tests_Moffitt50	False	0.0005111663925235647	LOW_CURRENT_CONCERN
Ramlibacter	Model_0	CLR_genus ~ standardized_Moffitt50_contrast	primary	62	-0.3627736806258947	0.09797397821319424	-0.5587508158598198	-0.1667965453919697	0.0004659431560686687		False	True	0.9999999999999998	"{""moffitt50_z"": 0.9999999999999998}"	1.0081634007555278	Model_0_122_genus_tests_Moffitt50	False	0.004060361788598399	LOW_CURRENT_CONCERN
Caulobacter	Model_0	CLR_genus ~ standardized_Moffitt50_contrast	primary	62	-0.11904701988270319	0.04779771366497228	-0.21465668242400848	-0.023437357341397916	0.0155367222946319		False	True	0.9999999999999998	"{""moffitt50_z"": 0.9999999999999998}"	1.0081634007555278	Model_0_122_genus_tests_Moffitt50	False	0.055749415292502706	HIGH_RISK_POTENTIAL_CONTAMINANT
Bacteroides	Model_0	CLR_genus ~ standardized_Moffitt50_contrast	primary	62	0.2500406407598403	0.2958215674494534	-0.34169059631414594	0.8417718778338266	0.4013341289184158		False	True	0.9999999999999998	"{""moffitt50_z"": 0.9999999999999998}"	1.0081634007555278	Model_0_122_genus_tests_Moffitt50	False	0.6120345466005841	LOW_CURRENT_CONCERN
Enterococcus	Model_0	CLR_genus ~ standardized_Moffitt50_contrast	primary	62	-0.07425175039993892	0.15567388151905964	-0.3856458765470199	0.23714237574714203	0.6351162921205129		False	True	0.9999999999999998	"{""moffitt50_z"": 0.9999999999999998}"	1.0081634007555278	Model_0_122_genus_tests_Moffitt50	False	0.8331633079430385	LOW_CURRENT_CONCERN
Laribacter	Model_0	CLR_genus ~ standardized_Moffitt50_contrast	primary	62	0.09525219040488075	0.14953301074336126	-0.20385836530429968	0.3943627461140612	0.5265494102098913		False	True	0.9999999999999998	"{""moffitt50_z"": 0.9999999999999998}"	1.0081634007555278	Model_0_122_genus_tests_Moffitt50	False	0.729988955063713	LOW_CURRENT_CONCERN
Variovorax	Model_0	CLR_genus ~ standardized_Moffitt50_contrast	primary	62	-0.31170278759161174	0.08520901245603252	-0.4821461896233995	-0.14125938555982395	0.0005373931522408709		False	True	0.9999999999999998	"{""moffitt50_z"": 0.9999999999999998}"	1.0081634007555278	Model_0_122_genus_tests_Moffitt50	False	0.00437079763822575	LOW_CURRENT_CONCERN
Pseudomonas	Model_0	CLR_genus ~ standardized_Moffitt50_contrast	primary	62	0.10975022481127274	0.06815107100023182	-0.026572214078430176	0.24607266370097564	0.11256041853531731		False	True	0.9999999999999998	"{""moffitt50_z"": 0.9999999999999998}"	1.0081634007555278	Model_0_122_genus_tests_Moffitt50	False	0.23275205188658835	BIOLOGICALLY_PLAUSIBLE_BUT_CONTAMINATION_SENSITIVE
Methylobacterium	Model_0	CLR_genus ~ standardized_Moffitt50_contrast	primary	62	0.20967837636695216	0.11987657673457135	-0.03011047898573621	0.44946723171964054	0.08538428917514201		False	True	0.9999999999999998	"{""moffitt50_z"": 0.9999999999999998}"	1.0081634007555278	Model_0_122_genus_tests_Moffitt50	False	0.18939787780667866	BIOLOGICALLY_PLAUSIBLE_BUT_CONTAMINATION_SENSITIVE
Elizabethkingia	Model_0	CLR_genus ~ standardized_Moffitt50_contrast	primary	62	0.38810749791913457	0.17604087957257128	0.03597330992464559	0.7402416859136236	0.03132461765699775		False	True	0.9999999999999998	"{""moffitt50_z"": 0.9999999999999998}"	1.0081634007555278	Model_0_122_genus_tests_Moffitt50	False	0.09798982959368525	HIGH_RISK_POTENTIAL_CONTAMINANT
Tessaracoccus	Model_0	CLR_genus ~ standardized_Moffitt50_contrast	primary	62	-0.10842499714786036	0.08197617934444602	-0.27240177014760614	0.05555177585188539	0.19097435891831255		False	True	0.9999999999999998	"{""moffitt50_z"": 0.9999999999999998}"	1.0081634007555278	Model_0_122_genus_tests_Moffitt50	False	0.3469750561478388	LOW_CURRENT_CONCERN
Agrobacterium	Model_0	CLR_genus ~ standardized_Moffitt50_contrast	primary	62	-0.21453134297342788	0.10722772441799978	-0.42901872658629814	-4.395936055762162e-05	0.04995454491261218		False	True	0.9999999999999998	"{""moffitt50_z"": 0.9999999999999998}"	1.0081634007555278	Model_0_122_genus_tests_Moffitt50	False	0.12998225181044593	LOW_CURRENT_CONCERN
Azospirillum	Model_0	CLR_genus ~ standardized_Moffitt50_contrast	primary	62	0.10052029247297183	0.17262436773305165	-0.24477985433004007	0.44582043927598375	0.5625421128938579		False	True	0.9999999999999998	"{""moffitt50_z"": 0.9999999999999998}"	1.0081634007555278	Model_0_122_genus_tests_Moffitt50	False	0.7711251435174232	LOW_CURRENT_CONCERN
Clostridium	Model_0	CLR_genus ~ standardized_Moffitt50_contrast	primary	62	-0.3280822276246494	0.24902934667571558	-0.8262150873977174	0.1700506321484186	0.19269866009343534		False	True	0.9999999999999998	"{""moffitt50_z"": 0.9999999999999998}"	1.0081634007555278	Model_0_122_genus_tests_Moffitt50	False	0.3469750561478388	LOW_CURRENT_CONCERN
Ensifer	Model_0	CLR_genus ~ standardized_Moffitt50_contrast	primary	62	0.4155740207649449	0.15808209990432792	0.09936274062687706	0.7317853009030126	0.010865342932793377		False	True	0.9999999999999998	"{""moffitt50_z"": 0.9999999999999998}"	1.0081634007555278	Model_0_122_genus_tests_Moffitt50	False	0.04016884356972097	LOW_CURRENT_CONCERN
Roseomonas	Model_0	CLR_genus ~ standardized_Moffitt50_contrast	primary	62	-0.06461365419924883	0.17053373991895365	-0.4057319227390781	0.2765046143405804	0.7061065036170256		False	True	0.9999999999999998	"{""moffitt50_z"": 0.9999999999999998}"	1.0081634007555278	Model_0_122_genus_tests_Moffitt50	False	0.8645806217811028	LOW_CURRENT_CONCERN
Croceicoccus	Model_0	CLR_genus ~ standardized_Moffitt50_contrast	primary	62	0.035517590763580596	0.1915758886944932	-0.3476912421424605	0.41872642366962165	0.8535429925142518		False	True	0.9999999999999998	"{""moffitt50_z"": 0.9999999999999998}"	1.0081634007555278	Model_0_122_genus_tests_Moffitt50	False	0.9329795717732935	LOW_CURRENT_CONCERN
Rhodobacter	Model_0	CLR_genus ~ standardized_Moffitt50_contrast	primary	62	0.23072036227089346	0.21594760821889103	-0.20123916811854295	0.6626798926603299	0.2896158422601023		False	True	0.9999999999999998	"{""moffitt50_z"": 0.9999999999999998}"	1.0081634007555278	Model_0_122_genus_tests_Moffitt50	False	0.46490964152279574	LOW_CURRENT_CONCERN
Micrococcus	Model_0	CLR_genus ~ standardized_Moffitt50_contrast	primary	62	-0.0561582938388701	0.2741906160169642	-0.6046211858743519	0.4923045981966117	0.8384100575481311		False	True	0.9999999999999998	"{""moffitt50_z"": 0.9999999999999998}"	1.0081634007555278	Model_0_122_genus_tests_Moffitt50	False	0.9329795717732935	LOW_CURRENT_CONCERN
Bradyrhizobium	Model_0	CLR_genus ~ standardized_Moffitt50_contrast	primary	62	0.14211600486412648	0.11961165653338224	-0.09714293118711573	0.3813749409153687	0.2394581304299657		False	True	0.9999999999999998	"{""moffitt50_z"": 0.9999999999999998}"	1.0081634007555278	Model_0_122_genus_tests_Moffitt50	False	0.40671977322531716	BIOLOGICALLY_PLAUSIBLE_BUT_CONTAMINATION_SENSITIVE
Aquabacterium	Model_0	CLR_genus ~ standardized_Moffitt50_contrast	primary	62	-0.18825613975279007	0.10486060878894218	-0.3980085871284005	0.021496307622820343	0.07764258180961638		False	True	0.9999999999999998	"{""moffitt50_z"": 0.9999999999999998}"	1.0081634007555278	Model_0_122_genus_tests_Moffitt50	False	0.17741796844354815	LOW_CURRENT_CONCERN
Prevotella	Model_0	CLR_genus ~ standardized_Moffitt50_contrast	primary	62	0.05402560190585945	0.2379446963075934	-0.4219346558780642	0.5299858596897831	0.8211558629557042		False	True	0.9999999999999998	"{""moffitt50_z"": 0.9999999999999998}"	1.0081634007555278	Model_0_122_genus_tests_Moffitt50	False	0.9329795717732935	LOW_CURRENT_CONCERN
Sulfuritalea	Model_0	CLR_genus ~ standardized_Moffitt50_contrast	primary	62	0.05111045748119941	0.12205117465263121	-0.19302824135074084	0.29524915631313964	0.6768849890843128		False	True	0.9999999999999998	"{""moffitt50_z"": 0.9999999999999998}"	1.0081634007555278	Model_0_122_genus_tests_Moffitt50	False	0.8602080069613143	LOW_CURRENT_CONCERN
Escherichia	Model_0	CLR_genus ~ standardized_Moffitt50_contrast	primary	62	-0.2282008034756948	0.26555540958706264	-0.759390710896801	0.30298910394541134	0.39357664084266175		False	True	0.9999999999999998	"{""moffitt50_z"": 0.9999999999999998}"	1.0081634007555278	Model_0_122_genus_tests_Moffitt50	False	0.6078019010481611	LOW_CURRENT_CONCERN
Moraxella	Model_0	CLR_genus ~ standardized_Moffitt50_contrast	primary	62	-0.0026681331131493766	0.16091402817241948	-0.3245441131979814	0.3192078469716826	0.9868258094926099		False	True	0.9999999999999998	"{""moffitt50_z"": 0.9999999999999998}"	1.0081634007555278	Model_0_122_genus_tests_Moffitt50	False	0.9868258094926099	LOW_CURRENT_CONCERN
Shinella	Model_0	CLR_genus ~ standardized_Moffitt50_contrast	primary	62	-0.046690626786097957	0.1191632632979437	-0.2850526428250866	0.19167138925289065	0.696578971670788		False	True	0.9999999999999998	"{""moffitt50_z"": 0.9999999999999998}"	1.0081634007555278	Model_0_122_genus_tests_Moffitt50	False	0.8645806217811028	LOW_CURRENT_CONCERN
Cutibacterium	Model_0	CLR_genus ~ standardized_Moffitt50_contrast	primary	62	-0.33543169367984577	0.10842460976213811	-0.5523132044397967	-0.11855018291989483	0.0030002357887154514		False	True	0.9999999999999998	"{""moffitt50_z"": 0.9999999999999998}"	1.0081634007555278	Model_0_122_genus_tests_Moffitt50	False	0.01591429418362109	LOW_CURRENT_CONCERN
Chryseobacterium	Model_0	CLR_genus ~ standardized_Moffitt50_contrast	primary	62	0.37510547964437785	0.12948736621744847	0.11609218302125279	0.6341187762675029	0.005253664017281592		False	True	0.9999999999999998	"{""moffitt50_z"": 0.9999999999999998}"	1.0081634007555278	Model_0_122_genus_tests_Moffitt50	False	0.024651808081090548	LOW_CURRENT_CONCERN
Aminobacter	Model_0	CLR_genus ~ standardized_Moffitt50_contrast	primary	62	0.030048880753455503	0.14893462714491332	-0.26786472954702045	0.3279624910539315	0.8407877392947823		False	True	0.9999999999999998	"{""moffitt50_z"": 0.9999999999999998}"	1.0081634007555278	Model_0_122_genus_tests_Moffitt50	False	0.9329795717732935	LOW_CURRENT_CONCERN
Sphingopyxis	Model_0	CLR_genus ~ standardized_Moffitt50_contrast	primary	62	-0.16906082072979833	0.05080965925575997	-0.27069527147638167	-0.06742636998321498	0.0015012255074618864		False	True	0.9999999999999998	"{""moffitt50_z"": 0.9999999999999998}"	1.0081634007555278	Model_0_122_genus_tests_Moffitt50	False	0.009639447995281587	MODERATE_RISK_ENVIRONMENTAL
Thiomonas	Model_0	CLR_genus ~ standardized_Moffitt50_contrast	primary	62	0.004131528499327103	0.18900102616950462	-0.37392681250599313	0.3821898695046474	0.9826323118552127		False	True	0.9999999999999998	"{""moffitt50_z"": 0.9999999999999998}"	1.0081634007555278	Model_0_122_genus_tests_Moffitt50	False	0.9868258094926099	LOW_CURRENT_CONCERN
Flavobacterium	Model_0	CLR_genus ~ standardized_Moffitt50_contrast	primary	62	-0.19866525486830303	0.053640332556143956	-0.3059618952524784	-0.09136861448412767	0.00046460264471216993		False	True	0.9999999999999998	"{""moffitt50_z"": 0.9999999999999998}"	1.0081634007555278	Model_0_122_genus_tests_Moffitt50	False	0.004060361788598399	LOW_CURRENT_CONCERN
Verminephrobacter	Model_0	CLR_genus ~ standardized_Moffitt50_contrast	primary	62	0.006709134566518618	0.11705702566240625	-0.22743977891745995	0.24085804805049718	0.9544846465151932		False	True	0.9999999999999998	"{""moffitt50_z"": 0.9999999999999998}"	1.0081634007555278	Model_0_122_genus_tests_Moffitt50	False	0.9703927239571131	LOW_CURRENT_CONCERN
Citrobacter	Model_0	CLR_genus ~ standardized_Moffitt50_contrast	primary	62	-0.5833013793758801	0.24388293997154878	-1.0711398930274036	-0.09546286572435658	0.019920421997823866		False	True	0.9999999999999998	"{""moffitt50_z"": 0.9999999999999998}"	1.0081634007555278	Model_0_122_genus_tests_Moffitt50	False	0.0675080967704031	LOW_CURRENT_CONCERN
Sphingobium	Model_0	CLR_genus ~ standardized_Moffitt50_contrast	primary	62	-0.4028104653169503	0.07196852550134512	-0.5467689501308687	-0.25885198050303193	5.720657062697712e-07		False	True	0.9999999999999998	"{""moffitt50_z"": 0.9999999999999998}"	1.0081634007555278	Model_0_122_genus_tests_Moffitt50	False	6.979201616491209e-05	LOW_CURRENT_CONCERN
Methylorubrum	Model_0	CLR_genus ~ standardized_Moffitt50_contrast	primary	62	0.5232445227288702	0.19318644253111605	0.1368141024911958	0.9096749429665447	0.008794452898192019		False	True	0.9999999999999998	"{""moffitt50_z"": 0.9999999999999998}"	1.0081634007555278	Model_0_122_genus_tests_Moffitt50	False	0.03831868762783665	LOW_CURRENT_CONCERN
Ralstonia	Model_0	CLR_genus ~ standardized_Moffitt50_contrast	primary	62	0.03137965417990435	0.15155277359212035	-0.2717710287566343	0.334530337116443	0.8366685515542133		False	True	0.9999999999999998	"{""moffitt50_z"": 0.9999999999999998}"	1.0081634007555278	Model_0_122_genus_tests_Moffitt50	False	0.9329795717732935	HIGH_RISK_POTENTIAL_CONTAMINANT
Erythrobacter	Model_0	CLR_genus ~ standardized_Moffitt50_contrast	primary	62	-0.25485079833434315	0.04840688245419064	-0.351678979877961	-0.15802261679072532	1.991027463855525e-06		False	True	0.9999999999999998	"{""moffitt50_z"": 0.9999999999999998}"	1.0081634007555278	Model_0_122_genus_tests_Moffitt50	False	0.00012145267529518703	LOW_CURRENT_CONCERN
Xanthobacter	Model_0	CLR_genus ~ standardized_Moffitt50_contrast	primary	62	-0.061194281055554856	0.18575328314756104	-0.43275616876761935	0.31036760665650964	0.7429715873009478		False	True	0.9999999999999998	"{""moffitt50_z"": 0.9999999999999998}"	1.0081634007555278	Model_0_122_genus_tests_Moffitt50	False	0.8886522906932904	LOW_CURRENT_CONCERN
Paucibacter	Model_0	CLR_genus ~ standardized_Moffitt50_contrast	primary	62	0.31910304133858386	0.15360735561879663	0.011842582448935046	0.6263635002282326	0.04205357588993175		False	True	0.9999999999999998	"{""moffitt50_z"": 0.9999999999999998}"	1.0081634007555278	Model_0_122_genus_tests_Moffitt50	False	0.1251350306968701	LOW_CURRENT_CONCERN
Streptomyces	Model_0	CLR_genus ~ standardized_Moffitt50_contrast	primary	62	0.44211822881586155	0.10214093610883038	0.23780593677887046	0.6464305208528527	5.78082666158359e-05		False	True	0.9999999999999998	"{""moffitt50_z"": 0.9999999999999998}"	1.0081634007555278	Model_0_122_genus_tests_Moffitt50	False	0.0010075155038759972	LOW_CURRENT_CONCERN
Collimonas	Model_0	CLR_genus ~ standardized_Moffitt50_contrast	primary	62	0.17601555892695278	0.15435043218366304	-0.13273127439698815	0.4847623922508937	0.2586666483462843		False	True	0.9999999999999998	"{""moffitt50_z"": 0.9999999999999998}"	1.0081634007555278	Model_0_122_genus_tests_Moffitt50	False	0.42076441464328906	LOW_CURRENT_CONCERN
Bacillus	Model_0	CLR_genus ~ standardized_Moffitt50_contrast	primary	62	0.26201839777348307	0.16025197054177703	-0.0585332698747269	0.582570065421693	0.10727684556431535		False	True	0.9999999999999998	"{""moffitt50_z"": 0.9999999999999998}"	1.0081634007555278	Model_0_122_genus_tests_Moffitt50	False	0.22698672715284737	LOW_CURRENT_CONCERN
Polaromonas	Model_0	CLR_genus ~ standardized_Moffitt50_contrast	primary	62	0.0865529724608485	0.13527626297811937	-0.18403984174451196	0.357145786666209	0.5247228330714488		False	True	0.9999999999999998	"{""moffitt50_z"": 0.9999999999999998}"	1.0081634007555278	Model_0_122_genus_tests_Moffitt50	False	0.729988955063713	LOW_CURRENT_CONCERN
Ochrobactrum	Model_0	CLR_genus ~ standardized_Moffitt50_contrast	primary	62	0.8384922431539966	0.31177330467674946	0.2148527808469064	1.4621317054610867	0.009254333902994759		False	True	0.9999999999999998	"{""moffitt50_z"": 0.9999999999999998}"	1.0081634007555278	Model_0_122_genus_tests_Moffitt50	False	0.038932025385012434	LOW_CURRENT_CONCERN
Fusarium	Model_0	CLR_genus ~ standardized_Moffitt50_contrast	primary	62	-0.554179981365673	0.18856589113109332	-0.9313679227013771	-0.176992040029969	0.004669376543165767		False	True	0.9999999999999998	"{""moffitt50_z"": 0.9999999999999998}"	1.0081634007555278	Model_0_122_genus_tests_Moffitt50	False	0.022786557530648944	LOW_CURRENT_CONCERN
Serratia	Model_0	CLR_genus ~ standardized_Moffitt50_contrast	primary	62	-0.42100731480977505	0.2115493017116023	-0.8441689222721307	0.0021542926525806028	0.05114055808935577		False	True	0.9999999999999998	"{""moffitt50_z"": 0.9999999999999998}"	1.0081634007555278	Model_0_122_genus_tests_Moffitt50	False	0.12998225181044593	LOW_CURRENT_CONCERN
Candidatus Accumulibacter	Model_0	CLR_genus ~ standardized_Moffitt50_contrast	primary	62	-0.01943084716659361	0.15254107022530616	-0.3245584177059978	0.2856967233728106	0.899064742948251		False	True	0.9999999999999998	"{""moffitt50_z"": 0.9999999999999998}"	1.0081634007555278	Model_0_122_genus_tests_Moffitt50	False	0.9455680917214364	LOW_CURRENT_CONCERN
Methylibium	Model_0	CLR_genus ~ standardized_Moffitt50_contrast	primary	62	0.34772650791484877	0.13110859098249716	0.08547027892520126	0.6099827369044963	0.010216234842658583		False	True	0.9999999999999998	"{""moffitt50_z"": 0.9999999999999998}"	1.0081634007555278	Model_0_122_genus_tests_Moffitt50	False	0.04016884356972097	LOW_CURRENT_CONCERN
Novosphingobium	Model_0	CLR_genus ~ standardized_Moffitt50_contrast	primary	62	-0.2578184043828158	0.05294684663172596	-0.36372786638278026	-0.1519089423828513	8.507593789762599e-06		False	True	0.9999999999999998	"{""moffitt50_z"": 0.9999999999999998}"	1.0081634007555278	Model_0_122_genus_tests_Moffitt50	False	0.0002775798995691816	MODERATE_RISK_ENVIRONMENTAL
Pseudoxanthomonas	Model_0	CLR_genus ~ standardized_Moffitt50_contrast	primary	62	0.2375177922844591	0.1805734597165691	-0.1236829059001738	0.598718490469092	0.19339593293486096		False	True	0.9999999999999998	"{""moffitt50_z"": 0.9999999999999998}"	1.0081634007555278	Model_0_122_genus_tests_Moffitt50	False	0.3469750561478388	LOW_CURRENT_CONCERN
Burkholderia	Model_0	CLR_genus ~ standardized_Moffitt50_contrast	primary	62	-0.16849646368638188	0.057060866599376384	-0.28263519086736066	-0.05435773650540307	0.004488642882271292		False	True	0.9999999999999998	"{""moffitt50_z"": 0.9999999999999998}"	1.0081634007555278	Model_0_122_genus_tests_Moffitt50	False	0.022786557530648944	BIOLOGICALLY_PLAUSIBLE_BUT_CONTAMINATION_SENSITIVE
Rhizobacter	Model_0	CLR_genus ~ standardized_Moffitt50_contrast	primary	62	0.15277651627764668	0.15353192920410014	-0.15433306731896237	0.45988609987425577	0.32369371235607536		False	True	0.9999999999999998	"{""moffitt50_z"": 0.9999999999999998}"	1.0081634007555278	Model_0_122_genus_tests_Moffitt50	False	0.5062901654800153	LOW_CURRENT_CONCERN
Sphingomonas	Model_0	CLR_genus ~ standardized_Moffitt50_contrast	primary	62	-0.19589068213325042	0.06021840793916958	-0.31634543237913754	-0.07543593188736329	0.0018770076170266056		False	True	0.9999999999999998	"{""moffitt50_z"": 0.9999999999999998}"	1.0081634007555278	Model_0_122_genus_tests_Moffitt50	False	0.011449746463862294	BIOLOGICALLY_PLAUSIBLE_BUT_CONTAMINATION_SENSITIVE
Diaphorobacter	Model_0	CLR_genus ~ standardized_Moffitt50_contrast	primary	62	0.04543848061576752	0.25020674500001766	-0.45504952646104513	0.5459264876925801	0.8565058363820399		False	True	0.9999999999999998	"{""moffitt50_z"": 0.9999999999999998}"	1.0081634007555278	Model_0_122_genus_tests_Moffitt50	False	0.9329795717732935	LOW_CURRENT_CONCERN
Fusobacterium	Model_0	CLR_genus ~ standardized_Moffitt50_contrast	primary	62	0.4371138982873976	0.22591750561495905	-0.014788396149099325	0.8890161927238945	0.057728459268419484		False	True	0.9999999999999998	"{""moffitt50_z"": 0.9999999999999998}"	1.0081634007555278	Model_0_122_genus_tests_Moffitt50	False	0.14373208226014647	LOW_CURRENT_CONCERN
Sphingobacterium	Model_0	CLR_genus ~ standardized_Moffitt50_contrast	primary	62	-0.11751947992487302	0.15070078122764316	-0.41896592439037517	0.1839269645406291	0.4385622340861246		False	True	0.9999999999999998	"{""moffitt50_z"": 0.9999999999999998}"	1.0081634007555278	Model_0_122_genus_tests_Moffitt50	False	0.6464311600498758	LOW_CURRENT_CONCERN
Alicycliphilus	Model_0	CLR_genus ~ standardized_Moffitt50_contrast	primary	62	-0.0341548215468576	0.07389430457375455	-0.1819654380449972	0.11365579495128199	0.6456011604041146		False	True	0.9999999999999998	"{""moffitt50_z"": 0.9999999999999998}"	1.0081634007555278	Model_0_122_genus_tests_Moffitt50	False	0.8379078890351276	LOW_CURRENT_CONCERN
Devosia	Model_0	CLR_genus ~ standardized_Moffitt50_contrast	primary	62	-0.31566942031537043	0.16652784893935876	-0.6487747138534894	0.017435873222748588	0.06283315119825879		False	True	0.9999999999999998	"{""moffitt50_z"": 0.9999999999999998}"	1.0081634007555278	Model_0_122_genus_tests_Moffitt50	False	0.15030675384681513	LOW_CURRENT_CONCERN
Ottowia	Model_0	CLR_genus ~ standardized_Moffitt50_contrast	primary	62	0.05495798098625415	0.1437176208542951	-0.2325200629936635	0.3424360249661718	0.7035140556833426		False	True	0.9999999999999998	"{""moffitt50_z"": 0.9999999999999998}"	1.0081634007555278	Model_0_122_genus_tests_Moffitt50	False	0.8645806217811028	LOW_CURRENT_CONCERN
Thauera	Model_0	CLR_genus ~ standardized_Moffitt50_contrast	primary	62	-0.0894692503566753	0.11503920116082314	-0.3195819138849302	0.14064341317157955	0.4397851334765548		False	True	0.9999999999999998	"{""moffitt50_z"": 0.9999999999999998}"	1.0081634007555278	Model_0_122_genus_tests_Moffitt50	False	0.6464311600498758	LOW_CURRENT_CONCERN
Phreatobacter	Model_0	CLR_genus ~ standardized_Moffitt50_contrast	primary	62	-0.2371310256613523	0.12740790993724307	-0.49198479041620863	0.017722739093504025	0.06761765787547631		False	True	0.9999999999999998	"{""moffitt50_z"": 0.9999999999999998}"	1.0081634007555278	Model_0_122_genus_tests_Moffitt50	False	0.15864142809246368	LOW_CURRENT_CONCERN
Dickeya	Model_0	CLR_genus ~ standardized_Moffitt50_contrast	primary	62	0.19271674586848886	0.18923606622785674	-0.18581174525363925	0.5712452369906169	0.31258004170044673		False	True	0.9999999999999998	"{""moffitt50_z"": 0.9999999999999998}"	1.0081634007555278	Model_0_122_genus_tests_Moffitt50	False	0.49525668944746104	LOW_CURRENT_CONCERN
Rhizobium	Model_0	CLR_genus ~ standardized_Moffitt50_contrast	primary	62	-0.30545036574510426	0.09646845437834325	-0.49841600493118626	-0.11248472655902225	0.0024267099647185706		False	True	0.9999999999999998	"{""moffitt50_z"": 0.9999999999999998}"	1.0081634007555278	Model_0_122_genus_tests_Moffitt50	False	0.013457209804348436	BIOLOGICALLY_PLAUSIBLE_BUT_CONTAMINATION_SENSITIVE
Sinorhizobium	Model_0	CLR_genus ~ standardized_Moffitt50_contrast	primary	62	0.2522522411915335	0.16477303181019975	-0.07734289546509543	0.5818473778481624	0.1310481023786483		False	True	0.9999999999999998	"{""moffitt50_z"": 0.9999999999999998}"	1.0081634007555278	Model_0_122_genus_tests_Moffitt50	False	0.2620962047572966	LOW_CURRENT_CONCERN
Stenotrophomonas	Model_0	CLR_genus ~ standardized_Moffitt50_contrast	primary	62	-0.05074222709045235	0.0673675379344986	-0.18549736649529291	0.08401291231438823	0.45426628041305295		False	True	0.9999999999999998	"{""moffitt50_z"": 0.9999999999999998}"	1.0081634007555278	Model_0_122_genus_tests_Moffitt50	False	0.6597676929808626	BIOLOGICALLY_PLAUSIBLE_BUT_CONTAMINATION_SENSITIVE
Corynebacterium	Model_0	CLR_genus ~ standardized_Moffitt50_contrast	primary	62	0.19583943586991281	0.17139873046534787	-0.14700907137593172	0.5386879431157574	0.25774551753617064		False	True	0.9999999999999998	"{""moffitt50_z"": 0.9999999999999998}"	1.0081634007555278	Model_0_122_genus_tests_Moffitt50	False	0.42076441464328906	LOW_CURRENT_CONCERN
Leptothrix	Model_0	CLR_genus ~ standardized_Moffitt50_contrast	primary	62	0.11125612660504464	0.17147562299140534	-0.23174618859320184	0.4542584418032911	0.5189330765409157		False	True	0.9999999999999998	"{""moffitt50_z"": 0.9999999999999998}"	1.0081634007555278	Model_0_122_genus_tests_Moffitt50	False	0.729988955063713	LOW_CURRENT_CONCERN
Altererythrobacter	Model_0	CLR_genus ~ standardized_Moffitt50_contrast	primary	62	0.022229938252202933	0.11150519104941124	-0.20081365254721834	0.2452735290516242	0.8426533907878812		False	True	0.9999999999999998	"{""moffitt50_z"": 0.9999999999999998}"	1.0081634007555278	Model_0_122_genus_tests_Moffitt50	False	0.9329795717732935	LOW_CURRENT_CONCERN
Roseolovirus	Model_0	CLR_genus ~ standardized_Moffitt50_contrast	primary	62	-0.9369978304560188	0.21153625715513094	-1.3601333449204756	-0.513862315991562	4.070993900807693e-05		False	True	0.9999999999999998	"{""moffitt50_z"": 0.9999999999999998}"	1.0081634007555278	Model_0_122_genus_tests_Moffitt50	False	0.0008277687598308975	LOW_CURRENT_CONCERN
Janibacter	Model_0	CLR_genus ~ standardized_Moffitt50_contrast	primary	62	0.26671188843253185	0.1809971087578491	-0.09533623400667185	0.6287600108717355	0.1458247682757535		False	True	0.9999999999999998	"{""moffitt50_z"": 0.9999999999999998}"	1.0081634007555278	Model_0_122_genus_tests_Moffitt50	False	0.28694551176841815	LOW_CURRENT_CONCERN
Lactobacillus	Model_0	CLR_genus ~ standardized_Moffitt50_contrast	primary	62	0.14331419352959643	0.1930898897817578	-0.24292309245382723	0.5295514795130201	0.4608529306577934		False	True	0.9999999999999998	"{""moffitt50_z"": 0.9999999999999998}"	1.0081634007555278	Model_0_122_genus_tests_Moffitt50	False	0.6614595004735389	LOW_CURRENT_CONCERN
Acinetobacter	Model_0	CLR_genus ~ standardized_Moffitt50_contrast	primary	62	-0.10466305225627748	0.06413068990112084	-0.2329435315897614	0.023617427077206432	0.10791172274479628		False	True	0.9999999999999998	"{""moffitt50_z"": 0.9999999999999998}"	1.0081634007555278	Model_0_122_genus_tests_Moffitt50	False	0.22698672715284737	BIOLOGICALLY_PLAUSIBLE_BUT_CONTAMINATION_SENSITIVE
Janthinobacterium	Model_0	CLR_genus ~ standardized_Moffitt50_contrast	primary	62	-0.07225368503898123	0.13027368771347708	-0.3328398588380153	0.18833248876005287	0.5812094878706149		False	True	0.9999999999999998	"{""moffitt50_z"": 0.9999999999999998}"	1.0081634007555278	Model_0_122_genus_tests_Moffitt50	False	0.7806082001048338	LOW_CURRENT_CONCERN
Paracoccus	Model_0	CLR_genus ~ standardized_Moffitt50_contrast	primary	62	0.3066551243593404	0.19149157476329987	-0.07638505557376918	0.68969530429245	0.11454021124754622		False	True	0.9999999999999998	"{""moffitt50_z"": 0.9999999999999998}"	1.0081634007555278	Model_0_122_genus_tests_Moffitt50	False	0.23289842953667733	LOW_CURRENT_CONCERN
Delftia	Model_0	CLR_genus ~ standardized_Moffitt50_contrast	primary	62	-0.01611019267617364	0.11512799055404162	-0.2464004614343014	0.2141800760819541	0.88918169867327		False	True	0.9999999999999998	"{""moffitt50_z"": 0.9999999999999998}"	1.0081634007555278	Model_0_122_genus_tests_Moffitt50	False	0.9433058020707734	HIGH_RISK_POTENTIAL_CONTAMINANT
Sphingorhabdus	Model_0	CLR_genus ~ standardized_Moffitt50_contrast	primary	62	0.2319436844574205	0.12959048941325543	-0.027275889269676362	0.49116325818451734	0.07852926472091476		False	True	0.9999999999999998	"{""moffitt50_z"": 0.9999999999999998}"	1.0081634007555278	Model_0_122_genus_tests_Moffitt50	False	0.17741796844354815	LOW_CURRENT_CONCERN
Klebsiella	Model_0	CLR_genus ~ standardized_Moffitt50_contrast	primary	62	-0.7027783313711446	0.18646061051053744	-1.075755084466822	-0.32980157827546736	0.0003763983918317249		False	True	0.9999999999999998	"{""moffitt50_z"": 0.9999999999999998}"	1.0081634007555278	Model_0_122_genus_tests_Moffitt50	False	0.0038267169836225367	LOW_CURRENT_CONCERN
Brachybacterium	Model_0	CLR_genus ~ standardized_Moffitt50_contrast	primary	62	0.1765378474896369	0.1290446097117267	-0.08158980425941026	0.4346654992386841	0.17640217557473684		False	True	0.9999999999999998	"{""moffitt50_z"": 0.9999999999999998}"	1.0081634007555278	Model_0_122_genus_tests_Moffitt50	False	0.3310933141556599	LOW_CURRENT_CONCERN
Herbaspirillum	Model_0	CLR_genus ~ standardized_Moffitt50_contrast	primary	62	0.3666245045673405	0.13699845150626913	0.09258680040002415	0.640662208734657	0.009588249537927564		False	True	0.9999999999999998	"{""moffitt50_z"": 0.9999999999999998}"	1.0081634007555278	Model_0_122_genus_tests_Moffitt50	False	0.038992214787572095	MODERATE_RISK_ENVIRONMENTAL
Melaminivora	Model_0	CLR_genus ~ standardized_Moffitt50_contrast	primary	62	0.013491304426811278	0.1391462580714076	-0.26484265253485945	0.291825261388482	0.9230831172814664		False	True	0.9999999999999998	"{""moffitt50_z"": 0.9999999999999998}"	1.0081634007555278	Model_0_122_genus_tests_Moffitt50	False	0.9625311137464864	LOW_CURRENT_CONCERN
Lysobacter	Model_1	CLR_genus ~ standardized_Moffitt50_contrast + log10_matrix_total_abundance_proxy	sensitivity	62	-0.1131461777714628	0.33795925295730384	-0.7894010809211913	0.5631087253782658	0.7389690701310837	-0.838557818697502	False	True	1.1780080515614895	"{""log10_matrix_total_abundance_proxy"": 1.1780080515614895, ""moffitt50_z"": 1.1780080515614895}"	58.9931971585894	Model_1_122_genus_tests_Moffitt50	False	0.9219994665791299	LOW_CURRENT_CONCERN
Brevundimonas	Model_1	CLR_genus ~ standardized_Moffitt50_contrast + log10_matrix_total_abundance_proxy	sensitivity	62	-0.19589064149487184	0.07820688475444952	-0.3523822564232071	-0.03939902656653657	0.01503513851170901	0.29917875878002265	False	True	1.1780080515614895	"{""log10_matrix_total_abundance_proxy"": 1.1780080515614895, ""moffitt50_z"": 1.1780080515614895}"	58.9931971585894	Model_1_122_genus_tests_Moffitt50	False	0.1573446206892966	HIGH_RISK_POTENTIAL_CONTAMINANT
Paraburkholderia	Model_1	CLR_genus ~ standardized_Moffitt50_contrast + log10_matrix_total_abundance_proxy	sensitivity	62	-0.035500345195479864	0.19416419832129742	-0.4240220086266097	0.35302131823565003	0.8555529674214247	0.8326183389410062	False	True	1.1780080515614895	"{""log10_matrix_total_abundance_proxy"": 1.1780080515614895, ""moffitt50_z"": 1.1780080515614895}"	58.9931971585894	Model_1_122_genus_tests_Moffitt50	False	0.9488860184128529	MODERATE_RISK_ENVIRONMENTAL
Aerococcus	Model_1	CLR_genus ~ standardized_Moffitt50_contrast + log10_matrix_total_abundance_proxy	sensitivity	62	0.2650677137925863	0.16945577926490102	-0.07401251730682629	0.6041479448919989	0.12311204664714286	-0.4294854317555641	False	True	1.1780080515614895	"{""log10_matrix_total_abundance_proxy"": 1.1780080515614895, ""moffitt50_z"": 1.1780080515614895}"	58.9931971585894	Model_1_122_genus_tests_Moffitt50	False	0.3644031221912305	LOW_CURRENT_CONCERN
Acidovorax	Model_1	CLR_genus ~ standardized_Moffitt50_contrast + log10_matrix_total_abundance_proxy	sensitivity	62	-0.16384160968560804	0.10625739244881703	-0.3764621608634021	0.048778941492186007	0.12843716601822058	0.14225430313652143	False	True	1.1780080515614895	"{""log10_matrix_total_abundance_proxy"": 1.1780080515614895, ""moffitt50_z"": 1.1780080515614895}"	58.9931971585894	Model_1_122_genus_tests_Moffitt50	False	0.3644031221912305	LOW_CURRENT_CONCERN
Cupriavidus	Model_1	CLR_genus ~ standardized_Moffitt50_contrast + log10_matrix_total_abundance_proxy	sensitivity	62	-0.25351731614939726	0.09254825821079113	-0.4387059530793099	-0.06832867921948466	0.008130366542207008	0.14387556641282617	False	True	1.1780080515614895	"{""log10_matrix_total_abundance_proxy"": 1.1780080515614895, ""moffitt50_z"": 1.1780080515614895}"	58.9931971585894	Model_1_122_genus_tests_Moffitt50	False	0.14170067402132214	BIOLOGICALLY_PLAUSIBLE_BUT_CONTAMINATION_SENSITIVE
Staphylococcus	Model_1	CLR_genus ~ standardized_Moffitt50_contrast + log10_matrix_total_abundance_proxy	sensitivity	62	-0.5121421192070421	0.1728485037377273	-0.858011176295707	-0.16627306211837717	0.004387613531713921	-0.1363626911545095	False	True	1.1780080515614895	"{""log10_matrix_total_abundance_proxy"": 1.1780080515614895, ""moffitt50_z"": 1.1780080515614895}"	58.9931971585894	Model_1_122_genus_tests_Moffitt50	False	0.10705777017381969	LOW_CURRENT_CONCERN
Luteimonas	Model_1	CLR_genus ~ standardized_Moffitt50_contrast + log10_matrix_total_abundance_proxy	sensitivity	62	-0.039133603235185783	0.2461936309962128	-0.531765920973376	0.45349871450300444	0.8742475335632885	1.498058490290099	True	False	1.1780080515614895	"{""log10_matrix_total_abundance_proxy"": 1.1780080515614895, ""moffitt50_z"": 1.1780080515614895}"	58.9931971585894	Model_1_122_genus_tests_Moffitt50	False	0.9547276972094422	LOW_CURRENT_CONCERN
Rhodopseudomonas	Model_1	CLR_genus ~ standardized_Moffitt50_contrast + log10_matrix_total_abundance_proxy	sensitivity	62	0.23453269199722382	0.21600784870214162	-0.1976980148865513	0.6667633988809989	0.28200155484499656	0.42586531974988995	False	True	1.1780080515614895	"{""log10_matrix_total_abundance_proxy"": 1.1780080515614895, ""moffitt50_z"": 1.1780080515614895}"	58.9931971585894	Model_1_122_genus_tests_Moffitt50	False	0.5375654639232746	LOW_CURRENT_CONCERN
Rhodoferax	Model_1	CLR_genus ~ standardized_Moffitt50_contrast + log10_matrix_total_abundance_proxy	sensitivity	62	0.13954878450634894	0.18714750848710993	-0.23493251499709283	0.5140300840097907	0.4588321473897271	-6.246192559778814	False	True	1.1780080515614895	"{""log10_matrix_total_abundance_proxy"": 1.1780080515614895, ""moffitt50_z"": 1.1780080515614895}"	58.9931971585894	Model_1_122_genus_tests_Moffitt50	False	0.6712592953768995	LOW_CURRENT_CONCERN
Blastomonas	Model_1	CLR_genus ~ standardized_Moffitt50_contrast + log10_matrix_total_abundance_proxy	sensitivity	62	-0.08355801467286614	0.057100731560748366	-0.1978163146113825	0.030700285265650204	0.14868069471369783	0.28418620911191117	False	True	1.1780080515614895	"{""log10_matrix_total_abundance_proxy"": 1.1780080515614895, ""moffitt50_z"": 1.1780080515614895}"	58.9931971585894	Model_1_122_genus_tests_Moffitt50	False	0.4030898834460252	LOW_CURRENT_CONCERN
Aeromonas	Model_1	CLR_genus ~ standardized_Moffitt50_contrast + log10_matrix_total_abundance_proxy	sensitivity	62	0.2539493293817762	0.17778340033668039	-0.10179443299273738	0.6096930917562898	0.158443736098281	0.2904672319139989	False	True	1.1780080515614895	"{""log10_matrix_total_abundance_proxy"": 1.1780080515614895, ""moffitt50_z"": 1.1780080515614895}"	58.9931971585894	Model_1_122_genus_tests_Moffitt50	False	0.412183865501311	LOW_CURRENT_CONCERN
Achromobacter	Model_1	CLR_genus ~ standardized_Moffitt50_contrast + log10_matrix_total_abundance_proxy	sensitivity	62	-0.12298434853736875	0.1381238567039807	-0.39936954740576025	0.15340085033102277	0.3768720377600684	0.4894364464782518	False	True	1.1780080515614895	"{""log10_matrix_total_abundance_proxy"": 1.1780080515614895, ""moffitt50_z"": 1.1780080515614895}"	58.9931971585894	Model_1_122_genus_tests_Moffitt50	False	0.5894665205990813	LOW_CURRENT_CONCERN
Azoarcus	Model_1	CLR_genus ~ standardized_Moffitt50_contrast + log10_matrix_total_abundance_proxy	sensitivity	62	-0.20331535916754048	0.08706193797109468	-0.3775258946551084	-0.02910482367997258	0.022948547297040444	-0.01327036868923992	False	True	1.1780080515614895	"{""log10_matrix_total_abundance_proxy"": 1.1780080515614895, ""moffitt50_z"": 1.1780080515614895}"	58.9931971585894	Model_1_122_genus_tests_Moffitt50	False	0.1990764718488449	LOW_CURRENT_CONCERN
Enterobacter	Model_1	CLR_genus ~ standardized_Moffitt50_contrast + log10_matrix_total_abundance_proxy	sensitivity	62	0.2634873422792054	0.22029683066336453	-0.17732559768568074	0.7043002822440916	0.23645942525217614	-0.034280583997594594	False	True	1.1780080515614895	"{""log10_matrix_total_abundance_proxy"": 1.1780080515614895, ""moffitt50_z"": 1.1780080515614895}"	58.9931971585894	Model_1_122_genus_tests_Moffitt50	False	0.5091437488596317	LOW_CURRENT_CONCERN
Methyloversatilis	Model_1	CLR_genus ~ standardized_Moffitt50_contrast + log10_matrix_total_abundance_proxy	sensitivity	62	-0.07976768610486913	0.06538734895218874	-0.21060746914364353	0.051072096933905256	0.2273471703668078	-0.052783682464526915	False	True	1.1780080515614895	"{""log10_matrix_total_abundance_proxy"": 1.1780080515614895, ""moffitt50_z"": 1.1780080515614895}"	58.9931971585894	Model_1_122_genus_tests_Moffitt50	False	0.5091437488596317	LOW_CURRENT_CONCERN
Mycobacterium	Model_1	CLR_genus ~ standardized_Moffitt50_contrast + log10_matrix_total_abundance_proxy	sensitivity	62	-0.18394741168842624	0.22510616637715697	-0.6343838101882859	0.2664889868114334	0.41712545695189385	-0.1666689135957291	False	True	1.1780080515614895	"{""log10_matrix_total_abundance_proxy"": 1.1780080515614895, ""moffitt50_z"": 1.1780080515614895}"	58.9931971585894	Model_1_122_genus_tests_Moffitt50	False	0.6361163218516381	LOW_CURRENT_CONCERN
Rubrivivax	Model_1	CLR_genus ~ standardized_Moffitt50_contrast + log10_matrix_total_abundance_proxy	sensitivity	62	0.3006424770851079	0.1327963985381144	0.034917497383573415	0.5663674567866424	0.027268946401690426	0.30822945181955586	False	True	1.1780080515614895	"{""log10_matrix_total_abundance_proxy"": 1.1780080515614895, ""moffitt50_z"": 1.1780080515614895}"	58.9931971585894	Model_1_122_genus_tests_Moffitt50	False	0.1990764718488449	LOW_CURRENT_CONCERN
Mesorhizobium	Model_1	CLR_genus ~ standardized_Moffitt50_contrast + log10_matrix_total_abundance_proxy	sensitivity	62	0.36783200222654033	0.20783199672578156	-0.04803886264060453	0.7837028670936852	0.08191882387084382	-0.11058489352402145	False	True	1.1780080515614895	"{""log10_matrix_total_abundance_proxy"": 1.1780080515614895, ""moffitt50_z"": 1.1780080515614895}"	58.9931971585894	Model_1_122_genus_tests_Moffitt50	False	0.29647933001249904	MODERATE_RISK_ENVIRONMENTAL
Nocardioides	Model_1	CLR_genus ~ standardized_Moffitt50_contrast + log10_matrix_total_abundance_proxy	sensitivity	62	0.5381274339637866	0.23968352971960308	0.05852179879097896	1.0177330691365942	0.028519308170987804	0.14063185211336482	False	True	1.1780080515614895	"{""log10_matrix_total_abundance_proxy"": 1.1780080515614895, ""moffitt50_z"": 1.1780080515614895}"	58.9931971585894	Model_1_122_genus_tests_Moffitt50	False	0.1990764718488449	LOW_CURRENT_CONCERN
Comamonas	Model_1	CLR_genus ~ standardized_Moffitt50_contrast + log10_matrix_total_abundance_proxy	sensitivity	62	-0.11648228620229735	0.06529146528500447	-0.24713020646620187	0.01416563406160716	0.07956042440725176	0.32971683040209965	False	True	1.1780080515614895	"{""log10_matrix_total_abundance_proxy"": 1.1780080515614895, ""moffitt50_z"": 1.1780080515614895}"	58.9931971585894	Model_1_122_genus_tests_Moffitt50	False	0.29647933001249904	HIGH_RISK_POTENTIAL_CONTAMINANT
Dechloromonas	Model_1	CLR_genus ~ standardized_Moffitt50_contrast + log10_matrix_total_abundance_proxy	sensitivity	62	-0.2838902804758826	0.12846231528643234	-0.5409427796225514	-0.026837781329213717	0.031003712828918468	0.3155329433454279	False	True	1.1780080515614895	"{""log10_matrix_total_abundance_proxy"": 1.1780080515614895, ""moffitt50_z"": 1.1780080515614895}"	58.9931971585894	Model_1_122_genus_tests_Moffitt50	False	0.1990764718488449	MODERATE_RISK_ENVIRONMENTAL
Chelatococcus	Model_1	CLR_genus ~ standardized_Moffitt50_contrast + log10_matrix_total_abundance_proxy	sensitivity	62	0.26230984253596973	0.15464253750057222	-0.04712916025851688	0.5717488453304563	0.09511256958569941	-0.33334606633483865	False	True	1.1780080515614895	"{""log10_matrix_total_abundance_proxy"": 1.1780080515614895, ""moffitt50_z"": 1.1780080515614895}"	58.9931971585894	Model_1_122_genus_tests_Moffitt50	False	0.322325930262648	LOW_CURRENT_CONCERN
Bordetella	Model_1	CLR_genus ~ standardized_Moffitt50_contrast + log10_matrix_total_abundance_proxy	sensitivity	62	-0.14277465635170222	0.12592482846421332	-0.394749656095151	0.10920034339174656	0.26146085074378406	-1.221804415803705	False	True	1.1780080515614895	"{""log10_matrix_total_abundance_proxy"": 1.1780080515614895, ""moffitt50_z"": 1.1780080515614895}"	58.9931971585894	Model_1_122_genus_tests_Moffitt50	False	0.5316370631790276	LOW_CURRENT_CONCERN
Kocuria	Model_1	CLR_genus ~ standardized_Moffitt50_contrast + log10_matrix_total_abundance_proxy	sensitivity	62	0.0006256657701913098	0.28911957243164965	-0.5779012623803957	0.5791525939207783	0.9982806492727705	0.9828943633945912	False	True	1.1780080515614895	"{""log10_matrix_total_abundance_proxy"": 1.1780080515614895, ""moffitt50_z"": 1.1780080515614895}"	58.9931971585894	Model_1_122_genus_tests_Moffitt50	False	0.999839575180791	LOW_CURRENT_CONCERN
Bosea	Model_1	CLR_genus ~ standardized_Moffitt50_contrast + log10_matrix_total_abundance_proxy	sensitivity	62	0.2513726878927058	0.1967114743688684	-0.1422460631363286	0.6449914389217402	0.20629849736313652	0.31420132592755123	False	True	1.1780080515614895	"{""log10_matrix_total_abundance_proxy"": 1.1780080515614895, ""moffitt50_z"": 1.1780080515614895}"	58.9931971585894	Model_1_122_genus_tests_Moffitt50	False	0.4934983662412285	LOW_CURRENT_CONCERN
Phenylobacterium	Model_1	CLR_genus ~ standardized_Moffitt50_contrast + log10_matrix_total_abundance_proxy	sensitivity	62	0.17583109905261135	0.1832273330625411	-0.190805947544973	0.5424681456501956	0.34115591213780316	14.849931704230798	True	False	1.1780080515614895	"{""log10_matrix_total_abundance_proxy"": 1.1780080515614895, ""moffitt50_z"": 1.1780080515614895}"	58.9931971585894	Model_1_122_genus_tests_Moffitt50	False	0.5882326510463807	LOW_CURRENT_CONCERN
Xanthomonas	Model_1	CLR_genus ~ standardized_Moffitt50_contrast + log10_matrix_total_abundance_proxy	sensitivity	62	-0.03587432414272455	0.2297867307918031	-0.49567651040313554	0.4239278621176864	0.8764713285857174	1.422840670747276	True	False	1.1780080515614895	"{""log10_matrix_total_abundance_proxy"": 1.1780080515614895, ""moffitt50_z"": 1.1780080515614895}"	58.9931971585894	Model_1_122_genus_tests_Moffitt50	False	0.9547276972094422	LOW_CURRENT_CONCERN
Azospira	Model_1	CLR_genus ~ standardized_Moffitt50_contrast + log10_matrix_total_abundance_proxy	sensitivity	62	0.002598414042350408	0.16085620857669533	-0.3192741158564193	0.3244709439411201	0.9871663190611657	1.0497505542744199	True	False	1.1780080515614895	"{""log10_matrix_total_abundance_proxy"": 1.1780080515614895, ""moffitt50_z"": 1.1780080515614895}"	58.9931971585894	Model_1_122_genus_tests_Moffitt50	False	0.999839575180791	LOW_CURRENT_CONCERN
Deinococcus	Model_1	CLR_genus ~ standardized_Moffitt50_contrast + log10_matrix_total_abundance_proxy	sensitivity	62	-0.20934860556585483	0.16729218784662886	-0.5440995002372334	0.12540228910552376	0.21572952178187782	-4.182078246807637	False	True	1.1780080515614895	"{""log10_matrix_total_abundance_proxy"": 1.1780080515614895, ""moffitt50_z"": 1.1780080515614895}"	58.9931971585894	Model_1_122_genus_tests_Moffitt50	False	0.5061346472574826	LOW_CURRENT_CONCERN
Hydrogenophaga	Model_1	CLR_genus ~ standardized_Moffitt50_contrast + log10_matrix_total_abundance_proxy	sensitivity	62	-0.19212685388419976	0.08885846597132752	-0.3699322335968397	-0.014321474171559795	0.03467176607944808	0.2858787025084447	False	True	1.1780080515614895	"{""log10_matrix_total_abundance_proxy"": 1.1780080515614895, ""moffitt50_z"": 1.1780080515614895}"	58.9931971585894	Model_1_122_genus_tests_Moffitt50	False	0.20142645055679362	LOW_CURRENT_CONCERN
Porphyrobacter	Model_1	CLR_genus ~ standardized_Moffitt50_contrast + log10_matrix_total_abundance_proxy	sensitivity	62	-0.1107883023808435	0.07964905631971904	-0.2701656959456934	0.048589091184006394	0.1694626052657994	0.17191903081327142	False	True	1.1780080515614895	"{""log10_matrix_total_abundance_proxy"": 1.1780080515614895, ""moffitt50_z"": 1.1780080515614895}"	58.9931971585894	Model_1_122_genus_tests_Moffitt50	False	0.43071745505057346	LOW_CURRENT_CONCERN
Aromatoleum	Model_1	CLR_genus ~ standardized_Moffitt50_contrast + log10_matrix_total_abundance_proxy	sensitivity	62	0.278395378810791	0.1792152863559227	-0.08021358087017566	0.6370043384917576	0.12567264799765115	-0.09118642621377315	False	True	1.1780080515614895	"{""log10_matrix_total_abundance_proxy"": 1.1780080515614895, ""moffitt50_z"": 1.1780080515614895}"	58.9931971585894	Model_1_122_genus_tests_Moffitt50	False	0.3644031221912305	LOW_CURRENT_CONCERN
Microbacterium	Model_1	CLR_genus ~ standardized_Moffitt50_contrast + log10_matrix_total_abundance_proxy	sensitivity	62	0.31088890632530175	0.21783061959072364	-0.12498915668183985	0.7467669693324434	0.15879214490624274	0.036997465629386106	False	True	1.1780080515614895	"{""log10_matrix_total_abundance_proxy"": 1.1780080515614895, ""moffitt50_z"": 1.1780080515614895}"	58.9931971585894	Model_1_122_genus_tests_Moffitt50	False	0.412183865501311	LOW_CURRENT_CONCERN
Mitsuaria	Model_1	CLR_genus ~ standardized_Moffitt50_contrast + log10_matrix_total_abundance_proxy	sensitivity	62	0.1621664557861116	0.17955801066868726	-0.19712829366065543	0.5214612052328786	0.37012298927096	-2.1467559329882007	False	True	1.1780080515614895	"{""log10_matrix_total_abundance_proxy"": 1.1780080515614895, ""moffitt50_z"": 1.1780080515614895}"	58.9931971585894	Model_1_122_genus_tests_Moffitt50	False	0.5882326510463807	LOW_CURRENT_CONCERN
Pandoraea	Model_1	CLR_genus ~ standardized_Moffitt50_contrast + log10_matrix_total_abundance_proxy	sensitivity	62	0.25093132761965986	0.0946563262041915	0.06152445637825732	0.4403381988610624	0.010289144060733736	0.4202698367436084	False	True	1.1780080515614895	"{""log10_matrix_total_abundance_proxy"": 1.1780080515614895, ""moffitt50_z"": 1.1780080515614895}"	58.9931971585894	Model_1_122_genus_tests_Moffitt50	False	0.15690944692618947	LOW_CURRENT_CONCERN
Rhodococcus	Model_1	CLR_genus ~ standardized_Moffitt50_contrast + log10_matrix_total_abundance_proxy	sensitivity	62	-0.1932402942877496	0.16838983490206755	-0.5301875756438332	0.14370698706833399	0.25577535315343153	-2.06997719661061	False	True	1.1780080515614895	"{""log10_matrix_total_abundance_proxy"": 1.1780080515614895, ""moffitt50_z"": 1.1780080515614895}"	58.9931971585894	Model_1_122_genus_tests_Moffitt50	False	0.5288914082155703	LOW_CURRENT_CONCERN
Streptococcus	Model_1	CLR_genus ~ standardized_Moffitt50_contrast + log10_matrix_total_abundance_proxy	sensitivity	62	0.09940890192403341	0.334110788622538	-0.5691452418790912	0.767963045727158	0.7671049477763672	0.6607719783975606	False	True	1.1780080515614895	"{""log10_matrix_total_abundance_proxy"": 1.1780080515614895, ""moffitt50_z"": 1.1780080515614895}"	58.9931971585894	Model_1_122_genus_tests_Moffitt50	False	0.9219994665791299	LOW_CURRENT_CONCERN
Rhizorhabdus	Model_1	CLR_genus ~ standardized_Moffitt50_contrast + log10_matrix_total_abundance_proxy	sensitivity	62	-0.1770651616641896	0.10005651653510657	-0.3772777887985501	0.023147465470170964	0.08195268457117942	0.3610013080310267	False	True	1.1780080515614895	"{""log10_matrix_total_abundance_proxy"": 1.1780080515614895, ""moffitt50_z"": 1.1780080515614895}"	58.9931971585894	Model_1_122_genus_tests_Moffitt50	False	0.29647933001249904	LOW_CURRENT_CONCERN
Citromicrobium	Model_1	CLR_genus ~ standardized_Moffitt50_contrast + log10_matrix_total_abundance_proxy	sensitivity	62	0.07115980954173536	0.1590351605597538	-0.24706881169185757	0.38938843077532825	0.6561908265193377	8.056388309412142	True	False	1.1780080515614895	"{""log10_matrix_total_abundance_proxy"": 1.1780080515614895, ""moffitt50_z"": 1.1780080515614895}"	58.9931971585894	Model_1_122_genus_tests_Moffitt50	False	0.8707700256626901	LOW_CURRENT_CONCERN
Massilia	Model_1	CLR_genus ~ standardized_Moffitt50_contrast + log10_matrix_total_abundance_proxy	sensitivity	62	0.15925821707440488	0.14517215961839117	-0.13123060334908807	0.4497470374978978	0.27708562255411545	0.002484595353114183	False	True	1.1780080515614895	"{""log10_matrix_total_abundance_proxy"": 1.1780080515614895, ""moffitt50_z"": 1.1780080515614895}"	58.9931971585894	Model_1_122_genus_tests_Moffitt50	False	0.5375654639232746	LOW_CURRENT_CONCERN
Candida	Model_1	CLR_genus ~ standardized_Moffitt50_contrast + log10_matrix_total_abundance_proxy	sensitivity	62	-1.1103018342858524	0.2993794939082333	-1.7093588178906318	-0.511244850681073	0.00046253051404717706	0.012492675090300498	False	True	1.1780080515614895	"{""log10_matrix_total_abundance_proxy"": 1.1780080515614895, ""moffitt50_z"": 1.1780080515614895}"	58.9931971585894	Model_1_122_genus_tests_Moffitt50	False	0.0564287227137556	LOW_CURRENT_CONCERN
Ramlibacter	Model_1	CLR_genus ~ standardized_Moffitt50_contrast + log10_matrix_total_abundance_proxy	sensitivity	62	-0.21316510610050174	0.11182523592680484	-0.4369268863436683	0.010596674142664825	0.06149434191046005	0.4124019533811625	False	True	1.1780080515614895	"{""log10_matrix_total_abundance_proxy"": 1.1780080515614895, ""moffitt50_z"": 1.1780080515614895}"	58.9931971585894	Model_1_122_genus_tests_Moffitt50	False	0.27410452709061967	LOW_CURRENT_CONCERN
Caulobacter	Model_1	CLR_genus ~ standardized_Moffitt50_contrast + log10_matrix_total_abundance_proxy	sensitivity	62	-0.07847171279968604	0.06480700974454819	-0.20815023976624827	0.0512068141668762	0.2307801768572093	0.34083429491133777	False	True	1.1780080515614895	"{""log10_matrix_total_abundance_proxy"": 1.1780080515614895, ""moffitt50_z"": 1.1780080515614895}"	58.9931971585894	Model_1_122_genus_tests_Moffitt50	False	0.5091437488596317	HIGH_RISK_POTENTIAL_CONTAMINANT
Bacteroides	Model_1	CLR_genus ~ standardized_Moffitt50_contrast + log10_matrix_total_abundance_proxy	sensitivity	62	0.309864041280613	0.3372578786292522	-0.3649874150803745	0.9847154976416006	0.3619543733952767	-0.23925470811055893	False	True	1.1780080515614895	"{""log10_matrix_total_abundance_proxy"": 1.1780080515614895, ""moffitt50_z"": 1.1780080515614895}"	58.9931971585894	Model_1_122_genus_tests_Moffitt50	False	0.5882326510463807	LOW_CURRENT_CONCERN
Enterococcus	Model_1	CLR_genus ~ standardized_Moffitt50_contrast + log10_matrix_total_abundance_proxy	sensitivity	62	-0.09123887773728712	0.19971355048883283	-0.4908647692070394	0.3083870137324652	0.6494573894252481	-0.22877746646848296	False	True	1.1780080515614895	"{""log10_matrix_total_abundance_proxy"": 1.1780080515614895, ""moffitt50_z"": 1.1780080515614895}"	58.9931971585894	Model_1_122_genus_tests_Moffitt50	False	0.8707700256626901	LOW_CURRENT_CONCERN
Laribacter	Model_1	CLR_genus ~ standardized_Moffitt50_contrast + log10_matrix_total_abundance_proxy	sensitivity	62	0.15637858353120856	0.1617118545618719	-0.16720609002917922	0.4799632570915964	0.3374814248609961	-0.641732151948452	False	True	1.1780080515614895	"{""log10_matrix_total_abundance_proxy"": 1.1780080515614895, ""moffitt50_z"": 1.1780080515614895}"	58.9931971585894	Model_1_122_genus_tests_Moffitt50	False	0.5882326510463807	LOW_CURRENT_CONCERN
Variovorax	Model_1	CLR_genus ~ standardized_Moffitt50_contrast + log10_matrix_total_abundance_proxy	sensitivity	62	-0.2190372788577354	0.10071696007565649	-0.4205714504642246	-0.017503107251246208	0.033667493513813845	0.29728803341754284	False	True	1.1780080515614895	"{""log10_matrix_total_abundance_proxy"": 1.1780080515614895, ""moffitt50_z"": 1.1780080515614895}"	58.9931971585894	Model_1_122_genus_tests_Moffitt50	False	0.20142645055679362	LOW_CURRENT_CONCERN
Pseudomonas	Model_1	CLR_genus ~ standardized_Moffitt50_contrast + log10_matrix_total_abundance_proxy	sensitivity	62	0.06681226674025252	0.07036365424813724	-0.073985080195671	0.20760961367617603	0.3462254776003042	0.39123344070462396	False	True	1.1780080515614895	"{""log10_matrix_total_abundance_proxy"": 1.1780080515614895, ""moffitt50_z"": 1.1780080515614895}"	58.9931971585894	Model_1_122_genus_tests_Moffitt50	False	0.5882326510463807	BIOLOGICALLY_PLAUSIBLE_BUT_CONTAMINATION_SENSITIVE
Methylobacterium	Model_1	CLR_genus ~ standardized_Moffitt50_contrast + log10_matrix_total_abundance_proxy	sensitivity	62	0.14896927903811805	0.12655677627048204	-0.10427024534486742	0.40220880342110354	0.2438846792961865	0.28953437345675004	False	True	1.1780080515614895	"{""log10_matrix_total_abundance_proxy"": 1.1780080515614895, ""moffitt50_z"": 1.1780080515614895}"	58.9931971585894	Model_1_122_genus_tests_Moffitt50	False	0.5129988081747372	BIOLOGICALLY_PLAUSIBLE_BUT_CONTAMINATION_SENSITIVE
Elizabethkingia	Model_1	CLR_genus ~ standardized_Moffitt50_contrast + log10_matrix_total_abundance_proxy	sensitivity	62	-0.2194086024457197	0.13996070379098552	-0.4994693238454628	0.06065211895402339	0.12231234939030304	1.565329460580108	True	False	1.1780080515614895	"{""log10_matrix_total_abundance_proxy"": 1.1780080515614895, ""moffitt50_z"": 1.1780080515614895}"	58.9931971585894	Model_1_122_genus_tests_Moffitt50	False	0.3644031221912305	HIGH_RISK_POTENTIAL_CONTAMINANT
Tessaracoccus	Model_1	CLR_genus ~ standardized_Moffitt50_contrast + log10_matrix_total_abundance_proxy	sensitivity	62	-0.12088727051929371	0.08981640045460057	-0.30060947270547445	0.058834931666887	0.1834718267545403	-0.11493911643307131	False	True	1.1780080515614895	"{""log10_matrix_total_abundance_proxy"": 1.1780080515614895, ""moffitt50_z"": 1.1780080515614895}"	58.9931971585894	Model_1_122_genus_tests_Moffitt50	False	0.45680740538885545	LOW_CURRENT_CONCERN
Agrobacterium	Model_1	CLR_genus ~ standardized_Moffitt50_contrast + log10_matrix_total_abundance_proxy	sensitivity	62	-0.16531849866584528	0.12395161431563302	-0.41334510601800645	0.08270810868631592	0.18741708628492465	0.22939698985466273	False	True	1.1780080515614895	"{""log10_matrix_total_abundance_proxy"": 1.1780080515614895, ""moffitt50_z"": 1.1780080515614895}"	58.9931971585894	Model_1_122_genus_tests_Moffitt50	False	0.45729769053521613	LOW_CURRENT_CONCERN
Azospirillum	Model_1	CLR_genus ~ standardized_Moffitt50_contrast + log10_matrix_total_abundance_proxy	sensitivity	62	0.1202644588350365	0.23082050168113527	-0.34160629819693034	0.5821352158670033	0.6042958741044175	-0.19641970667140218	False	True	1.1780080515614895	"{""log10_matrix_total_abundance_proxy"": 1.1780080515614895, ""moffitt50_z"": 1.1780080515614895}"	58.9931971585894	Model_1_122_genus_tests_Moffitt50	False	0.8377738254629424	LOW_CURRENT_CONCERN
Clostridium	Model_1	CLR_genus ~ standardized_Moffitt50_contrast + log10_matrix_total_abundance_proxy	sensitivity	62	-0.32630490877658797	0.26756838097374985	-0.8617080024276222	0.20909818487444626	0.22749986778166353	0.005417296940859684	False	True	1.1780080515614895	"{""log10_matrix_total_abundance_proxy"": 1.1780080515614895, ""moffitt50_z"": 1.1780080515614895}"	58.9931971585894	Model_1_122_genus_tests_Moffitt50	False	0.5091437488596317	LOW_CURRENT_CONCERN
Ensifer	Model_1	CLR_genus ~ standardized_Moffitt50_contrast + log10_matrix_total_abundance_proxy	sensitivity	62	0.3750473049152227	0.2279441801428452	-0.08106794601272999	0.8311625558431754	0.10521608269759394	0.09751984923197288	False	True	1.1780080515614895	"{""log10_matrix_total_abundance_proxy"": 1.1780080515614895, ""moffitt50_z"": 1.1780080515614895}"	58.9931971585894	Model_1_122_genus_tests_Moffitt50	False	0.3358797330662285	LOW_CURRENT_CONCERN
Roseomonas	Model_1	CLR_genus ~ standardized_Moffitt50_contrast + log10_matrix_total_abundance_proxy	sensitivity	62	-3.810280661190761e-05	0.18870583258312715	-0.3776376016237477	0.37756139601052385	0.999839575180791	0.9994102979148276	False	True	1.1780080515614895	"{""log10_matrix_total_abundance_proxy"": 1.1780080515614895, ""moffitt50_z"": 1.1780080515614895}"	58.9931971585894	Model_1_122_genus_tests_Moffitt50	False	0.999839575180791	LOW_CURRENT_CONCERN
Croceicoccus	Model_1	CLR_genus ~ standardized_Moffitt50_contrast + log10_matrix_total_abundance_proxy	sensitivity	62	0.05752908770338277	0.2126564200774053	-0.3679954259923022	0.4830536013990678	0.7876997494688341	-0.6197350796206751	False	True	1.1780080515614895	"{""log10_matrix_total_abundance_proxy"": 1.1780080515614895, ""moffitt50_z"": 1.1780080515614895}"	58.9931971585894	Model_1_122_genus_tests_Moffitt50	False	0.9219994665791299	LOW_CURRENT_CONCERN
Rhodobacter	Model_1	CLR_genus ~ standardized_Moffitt50_contrast + log10_matrix_total_abundance_proxy	sensitivity	62	0.07640162340163453	0.21802236172833675	-0.3598601147366557	0.5126633615399248	0.7272639064685266	0.6688561744197947	False	True	1.1780080515614895	"{""log10_matrix_total_abundance_proxy"": 1.1780080515614895, ""moffitt50_z"": 1.1780080515614895}"	58.9931971585894	Model_1_122_genus_tests_Moffitt50	False	0.9219994665791299	LOW_CURRENT_CONCERN
Micrococcus	Model_1	CLR_genus ~ standardized_Moffitt50_contrast + log10_matrix_total_abundance_proxy	sensitivity	62	0.07976545573665138	0.3033768519798303	-0.5272902228939574	0.6868211343672602	0.7935241310722019	2.4203682178364456	True	False	1.1780080515614895	"{""log10_matrix_total_abundance_proxy"": 1.1780080515614895, ""moffitt50_z"": 1.1780080515614895}"	58.9931971585894	Model_1_122_genus_tests_Moffitt50	False	0.9219994665791299	LOW_CURRENT_CONCERN
Bradyrhizobium	Model_1	CLR_genus ~ standardized_Moffitt50_contrast + log10_matrix_total_abundance_proxy	sensitivity	62	0.028678073708728227	0.12513600757171334	-0.2217184990746886	0.27907464649214503	0.8195253064539467	0.7982065866814465	False	True	1.1780080515614895	"{""log10_matrix_total_abundance_proxy"": 1.1780080515614895, ""moffitt50_z"": 1.1780080515614895}"	58.9931971585894	Model_1_122_genus_tests_Moffitt50	False	0.9263615200322545	BIOLOGICALLY_PLAUSIBLE_BUT_CONTAMINATION_SENSITIVE
Aquabacterium	Model_1	CLR_genus ~ standardized_Moffitt50_contrast + log10_matrix_total_abundance_proxy	sensitivity	62	-0.10153290984703377	0.10855723470290733	-0.3187554347455946	0.11568961505152707	0.35344936953759476	0.460666143583086	False	True	1.1780080515614895	"{""log10_matrix_total_abundance_proxy"": 1.1780080515614895, ""moffitt50_z"": 1.1780080515614895}"	58.9931971585894	Model_1_122_genus_tests_Moffitt50	False	0.5882326510463807	LOW_CURRENT_CONCERN
Prevotella	Model_1	CLR_genus ~ standardized_Moffitt50_contrast + log10_matrix_total_abundance_proxy	sensitivity	62	-0.13419011202495645	0.4897116439206695	-1.1141008481062236	0.8457206240563107	0.785027398884262	3.483824470087072	True	False	1.1780080515614895	"{""log10_matrix_total_abundance_proxy"": 1.1780080515614895, ""moffitt50_z"": 1.1780080515614895}"	58.9931971585894	Model_1_122_genus_tests_Moffitt50	False	0.9219994665791299	LOW_CURRENT_CONCERN
Sulfuritalea	Model_1	CLR_genus ~ standardized_Moffitt50_contrast + log10_matrix_total_abundance_proxy	sensitivity	62	0.12228943677000506	0.13132063475382055	-0.14048254642000738	0.3850614199600175	0.35553064638827214	-1.3926500132578208	False	True	1.1780080515614895	"{""log10_matrix_total_abundance_proxy"": 1.1780080515614895, ""moffitt50_z"": 1.1780080515614895}"	58.9931971585894	Model_1_122_genus_tests_Moffitt50	False	0.5882326510463807	LOW_CURRENT_CONCERN
Escherichia	Model_1	CLR_genus ~ standardized_Moffitt50_contrast + log10_matrix_total_abundance_proxy	sensitivity	62	-0.09440244306887703	0.2686606686937735	-0.631991199399221	0.44318631326146696	0.726553774747678	0.5863185333660246	False	True	1.1780080515614895	"{""log10_matrix_total_abundance_proxy"": 1.1780080515614895, ""moffitt50_z"": 1.1780080515614895}"	58.9931971585894	Model_1_122_genus_tests_Moffitt50	False	0.9219994665791299	LOW_CURRENT_CONCERN
Moraxella	Model_1	CLR_genus ~ standardized_Moffitt50_contrast + log10_matrix_total_abundance_proxy	sensitivity	62	-0.009906248486799971	0.1709507985686755	-0.35197800630321807	0.3321655093296181	0.9539859049098368	-2.712801448315658	False	True	1.1780080515614895	"{""log10_matrix_total_abundance_proxy"": 1.1780080515614895, ""moffitt50_z"": 1.1780080515614895}"	58.9931971585894	Model_1_122_genus_tests_Moffitt50	False	0.999839575180791	LOW_CURRENT_CONCERN
Shinella	Model_1	CLR_genus ~ standardized_Moffitt50_contrast + log10_matrix_total_abundance_proxy	sensitivity	62	0.007298845730318385	0.12845318128727598	-0.24973537632625517	0.2643330677868919	0.9548797354507668	1.1563235756880352	True	False	1.1780080515614895	"{""log10_matrix_total_abundance_proxy"": 1.1780080515614895, ""moffitt50_z"": 1.1780080515614895}"	58.9931971585894	Model_1_122_genus_tests_Moffitt50	False	0.999839575180791	LOW_CURRENT_CONCERN
Cutibacterium	Model_1	CLR_genus ~ standardized_Moffitt50_contrast + log10_matrix_total_abundance_proxy	sensitivity	62	-0.27053245780189583	0.14445702010707706	-0.559590287368561	0.01852537176476926	0.06605971418776858	0.19347973700986432	False	True	1.1780080515614895	"{""log10_matrix_total_abundance_proxy"": 1.1780080515614895, ""moffitt50_z"": 1.1780080515614895}"	58.9931971585894	Model_1_122_genus_tests_Moffitt50	False	0.2779063838244058	LOW_CURRENT_CONCERN
Chryseobacterium	Model_1	CLR_genus ~ standardized_Moffitt50_contrast + log10_matrix_total_abundance_proxy	sensitivity	62	-0.0676129837469144	0.1049547213092237	-0.27762689599521323	0.14240092850138442	0.5219353365612512	1.1802505892769561	True	False	1.1780080515614895	"{""log10_matrix_total_abundance_proxy"": 1.1780080515614895, ""moffitt50_z"": 1.1780080515614895}"	58.9931971585894	Model_1_122_genus_tests_Moffitt50	False	0.7319093225341684	LOW_CURRENT_CONCERN
Aminobacter	Model_1	CLR_genus ~ standardized_Moffitt50_contrast + log10_matrix_total_abundance_proxy	sensitivity	62	0.1264580913011145	0.1571454369464698	-0.18798920171643282	0.4409053843186618	0.4242121703877866	-3.208412697254033	False	True	1.1780080515614895	"{""log10_matrix_total_abundance_proxy"": 1.1780080515614895, ""moffitt50_z"": 1.1780080515614895}"	58.9931971585894	Model_1_122_genus_tests_Moffitt50	False	0.638936849226049	LOW_CURRENT_CONCERN
Sphingopyxis	Model_1	CLR_genus ~ standardized_Moffitt50_contrast + log10_matrix_total_abundance_proxy	sensitivity	62	-0.11963946336204587	0.06775868827389883	-0.2552242854234411	0.015945358699349377	0.08262538705266366	0.292328862207171	False	True	1.1780080515614895	"{""log10_matrix_total_abundance_proxy"": 1.1780080515614895, ""moffitt50_z"": 1.1780080515614895}"	58.9931971585894	Model_1_122_genus_tests_Moffitt50	False	0.29647933001249904	MODERATE_RISK_ENVIRONMENTAL
Thiomonas	Model_1	CLR_genus ~ standardized_Moffitt50_contrast + log10_matrix_total_abundance_proxy	sensitivity	62	-0.04453563928220054	0.20026764651976772	-0.4452702743488707	0.35619899578446956	0.8247856388058064	11.77945832624754	True	False	1.1780080515614895	"{""log10_matrix_total_abundance_proxy"": 1.1780080515614895, ""moffitt50_z"": 1.1780080515614895}"	58.9931971585894	Model_1_122_genus_tests_Moffitt50	False	0.9263615200322545	LOW_CURRENT_CONCERN
Flavobacterium	Model_1	CLR_genus ~ standardized_Moffitt50_contrast + log10_matrix_total_abundance_proxy	sensitivity	62	-0.1728868304498971	0.07235282982527624	-0.3176645085218818	-0.028109152377912394	0.02008597855101672	0.1297580920000061	False	True	1.1780080515614895	"{""log10_matrix_total_abundance_proxy"": 1.1780080515614895, ""moffitt50_z"": 1.1780080515614895}"	58.9931971585894	Model_1_122_genus_tests_Moffitt50	False	0.18849918332492616	LOW_CURRENT_CONCERN
Verminephrobacter	Model_1	CLR_genus ~ standardized_Moffitt50_contrast + log10_matrix_total_abundance_proxy	sensitivity	62	0.08959914327497451	0.12163238035439751	-0.1537866876400491	0.3329849741899981	0.46426107810258144	-12.354798951583359	False	True	1.1780080515614895	"{""log10_matrix_total_abundance_proxy"": 1.1780080515614895, ""moffitt50_z"": 1.1780080515614895}"	58.9931971585894	Model_1_122_genus_tests_Moffitt50	False	0.6712592953768995	LOW_CURRENT_CONCERN
Citrobacter	Model_1	CLR_genus ~ standardized_Moffitt50_contrast + log10_matrix_total_abundance_proxy	sensitivity	62	-0.4397757179772796	0.2663259206569839	-0.9726926542770071	0.09314121832244787	0.10399712927761212	0.24605746955745222	False	True	1.1780080515614895	"{""log10_matrix_total_abundance_proxy"": 1.1780080515614895, ""moffitt50_z"": 1.1780080515614895}"	58.9931971585894	Model_1_122_genus_tests_Moffitt50	False	0.3358797330662285	LOW_CURRENT_CONCERN
Sphingobium	Model_1	CLR_genus ~ standardized_Moffitt50_contrast + log10_matrix_total_abundance_proxy	sensitivity	62	-0.28989164224286984	0.08978032187621275	-0.46954165136044856	-0.11024163312529114	0.0020317493076518057	0.280327431377014	False	True	1.1780080515614895	"{""log10_matrix_total_abundance_proxy"": 1.1780080515614895, ""moffitt50_z"": 1.1780080515614895}"	58.9931971585894	Model_1_122_genus_tests_Moffitt50	False	0.061968353883380074	LOW_CURRENT_CONCERN
Methylorubrum	Model_1	CLR_genus ~ standardized_Moffitt50_contrast + log10_matrix_total_abundance_proxy	sensitivity	62	0.5833382205961137	0.2611465511912542	0.060785178658723016	1.1058912625335044	0.02930289834853106	-0.11484821198669715	False	True	1.1780080515614895	"{""log10_matrix_total_abundance_proxy"": 1.1780080515614895, ""moffitt50_z"": 1.1780080515614895}"	58.9931971585894	Model_1_122_genus_tests_Moffitt50	False	0.1990764718488449	LOW_CURRENT_CONCERN
Ralstonia	Model_1	CLR_genus ~ standardized_Moffitt50_contrast + log10_matrix_total_abundance_proxy	sensitivity	62	-0.1166348410081305	0.164923713740183	-0.44664642993938913	0.21337674792312816	0.4822232936741253	4.716893766242456	True	False	1.1780080515614895	"{""log10_matrix_total_abundance_proxy"": 1.1780080515614895, ""moffitt50_z"": 1.1780080515614895}"	58.9931971585894	Model_1_122_genus_tests_Moffitt50	False	0.6840842073051545	HIGH_RISK_POTENTIAL_CONTAMINANT
Erythrobacter	Model_1	CLR_genus ~ standardized_Moffitt50_contrast + log10_matrix_total_abundance_proxy	sensitivity	62	-0.18739518172911723	0.067503183851666	-0.3224687406225435	-0.052321622835691	0.007360520089254516	0.2646866992220669	False	True	1.1780080515614895	"{""log10_matrix_total_abundance_proxy"": 1.1780080515614895, ""moffitt50_z"": 1.1780080515614895}"	58.9931971585894	Model_1_122_genus_tests_Moffitt50	False	0.14170067402132214	LOW_CURRENT_CONCERN
Xanthobacter	Model_1	CLR_genus ~ standardized_Moffitt50_contrast + log10_matrix_total_abundance_proxy	sensitivity	62	0.00475639903672923	0.2068885968797926	-0.4092267270989025	0.418739525172361	0.9817357121750439	1.0777262017738416	True	False	1.1780080515614895	"{""log10_matrix_total_abundance_proxy"": 1.1780080515614895, ""moffitt50_z"": 1.1780080515614895}"	58.9931971585894	Model_1_122_genus_tests_Moffitt50	False	0.999839575180791	LOW_CURRENT_CONCERN
Paucibacter	Model_1	CLR_genus ~ standardized_Moffitt50_contrast + log10_matrix_total_abundance_proxy	sensitivity	62	0.24249664516912564	0.22157893457180883	-0.20088177879078642	0.6858750691290377	0.2782261461789769	0.2400678973415835	False	True	1.1780080515614895	"{""log10_matrix_total_abundance_proxy"": 1.1780080515614895, ""moffitt50_z"": 1.1780080515614895}"	58.9931971585894	Model_1_122_genus_tests_Moffitt50	False	0.5375654639232746	LOW_CURRENT_CONCERN
Streptomyces	Model_1	CLR_genus ~ standardized_Moffitt50_contrast + log10_matrix_total_abundance_proxy	sensitivity	62	0.41321652644515605	0.1608767963478687	0.09130280051142331	0.7351302523788887	0.012763807651887048	0.06537098107923256	False	True	1.1780080515614895	"{""log10_matrix_total_abundance_proxy"": 1.1780080515614895, ""moffitt50_z"": 1.1780080515614895}"	58.9931971585894	Model_1_122_genus_tests_Moffitt50	False	0.1573446206892966	LOW_CURRENT_CONCERN
Collimonas	Model_1	CLR_genus ~ standardized_Moffitt50_contrast + log10_matrix_total_abundance_proxy	sensitivity	62	0.15922153613065806	0.20896713157972927	-0.25892072833274304	0.5773638005940591	0.44912785769271635	0.09541214935018505	False	True	1.1780080515614895	"{""log10_matrix_total_abundance_proxy"": 1.1780080515614895, ""moffitt50_z"": 1.1780080515614895}"	58.9931971585894	Model_1_122_genus_tests_Moffitt50	False	0.668214617542822	LOW_CURRENT_CONCERN
Bacillus	Model_1	CLR_genus ~ standardized_Moffitt50_contrast + log10_matrix_total_abundance_proxy	sensitivity	62	0.2583732836059534	0.21668360689992736	-0.17520961230829624	0.691956179520203	0.2378786367622869	0.01391167260964965	False	True	1.1780080515614895	"{""log10_matrix_total_abundance_proxy"": 1.1780080515614895, ""moffitt50_z"": 1.1780080515614895}"	58.9931971585894	Model_1_122_genus_tests_Moffitt50	False	0.5091437488596317	LOW_CURRENT_CONCERN
Polaromonas	Model_1	CLR_genus ~ standardized_Moffitt50_contrast + log10_matrix_total_abundance_proxy	sensitivity	62	0.038473768454774904	0.1459921597791143	-0.2536558685003567	0.3306034054099065	0.7930579394847295	0.5554887676194116	False	True	1.1780080515614895	"{""log10_matrix_total_abundance_proxy"": 1.1780080515614895, ""moffitt50_z"": 1.1780080515614895}"	58.9931971585894	Model_1_122_genus_tests_Moffitt50	False	0.9219994665791299	LOW_CURRENT_CONCERN
Ochrobactrum	Model_1	CLR_genus ~ standardized_Moffitt50_contrast + log10_matrix_total_abundance_proxy	sensitivity	62	0.9019938919499227	0.3617514604731774	0.17813089152641415	1.6258568923734313	0.015476520067799666	-0.07573313803961268	False	True	1.1780080515614895	"{""log10_matrix_total_abundance_proxy"": 1.1780080515614895, ""moffitt50_z"": 1.1780080515614895}"	58.9931971585894	Model_1_122_genus_tests_Moffitt50	False	0.1573446206892966	LOW_CURRENT_CONCERN
Fusarium	Model_1	CLR_genus ~ standardized_Moffitt50_contrast + log10_matrix_total_abundance_proxy	sensitivity	62	-0.40509194209218835	0.19525125846480104	-0.795788807846173	-0.01439507633820375	0.04238314356146384	0.2690245845872763	False	True	1.1780080515614895	"{""log10_matrix_total_abundance_proxy"": 1.1780080515614895, ""moffitt50_z"": 1.1780080515614895}"	58.9931971585894	Model_1_122_genus_tests_Moffitt50	False	0.22188430163349024	LOW_CURRENT_CONCERN
Serratia	Model_1	CLR_genus ~ standardized_Moffitt50_contrast + log10_matrix_total_abundance_proxy	sensitivity	62	-0.28625239462450713	0.27039529836012394	-0.8273121368999132	0.25480734765089896	0.29407694045705624	0.3200773845132705	False	True	1.1780080515614895	"{""log10_matrix_total_abundance_proxy"": 1.1780080515614895, ""moffitt50_z"": 1.1780080515614895}"	58.9931971585894	Model_1_122_genus_tests_Moffitt50	False	0.5435967687236494	LOW_CURRENT_CONCERN
Candidatus Accumulibacter	Model_1	CLR_genus ~ standardized_Moffitt50_contrast + log10_matrix_total_abundance_proxy	sensitivity	62	0.07989524657117952	0.17881153911136882	-0.277905816739519	0.437696309881878	0.6566462488603892	5.111773711469412	True	False	1.1780080515614895	"{""log10_matrix_total_abundance_proxy"": 1.1780080515614895, ""moffitt50_z"": 1.1780080515614895}"	58.9931971585894	Model_1_122_genus_tests_Moffitt50	False	0.8707700256626901	LOW_CURRENT_CONCERN
Methylibium	Model_1	CLR_genus ~ standardized_Moffitt50_contrast + log10_matrix_total_abundance_proxy	sensitivity	62	0.39963505186529014	0.21081810785738836	-0.022211007574657826	0.821481111305238	0.062909235725716	-0.14927980113369066	False	True	1.1780080515614895	"{""log10_matrix_total_abundance_proxy"": 1.1780080515614895, ""moffitt50_z"": 1.1780080515614895}"	58.9931971585894	Model_1_122_genus_tests_Moffitt50	False	0.27410452709061967	LOW_CURRENT_CONCERN
Novosphingobium	Model_1	CLR_genus ~ standardized_Moffitt50_contrast + log10_matrix_total_abundance_proxy	sensitivity	62	-0.15904819172264503	0.0771438282299568	-0.3134126354588238	-0.004683747986466258	0.04364937081314562	0.38309992995501607	False	True	1.1780080515614895	"{""log10_matrix_total_abundance_proxy"": 1.1780080515614895, ""moffitt50_z"": 1.1780080515614895}"	58.9931971585894	Model_1_122_genus_tests_Moffitt50	False	0.22188430163349024	MODERATE_RISK_ENVIRONMENTAL
Pseudoxanthomonas	Model_1	CLR_genus ~ standardized_Moffitt50_contrast + log10_matrix_total_abundance_proxy	sensitivity	62	0.11012702079274149	0.28202810416602236	-0.4542099121344657	0.6744639537199487	0.6975861856755088	0.5363420157558143	False	True	1.1780080515614895	"{""log10_matrix_total_abundance_proxy"": 1.1780080515614895, ""moffitt50_z"": 1.1780080515614895}"	58.9931971585894	Model_1_122_genus_tests_Moffitt50	False	0.9151130607786245	LOW_CURRENT_CONCERN
Burkholderia	Model_1	CLR_genus ~ standardized_Moffitt50_contrast + log10_matrix_total_abundance_proxy	sensitivity	62	-0.1383600514031712	0.070449155512343	-0.27932848597359117	0.0026083831672487345	0.054250524314194776	0.17885486510448556	False	True	1.1780080515614895	"{""log10_matrix_total_abundance_proxy"": 1.1780080515614895, ""moffitt50_z"": 1.1780080515614895}"	58.9931971585894	Model_1_122_genus_tests_Moffitt50	False	0.25456015255122166	BIOLOGICALLY_PLAUSIBLE_BUT_CONTAMINATION_SENSITIVE
Rhizobacter	Model_1	CLR_genus ~ standardized_Moffitt50_contrast + log10_matrix_total_abundance_proxy	sensitivity	62	0.26526330146360405	0.16223938965501927	-0.05937696737995096	0.5899035703071591	0.10737139007854846	-0.7362832189570991	False	True	1.1780080515614895	"{""log10_matrix_total_abundance_proxy"": 1.1780080515614895, ""moffitt50_z"": 1.1780080515614895}"	58.9931971585894	Model_1_122_genus_tests_Moffitt50	False	0.3358797330662285	LOW_CURRENT_CONCERN
Sphingomonas	Model_1	CLR_genus ~ standardized_Moffitt50_contrast + log10_matrix_total_abundance_proxy	sensitivity	62	-0.1302492261497544	0.07445076125930512	-0.279224855324777	0.01872640302526818	0.08541009670988017	0.33509228345452813	False	True	1.1780080515614895	"{""log10_matrix_total_abundance_proxy"": 1.1780080515614895, ""moffitt50_z"": 1.1780080515614895}"	58.9931971585894	Model_1_122_genus_tests_Moffitt50	False	0.29771519424586806	BIOLOGICALLY_PLAUSIBLE_BUT_CONTAMINATION_SENSITIVE
Diaphorobacter	Model_1	CLR_genus ~ standardized_Moffitt50_contrast + log10_matrix_total_abundance_proxy	sensitivity	62	-0.032445503272575525	0.2609243928151235	-0.5545540073261251	0.4896630007809741	0.9014622023730343	1.7140534373703655	True	False	1.1780080515614895	"{""log10_matrix_total_abundance_proxy"": 1.1780080515614895, ""moffitt50_z"": 1.1780080515614895}"	58.9931971585894	Model_1_122_genus_tests_Moffitt50	False	0.9732600768983202	LOW_CURRENT_CONCERN
Fusobacterium	Model_1	CLR_genus ~ standardized_Moffitt50_contrast + log10_matrix_total_abundance_proxy	sensitivity	62	0.208366120966334	0.45161075009266016	-0.6953049026640545	1.1120371445967225	0.6462194330618	0.5233138964862298	False	True	1.1780080515614895	"{""log10_matrix_total_abundance_proxy"": 1.1780080515614895, ""moffitt50_z"": 1.1780080515614895}"	58.9931971585894	Model_1_122_genus_tests_Moffitt50	False	0.8707700256626901	LOW_CURRENT_CONCERN
Sphingobacterium	Model_1	CLR_genus ~ standardized_Moffitt50_contrast + log10_matrix_total_abundance_proxy	sensitivity	62	0.004039513399373266	0.1593316689282603	-0.31478241970916565	0.32286144650791215	0.9798590683727716	1.034373138835839	True	False	1.1780080515614895	"{""log10_matrix_total_abundance_proxy"": 1.1780080515614895, ""moffitt50_z"": 1.1780080515614895}"	58.9931971585894	Model_1_122_genus_tests_Moffitt50	False	0.999839575180791	LOW_CURRENT_CONCERN
Alicycliphilus	Model_1	CLR_genus ~ standardized_Moffitt50_contrast + log10_matrix_total_abundance_proxy	sensitivity	62	0.02198193133166676	0.0726826523260986	-0.12345572004005301	0.16741958270338653	0.7633825354806077	1.6435967262048012	True	False	1.1780080515614895	"{""log10_matrix_total_abundance_proxy"": 1.1780080515614895, ""moffitt50_z"": 1.1780080515614895}"	58.9931971585894	Model_1_122_genus_tests_Moffitt50	False	0.9219994665791299	LOW_CURRENT_CONCERN
Devosia	Model_1	CLR_genus ~ standardized_Moffitt50_contrast + log10_matrix_total_abundance_proxy	sensitivity	62	-0.19631849240941313	0.22506680767619597	-0.6466761343305623	0.254039149511736	0.3865983830143842	0.3780883425031143	False	True	1.1780080515614895	"{""log10_matrix_total_abundance_proxy"": 1.1780080515614895, ""moffitt50_z"": 1.1780080515614895}"	58.9931971585894	Model_1_122_genus_tests_Moffitt50	False	0.5970253509842388	LOW_CURRENT_CONCERN
Ottowia	Model_1	CLR_genus ~ standardized_Moffitt50_contrast + log10_matrix_total_abundance_proxy	sensitivity	62	-0.10784936011378836	0.14753950040774144	-0.40307521851513106	0.18737649828755432	0.467680656615053	2.9623966924979133	True	False	1.1780080515614895	"{""log10_matrix_total_abundance_proxy"": 1.1780080515614895, ""moffitt50_z"": 1.1780080515614895}"	58.9931971585894	Model_1_122_genus_tests_Moffitt50	False	0.6712592953768995	LOW_CURRENT_CONCERN
Thauera	Model_1	CLR_genus ~ standardized_Moffitt50_contrast + log10_matrix_total_abundance_proxy	sensitivity	62	-0.0383494168401196	0.11899450893848643	-0.276456879243914	0.19975804556367477	0.7483806455140858	0.5713676298031221	False	True	1.1780080515614895	"{""log10_matrix_total_abundance_proxy"": 1.1780080515614895, ""moffitt50_z"": 1.1780080515614895}"	58.9931971585894	Model_1_122_genus_tests_Moffitt50	False	0.9219994665791299	LOW_CURRENT_CONCERN
Phreatobacter	Model_1	CLR_genus ~ standardized_Moffitt50_contrast + log10_matrix_total_abundance_proxy	sensitivity	62	-0.12145258048874699	0.13480037659990685	-0.3911875110297184	0.14828235005222443	0.3712615912341911	0.48782501087734564	False	True	1.1780080515614895	"{""log10_matrix_total_abundance_proxy"": 1.1780080515614895, ""moffitt50_z"": 1.1780080515614895}"	58.9931971585894	Model_1_122_genus_tests_Moffitt50	False	0.5882326510463807	LOW_CURRENT_CONCERN
Dickeya	Model_1	CLR_genus ~ standardized_Moffitt50_contrast + log10_matrix_total_abundance_proxy	sensitivity	62	0.4218461309793806	0.1995981230410921	0.022451209299062025	0.8212410526596992	0.03879855809125632	-1.1889438257080736	False	True	1.1780080515614895	"{""log10_matrix_total_abundance_proxy"": 1.1780080515614895, ""moffitt50_z"": 1.1780080515614895}"	58.9931971585894	Model_1_122_genus_tests_Moffitt50	False	0.2151556403242396	LOW_CURRENT_CONCERN
Rhizobium	Model_1	CLR_genus ~ standardized_Moffitt50_contrast + log10_matrix_total_abundance_proxy	sensitivity	62	-0.2517978710863968	0.11318585712148563	-0.47828224805144853	-0.025313494121345037	0.02994319194190573	0.17565045151551728	False	True	1.1780080515614895	"{""log10_matrix_total_abundance_proxy"": 1.1780080515614895, ""moffitt50_z"": 1.1780080515614895}"	58.9931971585894	Model_1_122_genus_tests_Moffitt50	False	0.1990764718488449	BIOLOGICALLY_PLAUSIBLE_BUT_CONTAMINATION_SENSITIVE
Sinorhizobium	Model_1	CLR_genus ~ standardized_Moffitt50_contrast + log10_matrix_total_abundance_proxy	sensitivity	62	0.2572162707025015	0.17277538220177352	-0.08850647053068117	0.6029390119356842	0.14188396210855336	-0.019678832138497748	False	True	1.1780080515614895	"{""log10_matrix_total_abundance_proxy"": 1.1780080515614895, ""moffitt50_z"": 1.1780080515614895}"	58.9931971585894	Model_1_122_genus_tests_Moffitt50	False	0.3934055313009889	LOW_CURRENT_CONCERN
Stenotrophomonas	Model_1	CLR_genus ~ standardized_Moffitt50_contrast + log10_matrix_total_abundance_proxy	sensitivity	62	-0.08266571602503878	0.09116936775149533	-0.26509519951901045	0.0997637674689329	0.3682396450428752	-0.6291306228573705	False	True	1.1780080515614895	"{""log10_matrix_total_abundance_proxy"": 1.1780080515614895, ""moffitt50_z"": 1.1780080515614895}"	58.9931971585894	Model_1_122_genus_tests_Moffitt50	False	0.5882326510463807	BIOLOGICALLY_PLAUSIBLE_BUT_CONTAMINATION_SENSITIVE
Corynebacterium	Model_1	CLR_genus ~ standardized_Moffitt50_contrast + log10_matrix_total_abundance_proxy	sensitivity	62	0.04874618711422843	0.17281115763209207	-0.2970481405896708	0.3945405148181277	0.778870998211096	0.7510910563150912	False	True	1.1780080515614895	"{""log10_matrix_total_abundance_proxy"": 1.1780080515614895, ""moffitt50_z"": 1.1780080515614895}"	58.9931971585894	Model_1_122_genus_tests_Moffitt50	False	0.9219994665791299	LOW_CURRENT_CONCERN
Leptothrix	Model_1	CLR_genus ~ standardized_Moffitt50_contrast + log10_matrix_total_abundance_proxy	sensitivity	62	-0.03722635136844876	0.1702289167590401	-0.3778536270202604	0.30340092428336285	0.8276508662583257	1.3346004620545617	True	False	1.1780080515614895	"{""log10_matrix_total_abundance_proxy"": 1.1780080515614895, ""moffitt50_z"": 1.1780080515614895}"	58.9931971585894	Model_1_122_genus_tests_Moffitt50	False	0.9263615200322545	LOW_CURRENT_CONCERN
Altererythrobacter	Model_1	CLR_genus ~ standardized_Moffitt50_contrast + log10_matrix_total_abundance_proxy	sensitivity	62	0.038326864275671085	0.12335930183685434	-0.20851452854406996	0.28516825709541216	0.7571290488491543	-0.7241102445200442	False	True	1.1780080515614895	"{""log10_matrix_total_abundance_proxy"": 1.1780080515614895, ""moffitt50_z"": 1.1780080515614895}"	58.9931971585894	Model_1_122_genus_tests_Moffitt50	False	0.9219994665791299	LOW_CURRENT_CONCERN
Roseolovirus	Model_1	CLR_genus ~ standardized_Moffitt50_contrast + log10_matrix_total_abundance_proxy	sensitivity	62	-0.7517795878068674	0.2244878071542337	-1.2009786523596593	-0.3025805232540755	0.0014181927226298195	0.19767200801202423	False	True	1.1780080515614895	"{""log10_matrix_total_abundance_proxy"": 1.1780080515614895, ""moffitt50_z"": 1.1780080515614895}"	58.9931971585894	Model_1_122_genus_tests_Moffitt50	False	0.061968353883380074	LOW_CURRENT_CONCERN
Janibacter	Model_1	CLR_genus ~ standardized_Moffitt50_contrast + log10_matrix_total_abundance_proxy	sensitivity	62	0.3554907490137532	0.2004878524526143	-0.04568451710677052	0.756666015134277	0.08136896668921657	-0.33286427951515596	False	True	1.1780080515614895	"{""log10_matrix_total_abundance_proxy"": 1.1780080515614895, ""moffitt50_z"": 1.1780080515614895}"	58.9931971585894	Model_1_122_genus_tests_Moffitt50	False	0.29647933001249904	LOW_CURRENT_CONCERN
Lactobacillus	Model_1	CLR_genus ~ standardized_Moffitt50_contrast + log10_matrix_total_abundance_proxy	sensitivity	62	0.00227082770645937	0.3478060866225801	-0.6936875440962911	0.6982291995092098	0.994812671072034	0.9841549001495765	False	True	1.1780080515614895	"{""log10_matrix_total_abundance_proxy"": 1.1780080515614895, ""moffitt50_z"": 1.1780080515614895}"	58.9931971585894	Model_1_122_genus_tests_Moffitt50	False	0.999839575180791	LOW_CURRENT_CONCERN
Acinetobacter	Model_1	CLR_genus ~ standardized_Moffitt50_contrast + log10_matrix_total_abundance_proxy	sensitivity	62	-0.0829332411312054	0.08104514857176864	-0.2451042088397914	0.0792377265773806	0.31034504327377327	0.20761682997610809	False	True	1.1780080515614895	"{""log10_matrix_total_abundance_proxy"": 1.1780080515614895, ""moffitt50_z"": 1.1780080515614895}"	58.9931971585894	Model_1_122_genus_tests_Moffitt50	False	0.5651058996925423	BIOLOGICALLY_PLAUSIBLE_BUT_CONTAMINATION_SENSITIVE
Janthinobacterium	Model_1	CLR_genus ~ standardized_Moffitt50_contrast + log10_matrix_total_abundance_proxy	sensitivity	62	0.011864713627916345	0.13842648477761624	-0.26512604261709966	0.28885546987293237	0.9319861258974586	1.1642091143381168	True	False	1.1780080515614895	"{""log10_matrix_total_abundance_proxy"": 1.1780080515614895, ""moffitt50_z"": 1.1780080515614895}"	58.9931971585894	Model_1_122_genus_tests_Moffitt50	False	0.9973886610481574	LOW_CURRENT_CONCERN
Paracoccus	Model_1	CLR_genus ~ standardized_Moffitt50_contrast + log10_matrix_total_abundance_proxy	sensitivity	62	0.22310930593086697	0.2094209100762784	-0.19594096720680476	0.6421595790685387	0.2910521768972017	0.27244227078551575	False	True	1.1780080515614895	"{""log10_matrix_total_abundance_proxy"": 1.1780080515614895, ""moffitt50_z"": 1.1780080515614895}"	58.9931971585894	Model_1_122_genus_tests_Moffitt50	False	0.5435967687236494	LOW_CURRENT_CONCERN
Delftia	Model_1	CLR_genus ~ standardized_Moffitt50_contrast + log10_matrix_total_abundance_proxy	sensitivity	62	-0.4308960262919791	0.1318047391906822	-0.6946367002226637	-0.16715535236129447	0.0018020909103111718	-25.746795333444886	False	True	1.1780080515614895	"{""log10_matrix_total_abundance_proxy"": 1.1780080515614895, ""moffitt50_z"": 1.1780080515614895}"	58.9931971585894	Model_1_122_genus_tests_Moffitt50	False	0.061968353883380074	HIGH_RISK_POTENTIAL_CONTAMINANT
Sphingorhabdus	Model_1	CLR_genus ~ standardized_Moffitt50_contrast + log10_matrix_total_abundance_proxy	sensitivity	62	0.14814749753598558	0.1361662435746909	-0.12432052650861217	0.42061552158058335	0.2810241153854165	0.36127815731416457	False	True	1.1780080515614895	"{""log10_matrix_total_abundance_proxy"": 1.1780080515614895, ""moffitt50_z"": 1.1780080515614895}"	58.9931971585894	Model_1_122_genus_tests_Moffitt50	False	0.5375654639232746	LOW_CURRENT_CONCERN
Klebsiella	Model_1	CLR_genus ~ standardized_Moffitt50_contrast + log10_matrix_total_abundance_proxy	sensitivity	62	-0.5608821380795039	0.2195180916881687	-1.0001368249542861	-0.12162745120472185	0.013215886791303554	0.20190746777123358	False	True	1.1780080515614895	"{""log10_matrix_total_abundance_proxy"": 1.1780080515614895, ""moffitt50_z"": 1.1780080515614895}"	58.9931971585894	Model_1_122_genus_tests_Moffitt50	False	0.1573446206892966	LOW_CURRENT_CONCERN
Brachybacterium	Model_1	CLR_genus ~ standardized_Moffitt50_contrast + log10_matrix_total_abundance_proxy	sensitivity	62	0.15432685940376462	0.1607479124428533	-0.16732897043172235	0.4759826892392516	0.34094548795313795	0.1258143134841163	False	True	1.1780080515614895	"{""log10_matrix_total_abundance_proxy"": 1.1780080515614895, ""moffitt50_z"": 1.1780080515614895}"	58.9931971585894	Model_1_122_genus_tests_Moffitt50	False	0.5882326510463807	LOW_CURRENT_CONCERN
Herbaspirillum	Model_1	CLR_genus ~ standardized_Moffitt50_contrast + log10_matrix_total_abundance_proxy	sensitivity	62	0.38771915468122836	0.19260519614575655	0.002317047397785321	0.7731212619646715	0.04868201633965689	-0.05753748004046266	False	True	1.1780080515614895	"{""log10_matrix_total_abundance_proxy"": 1.1780080515614895, ""moffitt50_z"": 1.1780080515614895}"	58.9931971585894	Model_1_122_genus_tests_Moffitt50	False	0.2375682397375256	MODERATE_RISK_ENVIRONMENTAL
Melaminivora	Model_1	CLR_genus ~ standardized_Moffitt50_contrast + log10_matrix_total_abundance_proxy	sensitivity	62	-0.038691039543105335	0.1568896600877108	-0.352626524248454	0.27524444516224333	0.8060637389615782	3.8678501588189356	True	False	1.1780080515614895	"{""log10_matrix_total_abundance_proxy"": 1.1780080515614895, ""moffitt50_z"": 1.1780080515614895}"	58.9931971585894	Model_1_122_genus_tests_Moffitt50	False	0.9263615200322545	LOW_CURRENT_CONCERN
Lysobacter	Model_3P	CLR_genus ~ standardized_Moffitt50_contrast + inferred_tumor_purity	sensitivity	62	-0.06791915469900327	0.2909703681637001	-0.6501495165552087	0.5143112071572022	0.8162409979851953	-0.10364570302499954	False	True	1.4023996108448706	"{""inferred_tumor_purity"": 1.4023996108448706, ""moffitt50_z"": 1.40239961084487}"	11.644179295149963	Model_3P_122_genus_tests_Moffitt50	False	0.9642292786547145	LOW_CURRENT_CONCERN
Brevundimonas	Model_3P	CLR_genus ~ standardized_Moffitt50_contrast + inferred_tumor_purity	sensitivity	62	-0.24313061544587972	0.0929880133145163	-0.42919920030583714	-0.057062030585922324	0.011319995516476479	0.13017233291454078	False	True	1.4023996108448706	"{""inferred_tumor_purity"": 1.4023996108448706, ""moffitt50_z"": 1.40239961084487}"	11.644179295149963	Model_3P_122_genus_tests_Moffitt50	False	0.13668325446372798	HIGH_RISK_POTENTIAL_CONTAMINANT
Paraburkholderia	Model_3P	CLR_genus ~ standardized_Moffitt50_contrast + inferred_tumor_purity	sensitivity	62	-0.09187286262100258	0.31028883266528995	-0.7127593826566516	0.5290136574146465	0.7682024169742422	0.5668258360004295	False	True	1.4023996108448706	"{""inferred_tumor_purity"": 1.4023996108448706, ""moffitt50_z"": 1.40239961084487}"	11.644179295149963	Model_3P_122_genus_tests_Moffitt50	False	0.9470876259673057	MODERATE_RISK_ENVIRONMENTAL
Aerococcus	Model_3P	CLR_genus ~ standardized_Moffitt50_contrast + inferred_tumor_purity	sensitivity	62	0.22943288230135217	0.1624556781722373	-0.0956401788654897	0.554505943468194	0.16312063003975927	-0.23731011266089896	False	True	1.4023996108448706	"{""inferred_tumor_purity"": 1.4023996108448706, ""moffitt50_z"": 1.40239961084487}"	11.644179295149963	Model_3P_122_genus_tests_Moffitt50	False	0.4425847375542256	LOW_CURRENT_CONCERN
Acidovorax	Model_3P	CLR_genus ~ standardized_Moffitt50_contrast + inferred_tumor_purity	sensitivity	62	-0.13723444594551243	0.08996223122226069	-0.31724845482376407	0.04277956293273924	0.13248564849570688	0.2815484680779058	False	True	1.4023996108448706	"{""inferred_tumor_purity"": 1.4023996108448706, ""moffitt50_z"": 1.40239961084487}"	11.644179295149963	Model_3P_122_genus_tests_Moffitt50	False	0.4405759826954973	LOW_CURRENT_CONCERN
Cupriavidus	Model_3P	CLR_genus ~ standardized_Moffitt50_contrast + inferred_tumor_purity	sensitivity	62	-0.16758103610027486	0.11973695795970096	-0.4071741355639857	0.07201206336343596	0.1668762125204457	0.434081183130099	False	True	1.4023996108448706	"{""inferred_tumor_purity"": 1.4023996108448706, ""moffitt50_z"": 1.40239961084487}"	11.644179295149963	Model_3P_122_genus_tests_Moffitt50	False	0.4425847375542256	BIOLOGICALLY_PLAUSIBLE_BUT_CONTAMINATION_SENSITIVE
Staphylococcus	Model_3P	CLR_genus ~ standardized_Moffitt50_contrast + inferred_tumor_purity	sensitivity	62	-0.5374941004668825	0.20816531190278995	-0.9540319274626679	-0.12095627347109722	0.012323899992631211	-0.1926147441884143	False	True	1.4023996108448706	"{""inferred_tumor_purity"": 1.4023996108448706, ""moffitt50_z"": 1.40239961084487}"	11.644179295149963	Model_3P_122_genus_tests_Moffitt50	False	0.13668325446372798	LOW_CURRENT_CONCERN
Luteimonas	Model_3P	CLR_genus ~ standardized_Moffitt50_contrast + inferred_tumor_purity	sensitivity	62	0.18270010768406839	0.2041118023239627	-0.22572666537944705	0.5911268807475838	0.37437186808628087	-1.3252481827983051	False	True	1.4023996108448706	"{""inferred_tumor_purity"": 1.4023996108448706, ""moffitt50_z"": 1.40239961084487}"	11.644179295149963	Model_3P_122_genus_tests_Moffitt50	False	0.6738004167293484	LOW_CURRENT_CONCERN
Rhodopseudomonas	Model_3P	CLR_genus ~ standardized_Moffitt50_contrast + inferred_tumor_purity	sensitivity	62	0.27374864242211855	0.2625438370910577	-0.25160036214264697	0.799097646986884	0.3013511797793713	0.32986489880146364	False	True	1.4023996108448706	"{""inferred_tumor_purity"": 1.4023996108448706, ""moffitt50_z"": 1.40239961084487}"	11.644179295149963	Model_3P_122_genus_tests_Moffitt50	False	0.5835689513187825	LOW_CURRENT_CONCERN
Rhodoferax	Model_3P	CLR_genus ~ standardized_Moffitt50_contrast + inferred_tumor_purity	sensitivity	62	-0.15498654742296405	0.1948409142805759	-0.5448623163608888	0.23488922151496064	0.42953941546489327	9.047811887254333	True	False	1.4023996108448706	"{""inferred_tumor_purity"": 1.4023996108448706, ""moffitt50_z"": 1.40239961084487}"	11.644179295149963	Model_3P_122_genus_tests_Moffitt50	False	0.6987174491562264	LOW_CURRENT_CONCERN
Blastomonas	Model_3P	CLR_genus ~ standardized_Moffitt50_contrast + inferred_tumor_purity	sensitivity	62	-0.060531933634002597	0.06713554042689943	-0.19486983973368638	0.07380597246568117	0.3709154274635388	0.48144300634739634	False	True	1.4023996108448706	"{""inferred_tumor_purity"": 1.4023996108448706, ""moffitt50_z"": 1.40239961084487}"	11.644179295149963	Model_3P_122_genus_tests_Moffitt50	False	0.6738004167293484	LOW_CURRENT_CONCERN
Aeromonas	Model_3P	CLR_genus ~ standardized_Moffitt50_contrast + inferred_tumor_purity	sensitivity	62	0.3759606464960453	0.18105948067172267	0.013661462512866263	0.7382598304792244	0.042217497291717046	-0.05043159140897657	False	True	1.4023996108448706	"{""inferred_tumor_purity"": 1.4023996108448706, ""moffitt50_z"": 1.40239961084487}"	11.644179295149963	Model_3P_122_genus_tests_Moffitt50	False	0.2697564505771817	LOW_CURRENT_CONCERN
Achromobacter	Model_3P	CLR_genus ~ standardized_Moffitt50_contrast + inferred_tumor_purity	sensitivity	62	-0.15859954348249866	0.17543288626142972	-0.5096399380563043	0.19244085109130693	0.3696472189650307	0.34158169335875077	False	True	1.4023996108448706	"{""inferred_tumor_purity"": 1.4023996108448706, ""moffitt50_z"": 1.40239961084487}"	11.644179295149963	Model_3P_122_genus_tests_Moffitt50	False	0.6738004167293484	LOW_CURRENT_CONCERN
Azoarcus	Model_3P	CLR_genus ~ standardized_Moffitt50_contrast + inferred_tumor_purity	sensitivity	62	-0.0914943183372484	0.0779000045028872	-0.24737186730058092	0.0643832306260841	0.24490968898939303	0.5440163396698493	False	True	1.4023996108448706	"{""inferred_tumor_purity"": 1.4023996108448706, ""moffitt50_z"": 1.40239961084487}"	11.644179295149963	Model_3P_122_genus_tests_Moffitt50	False	0.5234647262955264	LOW_CURRENT_CONCERN
Enterobacter	Model_3P	CLR_genus ~ standardized_Moffitt50_contrast + inferred_tumor_purity	sensitivity	62	0.05324397808920822	0.25890697660304424	-0.46482768544829045	0.5713156416267069	0.837772979814752	0.7909986404807746	False	True	1.4023996108448706	"{""inferred_tumor_purity"": 1.4023996108448706, ""moffitt50_z"": 1.40239961084487}"	11.644179295149963	Model_3P_122_genus_tests_Moffitt50	False	0.9642292786547145	LOW_CURRENT_CONCERN
Methyloversatilis	Model_3P	CLR_genus ~ standardized_Moffitt50_contrast + inferred_tumor_purity	sensitivity	62	-0.04097814883541279	0.06575571194951182	-0.17255502452928942	0.09059872685846385	0.5355628902605963	0.4591653771326839	False	True	1.4023996108448706	"{""inferred_tumor_purity"": 1.4023996108448706, ""moffitt50_z"": 1.40239961084487}"	11.644179295149963	Model_3P_122_genus_tests_Moffitt50	False	0.7597520071138693	LOW_CURRENT_CONCERN
Mycobacterium	Model_3P	CLR_genus ~ standardized_Moffitt50_contrast + inferred_tumor_purity	sensitivity	62	-0.14046872181757372	0.22461003557206574	-0.5899123648695186	0.3089749212343712	0.5341271669794857	0.10909052988104306	False	True	1.4023996108448706	"{""inferred_tumor_purity"": 1.4023996108448706, ""moffitt50_z"": 1.40239961084487}"	11.644179295149963	Model_3P_122_genus_tests_Moffitt50	False	0.7597520071138693	LOW_CURRENT_CONCERN
Rubrivivax	Model_3P	CLR_genus ~ standardized_Moffitt50_contrast + inferred_tumor_purity	sensitivity	62	0.3099935272345427	0.16868110469159206	-0.027536583624156175	0.6475236380932416	0.07113600385007339	0.28671292777193724	False	True	1.4023996108448706	"{""inferred_tumor_purity"": 1.4023996108448706, ""moffitt50_z"": 1.40239961084487}"	11.644179295149963	Model_3P_122_genus_tests_Moffitt50	False	0.3387734269487117	LOW_CURRENT_CONCERN
Mesorhizobium	Model_3P	CLR_genus ~ standardized_Moffitt50_contrast + inferred_tumor_purity	sensitivity	62	0.12602828384410011	0.19999527061050165	-0.274161328287026	0.5262178959752263	0.531025433074328	0.6194863216175155	False	True	1.4023996108448706	"{""inferred_tumor_purity"": 1.4023996108448706, ""moffitt50_z"": 1.40239961084487}"	11.644179295149963	Model_3P_122_genus_tests_Moffitt50	False	0.7597520071138693	MODERATE_RISK_ENVIRONMENTAL
Nocardioides	Model_3P	CLR_genus ~ standardized_Moffitt50_contrast + inferred_tumor_purity	sensitivity	62	0.5404300943275343	0.20357101731613805	0.1330854295652154	0.9477747590898532	0.010187034772829041	0.1369545949301918	False	True	1.4023996108448706	"{""inferred_tumor_purity"": 1.4023996108448706, ""moffitt50_z"": 1.40239961084487}"	11.644179295149963	Model_3P_122_genus_tests_Moffitt50	False	0.13668325446372798	LOW_CURRENT_CONCERN
Comamonas	Model_3P	CLR_genus ~ standardized_Moffitt50_contrast + inferred_tumor_purity	sensitivity	62	-0.09170575826552475	0.07384191320049739	-0.23946308528891508	0.05605156875786556	0.21918028868391243	0.4722903513943698	False	True	1.4023996108448706	"{""inferred_tumor_purity"": 1.4023996108448706, ""moffitt50_z"": 1.40239961084487}"	11.644179295149963	Model_3P_122_genus_tests_Moffitt50	False	0.4951850966562466	HIGH_RISK_POTENTIAL_CONTAMINANT
Dechloromonas	Model_3P	CLR_genus ~ standardized_Moffitt50_contrast + inferred_tumor_purity	sensitivity	62	-0.37287388772830693	0.13909024393757838	-0.6511928229845709	-0.09455495247204293	0.009507477204722335	0.10099108708857907	False	True	1.4023996108448706	"{""inferred_tumor_purity"": 1.4023996108448706, ""moffitt50_z"": 1.40239961084487}"	11.644179295149963	Model_3P_122_genus_tests_Moffitt50	False	0.13668325446372798	MODERATE_RISK_ENVIRONMENTAL
Chelatococcus	Model_3P	CLR_genus ~ standardized_Moffitt50_contrast + inferred_tumor_purity	sensitivity	62	0.12833674784232274	0.1541215411822795	-0.18005974372725908	0.43673323941190456	0.40837299029349905	0.3476520124161855	False	True	1.4023996108448706	"{""inferred_tumor_purity"": 1.4023996108448706, ""moffitt50_z"": 1.40239961084487}"	11.644179295149963	Model_3P_122_genus_tests_Moffitt50	False	0.6919653446639845	LOW_CURRENT_CONCERN
Bordetella	Model_3P	CLR_genus ~ standardized_Moffitt50_contrast + inferred_tumor_purity	sensitivity	62	-0.018786778632621272	0.18571290785480335	-0.3903974489014151	0.3528238916361725	0.9197661865162602	0.7076473598937366	False	True	1.4023996108448706	"{""inferred_tumor_purity"": 1.4023996108448706, ""moffitt50_z"": 1.40239961084487}"	11.644179295149963	Model_3P_122_genus_tests_Moffitt50	False	0.9813227015772333	LOW_CURRENT_CONCERN
Kocuria	Model_3P	CLR_genus ~ standardized_Moffitt50_contrast + inferred_tumor_purity	sensitivity	62	0.05704678418835552	0.2670422778234357	-0.4773035794905024	0.5913971478672134	0.831576370357806	-0.5596531028616305	False	True	1.4023996108448706	"{""inferred_tumor_purity"": 1.4023996108448706, ""moffitt50_z"": 1.40239961084487}"	11.644179295149963	Model_3P_122_genus_tests_Moffitt50	False	0.9642292786547145	LOW_CURRENT_CONCERN
Bosea	Model_3P	CLR_genus ~ standardized_Moffitt50_contrast + inferred_tumor_purity	sensitivity	62	0.3226907876959822	0.22040517457786066	-0.1183389479410547	0.7637205233330191	0.1484801644226043	0.11963023432459274	False	True	1.4023996108448706	"{""inferred_tumor_purity"": 1.4023996108448706, ""moffitt50_z"": 1.40239961084487}"	11.644179295149963	Model_3P_122_genus_tests_Moffitt50	False	0.4405759826954973	LOW_CURRENT_CONCERN
Phenylobacterium	Model_3P	CLR_genus ~ standardized_Moffitt50_contrast + inferred_tumor_purity	sensitivity	62	-0.16312343264019613	0.218023665217858	-0.5993877790549937	0.2731409137746015	0.45731684785394133	-11.848969343872485	False	True	1.4023996108448706	"{""inferred_tumor_purity"": 1.4023996108448706, ""moffitt50_z"": 1.40239961084487}"	11.644179295149963	Model_3P_122_genus_tests_Moffitt50	False	0.7284497834088165	LOW_CURRENT_CONCERN
Xanthomonas	Model_3P	CLR_genus ~ standardized_Moffitt50_contrast + inferred_tumor_purity	sensitivity	62	0.3839335396885108	0.23782535130807275	-0.09195388907116125	0.8598209684481828	0.11178740583819986	-3.52531773974032	False	True	1.4023996108448706	"{""inferred_tumor_purity"": 1.4023996108448706, ""moffitt50_z"": 1.40239961084487}"	11.644179295149963	Model_3P_122_genus_tests_Moffitt50	False	0.42618948475813695	LOW_CURRENT_CONCERN
Azospira	Model_3P	CLR_genus ~ standardized_Moffitt50_contrast + inferred_tumor_purity	sensitivity	62	0.028656025868486448	0.2155674058652351	-0.4026933569343267	0.4600054086712995	0.8946987091246895	1.548662817789321	True	False	1.4023996108448706	"{""inferred_tumor_purity"": 1.4023996108448706, ""moffitt50_z"": 1.40239961084487}"	11.644179295149963	Model_3P_122_genus_tests_Moffitt50	False	0.9813227015772333	LOW_CURRENT_CONCERN
Deinococcus	Model_3P	CLR_genus ~ standardized_Moffitt50_contrast + inferred_tumor_purity	sensitivity	62	0.009823841205141284	0.19841400737427176	-0.38720167049874793	0.4068493529090305	0.9606786419413575	1.2431729300114256	True	False	1.4023996108448706	"{""inferred_tumor_purity"": 1.4023996108448706, ""moffitt50_z"": 1.40239961084487}"	11.644179295149963	Model_3P_122_genus_tests_Moffitt50	False	0.9872684907135693	LOW_CURRENT_CONCERN
Hydrogenophaga	Model_3P	CLR_genus ~ standardized_Moffitt50_contrast + inferred_tumor_purity	sensitivity	62	-0.1723592860006007	0.11572464343902109	-0.4039237626529946	0.05920519065179325	0.1417108004635578	0.35935328942796263	False	True	1.4023996108448706	"{""inferred_tumor_purity"": 1.4023996108448706, ""moffitt50_z"": 1.40239961084487}"	11.644179295149963	Model_3P_122_genus_tests_Moffitt50	False	0.4405759826954973	LOW_CURRENT_CONCERN
Porphyrobacter	Model_3P	CLR_genus ~ standardized_Moffitt50_contrast + inferred_tumor_purity	sensitivity	62	-0.11174308960465382	0.08912003621950043	-0.2900718701749332	0.06658569096562553	0.2148422560994793	0.16478252711505548	False	True	1.4023996108448706	"{""inferred_tumor_purity"": 1.4023996108448706, ""moffitt50_z"": 1.40239961084487}"	11.644179295149963	Model_3P_122_genus_tests_Moffitt50	False	0.4945425517761599	LOW_CURRENT_CONCERN
Aromatoleum	Model_3P	CLR_genus ~ standardized_Moffitt50_contrast + inferred_tumor_purity	sensitivity	62	0.16467879438131475	0.19222155325593618	-0.21995564525276132	0.5493132340153908	0.39506963997591926	0.35453215537651606	False	True	1.4023996108448706	"{""inferred_tumor_purity"": 1.4023996108448706, ""moffitt50_z"": 1.40239961084487}"	11.644179295149963	Model_3P_122_genus_tests_Moffitt50	False	0.6788520574234106	LOW_CURRENT_CONCERN
Microbacterium	Model_3P	CLR_genus ~ standardized_Moffitt50_contrast + inferred_tumor_purity	sensitivity	62	0.19194797535842728	0.21498165238849382	-0.23822931744472736	0.6221252681615819	0.3755608880130794	0.40542623755105067	False	True	1.4023996108448706	"{""inferred_tumor_purity"": 1.4023996108448706, ""moffitt50_z"": 1.40239961084487}"	11.644179295149963	Model_3P_122_genus_tests_Moffitt50	False	0.6738004167293484	LOW_CURRENT_CONCERN
Mitsuaria	Model_3P	CLR_genus ~ standardized_Moffitt50_contrast + inferred_tumor_purity	sensitivity	62	-0.07510342682584012	0.18168168855320774	-0.4386476459040809	0.2884407922524006	0.6808274979166499	2.45734302945898	True	False	1.4023996108448706	"{""inferred_tumor_purity"": 1.4023996108448706, ""moffitt50_z"": 1.40239961084487}"	11.644179295149963	Model_3P_122_genus_tests_Moffitt50	False	0.8927763457262886	LOW_CURRENT_CONCERN
Pandoraea	Model_3P	CLR_genus ~ standardized_Moffitt50_contrast + inferred_tumor_purity	sensitivity	62	0.4364737400875709	0.09981176250080476	0.23675086464461673	0.6361966155305251	5.054718767554327e-05	-0.008391399345828221	False	True	1.4023996108448706	"{""inferred_tumor_purity"": 1.4023996108448706, ""moffitt50_z"": 1.40239961084487}"	11.644179295149963	Model_3P_122_genus_tests_Moffitt50	False	0.006166756896416279	LOW_CURRENT_CONCERN
Rhodococcus	Model_3P	CLR_genus ~ standardized_Moffitt50_contrast + inferred_tumor_purity	sensitivity	62	-0.2643233395456025	0.23291815194254137	-0.7303914850554886	0.20174480596428357	0.26103454345314486	-3.199262001374451	False	True	1.4023996108448706	"{""inferred_tumor_purity"": 1.4023996108448706, ""moffitt50_z"": 1.40239961084487}"	11.644179295149963	Model_3P_122_genus_tests_Moffitt50	False	0.5397663440895538	LOW_CURRENT_CONCERN
Streptococcus	Model_3P	CLR_genus ~ standardized_Moffitt50_contrast + inferred_tumor_purity	sensitivity	62	0.4685478463456819	0.2819486059269085	-0.09563001097249235	1.0327257036638562	0.10185379473197723	-0.5988966366753767	False	True	1.4023996108448706	"{""inferred_tumor_purity"": 1.4023996108448706, ""moffitt50_z"": 1.40239961084487}"	11.644179295149963	Model_3P_122_genus_tests_Moffitt50	False	0.42618948475813695	LOW_CURRENT_CONCERN
Rhizorhabdus	Model_3P	CLR_genus ~ standardized_Moffitt50_contrast + inferred_tumor_purity	sensitivity	62	-0.17389136614071654	0.1429545660022105	-0.4599427919877539	0.11216005970632081	0.22867282105934758	0.3724550077256201	False	True	1.4023996108448706	"{""inferred_tumor_purity"": 1.4023996108448706, ""moffitt50_z"": 1.40239961084487}"	11.644179295149963	Model_3P_122_genus_tests_Moffitt50	False	0.5072378939861891	LOW_CURRENT_CONCERN
Citromicrobium	Model_3P	CLR_genus ~ standardized_Moffitt50_contrast + inferred_tumor_purity	sensitivity	62	-0.004988680105202318	0.173343379251423	-0.3518479808095014	0.3418706205990968	0.9771378350643014	0.505309749977612	False	True	1.4023996108448706	"{""inferred_tumor_purity"": 1.4023996108448706, ""moffitt50_z"": 1.40239961084487}"	11.644179295149963	Model_3P_122_genus_tests_Moffitt50	False	0.9872684907135693	LOW_CURRENT_CONCERN
Massilia	Model_3P	CLR_genus ~ standardized_Moffitt50_contrast + inferred_tumor_purity	sensitivity	62	0.07872679482843363	0.18194857534914252	-0.2853514634949454	0.4428050531518127	0.6668196874170718	0.506893948441305	False	True	1.4023996108448706	"{""inferred_tumor_purity"": 1.4023996108448706, ""moffitt50_z"": 1.40239961084487}"	11.644179295149963	Model_3P_122_genus_tests_Moffitt50	False	0.8927763457262886	LOW_CURRENT_CONCERN
Candida	Model_3P	CLR_genus ~ standardized_Moffitt50_contrast + inferred_tumor_purity	sensitivity	62	-1.1069554874541283	0.2978630728135157	-1.7029781194571423	-0.5109328554511143	0.00045135449069229675	0.015468930650700763	False	True	1.4023996108448706	"{""inferred_tumor_purity"": 1.4023996108448706, ""moffitt50_z"": 1.40239961084487}"	11.644179295149963	Model_3P_122_genus_tests_Moffitt50	False	0.01940563310940726	LOW_CURRENT_CONCERN
Ramlibacter	Model_3P	CLR_genus ~ standardized_Moffitt50_contrast + inferred_tumor_purity	sensitivity	62	-0.2907227795335453	0.13225869188185213	-0.5553718107011316	-0.026073748365958938	0.03187502529284646	0.19861115880303037	False	True	1.4023996108448706	"{""inferred_tumor_purity"": 1.4023996108448706, ""moffitt50_z"": 1.40239961084487}"	11.644179295149963	Model_3P_122_genus_tests_Moffitt50	False	0.25328850022748384	LOW_CURRENT_CONCERN
Caulobacter	Model_3P	CLR_genus ~ standardized_Moffitt50_contrast + inferred_tumor_purity	sensitivity	62	-0.06430735512104939	0.06946112367309946	-0.20329874254773894	0.07468403230564018	0.3583195844106536	0.4598154982425322	False	True	1.4023996108448706	"{""inferred_tumor_purity"": 1.4023996108448706, ""moffitt50_z"": 1.40239961084487}"	11.644179295149963	Model_3P_122_genus_tests_Moffitt50	False	0.6738004167293484	HIGH_RISK_POTENTIAL_CONTAMINANT
Bacteroides	Model_3P	CLR_genus ~ standardized_Moffitt50_contrast + inferred_tumor_purity	sensitivity	62	0.06731196368980333	0.360781267350996	-0.6546096847803673	0.7892336121599739	0.852635662393494	0.7307959078762107	False	True	1.4023996108448706	"{""inferred_tumor_purity"": 1.4023996108448706, ""moffitt50_z"": 1.40239961084487}"	11.644179295149963	Model_3P_122_genus_tests_Moffitt50	False	0.9721640262804324	LOW_CURRENT_CONCERN
Enterococcus	Model_3P	CLR_genus ~ standardized_Moffitt50_contrast + inferred_tumor_purity	sensitivity	62	-0.06388280022870514	0.19362386375405433	-0.45132325668816026	0.32355765623075	0.742619595051316	0.13964586848638527	False	True	1.4023996108448706	"{""inferred_tumor_purity"": 1.4023996108448706, ""moffitt50_z"": 1.40239961084487}"	11.644179295149963	Model_3P_122_genus_tests_Moffitt50	False	0.9340163978995933	LOW_CURRENT_CONCERN
Laribacter	Model_3P	CLR_genus ~ standardized_Moffitt50_contrast + inferred_tumor_purity	sensitivity	62	0.14703135367920078	0.16903275472495105	-0.191202407270954	0.48526511462935557	0.38791332198707285	-0.543600761874625	False	True	1.4023996108448706	"{""inferred_tumor_purity"": 1.4023996108448706, ""moffitt50_z"": 1.40239961084487}"	11.644179295149963	Model_3P_122_genus_tests_Moffitt50	False	0.6760775040346128	LOW_CURRENT_CONCERN
Variovorax	Model_3P	CLR_genus ~ standardized_Moffitt50_contrast + inferred_tumor_purity	sensitivity	62	-0.2433683162382071	0.11193384171156001	-0.46734741615470243	-0.019389216321711783	0.033711909531759406	0.21922958046475804	False	True	1.4023996108448706	"{""inferred_tumor_purity"": 1.4023996108448706, ""moffitt50_z"": 1.40239961084487}"	11.644179295149963	Model_3P_122_genus_tests_Moffitt50	False	0.25328850022748384	LOW_CURRENT_CONCERN
Pseudomonas	Model_3P	CLR_genus ~ standardized_Moffitt50_contrast + inferred_tumor_purity	sensitivity	62	0.15450265926696877	0.0777847122247624	-0.0011441903807067333	0.31014950891464427	0.05165314947428886	-0.4077662212779303	False	True	1.4023996108448706	"{""inferred_tumor_purity"": 1.4023996108448706, ""moffitt50_z"": 1.40239961084487}"	11.644179295149963	Model_3P_122_genus_tests_Moffitt50	False	0.2864401925392382	BIOLOGICALLY_PLAUSIBLE_BUT_CONTAMINATION_SENSITIVE
Methylobacterium	Model_3P	CLR_genus ~ standardized_Moffitt50_contrast + inferred_tumor_purity	sensitivity	62	0.2631135052146867	0.18796543866138615	-0.11300446878708076	0.6392314792164542	0.16681039334516706	-0.25484329749968704	False	True	1.4023996108448706	"{""inferred_tumor_purity"": 1.4023996108448706, ""moffitt50_z"": 1.40239961084487}"	11.644179295149963	Model_3P_122_genus_tests_Moffitt50	False	0.4425847375542256	BIOLOGICALLY_PLAUSIBLE_BUT_CONTAMINATION_SENSITIVE
Elizabethkingia	Model_3P	CLR_genus ~ standardized_Moffitt50_contrast + inferred_tumor_purity	sensitivity	62	0.5025405172878787	0.3093483211809945	-0.11646404361465612	1.1215450781904135	0.10959722277391235	-0.2948487725238105	False	True	1.4023996108448706	"{""inferred_tumor_purity"": 1.4023996108448706, ""moffitt50_z"": 1.40239961084487}"	11.644179295149963	Model_3P_122_genus_tests_Moffitt50	False	0.42618948475813695	HIGH_RISK_POTENTIAL_CONTAMINANT
Tessaracoccus	Model_3P	CLR_genus ~ standardized_Moffitt50_contrast + inferred_tumor_purity	sensitivity	62	-0.13824686842423578	0.10343619043079644	-0.3452222074033173	0.06872847055484577	0.18650351323289915	-0.27504608771819483	False	True	1.4023996108448706	"{""inferred_tumor_purity"": 1.4023996108448706, ""moffitt50_z"": 1.40239961084487}"	11.644179295149963	Model_3P_122_genus_tests_Moffitt50	False	0.47402976280028536	LOW_CURRENT_CONCERN
Agrobacterium	Model_3P	CLR_genus ~ standardized_Moffitt50_contrast + inferred_tumor_purity	sensitivity	62	-0.15469000533349328	0.13257926221678676	-0.41998049625963607	0.11060048559264948	0.24799612036035687	0.27893983606557027	False	True	1.4023996108448706	"{""inferred_tumor_purity"": 1.4023996108448706, ""moffitt50_z"": 1.40239961084487}"	11.644179295149963	Model_3P_122_genus_tests_Moffitt50	False	0.5234647262955264	LOW_CURRENT_CONCERN
Azospirillum	Model_3P	CLR_genus ~ standardized_Moffitt50_contrast + inferred_tumor_purity	sensitivity	62	-0.06015565975978048	0.21188516135706142	-0.4841368883207472	0.3638255688011862	0.7774756890464066	1.5984429440051153	True	False	1.4023996108448706	"{""inferred_tumor_purity"": 1.4023996108448706, ""moffitt50_z"": 1.40239961084487}"	11.644179295149963	Model_3P_122_genus_tests_Moffitt50	False	0.9470876259673057	LOW_CURRENT_CONCERN
Clostridium	Model_3P	CLR_genus ~ standardized_Moffitt50_contrast + inferred_tumor_purity	sensitivity	62	-0.19811773594375354	0.31637908905366663	-0.8311908308639169	0.43495535897640974	0.5335966645351202	0.39613389796165654	False	True	1.4023996108448706	"{""inferred_tumor_purity"": 1.4023996108448706, ""moffitt50_z"": 1.40239961084487}"	11.644179295149963	Model_3P_122_genus_tests_Moffitt50	False	0.7597520071138693	LOW_CURRENT_CONCERN
Ensifer	Model_3P	CLR_genus ~ standardized_Moffitt50_contrast + inferred_tumor_purity	sensitivity	62	0.4056328862313167	0.1761044278691405	0.05324874000428792	0.7580170324583455	0.024800133971375073	0.023921453307715335	False	True	1.4023996108448706	"{""inferred_tumor_purity"": 1.4023996108448706, ""moffitt50_z"": 1.40239961084487}"	11.644179295149963	Model_3P_122_genus_tests_Moffitt50	False	0.23273971880828917	LOW_CURRENT_CONCERN
Roseomonas	Model_3P	CLR_genus ~ standardized_Moffitt50_contrast + inferred_tumor_purity	sensitivity	62	-0.0014722444253315976	0.17927463108252664	-0.3601999526299467	0.35725546377928347	0.9934753677932493	0.9772146546488202	False	True	1.4023996108448706	"{""inferred_tumor_purity"": 1.4023996108448706, ""moffitt50_z"": 1.40239961084487}"	11.644179295149963	Model_3P_122_genus_tests_Moffitt50	False	0.9934753677932493	LOW_CURRENT_CONCERN
Croceicoccus	Model_3P	CLR_genus ~ standardized_Moffitt50_contrast + inferred_tumor_purity	sensitivity	62	0.09117409365457683	0.23711477007809578	-0.383291465348155	0.5656396526573086	0.7019795685358339	-1.5670123365480606	False	True	1.4023996108448706	"{""inferred_tumor_purity"": 1.4023996108448706, ""moffitt50_z"": 1.40239961084487}"	11.644179295149963	Model_3P_122_genus_tests_Moffitt50	False	0.8927763457262886	LOW_CURRENT_CONCERN
Rhodobacter	Model_3P	CLR_genus ~ standardized_Moffitt50_contrast + inferred_tumor_purity	sensitivity	62	0.31302200754657616	0.24545965517796325	-0.17814162797166816	0.8041856430648204	0.20722008897956573	-0.35671600228787215	False	True	1.4023996108448706	"{""inferred_tumor_purity"": 1.4023996108448706, ""moffitt50_z"": 1.40239961084487}"	11.644179295149963	Model_3P_122_genus_tests_Moffitt50	False	0.4861702087597504	LOW_CURRENT_CONCERN
Micrococcus	Model_3P	CLR_genus ~ standardized_Moffitt50_contrast + inferred_tumor_purity	sensitivity	62	-0.3265220793769555	0.3124405612995261	-0.9517141984646111	0.2986700397107002	0.30025381503821846	-4.814316231077384	False	True	1.4023996108448706	"{""inferred_tumor_purity"": 1.4023996108448706, ""moffitt50_z"": 1.40239961084487}"	11.644179295149963	Model_3P_122_genus_tests_Moffitt50	False	0.5835689513187825	LOW_CURRENT_CONCERN
Bradyrhizobium	Model_3P	CLR_genus ~ standardized_Moffitt50_contrast + inferred_tumor_purity	sensitivity	62	0.2507352273423983	0.15799957629755235	-0.06542119456890855	0.566891649253705	0.11787254489861052	-0.764299718262696	False	True	1.4023996108448706	"{""inferred_tumor_purity"": 1.4023996108448706, ""moffitt50_z"": 1.40239961084487}"	11.644179295149963	Model_3P_122_genus_tests_Moffitt50	False	0.43577122659486306	BIOLOGICALLY_PLAUSIBLE_BUT_CONTAMINATION_SENSITIVE
Aquabacterium	Model_3P	CLR_genus ~ standardized_Moffitt50_contrast + inferred_tumor_purity	sensitivity	62	-0.21303394932543293	0.1653525256527576	-0.5439035889118226	0.11783569026095672	0.20264952529253308	-0.13161753770782725	False	True	1.4023996108448706	"{""inferred_tumor_purity"": 1.4023996108448706, ""moffitt50_z"": 1.40239961084487}"	11.644179295149963	Model_3P_122_genus_tests_Moffitt50	False	0.4847694526605693	LOW_CURRENT_CONCERN
Prevotella	Model_3P	CLR_genus ~ standardized_Moffitt50_contrast + inferred_tumor_purity	sensitivity	62	0.29097223438279674	0.41693785003248063	-0.5433184764822562	1.1252629452478495	0.48799412323928704	-4.385821242488347	False	True	1.4023996108448706	"{""inferred_tumor_purity"": 1.4023996108448706, ""moffitt50_z"": 1.40239961084487}"	11.644179295149963	Model_3P_122_genus_tests_Moffitt50	False	0.7536111776606711	LOW_CURRENT_CONCERN
Sulfuritalea	Model_3P	CLR_genus ~ standardized_Moffitt50_contrast + inferred_tumor_purity	sensitivity	62	-0.04325706419578176	0.14711695941007816	-0.33763742001374736	0.2511232916221839	0.7697655538138033	1.8463446881040642	True	False	1.4023996108448706	"{""inferred_tumor_purity"": 1.4023996108448706, ""moffitt50_z"": 1.40239961084487}"	11.644179295149963	Model_3P_122_genus_tests_Moffitt50	False	0.9470876259673057	LOW_CURRENT_CONCERN
Escherichia	Model_3P	CLR_genus ~ standardized_Moffitt50_contrast + inferred_tumor_purity	sensitivity	62	-0.125583523232234	0.3195620808709205	-0.765025770067215	0.513858723602747	0.6957459674022004	0.4496797499417672	False	True	1.4023996108448706	"{""inferred_tumor_purity"": 1.4023996108448706, ""moffitt50_z"": 1.40239961084487}"	11.644179295149963	Model_3P_122_genus_tests_Moffitt50	False	0.8927763457262886	LOW_CURRENT_CONCERN
Moraxella	Model_3P	CLR_genus ~ standardized_Moffitt50_contrast + inferred_tumor_purity	sensitivity	62	-0.24964605416752852	0.17187904327257483	-0.5935752253461841	0.09428311701112704	0.15167369896074498	-92.56581683919605	False	True	1.4023996108448706	"{""inferred_tumor_purity"": 1.4023996108448706, ""moffitt50_z"": 1.40239961084487}"	11.644179295149963	Model_3P_122_genus_tests_Moffitt50	False	0.4405759826954973	LOW_CURRENT_CONCERN
Shinella	Model_3P	CLR_genus ~ standardized_Moffitt50_contrast + inferred_tumor_purity	sensitivity	62	0.1419980447033426	0.17485289542618898	-0.20788179088981273	0.4918778802964979	0.41999880002388656	4.041253769281637	True	False	1.4023996108448706	"{""inferred_tumor_purity"": 1.4023996108448706, ""moffitt50_z"": 1.40239961084487}"	11.644179295149963	Model_3P_122_genus_tests_Moffitt50	False	0.6987174491562264	LOW_CURRENT_CONCERN
Cutibacterium	Model_3P	CLR_genus ~ standardized_Moffitt50_contrast + inferred_tumor_purity	sensitivity	62	-0.26858880158560944	0.14671407332529346	-0.5621629842100249	0.02498538103880593	0.07219761557923364	0.19927422886292556	False	True	1.4023996108448706	"{""inferred_tumor_purity"": 1.4023996108448706, ""moffitt50_z"": 1.40239961084487}"	11.644179295149963	Model_3P_122_genus_tests_Moffitt50	False	0.3387734269487117	LOW_CURRENT_CONCERN
Chryseobacterium	Model_3P	CLR_genus ~ standardized_Moffitt50_contrast + inferred_tumor_purity	sensitivity	62	0.36172313031544984	0.22050219157590437	-0.07950073588626849	0.8029469965171682	0.1062325890400907	0.03567622990102748	False	True	1.4023996108448706	"{""inferred_tumor_purity"": 1.4023996108448706, ""moffitt50_z"": 1.40239961084487}"	11.644179295149963	Model_3P_122_genus_tests_Moffitt50	False	0.42618948475813695	LOW_CURRENT_CONCERN
Aminobacter	Model_3P	CLR_genus ~ standardized_Moffitt50_contrast + inferred_tumor_purity	sensitivity	62	0.02292539617357573	0.1719848531509125	-0.32121550008258953	0.36706629242974104	0.8944105987058548	0.23706322502746124	False	True	1.4023996108448706	"{""inferred_tumor_purity"": 1.4023996108448706, ""moffitt50_z"": 1.40239961084487}"	11.644179295149963	Model_3P_122_genus_tests_Moffitt50	False	0.9813227015772333	LOW_CURRENT_CONCERN
Sphingopyxis	Model_3P	CLR_genus ~ standardized_Moffitt50_contrast + inferred_tumor_purity	sensitivity	62	-0.10819401067350443	0.07438814014909262	-0.257044335296421	0.04065631394941219	0.15112049757461948	0.3600290699734291	False	True	1.4023996108448706	"{""inferred_tumor_purity"": 1.4023996108448706, ""moffitt50_z"": 1.40239961084487}"	11.644179295149963	Model_3P_122_genus_tests_Moffitt50	False	0.4405759826954973	MODERATE_RISK_ENVIRONMENTAL
Thiomonas	Model_3P	CLR_genus ~ standardized_Moffitt50_contrast + inferred_tumor_purity	sensitivity	62	-0.08071588891347589	0.21031176714409272	-0.5015487629263814	0.34011698509942956	0.7025125343419976	20.536568349128412	True	False	1.4023996108448706	"{""inferred_tumor_purity"": 1.4023996108448706, ""moffitt50_z"": 1.40239961084487}"	11.644179295149963	Model_3P_122_genus_tests_Moffitt50	False	0.8927763457262886	LOW_CURRENT_CONCERN
Flavobacterium	Model_3P	CLR_genus ~ standardized_Moffitt50_contrast + inferred_tumor_purity	sensitivity	62	-0.14390261410080785	0.07382418040182792	-0.29162445787602	0.0038192296744042897	0.056023029882388276	0.27565283523683004	False	True	1.4023996108448706	"{""inferred_tumor_purity"": 1.4023996108448706, ""moffitt50_z"": 1.40239961084487}"	11.644179295149963	Model_3P_122_genus_tests_Moffitt50	False	0.2971656367674509	LOW_CURRENT_CONCERN
Verminephrobacter	Model_3P	CLR_genus ~ standardized_Moffitt50_contrast + inferred_tumor_purity	sensitivity	62	-0.08079942384595092	0.12601016455906794	-0.3329451807207878	0.17134633302888602	0.5238670759091515	13.043196189442044	True	False	1.4023996108448706	"{""inferred_tumor_purity"": 1.4023996108448706, ""moffitt50_z"": 1.40239961084487}"	11.644179295149963	Model_3P_122_genus_tests_Moffitt50	False	0.7597520071138693	LOW_CURRENT_CONCERN
Citrobacter	Model_3P	CLR_genus ~ standardized_Moffitt50_contrast + inferred_tumor_purity	sensitivity	62	-0.6173274526578969	0.3002669006409481	-1.2181601330333232	-0.01649477228247076	0.044222368947078955	-0.05833360675132293	False	True	1.4023996108448706	"{""inferred_tumor_purity"": 1.4023996108448706, ""moffitt50_z"": 1.40239961084487}"	11.644179295149963	Model_3P_122_genus_tests_Moffitt50	False	0.2697564505771817	LOW_CURRENT_CONCERN
Sphingobium	Model_3P	CLR_genus ~ standardized_Moffitt50_contrast + inferred_tumor_purity	sensitivity	62	-0.3623333774196318	0.10091805262265831	-0.5642699342832396	-0.16039682055602394	0.0006730394692926366	0.10048668389355087	False	True	1.4023996108448706	"{""inferred_tumor_purity"": 1.4023996108448706, ""moffitt50_z"": 1.40239961084487}"	11.644179295149963	Model_3P_122_genus_tests_Moffitt50	False	0.01940563310940726	LOW_CURRENT_CONCERN
Methylorubrum	Model_3P	CLR_genus ~ standardized_Moffitt50_contrast + inferred_tumor_purity	sensitivity	62	0.22413747382457225	0.25426678743843334	-0.2846491926410848	0.7329241402902293	0.38162159613578206	0.5716391398506552	False	True	1.4023996108448706	"{""inferred_tumor_purity"": 1.4023996108448706, ""moffitt50_z"": 1.40239961084487}"	11.644179295149963	Model_3P_122_genus_tests_Moffitt50	False	0.6747512279502234	LOW_CURRENT_CONCERN
Ralstonia	Model_3P	CLR_genus ~ standardized_Moffitt50_contrast + inferred_tumor_purity	sensitivity	62	0.06454076156583421	0.14833346165589478	-0.23227380962344446	0.3613553327551129	0.6650730822021309	-1.056770963625417	False	True	1.4023996108448706	"{""inferred_tumor_purity"": 1.4023996108448706, ""moffitt50_z"": 1.40239961084487}"	11.644179295149963	Model_3P_122_genus_tests_Moffitt50	False	0.8927763457262886	HIGH_RISK_POTENTIAL_CONTAMINANT
Erythrobacter	Model_3P	CLR_genus ~ standardized_Moffitt50_contrast + inferred_tumor_purity	sensitivity	62	-0.20779924870818245	0.07875861853014987	-0.3653948803716293	-0.05020361704473558	0.010634904630875994	0.1846239051777776	False	True	1.4023996108448706	"{""inferred_tumor_purity"": 1.4023996108448706, ""moffitt50_z"": 1.40239961084487}"	11.644179295149963	Model_3P_122_genus_tests_Moffitt50	False	0.13668325446372798	LOW_CURRENT_CONCERN
Xanthobacter	Model_3P	CLR_genus ~ standardized_Moffitt50_contrast + inferred_tumor_purity	sensitivity	62	-0.082031435135216	0.20839931649555726	-0.4990375042395801	0.3349746339691481	0.6952759618869842	-0.3405081932532923	False	True	1.4023996108448706	"{""inferred_tumor_purity"": 1.4023996108448706, ""moffitt50_z"": 1.40239961084487}"	11.644179295149963	Model_3P_122_genus_tests_Moffitt50	False	0.8927763457262886	LOW_CURRENT_CONCERN
Paucibacter	Model_3P	CLR_genus ~ standardized_Moffitt50_contrast + inferred_tumor_purity	sensitivity	62	0.18051170887318	0.16981026683527597	-0.15927785021614263	0.5203012679625026	0.29210455068475516	0.4343152979176771	False	True	1.4023996108448706	"{""inferred_tumor_purity"": 1.4023996108448706, ""moffitt50_z"": 1.40239961084487}"	11.644179295149963	Model_3P_122_genus_tests_Moffitt50	False	0.5835689513187825	LOW_CURRENT_CONCERN
Streptomyces	Model_3P	CLR_genus ~ standardized_Moffitt50_contrast + inferred_tumor_purity	sensitivity	62	0.4573042699495018	0.12928938481087085	0.19859680850707379	0.7160117313919299	0.0007953128323527565	-0.034348371417106005	False	True	1.4023996108448706	"{""inferred_tumor_purity"": 1.4023996108448706, ""moffitt50_z"": 1.40239961084487}"	11.644179295149963	Model_3P_122_genus_tests_Moffitt50	False	0.01940563310940726	LOW_CURRENT_CONCERN
Collimonas	Model_3P	CLR_genus ~ standardized_Moffitt50_contrast + inferred_tumor_purity	sensitivity	62	0.02512833964815205	0.18235599029760965	-0.3397651541040738	0.3900218334003779	0.8908690610322489	0.8572379634996903	False	True	1.4023996108448706	"{""inferred_tumor_purity"": 1.4023996108448706, ""moffitt50_z"": 1.40239961084487}"	11.644179295149963	Model_3P_122_genus_tests_Moffitt50	False	0.9813227015772333	LOW_CURRENT_CONCERN
Bacillus	Model_3P	CLR_genus ~ standardized_Moffitt50_contrast + inferred_tumor_purity	sensitivity	62	-0.017201126949640762	0.21933162177303642	-0.4560826883860906	0.4216804344868091	0.9377552053807021	1.0656485464219625	True	False	1.4023996108448706	"{""inferred_tumor_purity"": 1.4023996108448706, ""moffitt50_z"": 1.40239961084487}"	11.644179295149963	Model_3P_122_genus_tests_Moffitt50	False	0.9813227015772333	LOW_CURRENT_CONCERN
Polaromonas	Model_3P	CLR_genus ~ standardized_Moffitt50_contrast + inferred_tumor_purity	sensitivity	62	0.07549063295776964	0.1653771362663156	-0.25542825235260147	0.40640951826814076	0.6497240305404661	0.1278100472873166	False	True	1.4023996108448706	"{""inferred_tumor_purity"": 1.4023996108448706, ""moffitt50_z"": 1.40239961084487}"	11.644179295149963	Model_3P_122_genus_tests_Moffitt50	False	0.8906329407408636	LOW_CURRENT_CONCERN
Ochrobactrum	Model_3P	CLR_genus ~ standardized_Moffitt50_contrast + inferred_tumor_purity	sensitivity	62	0.6727071971166367	0.3122323852617309	0.04793163731843786	1.2974827569148357	0.03529429921202643	0.19771804377552482	False	True	1.4023996108448706	"{""inferred_tumor_purity"": 1.4023996108448706, ""moffitt50_z"": 1.40239961084487}"	11.644179295149963	Model_3P_122_genus_tests_Moffitt50	False	0.25328850022748384	LOW_CURRENT_CONCERN
Fusarium	Model_3P	CLR_genus ~ standardized_Moffitt50_contrast + inferred_tumor_purity	sensitivity	62	-0.528719951607155	0.24944929956907322	-1.027866847112226	-0.029573056102083883	0.038261633230490553	0.04594180702048556	False	True	1.4023996108448706	"{""inferred_tumor_purity"": 1.4023996108448706, ""moffitt50_z"": 1.40239961084487}"	11.644179295149963	Model_3P_122_genus_tests_Moffitt50	False	0.25932884745110263	LOW_CURRENT_CONCERN
Serratia	Model_3P	CLR_genus ~ standardized_Moffitt50_contrast + inferred_tumor_purity	sensitivity	62	-0.22401842293951219	0.27943067612961775	-0.7831579143709568	0.3351210684919325	0.425946054516537	0.467898976907964	False	True	1.4023996108448706	"{""inferred_tumor_purity"": 1.4023996108448706, ""moffitt50_z"": 1.40239961084487}"	11.644179295149963	Model_3P_122_genus_tests_Moffitt50	False	0.6987174491562264	LOW_CURRENT_CONCERN
Candidatus Accumulibacter	Model_3P	CLR_genus ~ standardized_Moffitt50_contrast + inferred_tumor_purity	sensitivity	62	-0.03621153948668674	0.17475636896942814	-0.3858982260860004	0.31347514711262686	0.8365581633753111	-0.8636109468733433	False	True	1.4023996108448706	"{""inferred_tumor_purity"": 1.4023996108448706, ""moffitt50_z"": 1.40239961084487}"	11.644179295149963	Model_3P_122_genus_tests_Moffitt50	False	0.9642292786547145	LOW_CURRENT_CONCERN
Methylibium	Model_3P	CLR_genus ~ standardized_Moffitt50_contrast + inferred_tumor_purity	sensitivity	62	0.26677436493585344	0.1889743752527963	-0.11136248652210984	0.6449112163938167	0.16329180312662733	0.23280406047967694	False	True	1.4023996108448706	"{""inferred_tumor_purity"": 1.4023996108448706, ""moffitt50_z"": 1.40239961084487}"	11.644179295149963	Model_3P_122_genus_tests_Moffitt50	False	0.4425847375542256	LOW_CURRENT_CONCERN
Novosphingobium	Model_3P	CLR_genus ~ standardized_Moffitt50_contrast + inferred_tumor_purity	sensitivity	62	-0.24606867663365883	0.08977077321351942	-0.42569957892132126	-0.06643777434599643	0.00809150248696735	0.04557365785147993	False	True	1.4023996108448706	"{""inferred_tumor_purity"": 1.4023996108448706, ""moffitt50_z"": 1.40239961084487}"	11.644179295149963	Model_3P_122_genus_tests_Moffitt50	False	0.13668325446372798	MODERATE_RISK_ENVIRONMENTAL
Pseudoxanthomonas	Model_3P	CLR_genus ~ standardized_Moffitt50_contrast + inferred_tumor_purity	sensitivity	62	0.4264842967806063	0.22235520400526537	-0.018447438727803522	0.8714160322890161	0.059950819166494355	-0.7955888385398711	False	True	1.4023996108448706	"{""inferred_tumor_purity"": 1.4023996108448706, ""moffitt50_z"": 1.40239961084487}"	11.644179295149963	Model_3P_122_genus_tests_Moffitt50	False	0.3047499974296796	LOW_CURRENT_CONCERN
Burkholderia	Model_3P	CLR_genus ~ standardized_Moffitt50_contrast + inferred_tumor_purity	sensitivity	62	-0.10076293550345976	0.07664848004168909	-0.2541361898043704	0.052610318797450914	0.19372810661009854	0.40198783227280543	False	True	1.4023996108448706	"{""inferred_tumor_purity"": 1.4023996108448706, ""moffitt50_z"": 1.40239961084487}"	11.644179295149963	Model_3P_122_genus_tests_Moffitt50	False	0.4823434491108576	BIOLOGICALLY_PLAUSIBLE_BUT_CONTAMINATION_SENSITIVE
Rhizobacter	Model_3P	CLR_genus ~ standardized_Moffitt50_contrast + inferred_tumor_purity	sensitivity	62	0.01976801993177796	0.19057225157623578	-0.36156617466414437	0.4011022145277003	0.9177355840091908	0.8706082556834012	False	True	1.4023996108448706	"{""inferred_tumor_purity"": 1.4023996108448706, ""moffitt50_z"": 1.40239961084487}"	11.644179295149963	Model_3P_122_genus_tests_Moffitt50	False	0.9813227015772333	LOW_CURRENT_CONCERN
Sphingomonas	Model_3P	CLR_genus ~ standardized_Moffitt50_contrast + inferred_tumor_purity	sensitivity	62	-0.13733350499396826	0.08370527940669648	-0.3048273822083549	0.030160372220418424	0.10618513012682237	0.2989278331240375	False	True	1.4023996108448706	"{""inferred_tumor_purity"": 1.4023996108448706, ""moffitt50_z"": 1.40239961084487}"	11.644179295149963	Model_3P_122_genus_tests_Moffitt50	False	0.42618948475813695	BIOLOGICALLY_PLAUSIBLE_BUT_CONTAMINATION_SENSITIVE
Diaphorobacter	Model_3P	CLR_genus ~ standardized_Moffitt50_contrast + inferred_tumor_purity	sensitivity	62	-0.08656920670963725	0.31447906490466854	-0.7158403620893992	0.5427019486701248	0.7840643460876875	2.9051958942394087	True	False	1.4023996108448706	"{""inferred_tumor_purity"": 1.4023996108448706, ""moffitt50_z"": 1.40239961084487}"	11.644179295149963	Model_3P_122_genus_tests_Moffitt50	False	0.9470876259673057	LOW_CURRENT_CONCERN
Fusobacterium	Model_3P	CLR_genus ~ standardized_Moffitt50_contrast + inferred_tumor_purity	sensitivity	62	0.5188380031509069	0.40133302178860575	-0.2842275185222911	1.321903524824105	0.20112458529833738	-0.18696295218180548	False	True	1.4023996108448706	"{""inferred_tumor_purity"": 1.4023996108448706, ""moffitt50_z"": 1.40239961084487}"	11.644179295149963	Model_3P_122_genus_tests_Moffitt50	False	0.4847694526605693	LOW_CURRENT_CONCERN
Sphingobacterium	Model_3P	CLR_genus ~ standardized_Moffitt50_contrast + inferred_tumor_purity	sensitivity	62	-0.13000539702933095	0.17706899606433246	-0.4843196397567898	0.22430884569812792	0.4657301893925221	-0.10624551021192263	False	True	1.4023996108448706	"{""inferred_tumor_purity"": 1.4023996108448706, ""moffitt50_z"": 1.40239961084487}"	11.644179295149963	Model_3P_122_genus_tests_Moffitt50	False	0.7284497834088165	LOW_CURRENT_CONCERN
Alicycliphilus	Model_3P	CLR_genus ~ standardized_Moffitt50_contrast + inferred_tumor_purity	sensitivity	62	0.014464025929149256	0.1313294685481776	-0.24832563364254262	0.2772536855008411	0.9126757535942113	1.423484160480997	True	False	1.4023996108448706	"{""inferred_tumor_purity"": 1.4023996108448706, ""moffitt50_z"": 1.40239961084487}"	11.644179295149963	Model_3P_122_genus_tests_Moffitt50	False	0.9813227015772333	LOW_CURRENT_CONCERN
Devosia	Model_3P	CLR_genus ~ standardized_Moffitt50_contrast + inferred_tumor_purity	sensitivity	62	-0.3399761179556152	0.22629068750874007	-0.7927827377650205	0.11283050185379007	0.13833102199688305	-0.07700048239060053	False	True	1.4023996108448706	"{""inferred_tumor_purity"": 1.4023996108448706, ""moffitt50_z"": 1.40239961084487}"	11.644179295149963	Model_3P_122_genus_tests_Moffitt50	False	0.4405759826954973	LOW_CURRENT_CONCERN
Ottowia	Model_3P	CLR_genus ~ standardized_Moffitt50_contrast + inferred_tumor_purity	sensitivity	62	-0.004465689380984402	0.17036341179427314	-0.3453620889766732	0.3364307102147044	0.9791761260355891	1.081256430837613	True	False	1.4023996108448706	"{""inferred_tumor_purity"": 1.4023996108448706, ""moffitt50_z"": 1.40239961084487}"	11.644179295149963	Model_3P_122_genus_tests_Moffitt50	False	0.9872684907135693	LOW_CURRENT_CONCERN
Thauera	Model_3P	CLR_genus ~ standardized_Moffitt50_contrast + inferred_tumor_purity	sensitivity	62	-0.004613313508358667	0.16371327738160057	-0.33220282488062386	0.3229761978639066	0.9776143073019504	0.9484368820576078	False	True	1.4023996108448706	"{""inferred_tumor_purity"": 1.4023996108448706, ""moffitt50_z"": 1.40239961084487}"	11.644179295149963	Model_3P_122_genus_tests_Moffitt50	False	0.9872684907135693	LOW_CURRENT_CONCERN
Phreatobacter	Model_3P	CLR_genus ~ standardized_Moffitt50_contrast + inferred_tumor_purity	sensitivity	62	-0.3295232415583671	0.16275483634077742	-0.6551949168377751	-0.0038515662789591065	0.0474359006913144	-0.3896251687831034	False	True	1.4023996108448706	"{""inferred_tumor_purity"": 1.4023996108448706, ""moffitt50_z"": 1.40239961084487}"	11.644179295149963	Model_3P_122_genus_tests_Moffitt50	False	0.27557999449239795	LOW_CURRENT_CONCERN
Dickeya	Model_3P	CLR_genus ~ standardized_Moffitt50_contrast + inferred_tumor_purity	sensitivity	62	0.14522766877875057	0.23804936856399406	-0.33110801747463203	0.6215633550321332	0.5441556792904936	0.2464190482032378	False	True	1.4023996108448706	"{""inferred_tumor_purity"": 1.4023996108448706, ""moffitt50_z"": 1.40239961084487}"	11.644179295149963	Model_3P_122_genus_tests_Moffitt50	False	0.763068883602761	LOW_CURRENT_CONCERN
Rhizobium	Model_3P	CLR_genus ~ standardized_Moffitt50_contrast + inferred_tumor_purity	sensitivity	62	-0.28445200743705074	0.12809475558411557	-0.5407690213182123	-0.02813499355588922	0.030228214627835218	0.06874556609821336	False	True	1.4023996108448706	"{""inferred_tumor_purity"": 1.4023996108448706, ""moffitt50_z"": 1.40239961084487}"	11.644179295149963	Model_3P_122_genus_tests_Moffitt50	False	0.25328850022748384	BIOLOGICALLY_PLAUSIBLE_BUT_CONTAMINATION_SENSITIVE
Sinorhizobium	Model_3P	CLR_genus ~ standardized_Moffitt50_contrast + inferred_tumor_purity	sensitivity	62	0.14661368390772947	0.23138486806754943	-0.3163863676550005	0.6096137354704594	0.5287675150739031	0.41878144188060296	False	True	1.4023996108448706	"{""inferred_tumor_purity"": 1.4023996108448706, ""moffitt50_z"": 1.40239961084487}"	11.644179295149963	Model_3P_122_genus_tests_Moffitt50	False	0.7597520071138693	LOW_CURRENT_CONCERN
Stenotrophomonas	Model_3P	CLR_genus ~ standardized_Moffitt50_contrast + inferred_tumor_purity	sensitivity	62	-0.008726672850594561	0.0933837124207024	-0.19558704979314398	0.17813370409195486	0.9258629892990677	0.8280195144955202	False	True	1.4023996108448706	"{""inferred_tumor_purity"": 1.4023996108448706, ""moffitt50_z"": 1.40239961084487}"	11.644179295149963	Model_3P_122_genus_tests_Moffitt50	False	0.9813227015772333	BIOLOGICALLY_PLAUSIBLE_BUT_CONTAMINATION_SENSITIVE
Corynebacterium	Model_3P	CLR_genus ~ standardized_Moffitt50_contrast + inferred_tumor_purity	sensitivity	62	0.2248621721485578	0.210077128665225	-0.19550119135261168	0.6452255356497273	0.28880807260545743	-0.14819658844362404	False	True	1.4023996108448706	"{""inferred_tumor_purity"": 1.4023996108448706, ""moffitt50_z"": 1.40239961084487}"	11.644179295149963	Model_3P_122_genus_tests_Moffitt50	False	0.5835689513187825	LOW_CURRENT_CONCERN
Leptothrix	Model_3P	CLR_genus ~ standardized_Moffitt50_contrast + inferred_tumor_purity	sensitivity	62	0.20903550136834703	0.17948813227496047	-0.15011942173554443	0.5681904244722384	0.24886027971426664	-0.8788673284520838	False	True	1.4023996108448706	"{""inferred_tumor_purity"": 1.4023996108448706, ""moffitt50_z"": 1.40239961084487}"	11.644179295149963	Model_3P_122_genus_tests_Moffitt50	False	0.5234647262955264	LOW_CURRENT_CONCERN
Altererythrobacter	Model_3P	CLR_genus ~ standardized_Moffitt50_contrast + inferred_tumor_purity	sensitivity	62	-0.036290991871878835	0.15178206257029206	-0.34000619755173744	0.26742421380797976	0.811857172576465	2.6325277857342897	True	False	1.4023996108448706	"{""inferred_tumor_purity"": 1.4023996108448706, ""moffitt50_z"": 1.40239961084487}"	11.644179295149963	Model_3P_122_genus_tests_Moffitt50	False	0.9642292786547145	LOW_CURRENT_CONCERN
Roseolovirus	Model_3P	CLR_genus ~ standardized_Moffitt50_contrast + inferred_tumor_purity	sensitivity	62	-0.9528223489154075	0.2612396145758518	-1.4755616102552473	-0.4300830875755677	0.0005623166109381349	-0.016888532657207023	False	True	1.4023996108448706	"{""inferred_tumor_purity"": 1.4023996108448706, ""moffitt50_z"": 1.40239961084487}"	11.644179295149963	Model_3P_122_genus_tests_Moffitt50	False	0.01940563310940726	LOW_CURRENT_CONCERN
Janibacter	Model_3P	CLR_genus ~ standardized_Moffitt50_contrast + inferred_tumor_purity	sensitivity	62	0.26349452609248647	0.190562533020692	-0.1178202217187111	0.644809273903684	0.17196225220092723	0.01206306310136318	False	True	1.4023996108448706	"{""inferred_tumor_purity"": 1.4023996108448706, ""moffitt50_z"": 1.40239961084487}"	11.644179295149963	Model_3P_122_genus_tests_Moffitt50	False	0.44637010145772604	LOW_CURRENT_CONCERN
Lactobacillus	Model_3P	CLR_genus ~ standardized_Moffitt50_contrast + inferred_tumor_purity	sensitivity	62	0.4081885691494546	0.2645913493181149	-0.12125749791823154	0.9376346362171408	0.12824740008315155	-1.8482075577891584	False	True	1.4023996108448706	"{""inferred_tumor_purity"": 1.4023996108448706, ""moffitt50_z"": 1.40239961084487}"	11.644179295149963	Model_3P_122_genus_tests_Moffitt50	False	0.4405759826954973	LOW_CURRENT_CONCERN
Acinetobacter	Model_3P	CLR_genus ~ standardized_Moffitt50_contrast + inferred_tumor_purity	sensitivity	62	-0.06328917777684812	0.08587441512592374	-0.2351234855398547	0.10854512998615848	0.46404498536053085	0.39530544530768585	False	True	1.4023996108448706	"{""inferred_tumor_purity"": 1.4023996108448706, ""moffitt50_z"": 1.40239961084487}"	11.644179295149963	Model_3P_122_genus_tests_Moffitt50	False	0.7284497834088165	BIOLOGICALLY_PLAUSIBLE_BUT_CONTAMINATION_SENSITIVE
Janthinobacterium	Model_3P	CLR_genus ~ standardized_Moffitt50_contrast + inferred_tumor_purity	sensitivity	62	-0.01765596571633259	0.1580008657574274	-0.3338149678308896	0.2985030363982244	0.9114041061843414	0.7556392354686532	False	True	1.4023996108448706	"{""inferred_tumor_purity"": 1.4023996108448706, ""moffitt50_z"": 1.40239961084487}"	11.644179295149963	Model_3P_122_genus_tests_Moffitt50	False	0.9813227015772333	LOW_CURRENT_CONCERN
Paracoccus	Model_3P	CLR_genus ~ standardized_Moffitt50_contrast + inferred_tumor_purity	sensitivity	62	0.018902025141031294	0.25475428564005814	-0.4908601229729033	0.528664173254966	0.9411045580699696	0.9383606415170099	False	True	1.4023996108448706	"{""inferred_tumor_purity"": 1.4023996108448706, ""moffitt50_z"": 1.40239961084487}"	11.644179295149963	Model_3P_122_genus_tests_Moffitt50	False	0.9813227015772333	LOW_CURRENT_CONCERN
Delftia	Model_3P	CLR_genus ~ standardized_Moffitt50_contrast + inferred_tumor_purity	sensitivity	62	0.14194446274386927	0.2106712564767633	-0.2796077477621821	0.5634966732499206	0.5030872273511611	9.810848237327397	True	False	1.4023996108448706	"{""inferred_tumor_purity"": 1.4023996108448706, ""moffitt50_z"": 1.40239961084487}"	11.644179295149963	Model_3P_122_genus_tests_Moffitt50	False	0.7597520071138693	HIGH_RISK_POTENTIAL_CONTAMINANT
Sphingorhabdus	Model_3P	CLR_genus ~ standardized_Moffitt50_contrast + inferred_tumor_purity	sensitivity	62	0.21278513802254204	0.14520770867872396	-0.07777481590637222	0.5033450919514563	0.14812515390196335	0.08259999180273236	False	True	1.4023996108448706	"{""inferred_tumor_purity"": 1.4023996108448706, ""moffitt50_z"": 1.40239961084487}"	11.644179295149963	Model_3P_122_genus_tests_Moffitt50	False	0.4405759826954973	LOW_CURRENT_CONCERN
Klebsiella	Model_3P	CLR_genus ~ standardized_Moffitt50_contrast + inferred_tumor_purity	sensitivity	62	-0.5668866232767746	0.23394406821565808	-1.035007622507473	-0.09876562404607647	0.018472632589116668	0.19336354299547143	False	True	1.4023996108448706	"{""inferred_tumor_purity"": 1.4023996108448706, ""moffitt50_z"": 1.40239961084487}"	11.644179295149963	Model_3P_122_genus_tests_Moffitt50	False	0.1878050979893528	LOW_CURRENT_CONCERN
Brachybacterium	Model_3P	CLR_genus ~ standardized_Moffitt50_contrast + inferred_tumor_purity	sensitivity	62	0.2522409362225878	0.14439844903973204	-0.03669969290903019	0.5411815653542058	0.08586911016325541	-0.42882073056540926	False	True	1.4023996108448706	"{""inferred_tumor_purity"": 1.4023996108448706, ""moffitt50_z"": 1.40239961084487}"	11.644179295149963	Model_3P_122_genus_tests_Moffitt50	False	0.3880011644413763	LOW_CURRENT_CONCERN
Herbaspirillum	Model_3P	CLR_genus ~ standardized_Moffitt50_contrast + inferred_tumor_purity	sensitivity	62	0.23565022274489794	0.15374992194274548	-0.07200266044396764	0.5433031059337635	0.13069849091782387	0.35724366536003216	False	True	1.4023996108448706	"{""inferred_tumor_purity"": 1.4023996108448706, ""moffitt50_z"": 1.40239961084487}"	11.644179295149963	Model_3P_122_genus_tests_Moffitt50	False	0.4405759826954973	MODERATE_RISK_ENVIRONMENTAL
Melaminivora	Model_3P	CLR_genus ~ standardized_Moffitt50_contrast + inferred_tumor_purity	sensitivity	62	0.10825950184342142	0.19607463013250978	-0.2840849268120972	0.50060393049894	0.5829419996678381	-7.024391001679367	False	True	1.4023996108448706	"{""inferred_tumor_purity"": 1.4023996108448706, ""moffitt50_z"": 1.40239961084487}"	11.644179295149963	Model_3P_122_genus_tests_Moffitt50	False	0.8081695904485937	LOW_CURRENT_CONCERN
Lysobacter	Model_3I	CLR_genus ~ standardized_Moffitt50_contrast + immune_score	sensitivity	62	-0.11012410717753034	0.25433318138850936	-0.6190436276304224	0.3987954132753618	0.6665997505810605	-0.789450976305061	False	True	1.2417175840304295	"{""immune_score"": 1.2417175840304295, ""moffitt50_z"": 1.2417175840304282}"	1636.473960920332	Model_3I_122_genus_tests_Moffitt50	False	0.8560544165356777	LOW_CURRENT_CONCERN
Brevundimonas	Model_3I	CLR_genus ~ standardized_Moffitt50_contrast + immune_score	sensitivity	62	-0.24082200263442005	0.08523236321180358	-0.4113715674847795	-0.07027243778406062	0.006432562564874651	0.1384316600762514	False	True	1.2417175840304295	"{""immune_score"": 1.2417175840304295, ""moffitt50_z"": 1.2417175840304282}"	1636.473960920332	Model_3I_122_genus_tests_Moffitt50	False	0.07134296662860976	HIGH_RISK_POTENTIAL_CONTAMINANT
Paraburkholderia	Model_3I	CLR_genus ~ standardized_Moffitt50_contrast + immune_score	sensitivity	62	-0.09410318777820273	0.2834297996350721	-0.6612449068604657	0.47303853130406026	0.7410539215216403	0.556310007845571	False	True	1.2417175840304295	"{""immune_score"": 1.2417175840304295, ""moffitt50_z"": 1.2417175840304282}"	1636.473960920332	Model_3I_122_genus_tests_Moffitt50	False	0.8777531885984476	MODERATE_RISK_ENVIRONMENTAL
Aerococcus	Model_3I	CLR_genus ~ standardized_Moffitt50_contrast + immune_score	sensitivity	62	0.22706254520435706	0.14770695679290766	-0.06849839264973459	0.5226234830584487	0.12957810990638924	-0.22452710600941495	False	True	1.2417175840304295	"{""immune_score"": 1.2417175840304295, ""moffitt50_z"": 1.2417175840304282}"	1636.473960920332	Model_3I_122_genus_tests_Moffitt50	False	0.34446727673727384	LOW_CURRENT_CONCERN
Acidovorax	Model_3I	CLR_genus ~ standardized_Moffitt50_contrast + immune_score	sensitivity	62	-0.1446288424512794	0.08427216207551697	-0.31325704926589426	0.023999364363335413	0.0913701831843028	0.24283722863211132	False	True	1.2417175840304295	"{""immune_score"": 1.2417175840304295, ""moffitt50_z"": 1.2417175840304282}"	1636.473960920332	Model_3I_122_genus_tests_Moffitt50	False	0.3012746580671606	LOW_CURRENT_CONCERN
Cupriavidus	Model_3I	CLR_genus ~ standardized_Moffitt50_contrast + immune_score	sensitivity	62	-0.19014084206986892	0.10707638893462207	-0.4044002014304294	0.024118517290691532	0.08093128639102483	0.3578970336569579	False	True	1.2417175840304295	"{""immune_score"": 1.2417175840304295, ""moffitt50_z"": 1.2417175840304282}"	1636.473960920332	Model_3I_122_genus_tests_Moffitt50	False	0.2992005133243948	BIOLOGICALLY_PLAUSIBLE_BUT_CONTAMINATION_SENSITIVE
Staphylococcus	Model_3I	CLR_genus ~ standardized_Moffitt50_contrast + immune_score	sensitivity	62	-0.48313976512556506	0.19827883606132712	-0.8798947996570019	-0.08638473059412821	0.017859355002826392	-0.07201103582713397	False	True	1.2417175840304295	"{""immune_score"": 1.2417175840304295, ""moffitt50_z"": 1.2417175840304282}"	1636.473960920332	Model_3I_122_genus_tests_Moffitt50	False	0.1210541818782553	LOW_CURRENT_CONCERN
Luteimonas	Model_3I	CLR_genus ~ standardized_Moffitt50_contrast + immune_score	sensitivity	62	0.11766022220032746	0.17828355462439288	-0.23908434659222988	0.4744047909928848	0.5118469832757097	-0.4974770476438719	False	True	1.2417175840304295	"{""immune_score"": 1.2417175840304295, ""moffitt50_z"": 1.2417175840304282}"	1636.473960920332	Model_3I_122_genus_tests_Moffitt50	False	0.7433968090432926	LOW_CURRENT_CONCERN
Rhodopseudomonas	Model_3I	CLR_genus ~ standardized_Moffitt50_contrast + immune_score	sensitivity	62	0.3630708955803971	0.2436249753438169	-0.12442155406944866	0.8505633452302429	0.14147605733407925	0.1112045371284961	False	True	1.2417175840304295	"{""immune_score"": 1.2417175840304295, ""moffitt50_z"": 1.2417175840304282}"	1636.473960920332	Model_3I_122_genus_tests_Moffitt50	False	0.35958497905745146	LOW_CURRENT_CONCERN
Rhodoferax	Model_3I	CLR_genus ~ standardized_Moffitt50_contrast + immune_score	sensitivity	62	-0.12499243524225635	0.16879669340277417	-0.4627538385777898	0.2127689680932771	0.46193889919933195	7.4903414063048785	True	False	1.2417175840304295	"{""immune_score"": 1.2417175840304295, ""moffitt50_z"": 1.2417175840304282}"	1636.473960920332	Model_3I_122_genus_tests_Moffitt50	False	0.7415334960831381	LOW_CURRENT_CONCERN
Blastomonas	Model_3I	CLR_genus ~ standardized_Moffitt50_contrast + immune_score	sensitivity	62	-0.06497432120348726	0.06281305016129471	-0.19066294425986446	0.06071430185288995	0.30516684460868004	0.44338654582524906	False	True	1.2417175840304295	"{""immune_score"": 1.2417175840304295, ""moffitt50_z"": 1.2417175840304282}"	1636.473960920332	Model_3I_122_genus_tests_Moffitt50	False	0.5640962885190752	LOW_CURRENT_CONCERN
Aeromonas	Model_3I	CLR_genus ~ standardized_Moffitt50_contrast + immune_score	sensitivity	62	0.35819474006465685	0.16757505161090283	0.022877836308337396	0.6935116438209763	0.03671025959579252	-0.0007937648452787105	False	True	1.2417175840304295	"{""immune_score"": 1.2417175840304295, ""moffitt50_z"": 1.2417175840304282}"	1636.473960920332	Model_3I_122_genus_tests_Moffitt50	False	0.21326912717555654	LOW_CURRENT_CONCERN
Achromobacter	Model_3I	CLR_genus ~ standardized_Moffitt50_contrast + immune_score	sensitivity	62	-0.16826068936425095	0.15964574162469944	-0.48771108048674827	0.15118970175824634	0.2961970864041573	0.3014739151646769	False	True	1.2417175840304295	"{""immune_score"": 1.2417175840304295, ""moffitt50_z"": 1.2417175840304282}"	1636.473960920332	Model_3I_122_genus_tests_Moffitt50	False	0.5640962885190752	LOW_CURRENT_CONCERN
Azoarcus	Model_3I	CLR_genus ~ standardized_Moffitt50_contrast + immune_score	sensitivity	62	-0.13187498775730416	0.07845946222276615	-0.2888720090323502	0.02512203351774192	0.09808829328402509	0.34276968541456865	False	True	1.2417175840304295	"{""immune_score"": 1.2417175840304295, ""moffitt50_z"": 1.2417175840304282}"	1636.473960920332	Model_3I_122_genus_tests_Moffitt50	False	0.30135403423177815	LOW_CURRENT_CONCERN
Enterobacter	Model_3I	CLR_genus ~ standardized_Moffitt50_contrast + immune_score	sensitivity	62	0.02390704574868155	0.23295270728194736	-0.4422302448356442	0.49004433633300726	0.9186076848373593	0.9061564285224679	False	True	1.2417175840304295	"{""immune_score"": 1.2417175840304295, ""moffitt50_z"": 1.2417175840304282}"	1636.473960920332	Model_3I_122_genus_tests_Moffitt50	False	0.9578644235056226	LOW_CURRENT_CONCERN
Methyloversatilis	Model_3I	CLR_genus ~ standardized_Moffitt50_contrast + immune_score	sensitivity	62	-0.036582114572576735	0.060065062666727065	-0.15677202735327972	0.08360779820812626	0.5448350337296494	0.5171847752807552	False	True	1.2417175840304295	"{""immune_score"": 1.2417175840304295, ""moffitt50_z"": 1.2417175840304282}"	1636.473960920332	Model_3I_122_genus_tests_Moffitt50	False	0.7819985190002027	LOW_CURRENT_CONCERN
Mycobacterium	Model_3I	CLR_genus ~ standardized_Moffitt50_contrast + immune_score	sensitivity	62	-0.1865590838020602	0.21797028994929452	-0.6227166265511581	0.24959845894703764	0.39552007395625943	-0.18323319487326417	False	True	1.2417175840304295	"{""immune_score"": 1.2417175840304295, ""moffitt50_z"": 1.2417175840304282}"	1636.473960920332	Model_3I_122_genus_tests_Moffitt50	False	0.6538599497005494	LOW_CURRENT_CONCERN
Rubrivivax	Model_3I	CLR_genus ~ standardized_Moffitt50_contrast + immune_score	sensitivity	62	0.312786355870014	0.15075785813522105	0.011120578530949998	0.614452133209078	0.04237943550269771	0.2802867014619834	False	True	1.2417175840304295	"{""immune_score"": 1.2417175840304295, ""moffitt50_z"": 1.2417175840304282}"	1636.473960920332	Model_3I_122_genus_tests_Moffitt50	False	0.224795266579527	LOW_CURRENT_CONCERN
Mesorhizobium	Model_3I	CLR_genus ~ standardized_Moffitt50_contrast + immune_score	sensitivity	62	0.1970263065474565	0.18403770350497722	-0.17123228755998188	0.5652849006548949	0.2887203375506076	0.4051239741133922	False	True	1.2417175840304295	"{""immune_score"": 1.2417175840304295, ""moffitt50_z"": 1.2417175840304282}"	1636.473960920332	Model_3I_122_genus_tests_Moffitt50	False	0.559109225098002	MODERATE_RISK_ENVIRONMENTAL
Nocardioides	Model_3I	CLR_genus ~ standardized_Moffitt50_contrast + immune_score	sensitivity	62	0.5560927246198898	0.19117649769988684	0.17354943632331393	0.9386360129164657	0.005107966969846639	0.11194199617411271	False	True	1.2417175840304295	"{""immune_score"": 1.2417175840304295, ""moffitt50_z"": 1.2417175840304282}"	1636.473960920332	Model_3I_122_genus_tests_Moffitt50	False	0.06924133003569889	LOW_CURRENT_CONCERN
Comamonas	Model_3I	CLR_genus ~ standardized_Moffitt50_contrast + immune_score	sensitivity	62	-0.09495786540619808	0.06332434839347893	-0.22166959386200064	0.03175386304960448	0.13906395199636506	0.453576495810039	False	True	1.2417175840304295	"{""immune_score"": 1.2417175840304295, ""moffitt50_z"": 1.2417175840304282}"	1636.473960920332	Model_3I_122_genus_tests_Moffitt50	False	0.35958497905745146	HIGH_RISK_POTENTIAL_CONTAMINANT
Dechloromonas	Model_3I	CLR_genus ~ standardized_Moffitt50_contrast + immune_score	sensitivity	62	-0.38211112210202214	0.13019918516867074	-0.6426390898553909	-0.12158315434865347	0.004749110565014051	0.07871986803589859	False	True	1.2417175840304295	"{""immune_score"": 1.2417175840304295, ""moffitt50_z"": 1.2417175840304282}"	1636.473960920332	Model_3I_122_genus_tests_Moffitt50	False	0.06924133003569889	MODERATE_RISK_ENVIRONMENTAL
Chelatococcus	Model_3I	CLR_genus ~ standardized_Moffitt50_contrast + immune_score	sensitivity	62	0.16666386818324808	0.1506909821693598	-0.13486809065722244	0.4681958270237186	0.273216993338251	0.1528315868978135	False	True	1.2417175840304295	"{""immune_score"": 1.2417175840304295, ""moffitt50_z"": 1.2417175840304282}"	1636.473960920332	Model_3I_122_genus_tests_Moffitt50	False	0.5475485211449584	LOW_CURRENT_CONCERN
Bordetella	Model_3I	CLR_genus ~ standardized_Moffitt50_contrast + immune_score	sensitivity	62	-0.03580861600474667	0.16547620845616656	-0.3669257443091066	0.2953085122996133	0.8294244921494138	0.4427600584295378	False	True	1.2417175840304295	"{""immune_score"": 1.2417175840304295, ""moffitt50_z"": 1.2417175840304282}"	1636.473960920332	Model_3I_122_genus_tests_Moffitt50	False	0.9435136939813397	LOW_CURRENT_CONCERN
Kocuria	Model_3I	CLR_genus ~ standardized_Moffitt50_contrast + immune_score	sensitivity	62	0.03669033846058349	0.25248612218888156	-0.46853322507079803	0.541913901991965	0.8849564904539775	-0.0031100094292983993	False	True	1.2417175840304295	"{""immune_score"": 1.2417175840304295, ""moffitt50_z"": 1.2417175840304282}"	1636.473960920332	Model_3I_122_genus_tests_Moffitt50	False	0.9541151733487461	LOW_CURRENT_CONCERN
Bosea	Model_3I	CLR_genus ~ standardized_Moffitt50_contrast + immune_score	sensitivity	62	0.3346439513703248	0.20400692170706994	-0.07357295606353714	0.7428608588041867	0.10625250472924205	0.08701943691634739	False	True	1.2417175840304295	"{""immune_score"": 1.2417175840304295, ""moffitt50_z"": 1.2417175840304282}"	1636.473960920332	Model_3I_122_genus_tests_Moffitt50	False	0.3086382280230364	LOW_CURRENT_CONCERN
Phenylobacterium	Model_3I	CLR_genus ~ standardized_Moffitt50_contrast + immune_score	sensitivity	62	-0.1408283983284467	0.20703617565006718	-0.5551068289013018	0.27345003224440845	0.4990310694724107	-10.09282549773285	False	True	1.2417175840304295	"{""immune_score"": 1.2417175840304295, ""moffitt50_z"": 1.2417175840304282}"	1636.473960920332	Model_3I_122_genus_tests_Moffitt50	False	0.7433968090432926	LOW_CURRENT_CONCERN
Xanthomonas	Model_3I	CLR_genus ~ standardized_Moffitt50_contrast + immune_score	sensitivity	62	0.20628429653083485	0.2243765803543425	-0.2426922037094552	0.6552607967711249	0.3616475124098434	-1.4314155707214304	False	True	1.2417175840304295	"{""immune_score"": 1.2417175840304295, ""moffitt50_z"": 1.2417175840304282}"	1636.473960920332	Model_3I_122_genus_tests_Moffitt50	False	0.6302999502000128	LOW_CURRENT_CONCERN
Azospira	Model_3I	CLR_genus ~ standardized_Moffitt50_contrast + immune_score	sensitivity	62	-0.029530254263021066	0.19369332273449927	-0.41710969782131324	0.3580491892952711	0.8793452564461012	0.4345987615888479	False	True	1.2417175840304295	"{""immune_score"": 1.2417175840304295, ""moffitt50_z"": 1.2417175840304282}"	1636.473960920332	Model_3I_122_genus_tests_Moffitt50	False	0.9541151733487461	LOW_CURRENT_CONCERN
Deinococcus	Model_3I	CLR_genus ~ standardized_Moffitt50_contrast + immune_score	sensitivity	62	-0.03679430386160294	0.1849299003709432	-0.40683817977418407	0.3332495720509782	0.8429753495407051	0.08921790459376411	False	True	1.2417175840304295	"{""immune_score"": 1.2417175840304295, ""moffitt50_z"": 1.2417175840304282}"	1636.473960920332	Model_3I_122_genus_tests_Moffitt50	False	0.9435136939813397	LOW_CURRENT_CONCERN
Hydrogenophaga	Model_3I	CLR_genus ~ standardized_Moffitt50_contrast + immune_score	sensitivity	62	-0.1799666792344747	0.1006680106244348	-0.38140290321530934	0.021469544746359925	0.07895632614813482	0.3310771717646974	False	True	1.2417175840304295	"{""immune_score"": 1.2417175840304295, ""moffitt50_z"": 1.2417175840304282}"	1636.473960920332	Model_3I_122_genus_tests_Moffitt50	False	0.2992005133243948	LOW_CURRENT_CONCERN
Porphyrobacter	Model_3I	CLR_genus ~ standardized_Moffitt50_contrast + immune_score	sensitivity	62	-0.11964961126891699	0.08273787770205883	-0.28520772214356904	0.04590849960573504	0.1534327510023061	0.1056856731878939	False	True	1.2417175840304295	"{""immune_score"": 1.2417175840304295, ""moffitt50_z"": 1.2417175840304282}"	1636.473960920332	Model_3I_122_genus_tests_Moffitt50	False	0.36703520828002634	LOW_CURRENT_CONCERN
Aromatoleum	Model_3I	CLR_genus ~ standardized_Moffitt50_contrast + immune_score	sensitivity	62	0.16492788684218548	0.1818506889777712	-0.19895450130450174	0.5288102749888727	0.3681272155920342	0.35355582339379643	False	True	1.2417175840304295	"{""immune_score"": 1.2417175840304295, ""moffitt50_z"": 1.2417175840304282}"	1636.473960920332	Model_3I_122_genus_tests_Moffitt50	False	0.6325566239750448	LOW_CURRENT_CONCERN
Microbacterium	Model_3I	CLR_genus ~ standardized_Moffitt50_contrast + immune_score	sensitivity	62	0.21064953748902918	0.1906847659752095	-0.17090979789920793	0.5922088728772663	0.2737742605724792	0.347496696283938	False	True	1.2417175840304295	"{""immune_score"": 1.2417175840304295, ""moffitt50_z"": 1.2417175840304282}"	1636.473960920332	Model_3I_122_genus_tests_Moffitt50	False	0.5475485211449584	LOW_CURRENT_CONCERN
Mitsuaria	Model_3I	CLR_genus ~ standardized_Moffitt50_contrast + immune_score	sensitivity	62	-0.02935575035073392	0.17752520756315213	-0.38458287017876164	0.32587136947729384	0.8692251317886656	1.5696331040577856	True	False	1.2417175840304295	"{""immune_score"": 1.2417175840304295, ""moffitt50_z"": 1.2417175840304282}"	1636.473960920332	Model_3I_122_genus_tests_Moffitt50	False	0.9541151733487461	LOW_CURRENT_CONCERN
Pandoraea	Model_3I	CLR_genus ~ standardized_Moffitt50_contrast + immune_score	sensitivity	62	0.45723112705092217	0.0945278955544774	0.2680812449460024	0.646381009155842	9.827273847093848e-06	-0.05634748138305956	False	True	1.2417175840304295	"{""immune_score"": 1.2417175840304295, ""moffitt50_z"": 1.2417175840304282}"	1636.473960920332	Model_3I_122_genus_tests_Moffitt50	False	0.0011989274093454495	LOW_CURRENT_CONCERN
Rhodococcus	Model_3I	CLR_genus ~ standardized_Moffitt50_contrast + immune_score	sensitivity	62	-0.2223554039138934	0.20377592207587994	-0.6301100821534041	0.1853992743256173	0.2796315895939369	-2.532524218485778	False	True	1.2417175840304295	"{""immune_score"": 1.2417175840304295, ""moffitt50_z"": 1.2417175840304282}"	1636.473960920332	Model_3I_122_genus_tests_Moffitt50	False	0.5502428053300049	LOW_CURRENT_CONCERN
Streptococcus	Model_3I	CLR_genus ~ standardized_Moffitt50_contrast + immune_score	sensitivity	62	0.4158824200955404	0.23023130125423724	-0.044809349605435866	0.8765741897965167	0.07596177296460944	-0.41917844234970913	False	True	1.2417175840304295	"{""immune_score"": 1.2417175840304295, ""moffitt50_z"": 1.2417175840304282}"	1636.473960920332	Model_3I_122_genus_tests_Moffitt50	False	0.2992005133243948	LOW_CURRENT_CONCERN
Rhizorhabdus	Model_3I	CLR_genus ~ standardized_Moffitt50_contrast + immune_score	sensitivity	62	-0.17618859083777727	0.12096179498932413	-0.4182325835366754	0.06585540186112088	0.15053829098199353	0.36416470621862695	False	True	1.2417175840304295	"{""immune_score"": 1.2417175840304295, ""moffitt50_z"": 1.2417175840304282}"	1636.473960920332	Model_3I_122_genus_tests_Moffitt50	False	0.36703520828002634	LOW_CURRENT_CONCERN
Citromicrobium	Model_3I	CLR_genus ~ standardized_Moffitt50_contrast + immune_score	sensitivity	62	-0.03506246866448639	0.16448848041541284	-0.36420315772448997	0.29407822039551723	0.8319365176810914	-2.4768838699336646	False	True	1.2417175840304295	"{""immune_score"": 1.2417175840304295, ""moffitt50_z"": 1.2417175840304282}"	1636.473960920332	Model_3I_122_genus_tests_Moffitt50	False	0.9435136939813397	LOW_CURRENT_CONCERN
Massilia	Model_3I	CLR_genus ~ standardized_Moffitt50_contrast + immune_score	sensitivity	62	0.07830983512117899	0.16992208576506995	-0.26170347312984416	0.41832314337220217	0.6465953164006542	0.5095055796572268	False	True	1.2417175840304295	"{""immune_score"": 1.2417175840304295, ""moffitt50_z"": 1.2417175840304282}"	1636.473960920332	Model_3I_122_genus_tests_Moffitt50	False	0.8391981766051043	LOW_CURRENT_CONCERN
Candida	Model_3I	CLR_genus ~ standardized_Moffitt50_contrast + immune_score	sensitivity	62	-1.0273591442694077	0.25595258490098993	-1.5395190836660335	-0.5151992048727819	0.00017090430116118067	0.08626226765486311	False	True	1.2417175840304295	"{""immune_score"": 1.2417175840304295, ""moffitt50_z"": 1.2417175840304282}"	1636.473960920332	Model_3I_122_genus_tests_Moffitt50	False	0.006364786534511105	LOW_CURRENT_CONCERN
Ramlibacter	Model_3I	CLR_genus ~ standardized_Moffitt50_contrast + immune_score	sensitivity	62	-0.2934614861145527	0.1204153214203771	-0.5344119877277405	-0.05251098450136496	0.017841047096452272	0.19106180578413912	False	True	1.2417175840304295	"{""immune_score"": 1.2417175840304295, ""moffitt50_z"": 1.2417175840304282}"	1636.473960920332	Model_3I_122_genus_tests_Moffitt50	False	0.1210541818782553	LOW_CURRENT_CONCERN
Caulobacter	Model_3I	CLR_genus ~ standardized_Moffitt50_contrast + immune_score	sensitivity	62	-0.059573975035793335	0.0620832608974158	-0.18380229314817043	0.06465434307658374	0.3411816939685889	0.49957609107316203	False	True	1.2417175840304295	"{""immune_score"": 1.2417175840304295, ""moffitt50_z"": 1.2417175840304282}"	1636.473960920332	Model_3I_122_genus_tests_Moffitt50	False	0.6032487922343166	HIGH_RISK_POTENTIAL_CONTAMINANT
Bacteroides	Model_3I	CLR_genus ~ standardized_Moffitt50_contrast + immune_score	sensitivity	62	0.12748393050970627	0.3281165765130119	-0.5290758225669759	0.7840436835863885	0.6990206033545139	0.49014716118827906	False	True	1.2417175840304295	"{""immune_score"": 1.2417175840304295, ""moffitt50_z"": 1.2417175840304282}"	1636.473960920332	Model_3I_122_genus_tests_Moffitt50	False	0.8621886625271165	LOW_CURRENT_CONCERN
Enterococcus	Model_3I	CLR_genus ~ standardized_Moffitt50_contrast + immune_score	sensitivity	62	-0.021001976056256158	0.17937592093416735	-0.3799323647858515	0.33792841267333923	0.9071914762988077	0.7171517715995361	False	True	1.2417175840304295	"{""immune_score"": 1.2417175840304295, ""moffitt50_z"": 1.2417175840304282}"	1636.473960920332	Model_3I_122_genus_tests_Moffitt50	False	0.9541151733487461	LOW_CURRENT_CONCERN
Laribacter	Model_3I	CLR_genus ~ standardized_Moffitt50_contrast + immune_score	sensitivity	62	0.16352905868459994	0.15791296366751112	-0.15245405175431032	0.4795121691235102	0.30463127198121265	-0.7168010309211814	False	True	1.2417175840304295	"{""immune_score"": 1.2417175840304295, ""moffitt50_z"": 1.2417175840304282}"	1636.473960920332	Model_3I_122_genus_tests_Moffitt50	False	0.5640962885190752	LOW_CURRENT_CONCERN
Variovorax	Model_3I	CLR_genus ~ standardized_Moffitt50_contrast + immune_score	sensitivity	62	-0.24978599380975514	0.10251231299400465	-0.4549126583078963	-0.04465932931161398	0.01786045306400488	0.19864048781937438	False	True	1.2417175840304295	"{""immune_score"": 1.2417175840304295, ""moffitt50_z"": 1.2417175840304282}"	1636.473960920332	Model_3I_122_genus_tests_Moffitt50	False	0.1210541818782553	LOW_CURRENT_CONCERN
Pseudomonas	Model_3I	CLR_genus ~ standardized_Moffitt50_contrast + immune_score	sensitivity	62	0.16171488945641116	0.07454229183531495	0.012556108021839152	0.31087367089098317	0.034089694399064126	-0.4734811681205868	False	True	1.2417175840304295	"{""immune_score"": 1.2417175840304295, ""moffitt50_z"": 1.2417175840304282}"	1636.473960920332	Model_3I_122_genus_tests_Moffitt50	False	0.20794713583429117	BIOLOGICALLY_PLAUSIBLE_BUT_CONTAMINATION_SENSITIVE
Methylobacterium	Model_3I	CLR_genus ~ standardized_Moffitt50_contrast + immune_score	sensitivity	62	0.21729471523294536	0.17476307818192977	-0.1324053964695746	0.5669948269354653	0.2186505716401731	-0.03632391187856232	False	True	1.2417175840304295	"{""immune_score"": 1.2417175840304295, ""moffitt50_z"": 1.2417175840304282}"	1636.473960920332	Model_3I_122_genus_tests_Moffitt50	False	0.4867645902195566	BIOLOGICALLY_PLAUSIBLE_BUT_CONTAMINATION_SENSITIVE
Elizabethkingia	Model_3I	CLR_genus ~ standardized_Moffitt50_contrast + immune_score	sensitivity	62	0.4820902247379574	0.2692876603617794	-0.05675313902216639	1.0209335884980812	0.07854621936287828	-0.24215643171728907	False	True	1.2417175840304295	"{""immune_score"": 1.2417175840304295, ""moffitt50_z"": 1.2417175840304282}"	1636.473960920332	Model_3I_122_genus_tests_Moffitt50	False	0.2992005133243948	HIGH_RISK_POTENTIAL_CONTAMINANT
Tessaracoccus	Model_3I	CLR_genus ~ standardized_Moffitt50_contrast + immune_score	sensitivity	62	-0.11329060822410197	0.09926072815023149	-0.31191086647839117	0.08532965003018722	0.25833830300828103	-0.04487536273214121	False	True	1.2417175840304295	"{""immune_score"": 1.2417175840304295, ""moffitt50_z"": 1.2417175840304282}"	1636.473960920332	Model_3I_122_genus_tests_Moffitt50	False	0.5341910672374625	LOW_CURRENT_CONCERN
Agrobacterium	Model_3I	CLR_genus ~ standardized_Moffitt50_contrast + immune_score	sensitivity	62	-0.15317261727818543	0.12458132288729756	-0.40245926857178993	0.09611403401541907	0.2237654179021055	0.2860128727336705	False	True	1.2417175840304295	"{""immune_score"": 1.2417175840304295, ""moffitt50_z"": 1.2417175840304282}"	1636.473960920332	Model_3I_122_genus_tests_Moffitt50	False	0.48708964734020094	LOW_CURRENT_CONCERN
Azospirillum	Model_3I	CLR_genus ~ standardized_Moffitt50_contrast + immune_score	sensitivity	62	0.0016549854624994256	0.19986489193295714	-0.39827373953745887	0.4015837104624577	0.9934211112611198	0.9835358073302023	False	True	1.2417175840304295	"{""immune_score"": 1.2417175840304295, ""moffitt50_z"": 1.2417175840304282}"	1636.473960920332	Model_3I_122_genus_tests_Moffitt50	False	0.9934211112611198	LOW_CURRENT_CONCERN
Clostridium	Model_3I	CLR_genus ~ standardized_Moffitt50_contrast + immune_score	sensitivity	62	-0.1445481650404247	0.2996914171837153	-0.7442293056777617	0.45513297559691235	0.631360893922932	0.5594148269262589	False	True	1.2417175840304295	"{""immune_score"": 1.2417175840304295, ""moffitt50_z"": 1.2417175840304282}"	1636.473960920332	Model_3I_122_genus_tests_Moffitt50	False	0.8298543820721641	LOW_CURRENT_CONCERN
Ensifer	Model_3I	CLR_genus ~ standardized_Moffitt50_contrast + immune_score	sensitivity	62	0.4298322234477242	0.1694327824342768	0.09079800890010131	0.7688664379953472	0.013848923549124412	-0.03430965837694644	False	True	1.2417175840304295	"{""immune_score"": 1.2417175840304295, ""moffitt50_z"": 1.2417175840304282}"	1636.473960920332	Model_3I_122_genus_tests_Moffitt50	False	0.12070417519181369	LOW_CURRENT_CONCERN
Roseomonas	Model_3I	CLR_genus ~ standardized_Moffitt50_contrast + immune_score	sensitivity	62	-0.03639767230889982	0.16709726869503705	-0.37075853465884234	0.29796319004104266	0.8283184226706429	0.436687604810889	False	True	1.2417175840304295	"{""immune_score"": 1.2417175840304295, ""moffitt50_z"": 1.2417175840304282}"	1636.473960920332	Model_3I_122_genus_tests_Moffitt50	False	0.9435136939813397	LOW_CURRENT_CONCERN
Croceicoccus	Model_3I	CLR_genus ~ standardized_Moffitt50_contrast + immune_score	sensitivity	62	-0.007931208439938145	0.22570270067362339	-0.45956126930989827	0.44369885243002194	0.9720866706149722	1.2233036720517296	True	False	1.2417175840304295	"{""immune_score"": 1.2417175840304295, ""moffitt50_z"": 1.2417175840304282}"	1636.473960920332	Model_3I_122_genus_tests_Moffitt50	False	0.9801204447522861	LOW_CURRENT_CONCERN
Rhodobacter	Model_3I	CLR_genus ~ standardized_Moffitt50_contrast + immune_score	sensitivity	62	0.3034844409362496	0.24889625848661506	-0.19455582191892984	0.801524703791429	0.22757467129829062	-0.3153777930528834	False	True	1.2417175840304295	"{""immune_score"": 1.2417175840304295, ""moffitt50_z"": 1.2417175840304282}"	1636.473960920332	Model_3I_122_genus_tests_Moffitt50	False	0.48708964734020094	LOW_CURRENT_CONCERN
Micrococcus	Model_3I	CLR_genus ~ standardized_Moffitt50_contrast + immune_score	sensitivity	62	-0.23104822327641303	0.2958260406220345	-0.8229947632792561	0.36089831672643	0.4379091069978379	-3.1142315316654514	False	True	1.2417175840304295	"{""immune_score"": 1.2417175840304295, ""moffitt50_z"": 1.2417175840304282}"	1636.473960920332	Model_3I_122_genus_tests_Moffitt50	False	0.7123321473831496	LOW_CURRENT_CONCERN
Bradyrhizobium	Model_3I	CLR_genus ~ standardized_Moffitt50_contrast + immune_score	sensitivity	62	0.2826097537901441	0.1354174127582515	0.011640136748211627	0.5535793708320765	0.041221990240807624	-0.9885849877382926	False	True	1.2417175840304295	"{""immune_score"": 1.2417175840304295, ""moffitt50_z"": 1.2417175840304282}"	1636.473960920332	Model_3I_122_genus_tests_Moffitt50	False	0.224795266579527	BIOLOGICALLY_PLAUSIBLE_BUT_CONTAMINATION_SENSITIVE
Aquabacterium	Model_3I	CLR_genus ~ standardized_Moffitt50_contrast + immune_score	sensitivity	62	-0.1784177376743044	0.1437457964964874	-0.4660524120833923	0.1092169367347835	0.2194430529678329	0.05226072356208422	False	True	1.2417175840304295	"{""immune_score"": 1.2417175840304295, ""moffitt50_z"": 1.2417175840304282}"	1636.473960920332	Model_3I_122_genus_tests_Moffitt50	False	0.4867645902195566	LOW_CURRENT_CONCERN
Prevotella	Model_3I	CLR_genus ~ standardized_Moffitt50_contrast + immune_score	sensitivity	62	0.2381098710197702	0.3417065975463572	-0.4456434513327582	0.9218631933722986	0.4886485325015125	-3.407352488819667	False	True	1.2417175840304295	"{""immune_score"": 1.2417175840304295, ""moffitt50_z"": 1.2417175840304282}"	1636.473960920332	Model_3I_122_genus_tests_Moffitt50	False	0.7433968090432926	LOW_CURRENT_CONCERN
Sulfuritalea	Model_3I	CLR_genus ~ standardized_Moffitt50_contrast + immune_score	sensitivity	62	-0.017747612977440617	0.1453927368042806	-0.30867780733041	0.2731825813755288	0.9032610100586191	1.3472403467327394	True	False	1.2417175840304295	"{""immune_score"": 1.2417175840304295, ""moffitt50_z"": 1.2417175840304282}"	1636.473960920332	Model_3I_122_genus_tests_Moffitt50	False	0.9541151733487461	LOW_CURRENT_CONCERN
Escherichia	Model_3I	CLR_genus ~ standardized_Moffitt50_contrast + immune_score	sensitivity	62	-0.11005410889019453	0.3065225142809071	-0.7234042432462846	0.5032960254658956	0.7208462588341465	0.5177312822129648	False	True	1.2417175840304295	"{""immune_score"": 1.2417175840304295, ""moffitt50_z"": 1.2417175840304282}"	1636.473960920332	Model_3I_122_genus_tests_Moffitt50	False	0.8621886625271165	LOW_CURRENT_CONCERN
Moraxella	Model_3I	CLR_genus ~ standardized_Moffitt50_contrast + immune_score	sensitivity	62	-0.1237783481768438	0.17529442000349882	-0.4745416724085085	0.22698497605482088	0.48289454575881474	-45.391369143775556	False	True	1.2417175840304295	"{""immune_score"": 1.2417175840304295, ""moffitt50_z"": 1.2417175840304282}"	1636.473960920332	Model_3I_122_genus_tests_Moffitt50	False	0.7433968090432926	LOW_CURRENT_CONCERN
Shinella	Model_3I	CLR_genus ~ standardized_Moffitt50_contrast + immune_score	sensitivity	62	0.10091730861951458	0.15091698902176892	-0.2010668888880428	0.402901506127072	0.5062985958865375	3.1614040240205665	True	False	1.2417175840304295	"{""immune_score"": 1.2417175840304295, ""moffitt50_z"": 1.2417175840304282}"	1636.473960920332	Model_3I_122_genus_tests_Moffitt50	False	0.7433968090432926	LOW_CURRENT_CONCERN
Cutibacterium	Model_3I	CLR_genus ~ standardized_Moffitt50_contrast + immune_score	sensitivity	62	-0.27409379868464734	0.1362650593926741	-0.5467595527243114	-0.0014280446449831952	0.04885014889840734	0.18286255041165744	False	True	1.2417175840304295	"{""immune_score"": 1.2417175840304295, ""moffitt50_z"": 1.2417175840304282}"	1636.473960920332	Model_3I_122_genus_tests_Moffitt50	False	0.2383887266242278	LOW_CURRENT_CONCERN
Chryseobacterium	Model_3I	CLR_genus ~ standardized_Moffitt50_contrast + immune_score	sensitivity	62	0.3733217544425725	0.18751385223456615	-0.0018925972063207341	0.7485361060914657	0.051129333038035275	0.0047552629822855685	False	True	1.2417175840304295	"{""immune_score"": 1.2417175840304295, ""moffitt50_z"": 1.2417175840304282}"	1636.473960920332	Model_3I_122_genus_tests_Moffitt50	False	0.23991456271693476	LOW_CURRENT_CONCERN
Aminobacter	Model_3I	CLR_genus ~ standardized_Moffitt50_contrast + immune_score	sensitivity	62	0.03323049171167062	0.16358583748634897	-0.2941040130192121	0.36056499644255335	0.8397261697127889	-0.10588118021165371	False	True	1.2417175840304295	"{""immune_score"": 1.2417175840304295, ""moffitt50_z"": 1.2417175840304282}"	1636.473960920332	Model_3I_122_genus_tests_Moffitt50	False	0.9435136939813397	LOW_CURRENT_CONCERN
Sphingopyxis	Model_3I	CLR_genus ~ standardized_Moffitt50_contrast + immune_score	sensitivity	62	-0.1022850887008828	0.06624013170104998	-0.23483128607864195	0.030261108676876328	0.1278978125134473	0.39498052677527173	False	True	1.2417175840304295	"{""immune_score"": 1.2417175840304295, ""moffitt50_z"": 1.2417175840304282}"	1636.473960920332	Model_3I_122_genus_tests_Moffitt50	False	0.34446727673727384	MODERATE_RISK_ENVIRONMENTAL
Thiomonas	Model_3I	CLR_genus ~ standardized_Moffitt50_contrast + immune_score	sensitivity	62	-0.10113335249583694	0.20241907122185107	-0.5061729784476807	0.3039062734560069	0.6191982995238701	25.478435163235204	True	False	1.2417175840304295	"{""immune_score"": 1.2417175840304295, ""moffitt50_z"": 1.2417175840304282}"	1636.473960920332	Model_3I_122_genus_tests_Moffitt50	False	0.8298543820721641	LOW_CURRENT_CONCERN
Flavobacterium	Model_3I	CLR_genus ~ standardized_Moffitt50_contrast + immune_score	sensitivity	62	-0.1367595936237663	0.06720317366884934	-0.271232833527997	-0.0022863537195356165	0.046349909650066384	0.3116078918056131	False	True	1.2417175840304295	"{""immune_score"": 1.2417175840304295, ""moffitt50_z"": 1.2417175840304282}"	1636.473960920332	Model_3I_122_genus_tests_Moffitt50	False	0.23561204072117078	LOW_CURRENT_CONCERN
Verminephrobacter	Model_3I	CLR_genus ~ standardized_Moffitt50_contrast + immune_score	sensitivity	62	-0.06451973934463455	0.12061783031871115	-0.3058754603274105	0.17683598163814135	0.5947221078135977	10.61670073911097	True	False	1.2417175840304295	"{""immune_score"": 1.2417175840304295, ""moffitt50_z"": 1.2417175840304282}"	1636.473960920332	Model_3I_122_genus_tests_Moffitt50	False	0.8061788572584324	LOW_CURRENT_CONCERN
Citrobacter	Model_3I	CLR_genus ~ standardized_Moffitt50_contrast + immune_score	sensitivity	62	-0.6712618458813296	0.2678378655137082	-1.2072041768512867	-0.13531951491137262	0.014979672435410069	-0.15079763157694792	False	True	1.2417175840304295	"{""immune_score"": 1.2417175840304295, ""moffitt50_z"": 1.2417175840304282}"	1636.473960920332	Model_3I_122_genus_tests_Moffitt50	False	0.1210541818782553	LOW_CURRENT_CONCERN
Sphingobium	Model_3I	CLR_genus ~ standardized_Moffitt50_contrast + immune_score	sensitivity	62	-0.3657177680586369	0.09250282958701145	-0.5508155025223335	-0.1806200335949404	0.0002086815257216756	0.09208474072074346	False	True	1.2417175840304295	"{""immune_score"": 1.2417175840304295, ""moffitt50_z"": 1.2417175840304282}"	1636.473960920332	Model_3I_122_genus_tests_Moffitt50	False	0.006364786534511105	LOW_CURRENT_CONCERN
Methylorubrum	Model_3I	CLR_genus ~ standardized_Moffitt50_contrast + immune_score	sensitivity	62	0.33577039732260766	0.22805719924763043	-0.12057100431165596	0.7921117989568713	0.1462524182080242	0.3582916156074243	False	True	1.2417175840304295	"{""immune_score"": 1.2417175840304295, ""moffitt50_z"": 1.2417175840304282}"	1636.473960920332	Model_3I_122_genus_tests_Moffitt50	False	0.36413867390569293	LOW_CURRENT_CONCERN
Ralstonia	Model_3I	CLR_genus ~ standardized_Moffitt50_contrast + immune_score	sensitivity	62	0.06127820099619627	0.15517656018489795	-0.2492293787214204	0.37178578071381296	0.694345580038956	-0.9528003924096482	False	True	1.2417175840304295	"{""immune_score"": 1.2417175840304295, ""moffitt50_z"": 1.2417175840304282}"	1636.473960920332	Model_3I_122_genus_tests_Moffitt50	False	0.8621886625271165	HIGH_RISK_POTENTIAL_CONTAMINANT
Erythrobacter	Model_3I	CLR_genus ~ standardized_Moffitt50_contrast + immune_score	sensitivity	62	-0.19865887468646823	0.06975220418574721	-0.3382327128736175	-0.059085036499318955	0.00604513216731883	0.22048949430464715	False	True	1.2417175840304295	"{""immune_score"": 1.2417175840304295, ""moffitt50_z"": 1.2417175840304282}"	1636.473960920332	Model_3I_122_genus_tests_Moffitt50	False	0.07134296662860976	LOW_CURRENT_CONCERN
Xanthobacter	Model_3I	CLR_genus ~ standardized_Moffitt50_contrast + immune_score	sensitivity	62	-0.11662883146978924	0.2054489048565341	-0.5277311405210102	0.2944734775814317	0.5724075659661028	-0.9058779588227936	False	True	1.2417175840304295	"{""immune_score"": 1.2417175840304295, ""moffitt50_z"": 1.2417175840304282}"	1636.473960920332	Model_3I_122_genus_tests_Moffitt50	False	0.7935650346348243	LOW_CURRENT_CONCERN
Paucibacter	Model_3I	CLR_genus ~ standardized_Moffitt50_contrast + immune_score	sensitivity	62	0.27146977260419464	0.16224545678052826	-0.053182636529462146	0.5961221817378515	0.09958183645495755	0.14927237463665544	False	True	1.2417175840304295	"{""immune_score"": 1.2417175840304295, ""moffitt50_z"": 1.2417175840304282}"	1636.473960920332	Model_3I_122_genus_tests_Moffitt50	False	0.30135403423177815	LOW_CURRENT_CONCERN
Streptomyces	Model_3I	CLR_genus ~ standardized_Moffitt50_contrast + immune_score	sensitivity	62	0.45517430040936396	0.12747738514819754	0.20009264191704274	0.7102559589016852	0.0007160728656681939	-0.029530724459090774	False	True	1.2417175840304295	"{""immune_score"": 1.2417175840304295, ""moffitt50_z"": 1.2417175840304282}"	1636.473960920332	Model_3I_122_genus_tests_Moffitt50	False	0.017472177922303933	LOW_CURRENT_CONCERN
Collimonas	Model_3I	CLR_genus ~ standardized_Moffitt50_contrast + immune_score	sensitivity	62	0.07149721799461548	0.17321692278866868	-0.2751090439121828	0.41810347990141383	0.6812777702394914	0.5938017159932598	False	True	1.2417175840304295	"{""immune_score"": 1.2417175840304295, ""moffitt50_z"": 1.2417175840304282}"	1636.473960920332	Model_3I_122_genus_tests_Moffitt50	False	0.8621886625271165	LOW_CURRENT_CONCERN
Bacillus	Model_3I	CLR_genus ~ standardized_Moffitt50_contrast + immune_score	sensitivity	62	0.050884819262450504	0.19541638242216777	-0.3401424587670365	0.4419120972919376	0.7954682265575045	0.8057967696358451	False	True	1.2417175840304295	"{""immune_score"": 1.2417175840304295, ""moffitt50_z"": 1.2417175840304282}"	1636.473960920332	Model_3I_122_genus_tests_Moffitt50	False	0.9331454196155342	LOW_CURRENT_CONCERN
Polaromonas	Model_3I	CLR_genus ~ standardized_Moffitt50_contrast + immune_score	sensitivity	62	0.07523232651103794	0.15654560736656842	-0.23801471028948606	0.38847936331156196	0.6325939142025513	0.1307944213577571	False	True	1.2417175840304295	"{""immune_score"": 1.2417175840304295, ""moffitt50_z"": 1.2417175840304282}"	1636.473960920332	Model_3I_122_genus_tests_Moffitt50	False	0.8298543820721641	LOW_CURRENT_CONCERN
Ochrobactrum	Model_3I	CLR_genus ~ standardized_Moffitt50_contrast + immune_score	sensitivity	62	0.7712478960356227	0.304021216712035	0.16290284655406906	1.3795929455171763	0.01385129879250321	0.08019674322261305	False	True	1.2417175840304295	"{""immune_score"": 1.2417175840304295, ""moffitt50_z"": 1.2417175840304282}"	1636.473960920332	Model_3I_122_genus_tests_Moffitt50	False	0.12070417519181369	LOW_CURRENT_CONCERN
Fusarium	Model_3I	CLR_genus ~ standardized_Moffitt50_contrast + immune_score	sensitivity	62	-0.6227287280691413	0.21060911885798583	-1.0441566014872135	-0.20130085465106906	0.00446444514330072	-0.12369401459529916	False	True	1.2417175840304295	"{""immune_score"": 1.2417175840304295, ""moffitt50_z"": 1.2417175840304282}"	1636.473960920332	Model_3I_122_genus_tests_Moffitt50	False	0.06924133003569889	LOW_CURRENT_CONCERN
Serratia	Model_3I	CLR_genus ~ standardized_Moffitt50_contrast + immune_score	sensitivity	62	-0.23969834568810994	0.24402274723421835	-0.7279867350521825	0.24859004367596255	0.3299735469511339	0.4306551519267223	False	True	1.2417175840304295	"{""immune_score"": 1.2417175840304295, ""moffitt50_z"": 1.2417175840304282}"	1636.473960920332	Model_3I_122_genus_tests_Moffitt50	False	0.5920113636476226	LOW_CURRENT_CONCERN
Candidatus Accumulibacter	Model_3I	CLR_genus ~ standardized_Moffitt50_contrast + immune_score	sensitivity	62	-0.06535580401896741	0.1717524683236022	-0.4090316993097469	0.2783200912718121	0.704923659436108	-2.363507697766779	False	True	1.2417175840304295	"{""immune_score"": 1.2417175840304295, ""moffitt50_z"": 1.2417175840304282}"	1636.473960920332	Model_3I_122_genus_tests_Moffitt50	False	0.8621886625271165	LOW_CURRENT_CONCERN
Methylibium	Model_3I	CLR_genus ~ standardized_Moffitt50_contrast + immune_score	sensitivity	62	0.26202952042617306	0.16721884781265314	-0.07257462117619129	0.5966336620285374	0.12246629110088052	0.2464493949643355	False	True	1.2417175840304295	"{""immune_score"": 1.2417175840304295, ""moffitt50_z"": 1.2417175840304282}"	1636.473960920332	Model_3I_122_genus_tests_Moffitt50	False	0.34446727673727384	LOW_CURRENT_CONCERN
Novosphingobium	Model_3I	CLR_genus ~ standardized_Moffitt50_contrast + immune_score	sensitivity	62	-0.2377432973372794	0.07768535907301452	-0.3931913417875089	-0.08229525288704989	0.0033245384921543318	0.07786529861432356	False	True	1.2417175840304295	"{""immune_score"": 1.2417175840304295, ""moffitt50_z"": 1.2417175840304282}"	1636.473960920332	Model_3I_122_genus_tests_Moffitt50	False	0.06759894934047142	MODERATE_RISK_ENVIRONMENTAL
Pseudoxanthomonas	Model_3I	CLR_genus ~ standardized_Moffitt50_contrast + immune_score	sensitivity	62	0.3247623857130185	0.19403649096458364	-0.06350373588757924	0.7130285073136162	0.09948025449332328	-0.36731813894629184	False	True	1.2417175840304295	"{""immune_score"": 1.2417175840304295, ""moffitt50_z"": 1.2417175840304282}"	1636.473960920332	Model_3I_122_genus_tests_Moffitt50	False	0.30135403423177815	LOW_CURRENT_CONCERN
Burkholderia	Model_3I	CLR_genus ~ standardized_Moffitt50_contrast + immune_score	sensitivity	62	-0.10506291236817429	0.06839977574401321	-0.24193054749421872	0.03180472275787012	0.12988110434356226	0.37646814615809876	False	True	1.2417175840304295	"{""immune_score"": 1.2417175840304295, ""moffitt50_z"": 1.2417175840304282}"	1636.473960920332	Model_3I_122_genus_tests_Moffitt50	False	0.34446727673727384	BIOLOGICALLY_PLAUSIBLE_BUT_CONTAMINATION_SENSITIVE
Rhizobacter	Model_3I	CLR_genus ~ standardized_Moffitt50_contrast + immune_score	sensitivity	62	0.03184861755129851	0.17335747326933645	-0.31503888521770407	0.37873612032030113	0.8548658548165258	0.791534600164473	False	True	1.2417175840304295	"{""immune_score"": 1.2417175840304295, ""moffitt50_z"": 1.2417175840304282}"	1636.473960920332	Model_3I_122_genus_tests_Moffitt50	False	0.9481239480692377	LOW_CURRENT_CONCERN
Sphingomonas	Model_3I	CLR_genus ~ standardized_Moffitt50_contrast + immune_score	sensitivity	62	-0.14522264448363403	0.07513293964815283	-0.29556330946177256	0.005118020494504522	0.05805554476901018	0.25865465931223086	False	True	1.2417175840304295	"{""immune_score"": 1.2417175840304295, ""moffitt50_z"": 1.2417175840304282}"	1636.473960920332	Model_3I_122_genus_tests_Moffitt50	False	0.25295630220783005	BIOLOGICALLY_PLAUSIBLE_BUT_CONTAMINATION_SENSITIVE
Diaphorobacter	Model_3I	CLR_genus ~ standardized_Moffitt50_contrast + immune_score	sensitivity	62	-0.166851147006381	0.2836561779078483	-0.7344458479661689	0.4007435539534068	0.5586322345091456	4.672023024213585	True	False	1.2417175840304295	"{""immune_score"": 1.2417175840304295, ""moffitt50_z"": 1.2417175840304282}"	1636.473960920332	Model_3I_122_genus_tests_Moffitt50	False	0.7884529917276993	LOW_CURRENT_CONCERN
Fusobacterium	Model_3I	CLR_genus ~ standardized_Moffitt50_contrast + immune_score	sensitivity	62	0.544443210217579	0.3164441552245725	-0.08876008180983674	1.1776465022449947	0.09058224018933066	-0.24554083581120434	False	True	1.2417175840304295	"{""immune_score"": 1.2417175840304295, ""moffitt50_z"": 1.2417175840304282}"	1636.473960920332	Model_3I_122_genus_tests_Moffitt50	False	0.3012746580671606	LOW_CURRENT_CONCERN
Sphingobacterium	Model_3I	CLR_genus ~ standardized_Moffitt50_contrast + immune_score	sensitivity	62	-0.16181059867839542	0.16157828314635994	-0.4851279964536991	0.16150679909690824	0.3207048251358433	-0.3768832093354779	False	True	1.2417175840304295	"{""immune_score"": 1.2417175840304295, ""moffitt50_z"": 1.2417175840304282}"	1636.473960920332	Model_3I_122_genus_tests_Moffitt50	False	0.5839699800981026	LOW_CURRENT_CONCERN
Alicycliphilus	Model_3I	CLR_genus ~ standardized_Moffitt50_contrast + immune_score	sensitivity	62	-0.00899253946197125	0.11200694229257581	-0.23311791330321474	0.21513283437927222	0.9362818608268281	0.7367124448407898	False	True	1.2417175840304295	"{""immune_score"": 1.2417175840304295, ""moffitt50_z"": 1.2417175840304282}"	1636.473960920332	Model_3I_122_genus_tests_Moffitt50	False	0.9680202289904494	LOW_CURRENT_CONCERN
Devosia	Model_3I	CLR_genus ~ standardized_Moffitt50_contrast + immune_score	sensitivity	62	-0.3385201600436239	0.19447574045090638	-0.7276652178361811	0.05062489774893325	0.08695271427438148	-0.07238819555414766	False	True	1.2417175840304295	"{""immune_score"": 1.2417175840304295, ""moffitt50_z"": 1.2417175840304282}"	1636.473960920332	Model_3I_122_genus_tests_Moffitt50	False	0.3012746580671606	LOW_CURRENT_CONCERN
Ottowia	Model_3I	CLR_genus ~ standardized_Moffitt50_contrast + immune_score	sensitivity	62	0.019141360620630217	0.15692126120019054	-0.2948573577647328	0.33314007900599324	0.9033288536991283	0.6517091734971528	False	True	1.2417175840304295	"{""immune_score"": 1.2417175840304295, ""moffitt50_z"": 1.2417175840304282}"	1636.473960920332	Model_3I_122_genus_tests_Moffitt50	False	0.9541151733487461	LOW_CURRENT_CONCERN
Thauera	Model_3I	CLR_genus ~ standardized_Moffitt50_contrast + immune_score	sensitivity	62	-0.0811934666987585	0.1476810259390523	-0.37670251703413565	0.21431558363661868	0.5845390970796629	0.09249863640216971	False	True	1.2417175840304295	"{""immune_score"": 1.2417175840304295, ""moffitt50_z"": 1.2417175840304282}"	1636.473960920332	Model_3I_122_genus_tests_Moffitt50	False	0.8012783128507738	LOW_CURRENT_CONCERN
Phreatobacter	Model_3I	CLR_genus ~ standardized_Moffitt50_contrast + immune_score	sensitivity	62	-0.2820565872146477	0.1580314450010811	-0.5982767782544212	0.03416360382512579	0.07943276616692821	-0.18945459130874664	False	True	1.2417175840304295	"{""immune_score"": 1.2417175840304295, ""moffitt50_z"": 1.2417175840304282}"	1636.473960920332	Model_3I_122_genus_tests_Moffitt50	False	0.2992005133243948	LOW_CURRENT_CONCERN
Dickeya	Model_3I	CLR_genus ~ standardized_Moffitt50_contrast + immune_score	sensitivity	62	0.15738551451112692	0.22038371822130123	-0.28360128705560395	0.5983723160778578	0.47795457314339296	0.1833324405626494	False	True	1.2417175840304295	"{""immune_score"": 1.2417175840304295, ""moffitt50_z"": 1.2417175840304282}"	1636.473960920332	Model_3I_122_genus_tests_Moffitt50	False	0.7433968090432926	LOW_CURRENT_CONCERN
Rhizobium	Model_3I	CLR_genus ~ standardized_Moffitt50_contrast + immune_score	sensitivity	62	-0.2753163078213033	0.11865426984093118	-0.5127429533634447	-0.037889662279161906	0.02380085422660576	0.09865451576819384	False	True	1.2417175840304295	"{""immune_score"": 1.2417175840304295, ""moffitt50_z"": 1.2417175840304282}"	1636.473960920332	Model_3I_122_genus_tests_Moffitt50	False	0.15282653766557383	BIOLOGICALLY_PLAUSIBLE_BUT_CONTAMINATION_SENSITIVE
Sinorhizobium	Model_3I	CLR_genus ~ standardized_Moffitt50_contrast + immune_score	sensitivity	62	0.18465223020264648	0.21624086175411142	-0.24804473472115446	0.6173491951264474	0.3966035760478742	0.2679857695994018	False	True	1.2417175840304295	"{""immune_score"": 1.2417175840304295, ""moffitt50_z"": 1.2417175840304282}"	1636.473960920332	Model_3I_122_genus_tests_Moffitt50	False	0.6538599497005494	LOW_CURRENT_CONCERN
Stenotrophomonas	Model_3I	CLR_genus ~ standardized_Moffitt50_contrast + immune_score	sensitivity	62	-0.030163602171147053	0.08267488453909544	-0.1955956640178582	0.13526845967556408	0.7165309115802192	0.4055522608935186	False	True	1.2417175840304295	"{""immune_score"": 1.2417175840304295, ""moffitt50_z"": 1.2417175840304282}"	1636.473960920332	Model_3I_122_genus_tests_Moffitt50	False	0.8621886625271165	BIOLOGICALLY_PLAUSIBLE_BUT_CONTAMINATION_SENSITIVE
Corynebacterium	Model_3I	CLR_genus ~ standardized_Moffitt50_contrast + immune_score	sensitivity	62	0.22927686859608729	0.19362173742748534	-0.158159333093731	0.6167130702859056	0.24110299891887843	-0.1707390167748717	False	True	1.2417175840304295	"{""immune_score"": 1.2417175840304295, ""moffitt50_z"": 1.2417175840304282}"	1636.473960920332	Model_3I_122_genus_tests_Moffitt50	False	0.5071476873810892	LOW_CURRENT_CONCERN
Leptothrix	Model_3I	CLR_genus ~ standardized_Moffitt50_contrast + immune_score	sensitivity	62	0.12402109037037894	0.1848562212791482	-0.2458753540200586	0.4939175347608165	0.5048986942133473	-0.1147349288066577	False	True	1.2417175840304295	"{""immune_score"": 1.2417175840304295, ""moffitt50_z"": 1.2417175840304282}"	1636.473960920332	Model_3I_122_genus_tests_Moffitt50	False	0.7433968090432926	LOW_CURRENT_CONCERN
Altererythrobacter	Model_3I	CLR_genus ~ standardized_Moffitt50_contrast + immune_score	sensitivity	62	-0.007638312483788669	0.14107881352902088	-0.28993636630153596	0.27465974133395865	0.9570048160458572	1.343604754863938	True	False	1.2417175840304295	"{""immune_score"": 1.2417175840304295, ""moffitt50_z"": 1.2417175840304282}"	1636.473960920332	Model_3I_122_genus_tests_Moffitt50	False	0.9801204447522861	LOW_CURRENT_CONCERN
Roseolovirus	Model_3I	CLR_genus ~ standardized_Moffitt50_contrast + immune_score	sensitivity	62	-0.949478489296381	0.22982025643337323	-1.4093477602106212	-0.4896092183821408	0.00011531211604696431	-0.013319837500891607	False	True	1.2417175840304295	"{""immune_score"": 1.2417175840304295, ""moffitt50_z"": 1.2417175840304282}"	1636.473960920332	Model_3I_122_genus_tests_Moffitt50	False	0.006364786534511105	LOW_CURRENT_CONCERN
Janibacter	Model_3I	CLR_genus ~ standardized_Moffitt50_contrast + immune_score	sensitivity	62	0.32383780262762285	0.1945320216638323	-0.06541987361187229	0.713095478867118	0.10127471642215495	-0.21418585624668074	False	True	1.2417175840304295	"{""immune_score"": 1.2417175840304295, ""moffitt50_z"": 1.2417175840304282}"	1636.473960920332	Model_3I_122_genus_tests_Moffitt50	False	0.30135403423177815	LOW_CURRENT_CONCERN
Lactobacillus	Model_3I	CLR_genus ~ standardized_Moffitt50_contrast + immune_score	sensitivity	62	0.3246486663788786	0.24712174504766762	-0.1698408032866115	0.8191381360443688	0.19402616528962974	-1.2652931882272642	False	True	1.2417175840304295	"{""immune_score"": 1.2417175840304295, ""moffitt50_z"": 1.2417175840304282}"	1636.473960920332	Model_3I_122_genus_tests_Moffitt50	False	0.45521523394874674	LOW_CURRENT_CONCERN
Acinetobacter	Model_3I	CLR_genus ~ standardized_Moffitt50_contrast + immune_score	sensitivity	62	-0.05700336074338778	0.07909724959618898	-0.215276591604856	0.10126987011808045	0.47395572573085043	0.4553630960063193	False	True	1.2417175840304295	"{""immune_score"": 1.2417175840304295, ""moffitt50_z"": 1.2417175840304282}"	1636.473960920332	Model_3I_122_genus_tests_Moffitt50	False	0.7433968090432926	BIOLOGICALLY_PLAUSIBLE_BUT_CONTAMINATION_SENSITIVE
Janthinobacterium	Model_3I	CLR_genus ~ standardized_Moffitt50_contrast + immune_score	sensitivity	62	-0.08204672134103987	0.14078333528352213	-0.36375352455521853	0.19966008187313883	0.5622574613140151	-0.1355368421247336	False	True	1.2417175840304295	"{""immune_score"": 1.2417175840304295, ""moffitt50_z"": 1.2417175840304282}"	1636.473960920332	Model_3I_122_genus_tests_Moffitt50	False	0.7884529917276993	LOW_CURRENT_CONCERN
Paracoccus	Model_3I	CLR_genus ~ standardized_Moffitt50_contrast + immune_score	sensitivity	62	0.00908866811268188	0.22314520417278055	-0.43742385407961476	0.45560119030497853	0.9676487914763627	0.9703619232462859	False	True	1.2417175840304295	"{""immune_score"": 1.2417175840304295, ""moffitt50_z"": 1.2417175840304282}"	1636.473960920332	Model_3I_122_genus_tests_Moffitt50	False	0.9801204447522861	LOW_CURRENT_CONCERN
Delftia	Model_3I	CLR_genus ~ standardized_Moffitt50_contrast + immune_score	sensitivity	62	0.14980693406912857	0.16871337075217002	-0.1877877410276559	0.487401609165913	0.3781799865855068	10.298891520440181	True	False	1.2417175840304295	"{""immune_score"": 1.2417175840304295, ""moffitt50_z"": 1.2417175840304282}"	1636.473960920332	Model_3I_122_genus_tests_Moffitt50	False	0.6408049772698865	HIGH_RISK_POTENTIAL_CONTAMINANT
Sphingorhabdus	Model_3I	CLR_genus ~ standardized_Moffitt50_contrast + immune_score	sensitivity	62	0.18558579176332027	0.1442036050018158	-0.10296495534897934	0.4741365388756199	0.203130965564214	0.19986701859351752	False	True	1.2417175840304295	"{""immune_score"": 1.2417175840304295, ""moffitt50_z"": 1.2417175840304282}"	1636.473960920332	Model_3I_122_genus_tests_Moffitt50	False	0.4675844867704549	LOW_CURRENT_CONCERN
Klebsiella	Model_3I	CLR_genus ~ standardized_Moffitt50_contrast + immune_score	sensitivity	62	-0.5732595154179728	0.2179574700566044	-1.0093914056210502	-0.13712762521489547	0.010869192099600388	0.1842954032183607	False	True	1.2417175840304295	"{""immune_score"": 1.2417175840304295, ""moffitt50_z"": 1.2417175840304282}"	1636.473960920332	Model_3I_122_genus_tests_Moffitt50	False	0.11050345301260395	LOW_CURRENT_CONCERN
Brachybacterium	Model_3I	CLR_genus ~ standardized_Moffitt50_contrast + immune_score	sensitivity	62	0.2701718031981633	0.1378203423131017	-0.005606064776896069	0.5459496711732227	0.05468601566568184	-0.5303902649771624	False	True	1.2417175840304295	"{""immune_score"": 1.2417175840304295, ""moffitt50_z"": 1.2417175840304282}"	1636.473960920332	Model_3I_122_genus_tests_Moffitt50	False	0.2470997744893772	LOW_CURRENT_CONCERN
Herbaspirillum	Model_3I	CLR_genus ~ standardized_Moffitt50_contrast + immune_score	sensitivity	62	0.2443038100900878	0.13977554056256247	-0.03538640054538886	0.5239940207255644	0.08569600938681393	0.3336402585026479	False	True	1.2417175840304295	"{""immune_score"": 1.2417175840304295, ""moffitt50_z"": 1.2417175840304282}"	1636.473960920332	Model_3I_122_genus_tests_Moffitt50	False	0.3012746580671606	MODERATE_RISK_ENVIRONMENTAL
Melaminivora	Model_3I	CLR_genus ~ standardized_Moffitt50_contrast + immune_score	sensitivity	62	0.06766480366970772	0.1844714588533614	-0.3014617328850684	0.43679134022448385	0.7150777589613445	-4.015438205903753	False	True	1.2417175840304295	"{""immune_score"": 1.2417175840304295, ""moffitt50_z"": 1.2417175840304282}"	1636.473960920332	Model_3I_122_genus_tests_Moffitt50	False	0.8621886625271165	LOW_CURRENT_CONCERN
Lysobacter	Model_3S	CLR_genus ~ standardized_Moffitt50_contrast + stromal_score	sensitivity	62	0.005935167777088751	0.29712179515927417	-0.5886041710659078	0.6004745066200854	0.9841302882779199	1.0964429319379112	True	False	1.4580242284433922	"{""moffitt50_z"": 1.4580242284433915, ""stromal_score"": 1.4580242284433922}"	1872.729574238561	Model_3S_122_genus_tests_Moffitt50	False	0.9841302882779199	LOW_CURRENT_CONCERN
Brevundimonas	Model_3S	CLR_genus ~ standardized_Moffitt50_contrast + stromal_score	sensitivity	62	-0.25054909828002514	0.08193240041638283	-0.41449545282888445	-0.08660274373116586	0.0033469650189925293	0.10363185957635435	False	True	1.4580242284433922	"{""moffitt50_z"": 1.4580242284433915, ""stromal_score"": 1.4580242284433922}"	1872.729574238561	Model_3S_122_genus_tests_Moffitt50	False	0.051041216539636065	HIGH_RISK_POTENTIAL_CONTAMINANT
Paraburkholderia	Model_3S	CLR_genus ~ standardized_Moffitt50_contrast + stromal_score	sensitivity	62	-0.13924076027235568	0.24393578584047484	-0.6273551402894753	0.34887361974476394	0.5702968636081648	0.3434894896607493	False	True	1.4580242284433922	"{""moffitt50_z"": 1.4580242284433915, ""stromal_score"": 1.4580242284433922}"	1872.729574238561	Model_3S_122_genus_tests_Moffitt50	False	0.8131950755986928	MODERATE_RISK_ENVIRONMENTAL
Aerococcus	Model_3S	CLR_genus ~ standardized_Moffitt50_contrast + stromal_score	sensitivity	62	0.20384723830775678	0.15954335233659472	-0.11539827232247726	0.5230927489379908	0.2063626840680145	-0.09932912347280043	False	True	1.4580242284433922	"{""moffitt50_z"": 1.4580242284433915, ""stromal_score"": 1.4580242284433922}"	1872.729574238561	Model_3S_122_genus_tests_Moffitt50	False	0.5035249491259554	LOW_CURRENT_CONCERN
Acidovorax	Model_3S	CLR_genus ~ standardized_Moffitt50_contrast + stromal_score	sensitivity	62	-0.1454790587901137	0.09506905684447962	-0.3357118021351282	0.04475368455490081	0.13130023867046642	0.2383861651480702	False	True	1.4580242284433922	"{""moffitt50_z"": 1.4580242284433915, ""stromal_score"": 1.4580242284433922}"	1872.729574238561	Model_3S_122_genus_tests_Moffitt50	False	0.38139593137611677	LOW_CURRENT_CONCERN
Cupriavidus	Model_3S	CLR_genus ~ standardized_Moffitt50_contrast + stromal_score	sensitivity	62	-0.20754482187873147	0.1099018966396988	-0.42745800909790327	0.012368365340440335	0.06388418569123083	0.2991240370729906	False	True	1.4580242284433922	"{""moffitt50_z"": 1.4580242284433915, ""stromal_score"": 1.4580242284433922}"	1872.729574238561	Model_3S_122_genus_tests_Moffitt50	False	0.27835252336893435	BIOLOGICALLY_PLAUSIBLE_BUT_CONTAMINATION_SENSITIVE
Staphylococcus	Model_3S	CLR_genus ~ standardized_Moffitt50_contrast + stromal_score	sensitivity	62	-0.5641662138637636	0.20815243155867807	-0.9806782673505129	-0.1476541603770144	0.008787218452019846	-0.2517959624904478	False	True	1.4580242284433922	"{""moffitt50_z"": 1.4580242284433915, ""stromal_score"": 1.4580242284433922}"	1872.729574238561	Model_3S_122_genus_tests_Moffitt50	False	0.08246466547280164	LOW_CURRENT_CONCERN
Luteimonas	Model_3S	CLR_genus ~ standardized_Moffitt50_contrast + stromal_score	sensitivity	62	0.18632640180649163	0.21056723658590107	-0.23501766537871516	0.6076704689916984	0.3798142916982523	-1.3714005027139442	False	True	1.4580242284433922	"{""moffitt50_z"": 1.4580242284433915, ""stromal_score"": 1.4580242284433922}"	1872.729574238561	Model_3S_122_genus_tests_Moffitt50	False	0.6193718309312397	LOW_CURRENT_CONCERN
Rhodopseudomonas	Model_3S	CLR_genus ~ standardized_Moffitt50_contrast + stromal_score	sensitivity	62	0.20512694393078304	0.2569217264050824	-0.30897224313624516	0.7192261309978112	0.4278390901091087	0.49785042178351646	False	True	1.4580242284433922	"{""moffitt50_z"": 1.4580242284433915, ""stromal_score"": 1.4580242284433922}"	1872.729574238561	Model_3S_122_genus_tests_Moffitt50	False	0.6526357734895515	LOW_CURRENT_CONCERN
Rhodoferax	Model_3S	CLR_genus ~ standardized_Moffitt50_contrast + stromal_score	sensitivity	62	-0.049800312472472026	0.18943726717442708	-0.4288634085261729	0.32926278358122885	0.7935546689723156	3.5859247358494115	True	False	1.4580242284433922	"{""moffitt50_z"": 1.4580242284433915, ""stromal_score"": 1.4580242284433922}"	1872.729574238561	Model_3S_122_genus_tests_Moffitt50	False	0.9214107173690254	LOW_CURRENT_CONCERN
Blastomonas	Model_3S	CLR_genus ~ standardized_Moffitt50_contrast + stromal_score	sensitivity	62	-0.08542115985369061	0.057810897159769586	-0.20110049787352569	0.03025817816614447	0.1448344763245068	0.26822526245607914	False	True	1.4580242284433922	"{""moffitt50_z"": 1.4580242284433915, ""stromal_score"": 1.4580242284433922}"	1872.729574238561	Model_3S_122_genus_tests_Moffitt50	False	0.4015865025361325	LOW_CURRENT_CONCERN
Aeromonas	Model_3S	CLR_genus ~ standardized_Moffitt50_contrast + stromal_score	sensitivity	62	0.36854979159566675	0.20890568791115127	-0.04946952437089697	0.7865691075622305	0.08287616563774768	-0.029725711207795547	False	True	1.4580242284433922	"{""moffitt50_z"": 1.4580242284433915, ""stromal_score"": 1.4580242284433922}"	1872.729574238561	Model_3S_122_genus_tests_Moffitt50	False	0.3067113180254563	LOW_CURRENT_CONCERN
Achromobacter	Model_3S	CLR_genus ~ standardized_Moffitt50_contrast + stromal_score	sensitivity	62	-0.17362280055880888	0.15740544796080055	-0.4885903744142841	0.1413447732966663	0.2744933702812327	0.27921337080735653	False	True	1.4580242284433922	"{""moffitt50_z"": 1.4580242284433915, ""stromal_score"": 1.4580242284433922}"	1872.729574238561	Model_3S_122_genus_tests_Moffitt50	False	0.583696486571045	LOW_CURRENT_CONCERN
Azoarcus	Model_3S	CLR_genus ~ standardized_Moffitt50_contrast + stromal_score	sensitivity	62	-0.07082244877375728	0.07359209101042812	-0.2180798827494751	0.07643498520196053	0.33979408141019096	0.6470395100779146	False	True	1.4580242284433922	"{""moffitt50_z"": 1.4580242284433915, ""stromal_score"": 1.4580242284433922}"	1872.729574238561	Model_3S_122_genus_tests_Moffitt50	False	0.6016075102735631	LOW_CURRENT_CONCERN
Enterobacter	Model_3S	CLR_genus ~ standardized_Moffitt50_contrast + stromal_score	sensitivity	62	0.28911173845019145	0.2664771642122282	-0.2441078355045455	0.8223313124049284	0.28236160429588125	-0.1348653605073875	False	True	1.4580242284433922	"{""moffitt50_z"": 1.4580242284433915, ""stromal_score"": 1.4580242284433922}"	1872.729574238561	Model_3S_122_genus_tests_Moffitt50	False	0.583696486571045	LOW_CURRENT_CONCERN
Methyloversatilis	Model_3S	CLR_genus ~ standardized_Moffitt50_contrast + stromal_score	sensitivity	62	-0.06647271331570072	0.0667094654309924	-0.19995804531785555	0.06701261868645413	0.3231003588820276	0.12268499532619093	False	True	1.4580242284433922	"{""moffitt50_z"": 1.4580242284433915, ""stromal_score"": 1.4580242284433922}"	1872.729574238561	Model_3S_122_genus_tests_Moffitt50	False	0.6016075102735631	LOW_CURRENT_CONCERN
Mycobacterium	Model_3S	CLR_genus ~ standardized_Moffitt50_contrast + stromal_score	sensitivity	62	-0.05707046626967877	0.2193448854554947	-0.49597856827342407	0.38183763573406654	0.7956261935708265	0.6380360111072053	False	True	1.4580242284433922	"{""moffitt50_z"": 1.4580242284433915, ""stromal_score"": 1.4580242284433922}"	1872.729574238561	Model_3S_122_genus_tests_Moffitt50	False	0.9214107173690254	LOW_CURRENT_CONCERN
Rubrivivax	Model_3S	CLR_genus ~ standardized_Moffitt50_contrast + stromal_score	sensitivity	62	0.383122189785965	0.16470517411032995	0.05354789764397144	0.7126964819279586	0.023468227678426528	0.11844577047806204	False	True	1.4580242284433922	"{""moffitt50_z"": 1.4580242284433915, ""stromal_score"": 1.4580242284433922}"	1872.729574238561	Model_3S_122_genus_tests_Moffitt50	False	0.16782738151251186	LOW_CURRENT_CONCERN
Mesorhizobium	Model_3S	CLR_genus ~ standardized_Moffitt50_contrast + stromal_score	sensitivity	62	0.1839761179407431	0.21082918777477883	-0.2378921123626928	0.605844348244179	0.386401768264898	0.444526044179414	False	True	1.4580242284433922	"{""moffitt50_z"": 1.4580242284433915, ""stromal_score"": 1.4580242284433922}"	1872.729574238561	Model_3S_122_genus_tests_Moffitt50	False	0.6202765227410205	MODERATE_RISK_ENVIRONMENTAL
Nocardioides	Model_3S	CLR_genus ~ standardized_Moffitt50_contrast + stromal_score	sensitivity	62	0.5378443398853845	0.19688532564792433	0.14387771325048448	0.9318109665202845	0.008296843873763577	0.141083942117478	False	True	1.4580242284433922	"{""moffitt50_z"": 1.4580242284433915, ""stromal_score"": 1.4580242284433922}"	1872.729574238561	Model_3S_122_genus_tests_Moffitt50	False	0.08246466547280164	LOW_CURRENT_CONCERN
Comamonas	Model_3S	CLR_genus ~ standardized_Moffitt50_contrast + stromal_score	sensitivity	62	-0.1357399992307099	0.06628998175478178	-0.26838594633558377	-0.0030940521258359943	0.04505232002765847	0.21890065955983673	False	True	1.4580242284433922	"{""moffitt50_z"": 1.4580242284433915, ""stromal_score"": 1.4580242284433922}"	1872.729574238561	Model_3S_122_genus_tests_Moffitt50	False	0.23897317579888408	HIGH_RISK_POTENTIAL_CONTAMINANT
Dechloromonas	Model_3S	CLR_genus ~ standardized_Moffitt50_contrast + stromal_score	sensitivity	62	-0.3605533289057842	0.12416299234613941	-0.6090029027200181	-0.1121037550915503	0.005178582105993623	0.1306962838267537	False	True	1.4580242284433922	"{""moffitt50_z"": 1.4580242284433915, ""stromal_score"": 1.4580242284433922}"	1872.729574238561	Model_3S_122_genus_tests_Moffitt50	False	0.07019855743680245	MODERATE_RISK_ENVIRONMENTAL
Chelatococcus	Model_3S	CLR_genus ~ standardized_Moffitt50_contrast + stromal_score	sensitivity	62	0.07805962376014987	0.1636878991680099	-0.24947910592401634	0.40559835344431605	0.635208599256069	0.6032154521006923	False	True	1.4580242284433922	"{""moffitt50_z"": 1.4580242284433915, ""stromal_score"": 1.4580242284433922}"	1872.729574238561	Model_3S_122_genus_tests_Moffitt50	False	0.8423418381439176	LOW_CURRENT_CONCERN
Bordetella	Model_3S	CLR_genus ~ standardized_Moffitt50_contrast + stromal_score	sensitivity	62	-0.04180108700561844	0.17434646166121145	-0.3906675509757459	0.307065376964509	0.8113483243404367	0.34950752418063424	False	True	1.4580242284433922	"{""moffitt50_z"": 1.4580242284433915, ""stromal_score"": 1.4580242284433922}"	1872.729574238561	Model_3S_122_genus_tests_Moffitt50	False	0.925088743640498	LOW_CURRENT_CONCERN
Kocuria	Model_3S	CLR_genus ~ standardized_Moffitt50_contrast + stromal_score	sensitivity	62	0.008885938375969986	0.2572636293742851	-0.5058973949521876	0.5236692717041275	0.9725629753456666	0.7570593757895341	False	True	1.4580242284433922	"{""moffitt50_z"": 1.4580242284433915, ""stromal_score"": 1.4580242284433922}"	1872.729574238561	Model_3S_122_genus_tests_Moffitt50	False	0.9806006858857135	LOW_CURRENT_CONCERN
Bosea	Model_3S	CLR_genus ~ standardized_Moffitt50_contrast + stromal_score	sensitivity	62	0.28593668250253906	0.23687162438946807	-0.18804234310104667	0.7599157081061247	0.23219647299290264	0.21990332612182628	False	True	1.4580242284433922	"{""moffitt50_z"": 1.4580242284433915, ""stromal_score"": 1.4580242284433922}"	1872.729574238561	Model_3S_122_genus_tests_Moffitt50	False	0.5344899944364929	LOW_CURRENT_CONCERN
Phenylobacterium	Model_3S	CLR_genus ~ standardized_Moffitt50_contrast + stromal_score	sensitivity	62	-0.07231767766983663	0.21798220539857419	-0.508499063177871	0.36386370783819766	0.7412464806817812	-4.696346676625853	False	True	1.4580242284433922	"{""moffitt50_z"": 1.4580242284433915, ""stromal_score"": 1.4580242284433922}"	1872.729574238561	Model_3S_122_genus_tests_Moffitt50	False	0.913455259021993	LOW_CURRENT_CONCERN
Xanthomonas	Model_3S	CLR_genus ~ standardized_Moffitt50_contrast + stromal_score	sensitivity	62	0.4441410926021981	0.253094705036738	-0.062300242394927985	0.9505824275993242	0.08447801319295407	-4.234967403293317	False	True	1.4580242284433922	"{""moffitt50_z"": 1.4580242284433915, ""stromal_score"": 1.4580242284433922}"	1872.729574238561	Model_3S_122_genus_tests_Moffitt50	False	0.3067113180254563	LOW_CURRENT_CONCERN
Azospira	Model_3S	CLR_genus ~ standardized_Moffitt50_contrast + stromal_score	sensitivity	62	0.09138426267913191	0.2057809242705749	-0.32038241568502024	0.5031509410432841	0.6586055571377647	2.749689482178718	True	False	1.4580242284433922	"{""moffitt50_z"": 1.4580242284433915, ""stromal_score"": 1.4580242284433922}"	1872.729574238561	Model_3S_122_genus_tests_Moffitt50	False	0.8639771824817989	LOW_CURRENT_CONCERN
Deinococcus	Model_3S	CLR_genus ~ standardized_Moffitt50_contrast + stromal_score	sensitivity	62	0.03968604633560336	0.20296122228486027	-0.3664384213875475	0.4458105140587542	0.8456459108955878	1.982362394350111	True	False	1.4580242284433922	"{""moffitt50_z"": 1.4580242284433915, ""stromal_score"": 1.4580242284433922}"	1872.729574238561	Model_3S_122_genus_tests_Moffitt50	False	0.9378981920841974	LOW_CURRENT_CONCERN
Hydrogenophaga	Model_3S	CLR_genus ~ standardized_Moffitt50_contrast + stromal_score	sensitivity	62	-0.20519364993499586	0.1071794103655033	-0.41965915470259374	0.009271854832601983	0.060411005651894174	0.237310388599155	False	True	1.4580242284433922	"{""moffitt50_z"": 1.4580242284433915, ""stromal_score"": 1.4580242284433922}"	1872.729574238561	Model_3S_122_genus_tests_Moffitt50	False	0.27296824776041073	LOW_CURRENT_CONCERN
Porphyrobacter	Model_3S	CLR_genus ~ standardized_Moffitt50_contrast + stromal_score	sensitivity	62	-0.10473744768046996	0.08375679576747222	-0.2723344088946648	0.06285951353372492	0.21605559377672007	0.217145805815826	False	True	1.4580242284433922	"{""moffitt50_z"": 1.4580242284433915, ""stromal_score"": 1.4580242284433922}"	1872.729574238561	Model_3S_122_genus_tests_Moffitt50	False	0.5068996623223048	LOW_CURRENT_CONCERN
Aromatoleum	Model_3S	CLR_genus ~ standardized_Moffitt50_contrast + stromal_score	sensitivity	62	0.18725683712155847	0.19090394594640356	-0.1947410763760075	0.5692547506191244	0.330649483399739	0.26603624041604323	False	True	1.4580242284433922	"{""moffitt50_z"": 1.4580242284433915, ""stromal_score"": 1.4580242284433922}"	1872.729574238561	Model_3S_122_genus_tests_Moffitt50	False	0.6016075102735631	LOW_CURRENT_CONCERN
Microbacterium	Model_3S	CLR_genus ~ standardized_Moffitt50_contrast + stromal_score	sensitivity	62	0.22069615148758837	0.23021737372737192	-0.23996774929650216	0.681360052271679	0.34165094531591444	0.3163765290936287	False	True	1.4580242284433922	"{""moffitt50_z"": 1.4580242284433915, ""stromal_score"": 1.4580242284433922}"	1872.729574238561	Model_3S_122_genus_tests_Moffitt50	False	0.6016075102735631	LOW_CURRENT_CONCERN
Mitsuaria	Model_3S	CLR_genus ~ standardized_Moffitt50_contrast + stromal_score	sensitivity	62	-0.07888053978489638	0.18598138058626282	-0.4510284227484833	0.2932673431786905	0.6730124855553896	2.530635946640036	True	False	1.4580242284433922	"{""moffitt50_z"": 1.4580242284433915, ""stromal_score"": 1.4580242284433922}"	1872.729574238561	Model_3S_122_genus_tests_Moffitt50	False	0.873484289763378	LOW_CURRENT_CONCERN
Pandoraea	Model_3S	CLR_genus ~ standardized_Moffitt50_contrast + stromal_score	sensitivity	62	0.40949760990758655	0.09758449636309749	0.21423148371195713	0.604763736103216	9.257225089804164e-05	0.05393193230677451	False	True	1.4580242284433922	"{""moffitt50_z"": 1.4580242284433915, ""stromal_score"": 1.4580242284433922}"	1872.729574238561	Model_3S_122_genus_tests_Moffitt50	False	0.011186439663657458	LOW_CURRENT_CONCERN
Rhodococcus	Model_3S	CLR_genus ~ standardized_Moffitt50_contrast + stromal_score	sensitivity	62	-0.2525548406363887	0.22263098126661932	-0.6980384051701496	0.1929287238973722	0.2612106067854379	-3.012297768977742	False	True	1.4580242284433922	"{""moffitt50_z"": 1.4580242284433915, ""stromal_score"": 1.4580242284433922}"	1872.729574238561	Model_3S_122_genus_tests_Moffitt50	False	0.5794126186876986	LOW_CURRENT_CONCERN
Streptococcus	Model_3S	CLR_genus ~ standardized_Moffitt50_contrast + stromal_score	sensitivity	62	0.376856286604152	0.24297385109336322	-0.10933326642997476	0.8630458396382787	0.1262458998962505	-0.2860036682716973	False	True	1.4580242284433922	"{""moffitt50_z"": 1.4580242284433915, ""stromal_score"": 1.4580242284433922}"	1872.729574238561	Model_3S_122_genus_tests_Moffitt50	False	0.3756585313985991	LOW_CURRENT_CONCERN
Rhizorhabdus	Model_3S	CLR_genus ~ standardized_Moffitt50_contrast + stromal_score	sensitivity	62	-0.21396662974652056	0.1337732903513311	-0.4816463654511939	0.05371310595815279	0.11505769201836476	0.2278300528009064	False	True	1.4580242284433922	"{""moffitt50_z"": 1.4580242284433915, ""stromal_score"": 1.4580242284433922}"	1872.729574238561	Model_3S_122_genus_tests_Moffitt50	False	0.35092596065601256	LOW_CURRENT_CONCERN
Citromicrobium	Model_3S	CLR_genus ~ standardized_Moffitt50_contrast + stromal_score	sensitivity	62	0.045392356480797036	0.1617417108364405	-0.2782520593470095	0.36903677230860354	0.7799628012052777	5.5012219070078405	True	False	1.4580242284433922	"{""moffitt50_z"": 1.4580242284433915, ""stromal_score"": 1.4580242284433922}"	1872.729574238561	Model_3S_122_genus_tests_Moffitt50	False	0.9214107173690254	LOW_CURRENT_CONCERN
Massilia	Model_3S	CLR_genus ~ standardized_Moffitt50_contrast + stromal_score	sensitivity	62	0.13824005830876307	0.17222380819813146	-0.20637898589245823	0.4828591025099844	0.4253831877008193	0.1341320389273849	False	True	1.4580242284433922	"{""moffitt50_z"": 1.4580242284433915, ""stromal_score"": 1.4580242284433922}"	1872.729574238561	Model_3S_122_genus_tests_Moffitt50	False	0.6526357734895515	LOW_CURRENT_CONCERN
Candida	Model_3S	CLR_genus ~ standardized_Moffitt50_contrast + stromal_score	sensitivity	62	-1.230790314425053	0.32605999428549	-1.8832348559698053	-0.5783457728803005	0.00037411141878403484	-0.09467030801080156	False	True	1.4580242284433922	"{""moffitt50_z"": 1.4580242284433915, ""stromal_score"": 1.4580242284433922}"	1872.729574238561	Model_3S_122_genus_tests_Moffitt50	False	0.015213864363884083	LOW_CURRENT_CONCERN
Ramlibacter	Model_3S	CLR_genus ~ standardized_Moffitt50_contrast + stromal_score	sensitivity	62	-0.3110008441029867	0.12460881903477662	-0.5603425150606121	-0.06165917314536132	0.015381993541566538	0.14271387172736505	False	True	1.4580242284433922	"{""moffitt50_z"": 1.4580242284433915, ""stromal_score"": 1.4580242284433922}"	1872.729574238561	Model_3S_122_genus_tests_Moffitt50	False	0.1340430865765084	LOW_CURRENT_CONCERN
Caulobacter	Model_3S	CLR_genus ~ standardized_Moffitt50_contrast + stromal_score	sensitivity	62	-0.09696411500104118	0.05949170135165242	-0.21600673444030521	0.022078504438222846	0.10845556483517384	0.1854973346113179	False	True	1.4580242284433922	"{""moffitt50_z"": 1.4580242284433915, ""stromal_score"": 1.4580242284433922}"	1872.729574238561	Model_3S_122_genus_tests_Moffitt50	False	0.35092596065601256	HIGH_RISK_POTENTIAL_CONTAMINANT
Bacteroides	Model_3S	CLR_genus ~ standardized_Moffitt50_contrast + stromal_score	sensitivity	62	0.04332403030481873	0.3860967808898887	-0.7292538437506071	0.8159019043602445	0.9110375746873487	0.8267320457459925	False	True	1.4580242284433922	"{""moffitt50_z"": 1.4580242284433915, ""stromal_score"": 1.4580242284433922}"	1872.729574238561	Model_3S_122_genus_tests_Moffitt50	False	0.9726580110650913	LOW_CURRENT_CONCERN
Enterococcus	Model_3S	CLR_genus ~ standardized_Moffitt50_contrast + stromal_score	sensitivity	62	-0.18550157004092122	0.19899945701292607	-0.5836985637658612	0.21269542368401873	0.3550470552434143	-1.4982787482013866	False	True	1.4580242284433922	"{""moffitt50_z"": 1.4580242284433915, ""stromal_score"": 1.4580242284433922}"	1872.729574238561	Model_3S_122_genus_tests_Moffitt50	False	0.6016075102735631	LOW_CURRENT_CONCERN
Laribacter	Model_3S	CLR_genus ~ standardized_Moffitt50_contrast + stromal_score	sensitivity	62	0.09139052328288734	0.1711106951797539	-0.2510011869132706	0.43378223347904526	0.5952779499463653	0.04054150466859541	False	True	1.4580242284433922	"{""moffitt50_z"": 1.4580242284433915, ""stromal_score"": 1.4580242284433922}"	1872.729574238561	Model_3S_122_genus_tests_Moffitt50	False	0.8159989875669277	LOW_CURRENT_CONCERN
Variovorax	Model_3S	CLR_genus ~ standardized_Moffitt50_contrast + stromal_score	sensitivity	62	-0.25376723975760707	0.10687328640418897	-0.4676201918934929	-0.03991428762172125	0.020845816277685093	0.18586791693987337	False	True	1.4580242284433922	"{""moffitt50_z"": 1.4580242284433915, ""stromal_score"": 1.4580242284433922}"	1872.729574238561	Model_3S_122_genus_tests_Moffitt50	False	0.15894934911734881	LOW_CURRENT_CONCERN
Pseudomonas	Model_3S	CLR_genus ~ standardized_Moffitt50_contrast + stromal_score	sensitivity	62	0.10608787949129139	0.08426979248341351	-0.06253558578047647	0.27471134476305925	0.2130220733640674	0.0333698206657812	False	True	1.4580242284433922	"{""moffitt50_z"": 1.4580242284433915, ""stromal_score"": 1.4580242284433922}"	1872.729574238561	Model_3S_122_genus_tests_Moffitt50	False	0.5068996623223048	BIOLOGICALLY_PLAUSIBLE_BUT_CONTAMINATION_SENSITIVE
Methylobacterium	Model_3S	CLR_genus ~ standardized_Moffitt50_contrast + stromal_score	sensitivity	62	0.2860976653195477	0.16069214373005752	-0.03544657157939296	0.6076419022184885	0.08015806957172487	-0.36445956076489416	False	True	1.4580242284433922	"{""moffitt50_z"": 1.4580242284433915, ""stromal_score"": 1.4580242284433922}"	1872.729574238561	Model_3S_122_genus_tests_Moffitt50	False	0.3067113180254563	BIOLOGICALLY_PLAUSIBLE_BUT_CONTAMINATION_SENSITIVE
Elizabethkingia	Model_3S	CLR_genus ~ standardized_Moffitt50_contrast + stromal_score	sensitivity	62	0.43126050281664013	0.2465635426384429	-0.06211200640795356	0.9246330120412338	0.08547692469561896	-0.11118827935268816	False	True	1.4580242284433922	"{""moffitt50_z"": 1.4580242284433915, ""stromal_score"": 1.4580242284433922}"	1872.729574238561	Model_3S_122_genus_tests_Moffitt50	False	0.3067113180254563	HIGH_RISK_POTENTIAL_CONTAMINANT
Tessaracoccus	Model_3S	CLR_genus ~ standardized_Moffitt50_contrast + stromal_score	sensitivity	62	-0.15438376209852142	0.10346177846687477	-0.36141030261953005	0.05264277842248721	0.1409796960430335	-0.42387610015785016	False	True	1.4580242284433922	"{""moffitt50_z"": 1.4580242284433915, ""stromal_score"": 1.4580242284433922}"	1872.729574238561	Model_3S_122_genus_tests_Moffitt50	False	0.39998890505232765	LOW_CURRENT_CONCERN
Agrobacterium	Model_3S	CLR_genus ~ standardized_Moffitt50_contrast + stromal_score	sensitivity	62	-0.17937722007495435	0.12878925240689693	-0.4370839188885983	0.07832947873868965	0.16890774186909932	0.16386474074712598	False	True	1.4580242284433922	"{""moffitt50_z"": 1.4580242284433915, ""stromal_score"": 1.4580242284433922}"	1872.729574238561	Model_3S_122_genus_tests_Moffitt50	False	0.4407608843747992	LOW_CURRENT_CONCERN
Azospirillum	Model_3S	CLR_genus ~ standardized_Moffitt50_contrast + stromal_score	sensitivity	62	-0.01943057058008178	0.21162287789572704	-0.44288697114716935	0.40402582998700576	0.9271545072105786	1.193299980551751	True	False	1.4580242284433922	"{""moffitt50_z"": 1.4580242284433915, ""stromal_score"": 1.4580242284433922}"	1872.729574238561	Model_3S_122_genus_tests_Moffitt50	False	0.9726580110650913	LOW_CURRENT_CONCERN
Clostridium	Model_3S	CLR_genus ~ standardized_Moffitt50_contrast + stromal_score	sensitivity	62	-0.37311720828185124	0.3447851582285343	-1.0630307163305803	0.31679629976687784	0.28357884377127884	-0.13726735819632774	False	True	1.4580242284433922	"{""moffitt50_z"": 1.4580242284433915, ""stromal_score"": 1.4580242284433922}"	1872.729574238561	Model_3S_122_genus_tests_Moffitt50	False	0.583696486571045	LOW_CURRENT_CONCERN
Ensifer	Model_3S	CLR_genus ~ standardized_Moffitt50_contrast + stromal_score	sensitivity	62	0.36119249253041885	0.1943244198975957	-0.027649773534353883	0.7500347585951916	0.06805851210348261	0.13085882542519434	False	True	1.4580242284433922	"{""moffitt50_z"": 1.4580242284433915, ""stromal_score"": 1.4580242284433922}"	1872.729574238561	Model_3S_122_genus_tests_Moffitt50	False	0.2863151198836165	LOW_CURRENT_CONCERN
Roseomonas	Model_3S	CLR_genus ~ standardized_Moffitt50_contrast + stromal_score	sensitivity	62	-0.00956442828152375	0.1932544788140744	-0.3962657471833436	0.3771368906202961	0.9606948824064283	0.8519751219760769	False	True	1.4580242284433922	"{""moffitt50_z"": 1.4580242284433915, ""stromal_score"": 1.4580242284433922}"	1872.729574238561	Model_3S_122_genus_tests_Moffitt50	False	0.9806006858857135	LOW_CURRENT_CONCERN
Croceicoccus	Model_3S	CLR_genus ~ standardized_Moffitt50_contrast + stromal_score	sensitivity	62	0.22840375761370188	0.24163835062002476	-0.2551134651458399	0.7119209803732437	0.3483966538833465	-5.430722149316078	False	True	1.4580242284433922	"{""moffitt50_z"": 1.4580242284433915, ""stromal_score"": 1.4580242284433922}"	1872.729574238561	Model_3S_122_genus_tests_Moffitt50	False	0.6016075102735631	LOW_CURRENT_CONCERN
Rhodobacter	Model_3S	CLR_genus ~ standardized_Moffitt50_contrast + stromal_score	sensitivity	62	0.24525601709250094	0.24859737762784653	-0.25218618654568364	0.7426982207306856	0.3278874797413244	-0.06300117890999535	False	True	1.4580242284433922	"{""moffitt50_z"": 1.4580242284433915, ""stromal_score"": 1.4580242284433922}"	1872.729574238561	Model_3S_122_genus_tests_Moffitt50	False	0.6016075102735631	LOW_CURRENT_CONCERN
Micrococcus	Model_3S	CLR_genus ~ standardized_Moffitt50_contrast + stromal_score	sensitivity	62	-0.3021824665130657	0.33570001534460914	-0.973916645641789	0.36955171261565767	0.3716966575346884	-4.3809053989441065	False	True	1.4580242284433922	"{""moffitt50_z"": 1.4580242284433915, ""stromal_score"": 1.4580242284433922}"	1872.729574238561	Model_3S_122_genus_tests_Moffitt50	False	0.6193718309312397	LOW_CURRENT_CONCERN
Bradyrhizobium	Model_3S	CLR_genus ~ standardized_Moffitt50_contrast + stromal_score	sensitivity	62	0.10637089120411909	0.1637473724046425	-0.22128684415166883	0.434028626559907	0.5184694368916649	0.2515206763248262	False	True	1.4580242284433922	"{""moffitt50_z"": 1.4580242284433915, ""stromal_score"": 1.4580242284433922}"	1872.729574238561	Model_3S_122_genus_tests_Moffitt50	False	0.7620876060335315	BIOLOGICALLY_PLAUSIBLE_BUT_CONTAMINATION_SENSITIVE
Aquabacterium	Model_3S	CLR_genus ~ standardized_Moffitt50_contrast + stromal_score	sensitivity	62	-0.2379074258923387	0.14816258244821254	-0.5343800685768338	0.05856521679215643	0.11367541728724441	-0.2637432500461796	False	True	1.4580242284433922	"{""moffitt50_z"": 1.4580242284433915, ""stromal_score"": 1.4580242284433922}"	1872.729574238561	Model_3S_122_genus_tests_Moffitt50	False	0.35092596065601256	LOW_CURRENT_CONCERN
Prevotella	Model_3S	CLR_genus ~ standardized_Moffitt50_contrast + stromal_score	sensitivity	62	0.19763452104826304	0.3614273669072031	-0.5255799696476628	0.920849011744189	0.5865669397761063	-2.658164168029902	False	True	1.4580242284433922	"{""moffitt50_z"": 1.4580242284433915, ""stromal_score"": 1.4580242284433922}"	1872.729574238561	Model_3S_122_genus_tests_Moffitt50	False	0.8131950755986928	LOW_CURRENT_CONCERN
Sulfuritalea	Model_3S	CLR_genus ~ standardized_Moffitt50_contrast + stromal_score	sensitivity	62	-0.03148366565013554	0.1484047453396348	-0.32844087516111115	0.26547354386084004	0.8327233296478598	1.6159926402872946	True	False	1.4580242284433922	"{""moffitt50_z"": 1.4580242284433915, ""stromal_score"": 1.4580242284433922}"	1872.729574238561	Model_3S_122_genus_tests_Moffitt50	False	0.9320389561196228	LOW_CURRENT_CONCERN
Escherichia	Model_3S	CLR_genus ~ standardized_Moffitt50_contrast + stromal_score	sensitivity	62	-0.2181689882456255	0.31229355172859696	-0.8430669418613173	0.4067289653700663	0.48754527933896163	0.043960472869841394	False	True	1.4580242284433922	"{""moffitt50_z"": 1.4580242284433915, ""stromal_score"": 1.4580242284433922}"	1872.729574238561	Model_3S_122_genus_tests_Moffitt50	False	0.7253722448701625	LOW_CURRENT_CONCERN
Moraxella	Model_3S	CLR_genus ~ standardized_Moffitt50_contrast + stromal_score	sensitivity	62	-0.2715232584417716	0.19536378799041582	-0.6624452952564098	0.11939877837286661	0.1698013243083243	-100.76525942563431	False	True	1.4580242284433922	"{""moffitt50_z"": 1.4580242284433915, ""stromal_score"": 1.4580242284433922}"	1872.729574238561	Model_3S_122_genus_tests_Moffitt50	False	0.4407608843747992	LOW_CURRENT_CONCERN
Shinella	Model_3S	CLR_genus ~ standardized_Moffitt50_contrast + stromal_score	sensitivity	62	0.0820554930024582	0.1659075054094559	-0.24992465851201728	0.41403564451693364	0.622729236036587	2.757429673805323	True	False	1.4580242284433922	"{""moffitt50_z"": 1.4580242284433915, ""stromal_score"": 1.4580242284433922}"	1872.729574238561	Model_3S_122_genus_tests_Moffitt50	False	0.8384496543610895	LOW_CURRENT_CONCERN
Cutibacterium	Model_3S	CLR_genus ~ standardized_Moffitt50_contrast + stromal_score	sensitivity	62	-0.27341495750976663	0.13301551959397886	-0.5395783974313277	-0.007251517588205525	0.044263990431618876	0.1848863340542628	False	True	1.4580242284433922	"{""moffitt50_z"": 1.4580242284433915, ""stromal_score"": 1.4580242284433922}"	1872.729574238561	Model_3S_122_genus_tests_Moffitt50	False	0.23897317579888408	LOW_CURRENT_CONCERN
Chryseobacterium	Model_3S	CLR_genus ~ standardized_Moffitt50_contrast + stromal_score	sensitivity	62	0.310825635021788	0.1690128037369468	-0.027368204093581983	0.649019474137158	0.07093929735246787	0.1713647176882911	False	True	1.4580242284433922	"{""moffitt50_z"": 1.4580242284433915, ""stromal_score"": 1.4580242284433922}"	1872.729574238561	Model_3S_122_genus_tests_Moffitt50	False	0.288486475900036	LOW_CURRENT_CONCERN
Aminobacter	Model_3S	CLR_genus ~ standardized_Moffitt50_contrast + stromal_score	sensitivity	62	0.01432150266879756	0.1737757070243408	-0.33340288391092926	0.3620458892485244	0.9345966890049395	0.523393141118887	False	True	1.4580242284433922	"{""moffitt50_z"": 1.4580242284433915, ""stromal_score"": 1.4580242284433922}"	1872.729574238561	Model_3S_122_genus_tests_Moffitt50	False	0.9726580110650913	LOW_CURRENT_CONCERN
Sphingopyxis	Model_3S	CLR_genus ~ standardized_Moffitt50_contrast + stromal_score	sensitivity	62	-0.14579072978108287	0.06370459721936303	-0.273263334380003	-0.018318125182162748	0.025703902830539575	0.13764330995356344	False	True	1.4580242284433922	"{""moffitt50_z"": 1.4580242284433915, ""stromal_score"": 1.4580242284433922}"	1872.729574238561	Model_3S_122_genus_tests_Moffitt50	False	0.16782738151251186	MODERATE_RISK_ENVIRONMENTAL
Thiomonas	Model_3S	CLR_genus ~ standardized_Moffitt50_contrast + stromal_score	sensitivity	62	0.02631670600365692	0.2120042870476098	-0.3979028925135086	0.45053630452082244	0.9016320016040582	-5.369726363485836	False	True	1.4580242284433922	"{""moffitt50_z"": 1.4580242284433915, ""stromal_score"": 1.4580242284433922}"	1872.729574238561	Model_3S_122_genus_tests_Moffitt50	False	0.9726580110650913	LOW_CURRENT_CONCERN
Flavobacterium	Model_3S	CLR_genus ~ standardized_Moffitt50_contrast + stromal_score	sensitivity	62	-0.18383313929838602	0.06697618832745837	-0.3178521825835996	-0.04981409601317244	0.008011749130018252	0.0746588304016691	False	True	1.4580242284433922	"{""moffitt50_z"": 1.4580242284433915, ""stromal_score"": 1.4580242284433922}"	1872.729574238561	Model_3S_122_genus_tests_Moffitt50	False	0.08246466547280164	LOW_CURRENT_CONCERN
Verminephrobacter	Model_3S	CLR_genus ~ standardized_Moffitt50_contrast + stromal_score	sensitivity	62	-0.07485491524903591	0.12766730435650775	-0.33031660119939604	0.1806067707013242	0.5598917364805981	12.157164088285423	True	False	1.4580242284433922	"{""moffitt50_z"": 1.4580242284433915, ""stromal_score"": 1.4580242284433922}"	1872.729574238561	Model_3S_122_genus_tests_Moffitt50	False	0.8131760934599163	LOW_CURRENT_CONCERN
Citrobacter	Model_3S	CLR_genus ~ standardized_Moffitt50_contrast + stromal_score	sensitivity	62	-0.5366752866938673	0.3320312302073206	-1.2010682437196774	0.1277176703319427	0.11135598543118694	0.07993482328449442	False	True	1.4580242284433922	"{""moffitt50_z"": 1.4580242284433915, ""stromal_score"": 1.4580242284433922}"	1872.729574238561	Model_3S_122_genus_tests_Moffitt50	False	0.35092596065601256	LOW_CURRENT_CONCERN
Sphingobium	Model_3S	CLR_genus ~ standardized_Moffitt50_contrast + stromal_score	sensitivity	62	-0.35975740173121307	0.09010512539022367	-0.5400573411791144	-0.17945746228331172	0.0001833842567812698	0.10688169075215326	False	True	1.4580242284433922	"{""moffitt50_z"": 1.4580242284433915, ""stromal_score"": 1.4580242284433922}"	1872.729574238561	Model_3S_122_genus_tests_Moffitt50	False	0.011186439663657458	LOW_CURRENT_CONCERN
Methylorubrum	Model_3S	CLR_genus ~ standardized_Moffitt50_contrast + stromal_score	sensitivity	62	0.26991871026173103	0.2691574630419743	-0.2686641292632232	0.8085015497866852	0.3200390045845183	0.48414422218119446	False	True	1.4580242284433922	"{""moffitt50_z"": 1.4580242284433915, ""stromal_score"": 1.4580242284433922}"	1872.729574238561	Model_3S_122_genus_tests_Moffitt50	False	0.6016075102735631	LOW_CURRENT_CONCERN
Ralstonia	Model_3S	CLR_genus ~ standardized_Moffitt50_contrast + stromal_score	sensitivity	62	0.040579925811869186	0.13591129955430056	-0.23137795642625625	0.31253780804999465	0.7663122443545899	-0.293192256970656	False	True	1.4580242284433922	"{""moffitt50_z"": 1.4580242284433915, ""stromal_score"": 1.4580242284433922}"	1872.729574238561	Model_3S_122_genus_tests_Moffitt50	False	0.9214107173690254	HIGH_RISK_POTENTIAL_CONTAMINANT
Erythrobacter	Model_3S	CLR_genus ~ standardized_Moffitt50_contrast + stromal_score	sensitivity	62	-0.24508635051397598	0.06794468173948517	-0.38104334464036416	-0.10912935638758783	0.0006384294086578807	0.03831437014985151	False	True	1.4580242284433922	"{""moffitt50_z"": 1.4580242284433915, ""stromal_score"": 1.4580242284433922}"	1872.729574238561	Model_3S_122_genus_tests_Moffitt50	False	0.01947209696406536	LOW_CURRENT_CONCERN
Xanthobacter	Model_3S	CLR_genus ~ standardized_Moffitt50_contrast + stromal_score	sensitivity	62	-0.007317531188426678	0.20627540683548606	-0.42007366687951125	0.40543860450265795	0.9718210748270628	0.8804213226758314	False	True	1.4580242284433922	"{""moffitt50_z"": 1.4580242284433915, ""stromal_score"": 1.4580242284433922}"	1872.729574238561	Model_3S_122_genus_tests_Moffitt50	False	0.9806006858857135	LOW_CURRENT_CONCERN
Paucibacter	Model_3S	CLR_genus ~ standardized_Moffitt50_contrast + stromal_score	sensitivity	62	0.10328236986230722	0.18453980630765152	-0.26598092963260755	0.472545669357222	0.5778196262960797	0.676335363558257	False	True	1.4580242284433922	"{""moffitt50_z"": 1.4580242284433915, ""stromal_score"": 1.4580242284433922}"	1872.729574238561	Model_3S_122_genus_tests_Moffitt50	False	0.8131950755986928	LOW_CURRENT_CONCERN
Streptomyces	Model_3S	CLR_genus ~ standardized_Moffitt50_contrast + stromal_score	sensitivity	62	0.42936421514406503	0.125330474237499	0.1785785154612189	0.6801499148269112	0.0011216962519861736	0.028847518244058734	False	True	1.4580242284433922	"{""moffitt50_z"": 1.4580242284433915, ""stromal_score"": 1.4580242284433922}"	1872.729574238561	Model_3S_122_genus_tests_Moffitt50	False	0.02280782379038553	LOW_CURRENT_CONCERN
Collimonas	Model_3S	CLR_genus ~ standardized_Moffitt50_contrast + stromal_score	sensitivity	62	0.04957277663565165	0.1953597576413961	-0.34134119546922603	0.4404867487405293	0.8005699675501368	0.7183613940843459	False	True	1.4580242284433922	"{""moffitt50_z"": 1.4580242284433915, ""stromal_score"": 1.4580242284433922}"	1872.729574238561	Model_3S_122_genus_tests_Moffitt50	False	0.9214107173690254	LOW_CURRENT_CONCERN
Bacillus	Model_3S	CLR_genus ~ standardized_Moffitt50_contrast + stromal_score	sensitivity	62	0.06910657458597613	0.2157099464728401	-0.3625280313138444	0.5007411804857966	0.7498212393901085	0.7362529685960476	False	True	1.4580242284433922	"{""moffitt50_z"": 1.4580242284433915, ""stromal_score"": 1.4580242284433922}"	1872.729574238561	Model_3S_122_genus_tests_Moffitt50	False	0.9147819120559323	LOW_CURRENT_CONCERN
Polaromonas	Model_3S	CLR_genus ~ standardized_Moffitt50_contrast + stromal_score	sensitivity	62	0.12263975045067188	0.15634993599232955	-0.19021574883437598	0.43549524973571974	0.43594780334723127	-0.4169328558432459	False	True	1.4580242284433922	"{""moffitt50_z"": 1.4580242284433915, ""stromal_score"": 1.4580242284433922}"	1872.729574238561	Model_3S_122_genus_tests_Moffitt50	False	0.656612740843978	LOW_CURRENT_CONCERN
Ochrobactrum	Model_3S	CLR_genus ~ standardized_Moffitt50_contrast + stromal_score	sensitivity	62	0.576183011245854	0.3509985493347756	-0.12616346368871867	1.2785294861804268	0.10600299879540298	0.3128344168354663	False	True	1.4580242284433922	"{""moffitt50_z"": 1.4580242284433915, ""stromal_score"": 1.4580242284433922}"	1872.729574238561	Model_3S_122_genus_tests_Moffitt50	False	0.35092596065601256	LOW_CURRENT_CONCERN
Fusarium	Model_3S	CLR_genus ~ standardized_Moffitt50_contrast + stromal_score	sensitivity	62	-0.3766972228756145	0.27587484487144015	-0.9287215123941841	0.175327066642955	0.17729079565662575	0.3202619445990911	False	True	1.4580242284433922	"{""moffitt50_z"": 1.4580242284433915, ""stromal_score"": 1.4580242284433922}"	1872.729574238561	Model_3S_122_genus_tests_Moffitt50	False	0.4506141056272571	LOW_CURRENT_CONCERN
Serratia	Model_3S	CLR_genus ~ standardized_Moffitt50_contrast + stromal_score	sensitivity	62	-0.2731869111161917	0.26700084940696783	-0.8074543767251758	0.2610805544927925	0.3104050883574798	0.3511112479372799	False	True	1.4580242284433922	"{""moffitt50_z"": 1.4580242284433915, ""stromal_score"": 1.4580242284433922}"	1872.729574238561	Model_3S_122_genus_tests_Moffitt50	False	0.6016075102735631	LOW_CURRENT_CONCERN
Candidatus Accumulibacter	Model_3S	CLR_genus ~ standardized_Moffitt50_contrast + stromal_score	sensitivity	62	0.05926616397701136	0.1705687089468526	-0.2820410342721236	0.4005733622261463	0.7294806620685843	4.050107052403995	True	False	1.4580242284433922	"{""moffitt50_z"": 1.4580242284433915, ""stromal_score"": 1.4580242284433922}"	1872.729574238561	Model_3S_122_genus_tests_Moffitt50	False	0.9106434100721512	LOW_CURRENT_CONCERN
Methylibium	Model_3S	CLR_genus ~ standardized_Moffitt50_contrast + stromal_score	sensitivity	62	0.33981074037311243	0.17125007869442593	-0.002859875591685934	0.6824813563379108	0.05188039163091136	0.022764348882124197	False	True	1.4580242284433922	"{""moffitt50_z"": 1.4580242284433915, ""stromal_score"": 1.4580242284433922}"	1872.729574238561	Model_3S_122_genus_tests_Moffitt50	False	0.2531763111588474	LOW_CURRENT_CONCERN
Novosphingobium	Model_3S	CLR_genus ~ standardized_Moffitt50_contrast + stromal_score	sensitivity	62	-0.2547760343519035	0.07243608429214073	-0.3997203042272892	-0.10983176447651774	0.0008459110702852472	0.011800437746852577	False	True	1.4580242284433922	"{""moffitt50_z"": 1.4580242284433915, ""stromal_score"": 1.4580242284433922}"	1872.729574238561	Model_3S_122_genus_tests_Moffitt50	False	0.020640230114960034	MODERATE_RISK_ENVIRONMENTAL
Pseudoxanthomonas	Model_3S	CLR_genus ~ standardized_Moffitt50_contrast + stromal_score	sensitivity	62	0.4644833872138535	0.23081756484997637	0.0026185067674618367	0.9263482676602453	0.048756311748915725	-0.9555730235887885	False	True	1.4580242284433922	"{""moffitt50_z"": 1.4580242284433915, ""stromal_score"": 1.4580242284433922}"	1872.729574238561	Model_3S_122_genus_tests_Moffitt50	False	0.24784458472365495	LOW_CURRENT_CONCERN
Burkholderia	Model_3S	CLR_genus ~ standardized_Moffitt50_contrast + stromal_score	sensitivity	62	-0.1176258466098432	0.0732964469363219	-0.26429169815971526	0.029040004940028882	0.11387873466710509	0.3019091081414198	False	True	1.4580242284433922	"{""moffitt50_z"": 1.4580242284433915, ""stromal_score"": 1.4580242284433922}"	1872.729574238561	Model_3S_122_genus_tests_Moffitt50	False	0.35092596065601256	BIOLOGICALLY_PLAUSIBLE_BUT_CONTAMINATION_SENSITIVE
Rhizobacter	Model_3S	CLR_genus ~ standardized_Moffitt50_contrast + stromal_score	sensitivity	62	0.044822607015052106	0.20134654190129286	-0.35807089272349063	0.4477161067535948	0.8246046227641937	0.7066132406528092	False	True	1.4580242284433922	"{""moffitt50_z"": 1.4580242284433915, ""stromal_score"": 1.4580242284433922}"	1872.729574238561	Model_3S_122_genus_tests_Moffitt50	False	0.9314978146039966	LOW_CURRENT_CONCERN
Sphingomonas	Model_3S	CLR_genus ~ standardized_Moffitt50_contrast + stromal_score	sensitivity	62	-0.15524180596999654	0.08108045113277239	-0.3174834139399857	0.006999801999992644	0.06038805051981197	0.20750796168856755	False	True	1.4580242284433922	"{""moffitt50_z"": 1.4580242284433915, ""stromal_score"": 1.4580242284433922}"	1872.729574238561	Model_3S_122_genus_tests_Moffitt50	False	0.27296824776041073	BIOLOGICALLY_PLAUSIBLE_BUT_CONTAMINATION_SENSITIVE
Diaphorobacter	Model_3S	CLR_genus ~ standardized_Moffitt50_contrast + stromal_score	sensitivity	62	0.08524226760227832	0.3255955892195019	-0.5662730015518711	0.7367575367564276	0.7943843121112514	-0.8759929127713519	False	True	1.4580242284433922	"{""moffitt50_z"": 1.4580242284433915, ""stromal_score"": 1.4580242284433922}"	1872.729574238561	Model_3S_122_genus_tests_Moffitt50	False	0.9214107173690254	LOW_CURRENT_CONCERN
Fusobacterium	Model_3S	CLR_genus ~ standardized_Moffitt50_contrast + stromal_score	sensitivity	62	0.336553891019393	0.35847019334689756	-0.3807433090501567	1.0538510910889427	0.35162961425502026	0.2300544724429867	False	True	1.4580242284433922	"{""moffitt50_z"": 1.4580242284433915, ""stromal_score"": 1.4580242284433922}"	1872.729574238561	Model_3S_122_genus_tests_Moffitt50	False	0.6016075102735631	LOW_CURRENT_CONCERN
Sphingobacterium	Model_3S	CLR_genus ~ standardized_Moffitt50_contrast + stromal_score	sensitivity	62	-0.07784598620515028	0.19335008076035393	-0.4647386041596117	0.3090466317493112	0.6886852725705914	0.33759078703449774	False	True	1.4580242284433922	"{""moffitt50_z"": 1.4580242284433915, ""stromal_score"": 1.4580242284433922}"	1872.729574238561	Model_3S_122_genus_tests_Moffitt50	False	0.8837657693921324	LOW_CURRENT_CONCERN
Alicycliphilus	Model_3S	CLR_genus ~ standardized_Moffitt50_contrast + stromal_score	sensitivity	62	0.0390231167517009	0.11318907670378081	-0.1874677025826429	0.2655139360860447	0.7315004441563182	2.1425361042558633	True	False	1.4580242284433922	"{""moffitt50_z"": 1.4580242284433915, ""stromal_score"": 1.4580242284433922}"	1872.729574238561	Model_3S_122_genus_tests_Moffitt50	False	0.9106434100721512	LOW_CURRENT_CONCERN
Devosia	Model_3S	CLR_genus ~ standardized_Moffitt50_contrast + stromal_score	sensitivity	62	-0.25903914841782066	0.22407289519136936	-0.7074079760506076	0.18932967921496618	0.2523211703483354	0.17939739567099378	False	True	1.4580242284433922	"{""moffitt50_z"": 1.4580242284433915, ""stromal_score"": 1.4580242284433922}"	1872.729574238561	Model_3S_122_genus_tests_Moffitt50	False	0.5700589404166096	LOW_CURRENT_CONCERN
Ottowia	Model_3S	CLR_genus ~ standardized_Moffitt50_contrast + stromal_score	sensitivity	62	-0.02224210771917687	0.17717299687536853	-0.37676445558883637	0.3322802401504826	0.9005237109662589	1.4047111505923038	True	False	1.4580242284433922	"{""moffitt50_z"": 1.4580242284433915, ""stromal_score"": 1.4580242284433922}"	1872.729574238561	Model_3S_122_genus_tests_Moffitt50	False	0.9726580110650913	LOW_CURRENT_CONCERN
Thauera	Model_3S	CLR_genus ~ standardized_Moffitt50_contrast + stromal_score	sensitivity	62	0.06661436335323596	0.16931821335079644	-0.2721905989878709	0.4054193256943428	0.6954222447675795	1.7445503688437451	True	False	1.4580242284433922	"{""moffitt50_z"": 1.4580242284433915, ""stromal_score"": 1.4580242284433922}"	1872.729574238561	Model_3S_122_genus_tests_Moffitt50	False	0.8837657693921324	LOW_CURRENT_CONCERN
Phreatobacter	Model_3S	CLR_genus ~ standardized_Moffitt50_contrast + stromal_score	sensitivity	62	-0.34573256552791987	0.15153057424616337	-0.6489445442335537	-0.04252058682228593	0.026137051219161683	-0.45798115014128027	False	True	1.4580242284433922	"{""moffitt50_z"": 1.4580242284433915, ""stromal_score"": 1.4580242284433922}"	1872.729574238561	Model_3S_122_genus_tests_Moffitt50	False	0.16782738151251186	LOW_CURRENT_CONCERN
Dickeya	Model_3S	CLR_genus ~ standardized_Moffitt50_contrast + stromal_score	sensitivity	62	0.2094823106421263	0.21877359293303586	-0.22828263766464252	0.6472472589488951	0.3422070886052345	-0.08699588973486705	False	True	1.4580242284433922	"{""moffitt50_z"": 1.4580242284433915, ""stromal_score"": 1.4580242284433922}"	1872.729574238561	Model_3S_122_genus_tests_Moffitt50	False	0.6016075102735631	LOW_CURRENT_CONCERN
Rhizobium	Model_3S	CLR_genus ~ standardized_Moffitt50_contrast + stromal_score	sensitivity	62	-0.29445951174035795	0.12386504896597053	-0.5423129022279419	-0.046606121252774	0.020702719638045278	0.03598245488407137	False	True	1.4580242284433922	"{""moffitt50_z"": 1.4580242284433915, ""stromal_score"": 1.4580242284433922}"	1872.729574238561	Model_3S_122_genus_tests_Moffitt50	False	0.15894934911734881	BIOLOGICALLY_PLAUSIBLE_BUT_CONTAMINATION_SENSITIVE
Sinorhizobium	Model_3S	CLR_genus ~ standardized_Moffitt50_contrast + stromal_score	sensitivity	62	0.1865572953798519	0.22193054441711815	-0.25752469825541446	0.6306392890151182	0.40395967167155233	0.26043354660147433	False	True	1.4580242284433922	"{""moffitt50_z"": 1.4580242284433915, ""stromal_score"": 1.4580242284433922}"	1872.729574238561	Model_3S_122_genus_tests_Moffitt50	False	0.6400399992718102	LOW_CURRENT_CONCERN
Stenotrophomonas	Model_3S	CLR_genus ~ standardized_Moffitt50_contrast + stromal_score	sensitivity	62	-0.008426728270294044	0.08614007821694689	-0.18079262665056658	0.16393917010997852	0.9224021470862107	0.8339306578863265	False	True	1.4580242284433922	"{""moffitt50_z"": 1.4580242284433915, ""stromal_score"": 1.4580242284433922}"	1872.729574238561	Model_3S_122_genus_tests_Moffitt50	False	0.9726580110650913	BIOLOGICALLY_PLAUSIBLE_BUT_CONTAMINATION_SENSITIVE
Corynebacterium	Model_3S	CLR_genus ~ standardized_Moffitt50_contrast + stromal_score	sensitivity	62	0.1797000207472688	0.2251326718433939	-0.270789415068025	0.6301894565625625	0.42795788425544357	0.08241146657185383	False	True	1.4580242284433922	"{""moffitt50_z"": 1.4580242284433915, ""stromal_score"": 1.4580242284433922}"	1872.729574238561	Model_3S_122_genus_tests_Moffitt50	False	0.6526357734895515	LOW_CURRENT_CONCERN
Leptothrix	Model_3S	CLR_genus ~ standardized_Moffitt50_contrast + stromal_score	sensitivity	62	0.24415176252972573	0.17464398800042655	-0.10531005027003063	0.5936135753294821	0.16734781808952726	-1.1945017319941038	False	True	1.4580242284433922	"{""moffitt50_z"": 1.4580242284433915, ""stromal_score"": 1.4580242284433922}"	1872.729574238561	Model_3S_122_genus_tests_Moffitt50	False	0.4407608843747992	LOW_CURRENT_CONCERN
Altererythrobacter	Model_3S	CLR_genus ~ standardized_Moffitt50_contrast + stromal_score	sensitivity	62	-0.025266657802938644	0.14581558789960755	-0.31704297524327685	0.2665096596373996	0.863025900786236	2.136604947628893	True	False	1.4580242284433922	"{""moffitt50_z"": 1.4580242284433915, ""stromal_score"": 1.4580242284433922}"	1872.729574238561	Model_3S_122_genus_tests_Moffitt50	False	0.9485509900533404	LOW_CURRENT_CONCERN
Roseolovirus	Model_3S	CLR_genus ~ standardized_Moffitt50_contrast + stromal_score	sensitivity	62	-0.9201096997619619	0.27774543058123163	-1.475877022640142	-0.3643423768837817	0.0015813745683028488	0.018023660402540997	False	True	1.4580242284433922	"{""moffitt50_z"": 1.4580242284433915, ""stromal_score"": 1.4580242284433922}"	1872.729574238561	Model_3S_122_genus_tests_Moffitt50	False	0.027561099618992505	LOW_CURRENT_CONCERN
Janibacter	Model_3S	CLR_genus ~ standardized_Moffitt50_contrast + stromal_score	sensitivity	62	0.17713341963180038	0.18508240583609223	-0.19321561901167714	0.5474824582752779	0.3424465183610472	0.33586230192881517	False	True	1.4580242284433922	"{""moffitt50_z"": 1.4580242284433915, ""stromal_score"": 1.4580242284433922}"	1872.729574238561	Model_3S_122_genus_tests_Moffitt50	False	0.6016075102735631	LOW_CURRENT_CONCERN
Lactobacillus	Model_3S	CLR_genus ~ standardized_Moffitt50_contrast + stromal_score	sensitivity	62	0.3096227383995119	0.241786962433175	-0.17419185591127284	0.7934373327102966	0.205359618026539	-1.1604471320949123	False	True	1.4580242284433922	"{""moffitt50_z"": 1.4580242284433915, ""stromal_score"": 1.4580242284433922}"	1872.729574238561	Model_3S_122_genus_tests_Moffitt50	False	0.5035249491259554	LOW_CURRENT_CONCERN
Acinetobacter	Model_3S	CLR_genus ~ standardized_Moffitt50_contrast + stromal_score	sensitivity	62	-0.09167884488645354	0.0836228801015499	-0.2590078414720843	0.07565015169917717	0.27738624259728706	0.12405722067068004	False	True	1.4580242284433922	"{""moffitt50_z"": 1.4580242284433915, ""stromal_score"": 1.4580242284433922}"	1872.729574238561	Model_3S_122_genus_tests_Moffitt50	False	0.583696486571045	BIOLOGICALLY_PLAUSIBLE_BUT_CONTAMINATION_SENSITIVE
Janthinobacterium	Model_3S	CLR_genus ~ standardized_Moffitt50_contrast + stromal_score	sensitivity	62	0.07514667991001407	0.153116132565144	-0.23123799366358955	0.38153135348361766	0.6254009716955669	2.040039409332161	True	False	1.4580242284433922	"{""moffitt50_z"": 1.4580242284433915, ""stromal_score"": 1.4580242284433922}"	1872.729574238561	Model_3S_122_genus_tests_Moffitt50	False	0.8384496543610895	LOW_CURRENT_CONCERN
Paracoccus	Model_3S	CLR_genus ~ standardized_Moffitt50_contrast + stromal_score	sensitivity	62	0.2201580780319442	0.24929874580015304	-0.2786875600773639	0.7190037161412524	0.3807613714741228	0.2820662022462681	False	True	1.4580242284433922	"{""moffitt50_z"": 1.4580242284433915, ""stromal_score"": 1.4580242284433922}"	1872.729574238561	Model_3S_122_genus_tests_Moffitt50	False	0.6193718309312397	LOW_CURRENT_CONCERN
Delftia	Model_3S	CLR_genus ~ standardized_Moffitt50_contrast + stromal_score	sensitivity	62	-0.01297424069671089	0.17386521368290753	-0.36087772968653786	0.3349292482931161	0.9407675844727932	0.19465639191893114	False	True	1.4580242284433922	"{""moffitt50_z"": 1.4580242284433915, ""stromal_score"": 1.4580242284433922}"	1872.729574238561	Model_3S_122_genus_tests_Moffitt50	False	0.9726580110650913	HIGH_RISK_POTENTIAL_CONTAMINANT
Sphingorhabdus	Model_3S	CLR_genus ~ standardized_Moffitt50_contrast + stromal_score	sensitivity	62	0.28479884322653204	0.13897871224012354	0.006703082381385506	0.5628946040716786	0.044894888519767535	-0.2278792754920409	False	True	1.4580242284433922	"{""moffitt50_z"": 1.4580242284433915, ""stromal_score"": 1.4580242284433922}"	1872.729574238561	Model_3S_122_genus_tests_Moffitt50	False	0.23897317579888408	LOW_CURRENT_CONCERN
Klebsiella	Model_3S	CLR_genus ~ standardized_Moffitt50_contrast + stromal_score	sensitivity	62	-0.6030881519923167	0.21940099681774886	-1.0421085325725907	-0.16406777141204254	0.007924920155189323	0.14185152690227232	False	True	1.4580242284433922	"{""moffitt50_z"": 1.4580242284433915, ""stromal_score"": 1.4580242284433922}"	1872.729574238561	Model_3S_122_genus_tests_Moffitt50	False	0.08246466547280164	LOW_CURRENT_CONCERN
Brachybacterium	Model_3S	CLR_genus ~ standardized_Moffitt50_contrast + stromal_score	sensitivity	62	0.16936082123397556	0.15764812309197002	-0.1460923444373467	0.4848139869052978	0.2870638458546123	0.040654320632762087	False	True	1.4580242284433922	"{""moffitt50_z"": 1.4580242284433915, ""stromal_score"": 1.4580242284433922}"	1872.729574238561	Model_3S_122_genus_tests_Moffitt50	False	0.583696486571045	LOW_CURRENT_CONCERN
Herbaspirillum	Model_3S	CLR_genus ~ standardized_Moffitt50_contrast + stromal_score	sensitivity	62	0.344793940557188	0.15538770163049853	0.033863867782801704	0.6557240133315743	0.030350729174584302	0.05954474875026461	False	True	1.4580242284433922	"{""moffitt50_z"": 1.4580242284433915, ""stromal_score"": 1.4580242284433922}"	1872.729574238561	Model_3S_122_genus_tests_Moffitt50	False	0.18513944796496426	MODERATE_RISK_ENVIRONMENTAL
Melaminivora	Model_3S	CLR_genus ~ standardized_Moffitt50_contrast + stromal_score	sensitivity	62	0.0984396335793841	0.17910725365733832	-0.25995315317103285	0.456832420329801	0.584659511244716	-6.296524521658183	False	True	1.4580242284433922	"{""moffitt50_z"": 1.4580242284433915, ""stromal_score"": 1.4580242284433922}"	1872.729574238561	Model_3S_122_genus_tests_Moffitt50	False	0.8131950755986928	LOW_CURRENT_CONCERN
