genus	analysis_role	model	formula	n	coefficient	robust_se_HC3	ci_lower	ci_upper	t_statistic_HC3	p_value	r_squared	adjusted_r_squared	partial_r_squared	cohens_f2	residual_shapiro_p	residual_breusch_pagan_p	max_abs_studentized_residual	max_cooks_distance	max_leverage	residual_sum_squares	total_sum_squares	multiple_testing_family	coefficient_interpretation	bh_q_value	rank_by_p	host_outcome	contamination_risk_category
Lysobacter	secondary_or_sensitivity	Model_0	CLR_genus ~ standardized_Moffitt50_contrast	62	0.33586247024925187	0.22831162522029255	-0.12082877641943529	0.7925537169179391	1.4710703842837	0.14649753539598856	0.0338951608108321	0.01779341349101271	0.0338951608108321	0.035084350513428356	0.14940724653543622	0.15443924198190837	2.502448117087328	0.1306617461189527	0.0962465394761378	196.12788703624668	203.00890657048438	122_genus_tests_coactivation_score	relative_compositional_CLR_association_not_absolute_load	0.9794057682634961	9	coactivation_score	LOW_CURRENT_CONCERN
Brevundimonas	secondary_or_sensitivity	Model_0	CLR_genus ~ standardized_Moffitt50_contrast	62	0.021265635352831568	0.07352286333921562	-0.1258019880528535	0.16833325875851665	0.2892383999616199	0.7733960233304068	0.0013859980719286291	-0.015257568626872553	0.0013859980719286291	0.0013879217287686904	0.12255944384587428	0.7503626686882092	2.0153703426249	0.139569897212873	0.0962465394761378	19.87566120821719	19.903247070281722	122_genus_tests_coactivation_score	relative_compositional_CLR_association_not_absolute_load	0.9794057682634961	92	coactivation_score	HIGH_RISK_POTENTIAL_CONTAMINANT
Paraburkholderia	secondary_or_sensitivity	Model_0	CLR_genus ~ standardized_Moffitt50_contrast	62	0.0010540897491011522	0.16818055900259093	-0.3353571161289222	0.3374652956271245	0.006267607595982085	0.9950199982847396	4.651798725108236e-07	-0.016666193733796186	4.651798725108236e-07	4.6518008890323807e-07	2.3938167934242696e-07	0.6276143543707327	4.598522603234244	0.20452547250515196	0.0962465394761378	145.70145789723418	145.70152567465135	122_genus_tests_coactivation_score	relative_compositional_CLR_association_not_absolute_load	0.9993638783752645	120	coactivation_score	MODERATE_RISK_ENVIRONMENTAL
Aerococcus	secondary_or_sensitivity	Model_0	CLR_genus ~ standardized_Moffitt50_contrast	62	-0.10457113308766108	0.11911285176027396	-0.3428323110376445	0.13369004486232233	-0.8779164594104465	0.3834910889033354	0.010208732267602438	-0.006287788861270904	0.010208732267602438	0.010314025391424748	0.002342518732228571	0.24420405635512843	2.566729085618473	0.10204835954604727	0.0962465394761378	64.67333645930923	65.3403788936987	122_genus_tests_coactivation_score	relative_compositional_CLR_association_not_absolute_load	0.9794057682634961	41	coactivation_score	LOW_CURRENT_CONCERN
Acidovorax	secondary_or_sensitivity	Model_0	CLR_genus ~ standardized_Moffitt50_contrast	62	0.07311810710093478	0.07413674519440626	-0.07517746284266222	0.22141367704453177	0.9862600105952811	0.32796613365117977	0.014130290306663462	-0.0023008715215586673	0.014130290306663462	0.014332817174247918	0.00657589197183988	0.4784560454084701	2.7813242705049346	0.09916900361135453	0.0962465394761378	22.753497011976208	23.079618724723662	122_genus_tests_coactivation_score	relative_compositional_CLR_association_not_absolute_load	0.9794057682634961	33	coactivation_score	LOW_CURRENT_CONCERN
Cupriavidus	secondary_or_sensitivity	Model_0	CLR_genus ~ standardized_Moffitt50_contrast	62	-0.08966720107371423	0.11566415145754061	-0.3210299513193602	0.14169554917193175	-0.7752376163554042	0.44124401434071137	0.013492264497357298	-0.0029495310943532527	0.013492264497357298	0.01367679543889512	8.275587746892964e-06	0.2030730304528583	6.037707134513586	0.4988803410057617	0.0962465394761378	35.86020029642577	36.35065292027778	122_genus_tests_coactivation_score	relative_compositional_CLR_association_not_absolute_load	0.9794057682634961	50	coactivation_score	BIOLOGICALLY_PLAUSIBLE_BUT_CONTAMINATION_SENSITIVE
Staphylococcus	secondary_or_sensitivity	Model_0	CLR_genus ~ standardized_Moffitt50_contrast	62	0.12205523838009948	0.21157312832133773	-0.30115402939781594	0.5452645061580149	0.5768938586318094	0.5661694121699294	0.0064567616687557505	-0.010102292303431515	0.0064567616687557505	0.006498722370251878	0.07851286621463675	0.7827828985273291	2.2549144309972013	0.1407380792794722	0.0962465394761378	139.83461708369668	140.7433634378741	122_genus_tests_coactivation_score	relative_compositional_CLR_association_not_absolute_load	0.9794057682634961	62	coactivation_score	LOW_CURRENT_CONCERN
Luteimonas	secondary_or_sensitivity	Model_0	CLR_genus ~ standardized_Moffitt50_contrast	62	-0.0842630701988771	0.14307469305709847	-0.3704550671063499	0.20192892670859572	-0.5889446162589304	0.558109328150376	0.006233275785813008	-0.010329502951090141	0.006233275785813008	0.0062723732179118	4.0218501843328595e-06	0.09111958876777969	3.907766277185544	0.27997569050148124	0.0962465394761378	69.05140206308972	69.48451822804951	122_genus_tests_coactivation_score	relative_compositional_CLR_association_not_absolute_load	0.9794057682634961	60	coactivation_score	LOW_CURRENT_CONCERN
Rhodopseudomonas	secondary_or_sensitivity	Model_0	CLR_genus ~ standardized_Moffitt50_contrast	62	-0.09114293043231429	0.21664259551240456	-0.5244926423912935	0.34220678152666484	-0.42070641840651146	0.6754725585594664	0.003253557169684229	-0.013358883544154265	0.003253557169684229	0.0032641773573282855	3.648511024348666e-05	0.17371703693800405	1.7781818462984373	0.15183983004237483	0.0962465394761378	155.23943841395445	155.7461674737896	122_genus_tests_coactivation_score	relative_compositional_CLR_association_not_absolute_load	0.9794057682634961	78	coactivation_score	LOW_CURRENT_CONCERN
Rhodoferax	secondary_or_sensitivity	Model_0	CLR_genus ~ standardized_Moffitt50_contrast	62	0.20472644454048458	0.17511414766043326	-0.1455540036285636	0.5550068927095327	1.1691028239332952	0.24698596759600994	0.02950544367349639	0.013330534401388094	0.02950544367349639	0.030402482405650785	0.0006719256041746772	0.5810231016623972	2.8024954332815186	0.15997159284141266	0.0962465394761378	84.09471005138097	86.65139799412643	122_genus_tests_coactivation_score	relative_compositional_CLR_association_not_absolute_load	0.9794057682634961	22	coactivation_score	LOW_CURRENT_CONCERN
Blastomonas	secondary_or_sensitivity	Model_0	CLR_genus ~ standardized_Moffitt50_contrast	62	-0.014401482065796486	0.060584732074151555	-0.13558898968103933	0.10678602554944636	-0.23770810850776827	0.8129173585013154	0.0012079931168715863	-0.015438540331180528	0.0012079931168715863	0.001209454129134753	0.09276978302856868	0.09704591623673155	3.5369178480128896	0.37908123153858886	0.0962465394761378	10.46055697558866	10.473208539415834	122_genus_tests_coactivation_score	relative_compositional_CLR_association_not_absolute_load	0.9794057682634961	97	coactivation_score	LOW_CURRENT_CONCERN
Aeromonas	secondary_or_sensitivity	Model_0	CLR_genus ~ standardized_Moffitt50_contrast	62	-0.17866582522888422	0.17098591632894922	-0.5206885812567938	0.16335693079902538	-1.044915447218238	0.3002536548276276	0.01916845707847392	0.0028212646964485	0.01916845707847392	0.019543067529596714	0.0011746678731310658	0.4945732443864841	4.284269941535295	0.19271333721797362	0.0962465394761378	99.63687125569491	101.58408135908273	122_genus_tests_coactivation_score	relative_compositional_CLR_association_not_absolute_load	0.9794057682634961	30	coactivation_score	LOW_CURRENT_CONCERN
Achromobacter	secondary_or_sensitivity	Model_0	CLR_genus ~ standardized_Moffitt50_contrast	62	-0.030654197166617714	0.13630112949198342	-0.30329704962751575	0.24198865529428032	-0.22490053663436918	0.8228208522174811	0.0009434329311093226	-0.015707509853372104	0.0009434329311093226	0.0009443238373150771	0.008667671153195387	0.4184135668957313	4.5593497223813095	0.29803804385069343	0.0962465394761378	60.70001177001144	60.75733223805118	122_genus_tests_coactivation_score	relative_compositional_CLR_association_not_absolute_load	0.9794057682634961	98	coactivation_score	LOW_CURRENT_CONCERN
Azoarcus	secondary_or_sensitivity	Model_0	CLR_genus ~ standardized_Moffitt50_contrast	62	-0.056482904766636866	0.07922181617012765	-0.2149501311077573	0.10198432157448356	-0.7129715966791355	0.4786271559984653	0.009386384379272417	-0.007123842547739567	0.009386384379272417	0.009475323406887379	0.177835187829725	0.7274833305182595	2.6962754991335736	0.2377168860060595	0.0962465394761378	20.5385528310341	20.73316226141759	122_genus_tests_coactivation_score	relative_compositional_CLR_association_not_absolute_load	0.9794057682634961	54	coactivation_score	LOW_CURRENT_CONCERN
Enterobacter	secondary_or_sensitivity	Model_0	CLR_genus ~ standardized_Moffitt50_contrast	62	0.03348505436901389	0.2414842278630552	-0.4495553206762507	0.5165254294142785	0.1386635254208119	0.8901803975991585	0.00035310715490088906	-0.016307674392517457	0.00035310715490088906	0.00035323188360632956	0.006598276753348779	0.2813213855835408	2.1906157960553165	0.15406180066818778	0.0962465394761378	193.62969201290642	193.6980881937383	122_genus_tests_coactivation_score	relative_compositional_CLR_association_not_absolute_load	0.9891532463827728	109	coactivation_score	LOW_CURRENT_CONCERN
Methyloversatilis	secondary_or_sensitivity	Model_0	CLR_genus ~ standardized_Moffitt50_contrast	62	-0.01344651308855441	0.0638586539213716	-0.1411828394442364	0.11428981326712759	-0.21056681064888935	0.8339387875911666	0.0009836424220243112	-0.015666630204275167	0.0009836424220243112	0.0009846109271013969	0.2832561451517426	0.0438929051588928	3.796726676866987	0.4254817162218878	0.0962465394761378	11.201715586425435	11.212744917994113	122_genus_tests_coactivation_score	relative_compositional_CLR_association_not_absolute_load	0.9794057682634961	102	coactivation_score	LOW_CURRENT_CONCERN
Mycobacterium	secondary_or_sensitivity	Model_0	CLR_genus ~ standardized_Moffitt50_contrast	62	0.29288568749858557	0.18674533533940033	-0.08066060005213954	0.6664319750493106	1.5683694961712455	0.12205417694934485	0.04138638189736554	0.0254094882623217	0.04138638189736554	0.04317316290507203	0.00047889158444375295	0.1524444331609929	2.7754867612987786	0.15479525929432575	0.0962465394761378	121.20269237484776	126.4353959572804	122_genus_tests_coactivation_score	relative_compositional_CLR_association_not_absolute_load	0.9794057682634961	7	coactivation_score	LOW_CURRENT_CONCERN
Rubrivivax	secondary_or_sensitivity	Model_0	CLR_genus ~ standardized_Moffitt50_contrast	62	0.05092700027446619	0.1611069373667551	-0.27133485565164184	0.3731888562005742	0.3161068114561225	0.7530184975794743	0.001835459727647537	-0.014800615943558304	0.001835459727647537	0.0018388348349328517	1.8996113654657582e-06	0.5018079151587402	1.6226133163127519	0.07050977033004838	0.0962465394761378	86.03661284241336	86.19481996318764	122_genus_tests_coactivation_score	relative_compositional_CLR_association_not_absolute_load	0.9794057682634961	89	coactivation_score	LOW_CURRENT_CONCERN
Mesorhizobium	secondary_or_sensitivity	Model_0	CLR_genus ~ standardized_Moffitt50_contrast	62	-0.09275191043086198	0.1796512160807532	-0.45210784667940584	0.26660402581768183	-0.5162887981185165	0.607550344983252	0.0053762836056033825	-0.011200778334303108	0.0053762836056033825	0.0054053442693815	0.003493861199199176	0.19564234830003477	2.1255513380514652	0.1263588535528664	0.0962465394761378	97.0850151350456	97.60979306524861	122_genus_tests_coactivation_score	relative_compositional_CLR_association_not_absolute_load	0.9794057682634961	69	coactivation_score	MODERATE_RISK_ENVIRONMENTAL
Nocardioides	secondary_or_sensitivity	Model_0	CLR_genus ~ standardized_Moffitt50_contrast	62	-0.15422854627337407	0.19094972876447505	-0.5361848728351672	0.22772778028841906	-0.8076918845148278	0.42245859274730446	0.01118356154494271	-0.005296712429308181	0.01118356154494271	0.011310048164668548	9.681124757249571e-06	0.4500876258437101	1.804044890218317	0.07372899987838533	0.0962465394761378	128.29062197578975	129.74159508941125	122_genus_tests_coactivation_score	relative_compositional_CLR_association_not_absolute_load	0.9794057682634961	45	coactivation_score	LOW_CURRENT_CONCERN
Comamonas	secondary_or_sensitivity	Model_0	CLR_genus ~ standardized_Moffitt50_contrast	62	-0.04209040539808752	0.07526213049395998	-0.1926370811053087	0.10845627030913364	-0.5592507828550695	0.578072217908999	0.007384178414120424	-0.009159418612310954	0.007384178414120424	0.00743911013056682	0.1091983725108514	0.17481121690276485	4.114851013040636	0.4832047840254995	0.0962465394761378	14.526970823708396	14.635038559529495	122_genus_tests_coactivation_score	relative_compositional_CLR_association_not_absolute_load	0.9794057682634961	63	coactivation_score	HIGH_RISK_POTENTIAL_CONTAMINANT
Dechloromonas	secondary_or_sensitivity	Model_0	CLR_genus ~ standardized_Moffitt50_contrast	62	0.075777683754892	0.11048221260621136	-0.145219645492629	0.296775013002413	0.6858813013184689	0.4954297884514328	0.008896241233442015	-0.007622154746000476	0.008896241233442015	0.008976094737561592	0.0009487080874020506	0.726123699168705	2.9564564735157712	0.24426610963657727	0.0962465394761378	39.02339591012374	39.373673608794384	122_genus_tests_coactivation_score	relative_compositional_CLR_association_not_absolute_load	0.9794057682634961	56	coactivation_score	MODERATE_RISK_ENVIRONMENTAL
Chelatococcus	secondary_or_sensitivity	Model_0	CLR_genus ~ standardized_Moffitt50_contrast	62	-0.14728660735331883	0.11315361637097046	-0.37362753973320817	0.0790543250265705	-1.30165179052205	0.19801107126407078	0.027816534602824516	0.011613476846204951	0.027816534602824516	0.02861243334503777	0.02935131335373578	0.26845773003546863	2.3157565576272425	0.18055070404162535	0.0962465394761378	46.248916024969546	47.57221005201423	122_genus_tests_coactivation_score	relative_compositional_CLR_association_not_absolute_load	0.9794057682634961	15	coactivation_score	LOW_CURRENT_CONCERN
Bordetella	secondary_or_sensitivity	Model_0	CLR_genus ~ standardized_Moffitt50_contrast	62	0.155223775967452	0.16732110788687526	-0.1794682717156776	0.4899158236505816	0.9276999054560277	0.35728022429021056	0.018180234230111725	0.0018165714672803146	0.018180234230111725	0.01851687536139161	6.420416527766866e-07	0.2435140992824272	2.704513570075559	0.21923945495680475	0.0962465394761378	79.37406443992873	80.84382409808995	122_genus_tests_coactivation_score	relative_compositional_CLR_association_not_absolute_load	0.9794057682634961	38	coactivation_score	LOW_CURRENT_CONCERN
Kocuria	secondary_or_sensitivity	Model_0	CLR_genus ~ standardized_Moffitt50_contrast	62	0.0542016622446843	0.2582087588727156	-0.46229275575341394	0.5706960802427825	0.20991411167195567	0.8344458822037889	0.0010477491711304854	-0.015601455009350618	0.0010477491711304854	0.001048848100858802	0.0020530253544031566	0.1822837262754107	2.3051350306108125	0.23816175476708382	0.0962465394761378	170.8608057245133	171.0400127561086	122_genus_tests_coactivation_score	relative_compositional_CLR_association_not_absolute_load	0.9794057682634961	103	coactivation_score	LOW_CURRENT_CONCERN
Bosea	secondary_or_sensitivity	Model_0	CLR_genus ~ standardized_Moffitt50_contrast	62	-0.0733353075574851	0.2143151694715882	-0.50202947427612	0.35535885916114984	-0.3421843994445161	0.7334078753787965	0.002890665863595432	-0.013727823038677922	0.002890665863595432	0.002899046037011613	0.10992272539095108	0.11725157197361773	3.408924248640623	0.4743344936102709	0.0962465394761378	113.16208960440126	113.49015171180886	122_genus_tests_coactivation_score	relative_compositional_CLR_association_not_absolute_load	0.9794057682634961	86	coactivation_score	LOW_CURRENT_CONCERN
Phenylobacterium	secondary_or_sensitivity	Model_0	CLR_genus ~ standardized_Moffitt50_contrast	62	0.15838109408778694	0.20012405415505757	-0.2419266155712385	0.5586888037468124	0.7914145791043795	0.4318196594766206	0.016400180050769375	6.849718282242456e-06	0.016400180050769375	0.01667363059462118	0.08886033697586701	0.05358845090353894	2.18225661401684	0.23861868576992504	0.0962465394761378	91.77118445485759	93.30134328368868	122_genus_tests_coactivation_score	relative_compositional_CLR_association_not_absolute_load	0.9794057682634961	48	coactivation_score	LOW_CURRENT_CONCERN
Xanthomonas	secondary_or_sensitivity	Model_0	CLR_genus ~ standardized_Moffitt50_contrast	62	0.04431586867284415	0.23507031100238884	-0.425894762445449	0.5145264997911373	0.1885217596551093	0.8511038579936697	0.0008166180055243499	-0.015836438361050087	0.0008166180055243499	0.0008172854155103081	0.13536050463849997	0.7518515597213755	2.2371392309688405	0.10144269261343779	0.0962465394761378	146.5799669448389	146.69976461402885	122_genus_tests_coactivation_score	relative_compositional_CLR_association_not_absolute_load	0.9794057682634961	106	coactivation_score	LOW_CURRENT_CONCERN
Azospira	secondary_or_sensitivity	Model_0	CLR_genus ~ standardized_Moffitt50_contrast	62	-0.09638933721655558	0.1975042111186549	-0.49145658055584557	0.2986779061227344	-0.4880368710652332	0.6273024983031175	0.005775201069290303	-0.010795212246221375	0.005775201069290303	0.005808747755539332	0.0015597585615269702	0.8757312009344744	2.219965669107464	0.12523113676337924	0.0962465394761378	97.567528824331	98.13427398840284	122_genus_tests_coactivation_score	relative_compositional_CLR_association_not_absolute_load	0.9794057682634961	72	coactivation_score	LOW_CURRENT_CONCERN
Deinococcus	secondary_or_sensitivity	Model_0	CLR_genus ~ standardized_Moffitt50_contrast	62	-0.014589723284113953	0.13804600164855263	-0.2907228397194907	0.2615433931512628	-0.10568740209700178	0.916182924928306	0.00017508669197185966	-0.01648866186316189	0.00017508669197185966	0.000175117352689849	0.0025299825891335185	0.018977894472578263	2.247418013058377	0.1281017808451941	0.0962465394761378	74.14720104261409	74.16018550417002	122_genus_tests_coactivation_score	relative_compositional_CLR_association_not_absolute_load	0.9891532463827728	113	coactivation_score	LOW_CURRENT_CONCERN
Hydrogenophaga	secondary_or_sensitivity	Model_0	CLR_genus ~ standardized_Moffitt50_contrast	62	8.008634124133882e-05	0.1000342755927136	-0.20001825725363792	0.20017842993612062	0.000800589005786455	0.9993638783752645	1.2393782111708163e-08	-0.016666654066321396	1.2393782111708163e-08	1.2393782265314e-08	0.0007176992029317507	0.29241625872686783	4.861890505234637	0.3736600552101209	0.0962465394761378	31.567694213858946	31.567694605102083	122_genus_tests_coactivation_score	relative_compositional_CLR_association_not_absolute_load	0.9993638783752645	122	coactivation_score	LOW_CURRENT_CONCERN
Porphyrobacter	secondary_or_sensitivity	Model_0	CLR_genus ~ standardized_Moffitt50_contrast	62	-0.01712113359197639	0.08649849146669049	-0.19014387768031643	0.15590161049636364	-0.1979356321904126	0.8437645169253023	0.0005953561016278641	-0.016061387963344886	0.0005953561016278641	0.0005957107616646265	1.924802379327505e-06	0.15641761127804926	4.576926834539652	0.26964101861541423	0.0962465394761378	30.01645646616133	30.034337592305263	122_genus_tests_coactivation_score	relative_compositional_CLR_association_not_absolute_load	0.9794057682634961	104	coactivation_score	LOW_CURRENT_CONCERN
Aromatoleum	secondary_or_sensitivity	Model_0	CLR_genus ~ standardized_Moffitt50_contrast	62	0.08345633467839117	0.1668216235988894	-0.25023659567135004	0.4171492650281323	0.5002728835624806	0.6187129736579178	0.0038152114290973538	-0.012787868380417677	0.0038152114290973538	0.0038298230136303763	0.00016058531572488925	0.4200491363057288	2.1661334656880364	0.06440415701591552	0.0962465394761378	110.93529548572917	111.36015803340423	122_genus_tests_coactivation_score	relative_compositional_CLR_association_not_absolute_load	0.9794057682634961	71	coactivation_score	LOW_CURRENT_CONCERN
Microbacterium	secondary_or_sensitivity	Model_0	CLR_genus ~ standardized_Moffitt50_contrast	62	0.09770615619292826	0.19205437406073841	-0.2864597899490788	0.4818721023349353	0.5087421552920637	0.6127986736288641	0.004734665951064088	-0.011853089616418178	0.004734665951064088	0.004757189654946115	0.0008102341436447589	0.6948344695124262	2.142113319253042	0.1095920213659174	0.0962465394761378	122.41178356896248	122.99411963940028	122_genus_tests_coactivation_score	relative_compositional_CLR_association_not_absolute_load	0.9794057682634961	70	coactivation_score	LOW_CURRENT_CONCERN
Mitsuaria	secondary_or_sensitivity	Model_0	CLR_genus ~ standardized_Moffitt50_contrast	62	0.028263164223322677	0.1314155157050124	-0.23460700562029438	0.29113333406693975	0.21506717887684457	0.8304443015770648	0.0006193504852664011	-0.01603699367331246	0.0006193504852664011	0.0006197343180170012	0.00018782464022039228	0.652218398794585	2.521779517807403	0.09796446986955325	0.0962465394761378	78.62594042348404	78.67466761705082	122_genus_tests_coactivation_score	relative_compositional_CLR_association_not_absolute_load	0.9794057682634961	100	coactivation_score	LOW_CURRENT_CONCERN
Pandoraea	secondary_or_sensitivity	Model_0	CLR_genus ~ standardized_Moffitt50_contrast	62	-0.12236600983546218	0.1036259346559119	-0.32964874123187476	0.08491672156095041	-1.1808434851929335	0.24232478532179083	0.022037513656278374	0.005738138883883082	0.022037513656278374	0.022534109399910983	0.002876180107901593	0.38543512592065443	3.04913170691039	0.08229113627675558	0.0962465394761378	40.533213269559795	41.446593131705995	122_genus_tests_coactivation_score	relative_compositional_CLR_association_not_absolute_load	0.9794057682634961	21	coactivation_score	LOW_CURRENT_CONCERN
Rhodococcus	secondary_or_sensitivity	Model_0	CLR_genus ~ standardized_Moffitt50_contrast	62	0.31593212328804166	0.15944031735766379	-0.0029959962637556292	0.6348602428398389	1.9815071151629002	0.05212193432321106	0.05857496150195374	0.04288454419365306	0.05857496150195374	0.062219464223518525	0.00842457688469094	0.369134036030631	2.351849769192012	0.11196839290192602	0.0962465394761378	97.85682943475533	103.94542893279804	122_genus_tests_coactivation_score	relative_compositional_CLR_association_not_absolute_load	0.9794057682634961	2	coactivation_score	LOW_CURRENT_CONCERN
Streptococcus	secondary_or_sensitivity	Model_0	CLR_genus ~ standardized_Moffitt50_contrast	62	-0.19026253597783913	0.2177020478853449	-0.6257314682109386	0.2452063962552604	-0.8739584116270828	0.385625602096064	0.013834855451121508	-0.002601230291359835	0.013834855451121508	0.014028943861578344	4.4158635255651806e-05	0.32599377288809156	4.317856621622007	0.3269711880467296	0.0962465394761378	157.40242531352933	159.61061510192914	122_genus_tests_coactivation_score	relative_compositional_CLR_association_not_absolute_load	0.9794057682634961	42	coactivation_score	LOW_CURRENT_CONCERN
Rhizorhabdus	secondary_or_sensitivity	Model_0	CLR_genus ~ standardized_Moffitt50_contrast	62	-0.030633095363579943	0.1229187323001469	-0.27650716786831764	0.21524097714115775	-0.249214214874744	0.804046256195875	0.0010283272419273626	-0.015621200637373711	0.0010283272419273626	0.001029385787374973	2.4666713876556248e-06	0.5839210868269831	4.604028283962283	0.30231002833654835	0.0962465394761378	55.60750801774615	55.664749596170964	122_genus_tests_coactivation_score	relative_compositional_CLR_association_not_absolute_load	0.9794057682634961	95	coactivation_score	LOW_CURRENT_CONCERN
Citromicrobium	secondary_or_sensitivity	Model_0	CLR_genus ~ standardized_Moffitt50_contrast	62	0.03180714222389833	0.11056114934215282	-0.1893480840046033	0.25296236845239994	0.2876882378046287	0.7745767522294512	0.0010395694280171952	-0.015609771081515733	0.0010395694280171952	0.0010406512572494594	0.067014140509042	0.3055988159334136	2.4623063703450354	0.08404138903257324	0.0962465394761378	59.30262578707897	59.36433913916251	122_genus_tests_coactivation_score	relative_compositional_CLR_association_not_absolute_load	0.9794057682634961	93	coactivation_score	LOW_CURRENT_CONCERN
Massilia	secondary_or_sensitivity	Model_0	CLR_genus ~ standardized_Moffitt50_contrast	62	-0.07184862993708449	0.16941750214833676	-0.4107340904954987	0.26703683062132977	-0.42409213349265434	0.6730153054981094	0.003648865933167267	-0.012956986301279949	0.003648865933167267	0.003662228915496482	2.560713413132634e-07	0.7083312759734404	2.357113237247128	0.24808860528422422	0.0962465394761378	85.98472960593475	86.29962536898873	122_genus_tests_coactivation_score	relative_compositional_CLR_association_not_absolute_load	0.9794057682634961	77	coactivation_score	LOW_CURRENT_CONCERN
Candida	secondary_or_sensitivity	Model_0	CLR_genus ~ standardized_Moffitt50_contrast	62	0.32293983004040056	0.33034853072714515	-0.3378556164787187	0.9837352765595198	0.9775730781352744	0.3322107165136059	0.01997037161370885	0.003636544473937353	0.01997037161370885	0.020377314149769024	2.4804346465169058e-06	0.22923647518759707	3.0711364199101183	0.3548078688815074	0.0962465394761378	312.1951262399316	318.5568244033494	122_genus_tests_coactivation_score	relative_compositional_CLR_association_not_absolute_load	0.9794057682634961	35	coactivation_score	LOW_CURRENT_CONCERN
Ramlibacter	secondary_or_sensitivity	Model_0	CLR_genus ~ standardized_Moffitt50_contrast	62	0.0816202430075096	0.10288404828560824	-0.12417849469820251	0.2874189807132217	0.7933226225792567	0.4307160096628776	0.011142435865547529	-0.005338523536693396	0.011142435865547529	0.011267988707049542	0.012104791597909727	0.04327255942452649	2.640009980536833	0.11814973562098838	0.0962465394761378	36.06444049155549	36.47081419974039	122_genus_tests_coactivation_score	relative_compositional_CLR_association_not_absolute_load	0.9794057682634961	47	coactivation_score	LOW_CURRENT_CONCERN
Caulobacter	secondary_or_sensitivity	Model_0	CLR_genus ~ standardized_Moffitt50_contrast	62	-0.05410345696733508	0.06872482470369695	-0.1915735741404519	0.08336666020578175	-0.7872476532402805	0.4342357233913424	0.015405121803392485	-0.001004792833217527	0.015405121803392485	0.015646152691357322	0.03648816273978572	0.179997175684256	4.132299545930084	0.4863896469834027	0.0962465394761378	11.41227693012518	11.590835157529973	122_genus_tests_coactivation_score	relative_compositional_CLR_association_not_absolute_load	0.9794057682634961	49	coactivation_score	HIGH_RISK_POTENTIAL_CONTAMINANT
Bacteroides	secondary_or_sensitivity	Model_0	CLR_genus ~ standardized_Moffitt50_contrast	62	0.15012953250433947	0.2892856134999961	-0.4285278501197617	0.7287869151284406	0.5189664660055467	0.6056931089296945	0.004723639019439174	-0.011864300330236777	0.004723639019439174	0.004746057682697674	0.00841981312059715	0.8994392005875098	2.4044396690007606	0.07859172709956976	0.0962465394761378	289.6870540239236	291.0619254922519	122_genus_tests_coactivation_score	relative_compositional_CLR_association_not_absolute_load	0.9794057682634961	68	coactivation_score	LOW_CURRENT_CONCERN
Enterococcus	secondary_or_sensitivity	Model_0	CLR_genus ~ standardized_Moffitt50_contrast	62	-0.10340903063624242	0.19659128276616264	-0.49665014538038704	0.28983208410790223	-0.5260102542758383	0.6008200124550078	0.006577345887380126	-0.00997969834783019	0.006577345887380126	0.006620893795959763	0.00013526710115022587	0.10160640438130934	2.9520218613325073	0.34706702514772136	0.0962465394761378	98.52130312720308	99.17360221184784	122_genus_tests_coactivation_score	relative_compositional_CLR_association_not_absolute_load	0.9794057682634961	67	coactivation_score	LOW_CURRENT_CONCERN
Laribacter	secondary_or_sensitivity	Model_0	CLR_genus ~ standardized_Moffitt50_contrast	62	-0.04269927508912394	0.13077318683920935	-0.3042845959014583	0.21888604572321044	-0.3265139905294526	0.7451717546808692	0.0019631522447567384	-0.014670795217830657	0.0019631522447567384	0.0019670137922985567	0.03990591244683159	0.6109664800415744	2.552955994466556	0.17888857551925913	0.0962465394761378	56.54099331524029	56.65221022892163	122_genus_tests_coactivation_score	relative_compositional_CLR_association_not_absolute_load	0.9794057682634961	88	coactivation_score	LOW_CURRENT_CONCERN
Variovorax	secondary_or_sensitivity	Model_0	CLR_genus ~ standardized_Moffitt50_contrast	62	0.12092775212445682	0.0792171869465166	-0.03753021439075681	0.27938571863967043	1.5265342886525506	0.1321314803054495	0.03253955210228987	0.016415211303994703	0.03253955210228987	0.03363398697383264	0.050985230238976435	0.12101980763598708	2.7234749236945435	0.08817261569425447	0.0962465394761378	26.52182733971802	27.413862134984342	122_genus_tests_coactivation_score	relative_compositional_CLR_association_not_absolute_load	0.9794057682634961	8	coactivation_score	LOW_CURRENT_CONCERN
Pseudomonas	secondary_or_sensitivity	Model_0	CLR_genus ~ standardized_Moffitt50_contrast	62	-0.1380721975678126	0.07557424003609207	-0.28924318531239046	0.013098790176765268	-1.8269743433989323	0.0726785679706571	0.07546424914680239	0.06005531996591584	0.07546424914680239	0.0816239383681605	0.08055970433503382	0.2870457642986655	3.4763306336394755	0.3683941934064398	0.0962465394761378	14.247043936648955	15.409943772862464	122_genus_tests_coactivation_score	relative_compositional_CLR_association_not_absolute_load	0.9794057682634961	3	coactivation_score	BIOLOGICALLY_PLAUSIBLE_BUT_CONTAMINATION_SENSITIVE
Methylobacterium	secondary_or_sensitivity	Model_0	CLR_genus ~ standardized_Moffitt50_contrast	62	-0.030157420686407428	0.19595872389726215	-0.4221332293027946	0.3618183879299798	-0.15389680074778633	0.8782075731849601	0.0005909696635827411	-0.016065847508690778	0.0005909696635827411	0.0005913191152413453	1.379337541760233e-07	0.43466817735558827	2.4620366459371454	0.26856322565873963	0.0962465394761378	93.8201893697996	93.8756670411695	122_genus_tests_coactivation_score	relative_compositional_CLR_association_not_absolute_load	0.9891532463827728	108	coactivation_score	BIOLOGICALLY_PLAUSIBLE_BUT_CONTAMINATION_SENSITIVE
Elizabethkingia	secondary_or_sensitivity	Model_0	CLR_genus ~ standardized_Moffitt50_contrast	62	-0.1524861957703364	0.21893305879259817	-0.5904175164400904	0.28544512489941765	-0.6964968954953081	0.4888072865401728	0.006972686967627206	-0.00957776824957901	0.006972686967627206	0.007021646712148285	3.446700428271696e-06	0.668259441975705	5.0414677508353245	0.27898818141635695	0.0962465394761378	202.00025607626677	203.4186305101978	122_genus_tests_coactivation_score	relative_compositional_CLR_association_not_absolute_load	0.9794057682634961	55	coactivation_score	HIGH_RISK_POTENTIAL_CONTAMINANT
Tessaracoccus	secondary_or_sensitivity	Model_0	CLR_genus ~ standardized_Moffitt50_contrast	62	0.04482933957340659	0.09809323923746775	-0.1513863532276239	0.24104503237443708	0.45700743417068795	0.6493160617712164	0.0052906896298197115	-0.011287798876350008	0.0052906896298197115	0.005318829908057044	0.44960427152958593	0.12689888664214852	3.8841315432422214	0.4412622125970956	0.0962465394761378	23.04827433871393	23.17086418959579	122_genus_tests_coactivation_score	relative_compositional_CLR_association_not_absolute_load	0.9794057682634961	75	coactivation_score	LOW_CURRENT_CONCERN
Agrobacterium	secondary_or_sensitivity	Model_0	CLR_genus ~ standardized_Moffitt50_contrast	62	-0.05633129695722546	0.1296782466547113	-0.31572641130327245	0.20306381738882154	-0.4343928022655672	0.6655614535800045	0.004831208556697497	-0.011754937967357382	0.004831208556697497	0.004854662443434094	0.005772577749257249	0.3572596875458003	3.5957408628051835	0.38950985345418143	0.0962465394761378	39.87220909492205	40.06577521095193	122_genus_tests_coactivation_score	relative_compositional_CLR_association_not_absolute_load	0.9794057682634961	76	coactivation_score	LOW_CURRENT_CONCERN
Azospirillum	secondary_or_sensitivity	Model_0	CLR_genus ~ standardized_Moffitt50_contrast	62	0.15295350674184136	0.19020551133014704	-0.22751416330696042	0.5334211767906432	0.8041486583233335	0.42448585779304027	0.014331226224851168	-0.002096586671401335	0.014331226224851168	0.014539596471096499	0.01719619897780742	0.15600811272248438	2.4208099754116517	0.28866804584017364	0.0962465394761378	98.15136833674342	99.57844962544563	122_genus_tests_coactivation_score	relative_compositional_CLR_association_not_absolute_load	0.9794057682634961	46	coactivation_score	LOW_CURRENT_CONCERN
Clostridium	secondary_or_sensitivity	Model_0	CLR_genus ~ standardized_Moffitt50_contrast	62	0.08911600099396451	0.4011585869356244	-0.7133206467356831	0.8915526487236122	0.22214656222294782	0.8249542156311933	0.0019893566136743868	-0.014644154109430874	0.0019893566136743868	0.0019933220420619456	1.4438285807720987e-09	0.8528034604312538	4.280803933905187	0.7571563426988314	0.0962465394761378	243.0321590792231	243.51660043884561	122_genus_tests_coactivation_score	relative_compositional_CLR_association_not_absolute_load	0.9794057682634961	99	coactivation_score	LOW_CURRENT_CONCERN
Ensifer	secondary_or_sensitivity	Model_0	CLR_genus ~ standardized_Moffitt50_contrast	62	-0.1735985850139178	0.20278122259336043	-0.5792214229128055	0.2320242528849699	-0.8560880676907501	0.39535513486619356	0.017862663301749238	0.0014937076901118118	0.017862663301749238	0.018187541226973344	0.004269579940898738	0.48379682942969404	2.2539193136241327	0.19046357495866065	0.0962465394761378	101.07603710184489	102.91436169369379	122_genus_tests_coactivation_score	relative_compositional_CLR_association_not_absolute_load	0.9794057682634961	43	coactivation_score	LOW_CURRENT_CONCERN
Roseomonas	secondary_or_sensitivity	Model_0	CLR_genus ~ standardized_Moffitt50_contrast	62	0.0634912001988324	0.11540097101185778	-0.16734511077451747	0.2943275111721823	0.5501790811821549	0.5842390227135315	0.0036596882865678193	-0.012945983575322728	0.0036596882865678193	0.003673130800332829	0.0019630671700474815	0.14750251074968174	2.8206091696001954	0.09216584248674681	0.0962465394761378	66.94536514783039	67.19126423049438	122_genus_tests_coactivation_score	relative_compositional_CLR_association_not_absolute_load	0.9794057682634961	64	coactivation_score	LOW_CURRENT_CONCERN
Croceicoccus	secondary_or_sensitivity	Model_0	CLR_genus ~ standardized_Moffitt50_contrast	62	0.051045984993948544	0.23895727424620955	-0.42693973023520865	0.5290317002231057	0.21361971572103441	0.8315678692967832	0.001276121828505672	-0.015369276141019128	0.001276121828505672	0.0012777523962299263	2.7398725967230894e-07	0.853073117800863	2.2973262146600404	0.2623260144407112	0.0962465394761378	124.39596911976672	124.55491636739086	122_genus_tests_coactivation_score	relative_compositional_CLR_association_not_absolute_load	0.9794057682634961	101	coactivation_score	LOW_CURRENT_CONCERN
Rhodobacter	secondary_or_sensitivity	Model_0	CLR_genus ~ standardized_Moffitt50_contrast	62	-0.23501568023178612	0.21070039643015692	-0.6564792243085702	0.18644786384499792	-1.11540217395694	0.269125687049255	0.022207088894658056	0.005910540376235729	0.022207088894658056	0.022711443949367707	9.185773199406844e-05	0.046263187989770194	1.8821777732929423	0.09552365822608451	0.0962465394761378	148.34699963395283	151.71617420119622	122_genus_tests_coactivation_score	relative_compositional_CLR_association_not_absolute_load	0.9794057682634961	26	coactivation_score	LOW_CURRENT_CONCERN
Micrococcus	secondary_or_sensitivity	Model_0	CLR_genus ~ standardized_Moffitt50_contrast	62	0.2077327276552635	0.23350809814757145	-0.2593530124920157	0.6748184678025427	0.8896168026000599	0.3772247594224045	0.011872866508237712	-0.004595919049958264	0.011872866508237712	0.012015525235383785	0.00035813982426748683	0.4663387682592335	1.937756518966736	0.0557013074274563	0.0962465394761378	219.07706928475645	221.70939533924133	122_genus_tests_coactivation_score	relative_compositional_CLR_association_not_absolute_load	0.9794057682634961	40	coactivation_score	LOW_CURRENT_CONCERN
Bradyrhizobium	secondary_or_sensitivity	Model_0	CLR_genus ~ standardized_Moffitt50_contrast	62	-0.29643904617937206	0.12455373732723105	-0.5455836156787686	-0.04729447667997555	-2.3800092437255347	0.02050708515199196	0.08945473207431687	0.07427897760888891	0.08945473207431687	0.09824303659070575	0.5340933976982922	0.6480873854759264	2.3249501487957795	0.1033894385747733	0.0962465394761378	54.56307927875063	59.92352187283451	122_genus_tests_coactivation_score	relative_compositional_CLR_association_not_absolute_load	0.9794057682634961	1	coactivation_score	BIOLOGICALLY_PLAUSIBLE_BUT_CONTAMINATION_SENSITIVE
Aquabacterium	secondary_or_sensitivity	Model_0	CLR_genus ~ standardized_Moffitt50_contrast	62	-0.18858461648873137	0.1394179350038114	-0.46746200822658096	0.09029277524911822	-1.352656790416354	0.1812410285922141	0.030150072418910656	0.013985906959225858	0.030150072418910656	0.031087358529899776	1.351611643999017e-05	0.07456565323730173	3.421065796686615	0.16189534292402014	0.0962465394761378	69.78443054471083	71.95384415685915	122_genus_tests_coactivation_score	relative_compositional_CLR_association_not_absolute_load	0.9794057682634961	13	coactivation_score	LOW_CURRENT_CONCERN
Prevotella	secondary_or_sensitivity	Model_0	CLR_genus ~ standardized_Moffitt50_contrast	62	-0.07726964591393953	0.3113033072852786	-0.6999689734625183	0.5454296816346391	-0.2482133793815739	0.804816882827424	0.001537584344627585	-0.01510345591629525	0.001537584344627585	0.0015399521509463557	5.447118043520553e-08	0.3365011673185601	5.3996369525535455	0.4503572601891227	0.0962465394761378	236.5050685085931	236.86927499755265	122_genus_tests_coactivation_score	relative_compositional_CLR_association_not_absolute_load	0.9794057682634961	96	coactivation_score	LOW_CURRENT_CONCERN
Sulfuritalea	secondary_or_sensitivity	Model_0	CLR_genus ~ standardized_Moffitt50_contrast	62	0.02833797286082088	0.09634391566459324	-0.16437855180739053	0.22105449752903228	0.2941334973292475	0.7696710611444868	0.0013209620750517237	-0.015323688557030701	0.0013209620750517237	0.0013227093239049194	0.2388874866910472	0.15728325064093482	2.817937740608159	0.16935085169083505	0.0962465394761378	37.03420106911788	37.08318655217538	122_genus_tests_coactivation_score	relative_compositional_CLR_association_not_absolute_load	0.9794057682634961	91	coactivation_score	LOW_CURRENT_CONCERN
Escherichia	secondary_or_sensitivity	Model_0	CLR_genus ~ standardized_Moffitt50_contrast	62	0.17377741961293386	0.2902132053279961	-0.40673542292443393	0.7542902621503016	0.5987922548752815	0.5515655331495635	0.006311889580278951	-0.010249578926716296	0.006311889580278951	0.00635198259302196	9.119479949461215e-08	0.892489444632822	2.735641652172404	0.17713392436263736	0.0962465394761378	290.0061608529723	291.84827493857944	122_genus_tests_coactivation_score	relative_compositional_CLR_association_not_absolute_load	0.9794057682634961	59	coactivation_score	LOW_CURRENT_CONCERN
Moraxella	secondary_or_sensitivity	Model_0	CLR_genus ~ standardized_Moffitt50_contrast	62	-0.024079937624425472	0.22233806589836425	-0.4688222865917865	0.4206624113429356	-0.10830326119429749	0.9141165091218382	0.0003069742215472404	-0.016354576208093663	0.0003069742215472404	0.0003070684836559724	0.04614008151982055	0.29144447336518015	2.177966631480956	0.2173377057736475	0.0962465394761378	115.1874876074926	115.22285805464834	122_genus_tests_coactivation_score	relative_compositional_CLR_association_not_absolute_load	0.9891532463827728	112	coactivation_score	LOW_CURRENT_CONCERN
Shinella	secondary_or_sensitivity	Model_0	CLR_genus ~ standardized_Moffitt50_contrast	62	-0.2621917997795028	0.14643150378105532	-0.5550984178670206	0.030714818308015035	-1.7905422877547752	0.0784119299323428	0.04827187983797543	0.032409744501941784	0.04827187983797543	0.05072024122788082	2.1160124301165783e-08	0.1109844062078915	5.351207157249238	0.2874436220228764	0.0962465394761378	82.67738541163283	86.87080234380133	122_genus_tests_coactivation_score	relative_compositional_CLR_association_not_absolute_load	0.9794057682634961	5	coactivation_score	LOW_CURRENT_CONCERN
Cutibacterium	secondary_or_sensitivity	Model_0	CLR_genus ~ standardized_Moffitt50_contrast	62	0.07745409187893541	0.11369268616161655	-0.149965140629097	0.3048733243869678	0.6812583508567366	0.4983290823536507	0.007881396068549651	-0.008653913996974572	0.007881396068549651	0.00794400592562037	0.5288325768703759	0.35295584188010887	2.5499189538898808	0.09815221329532164	0.0962465394761378	46.0658414284428	46.431788745719025	122_genus_tests_coactivation_score	relative_compositional_CLR_association_not_absolute_load	0.9794057682634961	57	coactivation_score	LOW_CURRENT_CONCERN
Chryseobacterium	secondary_or_sensitivity	Model_0	CLR_genus ~ standardized_Moffitt50_contrast	62	-0.0110103832954958	0.16903818204989396	-0.34913709068714865	0.32711632409615704	-0.06513548100183622	0.9482826699692793	6.445078807115756e-05	-0.01660114169879434	6.445078807115756e-05	6.44549422429802e-05	7.05889075593435e-08	0.8331151824232192	5.17209643307111	0.2849888955914774	0.0962465394761378	114.73039462587566	114.73778956683478	122_genus_tests_coactivation_score	relative_compositional_CLR_association_not_absolute_load	0.9917106415947599	116	coactivation_score	LOW_CURRENT_CONCERN
Aminobacter	secondary_or_sensitivity	Model_0	CLR_genus ~ standardized_Moffitt50_contrast	62	0.0545630047660993	0.14405225719636366	-0.23358441156002493	0.34271042109222355	0.3787722999142053	0.706193995723176	0.0021536890369888706	-0.01447708281239457	0.0021536890369888706	0.002158337424638437	0.005203966942842763	0.9203503002046458	2.513038870019675	0.12887491787779537	0.0962465394761378	84.14088027309148	84.3224846839269	122_genus_tests_coactivation_score	relative_compositional_CLR_association_not_absolute_load	0.9794057682634961	81	coactivation_score	LOW_CURRENT_CONCERN
Sphingopyxis	secondary_or_sensitivity	Model_0	CLR_genus ~ standardized_Moffitt50_contrast	62	-0.027181123417024673	0.06470212603036275	-0.15660464519525144	0.10224239836120211	-0.4200962948925263	0.6759157466122521	0.00358082950803873	-0.013026156666827271	0.00358082950803873	0.0035936979276209326	0.7114069234162903	0.3485130442445833	3.1939747236084846	0.3194445100561019	0.0962465394761378	12.540737310311133	12.585804931994035	122_genus_tests_coactivation_score	relative_compositional_CLR_association_not_absolute_load	0.9794057682634961	79	coactivation_score	MODERATE_RISK_ENVIRONMENTAL
Thiomonas	secondary_or_sensitivity	Model_0	CLR_genus ~ standardized_Moffitt50_contrast	62	0.09774100098028204	0.18501323404866282	-0.2723405681310727	0.4678225700916368	0.5282919434540226	0.5992453762071672	0.005244902529889184	-0.011334349094612506	0.005244902529889184	0.005272556575209484	0.00014190684705119838	0.5952286850677678	2.333553229962273	0.08040634591045687	0.0962465394761378	110.52541424975607	111.10816574938634	122_genus_tests_coactivation_score	relative_compositional_CLR_association_not_absolute_load	0.9794057682634961	66	coactivation_score	LOW_CURRENT_CONCERN
Flavobacterium	secondary_or_sensitivity	Model_0	CLR_genus ~ standardized_Moffitt50_contrast	62	-0.009525750356597622	0.07734267294203419	-0.16423413059130984	0.14518262987811462	-0.1231629318492375	0.9023897199609288	0.0003569941007947053	-0.016303722664192	0.0003569941007947053	0.00035712159109599296	0.32159292258676364	0.08007776002491516	3.8351532004583744	0.43241054587458655	0.0962465394761378	15.499301216255027	15.504836351366256	122_genus_tests_coactivation_score	relative_compositional_CLR_association_not_absolute_load	0.9891532463827728	110	coactivation_score	LOW_CURRENT_CONCERN
Verminephrobacter	secondary_or_sensitivity	Model_0	CLR_genus ~ standardized_Moffitt50_contrast	62	0.09398101133831091	0.08798941363422548	-0.08202402111454216	0.269986043791164	1.0680945292918154	0.28975648226487577	0.015829655085416783	-0.0005731839964928653	0.015829655085416783	0.016084263427781548	0.14718878183695588	0.8459427515427062	2.6938968124492426	0.09826823003376983	0.0962465394761378	33.497229291325674	34.036007551348156	122_genus_tests_coactivation_score	relative_compositional_CLR_association_not_absolute_load	0.9794057682634961	29	coactivation_score	LOW_CURRENT_CONCERN
Citrobacter	secondary_or_sensitivity	Model_0	CLR_genus ~ standardized_Moffitt50_contrast	62	0.20380346639489827	0.2782847046732488	-0.3528488222628828	0.7604557550526794	0.7323559756336464	0.4668026081930241	0.009607903792000161	-0.006898631144799827	0.009607903792000161	0.009701111134455511	0.0002753973763196556	0.7526996002584665	1.770108196999381	0.11190025576257512	0.0962465394761378	261.17493065204474	263.7086176798339	122_genus_tests_coactivation_score	relative_compositional_CLR_association_not_absolute_load	0.9794057682634961	51	coactivation_score	LOW_CURRENT_CONCERN
Sphingobium	secondary_or_sensitivity	Model_0	CLR_genus ~ standardized_Moffitt50_contrast	62	0.10907490791810663	0.08653337484841725	-0.06401761332272594	0.2821674291589392	1.260495249482364	0.21237078979649582	0.026599442445878974	0.010376099819977003	0.026599442445878974	0.027326306975533086	0.0006147862678576835	0.08101543025609018	2.0589972800795153	0.09335133722902673	0.0962465394761378	26.55819787239264	27.283935340170583	122_genus_tests_coactivation_score	relative_compositional_CLR_association_not_absolute_load	0.9794057682634961	18	coactivation_score	LOW_CURRENT_CONCERN
Methylorubrum	secondary_or_sensitivity	Model_0	CLR_genus ~ standardized_Moffitt50_contrast	62	-0.003401543659680813	0.26372353415949984	-0.5309271546528317	0.5241240673334701	-0.012898142255380066	0.9897518492515339	3.337895614019537e-06	-0.016663273139458923	3.337895614019537e-06	3.3379067556038564e-06	0.0037715103272380284	0.2760691762946328	1.99718318940263	0.0817118469868004	0.0962465394761378	211.4500215381242	211.45072733857955	122_genus_tests_coactivation_score	relative_compositional_CLR_association_not_absolute_load	0.9993638783752645	119	coactivation_score	LOW_CURRENT_CONCERN
Ralstonia	secondary_or_sensitivity	Model_0	CLR_genus ~ standardized_Moffitt50_contrast	62	0.0005096286773583232	0.13953734318699443	-0.278606614989243	0.27962587234395964	0.0036522744787778295	0.9970980293761624	2.7690016268788753e-07	-0.016666385151501206	2.7690016268788753e-07	2.7690023936160887e-07	2.834414340424019e-09	0.7890237352809879	4.472482265026589	0.3718835399880945	0.0962465394761378	57.21556888401002	57.21558472701474	122_genus_tests_coactivation_score	relative_compositional_CLR_association_not_absolute_load	0.9993638783752645	121	coactivation_score	HIGH_RISK_POTENTIAL_CONTAMINANT
Erythrobacter	secondary_or_sensitivity	Model_0	CLR_genus ~ standardized_Moffitt50_contrast	62	-0.0031084838151213875	0.07442436858659314	-0.15197938620367016	0.1457624185734274	-0.04176701628989503	0.9668231095737233	3.604627694397955e-05	-0.01663001961844013	3.604627694397955e-05	3.604757632489892e-05	0.9710297327724363	0.6016353599907169	2.5874208905758627	0.22082657895472513	0.0962465394761378	16.35125102578133	16.35184044875069	122_genus_tests_coactivation_score	relative_compositional_CLR_association_not_absolute_load	0.9993638783752645	118	coactivation_score	LOW_CURRENT_CONCERN
Xanthobacter	secondary_or_sensitivity	Model_0	CLR_genus ~ standardized_Moffitt50_contrast	62	0.12026437060293102	0.1808862102805898	-0.24156192185374617	0.48209066305960824	0.664862016935274	0.5086862505728637	0.008856489751351893	-0.007662568752792254	0.008856489751351893	0.008935628049595024	0.024393865622417077	0.7484653092906759	2.0071753287720653	0.17954918240770906	0.0962465394761378	98.73672495440141	99.61899960342909	122_genus_tests_coactivation_score	relative_compositional_CLR_association_not_absolute_load	0.9794057682634961	58	coactivation_score	LOW_CURRENT_CONCERN
Paucibacter	secondary_or_sensitivity	Model_0	CLR_genus ~ standardized_Moffitt50_contrast	62	-0.012204557619149048	0.12881093776899377	-0.26986479589008167	0.24545568065178355	-0.0947478360963134	0.9248308397333792	0.0001385433045155704	-0.01652581430707567	0.0001385433045155704	0.0001385625014223994	0.000857869109928568	0.1742504071804827	2.643850883957784	0.08918607900099106	0.0962465394761378	65.57347575383635	65.58256177866377	122_genus_tests_coactivation_score	relative_compositional_CLR_association_not_absolute_load	0.9897312495392303	114	coactivation_score	LOW_CURRENT_CONCERN
Streptomyces	secondary_or_sensitivity	Model_0	CLR_genus ~ standardized_Moffitt50_contrast	62	-0.17710563223297598	0.16523710912358947	-0.5076290617288246	0.15341779726287263	-1.0718272255689818	0.28809001316370936	0.028172794823142833	0.011975674736861897	0.028172794823142833	0.028989510350264203	0.000588905718261679	0.5191712241108569	2.3383076036475807	0.2444801745675325	0.0962465394761378	66.00148398400778	67.91483468709495	122_genus_tests_coactivation_score	relative_compositional_CLR_association_not_absolute_load	0.9794057682634961	28	coactivation_score	LOW_CURRENT_CONCERN
Collimonas	secondary_or_sensitivity	Model_0	CLR_genus ~ standardized_Moffitt50_contrast	62	0.078665294264784	0.1347107299732098	-0.19079628550257863	0.3481268740321466	0.583957152339894	0.5614382212614909	0.0050359235554078285	-0.01154681105200206	0.0050359235554078285	0.005061412441545844	0.0026176402159533165	0.48429058954676707	2.021400781232276	0.09620204311664277	0.0962465394761378	74.58035561954394	74.95783755937161	122_genus_tests_coactivation_score	relative_compositional_CLR_association_not_absolute_load	0.9794057682634961	61	coactivation_score	LOW_CURRENT_CONCERN
Bacillus	secondary_or_sensitivity	Model_0	CLR_genus ~ standardized_Moffitt50_contrast	62	0.37094186265066104	0.2747027849276922	-0.17854551974145333	0.9204292450427753	1.350338922658906	0.18197892487319414	0.054949911239562055	0.039199076426888135	0.054949911239562055	0.05814497230685027	2.161093732940062e-07	0.0703986920147853	6.4934338814848465	0.840769905407602	0.0962465394761378	144.35417991389082	152.74764970736206	122_genus_tests_coactivation_score	relative_compositional_CLR_association_not_absolute_load	0.9794057682634961	14	coactivation_score	LOW_CURRENT_CONCERN
Polaromonas	secondary_or_sensitivity	Model_0	CLR_genus ~ standardized_Moffitt50_contrast	62	-0.059069527331912404	0.15821680223917273	-0.3755502522569905	0.2574111975931657	-0.3733454759287724	0.710207204506935	0.003021863068357389	-0.013594439213836518	0.003021863068357389	0.003031022403016428	0.0017636722594812366	0.9058221856226694	2.8878946806601578	0.12516732751586312	0.0962465394761378	70.22110836275431	70.43395011536644	122_genus_tests_coactivation_score	relative_compositional_CLR_association_not_absolute_load	0.9794057682634961	82	coactivation_score	LOW_CURRENT_CONCERN
Ochrobactrum	secondary_or_sensitivity	Model_0	CLR_genus ~ standardized_Moffitt50_contrast	62	-0.32412013528275985	0.25953474874763355	-0.8432669279396694	0.1950266573741497	-1.2488506330916322	0.2165703785298317	0.02162513558859791	0.005318887848407949	0.02162513558859791	0.022103118523601646	9.9833135782966e-08	0.1419173812772443	2.3387106328990086	0.10345464747121876	0.0962465394761378	289.92676218950163	296.33504777734026	122_genus_tests_coactivation_score	relative_compositional_CLR_association_not_absolute_load	0.9794057682634961	19	coactivation_score	LOW_CURRENT_CONCERN
Fusarium	secondary_or_sensitivity	Model_0	CLR_genus ~ standardized_Moffitt50_contrast	62	0.29997392869094736	0.21922645915022002	-0.13854428007513586	0.7384921374570306	1.3683290322423944	0.17631137686575463	0.030031712381572206	0.013865574254598445	0.030031712381572206	0.03096154045954363	1.623352859513199e-05	0.9292536049216564	2.888171692936978	0.20122206601894277	0.0962465394761378	177.2859408828023	182.77498671435345	122_genus_tests_coactivation_score	relative_compositional_CLR_association_not_absolute_load	0.9794057682634961	12	coactivation_score	LOW_CURRENT_CONCERN
Serratia	secondary_or_sensitivity	Model_0	CLR_genus ~ standardized_Moffitt50_contrast	62	-0.0702448927469859	0.20574826851890238	-0.4818027061485515	0.34131292065457963	-0.3414118293808748	0.7339863739454862	0.0018396242711821165	-0.01479638199096489	0.0018396242711821165	0.0018430147258038513	0.010087503727884153	0.2767258876785129	1.8783344808212306	0.0768335079906818	0.0962465394761378	163.3166779217727	163.6176729641519	122_genus_tests_coactivation_score	relative_compositional_CLR_association_not_absolute_load	0.9794057682634961	87	coactivation_score	LOW_CURRENT_CONCERN
Candidatus Accumulibacter	secondary_or_sensitivity	Model_0	CLR_genus ~ standardized_Moffitt50_contrast	62	-0.07200420293172097	0.1936080876318808	-0.4592780389461182	0.3152696330826762	-0.37190699940504074	0.7112723655311795	0.003415123733956804	-0.013194624203810568	0.003415123733956804	0.003426826771395957	0.051483495701567336	0.19776008860189737	2.912927505152685	0.27245763601845957	0.0962465394761378	92.28973062473679	92.60599154436657	122_genus_tests_coactivation_score	relative_compositional_CLR_association_not_absolute_load	0.9794057682634961	83	coactivation_score	LOW_CURRENT_CONCERN
Methylibium	secondary_or_sensitivity	Model_0	CLR_genus ~ standardized_Moffitt50_contrast	62	-0.05741361345312461	0.18718637608977706	-0.4318421138562478	0.3170148869499986	-0.30671897523988756	0.7601192184397862	0.002159369887115292	-0.014471307281432644	0.002159369887115292	0.002164042856093167	0.00015304413130022077	0.0888717653229108	2.587995503893237	0.1388216000027115	0.0962465394761378	92.91669202774823	93.11776773134268	122_genus_tests_coactivation_score	relative_compositional_CLR_association_not_absolute_load	0.9794057682634961	90	coactivation_score	LOW_CURRENT_CONCERN
Novosphingobium	secondary_or_sensitivity	Model_0	CLR_genus ~ standardized_Moffitt50_contrast	62	0.08671989084394384	0.07481382960357454	-0.06293004956863228	0.23636983125651995	1.159142518214312	0.25099052101465286	0.028378110920433075	0.012184412769106978	0.028378110920433075	0.029206948957599253	0.020242585210232533	0.23915269372317527	2.9282002121280395	0.17278257030651495	0.0962465394761378	15.706560387840732	16.16530109538785	122_genus_tests_coactivation_score	relative_compositional_CLR_association_not_absolute_load	0.9794057682634961	23	coactivation_score	MODERATE_RISK_ENVIRONMENTAL
Pseudoxanthomonas	secondary_or_sensitivity	Model_0	CLR_genus ~ standardized_Moffitt50_contrast	62	-0.060923708446032517	0.16802660788159843	-0.3970269662320379	0.2751795493399729	-0.36258369560708503	0.7181900045241405	0.002076398932645329	-0.014555661085143834	0.002076398932645329	0.0020807193360538457	1.1771058404029517e-06	0.21990805773850933	3.519005809990743	0.23622346736174746	0.0962465394761378	108.81505707023288	109.04147066353273	122_genus_tests_coactivation_score	relative_compositional_CLR_association_not_absolute_load	0.9794057682634961	85	coactivation_score	LOW_CURRENT_CONCERN
Burkholderia	secondary_or_sensitivity	Model_0	CLR_genus ~ standardized_Moffitt50_contrast	62	-0.07499161222161907	0.07454208639385938	-0.2240979852836548	0.07411476084041665	-1.0060304969917868	0.31844097412026223	0.021562791187738295	0.005255504374200637	0.021562791187738295	0.022037991803187516	0.08061279025766556	0.4243860809417239	3.496842203571955	0.27887815887569856	0.0962465394761378	15.566221241167817	15.909269497287275	122_genus_tests_coactivation_score	relative_compositional_CLR_association_not_absolute_load	0.9794057682634961	31	coactivation_score	BIOLOGICALLY_PLAUSIBLE_BUT_CONTAMINATION_SENSITIVE
Rhizobacter	secondary_or_sensitivity	Model_0	CLR_genus ~ standardized_Moffitt50_contrast	62	0.008218986794921982	0.13337226883088144	-0.2585652720645905	0.2750032456544345	0.06162440563520602	0.9510667628408762	5.5029375849557916e-05	-0.016610720134552892	5.5029375849557916e-05	5.50324042484152e-05	0.002030227866666483	0.3039476795394598	2.032767597336901	0.07597215978614917	0.0962465394761378	74.87691000090625	74.88103065728629	122_genus_tests_coactivation_score	relative_compositional_CLR_association_not_absolute_load	0.9917106415947599	117	coactivation_score	LOW_CURRENT_CONCERN
Sphingomonas	secondary_or_sensitivity	Model_0	CLR_genus ~ standardized_Moffitt50_contrast	62	0.006616689516705606	0.056302649360221946	-0.10600537737217892	0.11923875640559013	0.11752003843322378	0.9068404892905615	0.00016802288165751467	-0.01649584340364818	0.00016802288165751467	0.00016805111809064204	0.7286120983470523	0.7130558035685075	2.3166035359491883	0.07334513661092272	0.0962465394761378	15.891684745278516	15.894355360668303	122_genus_tests_coactivation_score	relative_compositional_CLR_association_not_absolute_load	0.9891532463827728	111	coactivation_score	BIOLOGICALLY_PLAUSIBLE_BUT_CONTAMINATION_SENSITIVE
Diaphorobacter	secondary_or_sensitivity	Model_0	CLR_genus ~ standardized_Moffitt50_contrast	62	0.36175201116357614	0.25757966302981977	-0.15348402779013937	0.8769880501172916	1.4044276900917307	0.16534721058063262	0.030301794499778434	0.014140157741441506	0.030301794499778434	0.031248685753880682	0.0001227067832062474	0.4071736373143787	1.9164716732951106	0.07329336751513675	0.0962465394761378	255.4582818396764	263.44101741211074	122_genus_tests_coactivation_score	relative_compositional_CLR_association_not_absolute_load	0.9794057682634961	10	coactivation_score	LOW_CURRENT_CONCERN
Fusobacterium	secondary_or_sensitivity	Model_0	CLR_genus ~ standardized_Moffitt50_contrast	62	-0.30256651972828547	0.2638778575742174	-0.8304008235117817	0.2252677840552107	-1.1466157960721908	0.25609256974034544	0.02410452603130442	0.007839601465159496	0.02410452603130442	0.024699905547546003	2.632513908616298e-06	0.17079802598834737	4.868131552143233	0.3902170279669536	0.0962465394761378	226.08735971642403	231.67169614691377	122_genus_tests_coactivation_score	relative_compositional_CLR_association_not_absolute_load	0.9794057682634961	24	coactivation_score	LOW_CURRENT_CONCERN
Sphingobacterium	secondary_or_sensitivity	Model_0	CLR_genus ~ standardized_Moffitt50_contrast	62	0.0980042505635359	0.13461765953015803	-0.17127116059929637	0.36727966172636817	0.7280192725500496	0.46943350099035586	0.006359003048860723	-0.010201680233658195	0.006359003048860723	0.006399698752741195	0.00013720393791186758	0.9667253181283105	2.6190442578265674	0.18681246020209993	0.0962465394761378	91.5503750217616	92.13626984260134	122_genus_tests_coactivation_score	relative_compositional_CLR_association_not_absolute_load	0.9794057682634961	52	coactivation_score	LOW_CURRENT_CONCERN
Alicycliphilus	secondary_or_sensitivity	Model_0	CLR_genus ~ standardized_Moffitt50_contrast	62	-0.13540690943476824	0.13603541717104858	-0.407518258118818	0.1367044392492815	-0.9953798227744612	0.3235490174575254	0.020928078923451165	0.004610213572175392	0.020928078923451165	0.02137542551566536	3.342246143883811e-11	0.0915384148450573	6.221137047551301	0.4850669384434487	0.0962465394761378	52.32349164995698	53.441928548440174	122_genus_tests_coactivation_score	relative_compositional_CLR_association_not_absolute_load	0.9794057682634961	32	coactivation_score	LOW_CURRENT_CONCERN
Devosia	secondary_or_sensitivity	Model_0	CLR_genus ~ standardized_Moffitt50_contrast	62	0.07129538469557348	0.1847960711865591	-0.2983517940156929	0.4409425634068398	0.38580573838930754	0.7010051248661919	0.0028731265225482305	-0.013745654702076004	0.0028731265225482305	0.0028814051641475502	0.0006309501383539997	0.1204870831626056	2.7420124210569026	0.15391318984097574	0.0962465394761378	107.60893624760685	107.91900119221911	122_genus_tests_coactivation_score	relative_compositional_CLR_association_not_absolute_load	0.9794057682634961	80	coactivation_score	LOW_CURRENT_CONCERN
Ottowia	secondary_or_sensitivity	Model_0	CLR_genus ~ standardized_Moffitt50_contrast	62	0.14421132148590363	0.12050146942132382	-0.09682750534708837	0.3852501483188956	1.1967598584352543	0.23610756093045585	0.019882697300803387	0.003547408922483508	0.019882697300803387	0.020286038462995582	0.034140800343624954	0.6451820042221279	2.64458133461818	0.07806092887169326	0.0962465394761378	62.536173449610196	63.80478466953756	122_genus_tests_coactivation_score	relative_compositional_CLR_association_not_absolute_load	0.9794057682634961	20	coactivation_score	LOW_CURRENT_CONCERN
Thauera	secondary_or_sensitivity	Model_0	CLR_genus ~ standardized_Moffitt50_contrast	62	0.18421720137037184	0.18925994146791328	-0.19435904734244142	0.562793450083185	0.9733554810467043	0.3342845697843392	0.02534122373070291	0.00909691079288133	0.02534122373070291	0.026000098031950785	3.009198876065788e-08	0.5022380560955024	3.6553214733100416	0.5041606062300341	0.0962465394761378	79.61872342099426	81.68881803511891	122_genus_tests_coactivation_score	relative_compositional_CLR_association_not_absolute_load	0.9794057682634961	36	coactivation_score	LOW_CURRENT_CONCERN
Phreatobacter	secondary_or_sensitivity	Model_0	CLR_genus ~ standardized_Moffitt50_contrast	62	0.011428608092792033	0.17374836692478662	-0.3361198718453931	0.3589770880309772	0.06577677992069604	0.9477742234901383	0.00010587804089023933	-0.016559023991761457	0.00010587804089023933	0.0001058892522368175	4.226734688396083e-05	0.7468452683956206	3.183585078466829	0.3972483443026128	0.0962465394761378	75.24274551900709	75.25071291706635	122_genus_tests_coactivation_score	relative_compositional_CLR_association_not_absolute_load	0.9917106415947599	115	coactivation_score	LOW_CURRENT_CONCERN
Dickeya	secondary_or_sensitivity	Model_0	CLR_genus ~ standardized_Moffitt50_contrast	62	-0.21027612558529737	0.21360375930229142	-0.6375472600917291	0.21699500892113435	-0.9844214646415245	0.3288614562044264	0.01955874883346398	0.003218061314021803	0.01955874883346398	0.019948924843985135	0.0628303857384687	0.7370904305917981	2.732929805965254	0.2434928737478313	0.0962465394761378	135.20422827570212	137.9014072641631	122_genus_tests_coactivation_score	relative_compositional_CLR_association_not_absolute_load	0.9794057682634961	34	coactivation_score	LOW_CURRENT_CONCERN
Rhizobium	secondary_or_sensitivity	Model_0	CLR_genus ~ standardized_Moffitt50_contrast	62	0.044681277075856875	0.12045535752616404	-0.19626531223367807	0.28562786638539184	0.3709364032741481	0.7119913979375367	0.0031644886765027636	-0.01344943651222219	0.0031644886765027636	0.003174534454838267	0.1882018255796962	0.27797588502746584	2.8505192424402663	0.2623061704392801	0.0962465394761378	38.36197386463908	38.48375527242798	122_genus_tests_coactivation_score	relative_compositional_CLR_association_not_absolute_load	0.9794057682634961	84	coactivation_score	BIOLOGICALLY_PLAUSIBLE_BUT_CONTAMINATION_SENSITIVE
Sinorhizobium	secondary_or_sensitivity	Model_0	CLR_genus ~ standardized_Moffitt50_contrast	62	-0.17911356387734734	0.1868933064949041	-0.5529558378081476	0.19472871005345288	-0.9583733480697507	0.34172053151900306	0.012944455398919752	-0.0035064703444316336	0.012944455398919752	0.01311421172772123	4.183403777291578e-08	0.23645909480253166	2.55656812347042	0.09857786024551875	0.0962465394761378	149.2260331986769	151.18301499333236	122_genus_tests_coactivation_score	relative_compositional_CLR_association_not_absolute_load	0.9794057682634961	37	coactivation_score	LOW_CURRENT_CONCERN
Stenotrophomonas	secondary_or_sensitivity	Model_0	CLR_genus ~ standardized_Moffitt50_contrast	62	-0.014340909747094814	0.0803731135384518	-0.17511107370656476	0.14642925421237513	-0.1784291924964919	0.8589870262638859	0.00047308231104914444	-0.01618569965043326	0.00047308231104914444	0.00047330622385135797	0.0314845697137911	0.24163379009758879	2.5746741544074565	0.13194566478291886	0.0962465394761378	26.505806606038036	26.518351969272874	122_genus_tests_coactivation_score	relative_compositional_CLR_association_not_absolute_load	0.9794057682634961	107	coactivation_score	BIOLOGICALLY_PLAUSIBLE_BUT_CONTAMINATION_SENSITIVE
Corynebacterium	secondary_or_sensitivity	Model_0	CLR_genus ~ standardized_Moffitt50_contrast	62	-0.252889889442271	0.18352498399350953	-0.61999451520969	0.11421473632514806	-1.3779589238444754	0.17333354724676628	0.036727740514999385	0.020673202856916095	0.036727740514999385	0.038128099458231396	0.01022444146864985	0.008364204604862823	2.0972289197338103	0.14348341767290934	0.0962465394761378	102.31695580272051	106.2181068698301	122_genus_tests_coactivation_score	relative_compositional_CLR_association_not_absolute_load	0.9794057682634961	11	coactivation_score	LOW_CURRENT_CONCERN
Leptothrix	secondary_or_sensitivity	Model_0	CLR_genus ~ standardized_Moffitt50_contrast	62	0.06775220618564833	0.14699717131298098	-0.2262859154339646	0.3617903278052612	0.4609082309576748	0.6465308232096323	0.003245615285926262	-0.013366957792641632	0.003245615285926262	0.0032561836052091113	0.000709180831335437	0.47793598143907945	1.839398073979098	0.06046509953332899	0.0962465394761378	85.99393706681876	86.27394911484313	122_genus_tests_coactivation_score	relative_compositional_CLR_association_not_absolute_load	0.9794057682634961	74	coactivation_score	LOW_CURRENT_CONCERN
Altererythrobacter	secondary_or_sensitivity	Model_0	CLR_genus ~ standardized_Moffitt50_contrast	62	-0.12851970792064257	0.11757270187614864	-0.3637001274118346	0.10666071157054946	-1.0931083990569983	0.2787156604235676	0.015746271402492518	-0.0006579574074658812	0.015746271402492518	0.01599818313610033	1.081669041311714e-06	0.2075378434358288	2.6164811596246276	0.09348556381024266	0.0962465394761378	62.97941623701498	63.98697247177943	122_genus_tests_coactivation_score	relative_compositional_CLR_association_not_absolute_load	0.9794057682634961	27	coactivation_score	LOW_CURRENT_CONCERN
Roseolovirus	secondary_or_sensitivity	Model_0	CLR_genus ~ standardized_Moffitt50_contrast	62	0.0940622091422709	0.20029960840670724	-0.3065966613039748	0.4947210795885165	0.46960755385641145	0.6403376562209991	0.002198716661597322	-0.014431304727376082	0.002198716661597322	0.0022035616693545893	5.527754874513904e-07	0.6537073896895285	2.797375577182024	0.07573451367252224	0.0962465394761378	244.92604768819015	245.4657573387024	122_genus_tests_coactivation_score	relative_compositional_CLR_association_not_absolute_load	0.9794057682634961	73	coactivation_score	LOW_CURRENT_CONCERN
Janibacter	secondary_or_sensitivity	Model_0	CLR_genus ~ standardized_Moffitt50_contrast	62	-0.270228644218316	0.21132503679926937	-0.6929416550649778	0.15248436662834586	-1.2787346369895451	0.20591450430186303	0.04328404700566457	0.027338781122425715	0.04328404700566457	0.04524231760763882	0.0012962486410736324	0.00782859490383546	3.0231249435735914	0.38663133234499913	0.0962465394761378	98.4572622506006	102.91169698012085	122_genus_tests_coactivation_score	relative_compositional_CLR_association_not_absolute_load	0.9794057682634961	17	coactivation_score	LOW_CURRENT_CONCERN
Lactobacillus	secondary_or_sensitivity	Model_0	CLR_genus ~ standardized_Moffitt50_contrast	62	-0.2547980238426645	0.22562997801865922	-0.7061251774545139	0.1965291297691849	-1.1292738051926465	0.2632770954272301	0.031780701575487735	0.01564371326841263	0.031780701575487735	0.03282386710035767	4.7283802503625755e-05	0.12671310467781785	4.410543289182176	0.3376412762305312	0.0962465394761378	120.65135403130473	124.61159804150648	122_genus_tests_coactivation_score	relative_compositional_CLR_association_not_absolute_load	0.9794057682634961	25	coactivation_score	LOW_CURRENT_CONCERN
Acinetobacter	secondary_or_sensitivity	Model_0	CLR_genus ~ standardized_Moffitt50_contrast	62	-0.09585552417405839	0.05619421025662867	-0.2082606805602041	0.01654963221208733	-1.7057900402248516	0.09321935083210788	0.037981773105323136	0.0219481359904119	0.037981773105323136	0.03948134457693745	0.9632169761465023	0.8053002417696148	2.4425427565555586	0.08199983495855245	0.0962465394761378	14.196202748451775	14.756687920847467	122_genus_tests_coactivation_score	relative_compositional_CLR_association_not_absolute_load	0.9794057682634961	6	coactivation_score	BIOLOGICALLY_PLAUSIBLE_BUT_CONTAMINATION_SENSITIVE
Janthinobacterium	secondary_or_sensitivity	Model_0	CLR_genus ~ standardized_Moffitt50_contrast	62	0.020326848845966587	0.10336380389853904	-0.18643154296739012	0.22708524065932328	0.19665345197550232	0.8447633411170853	0.0004762017907959937	-0.01618252817935728	0.0004762017907959937	0.0004764286669803963	0.02763016221366236	0.15704628749410482	3.5575558845837754	0.1303385292398194	0.0962465394761378	52.90199681762466	52.92720084544908	122_genus_tests_coactivation_score	relative_compositional_CLR_association_not_absolute_load	0.9794057682634961	105	coactivation_score	LOW_CURRENT_CONCERN
Paracoccus	secondary_or_sensitivity	Model_0	CLR_genus ~ standardized_Moffitt50_contrast	62	0.3875236464147232	0.2157804897792509	-0.04410159732388269	0.819148890153329	1.7959160571522015	0.07754323167887302	0.05928123894559845	0.04360259292802515	0.05928123894559845	0.0630169625607905	1.016999899180514e-05	0.9417031799166393	2.382778499843083	0.15346556480546683	0.0962465394761378	145.3679897619212	154.52863893028552	122_genus_tests_coactivation_score	relative_compositional_CLR_association_not_absolute_load	0.9794057682634961	4	coactivation_score	LOW_CURRENT_CONCERN
Delftia	secondary_or_sensitivity	Model_0	CLR_genus ~ standardized_Moffitt50_contrast	62	-0.08675057627112345	0.16014751959519843	-0.40709331091838485	0.23359215837613798	-0.5416916633513968	0.5900369096146708	0.003934933668797713	-0.012666150770055618	0.003934933668797713	0.003950478539811882	3.393182768938029e-08	0.7550796207120688	5.57559211664952	0.3298875038840434	0.0962465394761378	116.20501335707482	116.66407876856053	122_genus_tests_coactivation_score	relative_compositional_CLR_association_not_absolute_load	0.9794057682634961	65	coactivation_score	HIGH_RISK_POTENTIAL_CONTAMINANT
Sphingorhabdus	secondary_or_sensitivity	Model_0	CLR_genus ~ standardized_Moffitt50_contrast	62	-0.0922796906077102	0.12773473617988293	-0.3477872051838961	0.16322782396847574	-0.7224322323550031	0.4728352752186872	0.008552401438508772	-0.007971725204182656	0.008552401438508772	0.008626175958182361	0.06618109294164065	0.22599887459792417	2.407368163498487	0.1402801148089054	0.0962465394761378	60.21764704732381	60.73709506654174	122_genus_tests_coactivation_score	relative_compositional_CLR_association_not_absolute_load	0.9794057682634961	53	coactivation_score	LOW_CURRENT_CONCERN
Klebsiella	secondary_or_sensitivity	Model_0	CLR_genus ~ standardized_Moffitt50_contrast	62	0.16070518869501893	0.1749622198046357	-0.18927135851497406	0.510681735905012	0.9185136589742844	0.3620277907553535	0.011850944936655283	-0.004618205981067103	0.011850944936655283	0.011993074198604162	0.046523326481204434	0.668875544298656	2.2490097310960504	0.11017108505349671	0.0962465394761378	131.35878190989013	132.93417752797373	122_genus_tests_coactivation_score	relative_compositional_CLR_association_not_absolute_load	0.9794057682634961	39	coactivation_score	LOW_CURRENT_CONCERN
Brachybacterium	secondary_or_sensitivity	Model_0	CLR_genus ~ standardized_Moffitt50_contrast	62	-0.19093008024599736	0.1484427317321815	-0.4878597532237271	0.1059995927317324	-1.286220470467163	0.2033074268453236	0.040303055842372815	0.02430810677307904	0.040303055842372815	0.04199560714215754	0.004100945809665032	0.014958414061988872	3.7149907334568764	0.5464615561179659	0.0962465394761378	52.951062728535476	55.17477475664279	122_genus_tests_coactivation_score	relative_compositional_CLR_association_not_absolute_load	0.9794057682634961	16	coactivation_score	LOW_CURRENT_CONCERN
Herbaspirillum	secondary_or_sensitivity	Model_0	CLR_genus ~ standardized_Moffitt50_contrast	62	-0.04014017442993181	0.14937238163172134	-0.3389294240769468	0.25864907521708325	-0.2687255434468314	0.7890627515032331	0.00127456984342611	-0.015370853992516809	0.00127456984342611	0.0012761964449291043	0.010684851949789633	0.3887653541414755	2.584506818702857	0.13792027039905494	0.0962465394761378	77.01420121463619	77.11248646443538	122_genus_tests_coactivation_score	relative_compositional_CLR_association_not_absolute_load	0.9794057682634961	94	coactivation_score	MODERATE_RISK_ENVIRONMENTAL
Melaminivora	secondary_or_sensitivity	Model_0	CLR_genus ~ standardized_Moffitt50_contrast	62	-0.15487642795256715	0.1866646138698954	-0.5282612485236517	0.21850839261851748	-0.8297042741079758	0.40999500165156233	0.01919884507961811	0.0028521591642785005	0.01919884507961811	0.0195746558650582	5.272357195490549e-06	0.9838804218299335	2.4319270510294957	0.2902073098778539	0.0962465394761378	74.74916515227395	76.21235433633011	122_genus_tests_coactivation_score	relative_compositional_CLR_association_not_absolute_load	0.9794057682634961	44	coactivation_score	LOW_CURRENT_CONCERN
Lysobacter	secondary_or_sensitivity	Model_0	CLR_genus ~ standardized_Moffitt50_contrast	62	-0.06895613007333995	0.2359855212920393	-0.5409974543407059	0.40308519419402605	-0.29220491874162324	0.7711379829778212	0.0014287640146244396	-0.015214089918465179	0.0014287640146244396	0.0014308083020382178	0.014189036466800807	0.6705888739150597	2.158121305140644	0.14086372710152706	0.09137079719576306	202.71885475012823	203.00890657048438	122_genus_tests_Moffitt49_no_LEMD1_contrast	relative_compositional_CLR_association_not_absolute_load	0.9046041723393673	104	Moffitt49_no_LEMD1_contrast	LOW_CURRENT_CONCERN
Brevundimonas	secondary_or_sensitivity	Model_0	CLR_genus ~ standardized_Moffitt50_contrast	62	-0.27979082535574296	0.06662254166274775	-0.41305575034079156	-0.14652590037069432	-4.199642018644105	8.996507905011618e-05	0.23992352837131892	0.2272555871775076	0.23992352837131892	0.3156570915255595	0.8587033089251501	0.9640939488415742	2.5542431283733245	0.23271573777913487	0.09137079719576306	15.127989807133613	19.903247070281722	122_genus_tests_Moffitt49_no_LEMD1_contrast	relative_compositional_CLR_association_not_absolute_load	0.0013719674555142717	8	Moffitt49_no_LEMD1_contrast	HIGH_RISK_POTENTIAL_CONTAMINANT
Paraburkholderia	secondary_or_sensitivity	Model_0	CLR_genus ~ standardized_Moffitt50_contrast	62	-0.20588094936764875	0.16486507220310986	-0.5356601942217531	0.12389829548645562	-1.2487845158252096	0.21659439719138485	0.017745901232616768	0.0013749995864937858	0.017745901232616768	0.018066507693768698	7.023874828997989e-08	0.504944301693312	4.851418113477379	0.2434476857457328	0.09137079719576306	143.11592079058738	145.70152567465135	122_genus_tests_Moffitt49_no_LEMD1_contrast	relative_compositional_CLR_association_not_absolute_load	0.37749309224784217	70	Moffitt49_no_LEMD1_contrast	MODERATE_RISK_ENVIRONMENTAL
Aerococcus	secondary_or_sensitivity	Model_0	CLR_genus ~ standardized_Moffitt50_contrast	62	0.1866521556581936	0.1450156781175467	-0.10342238943825605	0.47672670075464324	1.2871170764508457	0.20299682704003386	0.03252476792918946	0.016400180728009306	0.03252476792918946	0.03361819181621069	0.008891043712977723	0.19462118797704403	3.003930733946567	0.175791974108162	0.09137079719576306	63.21519823377583	65.3403788936987	122_genus_tests_Moffitt49_no_LEMD1_contrast	relative_compositional_CLR_association_not_absolute_load	0.35892192607078455	69	Moffitt49_no_LEMD1_contrast	LOW_CURRENT_CONCERN
Acidovorax	secondary_or_sensitivity	Model_0	CLR_genus ~ standardized_Moffitt50_contrast	62	-0.19083221244732493	0.08114851877917877	-0.3531534178209995	-0.02851100707365037	-2.3516413524024666	0.021991798389496612	0.09625085051254889	0.08118836468775814	0.09625085051254889	0.10650173288366162	0.036839229459138	0.0245753885289222	2.2506847388535824	0.1439437338430913	0.09137079719576306	20.858185792963667	23.079618724723662	122_genus_tests_Moffitt49_no_LEMD1_contrast	relative_compositional_CLR_association_not_absolute_load	0.07411630608408101	36	Moffitt49_no_LEMD1_contrast	LOW_CURRENT_CONCERN
Cupriavidus	secondary_or_sensitivity	Model_0	CLR_genus ~ standardized_Moffitt50_contrast	62	-0.2946310285841265	0.07485983025845423	-0.4443729840064697	-0.1448890731617833	-3.9357693915002243	0.00021820872231528144	0.14567149687490366	0.13143268848948542	0.14567149687490366	0.17050993422558616	3.165572755033854e-08	0.5819816198379164	7.541858689450849	0.2912864530610541	0.09137079719576306	31.055398897000842	36.35065292027778	122_genus_tests_Moffitt49_no_LEMD1_contrast	relative_compositional_CLR_association_not_absolute_load	0.002420133102042212	11	Moffitt49_no_LEMD1_contrast	BIOLOGICALLY_PLAUSIBLE_BUT_CONTAMINATION_SENSITIVE
Staphylococcus	secondary_or_sensitivity	Model_0	CLR_genus ~ standardized_Moffitt50_contrast	62	-0.4558110370670886	0.163718054711125	-0.7832959053301634	-0.12832616880401382	-2.7841219947998517	0.007169134751861527	0.09004748417737596	0.07488160891366558	0.09004748417737596	0.09895844300839189	0.03215724206427745	0.11473782347997438	2.3170319893133193	0.11110364666236955	0.09137079719576306	128.0697776456315	140.7433634378741	122_genus_tests_Moffitt49_no_LEMD1_contrast	relative_compositional_CLR_association_not_absolute_load	0.032393868138040974	27	Moffitt49_no_LEMD1_contrast	LOW_CURRENT_CONCERN
Luteimonas	secondary_or_sensitivity	Model_0	CLR_genus ~ standardized_Moffitt50_contrast	62	0.08275232547626185	0.16089704476707992	-0.239089682739859	0.40459433369238273	0.5143184922759579	0.6089186146280325	0.006011767805664148	-0.010554702730908083	0.006011767805664148	0.006048127745328055	1.0545678815770851e-05	0.004512919339538273	3.9672239000860423	0.33590230099432533	0.09137079719576306	69.06679343837403	69.48451822804951	122_genus_tests_Moffitt49_no_LEMD1_contrast	relative_compositional_CLR_association_not_absolute_load	0.8074790324415214	92	Moffitt49_no_LEMD1_contrast	LOW_CURRENT_CONCERN
Rhodopseudomonas	secondary_or_sensitivity	Model_0	CLR_genus ~ standardized_Moffitt50_contrast	62	0.4080326536777686	0.20035524686160772	0.007262489751365286	0.8088028176041719	2.036545885716738	0.04611585886615453	0.06520821410398914	0.04962835100572238	0.06520821410398914	0.06975693955364205	0.003634587031830718	0.16901198840111328	2.1523902756742035	0.1701624986719209	0.09137079719576306	145.59023803928298	155.7461674737896	122_genus_tests_Moffitt49_no_LEMD1_contrast	relative_compositional_CLR_association_not_absolute_load	0.1280532009775732	43	Moffitt49_no_LEMD1_contrast	LOW_CURRENT_CONCERN
Rhodoferax	secondary_or_sensitivity	Model_0	CLR_genus ~ standardized_Moffitt50_contrast	62	0.01590183428467994	0.12508794227205944	-0.234311304202366	0.2661149727717259	0.12712523682014307	0.8992663658871062	0.00017801176562326493	-0.016485688038282875	0.00017801176562326493	0.00017804345945383998	0.00036209668539058517	0.012908664804099738	2.9818257975693756	0.06575598025593021	0.09137079719576306	86.63597302577575	86.65139799412643	122_genus_tests_Moffitt49_no_LEMD1_contrast	relative_compositional_CLR_association_not_absolute_load	0.9534924598941072	115	Moffitt49_no_LEMD1_contrast	LOW_CURRENT_CONCERN
Blastomonas	secondary_or_sensitivity	Model_0	CLR_genus ~ standardized_Moffitt50_contrast	62	-0.11475478440729026	0.04898347230188874	-0.21273631736745413	-0.016773251447126367	-2.3427245765683593	0.022477896107467192	0.07669935055556376	0.061311006398156565	0.07669935055556376	0.08307082920575752	0.01867716060910048	0.8361517876827916	3.7382098668434462	0.12474580289765252	0.09137079719576306	9.669920246209653	10.473208539415834	122_genus_tests_Moffitt49_no_LEMD1_contrast	relative_compositional_CLR_association_not_absolute_load	0.07411630608408101	37	Moffitt49_no_LEMD1_contrast	LOW_CURRENT_CONCERN
Aeromonas	secondary_or_sensitivity	Model_0	CLR_genus ~ standardized_Moffitt50_contrast	62	0.3579547868946559	0.1594540797988935	0.038999138361641206	0.6769104354276705	2.244876941036035	0.028474558549450812	0.07694147835506182	0.06155716966097957	0.07694147835506182	0.083354929888896	0.0008146433456753971	0.8391690390351251	4.530721379379164	0.17964437837873623	0.09137079719576306	93.76805196197401	101.58408135908273	122_genus_tests_Moffitt49_no_LEMD1_contrast	relative_compositional_CLR_association_not_absolute_load	0.09141831955349997	38	Moffitt49_no_LEMD1_contrast	LOW_CURRENT_CONCERN
Achromobacter	secondary_or_sensitivity	Model_0	CLR_genus ~ standardized_Moffitt50_contrast	62	-0.24010003173471822	0.11851750262433829	-0.4771703341047514	-0.003029729364685013	-2.025861382649589	0.04723273806549831	0.05787827427645753	0.04217624551439858	0.05787827427645753	0.061433966223427706	0.00029829808523753405	0.37034611322407907	5.168626927824926	0.2908235776055346	0.09137079719576306	57.2408026984714	60.75733223805118	122_genus_tests_Moffitt49_no_LEMD1_contrast	relative_compositional_CLR_association_not_absolute_load	0.1280532009775732	45	Moffitt49_no_LEMD1_contrast	LOW_CURRENT_CONCERN
Azoarcus	secondary_or_sensitivity	Model_0	CLR_genus ~ standardized_Moffitt50_contrast	62	-0.20035004092955294	0.07661970114313076	-0.3536122622495409	-0.047087819609564985	-2.614863252406657	0.011271864422480862	0.11809816766279757	0.10339980379051095	0.11809816766279757	0.13391305396181755	0.7274062277976441	0.29505993458130514	3.084556744525416	0.09867053510495459	0.09137079719576306	18.284613788488706	20.73316226141759	122_genus_tests_Moffitt49_no_LEMD1_contrast	relative_compositional_CLR_association_not_absolute_load	0.041796283633301526	32	Moffitt49_no_LEMD1_contrast	LOW_CURRENT_CONCERN
Enterobacter	secondary_or_sensitivity	Model_0	CLR_genus ~ standardized_Moffitt50_contrast	62	0.24609683258596227	0.21480818794853312	-0.18358351791831834	0.6757771830902428	1.1456585288309669	0.25648547465528726	0.01907289197322537	0.0027241068394459056	0.01907289197322537	0.01944374033213564	0.06268371503570504	0.0024530323973873695	2.2821704699310974	0.09770965036697879	0.09137079719576306	190.0037054821988	193.6980881937383	122_genus_tests_Moffitt49_no_LEMD1_contrast	relative_compositional_CLR_association_not_absolute_load	0.4286469576430828	73	Moffitt49_no_LEMD1_contrast	LOW_CURRENT_CONCERN
Methyloversatilis	secondary_or_sensitivity	Model_0	CLR_genus ~ standardized_Moffitt50_contrast	62	-0.07499680606166279	0.05385252658595068	-0.18271789770150498	0.0327242855781794	-1.392633007514792	0.16887021948925174	0.03059873194260343	0.014442044141646848	0.03059873194260343	0.031564567688178155	0.0719034244317101	0.9001700319765794	3.8581342060362496	0.10150167425864443	0.09137079719576306	10.869649141907622	11.212744917994113	122_genus_tests_Moffitt49_no_LEMD1_contrast	relative_compositional_CLR_association_not_absolute_load	0.3219088559013861	64	Moffitt49_no_LEMD1_contrast	LOW_CURRENT_CONCERN
Mycobacterium	secondary_or_sensitivity	Model_0	CLR_genus ~ standardized_Moffitt50_contrast	62	-0.1575401279456138	0.19902694219854397	-0.5556532869475194	0.24057303105629171	-0.791551767842848	0.43174025080868816	0.011974118443951132	-0.004492979581983025	0.011974118443951132	0.012119235606554162	3.9232793315884735e-06	0.11184452272533305	2.88954381844913	0.143838977786754	0.09137079719576306	124.92144355058007	126.4353959572804	122_genus_tests_Moffitt49_no_LEMD1_contrast	relative_compositional_CLR_association_not_absolute_load	0.6539716063485622	80	Moffitt49_no_LEMD1_contrast	LOW_CURRENT_CONCERN
Rubrivivax	secondary_or_sensitivity	Model_0	CLR_genus ~ standardized_Moffitt50_contrast	62	0.432835993138734	0.12213608528283869	0.18852744775812386	0.6771445385193442	3.54388297394981	0.0007707870377367859	0.13258530871368868	0.11812839719225021	0.13258530871368868	0.1528511218977333	0.043382776155606866	0.11336734176879229	2.071311822747692	0.1584368959009203	0.09137079719576306	74.76665314884761	86.19481996318764	122_genus_tests_Moffitt49_no_LEMD1_contrast	relative_compositional_CLR_association_not_absolute_load	0.005531530506111052	17	Moffitt49_no_LEMD1_contrast	LOW_CURRENT_CONCERN
Mesorhizobium	secondary_or_sensitivity	Model_0	CLR_genus ~ standardized_Moffitt50_contrast	62	0.3214712556996876	0.15650124061755333	0.008422164949866029	0.6345203464495092	2.054113145884104	0.04432905489694941	0.06458337493344746	0.04899309784900496	0.06458337493344746	0.06904236380110575	0.314182504239062	0.9999308769347227	2.4285121313784575	0.1537502677881727	0.09137079719576306	91.30582320253947	97.60979306524861	122_genus_tests_Moffitt49_no_LEMD1_contrast	relative_compositional_CLR_association_not_absolute_load	0.1280532009775732	42	Moffitt49_no_LEMD1_contrast	MODERATE_RISK_ENVIRONMENTAL
Nocardioides	secondary_or_sensitivity	Model_0	CLR_genus ~ standardized_Moffitt50_contrast	62	0.626093434147519	0.15539456003017227	0.31525803416630116	0.9369288341287367	4.029056319770481	0.00016002782273562285	0.18430151308654708	0.1707065383046562	0.18430151308654708	0.22594318371722294	0.08799313406720709	0.5127629833034344	2.7900814568064622	0.17054416753765242	0.09137079719576306	105.83002280417062	129.74159508941125	122_genus_tests_Moffitt49_no_LEMD1_contrast	relative_compositional_CLR_association_not_absolute_load	0.001952339437374599	10	Moffitt49_no_LEMD1_contrast	LOW_CURRENT_CONCERN
Comamonas	secondary_or_sensitivity	Model_0	CLR_genus ~ standardized_Moffitt50_contrast	62	-0.17208271499844838	0.05144598540828746	-0.2749900075620232	-0.06917542243487357	-3.3449201843984406	0.001423361263432167	0.12342708230852395	0.10881753368033276	0.12342708230852395	0.14080640619559512	0.003403862456222887	0.9289744468688818	4.648323690650823	0.13505057302843584	0.09137079719576306	12.828678450654028	14.635038559529495	122_genus_tests_Moffitt49_no_LEMD1_contrast	relative_compositional_CLR_association_not_absolute_load	0.009647226341040243	18	Moffitt49_no_LEMD1_contrast	HIGH_RISK_POTENTIAL_CONTAMINANT
Dechloromonas	secondary_or_sensitivity	Model_0	CLR_genus ~ standardized_Moffitt50_contrast	62	-0.4148562090445112	0.10248696576859784	-0.6198606634562875	-0.20985175463273492	-4.0478923922989605	0.00015025118468619798	0.26663618511849674	0.25441345487047173	0.26663618511849674	0.36357968542745694	0.0011028139975958386	0.529551220705705	3.6082128532798854	0.2395602908301617	0.09137079719576306	28.87522748364462	39.373673608794384	122_genus_tests_Moffitt49_no_LEMD1_contrast	relative_compositional_CLR_association_not_absolute_load	0.001952339437374599	9	Moffitt49_no_LEMD1_contrast	MODERATE_RISK_ENVIRONMENTAL
Chelatococcus	secondary_or_sensitivity	Model_0	CLR_genus ~ standardized_Moffitt50_contrast	62	0.19838665015456708	0.1373803696256122	-0.07641500399505902	0.4731883043041932	1.4440683970730948	0.1539214666214568	0.05046629193614549	0.03464073013508129	0.05046629193614549	0.053148499634677236	0.03858095604331051	2.4637952445186587e-05	2.58458183871459	0.2212912589933869	0.09137079719576306	45.171417011481644	47.57221005201423	122_genus_tests_Moffitt49_no_LEMD1_contrast	relative_compositional_CLR_association_not_absolute_load	0.29807014171139257	63	Moffitt49_no_LEMD1_contrast	LOW_CURRENT_CONCERN
Bordetella	secondary_or_sensitivity	Model_0	CLR_genus ~ standardized_Moffitt50_contrast	62	-0.06353473864769306	0.11600842685216274	-0.29558614221537477	0.16851666491998868	-0.5476734783125679	0.5859478095445289	0.003045828752708646	-0.013570074101412866	0.003045828752708646	0.0030551341682015366	1.0098145207795773e-07	0.07703584732313093	2.7912145306306693	0.1063312069256235	0.09137079719576306	80.59758765417307	80.84382409808995	122_genus_tests_Moffitt49_no_LEMD1_contrast	relative_compositional_CLR_association_not_absolute_load	0.7942848084936946	90	Moffitt49_no_LEMD1_contrast	LOW_CURRENT_CONCERN
Kocuria	secondary_or_sensitivity	Model_0	CLR_genus ~ standardized_Moffitt50_contrast	62	0.043441091309796946	0.21714070957824758	-0.39090499713020266	0.47778717974979656	0.20005963595758983	0.8421104757712713	0.0006730286756324588	-0.015982420846440304	0.0006730286756324588	0.000673481948296183	0.004025943513947606	0.41814724481748444	2.134008256860504	0.12660450550878127	0.09137079719576306	170.9248979228433	171.0400127561086	122_genus_tests_Moffitt49_no_LEMD1_contrast	relative_compositional_CLR_association_not_absolute_load	0.9409452476280666	109	Moffitt49_no_LEMD1_contrast	LOW_CURRENT_CONCERN
Bosea	secondary_or_sensitivity	Model_0	CLR_genus ~ standardized_Moffitt50_contrast	62	0.37420739814524306	0.18459818401461942	0.004956052713012249	0.7434587435774739	2.027145608949259	0.0470972729032232	0.07526557729974193	0.059853336921404376	0.07526557729974193	0.08139156005457622	0.013488144127203039	0.41909499364804026	3.296721565533813	0.17974483901016083	0.09137079719576306	104.94824992538427	113.49015171180886	122_genus_tests_Moffitt49_no_LEMD1_contrast	relative_compositional_CLR_association_not_absolute_load	0.1280532009775732	44	Moffitt49_no_LEMD1_contrast	LOW_CURRENT_CONCERN
Phenylobacterium	secondary_or_sensitivity	Model_0	CLR_genus ~ standardized_Moffitt50_contrast	62	-0.010412230195560394	0.18224260117870295	-0.3749517084115333	0.35412724802041257	-0.057133898046979686	0.954628380338594	7.088093872609225e-05	-0.016594604378961764	7.088093872609225e-05	7.088596318970563e-05	0.05001431554115958	0.7896370702836162	2.229644192823152	0.17443325744425608	0.09137079719576306	93.29472999689231	93.30134328368868	122_genus_tests_Moffitt49_no_LEMD1_contrast	relative_compositional_CLR_association_not_absolute_load	0.9734571714550602	119	Moffitt49_no_LEMD1_contrast	LOW_CURRENT_CONCERN
Xanthomonas	secondary_or_sensitivity	Model_0	CLR_genus ~ standardized_Moffitt50_contrast	62	0.08886623420964138	0.1890926965959018	-0.2893754749499443	0.467107943369227	0.46996121907104565	0.640086415655301	0.003283779383055685	-0.013328157627226611	0.003283779383055685	0.0032945981164258582	0.1428615147327207	0.23855506360186307	2.1959838440876966	0.10571080055352214	0.09137079719576306	146.21803495149013	146.69976461402885	122_genus_tests_Moffitt49_no_LEMD1_contrast	relative_compositional_CLR_association_not_absolute_load	0.8307504543611354	94	Moffitt49_no_LEMD1_contrast	LOW_CURRENT_CONCERN
Azospira	secondary_or_sensitivity	Model_0	CLR_genus ~ standardized_Moffitt50_contrast	62	-0.0561547565504132	0.14832148639810122	-0.35284190275045274	0.24053238964962637	-0.3786016302431829	0.7063200814626278	0.001960118008313194	-0.01467388002488157	0.001960118008313194	0.001963967616606248	0.00044407770951461527	0.03794650107325491	2.0876473573884167	0.11107368148669867	0.09137079719576306	97.94191923072543	98.13427398840284	122_genus_tests_Moffitt49_no_LEMD1_contrast	relative_compositional_CLR_association_not_absolute_load	0.8651122093527669	99	Moffitt49_no_LEMD1_contrast	LOW_CURRENT_CONCERN
Deinococcus	secondary_or_sensitivity	Model_0	CLR_genus ~ standardized_Moffitt50_contrast	62	-0.038747370561763916	0.1602982877391153	-0.35939168639893143	0.2818969452754036	-0.24172042701307625	0.809821038084337	0.0012349332951353542	-0.015411151149945734	0.0012349332951353542	0.0012364602410551444	0.001237186482618193	0.019737919444301675	2.2379944616730283	0.09923111429297313	0.09137079719576306	74.06860262191753	74.16018550417002	122_genus_tests_Moffitt49_no_LEMD1_contrast	relative_compositional_CLR_association_not_absolute_load	0.9313753935501968	105	Moffitt49_no_LEMD1_contrast	LOW_CURRENT_CONCERN
Hydrogenophaga	secondary_or_sensitivity	Model_0	CLR_genus ~ standardized_Moffitt50_contrast	62	-0.26926086147426764	0.074090370507742	-0.4174636682331335	-0.12105805471540176	-3.6342220943021397	0.0005797664247821792	0.14009848226670762	0.12576679030448612	0.14009848226670762	0.16292386904492087	0.00010988538707768942	0.7331120841692726	5.663242834973187	0.20898474514654533	0.09137079719576306	27.145108502268343	31.567694605102083	122_genus_tests_Moffitt49_no_LEMD1_contrast	relative_compositional_CLR_association_not_absolute_load	0.004420718988964116	16	Moffitt49_no_LEMD1_contrast	LOW_CURRENT_CONCERN
Porphyrobacter	secondary_or_sensitivity	Model_0	CLR_genus ~ standardized_Moffitt50_contrast	62	-0.132032327000252	0.0699335044355543	-0.27192016360851584	0.007855509608011846	-1.8879695514461674	0.0638682899840578	0.035405630455177195	0.019329057629430157	0.035405630455177195	0.03670520124628611	9.156814260124217e-08	0.3215930274398152	4.926281830075653	0.2495485296748845	0.09137079719576306	28.970952934546073	30.034337592305263	122_genus_tests_Moffitt49_no_LEMD1_contrast	relative_compositional_CLR_association_not_absolute_load	0.15278296819715786	51	Moffitt49_no_LEMD1_contrast	LOW_CURRENT_CONCERN
Aromatoleum	secondary_or_sensitivity	Model_0	CLR_genus ~ standardized_Moffitt50_contrast	62	0.25234113698383864	0.14900655749435857	-0.045716355437969425	0.5503986294056467	1.6934901471929673	0.0955483490416013	0.03487997038498236	0.01879463655806546	0.03487997038498236	0.03614055176007054	0.002250835644442692	0.7663646666719833	2.292372669539178	0.06223739707391611	0.09137079719576306	107.47591901913214	111.36015803340423	122_genus_tests_Moffitt49_no_LEMD1_contrast	relative_compositional_CLR_association_not_absolute_load	0.20815890326920283	56	Moffitt49_no_LEMD1_contrast	LOW_CURRENT_CONCERN
Microbacterium	secondary_or_sensitivity	Model_0	CLR_genus ~ standardized_Moffitt50_contrast	62	0.32178709293783936	0.16138707626553617	-0.0010351242173619046	0.6446093100930406	1.9938838994046282	0.05071579255167388	0.051354999268120705	0.03554424925592281	0.051354999268120705	0.054135107683591165	0.11977594500724675	0.53549896292941	2.402655856862171	0.15741705189056984	0.09137079719576306	116.67775671533575	122.99411963940028	122_genus_tests_Moffitt49_no_LEMD1_contrast	relative_compositional_CLR_association_not_absolute_load	0.13450710198487423	46	Moffitt49_no_LEMD1_contrast	LOW_CURRENT_CONCERN
Mitsuaria	secondary_or_sensitivity	Model_0	CLR_genus ~ standardized_Moffitt50_contrast	62	0.05182796348356276	0.1721516603915292	-0.29252662785375166	0.3961825548208772	0.3010599105793636	0.7644096687469465	0.002082683164645105	-0.014549272115944145	0.002082683164645105	0.0020870297864454476	0.0004904546625619052	0.0007640100077540596	2.495899514857985	0.18233021629220425	0.09137079719576306	78.51081321132074	78.67466761705082	122_genus_tests_Moffitt49_no_LEMD1_contrast	relative_compositional_CLR_association_not_absolute_load	0.9046041723393673	103	Moffitt49_no_LEMD1_contrast	LOW_CURRENT_CONCERN
Pandoraea	secondary_or_sensitivity	Model_0	CLR_genus ~ standardized_Moffitt50_contrast	62	0.4325322680450323	0.09007339637118504	0.2523586494623237	0.6127058866277408	4.801997986870646	1.0853405521058232e-05	0.27534552479732843	0.26326795021061733	0.27534552479732843	0.37996801816523623	0.22100925129368468	0.08306112064009889	3.806880532863539	0.28006598053525217	0.09137079719576306	30.034459194795055	41.446593131705995	122_genus_tests_Moffitt49_no_LEMD1_contrast	relative_compositional_CLR_association_not_absolute_load	0.00033102886839227603	4	Moffitt49_no_LEMD1_contrast	LOW_CURRENT_CONCERN
Rhodococcus	secondary_or_sensitivity	Model_0	CLR_genus ~ standardized_Moffitt50_contrast	62	-0.06699526050526562	0.16842380796982756	-0.40389303676265964	0.2699025157521284	-0.3977778516756227	0.6922056925645914	0.0026339807680939575	-0.013988786219104377	0.0026339807680939575	0.002640936945217409	0.0010769447605674736	0.9751368677583301	2.570667030970806	0.08568246791910192	0.09137079719576306	103.67163867205777	103.94542893279804	122_genus_tests_Moffitt49_no_LEMD1_contrast	relative_compositional_CLR_association_not_absolute_load	0.862506776742804	97	Moffitt49_no_LEMD1_contrast	LOW_CURRENT_CONCERN
Streptococcus	secondary_or_sensitivity	Model_0	CLR_genus ~ standardized_Moffitt50_contrast	62	0.29927978571464303	0.14548283208773366	0.00827079354908311	0.590288777880203	2.0571484718840356	0.04402647041286159	0.03423125582776798	0.01813511009156421	0.03423125582776798	0.03544456789923126	3.55874130391583e-05	0.9552351149189706	4.49190985667562	0.12795179364634637	0.09137079719576306	154.14694330354757	159.61061510192914	122_genus_tests_Moffitt49_no_LEMD1_contrast	relative_compositional_CLR_association_not_absolute_load	0.1280532009775732	41	Moffitt49_no_LEMD1_contrast	LOW_CURRENT_CONCERN
Rhizorhabdus	secondary_or_sensitivity	Model_0	CLR_genus ~ standardized_Moffitt50_contrast	62	-0.27774600428868224	0.08658216055265908	-0.45093611146745516	-0.10455589710990931	-3.207889506519738	0.0021465468173097837	0.08453668526197311	0.06927896334967276	0.08453668526197311	0.09234306159626343	1.658739972179207e-07	0.7376915520977526	4.949995917485276	0.160297950100288	0.09137079719576306	50.959036179372916	55.664749596170964	122_genus_tests_Moffitt49_no_LEMD1_contrast	relative_compositional_CLR_association_not_absolute_load	0.012470414843418744	21	Moffitt49_no_LEMD1_contrast	LOW_CURRENT_CONCERN
Citromicrobium	secondary_or_sensitivity	Model_0	CLR_genus ~ standardized_Moffitt50_contrast	62	-0.006897253488759638	0.1455501790357282	-0.2980409596077124	0.2842464526301931	-0.04738746138585353	0.9623618033887718	4.888285608972698e-05	-0.01661696909630872	4.888285608972698e-05	4.8885245740159406e-05	0.07554928853843575	0.17512439868943314	2.4490216633935913	0.15340665724260455	0.09137079719576306	59.36143724071552	59.36433913916251	122_genus_tests_Moffitt49_no_LEMD1_contrast	relative_compositional_CLR_association_not_absolute_load	0.9734571714550602	120	Moffitt49_no_LEMD1_contrast	LOW_CURRENT_CONCERN
Massilia	secondary_or_sensitivity	Model_0	CLR_genus ~ standardized_Moffitt50_contrast	62	0.162531600385872	0.13772302472174097	-0.11295546600624257	0.43801866677798657	1.1801338281253617	0.24260471422209015	0.01867224546657842	0.0023167828910214405	0.01867224546657842	0.019027532218790912	3.5323280557487948e-06	0.0014286796064718861	2.1632793529990315	0.08447611446306703	0.09137079719576306	84.68821758042519	86.29962536898873	122_genus_tests_Moffitt49_no_LEMD1_contrast	relative_compositional_CLR_association_not_absolute_load	0.41108021020965274	72	Moffitt49_no_LEMD1_contrast	LOW_CURRENT_CONCERN
Candida	secondary_or_sensitivity	Model_0	CLR_genus ~ standardized_Moffitt50_contrast	62	-1.124758182456261	0.2419346988861834	-1.6086996337079693	-0.6408167312045524	-4.649015571699354	1.877531710819681e-05	0.24224858234846736	0.22961939205427517	0.24224858234846736	0.3196940008363934	0.005088665310933191	0.00028758112614689753	2.9944363802921177	0.12898001952028262	0.09137079719576306	241.38688529420844	318.5568244033494	122_genus_tests_Moffitt49_no_LEMD1_contrast	relative_compositional_CLR_association_not_absolute_load	0.0004581177374400022	5	Moffitt49_no_LEMD1_contrast	LOW_CURRENT_CONCERN
Ramlibacter	secondary_or_sensitivity	Model_0	CLR_genus ~ standardized_Moffitt50_contrast	62	-0.3635861011812555	0.09777941393013799	-0.5591740499035414	-0.16799815245896968	-3.71843199470425	0.00044308880614150154	0.22110518254787814	0.20812360225700954	0.22110518254787814	0.2838703989213143	0.11669698361771785	0.133943804123758	2.857187102138815	0.17737233168670893	0.09137079719576306	28.406928168437044	36.47081419974039	122_genus_tests_Moffitt49_no_LEMD1_contrast	relative_compositional_CLR_association_not_absolute_load	0.0041582180268664	13	Moffitt49_no_LEMD1_contrast	LOW_CURRENT_CONCERN
Caulobacter	secondary_or_sensitivity	Model_0	CLR_genus ~ standardized_Moffitt50_contrast	62	-0.11802460928290241	0.048198662833151586	-0.21443628957205518	-0.021612928993749628	-2.4487112783909795	0.01727619692654588	0.0733094984641609	0.057864656771897005	0.0733094984641609	0.07910893479825498	0.0035769940153117246	0.9438111073199141	4.5610426170670015	0.13133619818777958	0.09137079719576306	10.741116845350685	11.590835157529973	122_genus_tests_Moffitt49_no_LEMD1_contrast	relative_compositional_CLR_association_not_absolute_load	0.06199105955995875	34	Moffitt49_no_LEMD1_contrast	HIGH_RISK_POTENTIAL_CONTAMINANT
Bacteroides	secondary_or_sensitivity	Model_0	CLR_genus ~ standardized_Moffitt50_contrast	62	0.2307146358319813	0.2965017819351628	-0.362377232796272	0.8238065044602345	0.7781222572295791	0.4395546862342795	0.011155646101497663	-0.005325093130144065	0.011155646101497663	0.011281498506328841	0.020827307215924868	0.10809895637089985	2.4670786772300866	0.1625851851854746	0.09137079719576306	287.81494165783977	291.0619254922519	122_genus_tests_Moffitt49_no_LEMD1_contrast	relative_compositional_CLR_association_not_absolute_load	0.6539716063485622	82	Moffitt49_no_LEMD1_contrast	LOW_CURRENT_CONCERN
Enterococcus	secondary_or_sensitivity	Model_0	CLR_genus ~ standardized_Moffitt50_contrast	62	-0.07519730452769707	0.15510113355666513	-0.38544576417303716	0.23505115511764302	-0.48482756252857595	0.6295640562766963	0.0034780698029429624	-0.013130629033674568	0.0034780698029429624	0.0034902089934490373	2.4693251455477834e-05	0.16381911145070013	2.9396538993299295	0.09978069800640597	0.09137079719576306	98.82866950074572	99.17360221184784	122_genus_tests_Moffitt49_no_LEMD1_contrast	relative_compositional_CLR_association_not_absolute_load	0.8258797297393221	93	Moffitt49_no_LEMD1_contrast	LOW_CURRENT_CONCERN
Laribacter	secondary_or_sensitivity	Model_0	CLR_genus ~ standardized_Moffitt50_contrast	62	0.09872619221740682	0.14958890965898258	-0.20049617797094393	0.39794856240575754	0.6599833666979232	0.5117901627685144	0.010494886614522692	-0.00599686527523513	0.010494886614522692	0.010606197454215927	0.10242944054115385	0.0001167779584705461	2.545237505273504	0.19846406301745384	0.09137079719576306	56.05765170610699	56.65221022892163	122_genus_tests_Moffitt49_no_LEMD1_contrast	relative_compositional_CLR_association_not_absolute_load	0.7176827569857328	87	Moffitt49_no_LEMD1_contrast	LOW_CURRENT_CONCERN
Variovorax	secondary_or_sensitivity	Model_0	CLR_genus ~ standardized_Moffitt50_contrast	62	-0.31229269458598846	0.0847771403635035	-0.4818722238117017	-0.1427131653602752	-3.6836898867661056	0.0004952588425888138	0.21701175570611853	0.20396195163455388	0.21701175570611853	0.2771583830122829	0.24385296544345408	0.4385194335690269	2.9161055275065406	0.14826920516161493	0.09137079719576306	21.46473178238591	27.413862134984342	122_genus_tests_Moffitt49_no_LEMD1_contrast	relative_compositional_CLR_association_not_absolute_load	0.00424022738053909	14	Moffitt49_no_LEMD1_contrast	LOW_CURRENT_CONCERN
Pseudomonas	secondary_or_sensitivity	Model_0	CLR_genus ~ standardized_Moffitt50_contrast	62	0.11196703778059727	0.06864275160502234	-0.025338908751994765	0.2492729843131893	1.6311560239436127	0.1080959574463306	0.04962598707581223	0.03378642019374245	0.04962598707581223	0.05221732328635436	0.0024458283994546392	0.09689863653161289	3.9334520508801063	0.14900644229738086	0.09137079719576306	14.645210102351403	15.409943772862464	122_genus_tests_Moffitt49_no_LEMD1_contrast	relative_compositional_CLR_association_not_absolute_load	0.2273742553181437	58	Moffitt49_no_LEMD1_contrast	BIOLOGICALLY_PLAUSIBLE_BUT_CONTAMINATION_SENSITIVE
Methylobacterium	secondary_or_sensitivity	Model_0	CLR_genus ~ standardized_Moffitt50_contrast	62	0.210099527432422	0.12003626613132487	-0.030008754272791233	0.45020780913763525	1.7503004233950765	0.08517850683758932	0.02868315700900481	0.012494542959154975	0.02868315700900481	0.029530175674376446	2.2649861196958453e-06	0.026026589605468355	2.378445141504053	0.07805379643853078	0.09137079719576306	91.18301654410256	93.8756670411695	122_genus_tests_Moffitt49_no_LEMD1_contrast	relative_compositional_CLR_association_not_absolute_load	0.1924403302627018	54	Moffitt49_no_LEMD1_contrast	BIOLOGICALLY_PLAUSIBLE_BUT_CONTAMINATION_SENSITIVE
Elizabethkingia	secondary_or_sensitivity	Model_0	CLR_genus ~ standardized_Moffitt50_contrast	62	0.39280669014284064	0.17649183196030013	0.03977046306934551	0.7458429172163358	2.2256366528690013	0.029807653957644988	0.046269718862390286	0.03037421417676356	0.046269718862390286	0.048514469737921874	3.2871318663925413e-06	0.7527676769303735	4.9194334403726385	0.18853016047592452	0.09137079719576306	194.00650766511845	203.4186305101978	122_genus_tests_Moffitt49_no_LEMD1_contrast	relative_compositional_CLR_association_not_absolute_load	0.09324445597006893	39	Moffitt49_no_LEMD1_contrast	HIGH_RISK_POTENTIAL_CONTAMINANT
Tessaracoccus	secondary_or_sensitivity	Model_0	CLR_genus ~ standardized_Moffitt50_contrast	62	-0.10791244651668006	0.0821776003877877	-0.27229212159073	0.05646722855736988	-1.3131613238577453	0.1941286135347125	0.030657072480926195	0.014501357022275063	0.030657072480926195	0.031626653076625405	0.4428750316468118	0.7501371722422664	3.6773809790994454	0.1115379785551409	0.09137079719576306	22.460513326689654	23.17086418959579	122_genus_tests_Moffitt49_no_LEMD1_contrast	relative_compositional_CLR_association_not_absolute_load	0.3482895713416901	68	Moffitt49_no_LEMD1_contrast	LOW_CURRENT_CONCERN
Agrobacterium	secondary_or_sensitivity	Model_0	CLR_genus ~ standardized_Moffitt50_contrast	62	-0.2141816723928103	0.10809474606072256	-0.4304033575092582	0.0020400127236375465	-1.9814253717057912	0.05213133131498301	0.06984267997797133	0.05434005797760422	0.06984267997797133	0.0750869540824742	0.0444563591021831	0.1431575262491568	3.859116952480701	0.1795027319866007	0.09137079719576306	37.26747409482408	40.06577521095193	122_genus_tests_Moffitt49_no_LEMD1_contrast	relative_compositional_CLR_association_not_absolute_load	0.13531962596655164	47	Moffitt49_no_LEMD1_contrast	LOW_CURRENT_CONCERN
Azospirillum	secondary_or_sensitivity	Model_0	CLR_genus ~ standardized_Moffitt50_contrast	62	0.08968288466215768	0.17316682164674696	-0.25670233152296207	0.43606810084727743	0.5178987741953652	0.6064333498408689	0.004927011915995094	-0.011657537885404912	0.004927011915995094	0.004951407560044381	0.03130920283169195	0.567863313021183	2.1880014883982652	0.1794817634001997	0.09137079719576306	99.08782541756477	99.57844962544563	122_genus_tests_Moffitt49_no_LEMD1_contrast	relative_compositional_CLR_association_not_absolute_load	0.8074790324415214	91	Moffitt49_no_LEMD1_contrast	LOW_CURRENT_CONCERN
Clostridium	secondary_or_sensitivity	Model_0	CLR_genus ~ standardized_Moffitt50_contrast	62	-0.3312378576100475	0.2470630146857641	-0.8254374677862586	0.16296175256616358	-1.3407019178137374	0.1850713870763186	0.02748407954570009	0.011275480871461796	0.02748407954570009	0.028260801666733858	3.1556587843095623e-10	0.4799134066335975	3.800228702748535	0.19257848835250568	0.09137079719576306	236.8237708216859	243.51660043884561	122_genus_tests_Moffitt49_no_LEMD1_contrast	relative_compositional_CLR_association_not_absolute_load	0.3421016548986495	66	Moffitt49_no_LEMD1_contrast	LOW_CURRENT_CONCERN
Ensifer	secondary_or_sensitivity	Model_0	CLR_genus ~ standardized_Moffitt50_contrast	62	0.4178362157372758	0.15744484081005786	0.10289964357753523	0.7327727878970164	2.653857780207325	0.010171591065530417	0.10348228487077171	0.08854032295195124	0.10348228487077171	0.11542692701376825	0.49659577323285575	0.27108440431741526	2.6501394015926047	0.1544081916253245	0.09137079719576306	92.26454839961332	102.91436169369379	122_genus_tests_Moffitt49_no_LEMD1_contrast	relative_compositional_CLR_association_not_absolute_load	0.04003013258047454	31	Moffitt49_no_LEMD1_contrast	LOW_CURRENT_CONCERN
Roseomonas	secondary_or_sensitivity	Model_0	CLR_genus ~ standardized_Moffitt50_contrast	62	-0.06366027586542725	0.169837614722954	-0.40338608669184917	0.2760655349609946	-0.37483025164521105	0.7091083683219401	0.0036792055775431987	-0.012926140996164293	0.0036792055775431987	0.003692792118903777	0.0009470908484352511	0.06844591782158636	2.7023904063730644	0.20051726466976702	0.09137079719576306	66.94405375637537	67.19126423049438	122_genus_tests_Moffitt49_no_LEMD1_contrast	relative_compositional_CLR_association_not_absolute_load	0.8651122093527669	100	Moffitt49_no_LEMD1_contrast	LOW_CURRENT_CONCERN
Croceicoccus	secondary_or_sensitivity	Model_0	CLR_genus ~ standardized_Moffitt50_contrast	62	0.03156640256988491	0.19164087383990652	-0.3517724199809897	0.4149052251207595	0.1647164403782407	0.8697208560156908	0.00048799923612941054	-0.016170534109934964	0.00048799923612941054	0.0004882374956543396	4.6910253750333067e-07	0.028314538745247902	2.3583423062267097	0.20134503931949102	0.09137079719576306	124.49413366334738	124.55491636739086	122_genus_tests_Moffitt49_no_LEMD1_contrast	relative_compositional_CLR_association_not_absolute_load	0.9473745038742346	112	Moffitt49_no_LEMD1_contrast	LOW_CURRENT_CONCERN
Rhodobacter	secondary_or_sensitivity	Model_0	CLR_genus ~ standardized_Moffitt50_contrast	62	0.24109048092168278	0.21535761708040005	-0.18968889147842244	0.671869853321788	1.1194889885491062	0.2673931705796424	0.023369965912481083	0.007092798677689194	0.023369965912481083	0.02392919027348572	0.0011993560610564923	0.7075269939852733	2.0020130607087783	0.19157355738392476	0.09137079719576306	148.1705723817423	151.71617420119622	122_genus_tests_Moffitt49_no_LEMD1_contrast	relative_compositional_CLR_association_not_absolute_load	0.4292364054041628	76	Moffitt49_no_LEMD1_contrast	LOW_CURRENT_CONCERN
Micrococcus	secondary_or_sensitivity	Model_0	CLR_genus ~ standardized_Moffitt50_contrast	62	-0.06376121162687994	0.273728362591291	-0.6112994591417691	0.4837770358880092	-0.23293607948871195	0.8166038534147274	0.001118558905527478	-0.01552946511271358	0.001118558905527478	0.0011198114806316504	7.403415955695301e-05	0.7690050823132402	1.8128653134687216	0.10469999161588195	0.09137079719576306	221.4614003206455	221.70939533924133	122_genus_tests_Moffitt49_no_LEMD1_contrast	relative_compositional_CLR_association_not_absolute_load	0.9313753935501968	106	Moffitt49_no_LEMD1_contrast	LOW_CURRENT_CONCERN
Bradyrhizobium	secondary_or_sensitivity	Model_0	CLR_genus ~ standardized_Moffitt50_contrast	62	0.14580199433882401	0.11982773319067762	-0.09388915937939427	0.38549314805704227	1.2167633523269148	0.2284589368328017	0.02164010849522091	0.005334110303474637	0.02164010849522091	0.02211876088045378	0.48175401014499875	0.19860427033348457	2.4077023589916937	0.09346431073462648	0.09137079719576306	58.62677035809063	59.92352187283451	122_genus_tests_Moffitt49_no_LEMD1_contrast	relative_compositional_CLR_association_not_absolute_load	0.39256324357185646	71	Moffitt49_no_LEMD1_contrast	BIOLOGICALLY_PLAUSIBLE_BUT_CONTAMINATION_SENSITIVE
Aquabacterium	secondary_or_sensitivity	Model_0	CLR_genus ~ standardized_Moffitt50_contrast	62	-0.1874983365358268	0.10511149030955498	-0.3977526216707026	0.02275594859904903	-1.7838043774628374	0.07951260666586583	0.02980373353994603	0.013633795765611856	0.02980373353994603	0.03071928286086962	2.0668819363601744e-07	0.32702164441734294	3.629637389074448	0.14286062750897718	0.09137079719576306	69.80935095843333	71.95384415685915	122_genus_tests_Moffitt49_no_LEMD1_contrast	relative_compositional_CLR_association_not_absolute_load	0.18302901911765343	53	Moffitt49_no_LEMD1_contrast	LOW_CURRENT_CONCERN
Prevotella	secondary_or_sensitivity	Model_0	CLR_genus ~ standardized_Moffitt50_contrast	62	0.05369558751497215	0.24002849657754716	-0.42643289141045265	0.5338240664403969	0.22370505286077338	0.8237467685810917	0.000742503151728191	-0.015911788462409593	0.000742503151728191	0.0007430548723127903	6.189910205687792e-08	0.5441199810273637	5.369857198265303	0.16483172605082164	0.09137079719576306	236.69339881431944	236.86927499755265	122_genus_tests_Moffitt49_no_LEMD1_contrast	relative_compositional_CLR_association_not_absolute_load	0.9313753935501968	107	Moffitt49_no_LEMD1_contrast	LOW_CURRENT_CONCERN
Sulfuritalea	secondary_or_sensitivity	Model_0	CLR_genus ~ standardized_Moffitt50_contrast	62	0.05002689505484687	0.12252988094089085	-0.19506935892288368	0.2951231490325774	0.4082832258604752	0.6845191859528515	0.0041168011207383115	-0.012481252193915937	0.0041168011207383115	0.0041338192323871325	0.1785346673426834	0.0007350311707118248	2.6712623179582313	0.32549136950566193	0.09137079719576306	36.930522448216834	37.08318655217538	122_genus_tests_Moffitt49_no_LEMD1_contrast	relative_compositional_CLR_association_not_absolute_load	0.862506776742804	96	Moffitt49_no_LEMD1_contrast	LOW_CURRENT_CONCERN
Escherichia	secondary_or_sensitivity	Model_0	CLR_genus ~ standardized_Moffitt50_contrast	62	-0.23646262142084426	0.26561323391048564	-0.7677681947101529	0.2948429518684643	-0.8902516562880846	0.37688661290020375	0.011686856301618143	-0.0047850294266882365	0.011686856301618143	0.011825054008575236	4.618261912699066e-08	0.9177396694509219	2.768536577036059	0.17835529178161547	0.09137079719576306	288.4374860874972	291.84827493857944	122_genus_tests_Moffitt49_no_LEMD1_contrast	relative_compositional_CLR_association_not_absolute_load	0.5820274275167703	79	Moffitt49_no_LEMD1_contrast	LOW_CURRENT_CONCERN
Moraxella	secondary_or_sensitivity	Model_0	CLR_genus ~ standardized_Moffitt50_contrast	62	-0.0023776783375422943	0.1603903593732009	-0.3232061648638405	0.3184508081887559	-0.014824322028045614	0.9882215198651012	2.9929357481250918e-06	-0.01666362384865594	2.9929357481250918e-06	2.992944705816294e-06	0.04384476120125084	0.06606864220136487	2.081660013552886	0.07747880723588343	0.09137079719576306	115.22251320003747	115.22285805464834	122_genus_tests_Moffitt49_no_LEMD1_contrast	relative_compositional_CLR_association_not_absolute_load	0.9882215198651012	122	Moffitt49_no_LEMD1_contrast	LOW_CURRENT_CONCERN
Shinella	secondary_or_sensitivity	Model_0	CLR_genus ~ standardized_Moffitt50_contrast	62	-0.04303649550754864	0.11873147496238437	-0.28053480627934674	0.19446181526424944	-0.3624691390482865	0.7182751512526632	0.0013005582270635418	-0.01534443246915207	0.0013005582270635418	0.001302251881461686	2.9269676152184556e-09	0.5419934205259747	5.457939093223044	0.20362477017761318	0.09137079719576306	86.7578218071215	86.87080234380133	122_genus_tests_Moffitt49_no_LEMD1_contrast	relative_compositional_CLR_association_not_absolute_load	0.8676194896319297	101	Moffitt49_no_LEMD1_contrast	LOW_CURRENT_CONCERN
Cutibacterium	secondary_or_sensitivity	Model_0	CLR_genus ~ standardized_Moffitt50_contrast	62	-0.3363061439270885	0.10833259592487839	-0.5530035996087737	-0.11960868824540338	-3.1043855365590516	0.0029084497445687257	0.14858809783988025	0.13439789947054492	0.14858809783988025	0.17451963904062995	0.9846141490483442	0.4044821142937465	2.563625793040852	0.14886652752214208	0.09137079719576306	39.53257757668947	46.431788745719025	122_genus_tests_Moffitt49_no_LEMD1_contrast	relative_compositional_CLR_association_not_absolute_load	0.015427429079886285	23	Moffitt49_no_LEMD1_contrast	LOW_CURRENT_CONCERN
Chryseobacterium	secondary_or_sensitivity	Model_0	CLR_genus ~ standardized_Moffitt50_contrast	62	0.3749948916276099	0.1297950533925313	0.11536612901830495	0.6346236542369148	2.889130839936832	0.0053679620460047855	0.07476082052773336	0.05934016753652893	0.07476082052773336	0.08080161561076031	1.2069039849235078e-07	0.3144332835366571	5.194474317707465	0.20340007647569172	0.09137079719576306	106.15989827327981	114.73778956683478	122_genus_tests_Moffitt49_no_LEMD1_contrast	relative_compositional_CLR_association_not_absolute_load	0.025188129600483996	26	Moffitt49_no_LEMD1_contrast	LOW_CURRENT_CONCERN
Aminobacter	secondary_or_sensitivity	Model_0	CLR_genus ~ standardized_Moffitt50_contrast	62	0.02855158810640309	0.14870888633748677	-0.2689104733486379	0.326013649561444	0.19199651621091968	0.8483932560580929	0.0005897215241418285	-0.016067116450455776	0.0005897215241418285	0.000590069500827206	0.008847932197832638	0.26694438412047977	2.474900925913504	0.08879388879212176	0.09137079719576306	84.27275789973964	84.3224846839269	122_genus_tests_Moffitt49_no_LEMD1_contrast	relative_compositional_CLR_association_not_absolute_load	0.9409452476280666	110	Moffitt49_no_LEMD1_contrast	LOW_CURRENT_CONCERN
Sphingopyxis	secondary_or_sensitivity	Model_0	CLR_genus ~ standardized_Moffitt50_contrast	62	-0.16845534047721908	0.05104591045387221	-0.2705623639808346	-0.06634831697360355	-3.3000751476348777	0.0016299377324633742	0.13753663871372146	0.12316224935895015	0.13753663871372146	0.15946954373644256	0.05138197797172764	0.5969177230212301	3.6013789533452627	0.13335993791680645	0.09137079719576306	10.854795626140998	12.585804931994035	122_genus_tests_Moffitt49_no_LEMD1_contrast	relative_compositional_CLR_association_not_absolute_load	0.01046591596634377	19	Moffitt49_no_LEMD1_contrast	MODERATE_RISK_ENVIRONMENTAL
Thiomonas	secondary_or_sensitivity	Model_0	CLR_genus ~ standardized_Moffitt50_contrast	62	0.013202038237549849	0.18938290063282048	-0.365620165425024	0.3920242419001237	0.06971082496590458	0.9446556461236331	9.568984025110083e-05	-0.016569381995744648	9.568984025110083e-05	9.569899767290034e-05	0.0001314470781941706	0.9008573182741808	2.4025169850423267	0.16579429388683248	0.09137079719576306	111.09753382675517	111.10816574938634	122_genus_tests_Moffitt49_no_LEMD1_contrast	relative_compositional_CLR_association_not_absolute_load	0.9734571714550602	118	Moffitt49_no_LEMD1_contrast	LOW_CURRENT_CONCERN
Flavobacterium	secondary_or_sensitivity	Model_0	CLR_genus ~ standardized_Moffitt50_contrast	62	-0.19755270448455334	0.05386409313463698	-0.30529693266654095	-0.08980847630256573	-3.6676140446801337	0.0005213394320334946	0.15354249990449287	0.13943487490290118	0.15354249990449287	0.18139422225825683	0.042364719727646105	0.5498137608024507	4.269984971485851	0.118939762700889	0.09137079719576306	13.124185017367424	15.504836351366256	122_genus_tests_Moffitt49_no_LEMD1_contrast	relative_compositional_CLR_association_not_absolute_load	0.00424022738053909	15	Moffitt49_no_LEMD1_contrast	LOW_CURRENT_CONCERN
Verminephrobacter	secondary_or_sensitivity	Model_0	CLR_genus ~ standardized_Moffitt50_contrast	62	0.0050654443809444675	0.11655029719907833	-0.22806986126148662	0.23820075002337557	0.043461445424649886	0.9654780143119859	4.5986073160864116e-05	-0.016619914158953142	4.5986073160864116e-05	4.5988187977040964e-05	0.05484689154540316	8.785868682878189e-05	2.5771306912877363	0.20736404594029062	0.09137079719576306	34.0344423690148	34.036007551348156	122_genus_tests_Moffitt49_no_LEMD1_contrast	relative_compositional_CLR_association_not_absolute_load	0.9734571714550602	121	Moffitt49_no_LEMD1_contrast	LOW_CURRENT_CONCERN
Citrobacter	secondary_or_sensitivity	Model_0	CLR_genus ~ standardized_Moffitt50_contrast	62	-0.5864654605326634	0.24368714945862294	-1.0739123348476103	-0.09901858621771642	-2.4066326921036216	0.01919586169290188	0.07955919721113291	0.06421851716465188	0.07955919721113291	0.08643597390519246	1.1968573467583758e-05	0.4822029871799387	1.953699593294954	0.0500167826302115	0.09137079719576306	242.72817175956877	263.7086176798339	122_genus_tests_Moffitt49_no_LEMD1_contrast	relative_compositional_CLR_association_not_absolute_load	0.0669112893295437	35	Moffitt49_no_LEMD1_contrast	LOW_CURRENT_CONCERN
Sphingobium	secondary_or_sensitivity	Model_0	CLR_genus ~ standardized_Moffitt50_contrast	62	-0.403582206937145	0.07198948552340756	-0.5475826180375443	-0.2595817958367458	-5.606127117076275	5.527136399937971e-07	0.3641554760798491	0.35355806734784667	0.3641554760798491	0.5727115078930516	0.29159803260935785	0.4633045878466139	3.4725434022079265	0.2248836093444327	0.09137079719576306	17.348340877038943	27.283935340170583	122_genus_tests_Moffitt49_no_LEMD1_contrast	relative_compositional_CLR_association_not_absolute_load	6.743106407924324e-05	1	Moffitt49_no_LEMD1_contrast	LOW_CURRENT_CONCERN
Methylorubrum	secondary_or_sensitivity	Model_0	CLR_genus ~ standardized_Moffitt50_contrast	62	0.5191731556581896	0.19222013259973064	0.13467564307165608	0.9036706682447231	2.700930171239082	0.008974359471555846	0.077758004930358	0.06238730501253065	0.077758004930358	0.08431410122945682	0.1966066810309624	0.18522831777631066	2.403298088743474	0.10928154928796707	0.09137079719576306	195.00874063965847	211.45072733857955	122_genus_tests_Moffitt49_no_LEMD1_contrast	relative_compositional_CLR_association_not_absolute_load	0.03697965634132438	29	Moffitt49_no_LEMD1_contrast	LOW_CURRENT_CONCERN
Ralstonia	secondary_or_sensitivity	Model_0	CLR_genus ~ standardized_Moffitt50_contrast	62	0.033881790480588446	0.15211526569507178	-0.2703940441843841	0.33815762514556097	0.2227376083903862	0.824496250028043	0.001223906381984996	-0.015422361844981802	0.001223906381984996	0.0012254061644101414	5.653074108545903e-09	0.024092930449474203	4.478293265727184	0.5011785884421437	0.09137079719576306	57.14555820771835	57.21558472701474	122_genus_tests_Moffitt49_no_LEMD1_contrast	relative_compositional_CLR_association_not_absolute_load	0.9313753935501968	108	Moffitt49_no_LEMD1_contrast	HIGH_RISK_POTENTIAL_CONTAMINANT
Erythrobacter	secondary_or_sensitivity	Model_0	CLR_genus ~ standardized_Moffitt50_contrast	62	-0.2540341460089986	0.04868275096771443	-0.3514141467393804	-0.15665414527861682	-5.218155115709663	2.3673694004152735e-06	0.24073951797582183	0.22808517660875227	0.24073951797582183	0.3170710496271497	0.3756104905245669	0.5001063226691876	3.0544031619629215	0.1072910834347731	0.09137079719576306	12.4153062611009	16.35184044875069	122_genus_tests_Moffitt49_no_LEMD1_contrast	relative_compositional_CLR_association_not_absolute_load	0.00014440953342533168	2	Moffitt49_no_LEMD1_contrast	LOW_CURRENT_CONCERN
Xanthobacter	secondary_or_sensitivity	Model_0	CLR_genus ~ standardized_Moffitt50_contrast	62	-0.05992545269523612	0.18527055249406402	-0.430521735332491	0.3106708299420187	-0.3234483402167007	0.7474804030922668	0.0021989244380740125	-0.014431093487958124	0.0021989244380740125	0.002203770362580193	0.011814525046108469	0.899485153538788	2.0434034941342065	0.15673912076463253	0.09137079719576306	99.39994495070461	99.61899960342909	122_genus_tests_Moffitt49_no_LEMD1_contrast	relative_compositional_CLR_association_not_absolute_load	0.8940451880123191	102	Moffitt49_no_LEMD1_contrast	LOW_CURRENT_CONCERN
Paucibacter	secondary_or_sensitivity	Model_0	CLR_genus ~ standardized_Moffitt50_contrast	62	0.32196820769536166	0.15323677111035316	0.015449028190824554	0.6284873871998988	2.1011158442088087	0.03983995454046955	0.0964200690131869	0.08136040349674001	0.0964200690131869	0.10670895369254726	0.08746996448598258	3.8304745019634355e-05	2.394973813993576	0.18159174363168704	0.09137079719576306	59.259086645903416	65.58256177866377	122_genus_tests_Moffitt49_no_LEMD1_contrast	relative_compositional_CLR_association_not_absolute_load	0.12151186134843213	40	Moffitt49_no_LEMD1_contrast	LOW_CURRENT_CONCERN
Streptomyces	secondary_or_sensitivity	Model_0	CLR_genus ~ standardized_Moffitt50_contrast	62	0.43952709111000465	0.1020400505061822	0.23541660032426331	0.643637581895746	4.307397820068459	6.217818401741148e-05	0.17351478432202083	0.15974003072738785	0.17351478432202083	0.20994299841127087	0.03447249559479463	0.7173372704539334	2.8491725284062834	0.1167969600695778	0.09137079719576306	56.13060679409798	67.91483468709495	122_genus_tests_Moffitt49_no_LEMD1_contrast	relative_compositional_CLR_association_not_absolute_load	0.0010836769214463144	7	Moffitt49_no_LEMD1_contrast	LOW_CURRENT_CONCERN
Collimonas	secondary_or_sensitivity	Model_0	CLR_genus ~ standardized_Moffitt50_contrast	62	0.17399357889053269	0.15452485544531344	-0.13510215290379618	0.48308931068486155	1.1259908859912136	0.2646530608387956	0.024636512409266897	0.00838045428275469	0.024636512409266897	0.02525880117793018	0.05424208690943931	0.05799587077734052	2.3155077870091625	0.12250569767479622	0.09137079719576306	73.11113786416833	74.95783755937161	122_genus_tests_Moffitt49_no_LEMD1_contrast	relative_compositional_CLR_association_not_absolute_load	0.4292364054041628	75	Moffitt49_no_LEMD1_contrast	LOW_CURRENT_CONCERN
Bacillus	secondary_or_sensitivity	Model_0	CLR_genus ~ standardized_Moffitt50_contrast	62	0.26313532598190653	0.16091489932152944	-0.05874239666059272	0.5850130486244058	1.6352452575328469	0.10723372023071828	0.02765117626783542	0.011445362538966108	0.02765117626783542	0.028437506780439107	6.094113419896983e-08	0.5549788971569993	6.982612175955183	0.22258675460399605	0.09137079719576306	148.52399752080623	152.74764970736206	122_genus_tests_Moffitt49_no_LEMD1_contrast	relative_compositional_CLR_association_not_absolute_load	0.2273742553181437	57	Moffitt49_no_LEMD1_contrast	LOW_CURRENT_CONCERN
Polaromonas	secondary_or_sensitivity	Model_0	CLR_genus ~ standardized_Moffitt50_contrast	62	0.0852718040444839	0.1357491552062002	-0.18626693545475412	0.3568105435437219	0.6281571617514508	0.5322848044539297	0.0062973624756034186	-0.010264348149803038	0.0062973624756034186	0.006337270565460093	0.005433514827212759	0.18155442410122494	3.004982154961799	0.18851581200699027	0.09137079719576306	69.9904020009014	70.43395011536644	122_genus_tests_Moffitt49_no_LEMD1_contrast	relative_compositional_CLR_association_not_absolute_load	0.737940297083857	88	Moffitt49_no_LEMD1_contrast	LOW_CURRENT_CONCERN
Ochrobactrum	secondary_or_sensitivity	Model_0	CLR_genus ~ standardized_Moffitt50_contrast	62	0.8376103427773054	0.3106860609245833	0.2161456917796718	1.459074993774939	2.6960023255778736	0.00909335811671911	0.14442117659378295	0.13016152953701277	0.14442117659378295	0.16879938194217525	0.0003011881556334447	0.0009055386797835863	2.540480721125748	0.13066947924594977	0.09137079719576306	253.53799151136192	296.33504777734026	122_genus_tests_Moffitt49_no_LEMD1_contrast	relative_compositional_CLR_association_not_absolute_load	0.03697965634132438	30	Moffitt49_no_LEMD1_contrast	LOW_CURRENT_CONCERN
Fusarium	secondary_or_sensitivity	Model_0	CLR_genus ~ standardized_Moffitt50_contrast	62	-0.5504481454136498	0.18889368274370802	-0.9282917675981416	-0.1726045232291581	-2.9140632837388263	0.005006855923148431	0.10112205800367013	0.08614075897039797	0.10112205800367013	0.1124980971043597	7.118235134419012e-08	0.5146325165365437	3.42788180872131	0.203548340832201	0.09137079719576306	164.29240390620456	182.77498671435345	122_genus_tests_Moffitt49_no_LEMD1_contrast	relative_compositional_CLR_association_not_absolute_load	0.024433456904964342	25	Moffitt49_no_LEMD1_contrast	LOW_CURRENT_CONCERN
Serratia	secondary_or_sensitivity	Model_0	CLR_genus ~ standardized_Moffitt50_contrast	62	-0.4119661790187339	0.21209087669960758	-0.8362110977500539	0.012278739712586084	-1.9424040554192123	0.056786083388545405	0.06327362994730557	0.04766152377976074	0.06327362994730557	0.06754761259015926	0.006499226227403443	0.2142418890640387	2.0037845355359494	0.11935267816689164	0.09137079719576306	153.26498887217892	163.6176729641519	122_genus_tests_Moffitt49_no_LEMD1_contrast	relative_compositional_CLR_association_not_absolute_load	0.14433129527921956	48	Moffitt49_no_LEMD1_contrast	LOW_CURRENT_CONCERN
Candidatus Accumulibacter	secondary_or_sensitivity	Model_0	CLR_genus ~ standardized_Moffitt50_contrast	62	-0.018044505166895184	0.1531458553810488	-0.324381826136118	0.2882928158023276	-0.11782561873449252	0.9065993880960364	0.0002144769883514197	-0.016448615061842586	0.0002144769883514197	0.00021452299859809113	0.03486822308675078	0.190540856651427	2.948616066372611	0.11351960325076443	0.09137079719576306	92.58612969019678	92.60599154436657	122_genus_tests_Moffitt49_no_LEMD1_contrast	relative_compositional_CLR_association_not_absolute_load	0.9534924598941072	116	Moffitt49_no_LEMD1_contrast	LOW_CURRENT_CONCERN
Methylibium	secondary_or_sensitivity	Model_0	CLR_genus ~ standardized_Moffitt50_contrast	62	0.3417192524684643	0.13074032591504323	0.08019966329116884	0.6032388416457597	2.6137249549960426	0.011305552130319266	0.07649555043582079	0.06110380960975115	0.07649555043582079	0.08283181577730418	0.13534574451213505	0.051628139512559	2.635551133723962	0.12308757655686929	0.09137079719576306	85.99467283337871	93.11776773134268	122_genus_tests_Moffitt49_no_LEMD1_contrast	relative_compositional_CLR_association_not_absolute_load	0.041796283633301526	33	Moffitt49_no_LEMD1_contrast	LOW_CURRENT_CONCERN
Novosphingobium	secondary_or_sensitivity	Model_0	CLR_genus ~ standardized_Moffitt50_contrast	62	-0.2586952412977014	0.05266990867903231	-0.3640507449140597	-0.15333973768134307	-4.91163261501319	7.298262551522322e-06	0.25253577870191113	0.24007804168027636	0.25253577870191113	0.33785667796024155	0.03903447105289164	0.6566607921762785	3.5785183060494488	0.1764260634406992	0.09137079719576306	12.082984195313221	16.16530109538785	122_genus_tests_Moffitt49_no_LEMD1_contrast	relative_compositional_CLR_association_not_absolute_load	0.00029679601042857445	3	Moffitt49_no_LEMD1_contrast	MODERATE_RISK_ENVIRONMENTAL
Pseudoxanthomonas	secondary_or_sensitivity	Model_0	CLR_genus ~ standardized_Moffitt50_contrast	62	0.23784196725550852	0.1801026851180952	-0.12241704152513741	0.5981009760361544	1.3205909012381079	0.19165302224618092	0.031645729497852604	0.015506491656150256	0.031645729497852604	0.032679909059979126	1.0043606887158127e-05	0.019671379308714296	3.5689613308990404	0.3031379534167586	0.09137079719576306	105.59077377886653	109.04147066353273	122_genus_tests_Moffitt49_no_LEMD1_contrast	relative_compositional_CLR_association_not_absolute_load	0.3482895713416901	67	Moffitt49_no_LEMD1_contrast	LOW_CURRENT_CONCERN
Burkholderia	secondary_or_sensitivity	Model_0	CLR_genus ~ standardized_Moffitt50_contrast	62	-0.16899789446669217	0.057089796266923835	-0.28319448959865773	-0.05480129933472659	-2.9602119033065217	0.004397200449906215	0.10950707627913092	0.09466552755044977	0.10950707627913092	0.12297355022380463	0.01023074228785089	0.9761422207411852	4.067124532747031	0.1876701122181758	0.09137079719576306	14.167091908902588	15.909269497287275	122_genus_tests_Moffitt49_no_LEMD1_contrast	relative_compositional_CLR_association_not_absolute_load	0.022352435620356593	24	Moffitt49_no_LEMD1_contrast	BIOLOGICALLY_PLAUSIBLE_BUT_CONTAMINATION_SENSITIVE
Rhizobacter	secondary_or_sensitivity	Model_0	CLR_genus ~ standardized_Moffitt50_contrast	62	0.15387091665831795	0.1530870268700792	-0.15234872976853994	0.4600905630851758	1.0051205500836071	0.3188752561522412	0.019287285256523123	0.002942073344131879	0.019287285256523123	0.01966660059217042	0.03702614447725498	0.07159181493931138	2.156148066220112	0.16384947270161912	0.09137079719576306	73.43677885869677	74.88103065728629	122_genus_tests_Moffitt49_no_LEMD1_contrast	relative_compositional_CLR_association_not_absolute_load	0.5052309253321224	77	Moffitt49_no_LEMD1_contrast	LOW_CURRENT_CONCERN
Sphingomonas	secondary_or_sensitivity	Model_0	CLR_genus ~ standardized_Moffitt50_contrast	62	-0.19553370112749277	0.06022213996678693	-0.31599591654009457	-0.07507148571489096	-3.246874010709872	0.0019116598058819961	0.14673379775092021	0.13251269438010227	0.14673379775092021	0.17196719776800284	0.9886897328469085	0.8807220838711455	2.5040068815247243	0.1055852873141079	0.09137079719576306	13.562116235794749	15.894355360668303	122_genus_tests_Moffitt49_no_LEMD1_contrast	relative_compositional_CLR_association_not_absolute_load	0.011661124815880178	20	Moffitt49_no_LEMD1_contrast	BIOLOGICALLY_PLAUSIBLE_BUT_CONTAMINATION_SENSITIVE
Diaphorobacter	secondary_or_sensitivity	Model_0	CLR_genus ~ standardized_Moffitt50_contrast	62	0.04311291809055019	0.2499836828357697	-0.4569288982249434	0.5431547344060438	0.17246292878593134	0.8636540354890352	0.0004303891140301497	-0.016229104400735883	0.0004303891140301497	0.000430574428576989	5.062497009976024e-05	0.018980188365276283	1.960196349169543	0.07493612379171703	0.09137079719576306	263.3276352660275	263.44101741211074	122_genus_tests_Moffitt49_no_LEMD1_contrast	relative_compositional_CLR_association_not_absolute_load	0.9473745038742346	111	Moffitt49_no_LEMD1_contrast	LOW_CURRENT_CONCERN
Fusobacterium	secondary_or_sensitivity	Model_0	CLR_genus ~ standardized_Moffitt50_contrast	62	0.43530537765086735	0.2278184640783036	-0.020399399859597267	0.891010155161332	1.9107554754703653	0.060817492679935886	0.04989360924429698	0.03405850273170197	0.04989360924429698	0.05251370765395253	6.073644589671957e-06	0.22492290253176248	5.156494754452309	0.155981730890621	0.09137079719576306	220.11275906639622	231.67169614691377	122_genus_tests_Moffitt49_no_LEMD1_contrast	relative_compositional_CLR_association_not_absolute_load	0.14839468213904355	50	Moffitt49_no_LEMD1_contrast	LOW_CURRENT_CONCERN
Sphingobacterium	secondary_or_sensitivity	Model_0	CLR_genus ~ standardized_Moffitt50_contrast	62	-0.10837215212485429	0.14961465300898588	-0.407646016680148	0.1909017124304394	-0.7243418338065152	0.4716710162587725	0.00777561242657665	-0.008761460699647117	0.00777561242657665	0.007836546373943327	9.74804367465603e-05	0.5141006250527878	2.5827890812013776	0.09571239494213762	0.09137079719576306	91.41985391787482	92.13626984260134	122_genus_tests_Moffitt49_no_LEMD1_contrast	relative_compositional_CLR_association_not_absolute_load	0.6850459998044077	84	Moffitt49_no_LEMD1_contrast	LOW_CURRENT_CONCERN
Alicycliphilus	secondary_or_sensitivity	Model_0	CLR_genus ~ standardized_Moffitt50_contrast	62	-0.03291454844892793	0.07522151606592822	-0.18337998320421484	0.11755088630635896	-0.4375682673037304	0.6632703694015594	0.0012365836950570808	-0.015409473243358507	0.0012365836950570808	0.001238114727541769	5.438986275639812e-12	0.4336613245736213	6.408771009568506	0.2597715457461392	0.09137079719576306	53.375843130964775	53.441928548440174	122_genus_tests_Moffitt49_no_LEMD1_contrast	relative_compositional_CLR_association_not_absolute_load	0.8517787901788447	95	Moffitt49_no_LEMD1_contrast	LOW_CURRENT_CONCERN
Devosia	secondary_or_sensitivity	Model_0	CLR_genus ~ standardized_Moffitt50_contrast	62	-0.3194850414747518	0.16702540487308246	-0.6535855950634286	0.014615512113924978	-1.9127930970592097	0.060550806637290906	0.057694308940124395	0.04198921408912648	0.057694308940124395	0.06122674360082837	0.0018297375477953587	0.37240238500972356	2.830042536192881	0.12854148787821704	0.09137079719576306	101.69268899692558	107.91900119221911	122_genus_tests_Moffitt49_no_LEMD1_contrast	relative_compositional_CLR_association_not_absolute_load	0.14839468213904355	49	Moffitt49_no_LEMD1_contrast	LOW_CURRENT_CONCERN
Ottowia	secondary_or_sensitivity	Model_0	CLR_genus ~ standardized_Moffitt50_contrast	62	0.0571318293345253	0.1439371541229903	-0.23078534656462305	0.34504900523367366	0.39692204339199133	0.692833312465531	0.0031205622327685756	-0.013494095063351974	0.0031205622327685756	0.0031303306242908163	0.031703986097103995	0.000852467885965612	2.6633888916869473	0.13253989015470277	0.09137079719576306	63.60567786822787	63.80478466953756	122_genus_tests_Moffitt49_no_LEMD1_contrast	relative_compositional_CLR_association_not_absolute_load	0.862506776742804	98	Moffitt49_no_LEMD1_contrast	LOW_CURRENT_CONCERN
Thauera	secondary_or_sensitivity	Model_0	CLR_genus ~ standardized_Moffitt50_contrast	62	-0.08476718194999074	0.11435976105899706	-0.31352076292237374	0.14398639902239224	-0.7412325905985427	0.4614437809787879	0.005365654612506265	-0.011211584477285319	0.005365654612506265	0.0053946001738115045	9.500274802570587e-09	0.1955353541208318	3.771555157037189	0.21643007268847503	0.09137079719576306	81.25050405183859	81.68881803511891	122_genus_tests_Moffitt49_no_LEMD1_contrast	relative_compositional_CLR_association_not_absolute_load	0.6782667624025558	83	Moffitt49_no_LEMD1_contrast	LOW_CURRENT_CONCERN
Phreatobacter	secondary_or_sensitivity	Model_0	CLR_genus ~ standardized_Moffitt50_contrast	62	-0.2372633622021365	0.1271053670847237	-0.4915119511480323	0.016985226743759296	-1.8666667477856038	0.06683673281283774	0.045633163494885554	0.029727049553133655	0.045633163494885554	0.047815118620418456	6.004110214022155e-05	0.8834985581786128	3.22234046836236	0.1088084372165986	0.09137079719576306	71.81678483141516	75.25071291706635	122_genus_tests_Moffitt49_no_LEMD1_contrast	relative_compositional_CLR_association_not_absolute_load	0.15680925775319624	52	Moffitt49_no_LEMD1_contrast	LOW_CURRENT_CONCERN
Dickeya	secondary_or_sensitivity	Model_0	CLR_genus ~ standardized_Moffitt50_contrast	62	0.18826217338243	0.18961862506183313	-0.19103154934209338	0.5675558961069533	0.9928464217111542	0.32477204732552667	0.01567787772742424	-0.0007274909771186611	0.01567787772742424	0.015927588512617788	0.13025383311769193	0.40110601678873903	2.4846645602613595	0.1871377909139957	0.09137079719576306	135.73940586263583	137.9014072641631	122_genus_tests_Moffitt49_no_LEMD1_contrast	relative_compositional_CLR_association_not_absolute_load	0.5079767919706956	78	Moffitt49_no_LEMD1_contrast	LOW_CURRENT_CONCERN
Rhizobium	secondary_or_sensitivity	Model_0	CLR_genus ~ standardized_Moffitt50_contrast	62	-0.30596158656014577	0.0969810773839384	-0.49995262442783417	-0.1119705486924574	-3.1548586055491468	0.0025098232556679478	0.14838370109805077	0.1341900961163517	0.14838370109805077	0.17423774214910243	0.3976550330009845	0.4409628822769551	2.9727486522126014	0.13482682691557765	0.09137079719576306	32.77339323295349	38.48375527242798	122_genus_tests_Moffitt49_no_LEMD1_contrast	relative_compositional_CLR_association_not_absolute_load	0.013918110781431346	22	Moffitt49_no_LEMD1_contrast	BIOLOGICALLY_PLAUSIBLE_BUT_CONTAMINATION_SENSITIVE
Sinorhizobium	secondary_or_sensitivity	Model_0	CLR_genus ~ standardized_Moffitt50_contrast	62	0.24243091959655325	0.16443290939812136	-0.08648387093997703	0.5713457101330836	1.474345497406391	0.14561649698619458	0.023713892711561324	0.007442457590087437	0.023713892711561324	0.024289900813425358	2.3108824931230816e-07	0.026415577445058357	2.5377452057193306	0.09434405800732956	0.09137079719576306	147.59787719597017	151.18301499333236	122_genus_tests_Moffitt49_no_LEMD1_contrast	relative_compositional_CLR_association_not_absolute_load	0.29123299397238916	61	Moffitt49_no_LEMD1_contrast	LOW_CURRENT_CONCERN
Stenotrophomonas	secondary_or_sensitivity	Model_0	CLR_genus ~ standardized_Moffitt50_contrast	62	-0.047099739850047825	0.06676081310529759	-0.18064124890047567	0.08644176920038	-0.705499793355728	0.48322939945297005	0.005102938345764252	-0.011478679348472909	0.005102938345764252	0.005129111887494663	0.05624277044821966	0.2935973379127976	2.552745862665405	0.09829156411971748	0.09137079719576306	26.3830304541424	26.518351969272874	122_genus_tests_Moffitt49_no_LEMD1_contrast	relative_compositional_CLR_association_not_absolute_load	0.6935763145089688	85	Moffitt49_no_LEMD1_contrast	BIOLOGICALLY_PLAUSIBLE_BUT_CONTAMINATION_SENSITIVE
Corynebacterium	secondary_or_sensitivity	Model_0	CLR_genus ~ standardized_Moffitt50_contrast	62	0.1934513666747019	0.17065897437156255	-0.1479174080679221	0.5348201414173259	1.133555193256437	0.2614902581943494	0.02149190354300412	0.005183435268720893	0.02149190354300412	0.0219639506518367	0.022051547872328967	0.4092194158367415	2.2571568921265137	0.14733599619302817	0.09137079719576306	103.9352775624632	106.2181068698301	122_genus_tests_Moffitt49_no_LEMD1_contrast	relative_compositional_CLR_association_not_absolute_load	0.4292364054041628	74	Moffitt49_no_LEMD1_contrast	LOW_CURRENT_CONCERN
Leptothrix	secondary_or_sensitivity	Model_0	CLR_genus ~ standardized_Moffitt50_contrast	62	0.11367944596319475	0.17140830677744331	-0.22918821675887724	0.4565471086852667	0.6632084996370464	0.5097371227949804	0.009137219410868536	-0.007377160265616967	0.009137219410868536	0.009221478079372274	0.007551248065536371	0.15905647195422237	2.055293455767931	0.1805398571075847	0.09137079719576306	85.4856451123387	86.27394911484313	122_genus_tests_Moffitt49_no_LEMD1_contrast	relative_compositional_CLR_association_not_absolute_load	0.7176827569857328	86	Moffitt49_no_LEMD1_contrast	LOW_CURRENT_CONCERN
Altererythrobacter	secondary_or_sensitivity	Model_0	CLR_genus ~ standardized_Moffitt50_contrast	62	0.016357093384270324	0.11102144062133631	-0.2057188524874742	0.23843303925601486	0.14733274305149655	0.8833633618185047	0.00025506480635717477	-0.01640735078020339	0.00025506480635717477	0.00025512988101087075	5.88629290500846e-07	0.047253270506461914	2.564905583276779	0.10457179681303232	0.09137079719576306	63.970651647036554	63.98697247177943	122_genus_tests_Moffitt49_no_LEMD1_contrast	relative_compositional_CLR_association_not_absolute_load	0.9534924598941072	113	Moffitt49_no_LEMD1_contrast	LOW_CURRENT_CONCERN
Roseolovirus	secondary_or_sensitivity	Model_0	CLR_genus ~ standardized_Moffitt50_contrast	62	-0.9286397277221703	0.21100557792685595	-1.3507137256821204	-0.5065657297622201	-4.401019806424637	4.495639163235792e-05	0.21430555914791982	0.20121065180038522	0.21430555914791982	0.2727594189358231	6.941779365322428e-05	0.001084695074131972	2.4729207870364744	0.11355510970155887	0.09137079719576306	192.86108096056415	245.4657573387024	122_genus_tests_Moffitt49_no_LEMD1_contrast	relative_compositional_CLR_association_not_absolute_load	0.000914113296524611	6	Moffitt49_no_LEMD1_contrast	LOW_CURRENT_CONCERN
Janibacter	secondary_or_sensitivity	Model_0	CLR_genus ~ standardized_Moffitt50_contrast	62	0.2637118207706915	0.1805573023686311	-0.09745655790605146	0.6248801994474344	1.4605436463172765	0.1493576653642127	0.041221547343498255	0.025241906465889974	0.041221547343498255	0.04299381909270603	0.0027113013062412183	0.028742392926190248	3.4208960514688074	0.14222664224096113	0.09137079719576306	98.66951759085504	102.91169698012085	122_genus_tests_Moffitt49_no_LEMD1_contrast	relative_compositional_CLR_association_not_absolute_load	0.2938973415231282	62	Moffitt49_no_LEMD1_contrast	LOW_CURRENT_CONCERN
Lactobacillus	secondary_or_sensitivity	Model_0	CLR_genus ~ standardized_Moffitt50_contrast	62	0.15100205199660147	0.1939214657745776	-0.236898633634099	0.5389027376273019	0.7786763130809486	0.43923065156776886	0.011161872763038816	-0.005318762690910583	0.011161872763038816	0.011287866492595335	3.478560303290701e-05	0.10871360909654326	4.600756317471096	0.15399072132245376	0.09137079719576306	123.22069923936826	124.61159804150648	122_genus_tests_Moffitt49_no_LEMD1_contrast	relative_compositional_CLR_association_not_absolute_load	0.6539716063485622	81	Moffitt49_no_LEMD1_contrast	LOW_CURRENT_CONCERN
Acinetobacter	secondary_or_sensitivity	Model_0	CLR_genus ~ standardized_Moffitt50_contrast	62	-0.10334130281793094	0.06404243607949067	-0.2314452482242236	0.024762642588361722	-1.6136379117381134	0.11185361358271399	0.044145740592251626	0.02821483626878918	0.044145740592251626	0.04618459368440177	0.6286553929448251	0.6750707914456713	2.176944577130601	0.14202477564821617	0.09137079719576306	14.105243003892921	14.756687920847467	122_genus_tests_Moffitt49_no_LEMD1_contrast	relative_compositional_CLR_association_not_absolute_load	0.2312905230015442	59	Moffitt49_no_LEMD1_contrast	BIOLOGICALLY_PLAUSIBLE_BUT_CONTAMINATION_SENSITIVE
Janthinobacterium	secondary_or_sensitivity	Model_0	CLR_genus ~ standardized_Moffitt50_contrast	62	-0.0718043790839089	0.13042335940054137	-0.33268994083259484	0.18908118266477703	-0.5505484555369523	0.5839873156771128	0.005942275336108471	-0.010625353408289628	0.005942275336108471	0.0059777970520954	0.013401823492834636	0.005706941222401773	3.5011948880693455	0.10472307384249882	0.09137079719576306	52.612692845255914	52.92720084544908	122_genus_tests_Moffitt49_no_LEMD1_contrast	relative_compositional_CLR_association_not_absolute_load	0.7942848084936946	89	Moffitt49_no_LEMD1_contrast	LOW_CURRENT_CONCERN
Paracoccus	secondary_or_sensitivity	Model_0	CLR_genus ~ standardized_Moffitt50_contrast	62	0.30498657594461354	0.19145080822042787	-0.07797205876157809	0.6879452106508052	1.5930284065109073	0.11640886231745545	0.03671827786208193	0.020663582493116728	0.03671827786208193	0.038117901563198955	8.80171436989729e-05	0.015261441009949729	2.1532168967124212	0.17028370058288755	0.09137079719576306	148.85461342839403	154.52863893028552	122_genus_tests_Moffitt49_no_LEMD1_contrast	relative_compositional_CLR_association_not_absolute_load	0.23669802004549276	60	Moffitt49_no_LEMD1_contrast	LOW_CURRENT_CONCERN
Delftia	secondary_or_sensitivity	Model_0	CLR_genus ~ standardized_Moffitt50_contrast	62	-0.01080239260985001	0.11546707547203983	-0.24177093219092743	0.22016614697122744	-0.09355387729089747	0.9257752551948302	6.10144350091657e-05	-0.01660463532440737	6.10144350091657e-05	6.1018157997601226e-05	3.184017243919951e-08	0.7649946694266847	5.518242144699383	0.22064526852508703	0.09137079719576306	116.65696057570861	116.66407876856053	122_genus_tests_Moffitt49_no_LEMD1_contrast	relative_compositional_CLR_association_not_absolute_load	0.9653383002886263	117	Moffitt49_no_LEMD1_contrast	HIGH_RISK_POTENTIAL_CONTAMINANT
Sphingorhabdus	secondary_or_sensitivity	Model_0	CLR_genus ~ standardized_Moffitt50_contrast	62	0.2260506882405462	0.1303769444939874	-0.03474202987165087	0.48684340635274326	1.7338240984085265	0.08808531371494575	0.05132009901824486	0.035508767335215685	0.05132009901824486	0.054096327923818674	0.2843612521590176	0.5602355304436306	2.895842443240168	0.1892121305047625	0.09137079719576306	57.620061333646255	60.73709506654174	122_genus_tests_Moffitt49_no_LEMD1_contrast	relative_compositional_CLR_association_not_absolute_load	0.19538924133133423	55	Moffitt49_no_LEMD1_contrast	LOW_CURRENT_CONCERN
Klebsiella	secondary_or_sensitivity	Model_0	CLR_genus ~ standardized_Moffitt50_contrast	62	-0.7051249889952168	0.18642248770619002	-1.0780254851283888	-0.33222449286204475	-3.782403065592197	0.00036046875502458486	0.22815258513976588	0.21528846155876202	0.22815258513976588	0.29559286038559796	0.21751181023691235	0.5019714149614021	2.9598352729870223	0.17133121977183066	0.09137079719576306	102.60490127153795	132.93417752797373	122_genus_tests_Moffitt49_no_LEMD1_contrast	relative_compositional_CLR_association_not_absolute_load	0.0036647656760832796	12	Moffitt49_no_LEMD1_contrast	LOW_CURRENT_CONCERN
Brachybacterium	secondary_or_sensitivity	Model_0	CLR_genus ~ standardized_Moffitt50_contrast	62	0.173547618211456	0.12880002965000117	-0.08409080057281346	0.43118603699572544	1.3474190858732804	0.18291170758511696	0.03329864654821879	0.017186957324022534	0.03329864654821879	0.03444563973073998	0.002359669213849294	0.027275302363353352	4.0941055540990945	0.13797664764474502	0.09137079719576306	53.337529433643766	55.17477475664279	122_genus_tests_Moffitt49_no_LEMD1_contrast	relative_compositional_CLR_association_not_absolute_load	0.3421016548986495	65	Moffitt49_no_LEMD1_contrast	LOW_CURRENT_CONCERN
Herbaspirillum	secondary_or_sensitivity	Model_0	CLR_genus ~ standardized_Moffitt50_contrast	62	0.36698482365552537	0.13567788383677945	0.09558864812131168	0.6383809991897391	2.7048242003612635	0.008881335779555946	0.10653721446514419	0.09164616803956327	0.10653721446514419	0.11924079680763375	0.02220188031262801	0.2676989162325672	3.083685853519011	0.2315570899921009	0.09137079719576306	68.8971369560333	77.11248646443538	122_genus_tests_Moffitt49_no_LEMD1_contrast	relative_compositional_CLR_association_not_absolute_load	0.03697965634132438	28	Moffitt49_no_LEMD1_contrast	MODERATE_RISK_ENVIRONMENTAL
Melaminivora	secondary_or_sensitivity	Model_0	CLR_genus ~ standardized_Moffitt50_contrast	62	0.019105578565197408	0.14021773516899685	-0.2613716517011193	0.2995828088315141	0.13625650522860383	0.8920746569239317	0.0002921627505787505	-0.016369634536911537	0.0002921627505787505	0.00029224813459760606	1.309746951129064e-06	0.0158477606640475	2.052233742854912	0.15572529598806706	0.09137079719576306	76.19008792525914	76.21235433633011	122_genus_tests_Moffitt49_no_LEMD1_contrast	relative_compositional_CLR_association_not_absolute_load	0.9534924598941072	114	Moffitt49_no_LEMD1_contrast	LOW_CURRENT_CONCERN
Lysobacter	secondary_or_sensitivity	Model_0	CLR_genus ~ standardized_Moffitt50_contrast	62	-0.03701469098046087	0.23857976129998248	-0.5142452678854978	0.44021588592457617	-0.15514598044181874	0.877226988030678	0.0004116830619061984	-0.0162481222203954	0.0004116830619061984	0.00041185261465165226	0.01587421125434058	0.6541475601146348	2.1527708593333656	0.12149350233330083	0.07850658522141618	202.92533124223326	203.00890657048438	122_genus_tests_singscore_basal_classical_contrast	relative_compositional_CLR_association_not_absolute_load	0.9306234133890671	115	singscore_basal_classical_contrast	LOW_CURRENT_CONCERN
Brevundimonas	secondary_or_sensitivity	Model_0	CLR_genus ~ standardized_Moffitt50_contrast	62	-0.2863117507448618	0.06647826564393339	-0.41928808072370716	-0.15333542076601644	-4.306847478217714	6.229626974122626e-05	0.2512373743757723	0.23875799728203528	0.2512373743757723	0.33553674526198607	0.6983242697531571	0.5551754793668439	2.436776009145825	0.17462522176850775	0.07850658522141618	14.902807534791858	19.903247070281722	122_genus_tests_singscore_basal_classical_contrast	relative_compositional_CLR_association_not_absolute_load	0.001130928968865473	6	singscore_basal_classical_contrast	HIGH_RISK_POTENTIAL_CONTAMINANT
Paraburkholderia	secondary_or_sensitivity	Model_0	CLR_genus ~ standardized_Moffitt50_contrast	62	-0.2694749458266177	0.16358103566775237	-0.5966857351956597	0.05773584354242434	-1.6473483293866977	0.10471440820333913	0.030402025727685245	0.014242059489813386	0.030402025727685245	0.03135529006287583	4.9301604995003747e-08	0.6385572046537662	4.905589866687796	0.21795005927281147	0.07850658522141618	141.27190414252757	145.70152567465135	122_genus_tests_singscore_basal_classical_contrast	relative_compositional_CLR_association_not_absolute_load	0.2129192966801229	60	singscore_basal_classical_contrast	MODERATE_RISK_ENVIRONMENTAL
Aerococcus	secondary_or_sensitivity	Model_0	CLR_genus ~ standardized_Moffitt50_contrast	62	0.15932784527314045	0.15572453369045014	-0.1521676003020532	0.4708232908483341	1.0231390102593145	0.3103496867888182	0.023699083556915745	0.007427401616197704	0.023699083556915745	0.024274363731274177	0.006445882136638909	0.26988676674299594	3.029553243994305	0.24028569264475635	0.07850658522141618	63.791871794656416	65.3403788936987	122_genus_tests_singscore_basal_classical_contrast	relative_compositional_CLR_association_not_absolute_load	0.5018250689188317	75	singscore_basal_classical_contrast	LOW_CURRENT_CONCERN
Acidovorax	secondary_or_sensitivity	Model_0	CLR_genus ~ standardized_Moffitt50_contrast	62	-0.202554182764298	0.08311474015635333	-0.3688084164763327	-0.0362999490522633	-2.4370428444251675	0.01779044352729067	0.1084385337610917	0.0935791759904433	0.1084385337610917	0.12162765873960936	0.06096696889433649	0.0107080942809352	2.16020878708089	0.1632552633051235	0.07850658522141618	20.576898710449587	23.079618724723662	122_genus_tests_singscore_basal_classical_contrast	relative_compositional_CLR_association_not_absolute_load	0.05866038136025572	37	singscore_basal_classical_contrast	LOW_CURRENT_CONCERN
Cupriavidus	secondary_or_sensitivity	Model_0	CLR_genus ~ standardized_Moffitt50_contrast	62	-0.3087717665823119	0.07444593317095796	-0.45768580456199826	-0.15985772860262557	-4.147597503724577	0.00010737350084324909	0.15998998001204567	0.14598981301224645	0.15998998001204567	0.1904619899823813	2.3850531901364363e-08	0.6049479463880421	7.5040023053874085	0.26254961461651616	0.07850658522141618	30.53491268613773	36.35065292027778	122_genus_tests_singscore_basal_classical_contrast	relative_compositional_CLR_association_not_absolute_load	0.0014555074558751544	9	singscore_basal_classical_contrast	BIOLOGICALLY_PLAUSIBLE_BUT_CONTAMINATION_SENSITIVE
Staphylococcus	secondary_or_sensitivity	Model_0	CLR_genus ~ standardized_Moffitt50_contrast	62	-0.4445974694799312	0.1666390123618073	-0.7779251229698616	-0.11126981599000069	-2.6680275115566534	0.00979669207786824	0.08567140366279402	0.0704325937238407	0.08567140366279402	0.09369870307676373	0.01987098960292652	0.08072586935634159	2.2441882789086445	0.11109520509352666	0.07850658522141618	128.68568193592867	140.7433634378741	122_genus_tests_singscore_basal_classical_contrast	relative_compositional_CLR_association_not_absolute_load	0.03983988111666418	30	singscore_basal_classical_contrast	LOW_CURRENT_CONCERN
Luteimonas	secondary_or_sensitivity	Model_0	CLR_genus ~ standardized_Moffitt50_contrast	62	0.06656523422521801	0.1580482406208927	-0.24957831726193938	0.38270878571237543	0.4211703588962231	0.6751356336613583	0.003889884563462731	-0.012711950693812923	0.003889884563462731	0.0039050748538559115	8.082330097506675e-06	0.004930903051703816	3.9689842103762722	0.3055431203919943	0.07850658522141618	69.21423147319456	69.48451822804951	122_genus_tests_singscore_basal_classical_contrast	relative_compositional_CLR_association_not_absolute_load	0.8358534842676463	97	singscore_basal_classical_contrast	LOW_CURRENT_CONCERN
Rhodopseudomonas	secondary_or_sensitivity	Model_0	CLR_genus ~ standardized_Moffitt50_contrast	62	0.44052239480905603	0.19109694823559042	0.05827158545983274	0.8227732041582794	2.305229878741789	0.024628278647431924	0.07600610013096398	0.060606201799813464	0.07600610013096398	0.08225822718281674	0.006547005075719358	0.13081686177976146	2.1240339396567616	0.13565763286185178	0.07850658522141618	143.90850867376292	155.7461674737896	122_genus_tests_singscore_basal_classical_contrast	relative_compositional_CLR_association_not_absolute_load	0.0715392855949213	42	singscore_basal_classical_contrast	LOW_CURRENT_CONCERN
Rhodoferax	secondary_or_sensitivity	Model_0	CLR_genus ~ standardized_Moffitt50_contrast	62	0.020635414773917223	0.12306222197894383	-0.2255256798227995	0.2667965093706339	0.1676827741453261	0.8673967615857323	0.00029976482223847967	-0.016361905764057383	0.00029976482223847967	0.00029985470813176016	0.00039880350345804027	0.01069866350471665	2.9812882208219724	0.06493488751534829	0.07850658522141618	86.62542295321005	86.65139799412643	122_genus_tests_singscore_basal_classical_contrast	relative_compositional_CLR_association_not_absolute_load	0.9306234133890671	113	singscore_basal_classical_contrast	LOW_CURRENT_CONCERN
Blastomonas	secondary_or_sensitivity	Model_0	CLR_genus ~ standardized_Moffitt50_contrast	62	-0.11494186203745622	0.04898049676295842	-0.21291744303357846	-0.01696628104133399	-2.3466863268806453	0.022260751606281572	0.07694963081598705	0.06156545799625357	0.07694963081598705	0.08336449817360606	0.022714297127219524	0.7671455810021326	3.685576523070266	0.14304270986912587	0.07850658522141618	9.667299008848941	10.473208539415834	122_genus_tests_singscore_basal_classical_contrast	relative_compositional_CLR_association_not_absolute_load	0.0662393096577159	41	singscore_basal_classical_contrast	LOW_CURRENT_CONCERN
Aeromonas	secondary_or_sensitivity	Model_0	CLR_genus ~ standardized_Moffitt50_contrast	62	0.3498605800907753	0.1644601546082748	0.020891291019714764	0.6788298691618359	2.1273273208583747	0.037512508230481904	0.07350116136007245	0.05805951404940701	0.07350116136007245	0.07933216782869361	0.0006091666231770152	0.9715608123201418	4.547514114615862	0.231233250748011	0.07850658522141618	94.11753340349405	101.58408135908273	122_genus_tests_singscore_basal_classical_contrast	relative_compositional_CLR_association_not_absolute_load	0.09948969574171289	46	singscore_basal_classical_contrast	LOW_CURRENT_CONCERN
Achromobacter	secondary_or_sensitivity	Model_0	CLR_genus ~ standardized_Moffitt50_contrast	62	-0.27214798835990067	0.1050223119628332	-0.4822238902420581	-0.06207208647774326	-2.591334958005993	0.011987079257693673	0.07436034492046528	0.05893301733580647	0.07436034492046528	0.08033400958181285	0.00035086039462977047	0.47118536116113796	5.100195590638203	0.20776736566273363	0.07850658522141618	56.2393960563824	60.75733223805118	122_genus_tests_singscore_basal_classical_contrast	relative_compositional_CLR_association_not_absolute_load	0.045101654227912624	32	singscore_basal_classical_contrast	LOW_CURRENT_CONCERN
Azoarcus	secondary_or_sensitivity	Model_0	CLR_genus ~ standardized_Moffitt50_contrast	62	-0.20514228032907067	0.07656251405152109	-0.3582901104342645	-0.05199445022387686	-2.6794088839745336	0.00950475462239274	0.12381539456102952	0.10921231780371343	0.12381539456102952	0.1413119949750746	0.7371589098021281	0.38007471158001893	3.034977113160727	0.09254036422102634	0.07850658522141618	18.16607759552232	20.73316226141759	122_genus_tests_singscore_basal_classical_contrast	relative_compositional_CLR_association_not_absolute_load	0.03983988111666418	29	singscore_basal_classical_contrast	LOW_CURRENT_CONCERN
Enterobacter	secondary_or_sensitivity	Model_0	CLR_genus ~ standardized_Moffitt50_contrast	62	0.25091618729754983	0.21563720943332335	-0.1804224530771597	0.6822548276722593	1.1636033871748606	0.2491913149751933	0.01982722158869732	0.003491008615175706	0.01982722158869732	0.02022829242496813	0.06676310792760203	0.004232242259210264	2.2588129517691593	0.09945158836010821	0.07850658522141618	189.857593277814	193.6980881937383	122_genus_tests_singscore_basal_classical_contrast	relative_compositional_CLR_association_not_absolute_load	0.4281878933376561	71	singscore_basal_classical_contrast	LOW_CURRENT_CONCERN
Methyloversatilis	secondary_or_sensitivity	Model_0	CLR_genus ~ standardized_Moffitt50_contrast	62	-0.06804033095388948	0.05297502468826876	-0.17400615745898512	0.03792549555120617	-1.2843850730466373	0.20394434629670613	0.025185508711788596	0.008938600523651807	0.025185508711788596	0.025836206721246112	0.0964369805262692	0.7884527258676622	3.8105579685668514	0.09717183165633247	0.07850658522141618	10.930346233178906	11.212744917994113	122_genus_tests_singscore_basal_classical_contrast	relative_compositional_CLR_association_not_absolute_load	0.37698803406360826	66	singscore_basal_classical_contrast	LOW_CURRENT_CONCERN
Mycobacterium	secondary_or_sensitivity	Model_0	CLR_genus ~ standardized_Moffitt50_contrast	62	-0.10142132113424769	0.19146495346054673	-0.48440825053344094	0.2815656082649456	-0.5297121969381544	0.59826620172889	0.004962719042929886	-0.011621235639687866	0.004962719042929886	0.004987470457545598	7.720493437257709e-06	0.04459115217223654	2.9108426422938685	0.12494025508743295	0.07850658522141618	125.8079326100628	126.4353959572804	122_genus_tests_singscore_basal_classical_contrast	relative_compositional_CLR_association_not_absolute_load	0.7933530066404846	92	singscore_basal_classical_contrast	LOW_CURRENT_CONCERN
Rubrivivax	secondary_or_sensitivity	Model_0	CLR_genus ~ standardized_Moffitt50_contrast	62	0.4622165007068587	0.11769875675749929	0.22678393391104673	0.6976490675026707	3.927114554482396	0.00022453741448768462	0.15119574135235914	0.1370490037082318	0.15119574135235914	0.17812792503333108	0.06099606219970654	0.061285457968736724	2.0331558494720197	0.12504138652010016	0.07850658522141618	73.16253025812034	86.19481996318764	122_genus_tests_singscore_basal_classical_contrast	relative_compositional_CLR_association_not_absolute_load	0.0021071972744228866	13	singscore_basal_classical_contrast	LOW_CURRENT_CONCERN
Mesorhizobium	secondary_or_sensitivity	Model_0	CLR_genus ~ standardized_Moffitt50_contrast	62	0.3643937029824288	0.14872990509004616	0.06688959776242187	0.6618978082024357	2.450036546192996	0.017218643477302807	0.08298090553018211	0.06769725395568515	0.08298090553018211	0.09048983388743743	0.44210965649180745	0.9356050518251868	2.5214283669432334	0.12450099458256242	0.07850658522141618	89.51004404808059	97.60979306524861	122_genus_tests_singscore_basal_classical_contrast	relative_compositional_CLR_association_not_absolute_load	0.05835206956197062	36	singscore_basal_classical_contrast	MODERATE_RISK_ENVIRONMENTAL
Nocardioides	secondary_or_sensitivity	Model_0	CLR_genus ~ standardized_Moffitt50_contrast	62	0.6169211854808643	0.15506801639102277	0.30673897002982986	0.9271034009318987	3.9783909012237753	0.0001894656084932171	0.1789410456901095	0.16525672978494466	0.1789410456901095	0.21793933888768255	0.09553024480315193	0.44357952191802674	2.7753354146849323	0.1708289159669721	0.07850658522141618	106.52549839460924	129.74159508941125	122_genus_tests_singscore_basal_classical_contrast	relative_compositional_CLR_association_not_absolute_load	0.002101345839652044	11	singscore_basal_classical_contrast	LOW_CURRENT_CONCERN
Comamonas	secondary_or_sensitivity	Model_0	CLR_genus ~ standardized_Moffitt50_contrast	62	-0.1786117189198831	0.05059165042913246	-0.2798100870853836	-0.07741335075438263	-3.5304584334539153	0.0008038427194511399	0.1329706721544165	0.1185201833569901	0.1329706721544165	0.1533635228750859	0.003819632911873219	0.9001960104065932	4.6026641655365905	0.12998668760391072	0.07850658522141618	12.689007645263052	14.635038559529495	122_genus_tests_singscore_basal_classical_contrast	relative_compositional_CLR_association_not_absolute_load	0.005448267320724393	18	singscore_basal_classical_contrast	HIGH_RISK_POTENTIAL_CONTAMINANT
Dechloromonas	secondary_or_sensitivity	Model_0	CLR_genus ~ standardized_Moffitt50_contrast	62	-0.4224304618782615	0.10543498860383456	-0.6333318399466101	-0.21152908380991292	-4.00654913015183	0.0001725156439330078	0.276461305354354	0.2644023271102599	0.276461305354354	0.3820960888480902	0.0007317013861294703	0.8997502399486913	3.9506878509178542	0.3734019964753047	0.07850658522141618	28.488376406310813	39.373673608794384	122_genus_tests_singscore_basal_classical_contrast	relative_compositional_CLR_association_not_absolute_load	0.002101345839652044	10	singscore_basal_classical_contrast	MODERATE_RISK_ENVIRONMENTAL
Chelatococcus	secondary_or_sensitivity	Model_0	CLR_genus ~ standardized_Moffitt50_contrast	62	0.2023928430942697	0.13853842004528302	-0.07472525678760661	0.479510942976146	1.4609149074178487	0.1492560553110439	0.052525090517145046	0.03673384202576424	0.052525090517145046	0.05543691974472862	0.03464329134461768	1.649990020980468e-05	2.6230804174206575	0.21463145078864407	0.07850658522141618	45.07347541293155	47.57221005201423	122_genus_tests_singscore_basal_classical_contrast	relative_compositional_CLR_association_not_absolute_load	0.29369739916044124	62	singscore_basal_classical_contrast	LOW_CURRENT_CONCERN
Bordetella	secondary_or_sensitivity	Model_0	CLR_genus ~ standardized_Moffitt50_contrast	62	-0.03485660075247679	0.11879825356492037	-0.27248848861748476	0.2027752871125312	-0.2934100435527741	0.7702212382411663	0.0009167545004690192	-0.01573463292452315	0.0009167545004690192	0.0009175957104662002	1.559122763802439e-07	0.036917199103791765	2.7843564558150007	0.12002696986952859	0.07850658522141618	80.76971015851288	80.84382409808995	122_genus_tests_singscore_basal_classical_contrast	relative_compositional_CLR_association_not_absolute_load	0.9032120678519076	104	singscore_basal_classical_contrast	LOW_CURRENT_CONCERN
Kocuria	secondary_or_sensitivity	Model_0	CLR_genus ~ standardized_Moffitt50_contrast	62	0.06038433244242401	0.21258800037304396	-0.36485498169014247	0.4856236465749905	0.2840439363297229	0.777354648561068	0.0013004110575729477	-0.015344582091467496	0.0013004110575729477	0.0013021043284397644	0.004977032532407492	0.4978959837760092	2.1423254064636814	0.10788969059072938	0.07850658522141618	170.8175904322331	171.0400127561086	122_genus_tests_singscore_basal_classical_contrast	relative_compositional_CLR_association_not_absolute_load	0.9032120678519076	105	singscore_basal_classical_contrast	LOW_CURRENT_CONCERN
Bosea	secondary_or_sensitivity	Model_0	CLR_genus ~ standardized_Moffitt50_contrast	62	0.40230433023461104	0.18253298791651903	0.03718399205944278	0.7674246684097793	2.204008901769601	0.03137156309955451	0.08699235195955235	0.0717755578255449	0.08699235195955235	0.09528107693978315	0.007158826385602806	0.5171323105332986	3.23896101871891	0.1476485480143914	0.07850658522141618	103.61737649015218	113.49015171180886	122_genus_tests_singscore_basal_classical_contrast	relative_compositional_CLR_association_not_absolute_load	0.08657086141274184	44	singscore_basal_classical_contrast	LOW_CURRENT_CONCERN
Phenylobacterium	secondary_or_sensitivity	Model_0	CLR_genus ~ standardized_Moffitt50_contrast	62	0.006052631260204466	0.1725344031850933	-0.3390675596534679	0.3511728221738768	0.03508072099517022	0.972131824229812	2.3951370654029525e-05	-0.016642316106501687	2.3951370654029525e-05	2.39519443359262e-05	0.05882581271522883	0.8630683016774569	2.231183131712306	0.15023739835697697	0.07850658522141618	93.29910858863317	93.30134328368868	122_genus_tests_singscore_basal_classical_contrast	relative_compositional_CLR_association_not_absolute_load	0.9881986785825136	120	singscore_basal_classical_contrast	LOW_CURRENT_CONCERN
Xanthomonas	secondary_or_sensitivity	Model_0	CLR_genus ~ standardized_Moffitt50_contrast	62	0.0875833494539824	0.1828821170461235	-0.2782353509587354	0.4534020498667002	0.47890603449157126	0.6337462278031042	0.003189653578704932	-0.01342385219498321	0.003189653578704932	0.00319986002368082	0.14078694507372377	0.18965674649329872	2.1885218078413673	0.09516527754830939	0.07850658522141618	146.23184318483257	146.69976461402885	122_genus_tests_singscore_basal_classical_contrast	relative_compositional_CLR_association_not_absolute_load	0.8138635767576706	95	singscore_basal_classical_contrast	LOW_CURRENT_CONCERN
Azospira	secondary_or_sensitivity	Model_0	CLR_genus ~ standardized_Moffitt50_contrast	62	-0.045272935344152054	0.14406146843889367	-0.3334387768986471	0.24289290621034298	-0.31426123747555307	0.7544127743079896	0.0012740498714035597	-0.01537138263073956	0.0012740498714035597	0.0012756751451582012	0.0005051479337037892	0.032394712103391315	2.087544706928333	0.09564205228056262	0.07850658522141618	98.00924602924766	98.13427398840284	122_genus_tests_singscore_basal_classical_contrast	relative_compositional_CLR_association_not_absolute_load	0.894705276989578	102	singscore_basal_classical_contrast	LOW_CURRENT_CONCERN
Deinococcus	secondary_or_sensitivity	Model_0	CLR_genus ~ standardized_Moffitt50_contrast	62	-0.05099074979162307	0.16184364684430447	-0.3747262440811303	0.2727447444978842	-0.3150617944285251	0.7538078760503996	0.0021386603788110525	-0.014492361948208687	0.0021386603788110525	0.0021432440499427876	0.00095337328017531	0.026682660561622818	2.2290202324627404	0.0984262475089822	0.07850658522141618	74.00158205374697	74.16018550417002	122_genus_tests_singscore_basal_classical_contrast	relative_compositional_CLR_association_not_absolute_load	0.894705276989578	101	singscore_basal_classical_contrast	LOW_CURRENT_CONCERN
Hydrogenophaga	secondary_or_sensitivity	Model_0	CLR_genus ~ standardized_Moffitt50_contrast	62	-0.28121550210095864	0.07125881690864826	-0.42375435836264064	-0.1386766458392766	-3.946395888967239	0.00021067281840270386	0.15281482339086871	0.13869507044738327	0.15281482339086871	0.18037948208975027	0.00010583314107786707	0.7508985618971437	5.617816879709227	0.18736653010474733	0.07850658522141618	26.743682929166535	31.567694605102083	122_genus_tests_singscore_basal_classical_contrast	relative_compositional_CLR_association_not_absolute_load	0.0021071972744228866	12	singscore_basal_classical_contrast	LOW_CURRENT_CONCERN
Porphyrobacter	secondary_or_sensitivity	Model_0	CLR_genus ~ standardized_Moffitt50_contrast	62	-0.12899212689617381	0.0687413834455486	-0.2664953664845518	0.00851111269220417	-1.8764843014594115	0.06545453715662242	0.033793889868679816	0.017690454699824554	0.033793889868679816	0.03497586023761201	1.2506929601015652e-07	0.35707450352271675	4.938787054453995	0.2661251645800406	0.07850658522141618	29.019360495432146	30.034337592305263	122_genus_tests_singscore_basal_classical_contrast	relative_compositional_CLR_association_not_absolute_load	0.14787876913162842	54	singscore_basal_classical_contrast	LOW_CURRENT_CONCERN
Aromatoleum	secondary_or_sensitivity	Model_0	CLR_genus ~ standardized_Moffitt50_contrast	62	0.21639391331729008	0.15429292711284942	-0.0922378927387476	0.5250257193733278	1.4024875758499298	0.16592278437281252	0.025650159980109	0.00941099597977757	0.025650159980109	0.026325410983374677	0.0016677646762685492	0.7361619057101368	2.30251695231076	0.07194443406520282	0.07850658522141618	108.50375216443717	111.36015803340423	122_genus_tests_singscore_basal_classical_contrast	relative_compositional_CLR_association_not_absolute_load	0.32131078878544644	63	singscore_basal_classical_contrast	LOW_CURRENT_CONCERN
Microbacterium	secondary_or_sensitivity	Model_0	CLR_genus ~ standardized_Moffitt50_contrast	62	0.32246428440127667	0.16065003612068993	0.0011163670425484162	0.643812201760005	2.007246883897506	0.04923430194667393	0.05157137687701452	0.03576423315829813	0.05157137687701452	0.054375601515694774	0.1137488101272352	0.5111785356980529	2.365150655318614	0.1457535748537676	0.07850658522141618	116.65114354182019	122.99411963940028	122_genus_tests_singscore_basal_classical_contrast	relative_compositional_CLR_association_not_absolute_load	0.1251371841144629	48	singscore_basal_classical_contrast	LOW_CURRENT_CONCERN
Mitsuaria	secondary_or_sensitivity	Model_0	CLR_genus ~ standardized_Moffitt50_contrast	62	0.03363606362512459	0.1733572721819586	-0.3131301103507804	0.38040223760102965	0.19402741633947515	0.846809831831839	0.0008772133831406181	-0.01577483306047367	0.0008772133831406181	0.0008779835620714447	0.000352326378284469	0.0008742992976777021	2.4947652788924706	0.1750956141911579	0.07850658522141618	78.60565314570302	78.67466761705082	122_genus_tests_singscore_basal_classical_contrast	relative_compositional_CLR_association_not_absolute_load	0.9306234133890671	111	singscore_basal_classical_contrast	LOW_CURRENT_CONCERN
Pandoraea	secondary_or_sensitivity	Model_0	CLR_genus ~ standardized_Moffitt50_contrast	62	0.4513192147875087	0.09140812753085935	0.26847573637312905	0.6341626932018883	4.937407941489049	6.645021770858532e-06	0.299784134544855	0.28811387012060263	0.299784134544855	0.4281310226382735	0.16125613668369426	0.11643108604033595	3.9161828548031306	0.2860248407656511	0.07850658522141618	29.02156207988478	41.446593131705995	122_genus_tests_singscore_basal_classical_contrast	relative_compositional_CLR_association_not_absolute_load	0.00027023088534824696	3	singscore_basal_classical_contrast	LOW_CURRENT_CONCERN
Rhodococcus	secondary_or_sensitivity	Model_0	CLR_genus ~ standardized_Moffitt50_contrast	62	-0.03364157806012039	0.16814182852490822	-0.3699753114479895	0.3026921553277487	-0.20007857863361342	0.8420957276023024	0.0006641667935344264	-0.01599143042657336	0.0006641667935344264	0.0006646082042343894	0.0016285393547557227	0.8377659965782629	2.582921037803154	0.09848188129645745	0.07850658522141618	103.87639183056116	103.94542893279804	122_genus_tests_singscore_basal_classical_contrast	relative_compositional_CLR_association_not_absolute_load	0.9306234133890671	107	singscore_basal_classical_contrast	LOW_CURRENT_CONCERN
Streptococcus	secondary_or_sensitivity	Model_0	CLR_genus ~ standardized_Moffitt50_contrast	62	0.2880223921808485	0.15239736598829942	-0.016817727086256895	0.592862511447954	1.8899433747625398	0.06359898533662132	0.0317044752883171	0.015566216543122402	0.0317044752883171	0.032742561004562465	3.3957260487503645e-05	0.9834837255365836	4.4993953117465555	0.12670756399269562	0.07850658522141618	154.5502442996769	159.61061510192914	122_genus_tests_singscore_basal_classical_contrast	relative_compositional_CLR_association_not_absolute_load	0.14639766435976984	53	singscore_basal_classical_contrast	LOW_CURRENT_CONCERN
Rhizorhabdus	secondary_or_sensitivity	Model_0	CLR_genus ~ standardized_Moffitt50_contrast	62	-0.28796862813275675	0.08527551702166032	-0.45854505910232385	-0.11739219716318966	-3.3769203423253544	0.0012913561858817835	0.09087405970216278	0.07572196069719883	0.09087405970216278	0.09995761387293788	1.1939540609986736e-07	0.6915838486407577	5.012472732865688	0.1523246407544585	0.07850658522141618	50.606267818062584	55.664749596170964	122_genus_tests_singscore_basal_classical_contrast	relative_compositional_CLR_association_not_absolute_load	0.007502164508456075	21	singscore_basal_classical_contrast	LOW_CURRENT_CONCERN
Citromicrobium	secondary_or_sensitivity	Model_0	CLR_genus ~ standardized_Moffitt50_contrast	62	-0.016877780156770206	0.14691636646238343	-0.31075426800972467	0.27699870769618423	-0.11488019043195984	0.9089236790164626	0.00029270817288984396	-0.016369080024228655	0.00029270817288984396	0.000292793876050336	0.06717782745570967	0.17981188670306816	2.4443447968946668	0.13100955954525267	0.07850658522141618	59.346962711918266	59.36433913916251	122_genus_tests_singscore_basal_classical_contrast	relative_compositional_CLR_association_not_absolute_load	0.9559369727586935	116	singscore_basal_classical_contrast	LOW_CURRENT_CONCERN
Massilia	secondary_or_sensitivity	Model_0	CLR_genus ~ standardized_Moffitt50_contrast	62	0.12974889312770244	0.13371515359774308	-0.1377212373841653	0.3972190236395702	0.9703379881537406	0.3357735543289625	0.011899487245152107	-0.004568854634095398	0.011899487245152107	0.012042790274418593	2.214558344032326e-06	0.0019417985995850069	2.2064648858115774	0.07511523559283884	0.07850658522141618	85.27270407764905	86.29962536898873	122_genus_tests_singscore_basal_classical_contrast	relative_compositional_CLR_association_not_absolute_load	0.5320048523134211	77	singscore_basal_classical_contrast	LOW_CURRENT_CONCERN
Candida	secondary_or_sensitivity	Model_0	CLR_genus ~ standardized_Moffitt50_contrast	62	-1.1167231672178217	0.26237860344507585	-1.6415585162321502	-0.5918878182034932	-4.256151807178847	7.415927664691628e-05	0.238799808187256	0.22611313832371027	0.238799808187256	0.31371485550807765	0.00651479895584008	5.377221878783458e-05	2.8988875721846554	0.14011230447893527	0.07850658522141618	242.48551583908827	318.5568244033494	122_genus_tests_singscore_basal_classical_contrast	relative_compositional_CLR_association_not_absolute_load	0.001130928968865473	8	singscore_basal_classical_contrast	LOW_CURRENT_CONCERN
Ramlibacter	secondary_or_sensitivity	Model_0	CLR_genus ~ standardized_Moffitt50_contrast	62	-0.3695128578625799	0.09474555011222385	-0.5590321753976042	-0.17999354032755563	-3.900055014983825	0.00024548356341749306	0.22837233175154426	0.21551187061407007	0.22837233175154426	0.2959618234918072	0.09427965725187172	0.23883675075926752	2.8710913082736096	0.13053032895610422	0.07850658522141618	28.141889320068344	36.47081419974039	122_genus_tests_singscore_basal_classical_contrast	relative_compositional_CLR_association_not_absolute_load	0.002139213909781011	14	singscore_basal_classical_contrast	LOW_CURRENT_CONCERN
Caulobacter	secondary_or_sensitivity	Model_0	CLR_genus ~ standardized_Moffitt50_contrast	62	-0.12272389078316275	0.047482947434728966	-0.21770392711966868	-0.027743854446656807	-2.584588729498343	0.012199627782959974	0.07926351665087494	0.0639179085950562	0.07926351665087494	0.08608708146608739	0.0035960251029610152	0.9329031897997215	4.5213721397811755	0.13929374416421833	0.07850658522141618	10.67210480202355	11.590835157529973	122_genus_tests_singscore_basal_classical_contrast	relative_compositional_CLR_association_not_absolute_load	0.045101654227912624	33	singscore_basal_classical_contrast	HIGH_RISK_POTENTIAL_CONTAMINANT
Bacteroides	secondary_or_sensitivity	Model_0	CLR_genus ~ standardized_Moffitt50_contrast	62	0.2642809566140618	0.30042354885717204	-0.33665561384673404	0.8652175270748577	0.8796945433185958	0.3825346149940225	0.014637812412440998	-0.0017848907140183279	0.014637812412440998	0.014855260935350521	0.02519403178192237	0.08064971728307242	2.489852538468334	0.13784838059181148	0.07850658522141618	286.8014156264924	291.0619254922519	122_genus_tests_singscore_basal_classical_contrast	relative_compositional_CLR_association_not_absolute_load	0.5833652878658844	80	singscore_basal_classical_contrast	LOW_CURRENT_CONCERN
Enterococcus	secondary_or_sensitivity	Model_0	CLR_genus ~ standardized_Moffitt50_contrast	62	-0.11840916257212203	0.15807811021128537	-0.43461246213588633	0.19779413699164228	-0.749054770542599	0.456750857289016	0.008623912992652527	-0.007899021790803262	0.008623912992652527	0.008698931823830256	1.3864217795160223e-05	0.2510032810915163	2.9178207278583437	0.11048155093075315	0.07850658522141618	98.31833769520495	99.17360221184784	122_genus_tests_singscore_basal_classical_contrast	relative_compositional_CLR_association_not_absolute_load	0.6633762451102375	84	singscore_basal_classical_contrast	LOW_CURRENT_CONCERN
Laribacter	secondary_or_sensitivity	Model_0	CLR_genus ~ standardized_Moffitt50_contrast	62	0.09292105488653407	0.1494391128001024	-0.2060016769712541	0.39184378674432224	0.6217987590091635	0.5364298267291754	0.00929696593983742	-0.007214751294498667	0.00929696593983742	0.009384210626403353	0.10183195730242	8.593561658783489e-05	2.541211588690799	0.17111221486868294	0.07850658522141618	56.12551656000683	56.65221022892163	122_genus_tests_singscore_basal_classical_contrast	relative_compositional_CLR_association_not_absolute_load	0.743686805238175	88	singscore_basal_classical_contrast	LOW_CURRENT_CONCERN
Variovorax	secondary_or_sensitivity	Model_0	CLR_genus ~ standardized_Moffitt50_contrast	62	-0.31302589709498363	0.08286337161123672	-0.4787773188536987	-0.14727447533626856	-3.777614777293658	0.0003661028625230893	0.2180319547077455	0.2049991539528746	0.2180319547077455	0.27882463486888104	0.1914762031902003	0.5975175078140991	2.919346336461763	0.13212517495882864	0.07850658522141618	21.436764187605057	27.413862134984342	122_genus_tests_singscore_basal_classical_contrast	relative_compositional_CLR_association_not_absolute_load	0.0029776366151877927	15	singscore_basal_classical_contrast	LOW_CURRENT_CONCERN
Pseudomonas	secondary_or_sensitivity	Model_0	CLR_genus ~ standardized_Moffitt50_contrast	62	0.11398329469929284	0.06707190161287113	-0.020180484015288006	0.2481470734138737	1.699419458198564	0.09441973140514244	0.05142936868442827	0.03561985816250213	0.05142936868442827	0.05421775351941997	0.002002129026251713	0.07092746619954446	3.9802855046704635	0.14556477595566877	0.07850658522141618	14.61742009316161	15.409943772862464	122_genus_tests_singscore_basal_classical_contrast	relative_compositional_CLR_association_not_absolute_load	0.19860702123150653	58	singscore_basal_classical_contrast	BIOLOGICALLY_PLAUSIBLE_BUT_CONTAMINATION_SENSITIVE
Methylobacterium	secondary_or_sensitivity	Model_0	CLR_genus ~ standardized_Moffitt50_contrast	62	0.2171072125268809	0.11796941666890168	-0.01886675470021587	0.45308117975397766	1.8403686197434024	0.07066105587205918	0.03062846993504509	0.014472277767295871	0.03062846993504509	0.03159621361377588	2.7164142251007556e-06	0.023074463760828556	2.4089800203399983	0.08761220387794832	0.07850658522141618	91.00039899556674	93.8756670411695	122_genus_tests_singscore_basal_classical_contrast	relative_compositional_CLR_association_not_absolute_load	0.15673906938893126	55	singscore_basal_classical_contrast	BIOLOGICALLY_PLAUSIBLE_BUT_CONTAMINATION_SENSITIVE
Elizabethkingia	secondary_or_sensitivity	Model_0	CLR_genus ~ standardized_Moffitt50_contrast	62	0.4439307646213176	0.18759933265354933	0.0686762281030942	0.8191853011395409	2.36637709922535	0.02120900164050177	0.05909756604034688	0.04341585880768606	0.05909756604034688	0.06280945176392333	3.7793039558588618e-06	0.6617672683426881	4.852600184135263	0.23706904854248412	0.07850658522141618	191.39708455978447	203.4186305101978	122_genus_tests_singscore_basal_classical_contrast	relative_compositional_CLR_association_not_absolute_load	0.0646874550035304	40	singscore_basal_classical_contrast	HIGH_RISK_POTENTIAL_CONTAMINANT
Tessaracoccus	secondary_or_sensitivity	Model_0	CLR_genus ~ standardized_Moffitt50_contrast	62	-0.08137209509436215	0.079907803005164	-0.24121149940753622	0.07846730921881194	-1.0183247697237219	0.3126123380150099	0.01743165408755709	0.0010555149890164595	0.01743165408755709	0.01774090744941465	0.5097586539502383	0.7319038055190306	3.613198570599544	0.0891433866621766	0.07850658522141618	22.76695770013299	23.17086418959579	122_genus_tests_singscore_basal_classical_contrast	relative_compositional_CLR_association_not_absolute_load	0.5018250689188317	76	singscore_basal_classical_contrast	LOW_CURRENT_CONCERN
Agrobacterium	secondary_or_sensitivity	Model_0	CLR_genus ~ standardized_Moffitt50_contrast	62	-0.21032996076506852	0.10443566959204463	-0.41923240319063626	-0.0014275183395007773	-2.0139666991812	0.04850347808020778	0.06735325154482286	0.05180913907056994	0.06735325154482286	0.07221732307155504	0.031170517098214303	0.152153437886477	3.8009841051532893	0.14126354190415147	0.07850658522141618	37.367214974830354	40.06577521095193	122_genus_tests_singscore_basal_classical_contrast	relative_compositional_CLR_association_not_absolute_load	0.1251371841144629	47	singscore_basal_classical_contrast	LOW_CURRENT_CONCERN
Azospirillum	secondary_or_sensitivity	Model_0	CLR_genus ~ standardized_Moffitt50_contrast	62	0.1388566274614732	0.16292364904152162	-0.18703919287089815	0.46475244779384456	0.8522803673890531	0.3974477381179672	0.011811300003288117	-0.004658511663323761	0.011811300003288117	0.011952474262585088	0.04326555298577616	0.6585451950206462	2.187380218856251	0.16142738084578473	0.07850658522141618	98.40229868305718	99.57844962544563	122_genus_tests_singscore_basal_classical_contrast	relative_compositional_CLR_association_not_absolute_load	0.5913246835413658	82	singscore_basal_classical_contrast	LOW_CURRENT_CONCERN
Clostridium	secondary_or_sensitivity	Model_0	CLR_genus ~ standardized_Moffitt50_contrast	62	-0.290226501984351	0.2311639133671522	-0.7526231744209586	0.17217017045225658	-1.255500903047056	0.21416453938379781	0.021099657109367342	0.004784651394523554	0.021099657109367342	0.021554448583664145	2.6919273440062256e-10	0.6857472273206824	3.7966570870682044	0.19604300937811697	0.07850658522141618	238.37848366914722	243.51660043884561	122_genus_tests_singscore_basal_classical_contrast	relative_compositional_CLR_association_not_absolute_load	0.38360567495560594	68	singscore_basal_classical_contrast	LOW_CURRENT_CONCERN
Ensifer	secondary_or_sensitivity	Model_0	CLR_genus ~ standardized_Moffitt50_contrast	62	0.4316274633437145	0.15489644011204273	0.12178845154983314	0.7414664751375959	2.7865550882350894	0.007121755979405036	0.11042616508363079	0.09559993450169135	0.11042616508363079	0.12413378266011185	0.5856698980593925	0.33067083302251277	2.722772046053019	0.14546317729713498	0.07850658522141618	91.54992339982948	102.91436169369379	122_genus_tests_singscore_basal_classical_contrast	relative_compositional_CLR_association_not_absolute_load	0.031030508195979085	28	singscore_basal_classical_contrast	LOW_CURRENT_CONCERN
Roseomonas	secondary_or_sensitivity	Model_0	CLR_genus ~ standardized_Moffitt50_contrast	62	-0.07444592725293663	0.17859093274866153	-0.4316809810615795	0.2827891265557062	-0.4168516626636778	0.6782745487089916	0.005031516597125085	-0.011551291459589441	0.005031516597125085	0.005056960779216725	0.0007897836499446954	0.09030024759748123	2.6854876467225637	0.24260366629962665	0.07850658522141618	66.85319026933684	67.19126423049438	122_genus_tests_singscore_basal_classical_contrast	relative_compositional_CLR_association_not_absolute_load	0.8358534842676463	99	singscore_basal_classical_contrast	LOW_CURRENT_CONCERN
Croceicoccus	secondary_or_sensitivity	Model_0	CLR_genus ~ standardized_Moffitt50_contrast	62	0.012674786643589472	0.18068757309235234	-0.34875417227808536	0.37410374556526427	0.07014752828137873	0.9443095174746801	7.867744999467963e-05	-0.01658667792583879	7.867744999467963e-05	7.868364062288013e-05	3.50281632207461e-07	0.02881284061338336	2.3101793312784284	0.15841813739412258	0.07850658522141618	124.54511670418677	124.55491636739086	122_genus_tests_singscore_basal_classical_contrast	relative_compositional_CLR_association_not_absolute_load	0.9681156397639578	119	singscore_basal_classical_contrast	LOW_CURRENT_CONCERN
Rhodobacter	secondary_or_sensitivity	Model_0	CLR_genus ~ standardized_Moffitt50_contrast	62	0.25811701760935885	0.2128422966373482	-0.1676309647868418	0.6838650000055595	1.212714867708612	0.22999215377762353	0.02678744110804565	0.010567231793179754	0.02678744110804565	0.027524758967911737	0.0017858070439725866	0.9188830130949266	2.0164119735395154	0.15917408732285723	0.07850658522141618	147.65208611964368	151.71617420119622	122_genus_tests_singscore_basal_classical_contrast	relative_compositional_CLR_association_not_absolute_load	0.4008434680124296	70	singscore_basal_classical_contrast	LOW_CURRENT_CONCERN
Micrococcus	secondary_or_sensitivity	Model_0	CLR_genus ~ standardized_Moffitt50_contrast	62	-0.04691366064335174	0.27624482493372	-0.5994855823009824	0.5056582610142788	-0.16982638735262404	0.8657179907718023	0.0006055421541659722	-0.016051032143264532	0.0006055421541659722	0.0006059090576419654	8.11186429322992e-05	0.8987584877431468	1.8342147997471663	0.12015746381913639	0.07850658522141618	221.57514095438876	221.70939533924133	122_genus_tests_singscore_basal_classical_contrast	relative_compositional_CLR_association_not_absolute_load	0.9306234133890671	112	singscore_basal_classical_contrast	LOW_CURRENT_CONCERN
Bradyrhizobium	secondary_or_sensitivity	Model_0	CLR_genus ~ standardized_Moffitt50_contrast	62	0.15388795623301313	0.12136699064308244	-0.08888217081476976	0.396658083280796	1.267955606525408	0.20971211553158012	0.02410692232932432	0.007842037701479732	0.02410692232932432	0.024702421690360046	0.4371618820527469	0.19293782714587207	2.424341501610445	0.09954999901784749	0.07850658522141618	58.478950185346534	59.92352187283451	122_genus_tests_singscore_basal_classical_contrast	relative_compositional_CLR_association_not_absolute_load	0.38186385216198165	67	singscore_basal_classical_contrast	BIOLOGICALLY_PLAUSIBLE_BUT_CONTAMINATION_SENSITIVE
Aquabacterium	secondary_or_sensitivity	Model_0	CLR_genus ~ standardized_Moffitt50_contrast	62	-0.2214279730858087	0.10080988805575149	-0.42307777260122975	-0.019778173570387636	-2.196490615715703	0.03193187511125724	0.041566245948419955	0.02559235004756033	0.041566245948419955	0.043368929540207934	1.405904391554362e-07	0.4059788985061744	3.613017903863037	0.157766891369946	0.07850658522141618	68.96299297370088	71.95384415685915	122_genus_tests_singscore_basal_classical_contrast	relative_compositional_CLR_association_not_absolute_load	0.08657086141274184	45	singscore_basal_classical_contrast	LOW_CURRENT_CONCERN
Prevotella	secondary_or_sensitivity	Model_0	CLR_genus ~ standardized_Moffitt50_contrast	62	0.10612854823317204	0.22031864859441685	-0.33457436469936513	0.5468314611657092	0.4817047894504082	0.6317680574328572	0.002900584694920938	-0.013717738893497033	0.002900584694920938	0.002909022561239248	9.57062364126948e-08	0.44727725848358824	5.375891867044465	0.1630702761865612	0.07850658522141618	236.18221560379774	236.86927499755265	122_genus_tests_singscore_basal_classical_contrast	relative_compositional_CLR_association_not_absolute_load	0.8138635767576706	94	singscore_basal_classical_contrast	LOW_CURRENT_CONCERN
Sulfuritalea	secondary_or_sensitivity	Model_0	CLR_genus ~ standardized_Moffitt50_contrast	62	0.051020265834538996	0.12044357996722116	-0.18990276484949384	0.2919432965185718	0.4236030334570279	0.6733700597146195	0.004281916788678286	-0.012313384598177102	0.004281916788678286	0.004300330445811069	0.1779090728904095	0.0007251028193454884	2.6625000429238215	0.27414844509728115	0.07850658522141618	36.92439943309993	37.08318655217538	122_genus_tests_singscore_basal_classical_contrast	relative_compositional_CLR_association_not_absolute_load	0.8358534842676463	96	singscore_basal_classical_contrast	LOW_CURRENT_CONCERN
Escherichia	secondary_or_sensitivity	Model_0	CLR_genus ~ standardized_Moffitt50_contrast	62	-0.28055273195262764	0.26686529957516525	-0.8143628094640137	0.25325734555875845	-1.0512896671064091	0.2973413620935868	0.016451356311019794	5.88789162034864e-05	0.016451356311019794	0.016726530422853266	4.341033762243713e-08	0.7552962920462609	2.779206241506834	0.1528271061978727	0.07850658522141618	287.0469749788084	291.84827493857944	122_genus_tests_singscore_basal_classical_contrast	relative_compositional_CLR_association_not_absolute_load	0.4902114348029404	74	singscore_basal_classical_contrast	LOW_CURRENT_CONCERN
Moraxella	secondary_or_sensitivity	Model_0	CLR_genus ~ standardized_Moffitt50_contrast	62	-0.002751389885948824	0.15776778328571775	-0.3183339431763878	0.3128311634044902	-0.017439491312152444	0.9861438678285224	4.007702398167723e-06	-0.016662592169228496	4.007702398167723e-06	4.007718459910606e-06	0.04368103913229326	0.07599864425435922	2.08147757795495	0.07214646135112683	0.07850658522141618	115.22239627572377	115.22285805464834	122_genus_tests_singscore_basal_classical_contrast	relative_compositional_CLR_association_not_absolute_load	0.9881986785825136	121	singscore_basal_classical_contrast	LOW_CURRENT_CONCERN
Shinella	secondary_or_sensitivity	Model_0	CLR_genus ~ standardized_Moffitt50_contrast	62	-0.04869453901043196	0.11566035612542132	-0.2800496974615059	0.18266061944064196	-0.4210132204471853	0.675249743965336	0.0016650087485472476	-0.014973907772310335	0.0016650087485472476	0.0016677856262055813	2.776596879632284e-09	0.5028162245919875	5.470101428040052	0.20611193909716086	0.07850658522141618	86.72616169790558	86.87080234380133	122_genus_tests_singscore_basal_classical_contrast	relative_compositional_CLR_association_not_absolute_load	0.8358534842676463	98	singscore_basal_classical_contrast	LOW_CURRENT_CONCERN
Cutibacterium	secondary_or_sensitivity	Model_0	CLR_genus ~ standardized_Moffitt50_contrast	62	-0.33086531630529054	0.11094549368782006	-0.5527893456913338	-0.10894128691924726	-2.9822330345050685	0.004131268834096306	0.14381921287013721	0.12954953308463957	0.14381921287013721	0.1679776222872929	0.998145214716062	0.7259053913708657	2.71300591259985	0.19797424573793693	0.07850658522141618	39.75400543615723	46.431788745719025	122_genus_tests_singscore_basal_classical_contrast	relative_compositional_CLR_association_not_absolute_load	0.019481788509718642	25	singscore_basal_classical_contrast	LOW_CURRENT_CONCERN
Chryseobacterium	secondary_or_sensitivity	Model_0	CLR_genus ~ standardized_Moffitt50_contrast	62	0.41021882518078795	0.13837380441102387	0.1334300055935897	0.6870076447679863	2.964569969922045	0.004343341228100787	0.08946528075229865	0.07428970209817032	0.08946528075229865	0.0982557598970156	1.1003782254685552e-07	0.24901176805619235	5.110040202306001	0.25496830359939693	0.07850658522141618	104.47274101033973	114.73778956683478	122_genus_tests_singscore_basal_classical_contrast	relative_compositional_CLR_association_not_absolute_load	0.01962546777141837	27	singscore_basal_classical_contrast	LOW_CURRENT_CONCERN
Aminobacter	secondary_or_sensitivity	Model_0	CLR_genus ~ standardized_Moffitt50_contrast	62	0.011464625778774943	0.15088879511521514	-0.2903579024565458	0.3132871540140957	0.0759806304372755	0.939687292636019	9.508372919919683e-05	-0.016569998208647352	9.508372919919683e-05	9.509277097448097e-05	0.007079436531199651	0.2435294175653582	2.475328896733119	0.07602222498547248	0.07850658522141618	84.31446698762781	84.3224846839269	122_genus_tests_singscore_basal_classical_contrast	relative_compositional_CLR_association_not_absolute_load	0.9681156397639578	118	singscore_basal_classical_contrast	LOW_CURRENT_CONCERN
Sphingopyxis	secondary_or_sensitivity	Model_0	CLR_genus ~ standardized_Moffitt50_contrast	62	-0.17376736984566923	0.05117542564838436	-0.27613346231078517	-0.07140127738055331	-3.3955236843478054	0.001220028718449913	0.14634749530605973	0.1321199535611608	0.14634749530605973	0.171436848719292	0.03535323077923266	0.47511207892008045	3.551934623938627	0.19554299861330357	0.07850658522141618	10.743903903786052	12.585804931994035	122_genus_tests_singscore_basal_classical_contrast	relative_compositional_CLR_association_not_absolute_load	0.00744217518254447	20	singscore_basal_classical_contrast	MODERATE_RISK_ENVIRONMENTAL
Thiomonas	secondary_or_sensitivity	Model_0	CLR_genus ~ standardized_Moffitt50_contrast	62	0.036797739936412784	0.18546771057492678	-0.3341929175805844	0.40778839745340995	0.19840510147208038	0.8433988625512576	0.000743406148171033	-0.015910870416026013	0.000743406148171033	0.0007439592120232396	0.00018751226928430558	0.7965826230057552	2.428184730887872	0.15953022081341323	0.07850658522141618	111.02556725585626	111.10816574938634	122_genus_tests_singscore_basal_classical_contrast	relative_compositional_CLR_association_not_absolute_load	0.9306234133890671	109	singscore_basal_classical_contrast	LOW_CURRENT_CONCERN
Flavobacterium	secondary_or_sensitivity	Model_0	CLR_genus ~ standardized_Moffitt50_contrast	62	-0.199005490594504	0.05459561810190911	-0.3082129865752751	-0.0897979946137329	-3.6450817393996156	0.0005601113047573578	0.15580908096972212	0.1417392323192176	0.15580908096972212	0.1845661656118026	0.04408998569591103	0.5168019568840092	4.192278408568661	0.16410265954804595	0.07850658522141618	13.08904204887394	15.504836351366256	122_genus_tests_singscore_basal_classical_contrast	relative_compositional_CLR_association_not_absolute_load	0.0040196223047292735	17	singscore_basal_classical_contrast	LOW_CURRENT_CONCERN
Verminephrobacter	secondary_or_sensitivity	Model_0	CLR_genus ~ standardized_Moffitt50_contrast	62	0.0017295090901642213	0.11644117000107132	-0.23118750965577092	0.23464652783609938	0.014853072071916737	0.9881986785825136	5.360890315775357e-06	-0.01666121642817897	5.360890315775357e-06	5.360919055074403e-06	0.05658290532401342	6.550095615332945e-05	2.577089419604874	0.1862111397293056	0.07850658522141618	34.03582508804488	34.036007551348156	122_genus_tests_singscore_basal_classical_contrast	relative_compositional_CLR_association_not_absolute_load	0.9881986785825136	122	singscore_basal_classical_contrast	LOW_CURRENT_CONCERN
Citrobacter	secondary_or_sensitivity	Model_0	CLR_genus ~ standardized_Moffitt50_contrast	62	-0.5839941424921453	0.24362902738515504	-1.0713247553501235	-0.09666352963416719	-2.39706306247697	0.019658267802410954	0.07889009790203827	0.06353826620040559	0.07889009790203827	0.08564678082642972	9.846864719507372e-06	0.3744634370987865	1.9568244623980338	0.05587076975845283	0.07850658522141618	242.90461901346055	263.7086176798339	122_genus_tests_singscore_basal_classical_contrast	relative_compositional_CLR_association_not_absolute_load	0.0614950941511317	39	singscore_basal_classical_contrast	LOW_CURRENT_CONCERN
Sphingobium	secondary_or_sensitivity	Model_0	CLR_genus ~ standardized_Moffitt50_contrast	62	-0.41009530893705554	0.07559848523708022	-0.5613147943043643	-0.2588758235697468	-5.424649814754599	1.0955342761155899e-06	0.3760039664087098	0.36560403251552165	0.3760039664087098	0.6025742892061199	0.1595699902882467	0.9197855500750407	3.8869351318088463	0.36388500565250903	0.07850658522141618	17.025067433027672	27.283935340170583	122_genus_tests_singscore_basal_classical_contrast	relative_compositional_CLR_association_not_absolute_load	9.213484396320281e-05	1	singscore_basal_classical_contrast	LOW_CURRENT_CONCERN
Methylorubrum	secondary_or_sensitivity	Model_0	CLR_genus ~ standardized_Moffitt50_contrast	62	0.5106553559215605	0.19680601771217646	0.11698470733259408	0.904326004510527	2.5947141345463347	0.011881883851434672	0.07522746620276921	0.059814590639482135	0.07522746620276921	0.08134699448076804	0.17378626303512845	0.1635231085625607	2.4093212944311775	0.1146456875409081	0.07850658522141618	195.54382489416565	211.45072733857955	122_genus_tests_singscore_basal_classical_contrast	relative_compositional_CLR_association_not_absolute_load	0.045101654227912624	31	singscore_basal_classical_contrast	LOW_CURRENT_CONCERN
Ralstonia	secondary_or_sensitivity	Model_0	CLR_genus ~ standardized_Moffitt50_contrast	62	0.05170162392949809	0.15067092172467197	-0.24968509263724428	0.3530883404962405	0.34314268033731743	0.732690532619521	0.002849862213446852	-0.013769306749662258	0.002849862213446852	0.002858007140000902	8.51626671534454e-09	0.01758592789345788	4.42950206436615	0.46411939648733025	0.07850658522141618	57.052528194080956	57.21558472701474	122_genus_tests_singscore_basal_classical_contrast	relative_compositional_CLR_association_not_absolute_load	0.8938824497958155	100	singscore_basal_classical_contrast	HIGH_RISK_POTENTIAL_CONTAMINANT
Erythrobacter	secondary_or_sensitivity	Model_0	CLR_genus ~ standardized_Moffitt50_contrast	62	-0.261881379812125	0.04905175057573832	-0.3599994896547611	-0.16376326996948892	-5.33887938225094	1.510407278085292e-06	0.25584234971850406	0.2434397222138125	0.25584234971850406	0.3438012760088207	0.23480359417438246	0.3952313126988536	2.9960687633742547	0.14477760164989179	0.07850658522141618	12.168347166120235	16.35184044875069	122_genus_tests_singscore_basal_classical_contrast	relative_compositional_CLR_association_not_absolute_load	9.213484396320281e-05	2	singscore_basal_classical_contrast	LOW_CURRENT_CONCERN
Xanthobacter	secondary_or_sensitivity	Model_0	CLR_genus ~ standardized_Moffitt50_contrast	62	-0.034721511862796456	0.17743359561929814	-0.3896415467322375	0.32019852300664453	-0.19568735977878168	0.845516100455786	0.0007382184808230052	-0.015916144544496635	0.0007382184808230052	0.0007387638499500022	0.017571123049421197	0.8442698066122775	2.076006130675239	0.13817051255231164	0.07850658522141618	99.54545901688074	99.61899960342909	122_genus_tests_singscore_basal_classical_contrast	relative_compositional_CLR_association_not_absolute_load	0.9306234133890671	110	singscore_basal_classical_contrast	LOW_CURRENT_CONCERN
Paucibacter	secondary_or_sensitivity	Model_0	CLR_genus ~ standardized_Moffitt50_contrast	62	0.3459909404559824	0.15424444630284578	0.037456110458604475	0.6545257704533602	2.243133861537282	0.02859312425784517	0.11134504943828227	0.09653413359558705	0.11134504943828227	0.12529615613788142	0.10044212999331453	4.251744762945608e-05	2.4104015626588575	0.16499127945315117	0.07850658522141618	58.28026819512926	65.58256177866377	122_genus_tests_singscore_basal_classical_contrast	relative_compositional_CLR_association_not_absolute_load	0.08112467812690956	43	singscore_basal_classical_contrast	LOW_CURRENT_CONCERN
Streptomyces	secondary_or_sensitivity	Model_0	CLR_genus ~ standardized_Moffitt50_contrast	62	0.431501575312116	0.10071400232266849	0.23004357581974313	0.632959574804489	4.28442486010701	6.729687343214195e-05	0.16723607193680323	0.15335667313574997	0.16723607193680323	0.20082050422831477	0.04863571737553498	0.8128594909694451	2.956208968864426	0.08128448516920385	0.07850658522141618	56.55702450778784	67.91483468709495	122_genus_tests_singscore_basal_classical_contrast	relative_compositional_CLR_association_not_absolute_load	0.001130928968865473	7	singscore_basal_classical_contrast	LOW_CURRENT_CONCERN
Collimonas	secondary_or_sensitivity	Model_0	CLR_genus ~ standardized_Moffitt50_contrast	62	0.19711426870301657	0.1525323643057904	-0.10799588740454164	0.5022244248105747	1.2922783279478331	0.20121576733962432	0.031619056894865105	0.015479374509779542	0.031619056894865105	0.03265146543825811	0.07524729884321349	0.051176077788421294	2.302802466242358	0.11867624794347613	0.07850658522141618	72.58774142886578	74.95783755937161	122_genus_tests_singscore_basal_classical_contrast	relative_compositional_CLR_association_not_absolute_load	0.37698803406360826	65	singscore_basal_classical_contrast	LOW_CURRENT_CONCERN
Bacillus	secondary_or_sensitivity	Model_0	CLR_genus ~ standardized_Moffitt50_contrast	62	0.29003556820542636	0.15971137991895284	-0.029434757197347006	0.6095058936081997	1.8159981358410895	0.07436768958574554	0.033593698430775754	0.017486926737955377	0.033593698430775754	0.03476146458919734	6.997018545818096e-08	0.45211627471167304	6.961754611451798	0.22706176277019083	0.07850658522141618	147.61629122708317	152.74764970736206	122_genus_tests_singscore_basal_classical_contrast	relative_compositional_CLR_association_not_absolute_load	0.1592353195830372	56	singscore_basal_classical_contrast	LOW_CURRENT_CONCERN
Polaromonas	secondary_or_sensitivity	Model_0	CLR_genus ~ standardized_Moffitt50_contrast	62	0.08780217263425902	0.1330963910640301	-0.1784302485290786	0.3540345937975966	0.6596886056213132	0.5119780207872866	0.006676645451615393	-0.009878743790857625	0.006676645451615393	0.006721522675414126	0.005298250470978408	0.18618127397271422	3.0052620853649135	0.18404918021972336	0.07850658522141618	69.96368760268938	70.43395011536644	122_genus_tests_singscore_basal_classical_contrast	relative_compositional_CLR_association_not_absolute_load	0.7179461900695283	87	singscore_basal_classical_contrast	LOW_CURRENT_CONCERN
Ochrobactrum	secondary_or_sensitivity	Model_0	CLR_genus ~ standardized_Moffitt50_contrast	62	0.8145576063316254	0.32880029367777475	0.15685909501032358	1.4722561176529272	2.477362770028102	0.01606972662428474	0.1365810424368239	0.12219072647743767	0.1365810424368239	0.15818629095462072	0.00021509530587770554	0.0017334753605146211	2.6730280757017204	0.192808297270677	0.07850658522141618	255.86129804134512	296.33504777734026	122_genus_tests_singscore_basal_classical_contrast	relative_compositional_CLR_association_not_absolute_load	0.05601447566179253	35	singscore_basal_classical_contrast	LOW_CURRENT_CONCERN
Fusarium	secondary_or_sensitivity	Model_0	CLR_genus ~ standardized_Moffitt50_contrast	62	-0.5923773615157099	0.19223132263534515	-0.9768972575061112	-0.20785746552530843	-3.081586046408395	0.0031072952299979243	0.11711431432392061	0.10239955289598601	0.11711431432392061	0.13264946552422474	8.015546073550203e-08	0.583630783943182	3.5298965152802335	0.22316986988693868	0.07850658522141618	161.36941946973826	182.77498671435345	122_genus_tests_singscore_basal_classical_contrast	relative_compositional_CLR_association_not_absolute_load	0.01648217469824986	23	singscore_basal_classical_contrast	LOW_CURRENT_CONCERN
Serratia	secondary_or_sensitivity	Model_0	CLR_genus ~ standardized_Moffitt50_contrast	62	-0.49200846720438135	0.20398461533149587	-0.9000384489763892	-0.08397848543237352	-2.411988111970196	0.018941361477185507	0.0902494942773352	0.07508698584862417	0.0902494942773352	0.09920246673085943	0.00550478382048358	0.2461579094938206	2.035383802436749	0.10212898662613525	0.07850658522141618	148.8512607243028	163.6176729641519	122_genus_tests_singscore_basal_classical_contrast	relative_compositional_CLR_association_not_absolute_load	0.06081173947938504	38	singscore_basal_classical_contrast	LOW_CURRENT_CONCERN
Candidatus Accumulibacter	secondary_or_sensitivity	Model_0	CLR_genus ~ standardized_Moffitt50_contrast	62	-0.023665006578154978	0.15125112754446343	-0.3262123075825462	0.2788822944262363	-0.15646168701253585	0.8761943892346579	0.00036889605248291435	-0.016291622346642276	0.00036889605248291435	0.00036903218699993776	0.032995055417617866	0.22944865378295312	2.9459461251179473	0.11013385712677451	0.07850658522141618	92.5718295596496	92.60599154436657	122_genus_tests_singscore_basal_classical_contrast	relative_compositional_CLR_association_not_absolute_load	0.9306234133890671	114	singscore_basal_classical_contrast	LOW_CURRENT_CONCERN
Methylibium	secondary_or_sensitivity	Model_0	CLR_genus ~ standardized_Moffitt50_contrast	62	0.33079843151569877	0.13101107908455017	0.06873725536313507	0.5928596076682624	2.524965322224485	0.014232226386120964	0.07168431871290704	0.05621239069145556	0.07168431871290704	0.07721976495486753	0.09095036333938818	0.01985642392353496	2.6093114840913927	0.11752280530090199	0.07850658522141618	86.44268399145464	93.11776773134268	122_genus_tests_singscore_basal_classical_contrast	relative_compositional_CLR_association_not_absolute_load	0.0510685770325517	34	singscore_basal_classical_contrast	LOW_CURRENT_CONCERN
Novosphingobium	secondary_or_sensitivity	Model_0	CLR_genus ~ standardized_Moffitt50_contrast	62	-0.25706234162723174	0.05485337019458906	-0.36678541855761015	-0.14733926469685332	-4.686354561539581	1.6434935116673486e-05	0.2493577986991834	0.2368470953441698	0.2493577986991834	0.33219261888961443	0.019940221356721872	0.4509758377544901	3.6092395014183993	0.2699024060868222	0.07850658522141618	12.134357198932438	16.16530109538785	122_genus_tests_singscore_basal_classical_contrast	relative_compositional_CLR_association_not_absolute_load	0.0005012655210585413	4	singscore_basal_classical_contrast	MODERATE_RISK_ENVIRONMENTAL
Pseudoxanthomonas	secondary_or_sensitivity	Model_0	CLR_genus ~ standardized_Moffitt50_contrast	62	0.22343098512525683	0.17906191787344344	-0.1347461792026884	0.581608149453202	1.2477861723963681	0.21695730796669516	0.027927041825702825	0.011725825856131245	0.027927041825702825	0.02872936808997764	8.95397294938844e-06	0.015675832405350778	3.5739242066746746	0.27650154359351803	0.07850658522141618	105.99626495157612	109.04147066353273	122_genus_tests_singscore_basal_classical_contrast	relative_compositional_CLR_association_not_absolute_load	0.38360567495560594	69	singscore_basal_classical_contrast	LOW_CURRENT_CONCERN
Burkholderia	secondary_or_sensitivity	Model_0	CLR_genus ~ standardized_Moffitt50_contrast	62	-0.18859036841257287	0.05467249187412052	-0.29795163483246845	-0.07922910199267727	-3.449456242945513	0.0010337367749284603	0.13636992892145805	0.12197609440348245	0.13636992892145805	0.15790317346309266	0.015739866541920403	0.7887550351707557	4.028419960137779	0.15457372605254296	0.07850658522141618	13.739723546749886	15.909269497287275	122_genus_tests_singscore_basal_classical_contrast	relative_compositional_CLR_association_not_absolute_load	0.006637678239014324	19	singscore_basal_classical_contrast	BIOLOGICALLY_PLAUSIBLE_BUT_CONTAMINATION_SENSITIVE
Rhizobacter	secondary_or_sensitivity	Model_0	CLR_genus ~ standardized_Moffitt50_contrast	62	0.16177710348928262	0.15346566285528943	-0.1451999276741275	0.4687541346526928	1.054158307984702	0.29603705632608573	0.02132024212277528	0.005008912824821632	0.02132024212277528	0.021784697140379502	0.04581979223824451	0.09811115101356825	2.2184973985665875	0.1351408668982485	0.07850658522141618	73.28454895326998	74.88103065728629	122_genus_tests_singscore_basal_classical_contrast	relative_compositional_CLR_association_not_absolute_load	0.4902114348029404	73	singscore_basal_classical_contrast	LOW_CURRENT_CONCERN
Sphingomonas	secondary_or_sensitivity	Model_0	CLR_genus ~ standardized_Moffitt50_contrast	62	-0.20011472617332646	0.06077019730608882	-0.32167321948807276	-0.07855623285858014	-3.29297476467591	0.0016651322058990595	0.15368978899023744	0.13958461880674145	0.15368978899023744	0.18159982827911852	0.9412121514458249	0.800405090985321	2.5766958593571747	0.14947785828179147	0.07850658522141618	13.451555239151343	15.894355360668303	122_genus_tests_singscore_basal_classical_contrast	relative_compositional_CLR_association_not_absolute_load	0.009233914959985693	22	singscore_basal_classical_contrast	BIOLOGICALLY_PLAUSIBLE_BUT_CONTAMINATION_SENSITIVE
Diaphorobacter	secondary_or_sensitivity	Model_0	CLR_genus ~ standardized_Moffitt50_contrast	62	0.07888629347258244	0.2520327331340399	-0.42525423369173876	0.5830268206369037	0.3130001904579114	0.7553659305731684	0.0014409520920370955	-0.015201698706428957	0.0014409520920370955	0.0014430314311967537	8.26551010998958e-05	0.016255830251304594	1.9874521191969152	0.08607531333082753	0.07850658522141618	263.0614115269424	263.44101741211074	122_genus_tests_singscore_basal_classical_contrast	relative_compositional_CLR_association_not_absolute_load	0.894705276989578	103	singscore_basal_classical_contrast	LOW_CURRENT_CONCERN
Fusobacterium	secondary_or_sensitivity	Model_0	CLR_genus ~ standardized_Moffitt50_contrast	62	0.4340929445738295	0.2260141033967261	-0.018002574195147447	0.8861884633428065	1.9206453847345066	0.05953236380722005	0.049616064229814794	0.03377633196697838	0.049616064229814794	0.05220633721003107	7.328666304573683e-06	0.20661597778960816	5.175282455125559	0.1548559136692318	0.07850658522141618	220.17705839065835	231.67169614691377	122_genus_tests_singscore_basal_classical_contrast	relative_compositional_CLR_association_not_absolute_load	0.14525896768961694	50	singscore_basal_classical_contrast	LOW_CURRENT_CONCERN
Sphingobacterium	secondary_or_sensitivity	Model_0	CLR_genus ~ standardized_Moffitt50_contrast	62	-0.13289252201686821	0.1537214242646583	-0.4403811521703942	0.1745961081366578	-0.8645022816603007	0.39075519189807917	0.01169230932322951	-0.004779485521383187	0.01169230932322951	0.011830636788046123	9.87115916501046e-05	0.6047390380806731	2.605608715796238	0.0951445433459276	0.07850658522141618	91.05898407571308	92.13626984260134	122_genus_tests_singscore_basal_classical_contrast	relative_compositional_CLR_association_not_absolute_load	0.5885448569329094	81	singscore_basal_classical_contrast	LOW_CURRENT_CONCERN
Alicycliphilus	secondary_or_sensitivity	Model_0	CLR_genus ~ standardized_Moffitt50_contrast	62	-0.06176054112607627	0.06569146985172912	-0.19316304519540545	0.06964196294325292	-0.9401607433274781	0.35090485084973555	0.004353814264775879	-0.012240288830811075	0.004353814264775879	0.004372852853908994	4.462935570328317e-12	0.5610948078957669	6.430982244597302	0.23502652313349345	0.07850658522141618	53.209252317588856	53.441928548440174	122_genus_tests_singscore_basal_classical_contrast	relative_compositional_CLR_association_not_absolute_load	0.5488511769700991	78	singscore_basal_classical_contrast	LOW_CURRENT_CONCERN
Devosia	secondary_or_sensitivity	Model_0	CLR_genus ~ standardized_Moffitt50_contrast	62	-0.33524200087276856	0.1693429264446629	-0.6739782878135487	0.003494286068011665	-1.9796634433521343	0.052334230850734624	0.0635255985726646	0.04791769188220907	0.0635255985726646	0.06783484788889213	0.0017948644416279733	0.42897486403042806	2.8537971318677804	0.13737521924183718	0.07850658522141618	101.06338204411932	107.91900119221911	122_genus_tests_singscore_basal_classical_contrast	relative_compositional_CLR_association_not_absolute_load	0.13030155436305355	49	singscore_basal_classical_contrast	LOW_CURRENT_CONCERN
Ottowia	secondary_or_sensitivity	Model_0	CLR_genus ~ standardized_Moffitt50_contrast	62	0.0810209106449018	0.14397151398474223	-0.20696499521087364	0.36900681650067724	0.562756537056964	0.5756974959211827	0.006275825045714001	-0.010286244536857447	0.006275825045714001	0.006315459766290486	0.046684542344758294	0.0005143926366579264	2.637378923167471	0.11609864126127273	0.07850658522141618	63.40435700387208	63.80478466953756	122_genus_tests_singscore_basal_classical_contrast	relative_compositional_CLR_association_not_absolute_load	0.7803899389153809	90	singscore_basal_classical_contrast	LOW_CURRENT_CONCERN
Thauera	secondary_or_sensitivity	Model_0	CLR_genus ~ standardized_Moffitt50_contrast	62	-0.06301005077589975	0.12197036732512614	-0.30698711088662883	0.18096700933482934	-0.5166013037243641	0.6073334562095181	0.0029647418367786393	-0.01365251246594168	0.0029647418367786393	0.0029735576675998464	1.2052045117365352e-08	0.13173117881518823	3.784981348633213	0.2532566344461741	0.07850658522141618	81.44663177869323	81.68881803511891	122_genus_tests_singscore_basal_classical_contrast	relative_compositional_CLR_association_not_absolute_load	0.7967170070705506	93	singscore_basal_classical_contrast	LOW_CURRENT_CONCERN
Phreatobacter	secondary_or_sensitivity	Model_0	CLR_genus ~ standardized_Moffitt50_contrast	62	-0.2450033918405777	0.12955156336761198	-0.5041451018833544	0.014138318202198935	-1.8911650733643621	0.06343278140927686	0.0486590258201558	0.03280334291715847	0.0486590258201558	0.05114782937012146	6.83851916195273e-05	0.979073969661483	3.1945016953198944	0.10786277606053461	0.07850658522141618	71.58908653424967	75.25071291706635	122_genus_tests_singscore_basal_classical_contrast	relative_compositional_CLR_association_not_absolute_load	0.14639766435976984	52	singscore_basal_classical_contrast	LOW_CURRENT_CONCERN
Dickeya	secondary_or_sensitivity	Model_0	CLR_genus ~ standardized_Moffitt50_contrast	62	0.12636640440366198	0.1876961405507798	-0.24908177674054527	0.5018145855478693	0.6732498816057142	0.5033734295053389	0.007063572281105213	-0.009485368180876419	0.007063572281105213	0.007113821271853816	0.1583551091646147	0.35405263325852054	2.5554969505327323	0.18533714300605214	0.07850658522141618	136.92733070628657	137.9014072641631	122_genus_tests_singscore_basal_classical_contrast	relative_compositional_CLR_association_not_absolute_load	0.7140878883680389	86	singscore_basal_classical_contrast	LOW_CURRENT_CONCERN
Rhizobium	secondary_or_sensitivity	Model_0	CLR_genus ~ standardized_Moffitt50_contrast	62	-0.2923443608493752	0.09643380231216599	-0.4852406855829545	-0.09944803611579586	-3.031554847365936	0.0035889932421259135	0.13546959509643774	0.12106075501471181	0.13546959509643774	0.15669731721182123	0.4192717083279847	0.5875806924789607	2.878849243169134	0.10187022758535319	0.07850658522141618	33.270376527881766	38.48375527242798	122_genus_tests_singscore_basal_classical_contrast	relative_compositional_CLR_association_not_absolute_load	0.018244048980806726	24	singscore_basal_classical_contrast	BIOLOGICALLY_PLAUSIBLE_BUT_CONTAMINATION_SENSITIVE
Sinorhizobium	secondary_or_sensitivity	Model_0	CLR_genus ~ standardized_Moffitt50_contrast	62	0.26720907267090654	0.16471699663681819	-0.06227397695045106	0.5966921222922641	1.6222313308690994	0.1099973172432547	0.028809069588725866	0.012622554081871407	0.028809069588725866	0.029663651797619213	3.154904086421967e-07	0.025209322874684498	2.5514488332399092	0.1073579741930881	0.07850658522141618	146.82757299375604	151.18301499333236	122_genus_tests_singscore_basal_classical_contrast	relative_compositional_CLR_association_not_absolute_load	0.2199946344865094	61	singscore_basal_classical_contrast	LOW_CURRENT_CONCERN
Stenotrophomonas	secondary_or_sensitivity	Model_0	CLR_genus ~ standardized_Moffitt50_contrast	62	-0.03866162850669064	0.06563912897325382	-0.16995943523080334	0.09263617821742207	-0.5890027657503532	0.5580705742526063	0.0034382986073874244	-0.013171063082489498	0.0034382986073874244	0.0034501612921534978	0.05019642073786702	0.3262883109842995	2.5482912890833878	0.08454699271018487	0.07850658522141618	26.42717395662672	26.518351969272874	122_genus_tests_singscore_basal_classical_contrast	relative_compositional_CLR_association_not_absolute_load	0.7649956186384042	89	singscore_basal_classical_contrast	BIOLOGICALLY_PLAUSIBLE_BUT_CONTAMINATION_SENSITIVE
Corynebacterium	secondary_or_sensitivity	Model_0	CLR_genus ~ standardized_Moffitt50_contrast	62	0.1606313188768624	0.1775233420041287	-0.19446823549068884	0.5157308732444137	0.9048461856533018	0.3691659367947302	0.014818072956056194	-0.0016016258280093787	0.014818072956056194	0.015040950863276684	0.015129445121794179	0.18845388937671675	2.261357199885463	0.13072340474571673	0.07850658522141618	104.64415921297876	106.2181068698301	122_genus_tests_singscore_basal_classical_contrast	relative_compositional_CLR_association_not_absolute_load	0.5701043580880643	79	singscore_basal_classical_contrast	LOW_CURRENT_CONCERN
Leptothrix	secondary_or_sensitivity	Model_0	CLR_genus ~ standardized_Moffitt50_contrast	62	0.13683478757787218	0.17372230638977187	-0.21066156352888246	0.48433113868462685	0.7876638896956787	0.43399402209096805	0.013238634794148774	-0.003207387959281993	0.013238634794148774	0.013416247596385194	0.012644916868887449	0.30765737049205605	2.084767270356289	0.15474891684962513	0.07850658522141618	85.13179981026278	86.27394911484313	122_genus_tests_singscore_basal_classical_contrast	relative_compositional_CLR_association_not_absolute_load	0.6379189240373265	83	singscore_basal_classical_contrast	LOW_CURRENT_CONCERN
Altererythrobacter	secondary_or_sensitivity	Model_0	CLR_genus ~ standardized_Moffitt50_contrast	62	0.021920713107622936	0.11030275663214284	-0.19871765074582134	0.24255907696106724	0.19873223278297578	0.8431440910505695	0.0004580866435719422	-0.016200945245701703	0.0004580866435719422	0.000458296583115462	6.430255092019126e-07	0.04250731090828674	2.558826254068923	0.10500604244418675	0.07850658522141618	63.95766089432749	63.98697247177943	122_genus_tests_singscore_basal_classical_contrast	relative_compositional_CLR_association_not_absolute_load	0.9306234133890671	108	singscore_basal_classical_contrast	LOW_CURRENT_CONCERN
Roseolovirus	secondary_or_sensitivity	Model_0	CLR_genus ~ standardized_Moffitt50_contrast	62	-1.0019089567288753	0.22680944817440873	-1.4555954019244013	-0.5482225115333492	-4.417403969690193	4.2462753573170676e-05	0.24945685164344322	0.23694779917083397	0.24945685164344322	0.3323684350322455	0.00042328709307357755	0.0001558179180680582	2.3951088626605572	0.1375506709083502	0.07850658522141618	184.23264232671622	245.4657573387024	122_genus_tests_singscore_basal_classical_contrast	relative_compositional_CLR_association_not_absolute_load	0.0010360911871853645	5	singscore_basal_classical_contrast	LOW_CURRENT_CONCERN
Janibacter	secondary_or_sensitivity	Model_0	CLR_genus ~ standardized_Moffitt50_contrast	62	0.24124974687062173	0.18095976444540185	-0.1207236758217291	0.6032231695629726	1.3331678874030046	0.18751664926720135	0.03449839004170052	0.018406696542395573	0.03449839004170052	0.035731053874877045	0.0015561194909980767	0.05895047372228156	3.4627381896973297	0.12805514881010827	0.07850658522141618	99.36140911784734	102.91169698012085	122_genus_tests_singscore_basal_classical_contrast	relative_compositional_CLR_association_not_absolute_load	0.35745361266560255	64	singscore_basal_classical_contrast	LOW_CURRENT_CONCERN
Lactobacillus	secondary_or_sensitivity	Model_0	CLR_genus ~ standardized_Moffitt50_contrast	62	0.12653840242348613	0.18403786623085447	-0.24159214056624378	0.49466894541321604	0.6875672111127292	0.49437476854029483	0.007838194998797898	-0.00869783508455546	0.007838194998797898	0.007900117661542515	2.763663274129992e-05	0.107891162914453	4.600699195183294	0.1309540107813704	0.07850658522141618	123.6348680369453	124.61159804150648	122_genus_tests_singscore_basal_classical_contrast	relative_compositional_CLR_association_not_absolute_load	0.7095731971990114	85	singscore_basal_classical_contrast	LOW_CURRENT_CONCERN
Acinetobacter	secondary_or_sensitivity	Model_0	CLR_genus ~ standardized_Moffitt50_contrast	62	-0.10842885718185258	0.06417326323020843	-0.2367944958527863	0.01993678148908115	-1.6896266719815427	0.09628968522437781	0.0485993771164831	0.0327427000684245	0.0485993771164831	0.05108192694806894	0.7264090180506366	0.47936028431329847	2.2320352417968867	0.13898266304783466	0.07850658522141618	14.039522079591949	14.756687920847467	122_genus_tests_singscore_basal_classical_contrast	relative_compositional_CLR_association_not_absolute_load	0.1991074847012558	59	singscore_basal_classical_contrast	BIOLOGICALLY_PLAUSIBLE_BUT_CONTAMINATION_SENSITIVE
Janthinobacterium	secondary_or_sensitivity	Model_0	CLR_genus ~ standardized_Moffitt50_contrast	62	-0.07290549485480757	0.1337319711002016	-0.3404092653802148	0.19459827567059967	-0.5451612972950316	0.5876634656873585	0.006125921582897598	-0.010438646390720674	0.006125921582897598	0.006163679802026904	0.01323498292872676	0.006569974139726627	3.4856371107366066	0.11105031038933898	0.07850658522141618	52.602972963467586	52.92720084544908	122_genus_tests_singscore_basal_classical_contrast	relative_compositional_CLR_association_not_absolute_load	0.7878565144379971	91	singscore_basal_classical_contrast	LOW_CURRENT_CONCERN
Paracoccus	secondary_or_sensitivity	Model_0	CLR_genus ~ standardized_Moffitt50_contrast	62	0.354091439585403	0.18560388466005978	-0.017171606657500504	0.7253544858283065	1.9077803260095243	0.06120867461262622	0.049493903885983626	0.033652135617416756	0.049493903885983626	0.05207110621208122	0.0002227188186775034	0.006640777167128047	2.163389196811627	0.14035838838608133	0.07850658522141618	146.8804133274381	154.52863893028552	122_genus_tests_singscore_basal_classical_contrast	relative_compositional_CLR_association_not_absolute_load	0.14639766435976984	51	singscore_basal_classical_contrast	LOW_CURRENT_CONCERN
Delftia	secondary_or_sensitivity	Model_0	CLR_genus ~ standardized_Moffitt50_contrast	62	0.011705793252204076	0.1374129632676733	-0.26316105788864835	0.28657264439305646	0.08518696470726565	0.9323963739902179	7.164640070611572e-05	-0.016593826159281955	7.164640070611572e-05	7.1651534280652e-05	3.352254409621741e-08	0.6600088353615949	5.522367974264428	0.2831883365058941	0.07850658522141618	116.65572020722509	116.66407876856053	122_genus_tests_singscore_basal_classical_contrast	relative_compositional_CLR_association_not_absolute_load	0.9681156397639578	117	singscore_basal_classical_contrast	HIGH_RISK_POTENTIAL_CONTAMINANT
Sphingorhabdus	secondary_or_sensitivity	Model_0	CLR_genus ~ standardized_Moffitt50_contrast	62	0.23355478458060383	0.128622876216663	-0.023729274576796883	0.49083884373800457	1.815810619777969	0.07439682964125509	0.05478395168199268	0.0390303508766926	0.05478395168199268	0.05795918486517406	0.22865062680645526	0.7363138522710739	2.9189832023928557	0.18668105000995985	0.07850658522141618	57.40967698511171	60.73709506654174	122_genus_tests_singscore_basal_classical_contrast	relative_compositional_CLR_association_not_absolute_load	0.1592353195830372	57	singscore_basal_classical_contrast	LOW_CURRENT_CONCERN
Klebsiella	secondary_or_sensitivity	Model_0	CLR_genus ~ standardized_Moffitt50_contrast	62	-0.7114796364304813	0.18977750313936786	-1.091091162627463	-0.3318681102334994	-3.7490199031019413	0.0004015460583004478	0.23228337686049472	0.21948809980816963	0.23228337686049472	0.3025639537549592	0.14672567967791703	0.862863011806056	3.210680253986826	0.2654752482601137	0.07850658522141618	102.0557778716035	132.93417752797373	122_genus_tests_singscore_basal_classical_contrast	relative_compositional_CLR_association_not_absolute_load	0.0030617886945409145	16	singscore_basal_classical_contrast	LOW_CURRENT_CONCERN
Brachybacterium	secondary_or_sensitivity	Model_0	CLR_genus ~ standardized_Moffitt50_contrast	62	0.14702194127837317	0.13446194865741415	-0.12194200176484557	0.4159858843215919	1.0934092711459933	0.2785846689679301	0.023897560616578883	0.0076291866268553	0.023897560616578883	0.024482635891858194	0.0017399363036159276	0.0397832647413986	4.122295191067221	0.14598022736502284	0.07850658522141618	53.85623223238983	55.17477475664279	122_genus_tests_singscore_basal_classical_contrast	relative_compositional_CLR_association_not_absolute_load	0.4720462446401038	72	singscore_basal_classical_contrast	LOW_CURRENT_CONCERN
Herbaspirillum	secondary_or_sensitivity	Model_0	CLR_genus ~ standardized_Moffitt50_contrast	62	0.39064493976885023	0.13106771412769222	0.12847047666283984	0.6528194028748606	2.9804818247479763	0.004151856567644956	0.12071730576708595	0.10606259419653741	0.12071730576708595	0.13729066494638528	0.015440677310772154	0.4204228989075941	3.2067522045016714	0.2093069533300569	0.07850658522141618	67.80367485744786	77.11248646443538	122_genus_tests_singscore_basal_classical_contrast	relative_compositional_CLR_association_not_absolute_load	0.019481788509718642	26	singscore_basal_classical_contrast	MODERATE_RISK_ENVIRONMENTAL
Melaminivora	secondary_or_sensitivity	Model_0	CLR_genus ~ standardized_Moffitt50_contrast	62	-0.03337040798947482	0.13150528803006906	-0.29642014921937987	0.22967933324043022	-0.25375715676045346	0.8005507314095452	0.0008913073540890437	-0.015760504190009517	0.0008913073540890437	0.0008921024916004084	4.958150901806479e-07	0.028466656359132824	2.041598411465292	0.11544667863207773	0.07850658522141618	76.14442570443768	76.21235433633011	122_genus_tests_singscore_basal_classical_contrast	relative_compositional_CLR_association_not_absolute_load	0.9213885776600427	106	singscore_basal_classical_contrast	LOW_CURRENT_CONCERN
Lysobacter	secondary_or_sensitivity	Model_0	CLR_genus ~ standardized_Moffitt50_contrast	62	-0.24509766955514073	0.2395180402697697	-0.7242050838398848	0.2340097447296034	-1.0232952360460477	0.31027644814713073	0.01805066086413687	0.0016848385452058467	0.01805066086413687	0.018382476717201973	0.003612163197636964	0.9060002888650472	2.264828986129184	0.14384243324448293	0.056554758578093056	199.34446164558136	203.00890657048438	122_genus_tests_PurIST_basal_probability	relative_compositional_CLR_association_not_absolute_load	0.4916068399214279	77	PurIST_basal_probability	LOW_CURRENT_CONCERN
Brevundimonas	secondary_or_sensitivity	Model_0	CLR_genus ~ standardized_Moffitt50_contrast	62	-0.2955846666125517	0.061040038642410026	-0.4176829229646308	-0.17348641026047268	-4.842471813364521	9.377934726407475e-06	0.26777479998635256	0.25557104665279184	0.26777479998635256	0.36570006055700033	0.8549989320811453	0.9285437093176377	2.5581438285295377	0.1665632774289404	0.056554758578093056	14.573659066958076	19.903247070281722	122_genus_tests_PurIST_basal_probability	relative_compositional_CLR_association_not_absolute_load	0.000143013504577714	8	PurIST_basal_probability	HIGH_RISK_POTENTIAL_CONTAMINANT
Paraburkholderia	secondary_or_sensitivity	Model_0	CLR_genus ~ standardized_Moffitt50_contrast	62	-0.2862755403669085	0.19699785987748542	-0.680329930421313	0.10777884968749596	-1.453191118649439	0.1513811377038578	0.034311066837538706	0.018216251284831064	0.034311066837538706	0.03553014398246856	3.611467981944322e-08	0.5513766568203397	5.088233066275103	0.3329507595050678	0.056554758578093056	140.70235088889703	145.70152567465135	122_genus_tests_PurIST_basal_probability	relative_compositional_CLR_association_not_absolute_load	0.28857029374797893	64	PurIST_basal_probability	MODERATE_RISK_ENVIRONMENTAL
Aerococcus	secondary_or_sensitivity	Model_0	CLR_genus ~ standardized_Moffitt50_contrast	62	0.23586886260985945	0.15326327345069538	-0.07070332946834246	0.5424410546880614	1.538978369046373	0.12906713197738687	0.051938501103614865	0.03613747612200846	0.051938501103614865	0.05478389446684122	0.005453989354607685	0.21792999634007607	2.948640323658767	0.12812508429637998	0.056554758578093056	61.94669755241772	65.3403788936987	122_genus_tests_PurIST_basal_probability	relative_compositional_CLR_association_not_absolute_load	0.24993952541652695	63	PurIST_basal_probability	LOW_CURRENT_CONCERN
Acidovorax	secondary_or_sensitivity	Model_0	CLR_genus ~ standardized_Moffitt50_contrast	62	-0.21315010517245747	0.07226744044795186	-0.3577065089030408	-0.06859370144187413	-2.9494624944683285	0.004532710956471825	0.12008045022286185	0.10541512439324296	0.12008045022286185	0.1364675330298949	0.03797907481526365	0.30000412400192106	2.499478903564798	0.1128323468576658	0.056554758578093056	20.30820771728685	23.079618724723662	122_genus_tests_PurIST_basal_probability	relative_compositional_CLR_association_not_absolute_load	0.017280960521548833	32	PurIST_basal_probability	LOW_CURRENT_CONCERN
Cupriavidus	secondary_or_sensitivity	Model_0	CLR_genus ~ standardized_Moffitt50_contrast	62	-0.31413932465356276	0.07118375678459088	-0.4565280383125727	-0.17175061099455283	-4.413075943774358	4.310808429919479e-05	0.16560072376481494	0.15169406916089523	0.16560072376481494	0.19846700312589732	1.5534443031938063e-08	0.5271682621392431	7.911369668318926	0.33434237248456733	0.056554758578093056	30.330958487356206	36.35065292027778	122_genus_tests_PurIST_basal_probability	relative_compositional_CLR_association_not_absolute_load	0.0005843540316113071	9	PurIST_basal_probability	BIOLOGICALLY_PLAUSIBLE_BUT_CONTAMINATION_SENSITIVE
Staphylococcus	secondary_or_sensitivity	Model_0	CLR_genus ~ standardized_Moffitt50_contrast	62	-0.35545978421122837	0.17248016071564032	-0.7004714740313932	-0.010448094391063534	-2.060873451974907	0.04365757996991643	0.054762448199436875	0.03900848900276088	0.054762448199436875	0.0579351170455734	0.013177924939433205	0.017391143972286225	2.1251977435747365	0.06145844865481618	0.056554758578093056	133.03591228819306	140.7433634378741	122_genus_tests_PurIST_basal_probability	relative_compositional_CLR_association_not_absolute_load	0.11096301575687093	48	PurIST_basal_probability	LOW_CURRENT_CONCERN
Luteimonas	secondary_or_sensitivity	Model_0	CLR_genus ~ standardized_Moffitt50_contrast	62	0.09149329961527795	0.16565208070915488	-0.23986019663937497	0.4228467958699309	0.5523220669707019	0.5827794246905107	0.007348866616129324	-0.009195318940268482	0.007348866616129324	0.007403272276613041	9.845932207805198e-06	0.008281562532993619	4.022864040507642	0.29240831638062725	0.056554758578093056	68.97388577170557	69.48451822804951	122_genus_tests_PurIST_basal_probability	relative_compositional_CLR_association_not_absolute_load	0.7654481157456644	92	PurIST_basal_probability	LOW_CURRENT_CONCERN
Rhodopseudomonas	secondary_or_sensitivity	Model_0	CLR_genus ~ standardized_Moffitt50_contrast	62	0.44651066675233014	0.18226177851872855	0.08193282814487202	0.8110885053597883	2.4498316124268937	0.017227532014701005	0.07808653339085847	0.06272130894737282	0.07808653339085847	0.08470050196583621	0.0023608171044916977	0.06672586010721135	2.109192784316621	0.1260908506015389	0.056554758578093056	143.5844891668493	155.7461674737896	122_genus_tests_PurIST_basal_probability	relative_compositional_CLR_association_not_absolute_load	0.05530944488930322	38	PurIST_basal_probability	LOW_CURRENT_CONCERN
Rhodoferax	secondary_or_sensitivity	Model_0	CLR_genus ~ standardized_Moffitt50_contrast	62	0.06514693934444617	0.1129603802669658	-0.1608074632774681	0.29110134196636045	0.5767237963477162	0.5662835660458871	0.002987736517308548	-0.01362913454073622	0.002987736517308548	0.002996689836965497	0.0010361759008857654	0.0012835821201941013	2.967298009043525	0.06899898955481391	0.056554758578093056	86.39250644806353	86.65139799412643	122_genus_tests_PurIST_basal_probability	relative_compositional_CLR_association_not_absolute_load	0.7654481157456644	90	PurIST_basal_probability	LOW_CURRENT_CONCERN
Blastomonas	secondary_or_sensitivity	Model_0	CLR_genus ~ standardized_Moffitt50_contrast	62	-0.10608371119253683	0.046079626287345146	-0.19825668729434437	-0.013910735090729293	-2.302182542258825	0.024810827981407674	0.06554619608878354	0.04997196602359666	0.06554619608878354	0.07014385924101943	0.01615304569806021	0.901055075303527	3.6551320320466014	0.16371272959859998	0.056554758578093056	9.786729558812564	10.473208539415834	122_genus_tests_PurIST_basal_probability	relative_compositional_CLR_association_not_absolute_load	0.07382734179833504	41	PurIST_basal_probability	LOW_CURRENT_CONCERN
Aeromonas	secondary_or_sensitivity	Model_0	CLR_genus ~ standardized_Moffitt50_contrast	62	0.36771513202302925	0.163871333353011	0.03992366082642862	0.6955066032196299	2.2439259173591926	0.02853919404215849	0.08119460654751565	0.06588118332330761	0.08119460654751565	0.08836975395020316	8.608811577225046e-05	0.8868335981805944	4.860561503492221	0.21787801388009742	0.056554758578093056	93.33600184164118	101.58408135908273	122_genus_tests_PurIST_basal_probability	relative_compositional_CLR_association_not_absolute_load	0.08097166681728687	43	PurIST_basal_probability	LOW_CURRENT_CONCERN
Achromobacter	secondary_or_sensitivity	Model_0	CLR_genus ~ standardized_Moffitt50_contrast	62	-0.29973584383267193	0.1100398632829199	-0.5198483426922436	-0.07962334497310034	-2.7238841896961548	0.008438624806151844	0.09020040773500082	0.07503708119725094	0.09020040773500082	0.09914316130923036	0.00016720304885881006	0.3145231400270819	5.329746855460214	0.27005151011267264	0.056554758578093056	55.276996097288055	60.75733223805118	122_genus_tests_PurIST_basal_probability	relative_compositional_CLR_association_not_absolute_load	0.02859756184307014	36	PurIST_basal_probability	LOW_CURRENT_CONCERN
Azoarcus	secondary_or_sensitivity	Model_0	CLR_genus ~ standardized_Moffitt50_contrast	62	-0.22276045401849492	0.07185193478500906	-0.3664857226764592	-0.07903518536053064	-3.100270781643181	0.0029434327769271708	0.1459958386559752	0.13176243596690818	0.1459958386559752	0.17095448156389326	0.4963472439976232	0.324117835503945	3.078105112540099	0.09374077735210236	0.056554758578093056	17.70620684907151	20.73316226141759	122_genus_tests_PurIST_basal_probability	relative_compositional_CLR_association_not_absolute_load	0.014363951951404594	25	PurIST_basal_probability	LOW_CURRENT_CONCERN
Enterobacter	secondary_or_sensitivity	Model_0	CLR_genus ~ standardized_Moffitt50_contrast	62	0.18149749226312595	0.19274361090650743	-0.20404713284032483	0.5670421173665767	0.9416524439358119	0.3501466321058081	0.010373988407960555	-0.006119778451906699	0.010373988407960555	0.010482736191696927	0.02444154517370255	0.0024731915981255096	2.26776180578	0.06022961711131577	0.056554758578093056	191.68866647217226	193.6980881937383	122_genus_tests_PurIST_basal_probability	relative_compositional_CLR_association_not_absolute_load	0.5339736139613573	80	PurIST_basal_probability	LOW_CURRENT_CONCERN
Methyloversatilis	secondary_or_sensitivity	Model_0	CLR_genus ~ standardized_Moffitt50_contrast	62	-0.05300553569198563	0.052602441844604685	-0.15822608554638015	0.052215014162408896	-1.0076630253890446	0.3176628280180903	0.015284820702432977	-0.0011270989525264952	0.015284820702432977	0.015522072802143858	0.1488180695009596	0.8501540692062365	3.7846609739923194	0.0960923608611164	0.056554758578093056	11.041360122340459	11.212744917994113	122_genus_tests_PurIST_basal_probability	relative_compositional_CLR_association_not_absolute_load	0.49685724382316687	78	PurIST_basal_probability	LOW_CURRENT_CONCERN
Mycobacterium	secondary_or_sensitivity	Model_0	CLR_genus ~ standardized_Moffitt50_contrast	62	-0.16800912952523345	0.21470140506429028	-0.5974758824587347	0.2614576234082678	-0.7825245925844068	0.43698390312573265	0.01361842631801602	-0.0028212665766835787	0.01361842631801602	0.013806448418517083	2.5844609618883967e-06	0.0979330882698108	2.862567310540306	0.1305079925399053	0.056554758578093056	124.713544833447	126.4353959572804	122_genus_tests_PurIST_basal_probability	relative_compositional_CLR_association_not_absolute_load	0.6423136889317999	83	PurIST_basal_probability	LOW_CURRENT_CONCERN
Rubrivivax	secondary_or_sensitivity	Model_0	CLR_genus ~ standardized_Moffitt50_contrast	62	0.4558911047359958	0.11930687872101098	0.2172418150790381	0.6945403943929536	3.821163621269973	0.00031782282050216496	0.14708585350530756	0.1328706177303961	0.14708585350530756	0.17245094844516434	0.02077215245946248	0.005264750545127778	1.9844959916838518	0.11252776035913165	0.056554758578093056	73.51678130116586	86.19481996318764	122_genus_tests_PurIST_basal_probability	relative_compositional_CLR_association_not_absolute_load	0.002379300516034458	16	PurIST_basal_probability	LOW_CURRENT_CONCERN
Mesorhizobium	secondary_or_sensitivity	Model_0	CLR_genus ~ standardized_Moffitt50_contrast	62	0.4363870911469584	0.1539245791830911	0.12849209065255973	0.7442820916413571	2.835070873430046	0.0062351917123004644	0.11900911709480555	0.10432593571305238	0.11900911709480555	0.13508552631368423	0.20142500900700055	0.9308771122457169	2.8434394540767904	0.21673811791503503	0.056554758578093056	85.99333777274668	97.60979306524861	122_genus_tests_PurIST_basal_probability	relative_compositional_CLR_association_not_absolute_load	0.023051314815171413	33	PurIST_basal_probability	MODERATE_RISK_ENVIRONMENTAL
Nocardioides	secondary_or_sensitivity	Model_0	CLR_genus ~ standardized_Moffitt50_contrast	62	0.6816019478740777	0.16419996907912168	0.35315310735030175	1.0100507883978536	4.151047967284573	0.00010612496815983609	0.21842998089055288	0.20540381390539553	0.21842998089055288	0.279475895377155	0.06778611392801093	0.6965081631715899	2.613143704482393	0.18654611333750376	0.056554758578093056	101.4021409533213	129.74159508941125	122_genus_tests_PurIST_basal_probability	relative_compositional_CLR_association_not_absolute_load	0.0009959420088846156	13	PurIST_basal_probability	LOW_CURRENT_CONCERN
Comamonas	secondary_or_sensitivity	Model_0	CLR_genus ~ standardized_Moffitt50_contrast	62	-0.1585163541166936	0.051919050127640115	-0.26236991700806134	-0.054662791225325885	-3.053144341566148	0.0033731634918296935	0.1047331375065853	0.08981202313169512	0.1047331375065853	0.1169853837937129	0.0073690602484608085	0.8388634848652958	4.499533324237624	0.12567176578633152	0.056554758578093056	13.102265053660112	14.635038559529495	122_genus_tests_PurIST_basal_probability	relative_compositional_CLR_association_not_absolute_load	0.015667146540007754	26	PurIST_basal_probability	HIGH_RISK_POTENTIAL_CONTAMINANT
Dechloromonas	secondary_or_sensitivity	Model_0	CLR_genus ~ standardized_Moffitt50_contrast	62	-0.4629065329884352	0.0838823795637624	-0.6306962741352026	-0.29511679184166784	-5.518519329039314	7.696058152477344e-07	0.3319789279800964	0.3208452434464314	0.3319789279800964	0.49695876654951565	0.00013838270399915432	0.4872684821519281	3.4538150534612604	0.16973838433656602	0.056554758578093056	26.30244365350861	39.373673608794384	122_genus_tests_PurIST_basal_probability	relative_compositional_CLR_association_not_absolute_load	2.3472977365055897e-05	4	PurIST_basal_probability	MODERATE_RISK_ENVIRONMENTAL
Chelatococcus	secondary_or_sensitivity	Model_0	CLR_genus ~ standardized_Moffitt50_contrast	62	0.2815786614449006	0.14539771785475142	-0.009260076905802495	0.5724173997956037	1.9366099110729542	0.05750662765940572	0.10166605865397327	0.08669382629820621	0.10166605865397327	0.1131717883236617	0.0014859426026184283	5.0407613613576605e-06	2.702657284997301	0.19206982821532756	0.056554758578093056	42.73573095456702	47.57221005201423	122_genus_tests_PurIST_basal_probability	relative_compositional_CLR_association_not_absolute_load	0.1349193956624519	52	PurIST_basal_probability	LOW_CURRENT_CONCERN
Bordetella	secondary_or_sensitivity	Model_0	CLR_genus ~ standardized_Moffitt50_contrast	62	0.03585298538997426	0.11878419914372768	-0.20175078944693234	0.27345676022688087	0.30183295125467413	0.7638231430174173	0.0009699149083876035	-0.01568058650980597	0.0009699149083876035	0.0009708565566357904	5.50310223940561e-07	0.017842263074510332	2.7306321690654847	0.09247579264323273	0.056554758578093056	80.76541246784615	80.84382409808995	122_genus_tests_PurIST_basal_probability	relative_compositional_CLR_association_not_absolute_load	0.8828349969023209	104	PurIST_basal_probability	LOW_CURRENT_CONCERN
Kocuria	secondary_or_sensitivity	Model_0	CLR_genus ~ standardized_Moffitt50_contrast	62	0.11984898331481872	0.21740613691612173	-0.3150280388510336	0.5547260054806711	0.5512677103547362	0.5834973341339901	0.005122722413185787	-0.011458565546594413	0.005122722413185787	0.005149099822252974	0.00910137238386737	0.9493183035332555	2.144632871232444	0.09654145297917067	0.056554758578093056	170.16382224921125	171.0400127561086	122_genus_tests_PurIST_basal_probability	relative_compositional_CLR_association_not_absolute_load	0.7654481157456644	93	PurIST_basal_probability	LOW_CURRENT_CONCERN
Bosea	secondary_or_sensitivity	Model_0	CLR_genus ~ standardized_Moffitt50_contrast	62	0.49260793406623327	0.176583283369416	0.13938877693826351	0.845827091194203	2.789663464551664	0.007061646843956895	0.13042908971162226	0.115936241206816	0.13042908971162226	0.14999247119291026	0.00032883306186174294	0.21352815320616578	3.3629699580918633	0.15433077809745746	0.056554758578093056	98.68773453280373	113.49015171180886	122_genus_tests_PurIST_basal_probability	relative_compositional_CLR_association_not_absolute_load	0.024947215734436666	34	PurIST_basal_probability	LOW_CURRENT_CONCERN
Phenylobacterium	secondary_or_sensitivity	Model_0	CLR_genus ~ standardized_Moffitt50_contrast	62	0.01760501295700135	0.16342638684643804	-0.3092964327115886	0.34450645862559126	0.1077244213539624	0.9145737168528318	0.00020263508207662984	-0.01646065433322197	0.00020263508207662984	0.00020267615137519872	0.06263242483213892	0.8532757130450159	2.227858647623046	0.13302583363536	0.056554758578093056	93.2824371583345	93.30134328368868	122_genus_tests_PurIST_basal_probability	relative_compositional_CLR_association_not_absolute_load	0.9702434213569172	115	PurIST_basal_probability	LOW_CURRENT_CONCERN
Xanthomonas	secondary_or_sensitivity	Model_0	CLR_genus ~ standardized_Moffitt50_contrast	62	-0.0036810398964708833	0.17218107221380677	-0.3480944636378286	0.3407323838448868	-0.021378888220070627	0.9830143540132483	5.634319455216641e-06	-0.016660938441887208	5.634319455216641e-06	5.63435120095123e-06	0.11139332208842044	0.05641904846755756	2.2007787235165606	0.10293127333574568	0.056554758578093056	146.69893806069103	146.69976461402885	122_genus_tests_PurIST_basal_probability	relative_compositional_CLR_association_not_absolute_load	0.9911384395836058	121	PurIST_basal_probability	LOW_CURRENT_CONCERN
Azospira	secondary_or_sensitivity	Model_0	CLR_genus ~ standardized_Moffitt50_contrast	62	-0.04063197109733739	0.13999614378851408	-0.32066595260789726	0.23940201041322245	-0.29023635935799985	0.7726361808786688	0.0010262304646225795	-0.015623332360966913	0.0010262304646225795	0.0010272846954729143	0.0005324427683353625	0.008467259715496295	2.0870089452951492	0.0807503527197909	0.056554758578093056	98.0335656068123	98.13427398840284	122_genus_tests_PurIST_basal_probability	relative_compositional_CLR_association_not_absolute_load	0.8828349969023209	106	PurIST_basal_probability	LOW_CURRENT_CONCERN
Deinococcus	secondary_or_sensitivity	Model_0	CLR_genus ~ standardized_Moffitt50_contrast	62	0.02537919894728807	0.16363014575122048	-0.30192982521475414	0.3526882231093303	0.15510099823460416	0.877262294967885	0.0005298035303505921	-0.0161280330774769	0.0005298035303505921	0.0005300843709216901	0.003556803466929098	0.04810324871498714	2.258456642762297	0.09090354204781452	0.056554758578093056	74.12089517607843	74.16018550417002	122_genus_tests_PurIST_basal_probability	relative_compositional_CLR_association_not_absolute_load	0.9702434213569172	110	PurIST_basal_probability	LOW_CURRENT_CONCERN
Hydrogenophaga	secondary_or_sensitivity	Model_0	CLR_genus ~ standardized_Moffitt50_contrast	62	-0.28671087009710916	0.07165822789564878	-0.4300486672861769	-0.1433730729080414	-4.001087921328833	0.00017568446389262617	0.15884563531389073	0.1448263959024556	0.15884563531389073	0.18884243128568515	3.1336382077042896e-05	0.5899618596508012	5.885771566215507	0.2402812054464783	0.056554758578093056	26.55330410015976	31.567694605102083	122_genus_tests_PurIST_basal_probability	relative_compositional_CLR_association_not_absolute_load	0.0014289003063266928	15	PurIST_basal_probability	LOW_CURRENT_CONCERN
Porphyrobacter	secondary_or_sensitivity	Model_0	CLR_genus ~ standardized_Moffitt50_contrast	62	-0.13460318863009774	0.07602133196161437	-0.28666849337953804	0.017462116119342536	-1.7705976093402735	0.08170737452176358	0.03679785240330846	0.02074448327669698	0.03679785240330846	0.03820366523800186	6.610436755312207e-08	0.2643371479639447	4.953190293138095	0.2398290347141837	0.056554758578093056	28.929138470552484	30.034337592305263	122_genus_tests_PurIST_basal_probability	relative_compositional_CLR_association_not_absolute_load	0.1812418125755483	55	PurIST_basal_probability	LOW_CURRENT_CONCERN
Aromatoleum	secondary_or_sensitivity	Model_0	CLR_genus ~ standardized_Moffitt50_contrast	62	0.10753859203981424	0.17683886401306673	-0.24619180249299905	0.46126898657262755	0.6081162794162043	0.5454055097352186	0.006334738455028521	-0.010226349237387522	0.006334738455028521	0.006375123193075239	0.00048173453826831717	0.46640388890320805	2.2194122413971558	0.09131178331741205	0.056554758578093056	110.65472055795198	111.36015803340423	122_genus_tests_PurIST_basal_probability	relative_compositional_CLR_association_not_absolute_load	0.7476345189628839	89	PurIST_basal_probability	LOW_CURRENT_CONCERN
Microbacterium	secondary_or_sensitivity	Model_0	CLR_genus ~ standardized_Moffitt50_contrast	62	0.22970134929493954	0.1838428712334721	-0.13803914562622274	0.5974418442161018	1.2494438742921354	0.21635495753770587	0.02616812341418495	0.009937592137754803	0.02616812341418495	0.026871294772079675	0.013135581482263028	0.8935350063012648	2.3793504264772434	0.12273635870405192	0.056554758578093056	119.77559433745745	122.99411963940028	122_genus_tests_PurIST_basal_probability	relative_compositional_CLR_association_not_absolute_load	0.382540649559422	69	PurIST_basal_probability	LOW_CURRENT_CONCERN
Mitsuaria	secondary_or_sensitivity	Model_0	CLR_genus ~ standardized_Moffitt50_contrast	62	-0.01480296698854062	0.18428237879274864	-0.3834226079232826	0.35381667394620137	-0.08032763135312374	0.9362440186312511	0.00016989964033364835	-0.016493935365660795	0.00016989964033364835	0.00016992851112657118	0.00015153818244168779	0.0009269630630582162	2.552941537893694	0.17889494192511232	0.056554758578093056	78.66130081931932	78.67466761705082	122_genus_tests_PurIST_basal_probability	relative_compositional_CLR_association_not_absolute_load	0.98467043338804	116	PurIST_basal_probability	LOW_CURRENT_CONCERN
Pandoraea	secondary_or_sensitivity	Model_0	CLR_genus ~ standardized_Moffitt50_contrast	62	0.5065293031195618	0.09402448797793185	0.31845232460129874	0.6946062816378249	5.387206184397914	1.2606399945612824e-06	0.37761579052618033	0.3672427203682833	0.37761579052618033	0.6067245678443977	0.001694204558884572	0.11078950940523234	4.456029636329102	0.3665608189494967	0.056554758578093056	25.79570510165988	41.446593131705995	122_genus_tests_PurIST_basal_probability	relative_compositional_CLR_association_not_absolute_load	2.3807479992637204e-05	6	PurIST_basal_probability	LOW_CURRENT_CONCERN
Rhodococcus	secondary_or_sensitivity	Model_0	CLR_genus ~ standardized_Moffitt50_contrast	62	0.03233524530203584	0.17393265048051712	-0.31558185663131005	0.38025234723538176	0.18590670131631115	0.8531450150725004	0.000613587861131526	-0.016042852341182856	0.000613587861131526	0.0006139645823464184	0.0036812800673253956	0.9751434836475474	2.6132697888410217	0.07193436138891723	0.056554758578093056	103.88164927938475	103.94542893279804	122_genus_tests_PurIST_basal_probability	relative_compositional_CLR_association_not_absolute_load	0.9548962554022482	109	PurIST_basal_probability	LOW_CURRENT_CONCERN
Streptococcus	secondary_or_sensitivity	Model_0	CLR_genus ~ standardized_Moffitt50_contrast	62	0.14509067731472045	0.18287994522702758	-0.22072367881298996	0.5109050334424309	0.7933657084958362	0.43069110730840576	0.008045389602954867	-0.008487187236995819	0.008045389602954867	0.008110642884894275	2.6904435462454932e-05	0.7941282696719331	4.4941648050768785	0.1355088404818966	0.056554758578093056	158.32648551866686	159.61061510192914	122_genus_tests_PurIST_basal_probability	relative_compositional_CLR_association_not_absolute_load	0.640784330385677	82	PurIST_basal_probability	LOW_CURRENT_CONCERN
Rhizorhabdus	secondary_or_sensitivity	Model_0	CLR_genus ~ standardized_Moffitt50_contrast	62	-0.28230699394140163	0.09530646290484728	-0.47294830411385047	-0.09166568376895276	-2.96209706390272	0.004373826962922927	0.08733591013686104	0.07212484197247548	0.08733591013686104	0.09569337843670143	4.098762253353572e-08	0.3762657112834591	5.315659217205408	0.2467573527059429	0.056554758578093056	50.8032180276489	55.664749596170964	122_genus_tests_PurIST_basal_probability	relative_compositional_CLR_association_not_absolute_load	0.017213125466987004	31	PurIST_basal_probability	LOW_CURRENT_CONCERN
Citromicrobium	secondary_or_sensitivity	Model_0	CLR_genus ~ standardized_Moffitt50_contrast	62	0.04876474931949161	0.1454481072026891	-0.242174782734144	0.3397042813731272	0.33527249173160795	0.7385889741435003	0.0024435216402850513	-0.0141824196657101	0.0024435216402850513	0.002449507063803486	0.11079356121741377	0.1917163444283255	2.5018063307823746	0.10868631130783607	0.056554758578093056	59.219281091814736	59.36433913916251	122_genus_tests_PurIST_basal_probability	relative_compositional_CLR_association_not_absolute_load	0.8828349969023209	101	PurIST_basal_probability	LOW_CURRENT_CONCERN
Massilia	secondary_or_sensitivity	Model_0	CLR_genus ~ standardized_Moffitt50_contrast	62	0.13913152593375505	0.1254941855507139	-0.11189422009879135	0.39015727196630146	1.1086691014662995	0.2719972251226489	0.013682706813374246	-0.0027559147397360206	0.013682706813374246	0.013872520443363326	2.8452555112428322e-06	0.0014326080250958468	2.21251353490644	0.06314539506788887	0.056554758578093056	85.1188128969608	86.29962536898873	122_genus_tests_PurIST_basal_probability	relative_compositional_CLR_association_not_absolute_load	0.4424488195328422	75	PurIST_basal_probability	LOW_CURRENT_CONCERN
Candida	secondary_or_sensitivity	Model_0	CLR_genus ~ standardized_Moffitt50_contrast	62	-1.1629678355619448	0.19397155408207425	-1.5509687127250391	-0.7749669583988504	-5.995558684186568	1.2498518675957642e-07	0.2589872169091795	0.24663700385766585	0.2589872169091795	0.34950438483520374	0.0007694587449759584	0.0027303213717994744	2.963005920141419	0.10675923380734495	0.056554758578093056	236.0546790236997	318.5568244033494	122_genus_tests_PurIST_basal_probability	relative_compositional_CLR_association_not_absolute_load	7.624096392334161e-06	2	PurIST_basal_probability	LOW_CURRENT_CONCERN
Ramlibacter	secondary_or_sensitivity	Model_0	CLR_genus ~ standardized_Moffitt50_contrast	62	-0.3826664953085457	0.08893915061568915	-0.5605712845769069	-0.20476170604018445	-4.302565210703081	6.322256957351704e-05	0.2449205656779334	0.23233590843923235	0.2449205656779334	0.32436397357031793	0.05585402792426394	0.19132734327750106	2.951672792248785	0.12470389903728803	0.056554758578093056	27.538361755205162	36.47081419974039	122_genus_tests_PurIST_basal_probability	relative_compositional_CLR_association_not_absolute_load	0.0007656464781881569	10	PurIST_basal_probability	LOW_CURRENT_CONCERN
Caulobacter	secondary_or_sensitivity	Model_0	CLR_genus ~ standardized_Moffitt50_contrast	62	-0.12227595843531132	0.0465127387191145	-0.2153152883910744	-0.029236628479548235	-2.6288703224663434	0.010864742633037132	0.07868596164920938	0.06333072767669623	0.07868596164920938	0.085406233242752	0.003359891458138561	0.9242698310633395	4.516694584315939	0.12638544892561762	0.056554758578093056	10.67879914684226	11.590835157529973	122_genus_tests_PurIST_basal_probability	relative_compositional_CLR_association_not_absolute_load	0.03582428651974406	37	PurIST_basal_probability	HIGH_RISK_POTENTIAL_CONTAMINANT
Bacteroides	secondary_or_sensitivity	Model_0	CLR_genus ~ standardized_Moffitt50_contrast	62	0.03778721875727654	0.31007004270313115	-0.5824452123336653	0.6580196498482184	0.12186671897696022	0.9034118205103339	0.00029925009201636765	-0.01636242907311658	0.00029925009201636765	0.0002993396694399917	0.012666722877278191	0.09687035691734333	2.4682380140287745	0.12155245216358578	0.056554758578093056	290.97482518426585	291.0619254922519	122_genus_tests_PurIST_basal_probability	relative_compositional_CLR_association_not_absolute_load	0.9702434213569172	113	PurIST_basal_probability	LOW_CURRENT_CONCERN
Enterococcus	secondary_or_sensitivity	Model_0	CLR_genus ~ standardized_Moffitt50_contrast	62	-0.06048068342058665	0.16775960157544215	-0.3960498490739236	0.2750884822327503	-0.3605199514818128	0.7197244774885398	0.0022499202621647507	-0.014379247733465883	0.0022499202621647507	0.002254993818447933	3.274631671016888e-05	0.17650938970292918	2.946730803550539	0.10573969529376229	0.056554758578093056	98.95046951475953	99.17360221184784	122_genus_tests_PurIST_basal_probability	relative_compositional_CLR_association_not_absolute_load	0.8780638625360186	100	PurIST_basal_probability	LOW_CURRENT_CONCERN
Laribacter	secondary_or_sensitivity	Model_0	CLR_genus ~ standardized_Moffitt50_contrast	62	0.12211392124096121	0.1582000723280728	-0.1943333388793812	0.4385611813613036	0.7718954830040994	0.44320602325971825	0.01605622078531166	-0.0003428422015998578	0.01605622078531166	0.01631822988720611	0.09859652712547629	5.6278033514527015e-05	2.6298192649097407	0.12941237851029547	0.056554758578093056	55.742589833510166	56.65221022892163	122_genus_tests_PurIST_basal_probability	relative_compositional_CLR_association_not_absolute_load	0.6437039861629241	84	PurIST_basal_probability	LOW_CURRENT_CONCERN
Variovorax	secondary_or_sensitivity	Model_0	CLR_genus ~ standardized_Moffitt50_contrast	62	-0.3272519145080771	0.07697033832849116	-0.48121551462625867	-0.17328831438989553	-4.251662674411583	7.530948965785149e-05	0.23829997817653492	0.22560497781281053	0.23829997817653492	0.31285279158330437	0.07895864391375995	0.3062888058579983	3.006249036766997	0.12742675888219543	0.056554758578093056	20.88113938648303	27.413862134984342	122_genus_tests_PurIST_basal_probability	relative_compositional_CLR_association_not_absolute_load	0.0007656464781881569	12	PurIST_basal_probability	LOW_CURRENT_CONCERN
Pseudomonas	secondary_or_sensitivity	Model_0	CLR_genus ~ standardized_Moffitt50_contrast	62	0.1494360958943582	0.06863308422867148	0.012149486993625364	0.286722704795091	2.177318673257747	0.03340067328334346	0.08839746414415295	0.07320408854655558	0.08839746414415295	0.0969693047871593	0.0002367683773031047	0.07038165932790869	4.083042788412177	0.1738139315921641	0.056554758578093056	14.047743820737441	15.409943772862464	122_genus_tests_PurIST_basal_probability	relative_compositional_CLR_association_not_absolute_load	0.09055293645706448	45	PurIST_basal_probability	BIOLOGICALLY_PLAUSIBLE_BUT_CONTAMINATION_SENSITIVE
Methylobacterium	secondary_or_sensitivity	Model_0	CLR_genus ~ standardized_Moffitt50_contrast	62	0.14650499076742127	0.11951635922771921	-0.09256332229085937	0.3855733038257019	1.225815375519259	0.22505783433856758	0.01394702687898186	-0.002487189339701823	0.01394702687898186	0.014144297780308141	9.43351356323404e-07	0.02198719316167255	2.4202110574661893	0.06596711191121821	0.056554758578093056	92.56638058966399	93.8756670411695	122_genus_tests_PurIST_basal_probability	relative_compositional_CLR_association_not_absolute_load	0.3922436541329321	70	PurIST_basal_probability	BIOLOGICALLY_PLAUSIBLE_BUT_CONTAMINATION_SENSITIVE
Elizabethkingia	secondary_or_sensitivity	Model_0	CLR_genus ~ standardized_Moffitt50_contrast	62	0.47260808438313867	0.24303775816903708	-0.01353981394961462	0.958755982715892	1.9445870795698805	0.056516612723698324	0.06697942294031534	0.05142907998932067	0.06697942294031534	0.07178772321548779	6.253234783270289e-06	0.4378178869800191	4.629450281163732	0.4791866566839333	0.056554758578093056	189.79376802331547	203.4186305101978	122_genus_tests_PurIST_basal_probability	relative_compositional_CLR_association_not_absolute_load	0.1349193956624519	51	PurIST_basal_probability	HIGH_RISK_POTENTIAL_CONTAMINANT
Tessaracoccus	secondary_or_sensitivity	Model_0	CLR_genus ~ standardized_Moffitt50_contrast	62	-0.08981635864145858	0.07627137550375555	-0.24238182494365257	0.06274910766073542	-1.1775893387033	0.24361032096331456	0.021237260338232478	0.004924548010536434	0.021237260338232478	0.02169806785408634	0.5262265216456313	0.753318360092091	3.620949078773574	0.10249258387483107	0.056554758578093056	22.678778514539516	23.17086418959579	122_genus_tests_PurIST_basal_probability	relative_compositional_CLR_association_not_absolute_load	0.4071295775003339	73	PurIST_basal_probability	LOW_CURRENT_CONCERN
Agrobacterium	secondary_or_sensitivity	Model_0	CLR_genus ~ standardized_Moffitt50_contrast	62	-0.23949877963155253	0.10185298039577272	-0.4432350744828778	-0.035762484780227255	-2.3514165093738644	0.022003939573262923	0.08732988626134841	0.07211871769903766	0.08732988626134841	0.09568614655695391	0.02370547580982096	0.2109334703176735	3.851146736336609	0.1441002962567991	0.056554758578093056	36.56683561880674	40.06577521095193	122_genus_tests_PurIST_basal_probability	relative_compositional_CLR_association_not_absolute_load	0.06711201569845192	40	PurIST_basal_probability	LOW_CURRENT_CONCERN
Azospirillum	secondary_or_sensitivity	Model_0	CLR_genus ~ standardized_Moffitt50_contrast	62	0.17627882841984654	0.15532826824967358	-0.13442396825722225	0.48698162509691534	1.1348792490012003	0.2609394072758774	0.019035521776281095	0.0026861138058857925	0.019035521776281095	0.01940490425377039	0.05255854763461968	0.3448897720944556	2.254600859128727	0.11231491602541843	0.056554758578093056	97.68292187915213	99.57844962544563	122_genus_tests_PurIST_basal_probability	relative_compositional_CLR_association_not_absolute_load	0.43019740118455463	74	PurIST_basal_probability	LOW_CURRENT_CONCERN
Clostridium	secondary_or_sensitivity	Model_0	CLR_genus ~ standardized_Moffitt50_contrast	62	-0.4252587784617804	0.23190292219561268	-0.8891336886484068	0.038616131724846015	-1.8337793005603866	0.07164761059277289	0.04530100505799961	0.029389355142299678	0.04530100505799961	0.047450563264447264	1.8246231514540755e-10	0.43828806608850857	3.886624263889009	0.15346631762588564	0.056554758578093056	232.48505369065848	243.51660043884561	122_genus_tests_PurIST_basal_probability	relative_compositional_CLR_association_not_absolute_load	0.16492468853430742	53	PurIST_basal_probability	LOW_CURRENT_CONCERN
Ensifer	secondary_or_sensitivity	Model_0	CLR_genus ~ standardized_Moffitt50_contrast	62	0.5557433621748038	0.14695296056550258	0.2617936752170815	0.8496930491325261	3.7817772437941977	0.0003612003755007669	0.18306377701448728	0.16944817329806217	0.18306377701448728	0.2240857632012893	0.06323199682601036	0.36071628143732104	2.6712428827098145	0.17477856876939873	0.056554758578093056	84.07446993301113	102.91436169369379	122_genus_tests_PurIST_basal_probability	relative_compositional_CLR_association_not_absolute_load	0.002413579057646412	18	PurIST_basal_probability	LOW_CURRENT_CONCERN
Roseomonas	secondary_or_sensitivity	Model_0	CLR_genus ~ standardized_Moffitt50_contrast	62	0.051066155263481856	0.16800909689404775	-0.2850020753322646	0.3871343858592283	0.3039487516303115	0.7622185424921942	0.00236746378921171	-0.014259745147634728	0.00236746378921171	0.0023730819748560127	0.004914524995866426	0.01692606176551406	2.8149714023894314	0.13748504170924197	0.056554758578093056	67.03219134547734	67.19126423049438	122_genus_tests_PurIST_basal_probability	relative_compositional_CLR_association_not_absolute_load	0.8828349969023209	103	PurIST_basal_probability	LOW_CURRENT_CONCERN
Croceicoccus	secondary_or_sensitivity	Model_0	CLR_genus ~ standardized_Moffitt50_contrast	62	0.010043503843944673	0.16269936596906764	-0.31540368354708237	0.33549069123497166	0.0617304424275024	0.9509826722557475	4.9401423217521057e-05	-0.01661644188639544	4.9401423217521057e-05	4.940386383870713e-05	3.3910216417935867e-07	0.025366804891099066	2.3017701420926815	0.14818326671366167	0.056554758578093056	124.54876317725358	124.55491636739086	122_genus_tests_PurIST_basal_probability	relative_compositional_CLR_association_not_absolute_load	0.9907708149046835	117	PurIST_basal_probability	LOW_CURRENT_CONCERN
Rhodobacter	secondary_or_sensitivity	Model_0	CLR_genus ~ standardized_Moffitt50_contrast	62	0.4288829321982905	0.1982941706490125	0.0322355345309468	0.8255303298656342	2.162862028644443	0.034547086573323116	0.07395635172365667	0.058522290919051034	0.07395635172365667	0.07986270610603782	0.010944215409012423	0.6808163039333821	2.2548242560759775	0.12878391601122802	0.056554758578093056	140.495799459805	151.71617420119622	122_genus_tests_PurIST_basal_probability	relative_compositional_CLR_association_not_absolute_load	0.09162488178142218	46	PurIST_basal_probability	LOW_CURRENT_CONCERN
Micrococcus	secondary_or_sensitivity	Model_0	CLR_genus ~ standardized_Moffitt50_contrast	62	0.12890930767603123	0.25728720946065164	-0.38574173704023695	0.6435603523922995	0.5010327095010374	0.61818132569333	0.004572084933005538	-0.012018380318111088	0.004572084933005538	0.004593084907306248	0.00024684852330126054	0.6076272465043696	1.9036069103023632	0.07581435248163061	0.056554758578093056	220.695721153305	221.70939533924133	122_genus_tests_PurIST_basal_probability	relative_compositional_CLR_association_not_absolute_load	0.7856054347352734	96	PurIST_basal_probability	LOW_CURRENT_CONCERN
Bradyrhizobium	secondary_or_sensitivity	Model_0	CLR_genus ~ standardized_Moffitt50_contrast	62	0.20922012901290496	0.13593622701344704	-0.06269280981492917	0.48113306784073906	1.5391050171799203	0.12903623833062144	0.044559410428198554	0.02863540060200187	0.044559410428198554	0.04663755226075196	0.3648347066481387	0.24927023000733198	2.443444261352944	0.16525815849815417	0.056554758578093056	57.253365067399756	59.92352187283451	122_genus_tests_PurIST_basal_probability	relative_compositional_CLR_association_not_absolute_load	0.24993952541652695	62	PurIST_basal_probability	BIOLOGICALLY_PLAUSIBLE_BUT_CONTAMINATION_SENSITIVE
Aquabacterium	secondary_or_sensitivity	Model_0	CLR_genus ~ standardized_Moffitt50_contrast	62	-0.17346471769984317	0.10621335048349882	-0.3859230513408231	0.03899361594113676	-1.6331724487572064	0.10767008273971884	0.02550927649517165	0.00926776443675792	0.02550927649517165	0.026177033685272695	1.7190794358320626e-07	0.18498679980798244	3.6670163211257125	0.13528419717032067	0.056554758578093056	70.11835365137131	71.95384415685915	122_genus_tests_PurIST_basal_probability	relative_compositional_CLR_association_not_absolute_load	0.22647844990078791	58	PurIST_basal_probability	LOW_CURRENT_CONCERN
Prevotella	secondary_or_sensitivity	Model_0	CLR_genus ~ standardized_Moffitt50_contrast	62	-0.14365922406601084	0.23600736695417476	-0.6157442461637668	0.32842579803174515	-0.6087065243768639	0.5450167385549238	0.005314814816008151	-0.011263271603725089	0.005314814816008151	0.005343213003645011	1.262124601739664e-08	0.9016002351070519	5.36233341080656	0.174108048045508	0.056554758578093056	235.61035866533854	236.86927499755265	122_genus_tests_PurIST_basal_probability	relative_compositional_CLR_association_not_absolute_load	0.7476345189628839	88	PurIST_basal_probability	LOW_CURRENT_CONCERN
Sulfuritalea	secondary_or_sensitivity	Model_0	CLR_genus ~ standardized_Moffitt50_contrast	62	0.04142463877982111	0.12540078938573634	-0.20941428710733623	0.29226356466697845	0.3303379427094176	0.742295339844944	0.002822735916533925	-0.013796885151523774	0.002822735916533925	0.002830726309357225	0.1636769455804372	0.0017242568161703019	2.6786035041203005	0.19498318984201463	0.056554758578093056	36.97851050959502	37.08318655217538	122_genus_tests_PurIST_basal_probability	relative_compositional_CLR_association_not_absolute_load	0.8828349969023209	102	PurIST_basal_probability	LOW_CURRENT_CONCERN
Escherichia	secondary_or_sensitivity	Model_0	CLR_genus ~ standardized_Moffitt50_contrast	62	-0.4444436297280165	0.2495240727860891	-0.9435660890621582	0.05467882960612519	-1.7811653391415552	0.07994720425332483	0.041286310645113566	0.025307749155865533	0.041286310645113566	0.04306427570977412	1.838960988074512e-08	0.3561686239666778	2.7611569815761534	0.11606995143884834	0.056554758578093056	279.7989363982248	291.84827493857944	122_genus_tests_PurIST_basal_probability	relative_compositional_CLR_association_not_absolute_load	0.18062146146121535	54	PurIST_basal_probability	LOW_CURRENT_CONCERN
Moraxella	secondary_or_sensitivity	Model_0	CLR_genus ~ standardized_Moffitt50_contrast	62	-0.0077801081866474735	0.14982871928985508	-0.30748216905733056	0.2919219526840356	-0.05192668150353912	0.9587596094585942	3.2045161432847635e-05	-0.01663408741920991	3.2045161432847635e-05	3.204618835812688e-05	0.04232770869136985	0.08047454404326146	2.081462006696532	0.05511899882663372	0.056554758578093056	115.21916571956122	115.22285805464834	122_genus_tests_PurIST_basal_probability	relative_compositional_CLR_association_not_absolute_load	0.9907708149046835	118	PurIST_basal_probability	LOW_CURRENT_CONCERN
Shinella	secondary_or_sensitivity	Model_0	CLR_genus ~ standardized_Moffitt50_contrast	62	-0.017567110688430112	0.11915435269521807	-0.25591130286819375	0.22077708149133354	-0.1474315481647958	0.8832857164604149	0.00021669888554509686	-0.016446356133029028	0.00021669888554509686	0.0002167458541301334	3.24530043944216e-09	0.28937894020985844	5.488636357016148	0.21954009383188902	0.056554758578093056	86.85197753774702	86.87080234380133	122_genus_tests_PurIST_basal_probability	relative_compositional_CLR_association_not_absolute_load	0.9702434213569172	111	PurIST_basal_probability	LOW_CURRENT_CONCERN
Cutibacterium	secondary_or_sensitivity	Model_0	CLR_genus ~ standardized_Moffitt50_contrast	62	-0.36084564531767116	0.10829168693822622	-0.5774612708424551	-0.14423001979288716	-3.332163857817743	0.0014794566826455847	0.1710635015145875	0.15724789320649735	0.1710635015145875	0.2063650253392695	0.9912605691464955	0.42282513414883405	2.629067791541624	0.1247295169803772	0.056554758578093056	38.489004381290705	46.431788745719025	122_genus_tests_PurIST_basal_probability	relative_compositional_CLR_association_not_absolute_load	0.00800298424593912	22	PurIST_basal_probability	LOW_CURRENT_CONCERN
Chryseobacterium	secondary_or_sensitivity	Model_0	CLR_genus ~ standardized_Moffitt50_contrast	62	0.44167804592625826	0.19561718624857186	0.05038541432468213	0.8329706775278344	2.2578693334491353	0.027604400906171427	0.10371342620746438	0.08877531664425553	0.10371342620746438	0.11571458196524433	2.8400435966023314e-08	0.19932011612287506	4.80576669234431	0.5059181807146323	0.056554758578093056	102.83794029538727	114.73778956683478	122_genus_tests_PurIST_basal_probability	relative_compositional_CLR_association_not_absolute_load	0.08018421215602177	42	PurIST_basal_probability	LOW_CURRENT_CONCERN
Aminobacter	secondary_or_sensitivity	Model_0	CLR_genus ~ standardized_Moffitt50_contrast	62	0.021349939887220046	0.16624240330400067	-0.3111843773681887	0.35388425714262883	0.12842655942706918	0.8982409226213603	0.0003297461647233657	-0.01633142473253124	0.0003297461647233657	0.0003298549331224779	0.008017304267578186	0.24392998458434792	2.494021026942028	0.0898416921610977	0.056554758578093056	84.29467966800244	84.3224846839269	122_genus_tests_PurIST_basal_probability	relative_compositional_CLR_association_not_absolute_load	0.9702434213569172	112	PurIST_basal_probability	LOW_CURRENT_CONCERN
Sphingopyxis	secondary_or_sensitivity	Model_0	CLR_genus ~ standardized_Moffitt50_contrast	62	-0.176082862250882	0.04623810290080255	-0.26857283877742855	-0.08359288572433542	-3.8081766163426605	0.00033154187518512937	0.15027371290956393	0.13611160812472334	0.15027371290956393	0.17684955166459426	0.061359381991974625	0.8795022378490722	3.5586672973333746	0.1568117155018657	0.056554758578093056	10.69448929490779	12.585804931994035	122_genus_tests_PurIST_basal_probability	relative_compositional_CLR_association_not_absolute_load	0.002379300516034458	17	PurIST_basal_probability	MODERATE_RISK_ENVIRONMENTAL
Thiomonas	secondary_or_sensitivity	Model_0	CLR_genus ~ standardized_Moffitt50_contrast	62	0.05292577432690504	0.1763237968800935	-0.2997743325416308	0.40562588119544085	0.3001624015781401	0.7650908056089107	0.0015378653019949562	-0.015103170276305145	0.0015378653019949562	0.0015402339743811107	0.0002401636813438215	0.564117761542624	2.452603545049814	0.15657190684846173	0.056554758578093056	110.9372963565121	111.10816574938634	122_genus_tests_PurIST_basal_probability	relative_compositional_CLR_association_not_absolute_load	0.8828349969023209	105	PurIST_basal_probability	LOW_CURRENT_CONCERN
Flavobacterium	secondary_or_sensitivity	Model_0	CLR_genus ~ standardized_Moffitt50_contrast	62	-0.18064426313223855	0.05187522108422552	-0.28441015488352306	-0.07687837138095402	-3.4822842073085596	0.0009339095611713148	0.1283840275929481	0.11385709471949723	0.1283840275929481	0.1472942576286242	0.129915705395404	0.8568112716070952	4.102119119184159	0.10916150234864508	0.056554758578093056	13.514263013408303	15.504836351366256	122_genus_tests_PurIST_basal_probability	relative_compositional_CLR_association_not_absolute_load	0.005696848323145021	20	PurIST_basal_probability	LOW_CURRENT_CONCERN
Verminephrobacter	secondary_or_sensitivity	Model_0	CLR_genus ~ standardized_Moffitt50_contrast	62	-0.0047280332463153175	0.12901889586373824	-0.26280424964123555	0.2533481831486049	-0.03664605261626772	0.9708888762421626	4.0063811803325855e-05	-0.01662593512466648	4.0063811803325855e-05	4.006541697665143e-05	0.0598206080198442	1.2430435233166286e-05	2.5914519634824935	0.18377710410041503	0.056554758578093056	34.03464393914708	34.036007551348156	122_genus_tests_PurIST_basal_probability	relative_compositional_CLR_association_not_absolute_load	0.9907708149046835	119	PurIST_basal_probability	LOW_CURRENT_CONCERN
Citrobacter	secondary_or_sensitivity	Model_0	CLR_genus ~ standardized_Moffitt50_contrast	62	-0.7131975987726724	0.239556218393891	-1.192381380675945	-0.23401381686939987	-2.9771617015593193	0.004191151066062037	0.11765902829262809	0.10295334543083856	0.11765902829262809	0.13334870765997894	3.052210899272227e-05	0.19744181500033436	2.0887256094437925	0.05910921334079013	0.056554758578093056	232.68091797123245	263.7086176798339	122_genus_tests_PurIST_basal_probability	relative_compositional_CLR_association_not_absolute_load	0.017213125466987004	29	PurIST_basal_probability	LOW_CURRENT_CONCERN
Sphingobium	secondary_or_sensitivity	Model_0	CLR_genus ~ standardized_Moffitt50_contrast	62	-0.4430037826839616	0.06525707327920549	-0.5735373642353814	-0.3124702011325419	-6.788594100574337	5.732191602735705e-09	0.4387707744705186	0.4294169540450272	0.4387707744705186	0.7818031465780642	0.05535353772990266	0.29046206532468327	3.3217823641583606	0.1720026292445713	0.056554758578093056	15.312541900360383	27.283935340170583	122_genus_tests_PurIST_basal_probability	relative_compositional_CLR_association_not_absolute_load	6.99327375533756e-07	1	PurIST_basal_probability	LOW_CURRENT_CONCERN
Methylorubrum	secondary_or_sensitivity	Model_0	CLR_genus ~ standardized_Moffitt50_contrast	62	0.45526209042490845	0.20843457459672127	0.03833086482661807	0.8721933160231988	2.1841966060848996	0.03286706236319225	0.05979207538698661	0.04412194331010311	0.05979207538698661	0.0635945239576627	0.06347382983181782	0.06801144044239169	2.4655006404617645	0.1679751832701502	0.056554758578093056	198.80764950891808	211.45072733857955	122_genus_tests_PurIST_basal_probability	relative_compositional_CLR_association_not_absolute_load	0.09055293645706448	44	PurIST_basal_probability	LOW_CURRENT_CONCERN
Ralstonia	secondary_or_sensitivity	Model_0	CLR_genus ~ standardized_Moffitt50_contrast	62	0.06218784774351628	0.1606343471288061	-0.25912868695891716	0.3835043824459497	0.3871391695180259	0.7000229965210416	0.004123125437776598	-0.012474822471593816	0.004123125437776598	0.0041401959851603935	1.240473830586035e-08	0.009272780016723157	4.404008028554617	0.44491798376102637	0.056554758578093056	56.979677694189526	57.21558472701474	122_genus_tests_PurIST_basal_probability	relative_compositional_CLR_association_not_absolute_load	0.8626546017734048	99	PurIST_basal_probability	HIGH_RISK_POTENTIAL_CONTAMINANT
Erythrobacter	secondary_or_sensitivity	Model_0	CLR_genus ~ standardized_Moffitt50_contrast	62	-0.2559507298511281	0.047363104651665315	-0.3506910449296877	-0.1612104147725685	-5.404010816721845	1.183709319096279e-06	0.24438578368688457	0.23179221341499934	0.24438578368688457	0.32342666192719527	0.3102310398042614	0.6613474934650545	2.965332610210924	0.12147224196203561	0.056554758578093056	12.355683105959857	16.35184044875069	122_genus_tests_PurIST_basal_probability	relative_compositional_CLR_association_not_absolute_load	2.3807479992637204e-05	5	PurIST_basal_probability	LOW_CURRENT_CONCERN
Xanthobacter	secondary_or_sensitivity	Model_0	CLR_genus ~ standardized_Moffitt50_contrast	62	-0.020187383627966116	0.17305958896849308	-0.36635810252032586	0.3259833352643936	-0.1166498993109327	0.9075270724558235	0.00024954434416402105	-0.016412963250099777	0.00024954434416402105	0.00024960663208732425	0.022364155986013354	0.5856214968727709	2.094844600315768	0.12449953277441918	0.056554758578093056	99.59414024550678	99.61899960342909	122_genus_tests_PurIST_basal_probability	relative_compositional_CLR_association_not_absolute_load	0.9702434213569172	114	PurIST_basal_probability	LOW_CURRENT_CONCERN
Paucibacter	secondary_or_sensitivity	Model_0	CLR_genus ~ standardized_Moffitt50_contrast	62	0.4560513042206562	0.16376774497100494	0.12846704063896824	0.7836355678023441	2.784744360383054	0.007156988120535109	0.19345005704078078	0.1800075579914605	0.19345005704078078	0.239848826138423	0.00614329336656381	8.427365295577103e-06	2.936236361150402	0.2292825678501318	0.056554758578093056	52.89561146170074	65.58256177866377	122_genus_tests_PurIST_basal_probability	relative_compositional_CLR_association_not_absolute_load	0.024947215734436666	35	PurIST_basal_probability	LOW_CURRENT_CONCERN
Streptomyces	secondary_or_sensitivity	Model_0	CLR_genus ~ standardized_Moffitt50_contrast	62	0.4649933152449707	0.11546473914685088	0.23402944901008021	0.6959571814798611	4.027145591638853	0.00016105316243056382	0.19420419467028827	0.18077426458145973	0.19420419467028827	0.24100919040007251	0.004156208028623681	0.7201232217375764	2.9689860583614087	0.19567341023926993	0.056554758578093056	54.72548891052192	67.91483468709495	122_genus_tests_PurIST_basal_probability	relative_compositional_CLR_association_not_absolute_load	0.001403463272609199	14	PurIST_basal_probability	LOW_CURRENT_CONCERN
Collimonas	secondary_or_sensitivity	Model_0	CLR_genus ~ standardized_Moffitt50_contrast	62	0.22260638033328214	0.16250861308255854	-0.10245924447431778	0.5476720051408821	1.3698128124457774	0.17585001955729213	0.040326265176419795	0.024331702929360155	0.040326265176419795	0.04202080739849893	0.08137285141660192	0.0833189682152185	2.3374811793195764	0.15242420166042958	0.056554758578093056	71.93506792490138	74.95783755937161	122_genus_tests_PurIST_basal_probability	relative_compositional_CLR_association_not_absolute_load	0.32505609675741876	66	PurIST_basal_probability	LOW_CURRENT_CONCERN
Bacillus	secondary_or_sensitivity	Model_0	CLR_genus ~ standardized_Moffitt50_contrast	62	0.195272513278957	0.1884777221323634	-0.18173906380061844	0.5722840903585324	1.036050898056916	0.304336051565138	0.015227812836631993	-0.001185056949424057	0.015227812836631993	0.015463284844077128	2.226964468881219e-08	0.868365532079347	7.135028886981552	0.3149674202693917	0.056554758578093056	150.42163708638293	152.74764970736206	122_genus_tests_PurIST_basal_probability	relative_compositional_CLR_association_not_absolute_load	0.48853945119666886	76	PurIST_basal_probability	LOW_CURRENT_CONCERN
Polaromonas	secondary_or_sensitivity	Model_0	CLR_genus ~ standardized_Moffitt50_contrast	62	0.08089307068244045	0.1273880860471334	-0.1739210403882056	0.3357071817530865	0.6350128429789749	0.5278343072842596	0.0056672247019607935	-0.010904988219673228	0.0056672247019607935	0.005699525191917879	0.004910955872597627	0.12557592908803125	3.00135752397297	0.19282363638480213	0.056554758578093056	70.03478509341596	70.43395011536644	122_genus_tests_PurIST_basal_probability	relative_compositional_CLR_association_not_absolute_load	0.7401814423986169	87	PurIST_basal_probability	LOW_CURRENT_CONCERN
Ochrobactrum	secondary_or_sensitivity	Model_0	CLR_genus ~ standardized_Moffitt50_contrast	62	1.0357104579507177	0.3423793195492809	0.3508498507535668	1.7205710651478685	3.025038017232349	0.003656629880714171	0.22081244120804666	0.20782598189484747	0.22081244120804666	0.2833880478666685	0.0005997398978690983	7.858279110828532e-06	2.504708777331174	0.13563994879726168	0.056554758578093056	230.90058246212266	296.33504777734026	122_genus_tests_PurIST_basal_probability	relative_compositional_CLR_association_not_absolute_load	0.01593245876596889	28	PurIST_basal_probability	LOW_CURRENT_CONCERN
Fusarium	secondary_or_sensitivity	Model_0	CLR_genus ~ standardized_Moffitt50_contrast	62	-0.6524900394942502	0.21968504251736096	-1.0919255515708375	-0.213054527417663	-2.970115907835128	0.004275688028635796	0.14208912727527112	0.12779061272985903	0.14208912727527112	0.16562224794283747	1.7583446234930434e-07	0.6790980826359565	3.8862529091559956	0.36652218231395706	0.056554758578093056	156.80464836436173	182.77498671435345	122_genus_tests_PurIST_basal_probability	relative_compositional_CLR_association_not_absolute_load	0.017213125466987004	30	PurIST_basal_probability	LOW_CURRENT_CONCERN
Serratia	secondary_or_sensitivity	Model_0	CLR_genus ~ standardized_Moffitt50_contrast	62	-0.5023548138370455	0.20882800390268685	-0.9200730152191754	-0.0846366124549156	-2.4055912255481844	0.019245708630518138	0.09408508029247697	0.0789864982973516	0.09408508029247697	0.10385641989741441	0.00552868718825425	0.6232072203752482	2.1880982311256734	0.09521699606477721	0.056554758578093056	148.22369106605146	163.6176729641519	122_genus_tests_PurIST_basal_probability	relative_compositional_CLR_association_not_absolute_load	0.06020452443392853	39	PurIST_basal_probability	LOW_CURRENT_CONCERN
Candidatus Accumulibacter	secondary_or_sensitivity	Model_0	CLR_genus ~ standardized_Moffitt50_contrast	62	-0.08189473712501849	0.1452153201750004	-0.37236862579417523	0.20857915154413825	-0.5639538378342336	0.5748875536435758	0.004417766272707291	-0.012175270956080952	0.004417766272707291	0.0044373695341749075	0.017942020607349618	0.306736470382749	2.95347358318577	0.10944551412371298	0.056554758578093056	92.19687991827126	92.60599154436657	122_genus_tests_PurIST_basal_probability	relative_compositional_CLR_association_not_absolute_load	0.7654481157456644	91	PurIST_basal_probability	LOW_CURRENT_CONCERN
Methylibium	secondary_or_sensitivity	Model_0	CLR_genus ~ standardized_Moffitt50_contrast	62	0.40175683627766623	0.12095129091274465	0.15981823249508995	0.6436954400602425	3.3216415736107954	0.0015272928685455998	0.1057362319257158	0.0908318357911444	0.1057362319257158	0.118238304737996	0.08000362509534262	0.0036107274622505362	2.524302296081396	0.09603210850887943	0.056554758578093056	83.27184584609648	93.11776773134268	122_genus_tests_PurIST_basal_probability	relative_compositional_CLR_association_not_absolute_load	0.00800298424593912	23	PurIST_basal_probability	LOW_CURRENT_CONCERN
Novosphingobium	secondary_or_sensitivity	Model_0	CLR_genus ~ standardized_Moffitt50_contrast	62	-0.2722368980903506	0.04640229346194372	-0.36505530463874314	-0.17941849154195808	-5.866884539093363	2.0477476797901533e-07	0.279666219819628	0.2676606568166219	0.279666219819628	0.3882453211476483	0.014674489735555662	0.5173695076455541	4.020178262730136	0.11425480290632702	0.056554758578093056	11.644412445794636	16.16530109538785	122_genus_tests_PurIST_basal_probability	relative_compositional_CLR_association_not_absolute_load	8.327507231146623e-06	3	PurIST_basal_probability	MODERATE_RISK_ENVIRONMENTAL
Pseudoxanthomonas	secondary_or_sensitivity	Model_0	CLR_genus ~ standardized_Moffitt50_contrast	62	0.14739649885822728	0.20025870187262912	-0.2531805463369957	0.5479735440534503	0.736030432035738	0.46458005007307945	0.01215381076897637	-0.004310292384873904	0.01215381076897637	0.012303343274966065	2.325590090706562e-06	0.06165742990894515	3.6030983673191317	0.28289120934074785	0.056554758578093056	107.71620126311727	109.04147066353273	122_genus_tests_PurIST_basal_probability	relative_compositional_CLR_association_not_absolute_load	0.666809013046067	85	PurIST_basal_probability	LOW_CURRENT_CONCERN
Burkholderia	secondary_or_sensitivity	Model_0	CLR_genus ~ standardized_Moffitt50_contrast	62	-0.19359276473984513	0.058459187570921244	-0.31052855031468196	-0.07665697916500827	-3.311588353926116	0.0015743575565781874	0.14370035484825083	0.12942869409572177	0.14370035484825083	0.1678155020405094	0.06916805745631137	0.3326003220463231	3.6122596665614015	0.14648678803805518	0.056554758578093056	13.623101825150638	15.909269497287275	122_genus_tests_PurIST_basal_probability	relative_compositional_CLR_association_not_absolute_load	0.00800298424593912	24	PurIST_basal_probability	BIOLOGICALLY_PLAUSIBLE_BUT_CONTAMINATION_SENSITIVE
Rhizobacter	secondary_or_sensitivity	Model_0	CLR_genus ~ standardized_Moffitt50_contrast	62	0.21407057963791756	0.15960131321155843	-0.1051795795697785	0.5333207388456136	1.3412833223631297	0.1848836948206007	0.03733120354407615	0.021286723603144098	0.03733120354407615	0.03877886525616225	0.06530444723011514	0.08576931204361796	2.26976171546067	0.1444193120880789	0.056554758578093056	72.08563166022894	74.88103065728629	122_genus_tests_PurIST_basal_probability	relative_compositional_CLR_association_not_absolute_load	0.3366538920613923	67	PurIST_basal_probability	LOW_CURRENT_CONCERN
Sphingomonas	secondary_or_sensitivity	Model_0	CLR_genus ~ standardized_Moffitt50_contrast	62	-0.1988396439383898	0.05881850145768083	-0.3164941642983313	-0.08118512357844825	-3.380562901308399	0.0012770867026417273	0.1517374809715386	0.13759977232106435	0.1517374809715386	0.17888033193465597	0.9910717583963682	0.9274144697225954	2.7876746416221176	0.1085679178429386	0.056554758578093056	13.482585916574026	15.894355360668303	122_genus_tests_PurIST_basal_probability	relative_compositional_CLR_association_not_absolute_load	0.0074192656058233684	21	PurIST_basal_probability	BIOLOGICALLY_PLAUSIBLE_BUT_CONTAMINATION_SENSITIVE
Diaphorobacter	secondary_or_sensitivity	Model_0	CLR_genus ~ standardized_Moffitt50_contrast	62	0.11629906807330273	0.2571254106260643	-0.398028330786536	0.6306264669331414	0.4523048414006644	0.6526804876811036	0.0031318352602131005	-0.01348263415211659	0.0031318352602131005	0.003141674467085229	0.00011408182226735316	0.014664990768522354	2.053019732403574	0.11990590454112666	0.056554758578093056	262.615963544793	263.44101741211074	122_genus_tests_PurIST_basal_probability	relative_compositional_CLR_association_not_absolute_load	0.8208971082174705	97	PurIST_basal_probability	LOW_CURRENT_CONCERN
Fusobacterium	secondary_or_sensitivity	Model_0	CLR_genus ~ standardized_Moffitt50_contrast	62	0.25963917131662806	0.26785130914368827	-0.27614321898715977	0.7954215616204159	0.9693406843770369	0.3362666356854275	0.01774995618624653	0.0013791221226839845	0.01774995618624653	0.018070710505982055	1.8107499717822453e-06	0.31961917837057086	5.1571748811329075	0.16510574327295677	0.056554758578093056	227.55953369071267	231.67169614691377	122_genus_tests_PurIST_basal_probability	relative_compositional_CLR_association_not_absolute_load	0.5192978424509133	79	PurIST_basal_probability	LOW_CURRENT_CONCERN
Sphingobacterium	secondary_or_sensitivity	Model_0	CLR_genus ~ standardized_Moffitt50_contrast	62	-0.1355239200681894	0.15990864880416297	-0.4553888419923998	0.184341001856021	-0.8475083810767666	0.40007993182485524	0.012159931256861434	-0.0043040698888574536	0.012159931256861434	0.012309615333110464	0.00013963717613596358	0.9198080895462272	2.6229302992543193	0.08074806016224637	0.056554758578093056	91.01589913505171	92.13626984260134	122_genus_tests_PurIST_basal_probability	relative_compositional_CLR_association_not_absolute_load	0.6025895269460783	81	PurIST_basal_probability	LOW_CURRENT_CONCERN
Alicycliphilus	secondary_or_sensitivity	Model_0	CLR_genus ~ standardized_Moffitt50_contrast	62	-0.03727885911326186	0.08835521430034521	-0.2140156018418456	0.13945788361532185	-0.42192030666735886	0.674591144437725	0.0015862547600079546	-0.015053974327325248	0.0015862547600079546	0.0015887749618537766	4.7029684920662434e-12	0.2765830810329641	6.464440096986951	0.3267988871309713	0.056554758578093056	53.357156034896214	53.441928548440174	122_genus_tests_PurIST_basal_probability	relative_compositional_CLR_association_not_absolute_load	0.8397971389939026	98	PurIST_basal_probability	LOW_CURRENT_CONCERN
Devosia	secondary_or_sensitivity	Model_0	CLR_genus ~ standardized_Moffitt50_contrast	62	-0.34323057966238263	0.17511032214595157	-0.693503375663145	0.007042216338379759	-1.96008193838114	0.05463512280789967	0.06658921042957167	0.05103236393673127	0.06658921042957167	0.07133966220833719	0.001799217481363709	0.5551375524773066	2.980220435701147	0.15499361293162633	0.056554758578093056	100.73276011248123	107.91900119221911	122_genus_tests_PurIST_basal_probability	relative_compositional_CLR_association_not_absolute_load	0.1333096996512752	50	PurIST_basal_probability	LOW_CURRENT_CONCERN
Ottowia	secondary_or_sensitivity	Model_0	CLR_genus ~ standardized_Moffitt50_contrast	62	0.08522478846594314	0.16457311152729273	-0.2439704480842104	0.41442002501609665	0.5178536619684042	0.6064646357069217	0.006943979844265202	-0.009606953824996989	0.006943979844265202	0.006992535872423614	0.04445124510041282	0.000361040701828734	2.604506701443289	0.185441950823734	0.056554758578093056	63.361725530824614	63.80478466953756	122_genus_tests_PurIST_basal_probability	relative_compositional_CLR_association_not_absolute_load	0.7788282690130994	95	PurIST_basal_probability	LOW_CURRENT_CONCERN
Thauera	secondary_or_sensitivity	Model_0	CLR_genus ~ standardized_Moffitt50_contrast	62	-0.1334872939616068	0.10394527056132878	-0.34140879227411575	0.07443420435090214	-1.2842074799627168	0.20400605353088314	0.013305986581093499	-0.003138913642554808	0.013305986581093499	0.013485423444486196	3.755783239694836e-09	0.1954693328615238	3.8059148376532774	0.15848832805126273	0.056554758578093056	80.60186771851819	81.68881803511891	122_genus_tests_PurIST_basal_probability	relative_compositional_CLR_association_not_absolute_load	0.36601086074658445	68	PurIST_basal_probability	LOW_CURRENT_CONCERN
Phreatobacter	secondary_or_sensitivity	Model_0	CLR_genus ~ standardized_Moffitt50_contrast	62	-0.21477032165729854	0.13690369572669248	-0.48861848604510444	0.05907784273050737	-1.5687693492661805	0.12196091664149795	0.03739105778376506	0.021347575413494524	0.03739105778376506	0.03884345567960218	8.991408042764007e-05	0.9219202410389952	3.085947892919564	0.10908956185387718	0.056554758578093056	72.4370091621148	75.25071291706635	122_genus_tests_PurIST_basal_probability	relative_compositional_CLR_association_not_absolute_load	0.24798719717104584	60	PurIST_basal_probability	LOW_CURRENT_CONCERN
Dickeya	secondary_or_sensitivity	Model_0	CLR_genus ~ standardized_Moffitt50_contrast	62	0.05726746305099073	0.1988004715514268	-0.34039268720873617	0.4549276133107176	0.28806502622493263	0.7742897103979371	0.0014506980439938921	-0.015191790321939402	0.0014506980439938921	0.0014528056262742314	0.11926599050903369	0.5390258552758258	2.6342213631181424	0.18924964907429487	0.056554758578093056	137.70135396238098	137.9014072641631	122_genus_tests_PurIST_basal_probability	relative_compositional_CLR_association_not_absolute_load	0.8828349969023209	107	PurIST_basal_probability	LOW_CURRENT_CONCERN
Rhizobium	secondary_or_sensitivity	Model_0	CLR_genus ~ standardized_Moffitt50_contrast	62	-0.34192156229504767	0.0907082167423702	-0.5233650106836082	-0.1604781139064871	-3.7694662575737157	0.00037588526307608057	0.1853127791197885	0.17173465877178506	0.1853127791197885	0.22746493914507612	0.41367222932681863	0.6727603215922036	2.9766045749388157	0.08435102219998308	0.056554758578093056	31.352223631928535	38.48375527242798	122_genus_tests_PurIST_basal_probability	relative_compositional_CLR_association_not_absolute_load	0.002413579057646412	19	PurIST_basal_probability	BIOLOGICALLY_PLAUSIBLE_BUT_CONTAMINATION_SENSITIVE
Sinorhizobium	secondary_or_sensitivity	Model_0	CLR_genus ~ standardized_Moffitt50_contrast	62	0.19502248231879937	0.16336189192882516	-0.1317499543065585	0.5217949189441573	1.1938064625486118	0.23725238740980883	0.01534603530230716	-0.0010648641093209399	0.01534603530230716	0.015585206430381538	1.3562196453320218e-07	0.022445968575649386	2.5183116124310496	0.09573898151094766	0.056554758578093056	148.86295510813545	151.18301499333236	122_genus_tests_PurIST_basal_probability	relative_compositional_CLR_association_not_absolute_load	0.40201098977773164	72	PurIST_basal_probability	LOW_CURRENT_CONCERN
Stenotrophomonas	secondary_or_sensitivity	Model_0	CLR_genus ~ standardized_Moffitt50_contrast	62	-0.08357550324710443	0.0693638343448727	-0.2223238300137112	0.055172823519502354	-1.2048858607148532	0.23297835956703328	0.01606724089857159	-0.00033163841978556263	0.01606724089857159	0.01632961271992297	0.10539581022632435	0.06176270924566894	2.4833350266304866	0.09479243072479732	0.056554758578093056	26.092275219949457	26.518351969272874	122_genus_tests_PurIST_basal_probability	relative_compositional_CLR_association_not_absolute_load	0.4003290122137755	71	PurIST_basal_probability	BIOLOGICALLY_PLAUSIBLE_BUT_CONTAMINATION_SENSITIVE
Corynebacterium	secondary_or_sensitivity	Model_0	CLR_genus ~ standardized_Moffitt50_contrast	62	0.3049448803423993	0.1548827119811202	-0.004866671101097342	0.614756431785896	1.9688761672740551	0.053591282966612246	0.053404022628844694	0.0376274230059922	0.053404022628844694	0.056416912711963974	0.021876474784727054	0.35844365815286194	2.3890071195023466	0.15428601609748188	0.056554758578093056	100.54563268696063	106.2181068698301	122_genus_tests_PurIST_basal_probability	relative_compositional_CLR_association_not_absolute_load	0.1333096996512752	49	PurIST_basal_probability	LOW_CURRENT_CONCERN
Leptothrix	secondary_or_sensitivity	Model_0	CLR_genus ~ standardized_Moffitt50_contrast	62	0.2625982985246469	0.16229496879625338	-0.06203997408237105	0.5872365711316648	1.6180310484813318	0.11090149472096845	0.04875666284930402	0.032902607230125835	0.04875666284930402	0.051255720744754076	0.050427038353602655	0.45085818887972584	2.3021948944714636	0.14225966908508472	0.056554758578093056	82.06751926517272	86.27394911484313	122_genus_tests_PurIST_basal_probability	relative_compositional_CLR_association_not_absolute_load	0.22932173484674834	59	PurIST_basal_probability	LOW_CURRENT_CONCERN
Altererythrobacter	secondary_or_sensitivity	Model_0	CLR_genus ~ standardized_Moffitt50_contrast	62	0.022823263522760505	0.1111293542922079	-0.199468541829794	0.24511506887531503	0.2053756513580392	0.8379738412407276	0.0004965851891429729	-0.016161805057704592	0.0004965851891429729	0.0004968319085102327	6.748791079712659e-07	0.02488424098010787	2.5536479646592265	0.08284038586499702	0.056554758578093056	63.95519748895183	63.98697247177943	122_genus_tests_PurIST_basal_probability	relative_compositional_CLR_association_not_absolute_load	0.9466000799200812	108	PurIST_basal_probability	LOW_CURRENT_CONCERN
Roseolovirus	secondary_or_sensitivity	Model_0	CLR_genus ~ standardized_Moffitt50_contrast	62	-0.9837090682096198	0.18333074322279108	-1.3504251545864243	-0.6169929818328153	-5.365761633411238	1.3660029503972166e-06	0.24047629300121987	0.22781756455124025	0.24047629300121987	0.3166145977871446	0.0002035730386439436	0.0011359843017994557	2.7003571168004443	0.09109559314287764	0.056554758578093056	186.43706195515423	245.4657573387024	122_genus_tests_PurIST_basal_probability	relative_compositional_CLR_association_not_absolute_load	2.3807479992637204e-05	7	PurIST_basal_probability	LOW_CURRENT_CONCERN
Janibacter	secondary_or_sensitivity	Model_0	CLR_genus ~ standardized_Moffitt50_contrast	62	0.36864379861385194	0.17858890770204489	0.011412795501545836	0.725874801726158	2.0642032215622925	0.04333009597412295	0.08055248828755368	0.06522836309234625	0.08055248828755368	0.08760966478393838	0.00244013222856474	0.02996981725342214	3.5500730930853597	0.11636119070053841	0.056554758578093056	94.62190371447738	102.91169698012085	122_genus_tests_PurIST_basal_probability	relative_compositional_CLR_association_not_absolute_load	0.11096301575687093	47	PurIST_basal_probability	LOW_CURRENT_CONCERN
Lactobacillus	secondary_or_sensitivity	Model_0	CLR_genus ~ standardized_Moffitt50_contrast	62	0.006269580288752617	0.1955427839215239	-0.3848742245000767	0.39741338507758195	0.032062447731483416	0.9745286703980494	1.924191563651423e-05	-0.01664710405243608	1.924191563651423e-05	1.9242285894956072e-05	8.506991945144752e-06	0.21612402650621365	4.59435961168441	0.14000854081816555	0.056554758578093056	124.60920027564966	124.61159804150648	122_genus_tests_PurIST_basal_probability	relative_compositional_CLR_association_not_absolute_load	0.9907708149046835	120	PurIST_basal_probability	LOW_CURRENT_CONCERN
Acinetobacter	secondary_or_sensitivity	Model_0	CLR_genus ~ standardized_Moffitt50_contrast	62	-0.10661469757270564	0.061220059708038975	-0.22907304967027897	0.015843654524867676	-1.741499405279178	0.0867211637016416	0.046986716922442606	0.031103162204483392	0.046986716922442606	0.049303317967099906	0.31583908291518037	0.279462934480726	2.0411701331755814	0.11419156452535074	0.056554758578093056	14.063319602797776	14.756687920847467	122_genus_tests_PurIST_basal_probability	relative_compositional_CLR_association_not_absolute_load	0.18892824949286205	56	PurIST_basal_probability	BIOLOGICALLY_PLAUSIBLE_BUT_CONTAMINATION_SENSITIVE
Janthinobacterium	secondary_or_sensitivity	Model_0	CLR_genus ~ standardized_Moffitt50_contrast	62	-0.1074223209576855	0.14899434831576613	-0.4054553913861465	0.1906107494707755	-0.7209825216324557	0.473720226682357	0.013299642644838738	-0.003145363311080507	0.013299642644838738	0.013478907295106566	0.010503924536891982	0.013072347156845358	3.447594888748105	0.15850366332976018	0.056554758578093056	52.223287988012984	52.92720084544908	122_genus_tests_PurIST_basal_probability	relative_compositional_CLR_association_not_absolute_load	0.6720217169214833	86	PurIST_basal_probability	LOW_CURRENT_CONCERN
Paracoccus	secondary_or_sensitivity	Model_0	CLR_genus ~ standardized_Moffitt50_contrast	62	0.2687400383136568	0.17381064497357043	-0.07893301626986993	0.6164130928971835	1.5461655893085333	0.1273232289908973	0.028509237706738855	0.012317725001851243	0.028509237706738855	0.02934586597554579	4.2405266147899805e-05	0.0013706889579886041	2.021930981580083	0.11653548630202692	0.056554758578093056	150.12314523052316	154.52863893028552	122_genus_tests_PurIST_basal_probability	relative_compositional_CLR_association_not_absolute_load	0.24993952541652695	61	PurIST_basal_probability	LOW_CURRENT_CONCERN
Delftia	secondary_or_sensitivity	Model_0	CLR_genus ~ standardized_Moffitt50_contrast	62	0.10483504960383548	0.19720686561005685	-0.2896374141622201	0.4993075133698911	0.5315993907186225	0.5969662547669501	0.0057465301421677495	-0.01082436102212947	0.0057465301421677495	0.005779743613054167	5.146265268874605e-08	0.4625518317804127	5.464533015223689	0.6043214779183711	0.056554758578093056	115.99366512340877	116.66407876856053	122_genus_tests_PurIST_basal_probability	relative_compositional_CLR_association_not_absolute_load	0.7747859902294459	94	PurIST_basal_probability	HIGH_RISK_POTENTIAL_CONTAMINANT
Sphingorhabdus	secondary_or_sensitivity	Model_0	CLR_genus ~ standardized_Moffitt50_contrast	62	0.2255820267497013	0.13057605568822125	-0.03560897305066041	0.486773026550063	1.7275910622413613	0.08920613392073495	0.05110751995863305	0.03529264529127696	0.05110751995863305	0.05386018019281281	0.13355024130924031	0.799645696970348	2.7604602773199054	0.1677993158699804	0.056554758578093056	57.632972768199075	60.73709506654174	122_genus_tests_PurIST_basal_probability	relative_compositional_CLR_association_not_absolute_load	0.19093242698823973	57	PurIST_basal_probability	LOW_CURRENT_CONCERN
Klebsiella	secondary_or_sensitivity	Model_0	CLR_genus ~ standardized_Moffitt50_contrast	62	-0.7348826611266861	0.17217647024373972	-1.0792868795573418	-0.3904784426960305	-4.268194487239502	7.115715082832934e-05	0.2478159091642982	0.23527950765036987	0.2478159091642982	0.3294617796143048	0.15762011557358965	0.3765232016731699	2.89426426262673	0.13572796849916938	0.056554758578093056	99.99097346487072	132.93417752797373	122_genus_tests_PurIST_basal_probability	relative_compositional_CLR_association_not_absolute_load	0.0007656464781881569	11	PurIST_basal_probability	LOW_CURRENT_CONCERN
Brachybacterium	secondary_or_sensitivity	Model_0	CLR_genus ~ standardized_Moffitt50_contrast	62	0.1998681724313589	0.14345838323681087	-0.08709131910692092	0.4868276639696387	1.3932136130478396	0.1686954551026579	0.04416482855003878	0.02823424235920613	0.04416482855003878	0.046205485913478804	0.001416826959705376	0.00963302408647326	4.162239165829416	0.19022514483988237	0.056554758578093056	52.73799028922866	55.17477475664279	122_genus_tests_PurIST_basal_probability	relative_compositional_CLR_association_not_absolute_load	0.31662839265421944	65	PurIST_basal_probability	LOW_CURRENT_CONCERN
Herbaspirillum	secondary_or_sensitivity	Model_0	CLR_genus ~ standardized_Moffitt50_contrast	62	0.41541755657088103	0.13649013812751312	0.142396630547991	0.688438482593771	3.0435719552337597	0.0034673193162312243	0.1365132549525767	0.12212180920178639	0.1365132549525767	0.158095368267731	0.0013191542415500828	0.829593280465245	3.230776268637739	0.2125632480207773	0.056554758578093056	66.5856099396888	77.11248646443538	122_genus_tests_PurIST_basal_probability	relative_compositional_CLR_association_not_absolute_load	0.015667146540007754	27	PurIST_basal_probability	MODERATE_RISK_ENVIRONMENTAL
Melaminivora	secondary_or_sensitivity	Model_0	CLR_genus ~ standardized_Moffitt50_contrast	62	-0.0003669552954245764	0.12401753411623709	-0.2484389586797128	0.24770504808886365	-0.0029588984980191803	0.9976489600549949	1.0777816261686723e-07	-0.01666655709220133	1.0777816261686723e-07	1.0777817423300083e-07	9.021093807924809e-07	0.011436675916116155	2.034529931528416	0.11392048393284707	0.056554758578093056	76.21234612230259	76.21235433633011	122_genus_tests_PurIST_basal_probability	relative_compositional_CLR_association_not_absolute_load	0.9976489600549949	122	PurIST_basal_probability	LOW_CURRENT_CONCERN
Lysobacter	secondary_or_sensitivity	Model_0	CLR_genus ~ standardized_Moffitt50_contrast	62	0.02990702939294287	0.25950032665238576	-0.48917090882181335	0.5489849676076991	0.11524852310881635	0.9086329768621008	0.00026875793656278013	-0.016393429431161177	0.00026875793656278013	0.0002688301868090727	0.016100281642861335	0.6473557007164616	2.147264902350055	0.13511367592633988	0.14178135011128007	202.95434631565067	203.00890657048438	122_genus_tests_Phase_4B_assignment_entropy	relative_compositional_CLR_association_not_absolute_load	0.9350764374567502	118	Phase_4B_assignment_entropy	LOW_CURRENT_CONCERN
Brevundimonas	secondary_or_sensitivity	Model_0	CLR_genus ~ standardized_Moffitt50_contrast	62	0.25220519962403726	0.05624175146707627	0.1397049466581773	0.3647054525898972	4.484305574510376	3.360507381036493e-05	0.194945840347572	0.18152827102003155	0.194945840347572	0.24215245398115504	0.43409385323625066	0.14984316815685741	2.2537975941640007	0.1453994307133506	0.14178135011128007	16.023191844520298	19.903247070281722	122_genus_tests_Phase_4B_assignment_entropy	relative_compositional_CLR_association_not_absolute_load	0.0003727108186240474	11	Phase_4B_assignment_entropy	HIGH_RISK_POTENTIAL_CONTAMINANT
Paraburkholderia	secondary_or_sensitivity	Model_0	CLR_genus ~ standardized_Moffitt50_contrast	62	0.14446505142350197	0.25012515513604816	-0.35585975162611405	0.644789854473118	0.5775710617547622	0.5657149536323658	0.008737583289918915	-0.0077834569885824045	0.008737583289918915	0.008814601605615433	2.4875446218587427e-07	0.4744893269684154	4.528188157560451	0.7823532576974577	0.14178135011128007	144.42844645860083	145.70152567465135	122_genus_tests_Phase_4B_assignment_entropy	relative_compositional_CLR_association_not_absolute_load	0.7372379446632609	93	Phase_4B_assignment_entropy	MODERATE_RISK_ENVIRONMENTAL
Aerococcus	secondary_or_sensitivity	Model_0	CLR_genus ~ standardized_Moffitt50_contrast	62	-0.14651485542596104	0.08305178161227729	-0.3126431532994033	0.019613442447481172	-1.7641386202882154	0.08279897382090469	0.020040636382293253	0.00370798032199815	0.020040636382293253	0.02045047695478864	0.010398977999003621	0.01856349825557321	2.578361320458428	0.06455585961422518	0.14178135011128007	64.03091611920881	65.3403788936987	122_genus_tests_Phase_4B_assignment_entropy	relative_compositional_CLR_association_not_absolute_load	0.19806813345392885	51	Phase_4B_assignment_entropy	LOW_CURRENT_CONCERN
Acidovorax	secondary_or_sensitivity	Model_0	CLR_genus ~ standardized_Moffitt50_contrast	62	0.17445078346354184	0.08969836168530254	-0.004972654053816167	0.3538742209808998	1.9448603094400367	0.05648296240588808	0.08043536806459495	0.06510929086567163	0.08043536806459495	0.08747114152846751	0.0017542014886995987	0.43391371009872926	2.0515429256478495	0.26537858460817737	0.14178135011128007	21.22320109781	23.079618724723662	122_genus_tests_Phase_4B_assignment_entropy	relative_compositional_CLR_association_not_absolute_load	0.1435608627816322	48	Phase_4B_assignment_entropy	LOW_CURRENT_CONCERN
Cupriavidus	secondary_or_sensitivity	Model_0	CLR_genus ~ standardized_Moffitt50_contrast	62	0.2940341920109384	0.05944899652389908	0.17511849374324973	0.41294989027862705	4.9459908359047535	6.440495390003098e-06	0.14508191866400022	0.130833283975067	0.14508191866400022	0.1697027140159177	7.673426452888679e-06	0.19919315309145344	6.474788723730483	0.28592695018150893	0.14178135011128007	31.076830449914745	36.35065292027778	122_genus_tests_Phase_4B_assignment_entropy	relative_compositional_CLR_association_not_absolute_load	0.00015138444033544293	5	Phase_4B_assignment_entropy	BIOLOGICALLY_PLAUSIBLE_BUT_CONTAMINATION_SENSITIVE
Staphylococcus	secondary_or_sensitivity	Model_0	CLR_genus ~ standardized_Moffitt50_contrast	62	0.039611230271199706	0.2600122465132641	-0.48049070012631734	0.5597131606687168	0.15234370996898025	0.8794269904708576	0.0006800464408523998	-0.01597528611846677	0.0006800464408523998	0.0006805092187245607	0.02735315283261582	0.22746201518409662	2.2535004474689453	0.2809358263375102	0.14178135011128007	140.64765141449462	140.7433634378741	122_genus_tests_Phase_4B_assignment_entropy	relative_compositional_CLR_association_not_absolute_load	0.9218848497051896	116	Phase_4B_assignment_entropy	LOW_CURRENT_CONCERN
Luteimonas	secondary_or_sensitivity	Model_0	CLR_genus ~ standardized_Moffitt50_contrast	62	0.014221952893930242	0.07520747276744165	-0.13621539108198005	0.16465929686984054	0.18910292249691338	0.8506503756191904	0.00017756618173070393	-0.01648614104857371	0.00017756618173070393	0.00017759771707920977	1.7980466827511926e-06	0.2384730216452192	3.965173151107572	0.11752924805867582	0.14178135011128007	69.47218012745836	69.48451822804951	122_genus_tests_Phase_4B_assignment_entropy	relative_compositional_CLR_association_not_absolute_load	0.9112564867689568	113	Phase_4B_assignment_entropy	LOW_CURRENT_CONCERN
Rhodopseudomonas	secondary_or_sensitivity	Model_0	CLR_genus ~ standardized_Moffitt50_contrast	62	-0.2974625866536591	0.2580433006735113	-0.8136260389762545	0.21870086566893632	-1.1527622917442952	0.2535799860911185	0.03465589879691988	0.018566830443535243	0.03465589879691988	0.03590004719946934	0.0020908374245939528	0.1625776221383584	1.8764174816308508	0.23538654360859657	0.14178135011128007	150.34864405580979	155.7461674737896	122_genus_tests_Phase_4B_assignment_entropy	relative_compositional_CLR_association_not_absolute_load	0.49105965560502307	63	Phase_4B_assignment_entropy	LOW_CURRENT_CONCERN
Rhodoferax	secondary_or_sensitivity	Model_0	CLR_genus ~ standardized_Moffitt50_contrast	62	-0.1609860060018573	0.19238478234233233	-0.5458128671099121	0.2238408551061975	-0.8367917880084529	0.40603016107413725	0.018244438963828324	0.0018818462798921853	0.018244438963828324	0.018583484207181516	0.010391288791560207	0.04602246334335283	2.9739160214630362	0.20443093737904747	0.14178135011128007	85.0704918522922	86.65139799412643	122_genus_tests_Phase_4B_assignment_entropy	relative_compositional_CLR_association_not_absolute_load	0.6604757286805966	75	Phase_4B_assignment_entropy	LOW_CURRENT_CONCERN
Blastomonas	secondary_or_sensitivity	Model_0	CLR_genus ~ standardized_Moffitt50_contrast	62	0.17518932370781817	0.052104430274853064	0.07096494531173572	0.2794137021039006	3.3622730885586334	0.0013502727220250342	0.17875794610290363	0.16507057853795204	0.17875794610290363	0.21766779386738813	0.39851039350654965	0.6268710806066975	3.5739319997066508	0.22076984688777768	0.14178135011128007	8.60103929180247	10.473208539415834	122_genus_tests_Phase_4B_assignment_entropy	relative_compositional_CLR_association_not_absolute_load	0.0074878760039570075	22	Phase_4B_assignment_entropy	LOW_CURRENT_CONCERN
Aeromonas	secondary_or_sensitivity	Model_0	CLR_genus ~ standardized_Moffitt50_contrast	62	-0.08336210170655158	0.15208017849368793	-0.38756775151901546	0.22084354810591234	-0.5481457382035589	0.5856255530024773	0.0041729337351441576	-0.012424184035936703	0.0041729337351441576	0.0041904200804623445	0.0009502314878603936	0.8048213585173931	4.291487991055572	0.3013602146561483	0.14178135011128007	101.16017771902581	101.58408135908273	122_genus_tests_Phase_4B_assignment_entropy	relative_compositional_CLR_association_not_absolute_load	0.7520664996452867	95	Phase_4B_assignment_entropy	LOW_CURRENT_CONCERN
Achromobacter	secondary_or_sensitivity	Model_0	CLR_genus ~ standardized_Moffitt50_contrast	62	0.3145385475540776	0.11133782151932174	0.09182974566116595	0.5372473494469893	2.8250826472250683	0.006408932775732028	0.09932964712962755	0.0843184745817881	0.09932964712962755	0.11028413093988386	0.0021675393997873903	0.49130014596458793	4.574437481196365	0.2222428603571552	0.14178135011128007	54.722327866308014	60.75733223805118	122_genus_tests_Phase_4B_assignment_entropy	relative_compositional_CLR_association_not_absolute_load	0.023693630261797192	33	Phase_4B_assignment_entropy	LOW_CURRENT_CONCERN
Azoarcus	secondary_or_sensitivity	Model_0	CLR_genus ~ standardized_Moffitt50_contrast	62	0.23427516504507626	0.06888743192963163	0.09647978499207852	0.372070545098074	3.400840450612063	0.0012003390689372634	0.16147927596172962	0.1475039305610918	0.16147927596172962	0.19257636851723137	0.06105187348622326	0.31805066202559495	2.7827518348423044	0.23950560932710446	0.14178135011128007	17.385186231046823	20.73316226141759	122_genus_tests_Phase_4B_assignment_entropy	relative_compositional_CLR_association_not_absolute_load	0.006973398400492673	21	Phase_4B_assignment_entropy	LOW_CURRENT_CONCERN
Enterobacter	secondary_or_sensitivity	Model_0	CLR_genus ~ standardized_Moffitt50_contrast	62	-0.3559317571502794	0.2910289187265107	-0.9380762694220839	0.226212755121525	-1.2230116467730137	0.226107288696983	0.03989679212994468	0.023895071998777162	0.03989679212994468	0.04155469099874572	0.22152625347606972	0.17025271636648742	2.1593038852090203	0.21361152328610494	0.14178135011128007	185.97015583310505	193.6980881937383	122_genus_tests_Phase_4B_assignment_entropy	relative_compositional_CLR_association_not_absolute_load	0.452214577393966	61	Phase_4B_assignment_entropy	LOW_CURRENT_CONCERN
Methyloversatilis	secondary_or_sensitivity	Model_0	CLR_genus ~ standardized_Moffitt50_contrast	62	0.14078399473040765	0.06601236852727364	0.008739597739299498	0.2728283917215158	2.132691158812782	0.03705112063334801	0.10782623990376361	0.09295667723549306	0.10782623990376361	0.1208578919560834	0.3237928464696129	0.7976438181434793	3.7391035624766986	0.22278234931946753	0.14178135011128007	10.003716794486776	11.212744917994113	122_genus_tests_Phase_4B_assignment_entropy	relative_compositional_CLR_association_not_absolute_load	0.09826601559279256	46	Phase_4B_assignment_entropy	LOW_CURRENT_CONCERN
Mycobacterium	secondary_or_sensitivity	Model_0	CLR_genus ~ standardized_Moffitt50_contrast	62	0.13634877429269335	0.22104796429175466	-0.3058129872407894	0.5785105358261761	0.6168289073801677	0.5396812115683098	0.008969405084170212	-0.007547771497760314	0.008969405084170212	0.00905058343323094	1.3753931110479385e-05	0.7930914453143045	2.840868172110881	0.5741237374716266	0.14178135011128007	125.3013456739621	126.4353959572804	122_genus_tests_Phase_4B_assignment_entropy	relative_compositional_CLR_association_not_absolute_load	0.7156642153405849	92	Phase_4B_assignment_entropy	LOW_CURRENT_CONCERN
Rubrivivax	secondary_or_sensitivity	Model_0	CLR_genus ~ standardized_Moffitt50_contrast	62	-0.3702575164185381	0.09649608444520155	-0.5632784239671789	-0.17723660886989734	-3.8370211449232525	0.0003018091047509537	0.09701891992931078	0.08196923526146604	0.09701891992931078	0.10744291555003092	0.00024318794013406247	0.05813240863792242	2.0518648176504595	0.09724782773547673	0.14178135011128007	77.83229162685775	86.19481996318764	122_genus_tests_Phase_4B_assignment_entropy	relative_compositional_CLR_association_not_absolute_load	0.0021659241635068444	17	Phase_4B_assignment_entropy	LOW_CURRENT_CONCERN
Mesorhizobium	secondary_or_sensitivity	Model_0	CLR_genus ~ standardized_Moffitt50_contrast	62	-0.2726507284256876	0.09611002734034084	-0.4648994067883023	-0.08040205006307286	-2.8368603773276244	0.006204526951559811	0.04645685089551732	0.030564465077109304	0.04645685089551732	0.04872023981206004	0.042843847875795656	0.08468206030480875	2.0461090341075163	0.07751297193244695	0.14178135011128007	93.07514946287408	97.60979306524861	122_genus_tests_Phase_4B_assignment_entropy	relative_compositional_CLR_association_not_absolute_load	0.02365475900282178	32	Phase_4B_assignment_entropy	MODERATE_RISK_ENVIRONMENTAL
Nocardioides	secondary_or_sensitivity	Model_0	CLR_genus ~ standardized_Moffitt50_contrast	62	-0.43397252727194924	0.09555945349595579	-0.6251198939727826	-0.24282516057111592	-4.541387705720979	2.7492246929481437e-05	0.08854724972448369	0.07335637055322519	0.08854724972448369	0.09714957763605124	0.00045418575924346906	0.00011978897068170626	1.8026920465568292	0.028809742951843412	0.14178135011128007	118.25333366937627	129.74159508941125	122_genus_tests_Phase_4B_assignment_entropy	relative_compositional_CLR_association_not_absolute_load	0.0003727108186240474	8	Phase_4B_assignment_entropy	LOW_CURRENT_CONCERN
Comamonas	secondary_or_sensitivity	Model_0	CLR_genus ~ standardized_Moffitt50_contrast	62	0.2509203611118792	0.03893694659946095	0.17303487163309192	0.32880585059066647	6.444274218342354	2.2001175369111434e-08	0.2624265504480463	0.2501336596221805	0.2624265504480463	0.35579717600662	0.0018646433582028578	0.24354631987849626	4.555272868373183	0.1790972357306677	0.14178135011128007	10.794415874678027	14.635038559529495	122_genus_tests_Phase_4B_assignment_entropy	relative_compositional_CLR_association_not_absolute_load	2.684143395031595e-06	1	Phase_4B_assignment_entropy	HIGH_RISK_POTENTIAL_CONTAMINANT
Dechloromonas	secondary_or_sensitivity	Model_0	CLR_genus ~ standardized_Moffitt50_contrast	62	0.2936406069950413	0.06607604564730286	0.16146883679942656	0.425812377190656	4.443979722431034	3.8701259822847435e-05	0.13358451697752205	0.11914425892714742	0.13358451697752205	0.15418066689149457	0.03088016064774923	0.03103065180351627	2.9579666352525606	0.08889423221381368	0.14178135011128007	34.11396043813298	39.373673608794384	122_genus_tests_Phase_4B_assignment_entropy	relative_compositional_CLR_association_not_absolute_load	0.0003934628081989489	12	Phase_4B_assignment_entropy	MODERATE_RISK_ENVIRONMENTAL
Chelatococcus	secondary_or_sensitivity	Model_0	CLR_genus ~ standardized_Moffitt50_contrast	62	-0.054645359812720555	0.07715424505027046	-0.20897682814593108	0.09968610852048995	-0.7082612211047614	0.4815256392762529	0.0038289799043096373	-0.012773870430618395	0.0038289799043096373	0.0038436973441988227	0.10560024153262952	0.019687181321547505	2.6102845530477197	0.07126129626775714	0.14178135011128007	47.39005701572146	47.57221005201423	122_genus_tests_Phase_4B_assignment_entropy	relative_compositional_CLR_association_not_absolute_load	0.6930015876641418	83	Phase_4B_assignment_entropy	LOW_CURRENT_CONCERN
Bordetella	secondary_or_sensitivity	Model_0	CLR_genus ~ standardized_Moffitt50_contrast	62	0.21904667833079	0.19772927441596802	-0.1764707586319308	0.6145641152935108	1.1078110663066312	0.27236470126310675	0.036203981160040866	0.020140714179374908	0.036203981160040866	0.03756394553654266	6.3527716456622656e-09	0.19617778442417683	2.984874394836189	0.43955063842123626	0.14178135011128007	77.91695581353704	80.84382409808995	122_genus_tests_Phase_4B_assignment_entropy	relative_compositional_CLR_association_not_absolute_load	0.5139966025162243	64	Phase_4B_assignment_entropy	LOW_CURRENT_CONCERN
Kocuria	secondary_or_sensitivity	Model_0	CLR_genus ~ standardized_Moffitt50_contrast	62	-0.2526208087276416	0.15394092496126718	-0.5605485056465249	0.0553068881912418	-1.641024365620793	0.10602469652849636	0.02275990039059228	0.00647256539710217	0.02275990039059228	0.023289977969272	0.0307172264171916	0.10135965043229392	2.0651647556674964	0.0769357708952215	0.14178135011128007	167.14715910297394	171.0400127561086	122_genus_tests_Phase_4B_assignment_entropy	relative_compositional_CLR_association_not_absolute_load	0.2487502495476261	52	Phase_4B_assignment_entropy	LOW_CURRENT_CONCERN
Bosea	secondary_or_sensitivity	Model_0	CLR_genus ~ standardized_Moffitt50_contrast	62	0.0919200318649441	0.11985649888830004	-0.14782866181557702	0.3316687255454652	0.7669173780105887	0.4461378906808481	0.0045414233743382715	-0.012049552902756	0.0045414233743382715	0.0045621419926206086	0.21791721993077637	0.015557816973647198	3.0802938811037124	0.09535907962838702	0.14178135011128007	112.97474488406769	113.49015171180886	122_genus_tests_Phase_4B_assignment_entropy	relative_compositional_CLR_association_not_absolute_load	0.6930015876641418	78	Phase_4B_assignment_entropy	LOW_CURRENT_CONCERN
Phenylobacterium	secondary_or_sensitivity	Model_0	CLR_genus ~ standardized_Moffitt50_contrast	62	-0.34677406333032174	0.09279888823393387	-0.5323994773500044	-0.16114864931063907	-3.73683424370505	0.00041762837320682945	0.07862038265207205	0.06326405569627336	0.07862038265207205	0.08532897968632154	0.3131735464274608	0.08792752659619223	2.4046455869172787	0.061438303539214596	0.14178135011128007	85.96595597277272	93.30134328368868	122_genus_tests_Phase_4B_assignment_entropy	relative_compositional_CLR_association_not_absolute_load	0.002830592307290733	18	Phase_4B_assignment_entropy	LOW_CURRENT_CONCERN
Xanthomonas	secondary_or_sensitivity	Model_0	CLR_genus ~ standardized_Moffitt50_contrast	62	0.5641164458909846	0.20872494375304587	0.14660439550171805	0.9816284962802513	2.7026786341282825	0.008932481005693965	0.13232379265964367	0.11786252253730445	0.13232379265964367	0.1525036546354648	0.17597471085034108	0.6501215045693882	2.470860346574692	0.4415597228177749	0.14178135011128007	127.28789537802358	146.69976461402885	122_genus_tests_Phase_4B_assignment_entropy	relative_compositional_CLR_association_not_absolute_load	0.027942632889606762	39	Phase_4B_assignment_entropy	LOW_CURRENT_CONCERN
Azospira	secondary_or_sensitivity	Model_0	CLR_genus ~ standardized_Moffitt50_contrast	62	-0.15277759778193312	0.21788152055909718	-0.5886055288134504	0.2830503332495842	-0.7011957571706703	0.4858916039020178	0.01450869914820374	-0.001916155865992808	0.01450869914820374	0.014722300578060243	0.0063784896682069344	0.11419634724678422	2.1338561530471116	0.20722758037956082	0.14178135011128007	96.71047333097772	98.13427398840284	122_genus_tests_Phase_4B_assignment_entropy	relative_compositional_CLR_association_not_absolute_load	0.6930015876641418	84	Phase_4B_assignment_entropy	LOW_CURRENT_CONCERN
Deinococcus	secondary_or_sensitivity	Model_0	CLR_genus ~ standardized_Moffitt50_contrast	62	-0.06871735962766791	0.07940733415272293	-0.22755567718531816	0.09012095792998233	-0.8653779951295789	0.390278372684266	0.0038841138868228597	-0.012717817548396626	0.0038841138868228597	0.0038992590530591664	0.00749482303067733	0.024353630481862648	2.199877922435643	0.04679281642169481	0.14178135011128007	73.87213889780391	74.16018550417002	122_genus_tests_Phase_4B_assignment_entropy	relative_compositional_CLR_association_not_absolute_load	0.6506999461085221	73	Phase_4B_assignment_entropy	LOW_CURRENT_CONCERN
Hydrogenophaga	secondary_or_sensitivity	Model_0	CLR_genus ~ standardized_Moffitt50_contrast	62	0.2806260178129183	0.05752974952124958	0.16554938514453682	0.39570265048129977	4.877928726410747	8.248091034961382e-06	0.15217483361959927	0.13804441417992597	0.15217483361959927	0.1794884601848699	0.001956746304507469	0.15217652159681921	4.941712286616157	0.20150024635135025	0.14178135011128007	26.763885930816365	31.567694605102083	122_genus_tests_Phase_4B_assignment_entropy	relative_compositional_CLR_association_not_absolute_load	0.00015138444033544293	6	Phase_4B_assignment_entropy	LOW_CURRENT_CONCERN
Porphyrobacter	secondary_or_sensitivity	Model_0	CLR_genus ~ standardized_Moffitt50_contrast	62	-0.08869486693257002	0.19162161479339396	-0.47199516565465144	0.29460543178951143	-0.46286462530962724	0.645135829098874	0.015977497194887724	-0.00042287785186401194	0.015977497194887724	0.016236922579861063	5.315899387650639e-05	6.473929301084698e-05	4.456136949890635	1.2014647627593853	0.14178135011128007	29.554464047673893	30.034337592305263	122_genus_tests_Phase_4B_assignment_entropy	relative_compositional_CLR_association_not_absolute_load	0.7770417595880273	101	Phase_4B_assignment_entropy	LOW_CURRENT_CONCERN
Aromatoleum	secondary_or_sensitivity	Model_0	CLR_genus ~ standardized_Moffitt50_contrast	62	-0.27735575415314084	0.09860298176117269	-0.4745910838141264	-0.08012042449215531	-2.812853619629142	0.006627728583454121	0.04213804253641373	0.0261736765786873	0.04213804253641373	0.0439917695948538	0.00874965051444803	0.04565122728211978	2.1234427938832985	0.05661247157872805	0.14178135011128007	106.6676589573309	111.36015803340423	122_genus_tests_Phase_4B_assignment_entropy	relative_compositional_CLR_association_not_absolute_load	0.023735158694911808	34	Phase_4B_assignment_entropy	LOW_CURRENT_CONCERN
Microbacterium	secondary_or_sensitivity	Model_0	CLR_genus ~ standardized_Moffitt50_contrast	62	-0.1832879365526122	0.2137950584371635	-0.6109417263018818	0.2443658531966574	-0.8573067024675051	0.39468685255762814	0.016661467514354933	0.00027249197292755767	0.016661467514354933	0.016943775682458737	0.0176443860666952	0.853226798564724	2.819639504223564	0.5665905197813051	0.14178135011128007	120.94485711057172	122.99411963940028	122_genus_tests_Phase_4B_assignment_entropy	relative_compositional_CLR_association_not_absolute_load	0.6506999461085221	74	Phase_4B_assignment_entropy	LOW_CURRENT_CONCERN
Mitsuaria	secondary_or_sensitivity	Model_0	CLR_genus ~ standardized_Moffitt50_contrast	62	-0.06387735921532613	0.08870144761374209	-0.2413066716866064	0.11355195325595414	-0.7201388583136259	0.4742356561597175	0.0031636528730095703	-0.01345028624577349	0.0031636528730095703	0.0031736933370533904	0.0005227928482930488	0.01834817337065178	2.4433810360229433	0.0632502654258033	0.14178135011128007	78.42576827881106	78.67466761705082	122_genus_tests_Phase_4B_assignment_entropy	relative_compositional_CLR_association_not_absolute_load	0.6930015876641418	82	Phase_4B_assignment_entropy	LOW_CURRENT_CONCERN
Pandoraea	secondary_or_sensitivity	Model_0	CLR_genus ~ standardized_Moffitt50_contrast	62	-0.19074202551879624	0.0665198675886563	-0.32380157177706237	-0.05768247926053008	-2.8674444558173424	0.005701502546303195	0.053546831489559854	0.037772612014385865	0.053546831489559854	0.056576313832657626	0.03606412429574	0.04991249623384081	2.9167783889580736	0.0693953288199871	0.14178135011128007	39.22725939346619	41.446593131705995	122_genus_tests_Phase_4B_assignment_entropy	relative_compositional_CLR_association_not_absolute_load	0.022438171311257735	31	Phase_4B_assignment_entropy	LOW_CURRENT_CONCERN
Rhodococcus	secondary_or_sensitivity	Model_0	CLR_genus ~ standardized_Moffitt50_contrast	62	-0.0030341669250544506	0.16046999344275512	-0.32402194530724004	0.3179536114571312	-0.018908001801201776	0.9849772336854329	5.402607026194772e-06	-0.01666117401618994	5.402607026194772e-06	5.402636214515145e-06	0.0026523249294064534	0.5566104587301481	2.5964188505584342	0.2617111678326113	0.14178135011128007	103.94486735649338	103.94542893279804	122_genus_tests_Phase_4B_assignment_entropy	relative_compositional_CLR_association_not_absolute_load	0.9931175414018414	121	Phase_4B_assignment_entropy	LOW_CURRENT_CONCERN
Streptococcus	secondary_or_sensitivity	Model_0	CLR_genus ~ standardized_Moffitt50_contrast	62	-0.08074615942328525	0.12360979293542428	-0.3280025590116481	0.1665102401650776	-0.6532343231532499	0.51610071137118	0.0024917921511939944	-0.014133344646286128	0.0024917921511939944	0.002498016689574628	3.924286005317844e-05	0.8902860833337791	4.455043354910086	0.13039531942370508	0.14178135011128007	159.21289862397094	159.61061510192914	122_genus_tests_Phase_4B_assignment_entropy	relative_compositional_CLR_association_not_absolute_load	0.6930015876641418	90	Phase_4B_assignment_entropy	LOW_CURRENT_CONCERN
Rhizorhabdus	secondary_or_sensitivity	Model_0	CLR_genus ~ standardized_Moffitt50_contrast	62	0.3291891736999363	0.07597933418890822	0.17720787700376958	0.48117047039610295	4.332614614409094	5.699436758298422e-05	0.11875192621742758	0.10406445832105138	0.11875192621742758	0.13475425337125546	5.371676125388855e-07	0.6488728127361372	5.23127628092493	0.17275814160100691	0.14178135011128007	49.0544533592149	55.664749596170964	122_genus_tests_Phase_4B_assignment_entropy	relative_compositional_CLR_association_not_absolute_load	0.0005105326560248362	13	Phase_4B_assignment_entropy	LOW_CURRENT_CONCERN
Citromicrobium	secondary_or_sensitivity	Model_0	CLR_genus ~ standardized_Moffitt50_contrast	62	-0.031753510613164795	0.0721003263816794	-0.17597563644095537	0.1124686152146258	-0.4404073075213335	0.661224743372993	0.0010360666437759791	-0.015613332245494327	0.0010360666437759791	0.0010371411911690354	0.11351198913737374	0.12128001026441038	2.4336054272207486	0.0564493325646457	0.14178135011128007	59.30283372755062	59.36433913916251	122_genus_tests_Phase_4B_assignment_entropy	relative_compositional_CLR_association_not_absolute_load	0.7770417595880273	103	Phase_4B_assignment_entropy	LOW_CURRENT_CONCERN
Massilia	secondary_or_sensitivity	Model_0	CLR_genus ~ standardized_Moffitt50_contrast	62	-0.08283251038759933	0.2062287688409739	-0.4953514675368817	0.32968644676168307	-0.4016535173687271	0.6893661320921168	0.004849785959258557	-0.011736050941420384	0.004849785959258557	0.00487342100803689	8.873278446616783e-07	0.07948798900833903	2.2521322143905174	0.2392779689265474	0.14178135011128007	85.88109065758493	86.29962536898873	122_genus_tests_Phase_4B_assignment_entropy	relative_compositional_CLR_association_not_absolute_load	0.8009777915736978	105	Phase_4B_assignment_entropy	LOW_CURRENT_CONCERN
Candida	secondary_or_sensitivity	Model_0	CLR_genus ~ standardized_Moffitt50_contrast	62	0.5114699669932387	0.3351453470802614	-0.15892054082962148	1.1818604748160988	1.5261138829737375	0.13223600552202158	0.05009370992189077	0.034261938420589	0.05009370992189077	0.05273542289921214	1.6413011675873915e-06	0.5190544793424421	3.1831333680248473	0.32468545024292417	0.14178135011128007	302.5991312480494	318.5568244033494	122_genus_tests_Phase_4B_assignment_entropy	relative_compositional_CLR_association_not_absolute_load	0.29332350315793876	55	Phase_4B_assignment_entropy	LOW_CURRENT_CONCERN
Ramlibacter	secondary_or_sensitivity	Model_0	CLR_genus ~ standardized_Moffitt50_contrast	62	0.30630876381261873	0.052844401692430966	0.2006042222016024	0.41201330542363507	5.796427890231787	2.6807102848215436e-07	0.15692900505999752	0.1428778218109975	0.15692900505999752	0.1861397272612438	0.1004186411447793	0.04293492906294384	2.6959488704532313	0.06298439042065948	0.14178135011128007	30.747485613647097	36.47081419974039	122_genus_tests_Phase_4B_assignment_entropy	relative_compositional_CLR_association_not_absolute_load	1.0901555158274277e-05	3	Phase_4B_assignment_entropy	LOW_CURRENT_CONCERN
Caulobacter	secondary_or_sensitivity	Model_0	CLR_genus ~ standardized_Moffitt50_contrast	62	0.13271500893513347	0.04209436945694838	0.048513733391336036	0.2169162844789309	3.152797170910625	0.0025250471760823435	0.09269476054085912	0.07757300654987354	0.09269476054085912	0.10216491265510155	0.013778394313765175	0.21695652643238816	4.274078490764921	0.16273474987775835	0.14178135011128007	10.516425468134164	11.590835157529973	122_genus_tests_Phase_4B_assignment_entropy	relative_compositional_CLR_association_not_absolute_load	0.011303323306394816	27	Phase_4B_assignment_entropy	HIGH_RISK_POTENTIAL_CONTAMINANT
Bacteroides	secondary_or_sensitivity	Model_0	CLR_genus ~ standardized_Moffitt50_contrast	62	-0.3218645245750886	0.2485000122856506	-0.8189385579205923	0.1752095087704152	-1.295229411116107	0.2002026636817993	0.02171154159819888	0.00540673395816893	0.02171154159819888	0.022193394404006705	0.0619781222384875	0.1721720259578038	2.419981773575918	0.1322962872473915	0.14178135011128007	284.74252238927505	291.0619254922519	122_genus_tests_Phase_4B_assignment_entropy	relative_compositional_CLR_association_not_absolute_load	0.41880604540738453	57	Phase_4B_assignment_entropy	LOW_CURRENT_CONCERN
Enterococcus	secondary_or_sensitivity	Model_0	CLR_genus ~ standardized_Moffitt50_contrast	62	-0.10826696198150211	0.09331437347771207	-0.2949235000115948	0.07838957604859058	-1.1602388565290152	0.2505474748452548	0.007209840345735574	-0.00933666231516872	0.007209840345735574	0.007262199645740219	0.00032737303738799434	0.030026725460825833	2.9462541011473267	0.08455848402073168	0.14178135011128007	98.45857637338891	99.17360221184784	122_genus_tests_Phase_4B_assignment_entropy	relative_compositional_CLR_association_not_absolute_load	0.49105965560502307	62	Phase_4B_assignment_entropy	LOW_CURRENT_CONCERN
Laribacter	secondary_or_sensitivity	Model_0	CLR_genus ~ standardized_Moffitt50_contrast	62	-0.055760429742098876	0.08244449249808826	-0.22067396852309581	0.10915310903889805	-0.676339050099579	0.501424365080144	0.0033478439104148716	-0.013263025357744818	0.0033478439104148716	0.003359089618137491	0.08823044395495014	0.010434098272760184	2.4444718802024896	0.06330155907131844	0.14178135011128007	56.46254747189519	56.65221022892163	122_genus_tests_Phase_4B_assignment_entropy	relative_compositional_CLR_association_not_absolute_load	0.6930015876641418	87	Phase_4B_assignment_entropy	LOW_CURRENT_CONCERN
Variovorax	secondary_or_sensitivity	Model_0	CLR_genus ~ standardized_Moffitt50_contrast	62	0.3012305877116525	0.050092928875724335	0.20102981118322588	0.40143136424007914	6.013435318565145	1.1667915776523672e-07	0.20190996285400742	0.18860846223490757	0.20190996285400742	0.2529914589286779	0.05393835370635151	0.0410394705349664	2.816379022780648	0.0680554437219706	0.14178135011128007	21.87873024962477	27.413862134984342	122_genus_tests_Phase_4B_assignment_entropy	relative_compositional_CLR_association_not_absolute_load	7.11742862367944e-06	2	Phase_4B_assignment_entropy	LOW_CURRENT_CONCERN
Pseudomonas	secondary_or_sensitivity	Model_0	CLR_genus ~ standardized_Moffitt50_contrast	62	0.025597464113092924	0.049488788856167754	-0.07339485245002302	0.12458978067620886	0.5172376351235504	0.6068919316561325	0.0025937174657749695	-0.014029720576462124	0.0025937174657749695	0.002600462330340263	0.09122489510077528	0.09549582407530974	3.8341818740587366	0.13729853158265157	0.14178135011128007	15.369974732552182	15.409943772862464	122_genus_tests_Phase_4B_assignment_entropy	relative_compositional_CLR_association_not_absolute_load	0.7712584964796685	96	Phase_4B_assignment_entropy	BIOLOGICALLY_PLAUSIBLE_BUT_CONTAMINATION_SENSITIVE
Methylobacterium	secondary_or_sensitivity	Model_0	CLR_genus ~ standardized_Moffitt50_contrast	62	-0.2086703595561163	0.2523316620724609	-0.713408833624898	0.2960681145126655	-0.8269685930107076	0.4115316648231747	0.02829425920594686	0.012099163526046008	0.02829425920594686	0.029118135272953632	2.6245253484016394e-06	0.05604944022328593	2.5729159302678064	0.4176954848484979	0.14178135011128007	91.21952458477548	93.8756670411695	122_genus_tests_Phase_4B_assignment_entropy	relative_compositional_CLR_association_not_absolute_load	0.6606166198477278	76	Phase_4B_assignment_entropy	BIOLOGICALLY_PLAUSIBLE_BUT_CONTAMINATION_SENSITIVE
Elizabethkingia	secondary_or_sensitivity	Model_0	CLR_genus ~ standardized_Moffitt50_contrast	62	0.06645689940213691	0.14226643580718243	-0.21811834228870164	0.3510321410929754	0.46712985410141117	0.6420989757232249	0.0013244002650653064	-0.01532019306385024	0.0013244002650653064	0.0013261566272539597	1.9811924138375086e-06	0.576991043433414	4.969481450477568	0.16247807995525543	0.14178135011128007	203.14922282203094	203.4186305101978	122_genus_tests_Phase_4B_assignment_entropy	relative_compositional_CLR_association_not_absolute_load	0.7770417595880273	100	Phase_4B_assignment_entropy	HIGH_RISK_POTENTIAL_CONTAMINANT
Tessaracoccus	secondary_or_sensitivity	Model_0	CLR_genus ~ standardized_Moffitt50_contrast	62	0.1487556954248515	0.06224330795888926	0.02425054207972248	0.2732608487699805	2.3899066470423187	0.0200105577629486	0.058255214874864514	0.04255946845611236	0.058255214874864514	0.061858813337759846	0.5397071883337468	0.1384428407529483	3.512428541521935	0.11903996128888567	0.14178135011128007	21.821040517394582	23.17086418959579	122_genus_tests_Phase_4B_assignment_entropy	relative_compositional_CLR_association_not_absolute_load	0.058125905882850694	42	Phase_4B_assignment_entropy	LOW_CURRENT_CONCERN
Agrobacterium	secondary_or_sensitivity	Model_0	CLR_genus ~ standardized_Moffitt50_contrast	62	0.20085540452541686	0.07626645752365432	0.048299775648108056	0.35341103340272567	2.6336008128228694	0.010730304369946193	0.06142191164888566	0.045778943509700465	0.06142191164888566	0.0654414506488119	0.026789836950513953	0.0914594734623831	3.578501282645201	0.1227544287475872	0.14178135011128007	37.604858705800716	40.06577521095193	122_genus_tests_Phase_4B_assignment_entropy	relative_compositional_CLR_association_not_absolute_load	0.03272742832833589	40	Phase_4B_assignment_entropy	LOW_CURRENT_CONCERN
Azospirillum	secondary_or_sensitivity	Model_0	CLR_genus ~ standardized_Moffitt50_contrast	62	-0.3105001430347726	0.09877287913394533	-0.5080753180404811	-0.11292496802906399	-3.1435769186570446	0.0025942053490086462	0.05905927126222965	0.043376925783266906	0.05905927126222965	0.06276619712429178	0.32668087234974696	0.11875118002178948	2.3758458953947206	0.09066218329301624	0.14178135011128007	93.69741895714415	99.57844962544563	122_genus_tests_Phase_4B_assignment_entropy	relative_compositional_CLR_association_not_absolute_load	0.011303323306394816	28	Phase_4B_assignment_entropy	LOW_CURRENT_CONCERN
Clostridium	secondary_or_sensitivity	Model_0	CLR_genus ~ standardized_Moffitt50_contrast	62	0.251011685910093	0.2352617412512448	-0.21958186271805435	0.7216052345382403	1.066946476614012	0.29027036786444643	0.015782985009411	-0.0006206319070987121	0.015782985009411	0.016036082255255376	8.418634948376964e-10	0.6238156650452541	3.935919582371668	0.21284505364512055	0.14178135011128007	239.6731815845766	243.51660043884561	122_genus_tests_Phase_4B_assignment_entropy	relative_compositional_CLR_association_not_absolute_load	0.5285520131263054	67	Phase_4B_assignment_entropy	LOW_CURRENT_CONCERN
Ensifer	secondary_or_sensitivity	Model_0	CLR_genus ~ standardized_Moffitt50_contrast	62	-0.18916516581532647	0.1029731385672136	-0.3951421106172964	0.01681177898664349	-1.837034089155715	0.07115886607075288	0.021209780846049298	0.004896610526816891	0.021209780846049298	0.02166938372594555	0.06409013025159814	0.0770863086613484	2.3723703632641495	0.09042020757693713	0.14178135011128007	100.73157063625946	102.91436169369379	122_genus_tests_Phase_4B_assignment_entropy	relative_compositional_CLR_association_not_absolute_load	0.17717105429860922	49	Phase_4B_assignment_entropy	LOW_CURRENT_CONCERN
Roseomonas	secondary_or_sensitivity	Model_0	CLR_genus ~ standardized_Moffitt50_contrast	62	0.06235636113633146	0.1397838306326499	-0.2172529308309683	0.34196565310363125	0.44609137447522934	0.6571369757804386	0.003530031246478771	-0.01307780156607996	0.003530031246478771	0.0035425365110545856	0.001191036613558532	0.5483804266799613	2.739698654834495	0.45111373842684316	0.14178135011128007	66.95407696827033	67.19126423049438	122_genus_tests_Phase_4B_assignment_entropy	relative_compositional_CLR_association_not_absolute_load	0.7770417595880273	102	Phase_4B_assignment_entropy	LOW_CURRENT_CONCERN
Croceicoccus	secondary_or_sensitivity	Model_0	CLR_genus ~ standardized_Moffitt50_contrast	62	-0.20809957732655024	0.2771382184680966	-0.7624585521251961	0.34625939747209555	-0.7508873315157941	0.4556553988689933	0.021208568526520533	0.0048953780019626025	0.021208568526520533	0.021668118298290583	1.3636249330622786e-05	0.015471842718080164	2.375026043747164	0.27206520094273706	0.14178135011128007	121.91328488829801	124.55491636739086	122_genus_tests_Phase_4B_assignment_entropy	relative_compositional_CLR_association_not_absolute_load	0.6930015876641418	79	Phase_4B_assignment_entropy	LOW_CURRENT_CONCERN
Rhodobacter	secondary_or_sensitivity	Model_0	CLR_genus ~ standardized_Moffitt50_contrast	62	-0.33978405818260765	0.12155775592637161	-0.5829357726110698	-0.09663234375414553	-2.7952478687449385	0.006954828411111293	0.046419873259907374	0.030526871147572576	0.046419873259907374	0.048679572862532564	0.0014202963818865464	0.016884176881952605	1.9239332043580324	0.06120181433573374	0.14178135011128007	144.67352862329867	151.71617420119622	122_genus_tests_Phase_4B_assignment_entropy	relative_compositional_CLR_association_not_absolute_load	0.023735158694911808	35	Phase_4B_assignment_entropy	LOW_CURRENT_CONCERN
Micrococcus	secondary_or_sensitivity	Model_0	CLR_genus ~ standardized_Moffitt50_contrast	62	-0.18751474332054524	0.2800127266937238	-0.7476235906622752	0.3725941040211847	-0.6696650739223282	0.5056403420719757	0.009674233757369088	-0.0068311956800080065	0.009674233757369088	0.009768738820230686	0.001389213579438519	0.47926486904677523	2.2335309005519584	0.31161751976896235	0.14178135011128007	219.56452682252456	221.70939533924133	122_genus_tests_Phase_4B_assignment_entropy	relative_compositional_CLR_association_not_absolute_load	0.6930015876641418	89	Phase_4B_assignment_entropy	LOW_CURRENT_CONCERN
Bradyrhizobium	secondary_or_sensitivity	Model_0	CLR_genus ~ standardized_Moffitt50_contrast	62	0.10842823111146829	0.09965979397638378	-0.09092103772188204	0.3077774999448186	1.0879836971884806	0.28095341348268427	0.011967880675331166	-0.00449932131341324	0.011967880675331166	0.01211284576812275	0.8161158046072815	0.18146745536649636	2.400459277169016	0.09087962986259987	0.14178135011128007	59.20636431341484	59.92352187283451	122_genus_tests_Phase_4B_assignment_entropy	relative_compositional_CLR_association_not_absolute_load	0.5193381279528406	66	Phase_4B_assignment_entropy	BIOLOGICALLY_PLAUSIBLE_BUT_CONTAMINATION_SENSITIVE
Aquabacterium	secondary_or_sensitivity	Model_0	CLR_genus ~ standardized_Moffitt50_contrast	62	-0.11965690629065039	0.237501175663266	-0.5947299906957075	0.3554161781144068	-0.5038160588320724	0.616235575922452	0.012138118523619568	-0.004326246167653425	0.012138118523619568	0.012287262775519685	3.0085387929772755e-05	0.0036295841699657467	3.486005070895552	0.655701871354797	0.14178135011128007	71.08045986825314	71.95384415685915	122_genus_tests_Phase_4B_assignment_entropy	relative_compositional_CLR_association_not_absolute_load	0.7740233751619038	97	Phase_4B_assignment_entropy	LOW_CURRENT_CONCERN
Prevotella	secondary_or_sensitivity	Model_0	CLR_genus ~ standardized_Moffitt50_contrast	62	0.015835148208630984	0.14281530445341098	-0.26983799423983046	0.3015082906570924	0.11087851031957646	0.9120827545684694	6.457514190583158e-05	-0.01660101527239566	6.457514190583158e-05	6.457931212407617e-05	3.749330216474039e-08	0.6443577408672396	5.3729323230032	0.17019060639338385	0.14178135011128007	236.85397913050653	236.86927499755265	122_genus_tests_Phase_4B_assignment_entropy	relative_compositional_CLR_association_not_absolute_load	0.9350764374567502	119	Phase_4B_assignment_entropy	LOW_CURRENT_CONCERN
Sulfuritalea	secondary_or_sensitivity	Model_0	CLR_genus ~ standardized_Moffitt50_contrast	62	0.00883649554423857	0.06036186810792245	-0.11190521776475072	0.12957820885322785	0.14639201570832078	0.8841026837336654	0.0001284437316895204	-0.016536082206115577	0.0001284437316895204	0.00012846023160104092	0.20182668013378133	0.11706172401878003	2.7287594989677926	0.07713551839987716	0.14178135011128007	37.07842344931168	37.08318655217538	122_genus_tests_Phase_4B_assignment_entropy	relative_compositional_CLR_association_not_absolute_load	0.9218848497051896	117	Phase_4B_assignment_entropy	LOW_CURRENT_CONCERN
Escherichia	secondary_or_sensitivity	Model_0	CLR_genus ~ standardized_Moffitt50_contrast	62	0.19055914392062023	0.2615321720746785	-0.3325830902670178	0.7137013781082583	0.7286260134229587	0.46906491222452373	0.007589834230486647	-0.008950335199005233	0.007589834230486647	0.0076478803747455585	8.134481657992324e-08	0.800368256829811	2.8934576226320696	0.2572090125948507	0.14178135011128007	289.6331949113421	291.84827493857944	122_genus_tests_Phase_4B_assignment_entropy	relative_compositional_CLR_association_not_absolute_load	0.6930015876641418	81	Phase_4B_assignment_entropy	LOW_CURRENT_CONCERN
Moraxella	secondary_or_sensitivity	Model_0	CLR_genus ~ standardized_Moffitt50_contrast	62	0.10167807005233817	0.20730486865650513	-0.3129934072142213	0.5163495473188976	0.49047603518089183	0.6255860473372806	0.005473256230153045	-0.011102189499344384	0.005473256230153045	0.005503377626031608	0.022275282469979996	0.2966382303365002	2.1459408110574216	0.2748979338763287	0.14178135011128007	114.59221382894472	115.22285805464834	122_genus_tests_Phase_4B_assignment_entropy	relative_compositional_CLR_association_not_absolute_load	0.7740233751619038	98	Phase_4B_assignment_entropy	LOW_CURRENT_CONCERN
Shinella	secondary_or_sensitivity	Model_0	CLR_genus ~ standardized_Moffitt50_contrast	62	0.06412221739751091	0.24256104857569113	-0.4210721197739392	0.549316554568961	0.264354964550302	0.7924123630259264	0.002887174721948438	-0.013731372366019068	0.002887174721948438	0.0028955346363570542	2.131322270991115e-09	0.42163351365322976	5.436427327213509	1.1649519148852956	0.14178135011128007	86.61999115919895	86.87080234380133	122_genus_tests_Phase_4B_assignment_entropy	relative_compositional_CLR_association_not_absolute_load	0.8788573480833002	110	Phase_4B_assignment_entropy	LOW_CURRENT_CONCERN
Cutibacterium	secondary_or_sensitivity	Model_0	CLR_genus ~ standardized_Moffitt50_contrast	62	0.30591327711837624	0.09487961235257242	0.11612579517596835	0.49570075906078415	3.2242256216393805	0.002044995599418239	0.12294505713355475	0.10832747475244742	0.12294505713355475	0.1401794244859257	0.7353875086837556	0.1998638627847082	2.5159434110074588	0.10883868752987837	0.14178135011128007	40.723229825563465	46.431788745719025	122_genus_tests_Phase_4B_assignment_entropy	relative_compositional_CLR_association_not_absolute_load	0.009979578525161006	25	Phase_4B_assignment_entropy	LOW_CURRENT_CONCERN
Chryseobacterium	secondary_or_sensitivity	Model_0	CLR_genus ~ standardized_Moffitt50_contrast	62	-0.18491325077573983	0.0786665027905761	-0.3422696849732079	-0.027556816578271748	-2.3505970675728527	0.022048238795438442	0.018178557709137122	0.0018148670042894555	0.018178557709137122	0.018515136180690332	1.9068916578663774e-07	0.5348897962775494	5.147423947660947	0.17065154766907265	0.14178135011128007	112.65202203777523	114.73778956683478	122_genus_tests_Phase_4B_assignment_entropy	relative_compositional_CLR_association_not_absolute_load	0.06113375302371568	44	Phase_4B_assignment_entropy	LOW_CURRENT_CONCERN
Aminobacter	secondary_or_sensitivity	Model_0	CLR_genus ~ standardized_Moffitt50_contrast	62	-0.11102568310417982	0.08681281704399324	-0.2846771719602019	0.06262580575184229	-1.2789088856305224	0.2058535373263451	0.008917299385238109	-0.007600745625007788	0.008917299385238109	0.00899753308145402	0.028876655914342755	0.07114394796933497	2.428790643646885	0.05635166263579194	0.14178135011128007	83.57055584309317	84.3224846839269	122_genus_tests_Phase_4B_assignment_entropy	relative_compositional_CLR_association_not_absolute_load	0.41880604540738453	59	Phase_4B_assignment_entropy	LOW_CURRENT_CONCERN
Sphingopyxis	secondary_or_sensitivity	Model_0	CLR_genus ~ standardized_Moffitt50_contrast	62	0.20045511664575033	0.044333249502795095	0.11177541422249453	0.2891348190690061	4.52155253435939	2.9482263696741817e-05	0.19475254021506572	0.18133174921865014	0.19475254021506572	0.24185427454447392	0.6463718312361374	0.22216045172129711	3.282379692765947	0.11755445834997981	0.14178135011128007	10.134687450836896	12.585804931994035	122_genus_tests_Phase_4B_assignment_entropy	relative_compositional_CLR_association_not_absolute_load	0.0003727108186240474	9	Phase_4B_assignment_entropy	MODERATE_RISK_ENVIRONMENTAL
Thiomonas	secondary_or_sensitivity	Model_0	CLR_genus ~ standardized_Moffitt50_contrast	62	-0.07117659981648737	0.22406491379384014	-0.5193731588681187	0.377019959235144	-0.317660621698122	0.7518452795282071	0.0027813672196217443	-0.013838943326717867	0.0027813672196217443	0.0027891247999116526	0.00035895107337866457	0.20538003860110807	2.397659659966131	0.23085760555767926	0.14178135011128007	110.79913313933874	111.10816574938634	122_genus_tests_Phase_4B_assignment_entropy	relative_compositional_CLR_association_not_absolute_load	0.8554474241777411	107	Phase_4B_assignment_entropy	LOW_CURRENT_CONCERN
Flavobacterium	secondary_or_sensitivity	Model_0	CLR_genus ~ standardized_Moffitt50_contrast	62	0.171401699929721	0.05225324736632968	0.06687964302967939	0.27592375682976267	3.280211442708665	0.0017302047801318232	0.11558271667335374	0.10084242861790971	0.11558271667335374	0.13068798954109198	0.24390432172514476	0.15098398791587908	3.7577790397174824	0.13292739506655496	0.14178135011128007	13.712745244299573	15.504836351366256	122_genus_tests_Phase_4B_assignment_entropy	relative_compositional_CLR_association_not_absolute_load	0.009177607964177497	23	Phase_4B_assignment_entropy	LOW_CURRENT_CONCERN
Verminephrobacter	secondary_or_sensitivity	Model_0	CLR_genus ~ standardized_Moffitt50_contrast	62	0.04197320264008005	0.06022730490706406	-0.07849934419130894	0.16244574947146903	0.696913180904381	0.4885485883583115	0.0031574424224004582	-0.013456600203892721	0.0031574424224004582	0.003167443442696984	0.05322885043709056	0.07105570028691269	2.574228170012578	0.06950361596383176	0.14178135011128007	33.92854081721638	34.036007551348156	122_genus_tests_Phase_4B_assignment_entropy	relative_compositional_CLR_association_not_absolute_load	0.6930015876641418	86	Phase_4B_assignment_entropy	LOW_CURRENT_CONCERN
Citrobacter	secondary_or_sensitivity	Model_0	CLR_genus ~ standardized_Moffitt50_contrast	62	0.23051552794005067	0.2893489752714014	-0.34826859709739155	0.809299652977493	0.7966695846212465	0.4287841189190674	0.012291528257319273	-0.004170279605058669	0.012291528257319273	0.012444490058521518	4.2915211027526005e-05	0.5307791441269964	1.744339365020221	0.1420528719268625	0.14178135011128007	260.4672357539236	263.7086176798339	122_genus_tests_Phase_4B_assignment_entropy	relative_compositional_CLR_association_not_absolute_load	0.6793722403652757	77	Phase_4B_assignment_entropy	LOW_CURRENT_CONCERN
Sphingobium	secondary_or_sensitivity	Model_0	CLR_genus ~ standardized_Moffitt50_contrast	62	0.2559191209172118	0.05261870771177558	0.15066603448414218	0.36117220735028144	4.86365272060719	8.68599247826312e-06	0.14642940373895363	0.13220322713460286	0.14642940373895363	0.17154925952272532	0.036341179706240054	0.0015939144650300129	2.002382600656183	0.04254698384069102	0.14178135011128007	23.288764956657236	27.283935340170583	122_genus_tests_Phase_4B_assignment_entropy	relative_compositional_CLR_association_not_absolute_load	0.00015138444033544293	7	Phase_4B_assignment_entropy	LOW_CURRENT_CONCERN
Methylorubrum	secondary_or_sensitivity	Model_0	CLR_genus ~ standardized_Moffitt50_contrast	62	-0.38440820565082495	0.30065349880329584	-0.9858047444880245	0.21698833318637462	-1.2785755269135453	0.2059701862659268	0.042629079106640044	0.026672897091750802	0.042629079106640044	0.04452723409110985	0.1858122704857473	0.12637126359687897	2.820953127414884	0.567055815076529	0.14178135011128007	202.43677755570667	211.45072733857955	122_genus_tests_Phase_4B_assignment_entropy	relative_compositional_CLR_association_not_absolute_load	0.41880604540738453	60	Phase_4B_assignment_entropy	LOW_CURRENT_CONCERN
Ralstonia	secondary_or_sensitivity	Model_0	CLR_genus ~ standardized_Moffitt50_contrast	62	0.02586911271466126	0.07916667552199055	-0.13248781590808606	0.1842260413374086	0.32676770300245156	0.7449807962574049	0.000713474672085268	-0.015941300750046627	0.000713474672085268	0.0007139840816437929	1.9090670546413578e-09	0.17502137600092293	4.470432300309915	0.174160345387756	0.14178135011128007	57.17476285646347	57.21558472701474	122_genus_tests_Phase_4B_assignment_entropy	relative_compositional_CLR_association_not_absolute_load	0.8554474241777411	106	Phase_4B_assignment_entropy	HIGH_RISK_POTENTIAL_CONTAMINANT
Erythrobacter	secondary_or_sensitivity	Model_0	CLR_genus ~ standardized_Moffitt50_contrast	62	0.20126711122919738	0.046539574664758145	0.10817410138981164	0.2943601210685831	4.324644405949113	5.858571462580088e-05	0.15111543324801124	0.13696735713547814	0.15111543324801124	0.1780164691015773	0.9635235913234039	0.09779225488419348	2.747549669560857	0.06446713641761842	0.14178135011128007	13.88082499493537	16.35184044875069	122_genus_tests_Phase_4B_assignment_entropy	relative_compositional_CLR_association_not_absolute_load	0.0005105326560248362	14	Phase_4B_assignment_entropy	LOW_CURRENT_CONCERN
Xanthobacter	secondary_or_sensitivity	Model_0	CLR_genus ~ standardized_Moffitt50_contrast	62	0.0005935198559555196	0.197120917183341	-0.3937070214593348	0.3948940611712458	0.0030109430517893253	0.9976076073515335	2.1570398300863047e-07	-0.016666447367617243	2.1570398300863047e-07	2.157040295368488e-07	0.027874691139620725	0.7110942560409401	2.087199723618457	0.3407845688107196	0.14178135011128007	99.6189781152141	99.61899960342909	122_genus_tests_Phase_4B_assignment_entropy	relative_compositional_CLR_association_not_absolute_load	0.9976076073515335	122	Phase_4B_assignment_entropy	LOW_CURRENT_CONCERN
Paucibacter	secondary_or_sensitivity	Model_0	CLR_genus ~ standardized_Moffitt50_contrast	62	-0.1804581873898352	0.08810966375144222	-0.3567037558902539	-0.004212618889416542	-2.048108910038615	0.044932905096806905	0.03028967681777528	0.01412783809807161	0.03028967681777528	0.031235799076961404	0.02503080740837889	0.015602559039278378	2.5663732289262864	0.06912262975638432	0.14178135011128007	63.59608717750627	65.58256177866377	122_genus_tests_Phase_4B_assignment_entropy	relative_compositional_CLR_association_not_absolute_load	0.11663434940022219	47	Phase_4B_assignment_entropy	LOW_CURRENT_CONCERN
Streptomyces	secondary_or_sensitivity	Model_0	CLR_genus ~ standardized_Moffitt50_contrast	62	-0.2669649410198926	0.0766868672841448	-0.420361514625464	-0.11356836741432116	-3.4812341470504724	0.000936955860369063	0.0640138061704677	0.04841403627330887	0.0640138061704677	0.06839182735010117	0.020198365098679956	0.0075864361537638135	2.5279335896812896	0.06726831814282451	0.14178135011128007	63.5673476233359	67.91483468709495	122_genus_tests_Phase_4B_assignment_entropy	relative_compositional_CLR_association_not_absolute_load	0.005715430748251285	20	Phase_4B_assignment_entropy	LOW_CURRENT_CONCERN
Collimonas	secondary_or_sensitivity	Model_0	CLR_genus ~ standardized_Moffitt50_contrast	62	-0.12109014604358272	0.08192506553460316	-0.28496467620082494	0.04278438411365949	-1.4780598007875523	0.14462235044387883	0.011932471116069543	-0.0045353210319958315	0.011932471116069543	0.012076574492380941	0.029025863056802666	0.08133147213063364	2.1626671753576736	0.05219565146464804	0.14178135011128007	74.06340532777138	74.95783755937161	122_genus_tests_Phase_4B_assignment_entropy	relative_compositional_CLR_association_not_absolute_load	0.3150701206098789	56	Phase_4B_assignment_entropy	LOW_CURRENT_CONCERN
Bacillus	secondary_or_sensitivity	Model_0	CLR_genus ~ standardized_Moffitt50_contrast	62	-0.20573660242636616	0.12892838803839615	-0.4636317762153793	0.05215857136264701	-1.5957432304598096	0.11580040131380459	0.016903569575055566	0.0005186290679731753	0.016903569575055566	0.017194213153382095	1.209384922657616e-07	0.3167643452767162	6.765212017264703	0.3006957877571712	0.14178135011128007	150.16566918310744	152.74764970736206	122_genus_tests_Phase_4B_assignment_entropy	relative_compositional_CLR_association_not_absolute_load	0.26655941434498415	53	Phase_4B_assignment_entropy	LOW_CURRENT_CONCERN
Polaromonas	secondary_or_sensitivity	Model_0	CLR_genus ~ standardized_Moffitt50_contrast	62	0.027701259199509977	0.17114039730473554	-0.31463050478780763	0.3700330231868276	0.16186277252929732	0.8719577673302459	0.0006645793024370183	-0.01599101104252232	0.0006645793024370183	0.0006650212618032934	0.0006955088280157465	0.37065996802280743	2.807406673913556	0.17415732262806058	0.14178135011128007	70.38714116993089	70.43395011536644	122_genus_tests_Phase_4B_assignment_entropy	relative_compositional_CLR_association_not_absolute_load	0.9218848497051896	115	Phase_4B_assignment_entropy	LOW_CURRENT_CONCERN
Ochrobactrum	secondary_or_sensitivity	Model_0	CLR_genus ~ standardized_Moffitt50_contrast	62	-0.5337567923166485	0.17881878822603808	-0.8914476249404217	-0.17606595969287536	-2.984903306927383	0.004100059029392539	0.05864535850329644	0.04295611447835146	0.05864535850329644	0.062298899817451854	2.033198791262514e-06	0.003716660603659516	2.301250232936286	0.056694244086384356	0.14178135011128007	278.95637266334666	296.33504777734026	122_genus_tests_Phase_4B_assignment_entropy	relative_compositional_CLR_association_not_absolute_load	0.016673573386196325	30	Phase_4B_assignment_entropy	LOW_CURRENT_CONCERN
Fusarium	secondary_or_sensitivity	Model_0	CLR_genus ~ standardized_Moffitt50_contrast	62	0.16316581819554343	0.18485908996600808	-0.20660741684300066	0.5329390532340875	0.8826496886117225	0.3809482910550106	0.008885286586893582	-0.007633291969991518	0.008885286586893582	0.008964942671767305	2.096743071355222e-06	0.24785894436221695	2.7336583150600426	0.1763410881749404	0.14178135011128007	181.15097857648078	182.77498671435345	122_genus_tests_Phase_4B_assignment_entropy	relative_compositional_CLR_association_not_absolute_load	0.6454957153987679	72	Phase_4B_assignment_entropy	LOW_CURRENT_CONCERN
Serratia	secondary_or_sensitivity	Model_0	CLR_genus ~ standardized_Moffitt50_contrast	62	0.40212802359256783	0.2264964466524539	-0.05093232534030473	0.8551883725254403	1.7754275156890684	0.08089894154013386	0.06028764258875352	0.04462576996523282	0.06028764258875352	0.06415542172376672	0.026626638331594805	0.770122020184598	1.912034628448108	0.20737076251421407	0.14178135011128007	153.75354917528554	163.6176729641519	122_genus_tests_Phase_4B_assignment_entropy	relative_compositional_CLR_association_not_absolute_load	0.1973934173579266	50	Phase_4B_assignment_entropy	LOW_CURRENT_CONCERN
Candidatus Accumulibacter	secondary_or_sensitivity	Model_0	CLR_genus ~ standardized_Moffitt50_contrast	62	-0.09713955917078444	0.1691986345849925	-0.4355872194189316	0.24130810107736272	-0.5741155028174233	0.5680357934290698	0.006215599246985781	-0.010347474098897802	0.006215599246985781	0.006254474554315879	0.09363696423400987	0.7658858895609405	3.0266355292102567	0.2472774865055345	0.14178135011128007	92.03038981305704	92.60599154436657	122_genus_tests_Phase_4B_assignment_entropy	relative_compositional_CLR_association_not_absolute_load	0.7372379446632609	94	Phase_4B_assignment_entropy	LOW_CURRENT_CONCERN
Methylibium	secondary_or_sensitivity	Model_0	CLR_genus ~ standardized_Moffitt50_contrast	62	-0.44191658034029796	0.14303842810783865	-0.7280360365487509	-0.155797124131845	-3.08949550261508	0.003036916231362612	0.1279316116890734	0.113397138550558	0.1279316116890734	0.1466990587021035	0.020121686376926365	0.8794970624677947	2.5708868990627964	0.36702413860500516	0.14178135011128007	81.20506162858321	93.11776773134268	122_genus_tests_Phase_4B_assignment_entropy	relative_compositional_CLR_association_not_absolute_load	0.012775992421594438	29	Phase_4B_assignment_entropy	LOW_CURRENT_CONCERN
Novosphingobium	secondary_or_sensitivity	Model_0	CLR_genus ~ standardized_Moffitt50_contrast	62	0.1582363111193581	0.03903764737433616	0.08014939009991277	0.2363232321388034	4.053428466167882	0.00014748906313587348	0.09448401428119269	0.07939208118587926	0.09448401428119269	0.10434273471847144	0.2757441634244354	0.11333017561317082	3.381891718393742	0.08411296394110689	0.14178135011128007	14.637938555831447	16.16530109538785	122_genus_tests_Phase_4B_assignment_entropy	relative_compositional_CLR_association_not_absolute_load	0.0011246041064110351	16	Phase_4B_assignment_entropy	MODERATE_RISK_ENVIRONMENTAL
Pseudoxanthomonas	secondary_or_sensitivity	Model_0	CLR_genus ~ standardized_Moffitt50_contrast	62	-0.005367024829300712	0.10959067745357101	-0.22458101825274607	0.21384696859414465	-0.048973370308569325	0.9611031785023432	1.6114073626671832e-05	-0.016650284025146123	1.6114073626671832e-05	1.611433329422498e-05	9.126825928229625e-07	0.4843655055781878	3.535853590785616	0.1153459576061156	0.14178135011128007	109.03971356124609	109.04147066353273	122_genus_tests_Phase_4B_assignment_entropy	relative_compositional_CLR_association_not_absolute_load	0.9771215648107155	120	Phase_4B_assignment_entropy	LOW_CURRENT_CONCERN
Burkholderia	secondary_or_sensitivity	Model_0	CLR_genus ~ standardized_Moffitt50_contrast	62	0.1426294455601362	0.05107266045809922	0.040468914081326524	0.2447899770389459	2.792677026824392	0.007003817319810041	0.07800060734403291	0.06263395079976686	0.07800060734403291	0.08459941293381947	0.003948410056556518	0.31997966478078976	4.063664315322485	0.15656008152371845	0.14178135011128007	14.668336814098971	15.909269497287275	122_genus_tests_Phase_4B_assignment_entropy	relative_compositional_CLR_association_not_absolute_load	0.023735158694911808	36	Phase_4B_assignment_entropy	BIOLOGICALLY_PLAUSIBLE_BUT_CONTAMINATION_SENSITIVE
Rhizobacter	secondary_or_sensitivity	Model_0	CLR_genus ~ standardized_Moffitt50_contrast	62	-0.1834308725196048	0.0809535679180425	-0.34536211811034867	-0.021499626928860927	-2.2658775547151975	0.027079842021045394	0.0274096118412841	0.011199772038638867	0.0274096118412841	0.02818207148147464	0.03181854282940212	0.025433711182302365	1.9725078265129656	0.037138942091514436	0.14178135011128007	72.82857067269478	74.88103065728629	122_genus_tests_Phase_4B_assignment_entropy	relative_compositional_CLR_association_not_absolute_load	0.07341646059038973	45	Phase_4B_assignment_entropy	LOW_CURRENT_CONCERN
Sphingomonas	secondary_or_sensitivity	Model_0	CLR_genus ~ standardized_Moffitt50_contrast	62	0.20285724948041406	0.044971265438119835	0.11290132517131779	0.29281317378951033	4.5108192421123725	3.061691031027217e-05	0.15793121688244138	0.14389673716381546	0.15793121688244138	0.1875514447854708	0.9156964826595564	0.292471483699114	2.3354353425947316	0.06816931888139093	0.14178135011128007	13.384140476996002	15.894355360668303	122_genus_tests_Phase_4B_assignment_entropy	relative_compositional_CLR_association_not_absolute_load	0.0003727108186240474	10	Phase_4B_assignment_entropy	BIOLOGICALLY_PLAUSIBLE_BUT_CONTAMINATION_SENSITIVE
Diaphorobacter	secondary_or_sensitivity	Model_0	CLR_genus ~ standardized_Moffitt50_contrast	62	-0.09572259434279953	0.31704234188167774	-0.7299017002950199	0.5384565116094209	-0.3019236918787454	0.7637543048887049	0.002121657912732333	-0.014509647788722102	0.002121657912732333	0.002126168915836423	0.00012484796087190744	0.20847617396192714	1.9135417187117705	0.1923648958876984	0.14178135011128007	262.88208569298	263.44101741211074	122_genus_tests_Phase_4B_assignment_entropy	relative_compositional_CLR_association_not_absolute_load	0.8554474241777411	108	Phase_4B_assignment_entropy	LOW_CURRENT_CONCERN
Fusobacterium	secondary_or_sensitivity	Model_0	CLR_genus ~ standardized_Moffitt50_contrast	62	-0.31567517452064686	0.11519547256549025	-0.5461004273993004	-0.0852499216419933	-2.740343587211564	0.008072694962865477	0.026238422152666807	0.010009062521877943	0.026238422152666807	0.026945427658658844	2.8205534421718922e-06	0.519867574181134	5.1875123180659655	0.16226270035185145	0.14178135011128007	225.5929963825867	231.67169614691377	122_genus_tests_Phase_4B_assignment_entropy	relative_compositional_CLR_association_not_absolute_load	0.02591759961762074	38	Phase_4B_assignment_entropy	LOW_CURRENT_CONCERN
Sphingobacterium	secondary_or_sensitivity	Model_0	CLR_genus ~ standardized_Moffitt50_contrast	62	0.08322468557312204	0.1709265342355063	-0.258679288582607	0.42512865972885117	0.4869032531745671	0.6281009355822006	0.004585677782866893	-0.012004560920751972	0.004585677782866893	0.004606803097481054	0.00013873771270098424	0.7801137239231601	2.6261496485492644	0.469145373866617	0.14178135011128007	91.71376259698788	92.13626984260134	122_genus_tests_Phase_4B_assignment_entropy	relative_compositional_CLR_association_not_absolute_load	0.7740233751619038	99	Phase_4B_assignment_entropy	LOW_CURRENT_CONCERN
Alicycliphilus	secondary_or_sensitivity	Model_0	CLR_genus ~ standardized_Moffitt50_contrast	62	-0.10872261961381831	0.24778334801273585	-0.6043631109750953	0.3869178717474587	-0.43878097735700167	0.6623962540750397	0.013492347835156182	-0.002949446367591202	0.013492347835156182	0.013676881071878024	3.0992632545341814e-11	0.09123395100300262	6.404557669286617	1.9567423683074114	0.14178135011128007	52.72087145948304	53.441928548440174	122_genus_tests_Phase_4B_assignment_entropy	relative_compositional_CLR_association_not_absolute_load	0.7770417595880273	104	Phase_4B_assignment_entropy	LOW_CURRENT_CONCERN
Devosia	secondary_or_sensitivity	Model_0	CLR_genus ~ standardized_Moffitt50_contrast	62	-0.13527087209585767	0.19406400565452114	-0.5234566799379593	0.252914935746244	-0.6970425640737888	0.4884681993440789	0.010342856464209849	-0.006151429261386676	0.010342856464209849	0.0104509491309864	0.0010148882697514257	0.9133222357621444	2.7867020592411724	0.17025249276872526	0.14178135011128007	106.80281045312711	107.91900119221911	122_genus_tests_Phase_4B_assignment_entropy	relative_compositional_CLR_association_not_absolute_load	0.6930015876641418	85	Phase_4B_assignment_entropy	LOW_CURRENT_CONCERN
Ottowia	secondary_or_sensitivity	Model_0	CLR_genus ~ standardized_Moffitt50_contrast	62	-0.11370581880795542	0.07294927399220331	-0.2596260926920812	0.032214455076170365	-1.558697058727522	0.1243276001624019	0.012360668736095426	-0.004099986784969589	0.012360668736095426	0.01251536704221489	0.07071713190779176	0.017474668264812764	2.6643816164722245	0.05913906395801799	0.14178135011128007	63.01611486245952	63.80478466953756	122_genus_tests_Phase_4B_assignment_entropy	relative_compositional_CLR_association_not_absolute_load	0.2808882818483895	54	Phase_4B_assignment_entropy	LOW_CURRENT_CONCERN
Thauera	secondary_or_sensitivity	Model_0	CLR_genus ~ standardized_Moffitt50_contrast	62	0.34381062912788096	0.09765936711762394	0.14846280978320678	0.5391584484725551	3.520508470158166	0.0008292081913442968	0.08826851513116551	0.07307299038335169	0.08826851513116551	0.096814157014512	3.093072204278378e-08	0.2673711799915271	3.740763465429594	0.13195656229099534	0.14178135011128007	74.47826736433903	81.68881803511891	122_genus_tests_Phase_4B_assignment_entropy	relative_compositional_CLR_association_not_absolute_load	0.005324389439158116	19	Phase_4B_assignment_entropy	LOW_CURRENT_CONCERN
Phreatobacter	secondary_or_sensitivity	Model_0	CLR_genus ~ standardized_Moffitt50_contrast	62	0.016514558393566744	0.07050593162171036	-0.12451830306842682	0.1575474198555603	0.23422934799547476	0.8156043609523388	0.00022108187856484385	-0.016441900090125694	0.00022108187856484385	0.00022113076657012565	3.8648480141106954e-05	0.1911407275057413	3.1883120035486088	0.08775488805652756	0.14178135011128007	75.23407634809132	75.25071291706635	122_genus_tests_Phase_4B_assignment_entropy	relative_compositional_CLR_association_not_absolute_load	0.896430018344012	111	Phase_4B_assignment_entropy	LOW_CURRENT_CONCERN
Dickeya	secondary_or_sensitivity	Model_0	CLR_genus ~ standardized_Moffitt50_contrast	62	-0.22883504774061145	0.20721248271307244	-0.6433217256057377	0.18565163012451483	-1.1043497222967973	0.2738506488815949	0.02316360860206712	0.006883002078768352	0.02316360860206712	0.023712884579287736	0.24332940527272673	0.9984933745314629	2.57349327844903	0.2191117317390812	0.14178135011128007	134.70711304062178	137.9014072641631	122_genus_tests_Phase_4B_assignment_entropy	relative_compositional_CLR_association_not_absolute_load	0.5139966025162243	65	Phase_4B_assignment_entropy	LOW_CURRENT_CONCERN
Rhizobium	secondary_or_sensitivity	Model_0	CLR_genus ~ standardized_Moffitt50_contrast	62	0.2479817176575297	0.07663921003049075	0.09468047275264563	0.40128296256241375	3.235702945775024	0.0019763693816455975	0.09747465763879548	0.08243256859944215	0.09747465763879548	0.10800212809956158	0.6680385904320578	0.044994856639391824	2.5691782738619984	0.13609073777639497	0.14178135011128007	34.732564402592864	38.48375527242798	122_genus_tests_Phase_4B_assignment_entropy	relative_compositional_CLR_association_not_absolute_load	0.009979578525161006	24	Phase_4B_assignment_entropy	BIOLOGICALLY_PLAUSIBLE_BUT_CONTAMINATION_SENSITIVE
Sinorhizobium	secondary_or_sensitivity	Model_0	CLR_genus ~ standardized_Moffitt50_contrast	62	-0.312285904893869	0.3072183774843462	-0.9268141562585615	0.3022423464708235	-1.016494870687809	0.3134752892895559	0.039348809589362044	0.023337956415851457	0.039348809589362044	0.040960558819004934	5.100414261088831e-07	0.040839568543404536	2.814469260274589	0.33732744900407846	0.14178135011128007	145.2341433232141	151.18301499333236	122_genus_tests_Phase_4B_assignment_entropy	relative_compositional_CLR_association_not_absolute_load	0.554260656425012	69	Phase_4B_assignment_entropy	LOW_CURRENT_CONCERN
Stenotrophomonas	secondary_or_sensitivity	Model_0	CLR_genus ~ standardized_Moffitt50_contrast	62	0.06957141191967549	0.06756361597276364	-0.06557594195805148	0.20471876579740245	1.0297171179784284	0.3072759924479851	0.01113383905185561	-0.00534726363061333	0.01113383905185561	0.011259197140672975	0.02811980195301412	0.5828801552072765	2.606438975560117	0.0740035323813404	0.14178135011128007	26.223100906526543	26.518351969272874	122_genus_tests_Phase_4B_assignment_entropy	relative_compositional_CLR_association_not_absolute_load	0.5512892805684438	68	Phase_4B_assignment_entropy	BIOLOGICALLY_PLAUSIBLE_BUT_CONTAMINATION_SENSITIVE
Corynebacterium	secondary_or_sensitivity	Model_0	CLR_genus ~ standardized_Moffitt50_contrast	62	-0.11900482610357481	0.1825314249401333	-0.48412203786048286	0.2461123856533332	-0.651968975438646	0.5169110203068599	0.008133180794223427	-0.008397932859206092	0.008133180794223427	0.008199871834341588	0.013663403199625966	0.8375883939180191	2.1656052297230874	0.24670363718168464	0.14178135011128007	105.35421580303762	106.2181068698301	122_genus_tests_Phase_4B_assignment_entropy	relative_compositional_CLR_association_not_absolute_load	0.6930015876641418	91	Phase_4B_assignment_entropy	LOW_CURRENT_CONCERN
Leptothrix	secondary_or_sensitivity	Model_0	CLR_genus ~ standardized_Moffitt50_contrast	62	-0.13398978940947923	0.13794397648295448	-0.40991882512831934	0.14193924630936092	-0.9713348333555988	0.3352811767611571	0.012693855965350331	-0.003761246435227017	0.012693855965350331	0.012857061654125429	0.011446284837004845	0.19619903026199131	2.1539237936958235	0.29139066105773753	0.14178135011128007	85.17880003121735	86.27394911484313	122_genus_tests_Phase_4B_assignment_entropy	relative_compositional_CLR_association_not_absolute_load	0.584347193783731	70	Phase_4B_assignment_entropy	LOW_CURRENT_CONCERN
Altererythrobacter	secondary_or_sensitivity	Model_0	CLR_genus ~ standardized_Moffitt50_contrast	62	-0.4547664781255476	0.1796629681440444	-0.814145922000697	-0.09538703425039824	-2.5312198881237427	0.014005468209089739	0.1971583439549902	0.18377764968757337	0.1971583439549902	0.24557562810858546	0.04943440533526322	0.014795779790608077	3.1247106012889327	0.3369845640034648	0.14178135011128007	51.371406944549854	63.98697247177943	122_genus_tests_Phase_4B_assignment_entropy	relative_compositional_CLR_association_not_absolute_load	0.04167480784168166	41	Phase_4B_assignment_entropy	LOW_CURRENT_CONCERN
Roseolovirus	secondary_or_sensitivity	Model_0	CLR_genus ~ standardized_Moffitt50_contrast	62	0.7016441591033882	0.2953401230245548	0.11087595426394758	1.2924123639428289	2.375715672892345	0.020725887021267517	0.12234120315527652	0.10771355654119785	0.12234120315527652	0.13939494891990617	3.2479835094537143e-06	0.44261053741192025	2.7056030481365037	0.2330994275590783	0.14178135011128007	215.43518125246445	245.4657573387024	122_genus_tests_Phase_4B_assignment_entropy	relative_compositional_CLR_association_not_absolute_load	0.058803679455689234	43	Phase_4B_assignment_entropy	LOW_CURRENT_CONCERN
Janibacter	secondary_or_sensitivity	Model_0	CLR_genus ~ standardized_Moffitt50_contrast	62	-0.10233667824405032	0.13728888886479101	-0.37695534362704963	0.17228198713894896	-0.7454112207495293	0.4589333798328732	0.006207657217809026	-0.010355548495227351	0.006207657217809026	0.0062464329322866954	0.0002621540939427117	0.09238287895334636	3.324937786310607	0.20034667227400396	0.14178135011128007	102.27285644156521	102.91169698012085	122_genus_tests_Phase_4B_assignment_entropy	relative_compositional_CLR_association_not_absolute_load	0.6930015876641418	80	Phase_4B_assignment_entropy	LOW_CURRENT_CONCERN
Lactobacillus	secondary_or_sensitivity	Model_0	CLR_genus ~ standardized_Moffitt50_contrast	62	-0.030813312168573616	0.1022972772725989	-0.23543833309494203	0.1738117087577948	-0.3012134143752739	0.7642931904538834	0.0004647807549614802	-0.01619413956578919	0.0004647807549614802	0.00046499687656082286	1.0369640558545708e-05	0.5523916732644245	4.600154218979161	0.13674925208384184	0.14178135011128007	124.5536809688918	124.61159804150648	122_genus_tests_Phase_4B_assignment_entropy	relative_compositional_CLR_association_not_absolute_load	0.8554474241777411	109	Phase_4B_assignment_entropy	LOW_CURRENT_CONCERN
Acinetobacter	secondary_or_sensitivity	Model_0	CLR_genus ~ standardized_Moffitt50_contrast	62	0.1615302878440292	0.03885316817559152	0.08381238016403972	0.2392481955240187	4.157454730950521	0.00010384384842349474	0.1078571340592579	0.09298808629357891	0.1078571340592579	0.12089670632015341	0.7661807144481619	0.11664342578325504	2.3722824830049856	0.05190756464613656	0.14178135011128007	13.165073853497992	14.756687920847467	122_genus_tests_Phase_4B_assignment_entropy	relative_compositional_CLR_association_not_absolute_load	0.0008445966338444239	15	Phase_4B_assignment_entropy	BIOLOGICALLY_PLAUSIBLE_BUT_CONTAMINATION_SENSITIVE
Janthinobacterium	secondary_or_sensitivity	Model_0	CLR_genus ~ standardized_Moffitt50_contrast	62	0.013069683095311427	0.06951529457114826	-0.12598160923203616	0.152120975422659	0.18801161925502205	0.8515019630464022	0.0001968706718376012	-0.01646651481696515	0.0001968706718376012	0.00019690943753085909	0.025403871592635123	0.04772199553755703	3.5357169530923063	0.10483043557560928	0.14178135011128007	52.916781031860154	52.92720084544908	122_genus_tests_Phase_4B_assignment_entropy	relative_compositional_CLR_association_not_absolute_load	0.9112564867689568	114	Phase_4B_assignment_entropy	LOW_CURRENT_CONCERN
Paracoccus	secondary_or_sensitivity	Model_0	CLR_genus ~ standardized_Moffitt50_contrast	62	-0.18256854876589385	0.27006075253594153	-0.7227704838750697	0.35763338634328207	-0.6760276976625709	0.5016206223901135	0.01315748193333155	-0.0032898933677796283	0.01315748193333155	0.013332909448519186	1.8320283194327273e-05	0.12159064835528394	2.10431085867708	0.20999010708335647	0.14178135011128007	152.495431155378	154.52863893028552	122_genus_tests_Phase_4B_assignment_entropy	relative_compositional_CLR_association_not_absolute_load	0.6930015876641418	88	Phase_4B_assignment_entropy	LOW_CURRENT_CONCERN
Delftia	secondary_or_sensitivity	Model_0	CLR_genus ~ standardized_Moffitt50_contrast	62	0.27002021607210436	0.09741284914973233	0.07516550608169112	0.46487492606251757	2.7719158040132768	0.007411227981565912	0.038122839431735	0.022091553422263988	0.038122839431735	0.039633792124986626	1.2028581226767075e-08	0.7311752978436875	5.792718660571104	0.19963571340653224	0.14178135011128007	112.21651282621538	116.66407876856053	122_genus_tests_Phase_4B_assignment_entropy	relative_compositional_CLR_association_not_absolute_load	0.024437021993271385	37	Phase_4B_assignment_entropy	HIGH_RISK_POTENTIAL_CONTAMINANT
Sphingorhabdus	secondary_or_sensitivity	Model_0	CLR_genus ~ standardized_Moffitt50_contrast	62	-0.10433553399296476	0.08097612162827236	-0.26631189372115976	0.05764082573523026	-1.2884728472416316	0.20252783771370655	0.010933024079302855	-0.005551425519375375	0.010933024079302855	0.0110538763758901	0.16788371990738424	0.08812317615739097	2.418985937696591	0.06951355947257418	0.14178135011128007	60.07305494367233	60.73709506654174	122_genus_tests_Phase_4B_assignment_entropy	relative_compositional_CLR_association_not_absolute_load	0.41880604540738453	58	Phase_4B_assignment_entropy	LOW_CURRENT_CONCERN
Klebsiella	secondary_or_sensitivity	Model_0	CLR_genus ~ standardized_Moffitt50_contrast	62	0.6389371213353922	0.12592069412848292	0.38705823112366394	0.8908160115471204	5.074123246838633	4.029572573344792e-06	0.18733090172391131	0.17378641675264317	0.18733090172391131	0.2305131352001639	0.24150469984112652	0.00861484349270785	2.2030804912516424	0.0523201706673191	0.14178135011128007	108.03149818173189	132.93417752797373	122_genus_tests_Phase_4B_assignment_entropy	relative_compositional_CLR_association_not_absolute_load	0.00012290196348701616	4	Phase_4B_assignment_entropy	LOW_CURRENT_CONCERN
Brachybacterium	secondary_or_sensitivity	Model_0	CLR_genus ~ standardized_Moffitt50_contrast	62	-0.06651168500076331	0.07324978519140911	-0.21303307078215133	0.08000970078062473	-0.9080120143282542	0.3675045759335497	0.00489085927274413	-0.011694293072709971	0.00489085927274413	0.004914897343993587	0.0007299870677313528	0.09619371092180762	4.0000166265201225	0.14684363348446125	0.14178135011128007	54.9049226979027	55.17477475664279	122_genus_tests_Phase_4B_assignment_entropy	relative_compositional_CLR_association_not_absolute_load	0.6314867361111699	71	Phase_4B_assignment_entropy	LOW_CURRENT_CONCERN
Herbaspirillum	secondary_or_sensitivity	Model_0	CLR_genus ~ standardized_Moffitt50_contrast	62	-0.2529802323524603	0.07938269120332499	-0.41176925667210185	-0.09419120803281877	-3.1868437378180507	0.0022843678262593906	0.050626546420959984	0.03480365552797604	0.050626546420959984	0.05332627137413957	0.1915787238234588	0.04152538510026243	2.565556224993373	0.05765445095475081	0.14178135011128007	73.20854758880797	77.11248646443538	122_genus_tests_Phase_4B_assignment_entropy	relative_compositional_CLR_association_not_absolute_load	0.01071895672321714	26	Phase_4B_assignment_entropy	MODERATE_RISK_ENVIRONMENTAL
Melaminivora	secondary_or_sensitivity	Model_0	CLR_genus ~ standardized_Moffitt50_contrast	62	0.04055201888771484	0.19551892148727082	-0.3505440539258501	0.4316480917012797	0.20740713266646657	0.8363942576796138	0.0013162228258345454	-0.015328506793734764	0.0013162228258345454	0.0013179575516475048	5.44401172323757e-07	0.16039804654906792	2.0417111893479523	0.28595605263290164	0.14178135011128007	76.11204189594207	76.21235433633011	122_genus_tests_Phase_4B_assignment_entropy	relative_compositional_CLR_association_not_absolute_load	0.9110723164010079	112	Phase_4B_assignment_entropy	LOW_CURRENT_CONCERN
