dataset_id	control_type	control_id	iteration	null_statistic	seed
HWANG_GSE202051_NAIVE	coordinate permutation	HALLMARK_PROTEIN_SECRETION	1	-0.011558975079040388	2026
HWANG_GSE202051_NAIVE	coordinate permutation	HALLMARK_PROTEIN_SECRETION	2	-0.01127616873117745	2026
HWANG_GSE202051_NAIVE	coordinate permutation	HALLMARK_PROTEIN_SECRETION	3	-0.009990425171872484	2026
HWANG_GSE202051_NAIVE	coordinate permutation	HALLMARK_PROTEIN_SECRETION	4	-0.01268060861495421	2026
HWANG_GSE202051_NAIVE	coordinate permutation	HALLMARK_PROTEIN_SECRETION	5	-0.01364011061415824	2026
HWANG_GSE202051_NAIVE	coordinate permutation	HALLMARK_PROTEIN_SECRETION	6	-0.01512589384590038	2026
HWANG_GSE202051_NAIVE	coordinate permutation	HALLMARK_PROTEIN_SECRETION	7	-0.007106421272927027	2026
HWANG_GSE202051_NAIVE	coordinate permutation	HALLMARK_PROTEIN_SECRETION	8	-0.010413941297865287	2026
HWANG_GSE202051_NAIVE	coordinate permutation	HALLMARK_PROTEIN_SECRETION	9	-0.010764879676834913	2026
HWANG_GSE202051_NAIVE	coordinate permutation	HALLMARK_PROTEIN_SECRETION	10	-0.014797633193572742	2026
HWANG_GSE202051_NAIVE	coordinate permutation	HALLMARK_PROTEIN_SECRETION	11	-0.012722732456836298	2026
HWANG_GSE202051_NAIVE	coordinate permutation	HALLMARK_PROTEIN_SECRETION	12	-0.01226161157810813	2026
HWANG_GSE202051_NAIVE	coordinate permutation	HALLMARK_PROTEIN_SECRETION	13	-0.013589990269397337	2026
HWANG_GSE202051_NAIVE	coordinate permutation	HALLMARK_PROTEIN_SECRETION	14	-0.014703765570346977	2026
HWANG_GSE202051_NAIVE	coordinate permutation	HALLMARK_PROTEIN_SECRETION	15	-0.013867431295266023	2026
HWANG_GSE202051_NAIVE	coordinate permutation	HALLMARK_PROTEIN_SECRETION	16	-0.009369806082415034	2026
HWANG_GSE202051_NAIVE	coordinate permutation	HALLMARK_PROTEIN_SECRETION	17	-0.015389732734987675	2026
HWANG_GSE202051_NAIVE	coordinate permutation	HALLMARK_PROTEIN_SECRETION	18	-0.01399953695951634	2026
HWANG_GSE202051_NAIVE	coordinate permutation	HALLMARK_PROTEIN_SECRETION	19	-0.011376695801775168	2026
HWANG_GSE202051_NAIVE	coordinate permutation	HALLMARK_PROTEIN_SECRETION	20	-0.01098191121937032	2026
HWANG_GSE202051_NAIVE	coordinate permutation	HALLMARK_PROTEIN_SECRETION	21	-0.014671984458823036	2026
HWANG_GSE202051_NAIVE	coordinate permutation	HALLMARK_PROTEIN_SECRETION	22	-0.008887252762039074	2026
HWANG_GSE202051_NAIVE	coordinate permutation	HALLMARK_PROTEIN_SECRETION	23	-0.01684559458041314	2026
HWANG_GSE202051_NAIVE	coordinate permutation	HALLMARK_PROTEIN_SECRETION	24	-0.012888975930511234	2026
HWANG_GSE202051_NAIVE	coordinate permutation	HALLMARK_PROTEIN_SECRETION	25	-0.011614973729769933	2026
HWANG_GSE202051_NAIVE	coordinate permutation	HALLMARK_PROTEIN_SECRETION	26	-0.014359794191713923	2026
HWANG_GSE202051_NAIVE	coordinate permutation	HALLMARK_PROTEIN_SECRETION	27	-0.013702426928568828	2026
HWANG_GSE202051_NAIVE	coordinate permutation	HALLMARK_PROTEIN_SECRETION	28	-0.016255861382195445	2026
HWANG_GSE202051_NAIVE	coordinate permutation	HALLMARK_PROTEIN_SECRETION	29	-0.009202269401238047	2026
HWANG_GSE202051_NAIVE	coordinate permutation	HALLMARK_PROTEIN_SECRETION	30	-0.010877585899674882	2026
HWANG_GSE202051_NAIVE	coordinate permutation	HALLMARK_PROTEIN_SECRETION	31	-0.010929219288012616	2026
HWANG_GSE202051_NAIVE	coordinate permutation	HALLMARK_PROTEIN_SECRETION	32	-0.010028472538563536	2026
HWANG_GSE202051_NAIVE	coordinate permutation	HALLMARK_PROTEIN_SECRETION	33	-0.011574908858834202	2026
HWANG_GSE202051_NAIVE	coordinate permutation	HALLMARK_PROTEIN_SECRETION	34	-0.008616524330601116	2026
HWANG_GSE202051_NAIVE	coordinate permutation	HALLMARK_PROTEIN_SECRETION	35	-0.014403323373658657	2026
HWANG_GSE202051_NAIVE	coordinate permutation	HALLMARK_PROTEIN_SECRETION	36	-0.011166430564249232	2026
HWANG_GSE202051_NAIVE	coordinate permutation	HALLMARK_PROTEIN_SECRETION	37	-0.011778064421298397	2026
HWANG_GSE202051_NAIVE	coordinate permutation	HALLMARK_PROTEIN_SECRETION	38	-0.011558093502834354	2026
HWANG_GSE202051_NAIVE	coordinate permutation	HALLMARK_PROTEIN_SECRETION	39	-0.014646886006768932	2026
HWANG_GSE202051_NAIVE	coordinate permutation	HALLMARK_PROTEIN_SECRETION	40	-0.011990657563721509	2026
HWANG_GSE202051_NAIVE	coordinate permutation	HALLMARK_PROTEIN_SECRETION	41	-0.014060217612669493	2026
HWANG_GSE202051_NAIVE	coordinate permutation	HALLMARK_PROTEIN_SECRETION	42	-0.00959675245273272	2026
HWANG_GSE202051_NAIVE	coordinate permutation	HALLMARK_PROTEIN_SECRETION	43	-0.011535247222173596	2026
HWANG_GSE202051_NAIVE	coordinate permutation	HALLMARK_PROTEIN_SECRETION	44	-0.009784087451699081	2026
HWANG_GSE202051_NAIVE	coordinate permutation	HALLMARK_PROTEIN_SECRETION	45	-0.015068521826283302	2026
HWANG_GSE202051_NAIVE	coordinate permutation	HALLMARK_PROTEIN_SECRETION	46	-0.011779300719979943	2026
HWANG_GSE202051_NAIVE	coordinate permutation	HALLMARK_PROTEIN_SECRETION	47	-0.012572402762982684	2026
HWANG_GSE202051_NAIVE	coordinate permutation	HALLMARK_PROTEIN_SECRETION	48	-0.013895807252101445	2026
HWANG_GSE202051_NAIVE	coordinate permutation	HALLMARK_PROTEIN_SECRETION	49	-0.010538844669166809	2026
HWANG_GSE202051_NAIVE	coordinate permutation	HALLMARK_PROTEIN_SECRETION	50	-0.013370632331539237	2026
HWANG_GSE202051_NAIVE	coordinate permutation	HALLMARK_PROTEIN_SECRETION	51	-0.013585931150497025	2026
HWANG_GSE202051_NAIVE	coordinate permutation	HALLMARK_PROTEIN_SECRETION	52	-0.015139078030952454	2026
HWANG_GSE202051_NAIVE	coordinate permutation	HALLMARK_PROTEIN_SECRETION	53	-0.011150539011875918	2026
HWANG_GSE202051_NAIVE	coordinate permutation	HALLMARK_PROTEIN_SECRETION	54	-0.01044851314892392	2026
HWANG_GSE202051_NAIVE	coordinate permutation	HALLMARK_PROTEIN_SECRETION	55	-0.018727763507547346	2026
HWANG_GSE202051_NAIVE	coordinate permutation	HALLMARK_PROTEIN_SECRETION	56	-0.01507969795742812	2026
HWANG_GSE202051_NAIVE	coordinate permutation	HALLMARK_PROTEIN_SECRETION	57	-0.012583399906839135	2026
HWANG_GSE202051_NAIVE	coordinate permutation	HALLMARK_PROTEIN_SECRETION	58	-0.009306274679543342	2026
HWANG_GSE202051_NAIVE	coordinate permutation	HALLMARK_PROTEIN_SECRETION	59	-0.012045903629406256	2026
HWANG_GSE202051_NAIVE	coordinate permutation	HALLMARK_PROTEIN_SECRETION	60	-0.012165556491018149	2026
HWANG_GSE202051_NAIVE	coordinate permutation	HALLMARK_PROTEIN_SECRETION	61	-0.01013735912480162	2026
HWANG_GSE202051_NAIVE	coordinate permutation	HALLMARK_PROTEIN_SECRETION	62	-0.008547332105714912	2026
HWANG_GSE202051_NAIVE	coordinate permutation	HALLMARK_PROTEIN_SECRETION	63	-0.00991236756997644	2026
HWANG_GSE202051_NAIVE	coordinate permutation	HALLMARK_PROTEIN_SECRETION	64	-0.011810943947491076	2026
HWANG_GSE202051_NAIVE	coordinate permutation	HALLMARK_PROTEIN_SECRETION	65	-0.014173110558927093	2026
HWANG_GSE202051_NAIVE	coordinate permutation	HALLMARK_PROTEIN_SECRETION	66	-0.011617402404546739	2026
HWANG_GSE202051_NAIVE	coordinate permutation	HALLMARK_PROTEIN_SECRETION	67	-0.01129032605730464	2026
HWANG_GSE202051_NAIVE	coordinate permutation	HALLMARK_PROTEIN_SECRETION	68	-0.01339503645699772	2026
HWANG_GSE202051_NAIVE	coordinate permutation	HALLMARK_PROTEIN_SECRETION	69	-0.010954005621037087	2026
HWANG_GSE202051_NAIVE	coordinate permutation	HALLMARK_PROTEIN_SECRETION	70	-0.010752622984527872	2026
HWANG_GSE202051_NAIVE	coordinate permutation	HALLMARK_PROTEIN_SECRETION	71	-0.01318435797264308	2026
HWANG_GSE202051_NAIVE	coordinate permutation	HALLMARK_PROTEIN_SECRETION	72	-0.012717570158167027	2026
HWANG_GSE202051_NAIVE	coordinate permutation	HALLMARK_PROTEIN_SECRETION	73	-0.011723719126397211	2026
HWANG_GSE202051_NAIVE	coordinate permutation	HALLMARK_PROTEIN_SECRETION	74	-0.010547089672726542	2026
HWANG_GSE202051_NAIVE	coordinate permutation	HALLMARK_PROTEIN_SECRETION	75	-0.014316565841797335	2026
HWANG_GSE202051_NAIVE	coordinate permutation	HALLMARK_PROTEIN_SECRETION	76	-0.011709439626060851	2026
HWANG_GSE202051_NAIVE	coordinate permutation	HALLMARK_PROTEIN_SECRETION	77	-0.014676031701695583	2026
HWANG_GSE202051_NAIVE	coordinate permutation	HALLMARK_PROTEIN_SECRETION	78	-0.013475121967788512	2026
HWANG_GSE202051_NAIVE	coordinate permutation	HALLMARK_PROTEIN_SECRETION	79	-0.009466264914576252	2026
HWANG_GSE202051_NAIVE	coordinate permutation	HALLMARK_PROTEIN_SECRETION	80	-0.010335650262013019	2026
HWANG_GSE202051_NAIVE	coordinate permutation	HALLMARK_PROTEIN_SECRETION	81	-0.01263406629158132	2026
HWANG_GSE202051_NAIVE	coordinate permutation	HALLMARK_PROTEIN_SECRETION	82	-0.014220119696087918	2026
HWANG_GSE202051_NAIVE	coordinate permutation	HALLMARK_PROTEIN_SECRETION	83	-0.012254165079636208	2026
HWANG_GSE202051_NAIVE	coordinate permutation	HALLMARK_PROTEIN_SECRETION	84	-0.013315997068650366	2026
HWANG_GSE202051_NAIVE	coordinate permutation	HALLMARK_PROTEIN_SECRETION	85	-0.010803979937049984	2026
HWANG_GSE202051_NAIVE	coordinate permutation	HALLMARK_PROTEIN_SECRETION	86	-0.01485835645567158	2026
HWANG_GSE202051_NAIVE	coordinate permutation	HALLMARK_PROTEIN_SECRETION	87	-0.013279162615027549	2026
HWANG_GSE202051_NAIVE	coordinate permutation	HALLMARK_PROTEIN_SECRETION	88	-0.012983788151992285	2026
HWANG_GSE202051_NAIVE	coordinate permutation	HALLMARK_PROTEIN_SECRETION	89	-0.009556142740162789	2026
HWANG_GSE202051_NAIVE	coordinate permutation	HALLMARK_PROTEIN_SECRETION	90	-0.013207662985625309	2026
HWANG_GSE202051_NAIVE	coordinate permutation	HALLMARK_PROTEIN_SECRETION	91	-0.012536889632537018	2026
HWANG_GSE202051_NAIVE	coordinate permutation	HALLMARK_PROTEIN_SECRETION	92	-0.011020204970046021	2026
HWANG_GSE202051_NAIVE	coordinate permutation	HALLMARK_PROTEIN_SECRETION	93	-0.010138099605729084	2026
HWANG_GSE202051_NAIVE	coordinate permutation	HALLMARK_PROTEIN_SECRETION	94	-0.012495936730952806	2026
HWANG_GSE202051_NAIVE	coordinate permutation	HALLMARK_PROTEIN_SECRETION	95	-0.011815142814961512	2026
HWANG_GSE202051_NAIVE	coordinate permutation	HALLMARK_PROTEIN_SECRETION	96	-0.013230637298000924	2026
HWANG_GSE202051_NAIVE	coordinate permutation	HALLMARK_PROTEIN_SECRETION	97	-0.01322923219371586	2026
HWANG_GSE202051_NAIVE	coordinate permutation	HALLMARK_PROTEIN_SECRETION	98	-0.014275111767423522	2026
HWANG_GSE202051_NAIVE	coordinate permutation	HALLMARK_PROTEIN_SECRETION	99	-0.012427667070982524	2026
HWANG_GSE202051_NAIVE	coordinate permutation	HALLMARK_PROTEIN_SECRETION	100	-0.009573118344632725	2026
HWANG_GSE202051_NAIVE	coordinate permutation	HALLMARK_PROTEIN_SECRETION	101	-0.010096720743227261	2026
HWANG_GSE202051_NAIVE	coordinate permutation	HALLMARK_PROTEIN_SECRETION	102	-0.01617341613668265	2026
HWANG_GSE202051_NAIVE	coordinate permutation	HALLMARK_PROTEIN_SECRETION	103	-0.0123702878270532	2026
HWANG_GSE202051_NAIVE	coordinate permutation	HALLMARK_PROTEIN_SECRETION	104	-0.009397872129149809	2026
HWANG_GSE202051_NAIVE	coordinate permutation	HALLMARK_PROTEIN_SECRETION	105	-0.010614261315927182	2026
HWANG_GSE202051_NAIVE	coordinate permutation	HALLMARK_PROTEIN_SECRETION	106	-0.013952553932437085	2026
HWANG_GSE202051_NAIVE	coordinate permutation	HALLMARK_PROTEIN_SECRETION	107	-0.014824124498383554	2026
HWANG_GSE202051_NAIVE	coordinate permutation	HALLMARK_PROTEIN_SECRETION	108	-0.0104105584147998	2026
HWANG_GSE202051_NAIVE	coordinate permutation	HALLMARK_PROTEIN_SECRETION	109	-0.011039644397329327	2026
HWANG_GSE202051_NAIVE	coordinate permutation	HALLMARK_PROTEIN_SECRETION	110	-0.011351635236472823	2026
HWANG_GSE202051_NAIVE	coordinate permutation	HALLMARK_PROTEIN_SECRETION	111	-0.009559898434404298	2026
HWANG_GSE202051_NAIVE	coordinate permutation	HALLMARK_PROTEIN_SECRETION	112	-0.016081205500062527	2026
HWANG_GSE202051_NAIVE	coordinate permutation	HALLMARK_PROTEIN_SECRETION	113	-0.009725892023549067	2026
HWANG_GSE202051_NAIVE	coordinate permutation	HALLMARK_PROTEIN_SECRETION	114	-0.012647470868686556	2026
HWANG_GSE202051_NAIVE	coordinate permutation	HALLMARK_PROTEIN_SECRETION	115	-0.014141266344268889	2026
HWANG_GSE202051_NAIVE	coordinate permutation	HALLMARK_PROTEIN_SECRETION	116	-0.011162239110692541	2026
HWANG_GSE202051_NAIVE	coordinate permutation	HALLMARK_PROTEIN_SECRETION	117	-0.014770594812639055	2026
HWANG_GSE202051_NAIVE	coordinate permutation	HALLMARK_PROTEIN_SECRETION	118	-0.01359164091179076	2026
HWANG_GSE202051_NAIVE	coordinate permutation	HALLMARK_PROTEIN_SECRETION	119	-0.016480740380390754	2026
HWANG_GSE202051_NAIVE	coordinate permutation	HALLMARK_PROTEIN_SECRETION	120	-0.013818897761166963	2026
HWANG_GSE202051_NAIVE	coordinate permutation	HALLMARK_PROTEIN_SECRETION	121	-0.011897368594117054	2026
HWANG_GSE202051_NAIVE	coordinate permutation	HALLMARK_PROTEIN_SECRETION	122	-0.012700295237754962	2026
HWANG_GSE202051_NAIVE	coordinate permutation	HALLMARK_PROTEIN_SECRETION	123	-0.014325533587528017	2026
HWANG_GSE202051_NAIVE	coordinate permutation	HALLMARK_PROTEIN_SECRETION	124	-0.012102544179912309	2026
HWANG_GSE202051_NAIVE	coordinate permutation	HALLMARK_PROTEIN_SECRETION	125	-0.014141715577397225	2026
HWANG_GSE202051_NAIVE	coordinate permutation	HALLMARK_PROTEIN_SECRETION	126	-0.012128088696481189	2026
HWANG_GSE202051_NAIVE	coordinate permutation	HALLMARK_PROTEIN_SECRETION	127	-0.013887267019740654	2026
HWANG_GSE202051_NAIVE	coordinate permutation	HALLMARK_PROTEIN_SECRETION	128	-0.012299086639151658	2026
HWANG_GSE202051_NAIVE	coordinate permutation	HALLMARK_PROTEIN_SECRETION	129	-0.011212589866078943	2026
HWANG_GSE202051_NAIVE	coordinate permutation	HALLMARK_PROTEIN_SECRETION	130	-0.013391113467511925	2026
HWANG_GSE202051_NAIVE	coordinate permutation	HALLMARK_PROTEIN_SECRETION	131	-0.010702504952731583	2026
HWANG_GSE202051_NAIVE	coordinate permutation	HALLMARK_PROTEIN_SECRETION	132	-0.010644217622300734	2026
HWANG_GSE202051_NAIVE	coordinate permutation	HALLMARK_PROTEIN_SECRETION	133	-0.014325499524642894	2026
HWANG_GSE202051_NAIVE	coordinate permutation	HALLMARK_PROTEIN_SECRETION	134	-0.0120447670909872	2026
HWANG_GSE202051_NAIVE	coordinate permutation	HALLMARK_PROTEIN_SECRETION	135	-0.013674235930893468	2026
HWANG_GSE202051_NAIVE	coordinate permutation	HALLMARK_PROTEIN_SECRETION	136	-0.011311724748045081	2026
HWANG_GSE202051_NAIVE	coordinate permutation	HALLMARK_PROTEIN_SECRETION	137	-0.009384062436490002	2026
HWANG_GSE202051_NAIVE	coordinate permutation	HALLMARK_PROTEIN_SECRETION	138	-0.014400234461927947	2026
HWANG_GSE202051_NAIVE	coordinate permutation	HALLMARK_PROTEIN_SECRETION	139	-0.011133391453865944	2026
HWANG_GSE202051_NAIVE	coordinate permutation	HALLMARK_PROTEIN_SECRETION	140	-0.011874655759307337	2026
HWANG_GSE202051_NAIVE	coordinate permutation	HALLMARK_PROTEIN_SECRETION	141	-0.017196459489650734	2026
HWANG_GSE202051_NAIVE	coordinate permutation	HALLMARK_PROTEIN_SECRETION	142	-0.016501672530997068	2026
HWANG_GSE202051_NAIVE	coordinate permutation	HALLMARK_PROTEIN_SECRETION	143	-0.015381905720777888	2026
HWANG_GSE202051_NAIVE	coordinate permutation	HALLMARK_PROTEIN_SECRETION	144	-0.007011041492337085	2026
HWANG_GSE202051_NAIVE	coordinate permutation	HALLMARK_PROTEIN_SECRETION	145	-0.01489095024862428	2026
HWANG_GSE202051_NAIVE	coordinate permutation	HALLMARK_PROTEIN_SECRETION	146	-0.011500063947605416	2026
HWANG_GSE202051_NAIVE	coordinate permutation	HALLMARK_PROTEIN_SECRETION	147	-0.012571089955128446	2026
HWANG_GSE202051_NAIVE	coordinate permutation	HALLMARK_PROTEIN_SECRETION	148	-0.008201700493495405	2026
HWANG_GSE202051_NAIVE	coordinate permutation	HALLMARK_PROTEIN_SECRETION	149	-0.008993316966272308	2026
HWANG_GSE202051_NAIVE	coordinate permutation	HALLMARK_PROTEIN_SECRETION	150	-0.011954903158062156	2026
HWANG_GSE202051_NAIVE	coordinate permutation	HALLMARK_PROTEIN_SECRETION	151	-0.015543785905337813	2026
HWANG_GSE202051_NAIVE	coordinate permutation	HALLMARK_PROTEIN_SECRETION	152	-0.009288167762009731	2026
HWANG_GSE202051_NAIVE	coordinate permutation	HALLMARK_PROTEIN_SECRETION	153	-0.013112684851331366	2026
HWANG_GSE202051_NAIVE	coordinate permutation	HALLMARK_PROTEIN_SECRETION	154	-0.009701248057037289	2026
HWANG_GSE202051_NAIVE	coordinate permutation	HALLMARK_PROTEIN_SECRETION	155	-0.009257732315005705	2026
HWANG_GSE202051_NAIVE	coordinate permutation	HALLMARK_PROTEIN_SECRETION	156	-0.0113442646182117	2026
HWANG_GSE202051_NAIVE	coordinate permutation	HALLMARK_PROTEIN_SECRETION	157	-0.011104542030012123	2026
HWANG_GSE202051_NAIVE	coordinate permutation	HALLMARK_PROTEIN_SECRETION	158	-0.017113370173164534	2026
HWANG_GSE202051_NAIVE	coordinate permutation	HALLMARK_PROTEIN_SECRETION	159	-0.014113944606178914	2026
HWANG_GSE202051_NAIVE	coordinate permutation	HALLMARK_PROTEIN_SECRETION	160	-0.014225789892795371	2026
HWANG_GSE202051_NAIVE	coordinate permutation	HALLMARK_PROTEIN_SECRETION	161	-0.012834042784768882	2026
HWANG_GSE202051_NAIVE	coordinate permutation	HALLMARK_PROTEIN_SECRETION	162	-0.014459412373695446	2026
HWANG_GSE202051_NAIVE	coordinate permutation	HALLMARK_PROTEIN_SECRETION	163	-0.014053313576392583	2026
HWANG_GSE202051_NAIVE	coordinate permutation	HALLMARK_PROTEIN_SECRETION	164	-0.011178900766556997	2026
HWANG_GSE202051_NAIVE	coordinate permutation	HALLMARK_PROTEIN_SECRETION	165	-0.014759616041618719	2026
HWANG_GSE202051_NAIVE	coordinate permutation	HALLMARK_PROTEIN_SECRETION	166	-0.014945110277695649	2026
HWANG_GSE202051_NAIVE	coordinate permutation	HALLMARK_PROTEIN_SECRETION	167	-0.010374901223803442	2026
HWANG_GSE202051_NAIVE	coordinate permutation	HALLMARK_PROTEIN_SECRETION	168	-0.017218954505409757	2026
HWANG_GSE202051_NAIVE	coordinate permutation	HALLMARK_PROTEIN_SECRETION	169	-0.013776786793995249	2026
HWANG_GSE202051_NAIVE	coordinate permutation	HALLMARK_PROTEIN_SECRETION	170	-0.010824546588267174	2026
HWANG_GSE202051_NAIVE	coordinate permutation	HALLMARK_PROTEIN_SECRETION	171	-0.011023018611243104	2026
HWANG_GSE202051_NAIVE	coordinate permutation	HALLMARK_PROTEIN_SECRETION	172	-0.014103536587424088	2026
HWANG_GSE202051_NAIVE	coordinate permutation	HALLMARK_PROTEIN_SECRETION	173	-0.014968839118847724	2026
HWANG_GSE202051_NAIVE	coordinate permutation	HALLMARK_PROTEIN_SECRETION	174	-0.006493637661457245	2026
HWANG_GSE202051_NAIVE	coordinate permutation	HALLMARK_PROTEIN_SECRETION	175	-0.016499997632448395	2026
HWANG_GSE202051_NAIVE	coordinate permutation	HALLMARK_PROTEIN_SECRETION	176	-0.012852472962505617	2026
HWANG_GSE202051_NAIVE	coordinate permutation	HALLMARK_PROTEIN_SECRETION	177	-0.015309172803460355	2026
HWANG_GSE202051_NAIVE	coordinate permutation	HALLMARK_PROTEIN_SECRETION	178	-0.013394240376187172	2026
HWANG_GSE202051_NAIVE	coordinate permutation	HALLMARK_PROTEIN_SECRETION	179	-0.012900819364783017	2026
HWANG_GSE202051_NAIVE	coordinate permutation	HALLMARK_PROTEIN_SECRETION	180	-0.010685527752027654	2026
HWANG_GSE202051_NAIVE	coordinate permutation	HALLMARK_PROTEIN_SECRETION	181	-0.009402031540966745	2026
HWANG_GSE202051_NAIVE	coordinate permutation	HALLMARK_PROTEIN_SECRETION	182	-0.011698430515157229	2026
HWANG_GSE202051_NAIVE	coordinate permutation	HALLMARK_PROTEIN_SECRETION	183	-0.01286431976224233	2026
HWANG_GSE202051_NAIVE	coordinate permutation	HALLMARK_PROTEIN_SECRETION	184	-0.012005164494168706	2026
HWANG_GSE202051_NAIVE	coordinate permutation	HALLMARK_PROTEIN_SECRETION	185	-0.009767008641682614	2026
HWANG_GSE202051_NAIVE	coordinate permutation	HALLMARK_PROTEIN_SECRETION	186	-0.015042728619558542	2026
HWANG_GSE202051_NAIVE	coordinate permutation	HALLMARK_PROTEIN_SECRETION	187	-0.010634940919593718	2026
HWANG_GSE202051_NAIVE	coordinate permutation	HALLMARK_PROTEIN_SECRETION	188	-0.009840592065488266	2026
HWANG_GSE202051_NAIVE	coordinate permutation	HALLMARK_PROTEIN_SECRETION	189	-0.011400017941000101	2026
HWANG_GSE202051_NAIVE	coordinate permutation	HALLMARK_PROTEIN_SECRETION	190	-0.015802769940825682	2026
HWANG_GSE202051_NAIVE	coordinate permutation	HALLMARK_PROTEIN_SECRETION	191	-0.013561004101494018	2026
HWANG_GSE202051_NAIVE	coordinate permutation	HALLMARK_PROTEIN_SECRETION	192	-0.009109245863167052	2026
HWANG_GSE202051_NAIVE	coordinate permutation	HALLMARK_PROTEIN_SECRETION	193	-0.012024967532862474	2026
HWANG_GSE202051_NAIVE	coordinate permutation	HALLMARK_PROTEIN_SECRETION	194	-0.009365760862971834	2026
HWANG_GSE202051_NAIVE	coordinate permutation	HALLMARK_PROTEIN_SECRETION	195	-0.010200062197699753	2026
HWANG_GSE202051_NAIVE	coordinate permutation	HALLMARK_PROTEIN_SECRETION	196	-0.014162405107842559	2026
HWANG_GSE202051_NAIVE	coordinate permutation	HALLMARK_PROTEIN_SECRETION	197	-0.013086580148693449	2026
HWANG_GSE202051_NAIVE	coordinate permutation	HALLMARK_PROTEIN_SECRETION	198	-0.011516733863494168	2026
HWANG_GSE202051_NAIVE	coordinate permutation	HALLMARK_PROTEIN_SECRETION	199	-0.012429299355426571	2026
HWANG_GSE202051_NAIVE	coordinate permutation	HALLMARK_PROTEIN_SECRETION	200	-0.015338406228642666	2026
HWANG_GSE202051_NAIVE	coordinate permutation	HALLMARK_PROTEIN_SECRETION	201	-0.012930157897862365	2026
HWANG_GSE202051_NAIVE	coordinate permutation	HALLMARK_PROTEIN_SECRETION	202	-0.01319349762567063	2026
HWANG_GSE202051_NAIVE	coordinate permutation	HALLMARK_PROTEIN_SECRETION	203	-0.01017975951389048	2026
HWANG_GSE202051_NAIVE	coordinate permutation	HALLMARK_PROTEIN_SECRETION	204	-0.013168862519769235	2026
HWANG_GSE202051_NAIVE	coordinate permutation	HALLMARK_PROTEIN_SECRETION	205	-0.012787180453041409	2026
HWANG_GSE202051_NAIVE	coordinate permutation	HALLMARK_PROTEIN_SECRETION	206	-0.012282320161724794	2026
HWANG_GSE202051_NAIVE	coordinate permutation	HALLMARK_PROTEIN_SECRETION	207	-0.0146707967690331	2026
HWANG_GSE202051_NAIVE	coordinate permutation	HALLMARK_PROTEIN_SECRETION	208	-0.008721443616436805	2026
HWANG_GSE202051_NAIVE	coordinate permutation	HALLMARK_PROTEIN_SECRETION	209	-0.013391604625263787	2026
HWANG_GSE202051_NAIVE	coordinate permutation	HALLMARK_PROTEIN_SECRETION	210	-0.01223615041061329	2026
HWANG_GSE202051_NAIVE	coordinate permutation	HALLMARK_PROTEIN_SECRETION	211	-0.012091658260091561	2026
HWANG_GSE202051_NAIVE	coordinate permutation	HALLMARK_PROTEIN_SECRETION	212	-0.011523560097557011	2026
HWANG_GSE202051_NAIVE	coordinate permutation	HALLMARK_PROTEIN_SECRETION	213	-0.015941249774461312	2026
HWANG_GSE202051_NAIVE	coordinate permutation	HALLMARK_PROTEIN_SECRETION	214	-0.01288742541082102	2026
HWANG_GSE202051_NAIVE	coordinate permutation	HALLMARK_PROTEIN_SECRETION	215	-0.016271379281757162	2026
HWANG_GSE202051_NAIVE	coordinate permutation	HALLMARK_PROTEIN_SECRETION	216	-0.00984813863883362	2026
HWANG_GSE202051_NAIVE	coordinate permutation	HALLMARK_PROTEIN_SECRETION	217	-0.01114937183162662	2026
HWANG_GSE202051_NAIVE	coordinate permutation	HALLMARK_PROTEIN_SECRETION	218	-0.012989082533365498	2026
HWANG_GSE202051_NAIVE	coordinate permutation	HALLMARK_PROTEIN_SECRETION	219	-0.011223915486205821	2026
HWANG_GSE202051_NAIVE	coordinate permutation	HALLMARK_PROTEIN_SECRETION	220	-0.008460039981557728	2026
HWANG_GSE202051_NAIVE	coordinate permutation	HALLMARK_PROTEIN_SECRETION	221	-0.01339772422657645	2026
HWANG_GSE202051_NAIVE	coordinate permutation	HALLMARK_PROTEIN_SECRETION	222	-0.012793792297499877	2026
HWANG_GSE202051_NAIVE	coordinate permutation	HALLMARK_PROTEIN_SECRETION	223	-0.015433536619609407	2026
HWANG_GSE202051_NAIVE	coordinate permutation	HALLMARK_PROTEIN_SECRETION	224	-0.01251069723571153	2026
HWANG_GSE202051_NAIVE	coordinate permutation	HALLMARK_PROTEIN_SECRETION	225	-0.014084702336495713	2026
HWANG_GSE202051_NAIVE	coordinate permutation	HALLMARK_PROTEIN_SECRETION	226	-0.016207952054002737	2026
HWANG_GSE202051_NAIVE	coordinate permutation	HALLMARK_PROTEIN_SECRETION	227	-0.01443195209942076	2026
HWANG_GSE202051_NAIVE	coordinate permutation	HALLMARK_PROTEIN_SECRETION	228	-0.011980733627646092	2026
HWANG_GSE202051_NAIVE	coordinate permutation	HALLMARK_PROTEIN_SECRETION	229	-0.012214187352164153	2026
HWANG_GSE202051_NAIVE	coordinate permutation	HALLMARK_PROTEIN_SECRETION	230	-0.01447252921247213	2026
HWANG_GSE202051_NAIVE	coordinate permutation	HALLMARK_PROTEIN_SECRETION	231	-0.012510505103154924	2026
HWANG_GSE202051_NAIVE	coordinate permutation	HALLMARK_PROTEIN_SECRETION	232	-0.009582606323685157	2026
HWANG_GSE202051_NAIVE	coordinate permutation	HALLMARK_PROTEIN_SECRETION	233	-0.011864679605971193	2026
HWANG_GSE202051_NAIVE	coordinate permutation	HALLMARK_PROTEIN_SECRETION	234	-0.012859225221926066	2026
HWANG_GSE202051_NAIVE	coordinate permutation	HALLMARK_PROTEIN_SECRETION	235	-0.012627209758047453	2026
HWANG_GSE202051_NAIVE	coordinate permutation	HALLMARK_PROTEIN_SECRETION	236	-0.01066451099334658	2026
HWANG_GSE202051_NAIVE	coordinate permutation	HALLMARK_PROTEIN_SECRETION	237	-0.01517444545942352	2026
HWANG_GSE202051_NAIVE	coordinate permutation	HALLMARK_PROTEIN_SECRETION	238	-0.013656711709319645	2026
HWANG_GSE202051_NAIVE	coordinate permutation	HALLMARK_PROTEIN_SECRETION	239	-0.014336750207670343	2026
HWANG_GSE202051_NAIVE	coordinate permutation	HALLMARK_PROTEIN_SECRETION	240	-0.01126125154858358	2026
HWANG_GSE202051_NAIVE	coordinate permutation	HALLMARK_PROTEIN_SECRETION	241	-0.00735517321353005	2026
HWANG_GSE202051_NAIVE	coordinate permutation	HALLMARK_PROTEIN_SECRETION	242	-0.011312004362546363	2026
HWANG_GSE202051_NAIVE	coordinate permutation	HALLMARK_PROTEIN_SECRETION	243	-0.014785680049174387	2026
HWANG_GSE202051_NAIVE	coordinate permutation	HALLMARK_PROTEIN_SECRETION	244	-0.015975327686001406	2026
HWANG_GSE202051_NAIVE	coordinate permutation	HALLMARK_PROTEIN_SECRETION	245	-0.012018346034066612	2026
HWANG_GSE202051_NAIVE	coordinate permutation	HALLMARK_PROTEIN_SECRETION	246	-0.010641876990425451	2026
HWANG_GSE202051_NAIVE	coordinate permutation	HALLMARK_PROTEIN_SECRETION	247	-0.014521391575790387	2026
HWANG_GSE202051_NAIVE	coordinate permutation	HALLMARK_PROTEIN_SECRETION	248	-0.01248460211106246	2026
HWANG_GSE202051_NAIVE	coordinate permutation	HALLMARK_PROTEIN_SECRETION	249	-0.011455844673525091	2026
HWANG_GSE202051_NAIVE	coordinate permutation	HALLMARK_PROTEIN_SECRETION	250	-0.012616468226419876	2026
HWANG_GSE202051_NAIVE	coordinate permutation	HALLMARK_PROTEIN_SECRETION	251	-0.012828093780756231	2026
HWANG_GSE202051_NAIVE	coordinate permutation	HALLMARK_PROTEIN_SECRETION	252	-0.01397019078323319	2026
HWANG_GSE202051_NAIVE	coordinate permutation	HALLMARK_PROTEIN_SECRETION	253	-0.01734749337805912	2026
HWANG_GSE202051_NAIVE	coordinate permutation	HALLMARK_PROTEIN_SECRETION	254	-0.01491024566677118	2026
HWANG_GSE202051_NAIVE	coordinate permutation	HALLMARK_PROTEIN_SECRETION	255	-0.012645340563838387	2026
HWANG_GSE202051_NAIVE	coordinate permutation	HALLMARK_PROTEIN_SECRETION	256	-0.014692152033885924	2026
HWANG_GSE202051_NAIVE	coordinate permutation	HALLMARK_PROTEIN_SECRETION	257	-0.0137118955721559	2026
HWANG_GSE202051_NAIVE	coordinate permutation	HALLMARK_PROTEIN_SECRETION	258	-0.010361888544256202	2026
HWANG_GSE202051_NAIVE	coordinate permutation	HALLMARK_PROTEIN_SECRETION	259	-0.010502578331114594	2026
HWANG_GSE202051_NAIVE	coordinate permutation	HALLMARK_PROTEIN_SECRETION	260	-0.013590901721786354	2026
HWANG_GSE202051_NAIVE	coordinate permutation	HALLMARK_PROTEIN_SECRETION	261	-0.01586743782114063	2026
HWANG_GSE202051_NAIVE	coordinate permutation	HALLMARK_PROTEIN_SECRETION	262	-0.01267897121980147	2026
HWANG_GSE202051_NAIVE	coordinate permutation	HALLMARK_PROTEIN_SECRETION	263	-0.01442318663631734	2026
HWANG_GSE202051_NAIVE	coordinate permutation	HALLMARK_PROTEIN_SECRETION	264	-0.01061712491182761	2026
HWANG_GSE202051_NAIVE	coordinate permutation	HALLMARK_PROTEIN_SECRETION	265	-0.014621626277353993	2026
HWANG_GSE202051_NAIVE	coordinate permutation	HALLMARK_PROTEIN_SECRETION	266	-0.008146106578440648	2026
HWANG_GSE202051_NAIVE	coordinate permutation	HALLMARK_PROTEIN_SECRETION	267	-0.01568884064641651	2026
HWANG_GSE202051_NAIVE	coordinate permutation	HALLMARK_PROTEIN_SECRETION	268	-0.011994101980289738	2026
HWANG_GSE202051_NAIVE	coordinate permutation	HALLMARK_PROTEIN_SECRETION	269	-0.014644256173592484	2026
HWANG_GSE202051_NAIVE	coordinate permutation	HALLMARK_PROTEIN_SECRETION	270	-0.013183331843013422	2026
HWANG_GSE202051_NAIVE	coordinate permutation	HALLMARK_PROTEIN_SECRETION	271	-0.01322104082389912	2026
HWANG_GSE202051_NAIVE	coordinate permutation	HALLMARK_PROTEIN_SECRETION	272	-0.008277798060726475	2026
HWANG_GSE202051_NAIVE	coordinate permutation	HALLMARK_PROTEIN_SECRETION	273	-0.01455604984355741	2026
HWANG_GSE202051_NAIVE	coordinate permutation	HALLMARK_PROTEIN_SECRETION	274	-0.012398610192629224	2026
HWANG_GSE202051_NAIVE	coordinate permutation	HALLMARK_PROTEIN_SECRETION	275	-0.012853403176415057	2026
HWANG_GSE202051_NAIVE	coordinate permutation	HALLMARK_PROTEIN_SECRETION	276	-0.013154025653182785	2026
HWANG_GSE202051_NAIVE	coordinate permutation	HALLMARK_PROTEIN_SECRETION	277	-0.014234059648667323	2026
HWANG_GSE202051_NAIVE	coordinate permutation	HALLMARK_PROTEIN_SECRETION	278	-0.009883016202589466	2026
HWANG_GSE202051_NAIVE	coordinate permutation	HALLMARK_PROTEIN_SECRETION	279	-0.01531051584765722	2026
HWANG_GSE202051_NAIVE	coordinate permutation	HALLMARK_PROTEIN_SECRETION	280	-0.014438881808384168	2026
HWANG_GSE202051_NAIVE	coordinate permutation	HALLMARK_PROTEIN_SECRETION	281	-0.013318475022163769	2026
HWANG_GSE202051_NAIVE	coordinate permutation	HALLMARK_PROTEIN_SECRETION	282	-0.009321746104065826	2026
HWANG_GSE202051_NAIVE	coordinate permutation	HALLMARK_PROTEIN_SECRETION	283	-0.011657999092897095	2026
HWANG_GSE202051_NAIVE	coordinate permutation	HALLMARK_PROTEIN_SECRETION	284	-0.012097002753620615	2026
HWANG_GSE202051_NAIVE	coordinate permutation	HALLMARK_PROTEIN_SECRETION	285	-0.009603888815878875	2026
HWANG_GSE202051_NAIVE	coordinate permutation	HALLMARK_PROTEIN_SECRETION	286	-0.011278452547181066	2026
HWANG_GSE202051_NAIVE	coordinate permutation	HALLMARK_PROTEIN_SECRETION	287	-0.012112850936769132	2026
HWANG_GSE202051_NAIVE	coordinate permutation	HALLMARK_PROTEIN_SECRETION	288	-0.010054094303042391	2026
HWANG_GSE202051_NAIVE	coordinate permutation	HALLMARK_PROTEIN_SECRETION	289	-0.015694421908277023	2026
HWANG_GSE202051_NAIVE	coordinate permutation	HALLMARK_PROTEIN_SECRETION	290	-0.014499863610707759	2026
HWANG_GSE202051_NAIVE	coordinate permutation	HALLMARK_PROTEIN_SECRETION	291	-0.01694947735877142	2026
HWANG_GSE202051_NAIVE	coordinate permutation	HALLMARK_PROTEIN_SECRETION	292	-0.009775809365828145	2026
HWANG_GSE202051_NAIVE	coordinate permutation	HALLMARK_PROTEIN_SECRETION	293	-0.01201328658963427	2026
HWANG_GSE202051_NAIVE	coordinate permutation	HALLMARK_PROTEIN_SECRETION	294	-0.016339366787987825	2026
HWANG_GSE202051_NAIVE	coordinate permutation	HALLMARK_PROTEIN_SECRETION	295	-0.013350845248601473	2026
HWANG_GSE202051_NAIVE	coordinate permutation	HALLMARK_PROTEIN_SECRETION	296	-0.012287945221525065	2026
HWANG_GSE202051_NAIVE	coordinate permutation	HALLMARK_PROTEIN_SECRETION	297	-0.01326462786668304	2026
HWANG_GSE202051_NAIVE	coordinate permutation	HALLMARK_PROTEIN_SECRETION	298	-0.011150854098921857	2026
HWANG_GSE202051_NAIVE	coordinate permutation	HALLMARK_PROTEIN_SECRETION	299	-0.012286646277025946	2026
HWANG_GSE202051_NAIVE	coordinate permutation	HALLMARK_PROTEIN_SECRETION	300	-0.009940188287550004	2026
HWANG_GSE202051_NAIVE	coordinate permutation	HALLMARK_PROTEIN_SECRETION	301	-0.01375111439218846	2026
HWANG_GSE202051_NAIVE	coordinate permutation	HALLMARK_PROTEIN_SECRETION	302	-0.012180659921135067	2026
HWANG_GSE202051_NAIVE	coordinate permutation	HALLMARK_PROTEIN_SECRETION	303	-0.009573440440649153	2026
HWANG_GSE202051_NAIVE	coordinate permutation	HALLMARK_PROTEIN_SECRETION	304	-0.014478480175448847	2026
HWANG_GSE202051_NAIVE	coordinate permutation	HALLMARK_PROTEIN_SECRETION	305	-0.010567209836440074	2026
HWANG_GSE202051_NAIVE	coordinate permutation	HALLMARK_PROTEIN_SECRETION	306	-0.013726091585694065	2026
HWANG_GSE202051_NAIVE	coordinate permutation	HALLMARK_PROTEIN_SECRETION	307	-0.01139318091646651	2026
HWANG_GSE202051_NAIVE	coordinate permutation	HALLMARK_PROTEIN_SECRETION	308	-0.00835502257331955	2026
HWANG_GSE202051_NAIVE	coordinate permutation	HALLMARK_PROTEIN_SECRETION	309	-0.011223259729988229	2026
HWANG_GSE202051_NAIVE	coordinate permutation	HALLMARK_PROTEIN_SECRETION	310	-0.011476598662192106	2026
HWANG_GSE202051_NAIVE	coordinate permutation	HALLMARK_PROTEIN_SECRETION	311	-0.010921205817443415	2026
HWANG_GSE202051_NAIVE	coordinate permutation	HALLMARK_PROTEIN_SECRETION	312	-0.0133580315637122	2026
HWANG_GSE202051_NAIVE	coordinate permutation	HALLMARK_PROTEIN_SECRETION	313	-0.009393250439420074	2026
HWANG_GSE202051_NAIVE	coordinate permutation	HALLMARK_PROTEIN_SECRETION	314	-0.007446470942381959	2026
HWANG_GSE202051_NAIVE	coordinate permutation	HALLMARK_PROTEIN_SECRETION	315	-0.01496267724141499	2026
HWANG_GSE202051_NAIVE	coordinate permutation	HALLMARK_PROTEIN_SECRETION	316	-0.015523891489054352	2026
HWANG_GSE202051_NAIVE	coordinate permutation	HALLMARK_PROTEIN_SECRETION	317	-0.011826565286355336	2026
HWANG_GSE202051_NAIVE	coordinate permutation	HALLMARK_PROTEIN_SECRETION	318	-0.014944764603078111	2026
HWANG_GSE202051_NAIVE	coordinate permutation	HALLMARK_PROTEIN_SECRETION	319	-0.01361742672094612	2026
HWANG_GSE202051_NAIVE	coordinate permutation	HALLMARK_PROTEIN_SECRETION	320	-0.014400681386729269	2026
HWANG_GSE202051_NAIVE	coordinate permutation	HALLMARK_PROTEIN_SECRETION	321	-0.013396905150468114	2026
HWANG_GSE202051_NAIVE	coordinate permutation	HALLMARK_PROTEIN_SECRETION	322	-0.014711800665925492	2026
HWANG_GSE202051_NAIVE	coordinate permutation	HALLMARK_PROTEIN_SECRETION	323	-0.011688761543470818	2026
HWANG_GSE202051_NAIVE	coordinate permutation	HALLMARK_PROTEIN_SECRETION	324	-0.012424202496456909	2026
HWANG_GSE202051_NAIVE	coordinate permutation	HALLMARK_PROTEIN_SECRETION	325	-0.010637029669708354	2026
HWANG_GSE202051_NAIVE	coordinate permutation	HALLMARK_PROTEIN_SECRETION	326	-0.010345692318230435	2026
HWANG_GSE202051_NAIVE	coordinate permutation	HALLMARK_PROTEIN_SECRETION	327	-0.013068497664368782	2026
HWANG_GSE202051_NAIVE	coordinate permutation	HALLMARK_PROTEIN_SECRETION	328	-0.014391739850194353	2026
HWANG_GSE202051_NAIVE	coordinate permutation	HALLMARK_PROTEIN_SECRETION	329	-0.014764376655264507	2026
HWANG_GSE202051_NAIVE	coordinate permutation	HALLMARK_PROTEIN_SECRETION	330	-0.011237027903325173	2026
HWANG_GSE202051_NAIVE	coordinate permutation	HALLMARK_PROTEIN_SECRETION	331	-0.013234326587001684	2026
HWANG_GSE202051_NAIVE	coordinate permutation	HALLMARK_PROTEIN_SECRETION	332	-0.010410252651307437	2026
HWANG_GSE202051_NAIVE	coordinate permutation	HALLMARK_PROTEIN_SECRETION	333	-0.013746701234002703	2026
HWANG_GSE202051_NAIVE	coordinate permutation	HALLMARK_PROTEIN_SECRETION	334	-0.011459985400208272	2026
HWANG_GSE202051_NAIVE	coordinate permutation	HALLMARK_PROTEIN_SECRETION	335	-0.012427332716319562	2026
HWANG_GSE202051_NAIVE	coordinate permutation	HALLMARK_PROTEIN_SECRETION	336	-0.011615994705702865	2026
HWANG_GSE202051_NAIVE	coordinate permutation	HALLMARK_PROTEIN_SECRETION	337	-0.012181974350035707	2026
HWANG_GSE202051_NAIVE	coordinate permutation	HALLMARK_PROTEIN_SECRETION	338	-0.013117391746540762	2026
HWANG_GSE202051_NAIVE	coordinate permutation	HALLMARK_PROTEIN_SECRETION	339	-0.014540727802466749	2026
HWANG_GSE202051_NAIVE	coordinate permutation	HALLMARK_PROTEIN_SECRETION	340	-0.008996748003024323	2026
HWANG_GSE202051_NAIVE	coordinate permutation	HALLMARK_PROTEIN_SECRETION	341	-0.014881961114040167	2026
HWANG_GSE202051_NAIVE	coordinate permutation	HALLMARK_PROTEIN_SECRETION	342	-0.008728866926823658	2026
HWANG_GSE202051_NAIVE	coordinate permutation	HALLMARK_PROTEIN_SECRETION	343	-0.013031296034954216	2026
HWANG_GSE202051_NAIVE	coordinate permutation	HALLMARK_PROTEIN_SECRETION	344	-0.01211918616937774	2026
HWANG_GSE202051_NAIVE	coordinate permutation	HALLMARK_PROTEIN_SECRETION	345	-0.01216920532870229	2026
HWANG_GSE202051_NAIVE	coordinate permutation	HALLMARK_PROTEIN_SECRETION	346	-0.013339181927349755	2026
HWANG_GSE202051_NAIVE	coordinate permutation	HALLMARK_PROTEIN_SECRETION	347	-0.011699191194763793	2026
HWANG_GSE202051_NAIVE	coordinate permutation	HALLMARK_PROTEIN_SECRETION	348	-0.01341052472311347	2026
HWANG_GSE202051_NAIVE	coordinate permutation	HALLMARK_PROTEIN_SECRETION	349	-0.014354130877937235	2026
HWANG_GSE202051_NAIVE	coordinate permutation	HALLMARK_PROTEIN_SECRETION	350	-0.016334361977118864	2026
HWANG_GSE202051_NAIVE	coordinate permutation	HALLMARK_PROTEIN_SECRETION	351	-0.010935151412212815	2026
HWANG_GSE202051_NAIVE	coordinate permutation	HALLMARK_PROTEIN_SECRETION	352	-0.00937404359366278	2026
HWANG_GSE202051_NAIVE	coordinate permutation	HALLMARK_PROTEIN_SECRETION	353	-0.011224531613669163	2026
HWANG_GSE202051_NAIVE	coordinate permutation	HALLMARK_PROTEIN_SECRETION	354	-0.014734301417985637	2026
HWANG_GSE202051_NAIVE	coordinate permutation	HALLMARK_PROTEIN_SECRETION	355	-0.013469583541204075	2026
HWANG_GSE202051_NAIVE	coordinate permutation	HALLMARK_PROTEIN_SECRETION	356	-0.011411911408658198	2026
HWANG_GSE202051_NAIVE	coordinate permutation	HALLMARK_PROTEIN_SECRETION	357	-0.011516755104603656	2026
HWANG_GSE202051_NAIVE	coordinate permutation	HALLMARK_PROTEIN_SECRETION	358	-0.014107284636430609	2026
HWANG_GSE202051_NAIVE	coordinate permutation	HALLMARK_PROTEIN_SECRETION	359	-0.014293219752945457	2026
HWANG_GSE202051_NAIVE	coordinate permutation	HALLMARK_PROTEIN_SECRETION	360	-0.01249134507955513	2026
HWANG_GSE202051_NAIVE	coordinate permutation	HALLMARK_PROTEIN_SECRETION	361	-0.014643297532305708	2026
HWANG_GSE202051_NAIVE	coordinate permutation	HALLMARK_PROTEIN_SECRETION	362	-0.010156274267024335	2026
HWANG_GSE202051_NAIVE	coordinate permutation	HALLMARK_PROTEIN_SECRETION	363	-0.011816406173599052	2026
HWANG_GSE202051_NAIVE	coordinate permutation	HALLMARK_PROTEIN_SECRETION	364	-0.009653798567547096	2026
HWANG_GSE202051_NAIVE	coordinate permutation	HALLMARK_PROTEIN_SECRETION	365	-0.013738771535394287	2026
HWANG_GSE202051_NAIVE	coordinate permutation	HALLMARK_PROTEIN_SECRETION	366	-0.009625009925635803	2026
HWANG_GSE202051_NAIVE	coordinate permutation	HALLMARK_PROTEIN_SECRETION	367	-0.01007341081807468	2026
HWANG_GSE202051_NAIVE	coordinate permutation	HALLMARK_PROTEIN_SECRETION	368	-0.00939869891553107	2026
HWANG_GSE202051_NAIVE	coordinate permutation	HALLMARK_PROTEIN_SECRETION	369	-0.00980985976405063	2026
HWANG_GSE202051_NAIVE	coordinate permutation	HALLMARK_PROTEIN_SECRETION	370	-0.01349759503158296	2026
HWANG_GSE202051_NAIVE	coordinate permutation	HALLMARK_PROTEIN_SECRETION	371	-0.011474234529619987	2026
HWANG_GSE202051_NAIVE	coordinate permutation	HALLMARK_PROTEIN_SECRETION	372	-0.00949649212129419	2026
HWANG_GSE202051_NAIVE	coordinate permutation	HALLMARK_PROTEIN_SECRETION	373	-0.011872354883210461	2026
HWANG_GSE202051_NAIVE	coordinate permutation	HALLMARK_PROTEIN_SECRETION	374	-0.01184035224120989	2026
HWANG_GSE202051_NAIVE	coordinate permutation	HALLMARK_PROTEIN_SECRETION	375	-0.011350331921235175	2026
HWANG_GSE202051_NAIVE	coordinate permutation	HALLMARK_PROTEIN_SECRETION	376	-0.01423582387906069	2026
HWANG_GSE202051_NAIVE	coordinate permutation	HALLMARK_PROTEIN_SECRETION	377	-0.00990224371823506	2026
HWANG_GSE202051_NAIVE	coordinate permutation	HALLMARK_PROTEIN_SECRETION	378	-0.012037813431001607	2026
HWANG_GSE202051_NAIVE	coordinate permutation	HALLMARK_PROTEIN_SECRETION	379	-0.013881952942408626	2026
HWANG_GSE202051_NAIVE	coordinate permutation	HALLMARK_PROTEIN_SECRETION	380	-0.010560300534070269	2026
HWANG_GSE202051_NAIVE	coordinate permutation	HALLMARK_PROTEIN_SECRETION	381	-0.013080894331891269	2026
HWANG_GSE202051_NAIVE	coordinate permutation	HALLMARK_PROTEIN_SECRETION	382	-0.010108106205698903	2026
HWANG_GSE202051_NAIVE	coordinate permutation	HALLMARK_PROTEIN_SECRETION	383	-0.010262522105108062	2026
HWANG_GSE202051_NAIVE	coordinate permutation	HALLMARK_PROTEIN_SECRETION	384	-0.012990647147038584	2026
HWANG_GSE202051_NAIVE	coordinate permutation	HALLMARK_PROTEIN_SECRETION	385	-0.010266053089373915	2026
HWANG_GSE202051_NAIVE	coordinate permutation	HALLMARK_PROTEIN_SECRETION	386	-0.011788549552054476	2026
HWANG_GSE202051_NAIVE	coordinate permutation	HALLMARK_PROTEIN_SECRETION	387	-0.01254969157018592	2026
HWANG_GSE202051_NAIVE	coordinate permutation	HALLMARK_PROTEIN_SECRETION	388	-0.013306419567088553	2026
HWANG_GSE202051_NAIVE	coordinate permutation	HALLMARK_PROTEIN_SECRETION	389	-0.010058655045647269	2026
HWANG_GSE202051_NAIVE	coordinate permutation	HALLMARK_PROTEIN_SECRETION	390	-0.012721329055898449	2026
HWANG_GSE202051_NAIVE	coordinate permutation	HALLMARK_PROTEIN_SECRETION	391	-0.017321791328781436	2026
HWANG_GSE202051_NAIVE	coordinate permutation	HALLMARK_PROTEIN_SECRETION	392	-0.015912377354048126	2026
HWANG_GSE202051_NAIVE	coordinate permutation	HALLMARK_PROTEIN_SECRETION	393	-0.010185790168877057	2026
HWANG_GSE202051_NAIVE	coordinate permutation	HALLMARK_PROTEIN_SECRETION	394	-0.012957792310085597	2026
HWANG_GSE202051_NAIVE	coordinate permutation	HALLMARK_PROTEIN_SECRETION	395	-0.008722497334054148	2026
HWANG_GSE202051_NAIVE	coordinate permutation	HALLMARK_PROTEIN_SECRETION	396	-0.012992240828913563	2026
HWANG_GSE202051_NAIVE	coordinate permutation	HALLMARK_PROTEIN_SECRETION	397	-0.010450361240068129	2026
HWANG_GSE202051_NAIVE	coordinate permutation	HALLMARK_PROTEIN_SECRETION	398	-0.01276010466084349	2026
HWANG_GSE202051_NAIVE	coordinate permutation	HALLMARK_PROTEIN_SECRETION	399	-0.008355622592903232	2026
HWANG_GSE202051_NAIVE	coordinate permutation	HALLMARK_PROTEIN_SECRETION	400	-0.013379142879317686	2026
HWANG_GSE202051_NAIVE	coordinate permutation	HALLMARK_PROTEIN_SECRETION	401	-0.013001830959149866	2026
HWANG_GSE202051_NAIVE	coordinate permutation	HALLMARK_PROTEIN_SECRETION	402	-0.011218789957706332	2026
HWANG_GSE202051_NAIVE	coordinate permutation	HALLMARK_PROTEIN_SECRETION	403	-0.011375258573884179	2026
HWANG_GSE202051_NAIVE	coordinate permutation	HALLMARK_PROTEIN_SECRETION	404	-0.013821411676463094	2026
HWANG_GSE202051_NAIVE	coordinate permutation	HALLMARK_PROTEIN_SECRETION	405	-0.011245932160298278	2026
HWANG_GSE202051_NAIVE	coordinate permutation	HALLMARK_PROTEIN_SECRETION	406	-0.015331237598877487	2026
HWANG_GSE202051_NAIVE	coordinate permutation	HALLMARK_PROTEIN_SECRETION	407	-0.00962449058949965	2026
HWANG_GSE202051_NAIVE	coordinate permutation	HALLMARK_PROTEIN_SECRETION	408	-0.010074828176304628	2026
HWANG_GSE202051_NAIVE	coordinate permutation	HALLMARK_PROTEIN_SECRETION	409	-0.011739630457388543	2026
HWANG_GSE202051_NAIVE	coordinate permutation	HALLMARK_PROTEIN_SECRETION	410	-0.016058059103100188	2026
HWANG_GSE202051_NAIVE	coordinate permutation	HALLMARK_PROTEIN_SECRETION	411	-0.012740586331855909	2026
HWANG_GSE202051_NAIVE	coordinate permutation	HALLMARK_PROTEIN_SECRETION	412	-0.01014151834077626	2026
HWANG_GSE202051_NAIVE	coordinate permutation	HALLMARK_PROTEIN_SECRETION	413	-0.017116325329607766	2026
HWANG_GSE202051_NAIVE	coordinate permutation	HALLMARK_PROTEIN_SECRETION	414	-0.00856600152561182	2026
HWANG_GSE202051_NAIVE	coordinate permutation	HALLMARK_PROTEIN_SECRETION	415	-0.010181423776317661	2026
HWANG_GSE202051_NAIVE	coordinate permutation	HALLMARK_PROTEIN_SECRETION	416	-0.01044651461844054	2026
HWANG_GSE202051_NAIVE	coordinate permutation	HALLMARK_PROTEIN_SECRETION	417	-0.01239216920576468	2026
HWANG_GSE202051_NAIVE	coordinate permutation	HALLMARK_PROTEIN_SECRETION	418	-0.0069915768131271925	2026
HWANG_GSE202051_NAIVE	coordinate permutation	HALLMARK_PROTEIN_SECRETION	419	-0.017165187448942507	2026
HWANG_GSE202051_NAIVE	coordinate permutation	HALLMARK_PROTEIN_SECRETION	420	-0.012364037393263656	2026
HWANG_GSE202051_NAIVE	coordinate permutation	HALLMARK_PROTEIN_SECRETION	421	-0.011490310455769948	2026
HWANG_GSE202051_NAIVE	coordinate permutation	HALLMARK_PROTEIN_SECRETION	422	-0.010352832007478496	2026
HWANG_GSE202051_NAIVE	coordinate permutation	HALLMARK_PROTEIN_SECRETION	423	-0.01425891062416213	2026
HWANG_GSE202051_NAIVE	coordinate permutation	HALLMARK_PROTEIN_SECRETION	424	-0.013064680835515017	2026
HWANG_GSE202051_NAIVE	coordinate permutation	HALLMARK_PROTEIN_SECRETION	425	-0.010536043502417259	2026
HWANG_GSE202051_NAIVE	coordinate permutation	HALLMARK_PROTEIN_SECRETION	426	-0.012478258121598617	2026
HWANG_GSE202051_NAIVE	coordinate permutation	HALLMARK_PROTEIN_SECRETION	427	-0.015097724718043893	2026
HWANG_GSE202051_NAIVE	coordinate permutation	HALLMARK_PROTEIN_SECRETION	428	-0.01228650988110628	2026
HWANG_GSE202051_NAIVE	coordinate permutation	HALLMARK_PROTEIN_SECRETION	429	-0.014394606048734269	2026
HWANG_GSE202051_NAIVE	coordinate permutation	HALLMARK_PROTEIN_SECRETION	430	-0.01571680008758531	2026
HWANG_GSE202051_NAIVE	coordinate permutation	HALLMARK_PROTEIN_SECRETION	431	-0.011342536888260533	2026
HWANG_GSE202051_NAIVE	coordinate permutation	HALLMARK_PROTEIN_SECRETION	432	-0.013226266219052395	2026
HWANG_GSE202051_NAIVE	coordinate permutation	HALLMARK_PROTEIN_SECRETION	433	-0.010786605066177138	2026
HWANG_GSE202051_NAIVE	coordinate permutation	HALLMARK_PROTEIN_SECRETION	434	-0.01080005576104967	2026
HWANG_GSE202051_NAIVE	coordinate permutation	HALLMARK_PROTEIN_SECRETION	435	-0.009683484927316764	2026
HWANG_GSE202051_NAIVE	coordinate permutation	HALLMARK_PROTEIN_SECRETION	436	-0.01197639310549889	2026
HWANG_GSE202051_NAIVE	coordinate permutation	HALLMARK_PROTEIN_SECRETION	437	-0.013333601619735918	2026
HWANG_GSE202051_NAIVE	coordinate permutation	HALLMARK_PROTEIN_SECRETION	438	-0.015904986893506945	2026
HWANG_GSE202051_NAIVE	coordinate permutation	HALLMARK_PROTEIN_SECRETION	439	-0.011549432487396222	2026
HWANG_GSE202051_NAIVE	coordinate permutation	HALLMARK_PROTEIN_SECRETION	440	-0.013778373817094302	2026
HWANG_GSE202051_NAIVE	coordinate permutation	HALLMARK_PROTEIN_SECRETION	441	-0.013936481862413166	2026
HWANG_GSE202051_NAIVE	coordinate permutation	HALLMARK_PROTEIN_SECRETION	442	-0.010352880310078747	2026
HWANG_GSE202051_NAIVE	coordinate permutation	HALLMARK_PROTEIN_SECRETION	443	-0.015696725135100176	2026
HWANG_GSE202051_NAIVE	coordinate permutation	HALLMARK_PROTEIN_SECRETION	444	-0.01362311577049217	2026
HWANG_GSE202051_NAIVE	coordinate permutation	HALLMARK_PROTEIN_SECRETION	445	-0.010238548484746545	2026
HWANG_GSE202051_NAIVE	coordinate permutation	HALLMARK_PROTEIN_SECRETION	446	-0.010619015479016643	2026
HWANG_GSE202051_NAIVE	coordinate permutation	HALLMARK_PROTEIN_SECRETION	447	-0.011236864584563562	2026
HWANG_GSE202051_NAIVE	coordinate permutation	HALLMARK_PROTEIN_SECRETION	448	-0.014594426151943755	2026
HWANG_GSE202051_NAIVE	coordinate permutation	HALLMARK_PROTEIN_SECRETION	449	-0.014181624099590149	2026
HWANG_GSE202051_NAIVE	coordinate permutation	HALLMARK_PROTEIN_SECRETION	450	-0.01415682104387106	2026
HWANG_GSE202051_NAIVE	coordinate permutation	HALLMARK_PROTEIN_SECRETION	451	-0.01263329781564237	2026
HWANG_GSE202051_NAIVE	coordinate permutation	HALLMARK_PROTEIN_SECRETION	452	-0.008295405066509923	2026
HWANG_GSE202051_NAIVE	coordinate permutation	HALLMARK_PROTEIN_SECRETION	453	-0.008609433922402559	2026
HWANG_GSE202051_NAIVE	coordinate permutation	HALLMARK_PROTEIN_SECRETION	454	-0.008829010891621079	2026
HWANG_GSE202051_NAIVE	coordinate permutation	HALLMARK_PROTEIN_SECRETION	455	-0.01502729384208751	2026
HWANG_GSE202051_NAIVE	coordinate permutation	HALLMARK_PROTEIN_SECRETION	456	-0.01281532476409359	2026
HWANG_GSE202051_NAIVE	coordinate permutation	HALLMARK_PROTEIN_SECRETION	457	-0.012556981858063651	2026
HWANG_GSE202051_NAIVE	coordinate permutation	HALLMARK_PROTEIN_SECRETION	458	-0.01187294768388679	2026
HWANG_GSE202051_NAIVE	coordinate permutation	HALLMARK_PROTEIN_SECRETION	459	-0.011348426393773769	2026
HWANG_GSE202051_NAIVE	coordinate permutation	HALLMARK_PROTEIN_SECRETION	460	-0.01095623099941944	2026
HWANG_GSE202051_NAIVE	coordinate permutation	HALLMARK_PROTEIN_SECRETION	461	-0.011523672283118711	2026
HWANG_GSE202051_NAIVE	coordinate permutation	HALLMARK_PROTEIN_SECRETION	462	-0.009065814262685799	2026
HWANG_GSE202051_NAIVE	coordinate permutation	HALLMARK_PROTEIN_SECRETION	463	-0.013442330734877847	2026
HWANG_GSE202051_NAIVE	coordinate permutation	HALLMARK_PROTEIN_SECRETION	464	-0.01275515182556462	2026
HWANG_GSE202051_NAIVE	coordinate permutation	HALLMARK_PROTEIN_SECRETION	465	-0.010408229044849681	2026
HWANG_GSE202051_NAIVE	coordinate permutation	HALLMARK_PROTEIN_SECRETION	466	-0.012138004573996925	2026
HWANG_GSE202051_NAIVE	coordinate permutation	HALLMARK_PROTEIN_SECRETION	467	-0.012167359186800423	2026
HWANG_GSE202051_NAIVE	coordinate permutation	HALLMARK_PROTEIN_SECRETION	468	-0.012346956485502231	2026
HWANG_GSE202051_NAIVE	coordinate permutation	HALLMARK_PROTEIN_SECRETION	469	-0.011630038105440582	2026
HWANG_GSE202051_NAIVE	coordinate permutation	HALLMARK_PROTEIN_SECRETION	470	-0.013524935497332016	2026
HWANG_GSE202051_NAIVE	coordinate permutation	HALLMARK_PROTEIN_SECRETION	471	-0.01284966304522615	2026
HWANG_GSE202051_NAIVE	coordinate permutation	HALLMARK_PROTEIN_SECRETION	472	-0.011184541862491413	2026
HWANG_GSE202051_NAIVE	coordinate permutation	HALLMARK_PROTEIN_SECRETION	473	-0.013202577336452172	2026
HWANG_GSE202051_NAIVE	coordinate permutation	HALLMARK_PROTEIN_SECRETION	474	-0.01521570738435358	2026
HWANG_GSE202051_NAIVE	coordinate permutation	HALLMARK_PROTEIN_SECRETION	475	-0.013981336304324595	2026
HWANG_GSE202051_NAIVE	coordinate permutation	HALLMARK_PROTEIN_SECRETION	476	-0.008864513575685032	2026
HWANG_GSE202051_NAIVE	coordinate permutation	HALLMARK_PROTEIN_SECRETION	477	-0.013048182931247536	2026
HWANG_GSE202051_NAIVE	coordinate permutation	HALLMARK_PROTEIN_SECRETION	478	-0.012367327082564836	2026
HWANG_GSE202051_NAIVE	coordinate permutation	HALLMARK_PROTEIN_SECRETION	479	-0.012658006960747025	2026
HWANG_GSE202051_NAIVE	coordinate permutation	HALLMARK_PROTEIN_SECRETION	480	-0.015154424188093141	2026
HWANG_GSE202051_NAIVE	coordinate permutation	HALLMARK_PROTEIN_SECRETION	481	-0.012291995304043027	2026
HWANG_GSE202051_NAIVE	coordinate permutation	HALLMARK_PROTEIN_SECRETION	482	-0.01327887902999498	2026
HWANG_GSE202051_NAIVE	coordinate permutation	HALLMARK_PROTEIN_SECRETION	483	-0.012920955542547666	2026
HWANG_GSE202051_NAIVE	coordinate permutation	HALLMARK_PROTEIN_SECRETION	484	-0.014109602941130846	2026
HWANG_GSE202051_NAIVE	coordinate permutation	HALLMARK_PROTEIN_SECRETION	485	-0.01842640086076456	2026
HWANG_GSE202051_NAIVE	coordinate permutation	HALLMARK_PROTEIN_SECRETION	486	-0.010905787197850606	2026
HWANG_GSE202051_NAIVE	coordinate permutation	HALLMARK_PROTEIN_SECRETION	487	-0.010713978975513249	2026
HWANG_GSE202051_NAIVE	coordinate permutation	HALLMARK_PROTEIN_SECRETION	488	-0.016300724244392165	2026
HWANG_GSE202051_NAIVE	coordinate permutation	HALLMARK_PROTEIN_SECRETION	489	-0.011806616501685872	2026
HWANG_GSE202051_NAIVE	coordinate permutation	HALLMARK_PROTEIN_SECRETION	490	-0.01017112643447576	2026
HWANG_GSE202051_NAIVE	coordinate permutation	HALLMARK_PROTEIN_SECRETION	491	-0.008740163129228947	2026
HWANG_GSE202051_NAIVE	coordinate permutation	HALLMARK_PROTEIN_SECRETION	492	-0.012527364040737251	2026
HWANG_GSE202051_NAIVE	coordinate permutation	HALLMARK_PROTEIN_SECRETION	493	-0.014606356600134728	2026
HWANG_GSE202051_NAIVE	coordinate permutation	HALLMARK_PROTEIN_SECRETION	494	-0.010467710927829365	2026
HWANG_GSE202051_NAIVE	coordinate permutation	HALLMARK_PROTEIN_SECRETION	495	-0.013220223840350251	2026
HWANG_GSE202051_NAIVE	coordinate permutation	HALLMARK_PROTEIN_SECRETION	496	-0.01617947247946385	2026
HWANG_GSE202051_NAIVE	coordinate permutation	HALLMARK_PROTEIN_SECRETION	497	-0.014146998766934198	2026
HWANG_GSE202051_NAIVE	coordinate permutation	HALLMARK_PROTEIN_SECRETION	498	-0.01055647331274923	2026
HWANG_GSE202051_NAIVE	coordinate permutation	HALLMARK_PROTEIN_SECRETION	499	-0.011933328020425474	2026
HWANG_GSE202051_NAIVE	coordinate permutation	HALLMARK_PROTEIN_SECRETION	500	-0.01462828313688294	2026
HWANG_GSE202051_NAIVE	coordinate permutation	HALLMARK_PROTEIN_SECRETION	501	-0.015994555151848375	2026
HWANG_GSE202051_NAIVE	coordinate permutation	HALLMARK_PROTEIN_SECRETION	502	-0.012049643613317347	2026
HWANG_GSE202051_NAIVE	coordinate permutation	HALLMARK_PROTEIN_SECRETION	503	-0.01081970877059267	2026
HWANG_GSE202051_NAIVE	coordinate permutation	HALLMARK_PROTEIN_SECRETION	504	-0.015875336003771775	2026
HWANG_GSE202051_NAIVE	coordinate permutation	HALLMARK_PROTEIN_SECRETION	505	-0.014173529751325409	2026
HWANG_GSE202051_NAIVE	coordinate permutation	HALLMARK_PROTEIN_SECRETION	506	-0.01320501710547296	2026
HWANG_GSE202051_NAIVE	coordinate permutation	HALLMARK_PROTEIN_SECRETION	507	-0.008361842519707795	2026
HWANG_GSE202051_NAIVE	coordinate permutation	HALLMARK_PROTEIN_SECRETION	508	-0.013019416808033117	2026
HWANG_GSE202051_NAIVE	coordinate permutation	HALLMARK_PROTEIN_SECRETION	509	-0.010700089548653091	2026
HWANG_GSE202051_NAIVE	coordinate permutation	HALLMARK_PROTEIN_SECRETION	510	-0.011104982952684781	2026
HWANG_GSE202051_NAIVE	coordinate permutation	HALLMARK_PROTEIN_SECRETION	511	-0.012095007711796316	2026
HWANG_GSE202051_NAIVE	coordinate permutation	HALLMARK_PROTEIN_SECRETION	512	-0.013279130389078493	2026
HWANG_GSE202051_NAIVE	coordinate permutation	HALLMARK_PROTEIN_SECRETION	513	-0.01211537275952602	2026
HWANG_GSE202051_NAIVE	coordinate permutation	HALLMARK_PROTEIN_SECRETION	514	-0.014689062569090883	2026
HWANG_GSE202051_NAIVE	coordinate permutation	HALLMARK_PROTEIN_SECRETION	515	-0.009683500429935498	2026
HWANG_GSE202051_NAIVE	coordinate permutation	HALLMARK_PROTEIN_SECRETION	516	-0.010442673997248877	2026
HWANG_GSE202051_NAIVE	coordinate permutation	HALLMARK_PROTEIN_SECRETION	517	-0.015981904860451285	2026
HWANG_GSE202051_NAIVE	coordinate permutation	HALLMARK_PROTEIN_SECRETION	518	-0.01873146354539645	2026
HWANG_GSE202051_NAIVE	coordinate permutation	HALLMARK_PROTEIN_SECRETION	519	-0.014111238582475656	2026
HWANG_GSE202051_NAIVE	coordinate permutation	HALLMARK_PROTEIN_SECRETION	520	-0.013132155955109541	2026
HWANG_GSE202051_NAIVE	coordinate permutation	HALLMARK_PROTEIN_SECRETION	521	-0.013114436636954881	2026
HWANG_GSE202051_NAIVE	coordinate permutation	HALLMARK_PROTEIN_SECRETION	522	-0.013008383827050057	2026
HWANG_GSE202051_NAIVE	coordinate permutation	HALLMARK_PROTEIN_SECRETION	523	-0.012383473438773737	2026
HWANG_GSE202051_NAIVE	coordinate permutation	HALLMARK_PROTEIN_SECRETION	524	-0.015718153979353923	2026
HWANG_GSE202051_NAIVE	coordinate permutation	HALLMARK_PROTEIN_SECRETION	525	-0.011314956613566242	2026
HWANG_GSE202051_NAIVE	coordinate permutation	HALLMARK_PROTEIN_SECRETION	526	-0.013374556449172664	2026
HWANG_GSE202051_NAIVE	coordinate permutation	HALLMARK_PROTEIN_SECRETION	527	-0.013220971251353842	2026
HWANG_GSE202051_NAIVE	coordinate permutation	HALLMARK_PROTEIN_SECRETION	528	-0.014453744326446308	2026
HWANG_GSE202051_NAIVE	coordinate permutation	HALLMARK_PROTEIN_SECRETION	529	-0.009416224617372775	2026
HWANG_GSE202051_NAIVE	coordinate permutation	HALLMARK_PROTEIN_SECRETION	530	-0.015495956004594904	2026
HWANG_GSE202051_NAIVE	coordinate permutation	HALLMARK_PROTEIN_SECRETION	531	-0.011539654721306422	2026
HWANG_GSE202051_NAIVE	coordinate permutation	HALLMARK_PROTEIN_SECRETION	532	-0.01150896649438577	2026
HWANG_GSE202051_NAIVE	coordinate permutation	HALLMARK_PROTEIN_SECRETION	533	-0.014186979173678213	2026
HWANG_GSE202051_NAIVE	coordinate permutation	HALLMARK_PROTEIN_SECRETION	534	-0.01435829230444585	2026
HWANG_GSE202051_NAIVE	coordinate permutation	HALLMARK_PROTEIN_SECRETION	535	-0.011590121503249595	2026
HWANG_GSE202051_NAIVE	coordinate permutation	HALLMARK_PROTEIN_SECRETION	536	-0.014356693289586874	2026
HWANG_GSE202051_NAIVE	coordinate permutation	HALLMARK_PROTEIN_SECRETION	537	-0.014640634547606318	2026
HWANG_GSE202051_NAIVE	coordinate permutation	HALLMARK_PROTEIN_SECRETION	538	-0.01341247448799118	2026
HWANG_GSE202051_NAIVE	coordinate permutation	HALLMARK_PROTEIN_SECRETION	539	-0.01093194554539053	2026
HWANG_GSE202051_NAIVE	coordinate permutation	HALLMARK_PROTEIN_SECRETION	540	-0.008152736777656003	2026
HWANG_GSE202051_NAIVE	coordinate permutation	HALLMARK_PROTEIN_SECRETION	541	-0.012659090335050568	2026
HWANG_GSE202051_NAIVE	coordinate permutation	HALLMARK_PROTEIN_SECRETION	542	-0.012397636385018996	2026
HWANG_GSE202051_NAIVE	coordinate permutation	HALLMARK_PROTEIN_SECRETION	543	-0.01052719608851737	2026
HWANG_GSE202051_NAIVE	coordinate permutation	HALLMARK_PROTEIN_SECRETION	544	-0.009616675441435149	2026
HWANG_GSE202051_NAIVE	coordinate permutation	HALLMARK_PROTEIN_SECRETION	545	-0.011683211776102978	2026
HWANG_GSE202051_NAIVE	coordinate permutation	HALLMARK_PROTEIN_SECRETION	546	-0.013595961584483396	2026
HWANG_GSE202051_NAIVE	coordinate permutation	HALLMARK_PROTEIN_SECRETION	547	-0.011315182279375141	2026
HWANG_GSE202051_NAIVE	coordinate permutation	HALLMARK_PROTEIN_SECRETION	548	-0.015495275655765918	2026
HWANG_GSE202051_NAIVE	coordinate permutation	HALLMARK_PROTEIN_SECRETION	549	-0.012317317618185936	2026
HWANG_GSE202051_NAIVE	coordinate permutation	HALLMARK_PROTEIN_SECRETION	550	-0.015137430299116012	2026
HWANG_GSE202051_NAIVE	coordinate permutation	HALLMARK_PROTEIN_SECRETION	551	-0.010938720419238995	2026
HWANG_GSE202051_NAIVE	coordinate permutation	HALLMARK_PROTEIN_SECRETION	552	-0.01137461727543612	2026
HWANG_GSE202051_NAIVE	coordinate permutation	HALLMARK_PROTEIN_SECRETION	553	-0.01388794650048856	2026
HWANG_GSE202051_NAIVE	coordinate permutation	HALLMARK_PROTEIN_SECRETION	554	-0.010459488261645191	2026
HWANG_GSE202051_NAIVE	coordinate permutation	HALLMARK_PROTEIN_SECRETION	555	-0.012728860315278518	2026
HWANG_GSE202051_NAIVE	coordinate permutation	HALLMARK_PROTEIN_SECRETION	556	-0.014063053914620783	2026
HWANG_GSE202051_NAIVE	coordinate permutation	HALLMARK_PROTEIN_SECRETION	557	-0.014696433116739998	2026
HWANG_GSE202051_NAIVE	coordinate permutation	HALLMARK_PROTEIN_SECRETION	558	-0.013379014498102915	2026
HWANG_GSE202051_NAIVE	coordinate permutation	HALLMARK_PROTEIN_SECRETION	559	-0.01212724974977564	2026
HWANG_GSE202051_NAIVE	coordinate permutation	HALLMARK_PROTEIN_SECRETION	560	-0.016453296767462128	2026
HWANG_GSE202051_NAIVE	coordinate permutation	HALLMARK_PROTEIN_SECRETION	561	-0.012397999477415815	2026
HWANG_GSE202051_NAIVE	coordinate permutation	HALLMARK_PROTEIN_SECRETION	562	-0.010515852399825401	2026
HWANG_GSE202051_NAIVE	coordinate permutation	HALLMARK_PROTEIN_SECRETION	563	-0.012776838609999822	2026
HWANG_GSE202051_NAIVE	coordinate permutation	HALLMARK_PROTEIN_SECRETION	564	-0.019685142563264035	2026
HWANG_GSE202051_NAIVE	coordinate permutation	HALLMARK_PROTEIN_SECRETION	565	-0.016299324993478758	2026
HWANG_GSE202051_NAIVE	coordinate permutation	HALLMARK_PROTEIN_SECRETION	566	-0.014399972647661685	2026
HWANG_GSE202051_NAIVE	coordinate permutation	HALLMARK_PROTEIN_SECRETION	567	-0.014596066145720088	2026
HWANG_GSE202051_NAIVE	coordinate permutation	HALLMARK_PROTEIN_SECRETION	568	-0.013970166061173694	2026
HWANG_GSE202051_NAIVE	coordinate permutation	HALLMARK_PROTEIN_SECRETION	569	-0.01349084158124687	2026
HWANG_GSE202051_NAIVE	coordinate permutation	HALLMARK_PROTEIN_SECRETION	570	-0.010563245706201766	2026
HWANG_GSE202051_NAIVE	coordinate permutation	HALLMARK_PROTEIN_SECRETION	571	-0.00901313172103617	2026
HWANG_GSE202051_NAIVE	coordinate permutation	HALLMARK_PROTEIN_SECRETION	572	-0.01356815074863214	2026
HWANG_GSE202051_NAIVE	coordinate permutation	HALLMARK_PROTEIN_SECRETION	573	-0.013340929555426127	2026
HWANG_GSE202051_NAIVE	coordinate permutation	HALLMARK_PROTEIN_SECRETION	574	-0.010961906247056738	2026
HWANG_GSE202051_NAIVE	coordinate permutation	HALLMARK_PROTEIN_SECRETION	575	-0.008644763706488572	2026
HWANG_GSE202051_NAIVE	coordinate permutation	HALLMARK_PROTEIN_SECRETION	576	-0.012401536054121944	2026
HWANG_GSE202051_NAIVE	coordinate permutation	HALLMARK_PROTEIN_SECRETION	577	-0.01131399857717924	2026
HWANG_GSE202051_NAIVE	coordinate permutation	HALLMARK_PROTEIN_SECRETION	578	-0.01442271343461559	2026
HWANG_GSE202051_NAIVE	coordinate permutation	HALLMARK_PROTEIN_SECRETION	579	-0.01180158428583327	2026
HWANG_GSE202051_NAIVE	coordinate permutation	HALLMARK_PROTEIN_SECRETION	580	-0.011739118853861497	2026
HWANG_GSE202051_NAIVE	coordinate permutation	HALLMARK_PROTEIN_SECRETION	581	-0.011976856052058478	2026
HWANG_GSE202051_NAIVE	coordinate permutation	HALLMARK_PROTEIN_SECRETION	582	-0.01250270422410079	2026
HWANG_GSE202051_NAIVE	coordinate permutation	HALLMARK_PROTEIN_SECRETION	583	-0.011756773302402622	2026
HWANG_GSE202051_NAIVE	coordinate permutation	HALLMARK_PROTEIN_SECRETION	584	-0.012175952782750925	2026
HWANG_GSE202051_NAIVE	coordinate permutation	HALLMARK_PROTEIN_SECRETION	585	-0.011906487130797864	2026
HWANG_GSE202051_NAIVE	coordinate permutation	HALLMARK_PROTEIN_SECRETION	586	-0.011500978908728855	2026
HWANG_GSE202051_NAIVE	coordinate permutation	HALLMARK_PROTEIN_SECRETION	587	-0.011557688670832489	2026
HWANG_GSE202051_NAIVE	coordinate permutation	HALLMARK_PROTEIN_SECRETION	588	-0.011490177942415965	2026
HWANG_GSE202051_NAIVE	coordinate permutation	HALLMARK_PROTEIN_SECRETION	589	-0.011981192621629683	2026
HWANG_GSE202051_NAIVE	coordinate permutation	HALLMARK_PROTEIN_SECRETION	590	-0.014319196389899551	2026
HWANG_GSE202051_NAIVE	coordinate permutation	HALLMARK_PROTEIN_SECRETION	591	-0.009665045218641857	2026
HWANG_GSE202051_NAIVE	coordinate permutation	HALLMARK_PROTEIN_SECRETION	592	-0.013756520605154357	2026
HWANG_GSE202051_NAIVE	coordinate permutation	HALLMARK_PROTEIN_SECRETION	593	-0.012042772386149933	2026
HWANG_GSE202051_NAIVE	coordinate permutation	HALLMARK_PROTEIN_SECRETION	594	-0.011095390975430053	2026
HWANG_GSE202051_NAIVE	coordinate permutation	HALLMARK_PROTEIN_SECRETION	595	-0.013204675005703869	2026
HWANG_GSE202051_NAIVE	coordinate permutation	HALLMARK_PROTEIN_SECRETION	596	-0.011550612209655897	2026
HWANG_GSE202051_NAIVE	coordinate permutation	HALLMARK_PROTEIN_SECRETION	597	-0.009417114489815824	2026
HWANG_GSE202051_NAIVE	coordinate permutation	HALLMARK_PROTEIN_SECRETION	598	-0.012396697283378014	2026
HWANG_GSE202051_NAIVE	coordinate permutation	HALLMARK_PROTEIN_SECRETION	599	-0.011798704848793817	2026
HWANG_GSE202051_NAIVE	coordinate permutation	HALLMARK_PROTEIN_SECRETION	600	-0.01128871045914289	2026
HWANG_GSE202051_NAIVE	coordinate permutation	HALLMARK_PROTEIN_SECRETION	601	-0.015091305676375486	2026
HWANG_GSE202051_NAIVE	coordinate permutation	HALLMARK_PROTEIN_SECRETION	602	-0.01479450317729187	2026
HWANG_GSE202051_NAIVE	coordinate permutation	HALLMARK_PROTEIN_SECRETION	603	-0.01234002858629628	2026
HWANG_GSE202051_NAIVE	coordinate permutation	HALLMARK_PROTEIN_SECRETION	604	-0.012348768994139196	2026
HWANG_GSE202051_NAIVE	coordinate permutation	HALLMARK_PROTEIN_SECRETION	605	-0.01122422172589857	2026
HWANG_GSE202051_NAIVE	coordinate permutation	HALLMARK_PROTEIN_SECRETION	606	-0.009963830820932187	2026
HWANG_GSE202051_NAIVE	coordinate permutation	HALLMARK_PROTEIN_SECRETION	607	-0.012578753218098754	2026
HWANG_GSE202051_NAIVE	coordinate permutation	HALLMARK_PROTEIN_SECRETION	608	-0.01745578639643703	2026
HWANG_GSE202051_NAIVE	coordinate permutation	HALLMARK_PROTEIN_SECRETION	609	-0.011784280010074092	2026
HWANG_GSE202051_NAIVE	coordinate permutation	HALLMARK_PROTEIN_SECRETION	610	-0.014540237515248229	2026
HWANG_GSE202051_NAIVE	coordinate permutation	HALLMARK_PROTEIN_SECRETION	611	-0.012642482462456972	2026
HWANG_GSE202051_NAIVE	coordinate permutation	HALLMARK_PROTEIN_SECRETION	612	-0.01360019662656555	2026
HWANG_GSE202051_NAIVE	coordinate permutation	HALLMARK_PROTEIN_SECRETION	613	-0.014219225779996014	2026
HWANG_GSE202051_NAIVE	coordinate permutation	HALLMARK_PROTEIN_SECRETION	614	-0.014234191897716079	2026
HWANG_GSE202051_NAIVE	coordinate permutation	HALLMARK_PROTEIN_SECRETION	615	-0.011225427707837025	2026
HWANG_GSE202051_NAIVE	coordinate permutation	HALLMARK_PROTEIN_SECRETION	616	-0.012999104843089561	2026
HWANG_GSE202051_NAIVE	coordinate permutation	HALLMARK_PROTEIN_SECRETION	617	-0.011861967524722983	2026
HWANG_GSE202051_NAIVE	coordinate permutation	HALLMARK_PROTEIN_SECRETION	618	-0.015020263764192104	2026
HWANG_GSE202051_NAIVE	coordinate permutation	HALLMARK_PROTEIN_SECRETION	619	-0.01343312571083336	2026
HWANG_GSE202051_NAIVE	coordinate permutation	HALLMARK_PROTEIN_SECRETION	620	-0.011483722049384703	2026
HWANG_GSE202051_NAIVE	coordinate permutation	HALLMARK_PROTEIN_SECRETION	621	-0.01785144495029351	2026
HWANG_GSE202051_NAIVE	coordinate permutation	HALLMARK_PROTEIN_SECRETION	622	-0.010432317995790814	2026
HWANG_GSE202051_NAIVE	coordinate permutation	HALLMARK_PROTEIN_SECRETION	623	-0.010675117773251735	2026
HWANG_GSE202051_NAIVE	coordinate permutation	HALLMARK_PROTEIN_SECRETION	624	-0.013356765074381277	2026
HWANG_GSE202051_NAIVE	coordinate permutation	HALLMARK_PROTEIN_SECRETION	625	-0.011022106551383049	2026
HWANG_GSE202051_NAIVE	coordinate permutation	HALLMARK_PROTEIN_SECRETION	626	-0.01466011070030882	2026
HWANG_GSE202051_NAIVE	coordinate permutation	HALLMARK_PROTEIN_SECRETION	627	-0.010025482730761938	2026
HWANG_GSE202051_NAIVE	coordinate permutation	HALLMARK_PROTEIN_SECRETION	628	-0.011879647659024259	2026
HWANG_GSE202051_NAIVE	coordinate permutation	HALLMARK_PROTEIN_SECRETION	629	-0.011256280279499629	2026
HWANG_GSE202051_NAIVE	coordinate permutation	HALLMARK_PROTEIN_SECRETION	630	-0.0164088700602407	2026
HWANG_GSE202051_NAIVE	coordinate permutation	HALLMARK_PROTEIN_SECRETION	631	-0.01235764699217995	2026
HWANG_GSE202051_NAIVE	coordinate permutation	HALLMARK_PROTEIN_SECRETION	632	-0.016433137186827082	2026
HWANG_GSE202051_NAIVE	coordinate permutation	HALLMARK_PROTEIN_SECRETION	633	-0.013429465112731092	2026
HWANG_GSE202051_NAIVE	coordinate permutation	HALLMARK_PROTEIN_SECRETION	634	-0.011103808047592556	2026
HWANG_GSE202051_NAIVE	coordinate permutation	HALLMARK_PROTEIN_SECRETION	635	-0.009319055343357432	2026
HWANG_GSE202051_NAIVE	coordinate permutation	HALLMARK_PROTEIN_SECRETION	636	-0.01435987416629826	2026
HWANG_GSE202051_NAIVE	coordinate permutation	HALLMARK_PROTEIN_SECRETION	637	-0.012648832338946078	2026
HWANG_GSE202051_NAIVE	coordinate permutation	HALLMARK_PROTEIN_SECRETION	638	-0.00618503012036165	2026
HWANG_GSE202051_NAIVE	coordinate permutation	HALLMARK_PROTEIN_SECRETION	639	-0.011441659949847117	2026
HWANG_GSE202051_NAIVE	coordinate permutation	HALLMARK_PROTEIN_SECRETION	640	-0.011702369135315444	2026
HWANG_GSE202051_NAIVE	coordinate permutation	HALLMARK_PROTEIN_SECRETION	641	-0.011856074314358759	2026
HWANG_GSE202051_NAIVE	coordinate permutation	HALLMARK_PROTEIN_SECRETION	642	-0.013364346552111004	2026
HWANG_GSE202051_NAIVE	coordinate permutation	HALLMARK_PROTEIN_SECRETION	643	-0.012521683188902934	2026
HWANG_GSE202051_NAIVE	coordinate permutation	HALLMARK_PROTEIN_SECRETION	644	-0.013301187959072928	2026
HWANG_GSE202051_NAIVE	coordinate permutation	HALLMARK_PROTEIN_SECRETION	645	-0.01259556572016853	2026
HWANG_GSE202051_NAIVE	coordinate permutation	HALLMARK_PROTEIN_SECRETION	646	-0.01599658159997164	2026
HWANG_GSE202051_NAIVE	coordinate permutation	HALLMARK_PROTEIN_SECRETION	647	-0.010937366894657312	2026
HWANG_GSE202051_NAIVE	coordinate permutation	HALLMARK_PROTEIN_SECRETION	648	-0.013867400039110092	2026
HWANG_GSE202051_NAIVE	coordinate permutation	HALLMARK_PROTEIN_SECRETION	649	-0.01150599521284859	2026
HWANG_GSE202051_NAIVE	coordinate permutation	HALLMARK_PROTEIN_SECRETION	650	-0.013968498024755032	2026
HWANG_GSE202051_NAIVE	coordinate permutation	HALLMARK_PROTEIN_SECRETION	651	-0.010364131716233103	2026
HWANG_GSE202051_NAIVE	coordinate permutation	HALLMARK_PROTEIN_SECRETION	652	-0.012103550683766425	2026
HWANG_GSE202051_NAIVE	coordinate permutation	HALLMARK_PROTEIN_SECRETION	653	-0.009123915776276406	2026
HWANG_GSE202051_NAIVE	coordinate permutation	HALLMARK_PROTEIN_SECRETION	654	-0.012319049800183704	2026
HWANG_GSE202051_NAIVE	coordinate permutation	HALLMARK_PROTEIN_SECRETION	655	-0.011593918959626082	2026
HWANG_GSE202051_NAIVE	coordinate permutation	HALLMARK_PROTEIN_SECRETION	656	-0.012821139989846969	2026
HWANG_GSE202051_NAIVE	coordinate permutation	HALLMARK_PROTEIN_SECRETION	657	-0.01280781647160352	2026
HWANG_GSE202051_NAIVE	coordinate permutation	HALLMARK_PROTEIN_SECRETION	658	-0.011355074145728464	2026
HWANG_GSE202051_NAIVE	coordinate permutation	HALLMARK_PROTEIN_SECRETION	659	-0.012266494574971218	2026
HWANG_GSE202051_NAIVE	coordinate permutation	HALLMARK_PROTEIN_SECRETION	660	-0.011616767452954393	2026
HWANG_GSE202051_NAIVE	coordinate permutation	HALLMARK_PROTEIN_SECRETION	661	-0.011557735035186562	2026
HWANG_GSE202051_NAIVE	coordinate permutation	HALLMARK_PROTEIN_SECRETION	662	-0.009829639802610724	2026
HWANG_GSE202051_NAIVE	coordinate permutation	HALLMARK_PROTEIN_SECRETION	663	-0.014234291103676258	2026
HWANG_GSE202051_NAIVE	coordinate permutation	HALLMARK_PROTEIN_SECRETION	664	-0.011088208447191071	2026
HWANG_GSE202051_NAIVE	coordinate permutation	HALLMARK_PROTEIN_SECRETION	665	-0.011702926821071767	2026
HWANG_GSE202051_NAIVE	coordinate permutation	HALLMARK_PROTEIN_SECRETION	666	-0.01170063681123012	2026
HWANG_GSE202051_NAIVE	coordinate permutation	HALLMARK_PROTEIN_SECRETION	667	-0.013042051178885105	2026
HWANG_GSE202051_NAIVE	coordinate permutation	HALLMARK_PROTEIN_SECRETION	668	-0.010299634204057972	2026
HWANG_GSE202051_NAIVE	coordinate permutation	HALLMARK_PROTEIN_SECRETION	669	-0.013864535081994851	2026
HWANG_GSE202051_NAIVE	coordinate permutation	HALLMARK_PROTEIN_SECRETION	670	-0.01653140796893746	2026
HWANG_GSE202051_NAIVE	coordinate permutation	HALLMARK_PROTEIN_SECRETION	671	-0.0112175170400705	2026
HWANG_GSE202051_NAIVE	coordinate permutation	HALLMARK_PROTEIN_SECRETION	672	-0.013035043866800216	2026
HWANG_GSE202051_NAIVE	coordinate permutation	HALLMARK_PROTEIN_SECRETION	673	-0.01111660768721277	2026
HWANG_GSE202051_NAIVE	coordinate permutation	HALLMARK_PROTEIN_SECRETION	674	-0.012356660138028535	2026
HWANG_GSE202051_NAIVE	coordinate permutation	HALLMARK_PROTEIN_SECRETION	675	-0.009505534411380821	2026
HWANG_GSE202051_NAIVE	coordinate permutation	HALLMARK_PROTEIN_SECRETION	676	-0.014553269116385777	2026
HWANG_GSE202051_NAIVE	coordinate permutation	HALLMARK_PROTEIN_SECRETION	677	-0.010120628213350885	2026
HWANG_GSE202051_NAIVE	coordinate permutation	HALLMARK_PROTEIN_SECRETION	678	-0.010168400816608934	2026
HWANG_GSE202051_NAIVE	coordinate permutation	HALLMARK_PROTEIN_SECRETION	679	-0.012953468086824373	2026
HWANG_GSE202051_NAIVE	coordinate permutation	HALLMARK_PROTEIN_SECRETION	680	-0.01301770713809659	2026
HWANG_GSE202051_NAIVE	coordinate permutation	HALLMARK_PROTEIN_SECRETION	681	-0.013346587125002161	2026
HWANG_GSE202051_NAIVE	coordinate permutation	HALLMARK_PROTEIN_SECRETION	682	-0.012606711929614683	2026
HWANG_GSE202051_NAIVE	coordinate permutation	HALLMARK_PROTEIN_SECRETION	683	-0.009477568299454902	2026
HWANG_GSE202051_NAIVE	coordinate permutation	HALLMARK_PROTEIN_SECRETION	684	-0.012274098195099212	2026
HWANG_GSE202051_NAIVE	coordinate permutation	HALLMARK_PROTEIN_SECRETION	685	-0.00942265852595039	2026
HWANG_GSE202051_NAIVE	coordinate permutation	HALLMARK_PROTEIN_SECRETION	686	-0.011046693870082072	2026
HWANG_GSE202051_NAIVE	coordinate permutation	HALLMARK_PROTEIN_SECRETION	687	-0.010993032677357777	2026
HWANG_GSE202051_NAIVE	coordinate permutation	HALLMARK_PROTEIN_SECRETION	688	-0.014950479189382672	2026
HWANG_GSE202051_NAIVE	coordinate permutation	HALLMARK_PROTEIN_SECRETION	689	-0.007772664226642774	2026
HWANG_GSE202051_NAIVE	coordinate permutation	HALLMARK_PROTEIN_SECRETION	690	-0.012654299600230092	2026
HWANG_GSE202051_NAIVE	coordinate permutation	HALLMARK_PROTEIN_SECRETION	691	-0.012751752948094674	2026
HWANG_GSE202051_NAIVE	coordinate permutation	HALLMARK_PROTEIN_SECRETION	692	-0.00923268135230226	2026
HWANG_GSE202051_NAIVE	coordinate permutation	HALLMARK_PROTEIN_SECRETION	693	-0.00994163642139643	2026
HWANG_GSE202051_NAIVE	coordinate permutation	HALLMARK_PROTEIN_SECRETION	694	-0.00840355309074356	2026
HWANG_GSE202051_NAIVE	coordinate permutation	HALLMARK_PROTEIN_SECRETION	695	-0.014628867657850745	2026
HWANG_GSE202051_NAIVE	coordinate permutation	HALLMARK_PROTEIN_SECRETION	696	-0.012794123979624492	2026
HWANG_GSE202051_NAIVE	coordinate permutation	HALLMARK_PROTEIN_SECRETION	697	-0.012796425669686253	2026
HWANG_GSE202051_NAIVE	coordinate permutation	HALLMARK_PROTEIN_SECRETION	698	-0.013760927940875939	2026
HWANG_GSE202051_NAIVE	coordinate permutation	HALLMARK_PROTEIN_SECRETION	699	-0.011858342377157143	2026
HWANG_GSE202051_NAIVE	coordinate permutation	HALLMARK_PROTEIN_SECRETION	700	-0.012329081625886909	2026
HWANG_GSE202051_NAIVE	coordinate permutation	HALLMARK_PROTEIN_SECRETION	701	-0.013251129086399948	2026
HWANG_GSE202051_NAIVE	coordinate permutation	HALLMARK_PROTEIN_SECRETION	702	-0.009778425528544365	2026
HWANG_GSE202051_NAIVE	coordinate permutation	HALLMARK_PROTEIN_SECRETION	703	-0.013036489675487343	2026
HWANG_GSE202051_NAIVE	coordinate permutation	HALLMARK_PROTEIN_SECRETION	704	-0.011442602659932403	2026
HWANG_GSE202051_NAIVE	coordinate permutation	HALLMARK_PROTEIN_SECRETION	705	-0.015994691291849352	2026
HWANG_GSE202051_NAIVE	coordinate permutation	HALLMARK_PROTEIN_SECRETION	706	-0.012410158780537398	2026
HWANG_GSE202051_NAIVE	coordinate permutation	HALLMARK_PROTEIN_SECRETION	707	-0.009729129551877562	2026
HWANG_GSE202051_NAIVE	coordinate permutation	HALLMARK_PROTEIN_SECRETION	708	-0.01121774381024381	2026
HWANG_GSE202051_NAIVE	coordinate permutation	HALLMARK_PROTEIN_SECRETION	709	-0.014046622642490732	2026
HWANG_GSE202051_NAIVE	coordinate permutation	HALLMARK_PROTEIN_SECRETION	710	-0.010001441599488958	2026
HWANG_GSE202051_NAIVE	coordinate permutation	HALLMARK_PROTEIN_SECRETION	711	-0.013025046606630434	2026
HWANG_GSE202051_NAIVE	coordinate permutation	HALLMARK_PROTEIN_SECRETION	712	-0.0072723136096702065	2026
HWANG_GSE202051_NAIVE	coordinate permutation	HALLMARK_PROTEIN_SECRETION	713	-0.011901113415353161	2026
HWANG_GSE202051_NAIVE	coordinate permutation	HALLMARK_PROTEIN_SECRETION	714	-0.012973109298297314	2026
HWANG_GSE202051_NAIVE	coordinate permutation	HALLMARK_PROTEIN_SECRETION	715	-0.012244203869806429	2026
HWANG_GSE202051_NAIVE	coordinate permutation	HALLMARK_PROTEIN_SECRETION	716	-0.012412788852067048	2026
HWANG_GSE202051_NAIVE	coordinate permutation	HALLMARK_PROTEIN_SECRETION	717	-0.011095339194532922	2026
HWANG_GSE202051_NAIVE	coordinate permutation	HALLMARK_PROTEIN_SECRETION	718	-0.012366192169692227	2026
HWANG_GSE202051_NAIVE	coordinate permutation	HALLMARK_PROTEIN_SECRETION	719	-0.010249194072684176	2026
HWANG_GSE202051_NAIVE	coordinate permutation	HALLMARK_PROTEIN_SECRETION	720	-0.012947391287785277	2026
HWANG_GSE202051_NAIVE	coordinate permutation	HALLMARK_PROTEIN_SECRETION	721	-0.012558100584419378	2026
HWANG_GSE202051_NAIVE	coordinate permutation	HALLMARK_PROTEIN_SECRETION	722	-0.009868177512988671	2026
HWANG_GSE202051_NAIVE	coordinate permutation	HALLMARK_PROTEIN_SECRETION	723	-0.012063782166774742	2026
HWANG_GSE202051_NAIVE	coordinate permutation	HALLMARK_PROTEIN_SECRETION	724	-0.017133836815811602	2026
HWANG_GSE202051_NAIVE	coordinate permutation	HALLMARK_PROTEIN_SECRETION	725	-0.01530223725172544	2026
HWANG_GSE202051_NAIVE	coordinate permutation	HALLMARK_PROTEIN_SECRETION	726	-0.012313448492985326	2026
HWANG_GSE202051_NAIVE	coordinate permutation	HALLMARK_PROTEIN_SECRETION	727	-0.01277443716530761	2026
HWANG_GSE202051_NAIVE	coordinate permutation	HALLMARK_PROTEIN_SECRETION	728	-0.011591540319146948	2026
HWANG_GSE202051_NAIVE	coordinate permutation	HALLMARK_PROTEIN_SECRETION	729	-0.011640908458386123	2026
HWANG_GSE202051_NAIVE	coordinate permutation	HALLMARK_PROTEIN_SECRETION	730	-0.010015872045426175	2026
HWANG_GSE202051_NAIVE	coordinate permutation	HALLMARK_PROTEIN_SECRETION	731	-0.015962978191404794	2026
HWANG_GSE202051_NAIVE	coordinate permutation	HALLMARK_PROTEIN_SECRETION	732	-0.010901481175695794	2026
HWANG_GSE202051_NAIVE	coordinate permutation	HALLMARK_PROTEIN_SECRETION	733	-0.016469882036474794	2026
HWANG_GSE202051_NAIVE	coordinate permutation	HALLMARK_PROTEIN_SECRETION	734	-0.014986601056104438	2026
HWANG_GSE202051_NAIVE	coordinate permutation	HALLMARK_PROTEIN_SECRETION	735	-0.011182707437767407	2026
HWANG_GSE202051_NAIVE	coordinate permutation	HALLMARK_PROTEIN_SECRETION	736	-0.014040505499009273	2026
HWANG_GSE202051_NAIVE	coordinate permutation	HALLMARK_PROTEIN_SECRETION	737	-0.014222709722492425	2026
HWANG_GSE202051_NAIVE	coordinate permutation	HALLMARK_PROTEIN_SECRETION	738	-0.01476834787287904	2026
HWANG_GSE202051_NAIVE	coordinate permutation	HALLMARK_PROTEIN_SECRETION	739	-0.011511815886730262	2026
HWANG_GSE202051_NAIVE	coordinate permutation	HALLMARK_PROTEIN_SECRETION	740	-0.011939866103895266	2026
HWANG_GSE202051_NAIVE	coordinate permutation	HALLMARK_PROTEIN_SECRETION	741	-0.010651250567806754	2026
HWANG_GSE202051_NAIVE	coordinate permutation	HALLMARK_PROTEIN_SECRETION	742	-0.014051370735581357	2026
HWANG_GSE202051_NAIVE	coordinate permutation	HALLMARK_PROTEIN_SECRETION	743	-0.013767032288614468	2026
HWANG_GSE202051_NAIVE	coordinate permutation	HALLMARK_PROTEIN_SECRETION	744	-0.012814598504110342	2026
HWANG_GSE202051_NAIVE	coordinate permutation	HALLMARK_PROTEIN_SECRETION	745	-0.013723045766532722	2026
HWANG_GSE202051_NAIVE	coordinate permutation	HALLMARK_PROTEIN_SECRETION	746	-0.0165236155153962	2026
HWANG_GSE202051_NAIVE	coordinate permutation	HALLMARK_PROTEIN_SECRETION	747	-0.015677055917142975	2026
HWANG_GSE202051_NAIVE	coordinate permutation	HALLMARK_PROTEIN_SECRETION	748	-0.01339566808249183	2026
HWANG_GSE202051_NAIVE	coordinate permutation	HALLMARK_PROTEIN_SECRETION	749	-0.013774811620971958	2026
HWANG_GSE202051_NAIVE	coordinate permutation	HALLMARK_PROTEIN_SECRETION	750	-0.012973635971148017	2026
HWANG_GSE202051_NAIVE	coordinate permutation	HALLMARK_PROTEIN_SECRETION	751	-0.015366378609759285	2026
HWANG_GSE202051_NAIVE	coordinate permutation	HALLMARK_PROTEIN_SECRETION	752	-0.013994177622956096	2026
HWANG_GSE202051_NAIVE	coordinate permutation	HALLMARK_PROTEIN_SECRETION	753	-0.016559412153963775	2026
HWANG_GSE202051_NAIVE	coordinate permutation	HALLMARK_PROTEIN_SECRETION	754	-0.012180329263138764	2026
HWANG_GSE202051_NAIVE	coordinate permutation	HALLMARK_PROTEIN_SECRETION	755	-0.013074960803593204	2026
HWANG_GSE202051_NAIVE	coordinate permutation	HALLMARK_PROTEIN_SECRETION	756	-0.012035964919433696	2026
HWANG_GSE202051_NAIVE	coordinate permutation	HALLMARK_PROTEIN_SECRETION	757	-0.011191952263535915	2026
HWANG_GSE202051_NAIVE	coordinate permutation	HALLMARK_PROTEIN_SECRETION	758	-0.014759374925029984	2026
HWANG_GSE202051_NAIVE	coordinate permutation	HALLMARK_PROTEIN_SECRETION	759	-0.011745550697395184	2026
HWANG_GSE202051_NAIVE	coordinate permutation	HALLMARK_PROTEIN_SECRETION	760	-0.012722415761333277	2026
HWANG_GSE202051_NAIVE	coordinate permutation	HALLMARK_PROTEIN_SECRETION	761	-0.011430794390928705	2026
HWANG_GSE202051_NAIVE	coordinate permutation	HALLMARK_PROTEIN_SECRETION	762	-0.010847176597459023	2026
HWANG_GSE202051_NAIVE	coordinate permutation	HALLMARK_PROTEIN_SECRETION	763	-0.010011757661471015	2026
HWANG_GSE202051_NAIVE	coordinate permutation	HALLMARK_PROTEIN_SECRETION	764	-0.009165818596623033	2026
HWANG_GSE202051_NAIVE	coordinate permutation	HALLMARK_PROTEIN_SECRETION	765	-0.013012145051010275	2026
HWANG_GSE202051_NAIVE	coordinate permutation	HALLMARK_PROTEIN_SECRETION	766	-0.010202666358453785	2026
HWANG_GSE202051_NAIVE	coordinate permutation	HALLMARK_PROTEIN_SECRETION	767	-0.012457615062130202	2026
HWANG_GSE202051_NAIVE	coordinate permutation	HALLMARK_PROTEIN_SECRETION	768	-0.01505182982943034	2026
HWANG_GSE202051_NAIVE	coordinate permutation	HALLMARK_PROTEIN_SECRETION	769	-0.013119501125465656	2026
HWANG_GSE202051_NAIVE	coordinate permutation	HALLMARK_PROTEIN_SECRETION	770	-0.014706350960090219	2026
HWANG_GSE202051_NAIVE	coordinate permutation	HALLMARK_PROTEIN_SECRETION	771	-0.008441575209920033	2026
HWANG_GSE202051_NAIVE	coordinate permutation	HALLMARK_PROTEIN_SECRETION	772	-0.009486073671525744	2026
HWANG_GSE202051_NAIVE	coordinate permutation	HALLMARK_PROTEIN_SECRETION	773	-0.01297339362132888	2026
HWANG_GSE202051_NAIVE	coordinate permutation	HALLMARK_PROTEIN_SECRETION	774	-0.013631926249959602	2026
HWANG_GSE202051_NAIVE	coordinate permutation	HALLMARK_PROTEIN_SECRETION	775	-0.013752985621113293	2026
HWANG_GSE202051_NAIVE	coordinate permutation	HALLMARK_PROTEIN_SECRETION	776	-0.01546795788682666	2026
HWANG_GSE202051_NAIVE	coordinate permutation	HALLMARK_PROTEIN_SECRETION	777	-0.012460338484050794	2026
HWANG_GSE202051_NAIVE	coordinate permutation	HALLMARK_PROTEIN_SECRETION	778	-0.012069886099472425	2026
HWANG_GSE202051_NAIVE	coordinate permutation	HALLMARK_PROTEIN_SECRETION	779	-0.010038204011614512	2026
HWANG_GSE202051_NAIVE	coordinate permutation	HALLMARK_PROTEIN_SECRETION	780	-0.009591168481944606	2026
HWANG_GSE202051_NAIVE	coordinate permutation	HALLMARK_PROTEIN_SECRETION	781	-0.012343875129570601	2026
HWANG_GSE202051_NAIVE	coordinate permutation	HALLMARK_PROTEIN_SECRETION	782	-0.014485195656906176	2026
HWANG_GSE202051_NAIVE	coordinate permutation	HALLMARK_PROTEIN_SECRETION	783	-0.011741323171110554	2026
HWANG_GSE202051_NAIVE	coordinate permutation	HALLMARK_PROTEIN_SECRETION	784	-0.012874973838131906	2026
HWANG_GSE202051_NAIVE	coordinate permutation	HALLMARK_PROTEIN_SECRETION	785	-0.01461518127104905	2026
HWANG_GSE202051_NAIVE	coordinate permutation	HALLMARK_PROTEIN_SECRETION	786	-0.014671764887337799	2026
HWANG_GSE202051_NAIVE	coordinate permutation	HALLMARK_PROTEIN_SECRETION	787	-0.01666209805716637	2026
HWANG_GSE202051_NAIVE	coordinate permutation	HALLMARK_PROTEIN_SECRETION	788	-0.015776517346806587	2026
HWANG_GSE202051_NAIVE	coordinate permutation	HALLMARK_PROTEIN_SECRETION	789	-0.01251576705434061	2026
HWANG_GSE202051_NAIVE	coordinate permutation	HALLMARK_PROTEIN_SECRETION	790	-0.013747322094713167	2026
HWANG_GSE202051_NAIVE	coordinate permutation	HALLMARK_PROTEIN_SECRETION	791	-0.013619595823054657	2026
HWANG_GSE202051_NAIVE	coordinate permutation	HALLMARK_PROTEIN_SECRETION	792	-0.011658694674613342	2026
HWANG_GSE202051_NAIVE	coordinate permutation	HALLMARK_PROTEIN_SECRETION	793	-0.016048884736787644	2026
HWANG_GSE202051_NAIVE	coordinate permutation	HALLMARK_PROTEIN_SECRETION	794	-0.007763616169558305	2026
HWANG_GSE202051_NAIVE	coordinate permutation	HALLMARK_PROTEIN_SECRETION	795	-0.013681760671650032	2026
HWANG_GSE202051_NAIVE	coordinate permutation	HALLMARK_PROTEIN_SECRETION	796	-0.013276847994007435	2026
HWANG_GSE202051_NAIVE	coordinate permutation	HALLMARK_PROTEIN_SECRETION	797	-0.012592618658610027	2026
HWANG_GSE202051_NAIVE	coordinate permutation	HALLMARK_PROTEIN_SECRETION	798	-0.013094930898821135	2026
HWANG_GSE202051_NAIVE	coordinate permutation	HALLMARK_PROTEIN_SECRETION	799	-0.01291895911760686	2026
HWANG_GSE202051_NAIVE	coordinate permutation	HALLMARK_PROTEIN_SECRETION	800	-0.009697085375187594	2026
HWANG_GSE202051_NAIVE	coordinate permutation	HALLMARK_PROTEIN_SECRETION	801	-0.013629525997696052	2026
HWANG_GSE202051_NAIVE	coordinate permutation	HALLMARK_PROTEIN_SECRETION	802	-0.016513956217074938	2026
HWANG_GSE202051_NAIVE	coordinate permutation	HALLMARK_PROTEIN_SECRETION	803	-0.014180556136233122	2026
HWANG_GSE202051_NAIVE	coordinate permutation	HALLMARK_PROTEIN_SECRETION	804	-0.0132116845285269	2026
HWANG_GSE202051_NAIVE	coordinate permutation	HALLMARK_PROTEIN_SECRETION	805	-0.013845650929703544	2026
HWANG_GSE202051_NAIVE	coordinate permutation	HALLMARK_PROTEIN_SECRETION	806	-0.01265170651539255	2026
HWANG_GSE202051_NAIVE	coordinate permutation	HALLMARK_PROTEIN_SECRETION	807	-0.009179688663643213	2026
HWANG_GSE202051_NAIVE	coordinate permutation	HALLMARK_PROTEIN_SECRETION	808	-0.011489461823459576	2026
HWANG_GSE202051_NAIVE	coordinate permutation	HALLMARK_PROTEIN_SECRETION	809	-0.010189698765217572	2026
HWANG_GSE202051_NAIVE	coordinate permutation	HALLMARK_PROTEIN_SECRETION	810	-0.01235359180661844	2026
HWANG_GSE202051_NAIVE	coordinate permutation	HALLMARK_PROTEIN_SECRETION	811	-0.015949270440843228	2026
HWANG_GSE202051_NAIVE	coordinate permutation	HALLMARK_PROTEIN_SECRETION	812	-0.013791169437228103	2026
HWANG_GSE202051_NAIVE	coordinate permutation	HALLMARK_PROTEIN_SECRETION	813	-0.013247527697997084	2026
HWANG_GSE202051_NAIVE	coordinate permutation	HALLMARK_PROTEIN_SECRETION	814	-0.011323023958886576	2026
HWANG_GSE202051_NAIVE	coordinate permutation	HALLMARK_PROTEIN_SECRETION	815	-0.014148183162404904	2026
HWANG_GSE202051_NAIVE	coordinate permutation	HALLMARK_PROTEIN_SECRETION	816	-0.010755418012886644	2026
HWANG_GSE202051_NAIVE	coordinate permutation	HALLMARK_PROTEIN_SECRETION	817	-0.010373765127744683	2026
HWANG_GSE202051_NAIVE	coordinate permutation	HALLMARK_PROTEIN_SECRETION	818	-0.015668609891727258	2026
HWANG_GSE202051_NAIVE	coordinate permutation	HALLMARK_PROTEIN_SECRETION	819	-0.01608991501905282	2026
HWANG_GSE202051_NAIVE	coordinate permutation	HALLMARK_PROTEIN_SECRETION	820	-0.013353561844126725	2026
HWANG_GSE202051_NAIVE	coordinate permutation	HALLMARK_PROTEIN_SECRETION	821	-0.012027725579008488	2026
HWANG_GSE202051_NAIVE	coordinate permutation	HALLMARK_PROTEIN_SECRETION	822	-0.010703796183705235	2026
HWANG_GSE202051_NAIVE	coordinate permutation	HALLMARK_PROTEIN_SECRETION	823	-0.011302996446403509	2026
HWANG_GSE202051_NAIVE	coordinate permutation	HALLMARK_PROTEIN_SECRETION	824	-0.008641455568001917	2026
HWANG_GSE202051_NAIVE	coordinate permutation	HALLMARK_PROTEIN_SECRETION	825	-0.011802820245228444	2026
HWANG_GSE202051_NAIVE	coordinate permutation	HALLMARK_PROTEIN_SECRETION	826	-0.009639359975180182	2026
HWANG_GSE202051_NAIVE	coordinate permutation	HALLMARK_PROTEIN_SECRETION	827	-0.014599025882489151	2026
HWANG_GSE202051_NAIVE	coordinate permutation	HALLMARK_PROTEIN_SECRETION	828	-0.014132447426360977	2026
HWANG_GSE202051_NAIVE	coordinate permutation	HALLMARK_PROTEIN_SECRETION	829	-0.011169881694349036	2026
HWANG_GSE202051_NAIVE	coordinate permutation	HALLMARK_PROTEIN_SECRETION	830	-0.008741561382645015	2026
HWANG_GSE202051_NAIVE	coordinate permutation	HALLMARK_PROTEIN_SECRETION	831	-0.012412531084739794	2026
HWANG_GSE202051_NAIVE	coordinate permutation	HALLMARK_PROTEIN_SECRETION	832	-0.015439827321072323	2026
HWANG_GSE202051_NAIVE	coordinate permutation	HALLMARK_PROTEIN_SECRETION	833	-0.015352411760588035	2026
HWANG_GSE202051_NAIVE	coordinate permutation	HALLMARK_PROTEIN_SECRETION	834	-0.008156321348698285	2026
HWANG_GSE202051_NAIVE	coordinate permutation	HALLMARK_PROTEIN_SECRETION	835	-0.013549865418881464	2026
HWANG_GSE202051_NAIVE	coordinate permutation	HALLMARK_PROTEIN_SECRETION	836	-0.013813773362492555	2026
HWANG_GSE202051_NAIVE	coordinate permutation	HALLMARK_PROTEIN_SECRETION	837	-0.015372818199300491	2026
HWANG_GSE202051_NAIVE	coordinate permutation	HALLMARK_PROTEIN_SECRETION	838	-0.01107662077543218	2026
HWANG_GSE202051_NAIVE	coordinate permutation	HALLMARK_PROTEIN_SECRETION	839	-0.01137377449175365	2026
HWANG_GSE202051_NAIVE	coordinate permutation	HALLMARK_PROTEIN_SECRETION	840	-0.013831276835528893	2026
HWANG_GSE202051_NAIVE	coordinate permutation	HALLMARK_PROTEIN_SECRETION	841	-0.011770459738576189	2026
HWANG_GSE202051_NAIVE	coordinate permutation	HALLMARK_PROTEIN_SECRETION	842	-0.012200131606682318	2026
HWANG_GSE202051_NAIVE	coordinate permutation	HALLMARK_PROTEIN_SECRETION	843	-0.014632052841916555	2026
HWANG_GSE202051_NAIVE	coordinate permutation	HALLMARK_PROTEIN_SECRETION	844	-0.013426154798541635	2026
HWANG_GSE202051_NAIVE	coordinate permutation	HALLMARK_PROTEIN_SECRETION	845	-0.01204797870110833	2026
HWANG_GSE202051_NAIVE	coordinate permutation	HALLMARK_PROTEIN_SECRETION	846	-0.014368759107728718	2026
HWANG_GSE202051_NAIVE	coordinate permutation	HALLMARK_PROTEIN_SECRETION	847	-0.009143808925736213	2026
HWANG_GSE202051_NAIVE	coordinate permutation	HALLMARK_PROTEIN_SECRETION	848	-0.012651547548182832	2026
HWANG_GSE202051_NAIVE	coordinate permutation	HALLMARK_PROTEIN_SECRETION	849	-0.007490356890079814	2026
HWANG_GSE202051_NAIVE	coordinate permutation	HALLMARK_PROTEIN_SECRETION	850	-0.013737723246166721	2026
HWANG_GSE202051_NAIVE	coordinate permutation	HALLMARK_PROTEIN_SECRETION	851	-0.014145217723784293	2026
HWANG_GSE202051_NAIVE	coordinate permutation	HALLMARK_PROTEIN_SECRETION	852	-0.011218302662495065	2026
HWANG_GSE202051_NAIVE	coordinate permutation	HALLMARK_PROTEIN_SECRETION	853	-0.009480395501096186	2026
HWANG_GSE202051_NAIVE	coordinate permutation	HALLMARK_PROTEIN_SECRETION	854	-0.012628434569320748	2026
HWANG_GSE202051_NAIVE	coordinate permutation	HALLMARK_PROTEIN_SECRETION	855	-0.013618180150364234	2026
HWANG_GSE202051_NAIVE	coordinate permutation	HALLMARK_PROTEIN_SECRETION	856	-0.013283944601522529	2026
HWANG_GSE202051_NAIVE	coordinate permutation	HALLMARK_PROTEIN_SECRETION	857	-0.013494333448336072	2026
HWANG_GSE202051_NAIVE	coordinate permutation	HALLMARK_PROTEIN_SECRETION	858	-0.015932812162674462	2026
HWANG_GSE202051_NAIVE	coordinate permutation	HALLMARK_PROTEIN_SECRETION	859	-0.010405682008857683	2026
HWANG_GSE202051_NAIVE	coordinate permutation	HALLMARK_PROTEIN_SECRETION	860	-0.013354539214194158	2026
HWANG_GSE202051_NAIVE	coordinate permutation	HALLMARK_PROTEIN_SECRETION	861	-0.011012346553050587	2026
HWANG_GSE202051_NAIVE	coordinate permutation	HALLMARK_PROTEIN_SECRETION	862	-0.011973987924782882	2026
HWANG_GSE202051_NAIVE	coordinate permutation	HALLMARK_PROTEIN_SECRETION	863	-0.013378710878794439	2026
HWANG_GSE202051_NAIVE	coordinate permutation	HALLMARK_PROTEIN_SECRETION	864	-0.012718425611762821	2026
HWANG_GSE202051_NAIVE	coordinate permutation	HALLMARK_PROTEIN_SECRETION	865	-0.012331934830890033	2026
HWANG_GSE202051_NAIVE	coordinate permutation	HALLMARK_PROTEIN_SECRETION	866	-0.012245594707168525	2026
HWANG_GSE202051_NAIVE	coordinate permutation	HALLMARK_PROTEIN_SECRETION	867	-0.012724853884381666	2026
HWANG_GSE202051_NAIVE	coordinate permutation	HALLMARK_PROTEIN_SECRETION	868	-0.015713697638136143	2026
HWANG_GSE202051_NAIVE	coordinate permutation	HALLMARK_PROTEIN_SECRETION	869	-0.011875160917425793	2026
HWANG_GSE202051_NAIVE	coordinate permutation	HALLMARK_PROTEIN_SECRETION	870	-0.00990786585437255	2026
HWANG_GSE202051_NAIVE	coordinate permutation	HALLMARK_PROTEIN_SECRETION	871	-0.014532074094296531	2026
HWANG_GSE202051_NAIVE	coordinate permutation	HALLMARK_PROTEIN_SECRETION	872	-0.012809839377159547	2026
HWANG_GSE202051_NAIVE	coordinate permutation	HALLMARK_PROTEIN_SECRETION	873	-0.009246371026204717	2026
HWANG_GSE202051_NAIVE	coordinate permutation	HALLMARK_PROTEIN_SECRETION	874	-0.011531127480435594	2026
HWANG_GSE202051_NAIVE	coordinate permutation	HALLMARK_PROTEIN_SECRETION	875	-0.01257638580694538	2026
HWANG_GSE202051_NAIVE	coordinate permutation	HALLMARK_PROTEIN_SECRETION	876	-0.009639215515077841	2026
HWANG_GSE202051_NAIVE	coordinate permutation	HALLMARK_PROTEIN_SECRETION	877	-0.011226533409024096	2026
HWANG_GSE202051_NAIVE	coordinate permutation	HALLMARK_PROTEIN_SECRETION	878	-0.01451984181691002	2026
HWANG_GSE202051_NAIVE	coordinate permutation	HALLMARK_PROTEIN_SECRETION	879	-0.011673195830587478	2026
HWANG_GSE202051_NAIVE	coordinate permutation	HALLMARK_PROTEIN_SECRETION	880	-0.013067421122963201	2026
HWANG_GSE202051_NAIVE	coordinate permutation	HALLMARK_PROTEIN_SECRETION	881	-0.013622838975131746	2026
HWANG_GSE202051_NAIVE	coordinate permutation	HALLMARK_PROTEIN_SECRETION	882	-0.012753333555879426	2026
HWANG_GSE202051_NAIVE	coordinate permutation	HALLMARK_PROTEIN_SECRETION	883	-0.014092605180666384	2026
HWANG_GSE202051_NAIVE	coordinate permutation	HALLMARK_PROTEIN_SECRETION	884	-0.01125938296566278	2026
HWANG_GSE202051_NAIVE	coordinate permutation	HALLMARK_PROTEIN_SECRETION	885	-0.010257785495413807	2026
HWANG_GSE202051_NAIVE	coordinate permutation	HALLMARK_PROTEIN_SECRETION	886	-0.013511079040818216	2026
HWANG_GSE202051_NAIVE	coordinate permutation	HALLMARK_PROTEIN_SECRETION	887	-0.010283098001728198	2026
HWANG_GSE202051_NAIVE	coordinate permutation	HALLMARK_PROTEIN_SECRETION	888	-0.013307317830736385	2026
HWANG_GSE202051_NAIVE	coordinate permutation	HALLMARK_PROTEIN_SECRETION	889	-0.01706842168405872	2026
HWANG_GSE202051_NAIVE	coordinate permutation	HALLMARK_PROTEIN_SECRETION	890	-0.014168291448035927	2026
HWANG_GSE202051_NAIVE	coordinate permutation	HALLMARK_PROTEIN_SECRETION	891	-0.019807628662581157	2026
HWANG_GSE202051_NAIVE	coordinate permutation	HALLMARK_PROTEIN_SECRETION	892	-0.009199039478419567	2026
HWANG_GSE202051_NAIVE	coordinate permutation	HALLMARK_PROTEIN_SECRETION	893	-0.012943036124020021	2026
HWANG_GSE202051_NAIVE	coordinate permutation	HALLMARK_PROTEIN_SECRETION	894	-0.01212780222001988	2026
HWANG_GSE202051_NAIVE	coordinate permutation	HALLMARK_PROTEIN_SECRETION	895	-0.00975169223963346	2026
HWANG_GSE202051_NAIVE	coordinate permutation	HALLMARK_PROTEIN_SECRETION	896	-0.013970704600269147	2026
HWANG_GSE202051_NAIVE	coordinate permutation	HALLMARK_PROTEIN_SECRETION	897	-0.01162592456506064	2026
HWANG_GSE202051_NAIVE	coordinate permutation	HALLMARK_PROTEIN_SECRETION	898	-0.010236190238274458	2026
HWANG_GSE202051_NAIVE	coordinate permutation	HALLMARK_PROTEIN_SECRETION	899	-0.0114677785112098	2026
HWANG_GSE202051_NAIVE	coordinate permutation	HALLMARK_PROTEIN_SECRETION	900	-0.015688789359651026	2026
HWANG_GSE202051_NAIVE	coordinate permutation	HALLMARK_PROTEIN_SECRETION	901	-0.01309777904614179	2026
HWANG_GSE202051_NAIVE	coordinate permutation	HALLMARK_PROTEIN_SECRETION	902	-0.013175208109606061	2026
HWANG_GSE202051_NAIVE	coordinate permutation	HALLMARK_PROTEIN_SECRETION	903	-0.011234783344060511	2026
HWANG_GSE202051_NAIVE	coordinate permutation	HALLMARK_PROTEIN_SECRETION	904	-0.007932675529971492	2026
HWANG_GSE202051_NAIVE	coordinate permutation	HALLMARK_PROTEIN_SECRETION	905	-0.012408320399400305	2026
HWANG_GSE202051_NAIVE	coordinate permutation	HALLMARK_PROTEIN_SECRETION	906	-0.01278101027194081	2026
HWANG_GSE202051_NAIVE	coordinate permutation	HALLMARK_PROTEIN_SECRETION	907	-0.015062068299643029	2026
HWANG_GSE202051_NAIVE	coordinate permutation	HALLMARK_PROTEIN_SECRETION	908	-0.014651025849462491	2026
HWANG_GSE202051_NAIVE	coordinate permutation	HALLMARK_PROTEIN_SECRETION	909	-0.014259067857189283	2026
HWANG_GSE202051_NAIVE	coordinate permutation	HALLMARK_PROTEIN_SECRETION	910	-0.015038802112826747	2026
HWANG_GSE202051_NAIVE	coordinate permutation	HALLMARK_PROTEIN_SECRETION	911	-0.012281145401382466	2026
HWANG_GSE202051_NAIVE	coordinate permutation	HALLMARK_PROTEIN_SECRETION	912	-0.01605854167532161	2026
HWANG_GSE202051_NAIVE	coordinate permutation	HALLMARK_PROTEIN_SECRETION	913	-0.015439849217310925	2026
HWANG_GSE202051_NAIVE	coordinate permutation	HALLMARK_PROTEIN_SECRETION	914	-0.011942519907721104	2026
HWANG_GSE202051_NAIVE	coordinate permutation	HALLMARK_PROTEIN_SECRETION	915	-0.012302734099983972	2026
HWANG_GSE202051_NAIVE	coordinate permutation	HALLMARK_PROTEIN_SECRETION	916	-0.012597769942582696	2026
HWANG_GSE202051_NAIVE	coordinate permutation	HALLMARK_PROTEIN_SECRETION	917	-0.011935744422654458	2026
HWANG_GSE202051_NAIVE	coordinate permutation	HALLMARK_PROTEIN_SECRETION	918	-0.008242390126780743	2026
HWANG_GSE202051_NAIVE	coordinate permutation	HALLMARK_PROTEIN_SECRETION	919	-0.010898635261646273	2026
HWANG_GSE202051_NAIVE	coordinate permutation	HALLMARK_PROTEIN_SECRETION	920	-0.011340916511510507	2026
HWANG_GSE202051_NAIVE	coordinate permutation	HALLMARK_PROTEIN_SECRETION	921	-0.016677023218988708	2026
HWANG_GSE202051_NAIVE	coordinate permutation	HALLMARK_PROTEIN_SECRETION	922	-0.008598687713263383	2026
HWANG_GSE202051_NAIVE	coordinate permutation	HALLMARK_PROTEIN_SECRETION	923	-0.012178394485991607	2026
HWANG_GSE202051_NAIVE	coordinate permutation	HALLMARK_PROTEIN_SECRETION	924	-0.010237463383367337	2026
HWANG_GSE202051_NAIVE	coordinate permutation	HALLMARK_PROTEIN_SECRETION	925	-0.012040346445622128	2026
HWANG_GSE202051_NAIVE	coordinate permutation	HALLMARK_PROTEIN_SECRETION	926	-0.012207275658714609	2026
HWANG_GSE202051_NAIVE	coordinate permutation	HALLMARK_PROTEIN_SECRETION	927	-0.016091622856885	2026
HWANG_GSE202051_NAIVE	coordinate permutation	HALLMARK_PROTEIN_SECRETION	928	-0.013046165410653216	2026
HWANG_GSE202051_NAIVE	coordinate permutation	HALLMARK_PROTEIN_SECRETION	929	-0.016727307286970496	2026
HWANG_GSE202051_NAIVE	coordinate permutation	HALLMARK_PROTEIN_SECRETION	930	-0.014893074772264318	2026
HWANG_GSE202051_NAIVE	coordinate permutation	HALLMARK_PROTEIN_SECRETION	931	-0.011238259576527358	2026
HWANG_GSE202051_NAIVE	coordinate permutation	HALLMARK_PROTEIN_SECRETION	932	-0.012157369829351445	2026
HWANG_GSE202051_NAIVE	coordinate permutation	HALLMARK_PROTEIN_SECRETION	933	-0.01189601158583179	2026
HWANG_GSE202051_NAIVE	coordinate permutation	HALLMARK_PROTEIN_SECRETION	934	-0.0109654742515503	2026
HWANG_GSE202051_NAIVE	coordinate permutation	HALLMARK_PROTEIN_SECRETION	935	-0.011919259625248355	2026
HWANG_GSE202051_NAIVE	coordinate permutation	HALLMARK_PROTEIN_SECRETION	936	-0.012845119345842808	2026
HWANG_GSE202051_NAIVE	coordinate permutation	HALLMARK_PROTEIN_SECRETION	937	-0.015462486998280432	2026
HWANG_GSE202051_NAIVE	coordinate permutation	HALLMARK_PROTEIN_SECRETION	938	-0.012204693271942763	2026
HWANG_GSE202051_NAIVE	coordinate permutation	HALLMARK_PROTEIN_SECRETION	939	-0.012193521590344305	2026
HWANG_GSE202051_NAIVE	coordinate permutation	HALLMARK_PROTEIN_SECRETION	940	-0.013759964422582692	2026
HWANG_GSE202051_NAIVE	coordinate permutation	HALLMARK_PROTEIN_SECRETION	941	-0.013828121617987599	2026
HWANG_GSE202051_NAIVE	coordinate permutation	HALLMARK_PROTEIN_SECRETION	942	-0.015895239402513323	2026
HWANG_GSE202051_NAIVE	coordinate permutation	HALLMARK_PROTEIN_SECRETION	943	-0.00813212175802546	2026
HWANG_GSE202051_NAIVE	coordinate permutation	HALLMARK_PROTEIN_SECRETION	944	-0.011174686720459993	2026
HWANG_GSE202051_NAIVE	coordinate permutation	HALLMARK_PROTEIN_SECRETION	945	-0.00848231696584695	2026
HWANG_GSE202051_NAIVE	coordinate permutation	HALLMARK_PROTEIN_SECRETION	946	-0.011266383438972247	2026
HWANG_GSE202051_NAIVE	coordinate permutation	HALLMARK_PROTEIN_SECRETION	947	-0.014447310437696403	2026
HWANG_GSE202051_NAIVE	coordinate permutation	HALLMARK_PROTEIN_SECRETION	948	-0.009505868562140246	2026
HWANG_GSE202051_NAIVE	coordinate permutation	HALLMARK_PROTEIN_SECRETION	949	-0.007552057474591131	2026
HWANG_GSE202051_NAIVE	coordinate permutation	HALLMARK_PROTEIN_SECRETION	950	-0.017571446096138244	2026
HWANG_GSE202051_NAIVE	coordinate permutation	HALLMARK_PROTEIN_SECRETION	951	-0.010741686363235534	2026
HWANG_GSE202051_NAIVE	coordinate permutation	HALLMARK_PROTEIN_SECRETION	952	-0.012628563937006709	2026
HWANG_GSE202051_NAIVE	coordinate permutation	HALLMARK_PROTEIN_SECRETION	953	-0.011032345125192572	2026
HWANG_GSE202051_NAIVE	coordinate permutation	HALLMARK_PROTEIN_SECRETION	954	-0.01509349841383723	2026
HWANG_GSE202051_NAIVE	coordinate permutation	HALLMARK_PROTEIN_SECRETION	955	-0.010971696598028624	2026
HWANG_GSE202051_NAIVE	coordinate permutation	HALLMARK_PROTEIN_SECRETION	956	-0.015506826148156821	2026
HWANG_GSE202051_NAIVE	coordinate permutation	HALLMARK_PROTEIN_SECRETION	957	-0.00882126258393855	2026
HWANG_GSE202051_NAIVE	coordinate permutation	HALLMARK_PROTEIN_SECRETION	958	-0.011165756008823167	2026
HWANG_GSE202051_NAIVE	coordinate permutation	HALLMARK_PROTEIN_SECRETION	959	-0.015312307048495252	2026
HWANG_GSE202051_NAIVE	coordinate permutation	HALLMARK_PROTEIN_SECRETION	960	-0.00985437237967485	2026
HWANG_GSE202051_NAIVE	coordinate permutation	HALLMARK_PROTEIN_SECRETION	961	-0.01238333989884015	2026
HWANG_GSE202051_NAIVE	coordinate permutation	HALLMARK_PROTEIN_SECRETION	962	-0.01436575771939178	2026
HWANG_GSE202051_NAIVE	coordinate permutation	HALLMARK_PROTEIN_SECRETION	963	-0.011762246888241222	2026
HWANG_GSE202051_NAIVE	coordinate permutation	HALLMARK_PROTEIN_SECRETION	964	-0.010565403399039754	2026
HWANG_GSE202051_NAIVE	coordinate permutation	HALLMARK_PROTEIN_SECRETION	965	-0.010818305165675718	2026
HWANG_GSE202051_NAIVE	coordinate permutation	HALLMARK_PROTEIN_SECRETION	966	-0.014869466545053509	2026
HWANG_GSE202051_NAIVE	coordinate permutation	HALLMARK_PROTEIN_SECRETION	967	-0.015169494268197957	2026
HWANG_GSE202051_NAIVE	coordinate permutation	HALLMARK_PROTEIN_SECRETION	968	-0.01331428338733529	2026
HWANG_GSE202051_NAIVE	coordinate permutation	HALLMARK_PROTEIN_SECRETION	969	-0.015392449443656687	2026
HWANG_GSE202051_NAIVE	coordinate permutation	HALLMARK_PROTEIN_SECRETION	970	-0.011550508542150633	2026
HWANG_GSE202051_NAIVE	coordinate permutation	HALLMARK_PROTEIN_SECRETION	971	-0.012551418826796026	2026
HWANG_GSE202051_NAIVE	coordinate permutation	HALLMARK_PROTEIN_SECRETION	972	-0.0152400963517005	2026
HWANG_GSE202051_NAIVE	coordinate permutation	HALLMARK_PROTEIN_SECRETION	973	-0.010615607359666377	2026
HWANG_GSE202051_NAIVE	coordinate permutation	HALLMARK_PROTEIN_SECRETION	974	-0.012139791156505484	2026
HWANG_GSE202051_NAIVE	coordinate permutation	HALLMARK_PROTEIN_SECRETION	975	-0.009567292250413332	2026
HWANG_GSE202051_NAIVE	coordinate permutation	HALLMARK_PROTEIN_SECRETION	976	-0.012847275879117414	2026
HWANG_GSE202051_NAIVE	coordinate permutation	HALLMARK_PROTEIN_SECRETION	977	-0.011363704991611528	2026
HWANG_GSE202051_NAIVE	coordinate permutation	HALLMARK_PROTEIN_SECRETION	978	-0.010807157097685092	2026
HWANG_GSE202051_NAIVE	coordinate permutation	HALLMARK_PROTEIN_SECRETION	979	-0.01265885734919593	2026
HWANG_GSE202051_NAIVE	coordinate permutation	HALLMARK_PROTEIN_SECRETION	980	-0.010626038922985892	2026
HWANG_GSE202051_NAIVE	coordinate permutation	HALLMARK_PROTEIN_SECRETION	981	-0.013708874407048743	2026
HWANG_GSE202051_NAIVE	coordinate permutation	HALLMARK_PROTEIN_SECRETION	982	-0.010303882811492152	2026
HWANG_GSE202051_NAIVE	coordinate permutation	HALLMARK_PROTEIN_SECRETION	983	-0.011433377687232153	2026
HWANG_GSE202051_NAIVE	coordinate permutation	HALLMARK_PROTEIN_SECRETION	984	-0.014888716970769133	2026
HWANG_GSE202051_NAIVE	coordinate permutation	HALLMARK_PROTEIN_SECRETION	985	-0.014526781064464993	2026
HWANG_GSE202051_NAIVE	coordinate permutation	HALLMARK_PROTEIN_SECRETION	986	-0.008391832065622284	2026
HWANG_GSE202051_NAIVE	coordinate permutation	HALLMARK_PROTEIN_SECRETION	987	-0.012578144066751966	2026
HWANG_GSE202051_NAIVE	coordinate permutation	HALLMARK_PROTEIN_SECRETION	988	-0.011211484451000588	2026
HWANG_GSE202051_NAIVE	coordinate permutation	HALLMARK_PROTEIN_SECRETION	989	-0.010557983786204374	2026
HWANG_GSE202051_NAIVE	coordinate permutation	HALLMARK_PROTEIN_SECRETION	990	-0.010699291662791764	2026
HWANG_GSE202051_NAIVE	coordinate permutation	HALLMARK_PROTEIN_SECRETION	991	-0.010881915243757556	2026
HWANG_GSE202051_NAIVE	coordinate permutation	HALLMARK_PROTEIN_SECRETION	992	-0.008194830552937502	2026
HWANG_GSE202051_NAIVE	coordinate permutation	HALLMARK_PROTEIN_SECRETION	993	-0.012953299952717635	2026
HWANG_GSE202051_NAIVE	coordinate permutation	HALLMARK_PROTEIN_SECRETION	994	-0.010334989822272364	2026
HWANG_GSE202051_NAIVE	coordinate permutation	HALLMARK_PROTEIN_SECRETION	995	-0.01122795843281932	2026
HWANG_GSE202051_NAIVE	coordinate permutation	HALLMARK_PROTEIN_SECRETION	996	-0.015859900298703166	2026
HWANG_GSE202051_NAIVE	coordinate permutation	HALLMARK_PROTEIN_SECRETION	997	-0.013177235869815722	2026
HWANG_GSE202051_NAIVE	coordinate permutation	HALLMARK_PROTEIN_SECRETION	998	-0.013129966172422722	2026
HWANG_GSE202051_NAIVE	coordinate permutation	HALLMARK_PROTEIN_SECRETION	999	-0.01497589673796626	2026
HWANG_GSE202051_NAIVE	coordinate permutation	HALLMARK_PROTEIN_SECRETION	1000	-0.011423181394947145	2026
HWANG_GSE202051_NAIVE	label permutation	HALLMARK_PROTEIN_SECRETION	1	0.0011703963254905867	2026
HWANG_GSE202051_NAIVE	label permutation	HALLMARK_PROTEIN_SECRETION	2	-0.0008809315528458832	2026
HWANG_GSE202051_NAIVE	label permutation	HALLMARK_PROTEIN_SECRETION	3	-0.00028723443378543106	2026
HWANG_GSE202051_NAIVE	label permutation	HALLMARK_PROTEIN_SECRETION	4	0.008882381935785841	2026
HWANG_GSE202051_NAIVE	label permutation	HALLMARK_PROTEIN_SECRETION	5	-0.001549457708026797	2026
HWANG_GSE202051_NAIVE	label permutation	HALLMARK_PROTEIN_SECRETION	6	-0.012299621823320141	2026
HWANG_GSE202051_NAIVE	label permutation	HALLMARK_PROTEIN_SECRETION	7	0.008253122142161957	2026
HWANG_GSE202051_NAIVE	label permutation	HALLMARK_PROTEIN_SECRETION	8	-9.196414933554854e-05	2026
HWANG_GSE202051_NAIVE	label permutation	HALLMARK_PROTEIN_SECRETION	9	-0.011304402108355108	2026
HWANG_GSE202051_NAIVE	label permutation	HALLMARK_PROTEIN_SECRETION	10	-0.0010571285895013259	2026
HWANG_GSE202051_NAIVE	label permutation	HALLMARK_PROTEIN_SECRETION	11	-0.0014845308065275908	2026
HWANG_GSE202051_NAIVE	label permutation	HALLMARK_PROTEIN_SECRETION	12	-0.005900653553811352	2026
HWANG_GSE202051_NAIVE	label permutation	HALLMARK_PROTEIN_SECRETION	13	-0.0009820440377557636	2026
HWANG_GSE202051_NAIVE	label permutation	HALLMARK_PROTEIN_SECRETION	14	-0.002994658214712085	2026
HWANG_GSE202051_NAIVE	label permutation	HALLMARK_PROTEIN_SECRETION	15	-0.006139355023225767	2026
HWANG_GSE202051_NAIVE	label permutation	HALLMARK_PROTEIN_SECRETION	16	0.003749496451255513	2026
HWANG_GSE202051_NAIVE	label permutation	HALLMARK_PROTEIN_SECRETION	17	0.003913331784810753	2026
HWANG_GSE202051_NAIVE	label permutation	HALLMARK_PROTEIN_SECRETION	18	-0.0035514395960012783	2026
HWANG_GSE202051_NAIVE	label permutation	HALLMARK_PROTEIN_SECRETION	19	0.0042396399106516686	2026
HWANG_GSE202051_NAIVE	label permutation	HALLMARK_PROTEIN_SECRETION	20	-0.0039818776543044335	2026
HWANG_GSE202051_NAIVE	label permutation	HALLMARK_PROTEIN_SECRETION	21	-0.0036714918702771783	2026
HWANG_GSE202051_NAIVE	label permutation	HALLMARK_PROTEIN_SECRETION	22	-0.00015408828122059892	2026
HWANG_GSE202051_NAIVE	label permutation	HALLMARK_PROTEIN_SECRETION	23	0.004382852765657794	2026
HWANG_GSE202051_NAIVE	label permutation	HALLMARK_PROTEIN_SECRETION	24	-0.003478510845585652	2026
HWANG_GSE202051_NAIVE	label permutation	HALLMARK_PROTEIN_SECRETION	25	0.0032179223903712087	2026
HWANG_GSE202051_NAIVE	label permutation	HALLMARK_PROTEIN_SECRETION	26	0.0022902557865302053	2026
HWANG_GSE202051_NAIVE	label permutation	HALLMARK_PROTEIN_SECRETION	27	0.003554431523034747	2026
HWANG_GSE202051_NAIVE	label permutation	HALLMARK_PROTEIN_SECRETION	28	-0.002165821338094919	2026
HWANG_GSE202051_NAIVE	label permutation	HALLMARK_PROTEIN_SECRETION	29	0.000984420538187191	2026
HWANG_GSE202051_NAIVE	label permutation	HALLMARK_PROTEIN_SECRETION	30	0.004576555827352329	2026
HWANG_GSE202051_NAIVE	label permutation	HALLMARK_PROTEIN_SECRETION	31	-0.0008635180465603548	2026
HWANG_GSE202051_NAIVE	label permutation	HALLMARK_PROTEIN_SECRETION	32	0.0016158179113704122	2026
HWANG_GSE202051_NAIVE	label permutation	HALLMARK_PROTEIN_SECRETION	33	-0.004478821682399005	2026
HWANG_GSE202051_NAIVE	label permutation	HALLMARK_PROTEIN_SECRETION	34	0.0003859370248726956	2026
HWANG_GSE202051_NAIVE	label permutation	HALLMARK_PROTEIN_SECRETION	35	-0.0017508643088110778	2026
HWANG_GSE202051_NAIVE	label permutation	HALLMARK_PROTEIN_SECRETION	36	0.004520151808323459	2026
HWANG_GSE202051_NAIVE	label permutation	HALLMARK_PROTEIN_SECRETION	37	0.0010432596380954159	2026
HWANG_GSE202051_NAIVE	label permutation	HALLMARK_PROTEIN_SECRETION	38	-0.0026649614430270334	2026
HWANG_GSE202051_NAIVE	label permutation	HALLMARK_PROTEIN_SECRETION	39	-0.0020446427308031586	2026
HWANG_GSE202051_NAIVE	label permutation	HALLMARK_PROTEIN_SECRETION	40	-0.008628035909001809	2026
HWANG_GSE202051_NAIVE	label permutation	HALLMARK_PROTEIN_SECRETION	41	-0.001560587657029657	2026
HWANG_GSE202051_NAIVE	label permutation	HALLMARK_PROTEIN_SECRETION	42	0.004361669641825858	2026
HWANG_GSE202051_NAIVE	label permutation	HALLMARK_PROTEIN_SECRETION	43	0.001783084935701506	2026
HWANG_GSE202051_NAIVE	label permutation	HALLMARK_PROTEIN_SECRETION	44	-0.0011714087530503906	2026
HWANG_GSE202051_NAIVE	label permutation	HALLMARK_PROTEIN_SECRETION	45	0.0028184398694567534	2026
HWANG_GSE202051_NAIVE	label permutation	HALLMARK_PROTEIN_SECRETION	46	0.0020796294777787935	2026
HWANG_GSE202051_NAIVE	label permutation	HALLMARK_PROTEIN_SECRETION	47	0.0010182155660038892	2026
HWANG_GSE202051_NAIVE	label permutation	HALLMARK_PROTEIN_SECRETION	48	-0.004211044678690408	2026
HWANG_GSE202051_NAIVE	label permutation	HALLMARK_PROTEIN_SECRETION	49	-0.0004256224634950531	2026
HWANG_GSE202051_NAIVE	label permutation	HALLMARK_PROTEIN_SECRETION	50	0.00811425030766908	2026
HWANG_GSE202051_NAIVE	label permutation	HALLMARK_PROTEIN_SECRETION	51	0.007711771825706143	2026
HWANG_GSE202051_NAIVE	label permutation	HALLMARK_PROTEIN_SECRETION	52	-4.777307294249478e-05	2026
HWANG_GSE202051_NAIVE	label permutation	HALLMARK_PROTEIN_SECRETION	53	0.0008674479432570242	2026
HWANG_GSE202051_NAIVE	label permutation	HALLMARK_PROTEIN_SECRETION	54	-0.0005876095707206979	2026
HWANG_GSE202051_NAIVE	label permutation	HALLMARK_PROTEIN_SECRETION	55	0.0010209842979783438	2026
HWANG_GSE202051_NAIVE	label permutation	HALLMARK_PROTEIN_SECRETION	56	0.000990335006875062	2026
HWANG_GSE202051_NAIVE	label permutation	HALLMARK_PROTEIN_SECRETION	57	-0.0040938100529139786	2026
HWANG_GSE202051_NAIVE	label permutation	HALLMARK_PROTEIN_SECRETION	58	-0.0007699585790233001	2026
HWANG_GSE202051_NAIVE	label permutation	HALLMARK_PROTEIN_SECRETION	59	-0.0044908951114161965	2026
HWANG_GSE202051_NAIVE	label permutation	HALLMARK_PROTEIN_SECRETION	60	0.004876405740167831	2026
HWANG_GSE202051_NAIVE	label permutation	HALLMARK_PROTEIN_SECRETION	61	0.001380477912393669	2026
HWANG_GSE202051_NAIVE	label permutation	HALLMARK_PROTEIN_SECRETION	62	-0.0006294185630640299	2026
HWANG_GSE202051_NAIVE	label permutation	HALLMARK_PROTEIN_SECRETION	63	0.0029311607277355614	2026
HWANG_GSE202051_NAIVE	label permutation	HALLMARK_PROTEIN_SECRETION	64	0.00504851111156072	2026
HWANG_GSE202051_NAIVE	label permutation	HALLMARK_PROTEIN_SECRETION	65	-0.0019676928540319242	2026
HWANG_GSE202051_NAIVE	label permutation	HALLMARK_PROTEIN_SECRETION	66	-0.004239884136731616	2026
HWANG_GSE202051_NAIVE	label permutation	HALLMARK_PROTEIN_SECRETION	67	0.0035308649826761318	2026
HWANG_GSE202051_NAIVE	label permutation	HALLMARK_PROTEIN_SECRETION	68	-0.00535586275356136	2026
HWANG_GSE202051_NAIVE	label permutation	HALLMARK_PROTEIN_SECRETION	69	-0.0004672729954285919	2026
HWANG_GSE202051_NAIVE	label permutation	HALLMARK_PROTEIN_SECRETION	70	0.008008539648237334	2026
HWANG_GSE202051_NAIVE	label permutation	HALLMARK_PROTEIN_SECRETION	71	-0.0027212559378989886	2026
HWANG_GSE202051_NAIVE	label permutation	HALLMARK_PROTEIN_SECRETION	72	-0.0017059454956648726	2026
HWANG_GSE202051_NAIVE	label permutation	HALLMARK_PROTEIN_SECRETION	73	-0.00039702336333840606	2026
HWANG_GSE202051_NAIVE	label permutation	HALLMARK_PROTEIN_SECRETION	74	0.0036913513689462887	2026
HWANG_GSE202051_NAIVE	label permutation	HALLMARK_PROTEIN_SECRETION	75	0.0009097597114377795	2026
HWANG_GSE202051_NAIVE	label permutation	HALLMARK_PROTEIN_SECRETION	76	0.005369524182620929	2026
HWANG_GSE202051_NAIVE	label permutation	HALLMARK_PROTEIN_SECRETION	77	-0.00105653447105147	2026
HWANG_GSE202051_NAIVE	label permutation	HALLMARK_PROTEIN_SECRETION	78	0.0012863049974375764	2026
HWANG_GSE202051_NAIVE	label permutation	HALLMARK_PROTEIN_SECRETION	79	0.002526009579025994	2026
HWANG_GSE202051_NAIVE	label permutation	HALLMARK_PROTEIN_SECRETION	80	-0.005909769772927502	2026
HWANG_GSE202051_NAIVE	label permutation	HALLMARK_PROTEIN_SECRETION	81	-0.003831377952687185	2026
HWANG_GSE202051_NAIVE	label permutation	HALLMARK_PROTEIN_SECRETION	82	0.0022692939099156787	2026
HWANG_GSE202051_NAIVE	label permutation	HALLMARK_PROTEIN_SECRETION	83	0.0029544256044840072	2026
HWANG_GSE202051_NAIVE	label permutation	HALLMARK_PROTEIN_SECRETION	84	-0.004705769634634908	2026
HWANG_GSE202051_NAIVE	label permutation	HALLMARK_PROTEIN_SECRETION	85	-0.0011206628509817047	2026
HWANG_GSE202051_NAIVE	label permutation	HALLMARK_PROTEIN_SECRETION	86	0.004720384855858826	2026
HWANG_GSE202051_NAIVE	label permutation	HALLMARK_PROTEIN_SECRETION	87	0.004124261693414553	2026
HWANG_GSE202051_NAIVE	label permutation	HALLMARK_PROTEIN_SECRETION	88	-0.007409053644568701	2026
HWANG_GSE202051_NAIVE	label permutation	HALLMARK_PROTEIN_SECRETION	89	-0.003275802176536535	2026
HWANG_GSE202051_NAIVE	label permutation	HALLMARK_PROTEIN_SECRETION	90	-0.005229299374649011	2026
HWANG_GSE202051_NAIVE	label permutation	HALLMARK_PROTEIN_SECRETION	91	0.004421896814921275	2026
HWANG_GSE202051_NAIVE	label permutation	HALLMARK_PROTEIN_SECRETION	92	-0.0040525357946837644	2026
HWANG_GSE202051_NAIVE	label permutation	HALLMARK_PROTEIN_SECRETION	93	-0.0058070083278517984	2026
HWANG_GSE202051_NAIVE	label permutation	HALLMARK_PROTEIN_SECRETION	94	-0.004680252292170118	2026
HWANG_GSE202051_NAIVE	label permutation	HALLMARK_PROTEIN_SECRETION	95	-0.01213579979855041	2026
HWANG_GSE202051_NAIVE	label permutation	HALLMARK_PROTEIN_SECRETION	96	0.0030111048999458927	2026
HWANG_GSE202051_NAIVE	label permutation	HALLMARK_PROTEIN_SECRETION	97	0.005263862449954866	2026
HWANG_GSE202051_NAIVE	label permutation	HALLMARK_PROTEIN_SECRETION	98	-0.0053058199392550355	2026
HWANG_GSE202051_NAIVE	label permutation	HALLMARK_PROTEIN_SECRETION	99	0.003675808269917571	2026
HWANG_GSE202051_NAIVE	label permutation	HALLMARK_PROTEIN_SECRETION	100	0.006964146302636541	2026
HWANG_GSE202051_NAIVE	label permutation	HALLMARK_PROTEIN_SECRETION	101	0.004728344195128674	2026
HWANG_GSE202051_NAIVE	label permutation	HALLMARK_PROTEIN_SECRETION	102	-0.0010148814261155717	2026
HWANG_GSE202051_NAIVE	label permutation	HALLMARK_PROTEIN_SECRETION	103	-0.003942013324177654	2026
HWANG_GSE202051_NAIVE	label permutation	HALLMARK_PROTEIN_SECRETION	104	-0.002438777618295214	2026
HWANG_GSE202051_NAIVE	label permutation	HALLMARK_PROTEIN_SECRETION	105	0.0012568757019296806	2026
HWANG_GSE202051_NAIVE	label permutation	HALLMARK_PROTEIN_SECRETION	106	-0.002149349861824824	2026
HWANG_GSE202051_NAIVE	label permutation	HALLMARK_PROTEIN_SECRETION	107	0.002932612286145044	2026
HWANG_GSE202051_NAIVE	label permutation	HALLMARK_PROTEIN_SECRETION	108	0.008625672483129329	2026
HWANG_GSE202051_NAIVE	label permutation	HALLMARK_PROTEIN_SECRETION	109	-0.003260569803474543	2026
HWANG_GSE202051_NAIVE	label permutation	HALLMARK_PROTEIN_SECRETION	110	-0.002551179758881	2026
HWANG_GSE202051_NAIVE	label permutation	HALLMARK_PROTEIN_SECRETION	111	0.0025628905019683588	2026
HWANG_GSE202051_NAIVE	label permutation	HALLMARK_PROTEIN_SECRETION	112	-0.003032601843660334	2026
HWANG_GSE202051_NAIVE	label permutation	HALLMARK_PROTEIN_SECRETION	113	-0.0037239611808160245	2026
HWANG_GSE202051_NAIVE	label permutation	HALLMARK_PROTEIN_SECRETION	114	0.007249789385842518	2026
HWANG_GSE202051_NAIVE	label permutation	HALLMARK_PROTEIN_SECRETION	115	-0.004195519664895412	2026
HWANG_GSE202051_NAIVE	label permutation	HALLMARK_PROTEIN_SECRETION	116	0.004021579063221774	2026
HWANG_GSE202051_NAIVE	label permutation	HALLMARK_PROTEIN_SECRETION	117	7.366166921008165e-05	2026
HWANG_GSE202051_NAIVE	label permutation	HALLMARK_PROTEIN_SECRETION	118	-0.0006300344421618467	2026
HWANG_GSE202051_NAIVE	label permutation	HALLMARK_PROTEIN_SECRETION	119	0.007452784161543922	2026
HWANG_GSE202051_NAIVE	label permutation	HALLMARK_PROTEIN_SECRETION	120	0.0019014150683173228	2026
HWANG_GSE202051_NAIVE	label permutation	HALLMARK_PROTEIN_SECRETION	121	0.005129246959442508	2026
HWANG_GSE202051_NAIVE	label permutation	HALLMARK_PROTEIN_SECRETION	122	0.0062525102625085715	2026
HWANG_GSE202051_NAIVE	label permutation	HALLMARK_PROTEIN_SECRETION	123	-0.004221905607430117	2026
HWANG_GSE202051_NAIVE	label permutation	HALLMARK_PROTEIN_SECRETION	124	0.0027256399122721616	2026
HWANG_GSE202051_NAIVE	label permutation	HALLMARK_PROTEIN_SECRETION	125	-0.004871240910092152	2026
HWANG_GSE202051_NAIVE	label permutation	HALLMARK_PROTEIN_SECRETION	126	0.009253894870874182	2026
HWANG_GSE202051_NAIVE	label permutation	HALLMARK_PROTEIN_SECRETION	127	0.002921977086448756	2026
HWANG_GSE202051_NAIVE	label permutation	HALLMARK_PROTEIN_SECRETION	128	0.0030126097762240584	2026
HWANG_GSE202051_NAIVE	label permutation	HALLMARK_PROTEIN_SECRETION	129	-0.0026350577755607472	2026
HWANG_GSE202051_NAIVE	label permutation	HALLMARK_PROTEIN_SECRETION	130	0.007298389720172068	2026
HWANG_GSE202051_NAIVE	label permutation	HALLMARK_PROTEIN_SECRETION	131	0.0006395672145426536	2026
HWANG_GSE202051_NAIVE	label permutation	HALLMARK_PROTEIN_SECRETION	132	0.007288426211020111	2026
HWANG_GSE202051_NAIVE	label permutation	HALLMARK_PROTEIN_SECRETION	133	0.0003839559658596864	2026
HWANG_GSE202051_NAIVE	label permutation	HALLMARK_PROTEIN_SECRETION	134	0.0014712595848643858	2026
HWANG_GSE202051_NAIVE	label permutation	HALLMARK_PROTEIN_SECRETION	135	0.004932001576862362	2026
HWANG_GSE202051_NAIVE	label permutation	HALLMARK_PROTEIN_SECRETION	136	-0.00454623057480993	2026
HWANG_GSE202051_NAIVE	label permutation	HALLMARK_PROTEIN_SECRETION	137	-0.000959333989254278	2026
HWANG_GSE202051_NAIVE	label permutation	HALLMARK_PROTEIN_SECRETION	138	0.003115927265461003	2026
HWANG_GSE202051_NAIVE	label permutation	HALLMARK_PROTEIN_SECRETION	139	0.001559851893199617	2026
HWANG_GSE202051_NAIVE	label permutation	HALLMARK_PROTEIN_SECRETION	140	-0.003917625875425976	2026
HWANG_GSE202051_NAIVE	label permutation	HALLMARK_PROTEIN_SECRETION	141	0.0035496675638808707	2026
HWANG_GSE202051_NAIVE	label permutation	HALLMARK_PROTEIN_SECRETION	142	-0.001352937435038277	2026
HWANG_GSE202051_NAIVE	label permutation	HALLMARK_PROTEIN_SECRETION	143	0.0083629134917385	2026
HWANG_GSE202051_NAIVE	label permutation	HALLMARK_PROTEIN_SECRETION	144	0.002258616929291037	2026
HWANG_GSE202051_NAIVE	label permutation	HALLMARK_PROTEIN_SECRETION	145	0.00033781105781473876	2026
HWANG_GSE202051_NAIVE	label permutation	HALLMARK_PROTEIN_SECRETION	146	-0.005793239208342771	2026
HWANG_GSE202051_NAIVE	label permutation	HALLMARK_PROTEIN_SECRETION	147	-0.003327369789207685	2026
HWANG_GSE202051_NAIVE	label permutation	HALLMARK_PROTEIN_SECRETION	148	-0.002528102002361552	2026
HWANG_GSE202051_NAIVE	label permutation	HALLMARK_PROTEIN_SECRETION	149	-0.0026519940388391988	2026
HWANG_GSE202051_NAIVE	label permutation	HALLMARK_PROTEIN_SECRETION	150	-0.0018831396007020708	2026
HWANG_GSE202051_NAIVE	label permutation	HALLMARK_PROTEIN_SECRETION	151	0.000937008242352476	2026
HWANG_GSE202051_NAIVE	label permutation	HALLMARK_PROTEIN_SECRETION	152	0.007788422792091994	2026
HWANG_GSE202051_NAIVE	label permutation	HALLMARK_PROTEIN_SECRETION	153	0.000354633419258365	2026
HWANG_GSE202051_NAIVE	label permutation	HALLMARK_PROTEIN_SECRETION	154	-0.00871247330851071	2026
HWANG_GSE202051_NAIVE	label permutation	HALLMARK_PROTEIN_SECRETION	155	0.004466320029618552	2026
HWANG_GSE202051_NAIVE	label permutation	HALLMARK_PROTEIN_SECRETION	156	-0.003701485182105927	2026
HWANG_GSE202051_NAIVE	label permutation	HALLMARK_PROTEIN_SECRETION	157	0.0010206779339328256	2026
HWANG_GSE202051_NAIVE	label permutation	HALLMARK_PROTEIN_SECRETION	158	-0.003303887436984873	2026
HWANG_GSE202051_NAIVE	label permutation	HALLMARK_PROTEIN_SECRETION	159	-0.006317744129390951	2026
HWANG_GSE202051_NAIVE	label permutation	HALLMARK_PROTEIN_SECRETION	160	0.002885342288685739	2026
HWANG_GSE202051_NAIVE	label permutation	HALLMARK_PROTEIN_SECRETION	161	-0.001739236888200058	2026
HWANG_GSE202051_NAIVE	label permutation	HALLMARK_PROTEIN_SECRETION	162	-0.0026741395744121488	2026
HWANG_GSE202051_NAIVE	label permutation	HALLMARK_PROTEIN_SECRETION	163	0.003954835672923635	2026
HWANG_GSE202051_NAIVE	label permutation	HALLMARK_PROTEIN_SECRETION	164	-0.0004748717128738121	2026
HWANG_GSE202051_NAIVE	label permutation	HALLMARK_PROTEIN_SECRETION	165	0.002398672036282524	2026
HWANG_GSE202051_NAIVE	label permutation	HALLMARK_PROTEIN_SECRETION	166	0.0037954272186741323	2026
HWANG_GSE202051_NAIVE	label permutation	HALLMARK_PROTEIN_SECRETION	167	-0.0023062994393802305	2026
HWANG_GSE202051_NAIVE	label permutation	HALLMARK_PROTEIN_SECRETION	168	-0.004826788366756644	2026
HWANG_GSE202051_NAIVE	label permutation	HALLMARK_PROTEIN_SECRETION	169	-0.0043683003635524775	2026
HWANG_GSE202051_NAIVE	label permutation	HALLMARK_PROTEIN_SECRETION	170	-0.0039055442502148948	2026
HWANG_GSE202051_NAIVE	label permutation	HALLMARK_PROTEIN_SECRETION	171	0.0012867808967630112	2026
HWANG_GSE202051_NAIVE	label permutation	HALLMARK_PROTEIN_SECRETION	172	0.0006346386723334594	2026
HWANG_GSE202051_NAIVE	label permutation	HALLMARK_PROTEIN_SECRETION	173	0.00607099784408388	2026
HWANG_GSE202051_NAIVE	label permutation	HALLMARK_PROTEIN_SECRETION	174	0.0018220593975940337	2026
HWANG_GSE202051_NAIVE	label permutation	HALLMARK_PROTEIN_SECRETION	175	-0.0011328554776802266	2026
HWANG_GSE202051_NAIVE	label permutation	HALLMARK_PROTEIN_SECRETION	176	-0.002439893192678885	2026
HWANG_GSE202051_NAIVE	label permutation	HALLMARK_PROTEIN_SECRETION	177	0.002271054345412505	2026
HWANG_GSE202051_NAIVE	label permutation	HALLMARK_PROTEIN_SECRETION	178	-0.0025998488844267945	2026
HWANG_GSE202051_NAIVE	label permutation	HALLMARK_PROTEIN_SECRETION	179	-0.006097307440348539	2026
HWANG_GSE202051_NAIVE	label permutation	HALLMARK_PROTEIN_SECRETION	180	0.0018862228537954771	2026
HWANG_GSE202051_NAIVE	label permutation	HALLMARK_PROTEIN_SECRETION	181	-0.004586651788874068	2026
HWANG_GSE202051_NAIVE	label permutation	HALLMARK_PROTEIN_SECRETION	182	0.008608829184035254	2026
HWANG_GSE202051_NAIVE	label permutation	HALLMARK_PROTEIN_SECRETION	183	0.0041726376693031345	2026
HWANG_GSE202051_NAIVE	label permutation	HALLMARK_PROTEIN_SECRETION	184	0.004482742848693165	2026
HWANG_GSE202051_NAIVE	label permutation	HALLMARK_PROTEIN_SECRETION	185	-0.005638080860891735	2026
HWANG_GSE202051_NAIVE	label permutation	HALLMARK_PROTEIN_SECRETION	186	0.0058902026150511	2026
HWANG_GSE202051_NAIVE	label permutation	HALLMARK_PROTEIN_SECRETION	187	-0.001363267280296181	2026
HWANG_GSE202051_NAIVE	label permutation	HALLMARK_PROTEIN_SECRETION	188	-0.0008705157437570753	2026
HWANG_GSE202051_NAIVE	label permutation	HALLMARK_PROTEIN_SECRETION	189	0.003318866254072237	2026
HWANG_GSE202051_NAIVE	label permutation	HALLMARK_PROTEIN_SECRETION	190	0.0008389669516432064	2026
HWANG_GSE202051_NAIVE	label permutation	HALLMARK_PROTEIN_SECRETION	191	0.004045017410475955	2026
HWANG_GSE202051_NAIVE	label permutation	HALLMARK_PROTEIN_SECRETION	192	-0.001840862747761203	2026
HWANG_GSE202051_NAIVE	label permutation	HALLMARK_PROTEIN_SECRETION	193	0.002210174167097467	2026
HWANG_GSE202051_NAIVE	label permutation	HALLMARK_PROTEIN_SECRETION	194	-0.010684592345551698	2026
HWANG_GSE202051_NAIVE	label permutation	HALLMARK_PROTEIN_SECRETION	195	0.0001442171819138952	2026
HWANG_GSE202051_NAIVE	label permutation	HALLMARK_PROTEIN_SECRETION	196	-0.005163767277941588	2026
HWANG_GSE202051_NAIVE	label permutation	HALLMARK_PROTEIN_SECRETION	197	0.0026591686821047698	2026
HWANG_GSE202051_NAIVE	label permutation	HALLMARK_PROTEIN_SECRETION	198	-0.0017677817845999433	2026
HWANG_GSE202051_NAIVE	label permutation	HALLMARK_PROTEIN_SECRETION	199	0.003287623252312452	2026
HWANG_GSE202051_NAIVE	label permutation	HALLMARK_PROTEIN_SECRETION	200	-0.004082436529805393	2026
HWANG_GSE202051_NAIVE	label permutation	HALLMARK_PROTEIN_SECRETION	201	-0.0025232383845018224	2026
HWANG_GSE202051_NAIVE	label permutation	HALLMARK_PROTEIN_SECRETION	202	0.0040517912980010075	2026
HWANG_GSE202051_NAIVE	label permutation	HALLMARK_PROTEIN_SECRETION	203	0.005579467235276693	2026
HWANG_GSE202051_NAIVE	label permutation	HALLMARK_PROTEIN_SECRETION	204	-0.0011340620259357097	2026
HWANG_GSE202051_NAIVE	label permutation	HALLMARK_PROTEIN_SECRETION	205	0.005440621011524094	2026
HWANG_GSE202051_NAIVE	label permutation	HALLMARK_PROTEIN_SECRETION	206	0.008862312206241198	2026
HWANG_GSE202051_NAIVE	label permutation	HALLMARK_PROTEIN_SECRETION	207	0.0016506546448651752	2026
HWANG_GSE202051_NAIVE	label permutation	HALLMARK_PROTEIN_SECRETION	208	-0.004224854716197776	2026
HWANG_GSE202051_NAIVE	label permutation	HALLMARK_PROTEIN_SECRETION	209	0.003625924985139109	2026
HWANG_GSE202051_NAIVE	label permutation	HALLMARK_PROTEIN_SECRETION	210	6.502753088195955e-05	2026
HWANG_GSE202051_NAIVE	label permutation	HALLMARK_PROTEIN_SECRETION	211	-0.0023396996175562186	2026
HWANG_GSE202051_NAIVE	label permutation	HALLMARK_PROTEIN_SECRETION	212	0.0018272358605590767	2026
HWANG_GSE202051_NAIVE	label permutation	HALLMARK_PROTEIN_SECRETION	213	-0.005284636483699007	2026
HWANG_GSE202051_NAIVE	label permutation	HALLMARK_PROTEIN_SECRETION	214	-0.0071263556385708915	2026
HWANG_GSE202051_NAIVE	label permutation	HALLMARK_PROTEIN_SECRETION	215	0.0032448879232496557	2026
HWANG_GSE202051_NAIVE	label permutation	HALLMARK_PROTEIN_SECRETION	216	0.002881730057702959	2026
HWANG_GSE202051_NAIVE	label permutation	HALLMARK_PROTEIN_SECRETION	217	0.0025174975030507842	2026
HWANG_GSE202051_NAIVE	label permutation	HALLMARK_PROTEIN_SECRETION	218	0.0023501271244114256	2026
HWANG_GSE202051_NAIVE	label permutation	HALLMARK_PROTEIN_SECRETION	219	0.0019596387132583943	2026
HWANG_GSE202051_NAIVE	label permutation	HALLMARK_PROTEIN_SECRETION	220	0.004249479993749516	2026
HWANG_GSE202051_NAIVE	label permutation	HALLMARK_PROTEIN_SECRETION	221	0.0016568193072246662	2026
HWANG_GSE202051_NAIVE	label permutation	HALLMARK_PROTEIN_SECRETION	222	-0.004467766229809684	2026
HWANG_GSE202051_NAIVE	label permutation	HALLMARK_PROTEIN_SECRETION	223	-0.009745428153459768	2026
HWANG_GSE202051_NAIVE	label permutation	HALLMARK_PROTEIN_SECRETION	224	0.007783252651452018	2026
HWANG_GSE202051_NAIVE	label permutation	HALLMARK_PROTEIN_SECRETION	225	0.006245228746914544	2026
HWANG_GSE202051_NAIVE	label permutation	HALLMARK_PROTEIN_SECRETION	226	0.00039181546439609206	2026
HWANG_GSE202051_NAIVE	label permutation	HALLMARK_PROTEIN_SECRETION	227	-0.003473568345452003	2026
HWANG_GSE202051_NAIVE	label permutation	HALLMARK_PROTEIN_SECRETION	228	-0.0009202291251965964	2026
HWANG_GSE202051_NAIVE	label permutation	HALLMARK_PROTEIN_SECRETION	229	0.0036818527968889183	2026
HWANG_GSE202051_NAIVE	label permutation	HALLMARK_PROTEIN_SECRETION	230	0.006797361764977404	2026
HWANG_GSE202051_NAIVE	label permutation	HALLMARK_PROTEIN_SECRETION	231	-0.010309396605101107	2026
HWANG_GSE202051_NAIVE	label permutation	HALLMARK_PROTEIN_SECRETION	232	-0.00326036771395402	2026
HWANG_GSE202051_NAIVE	label permutation	HALLMARK_PROTEIN_SECRETION	233	-0.00042840262172831345	2026
HWANG_GSE202051_NAIVE	label permutation	HALLMARK_PROTEIN_SECRETION	234	-0.0023779504314443496	2026
HWANG_GSE202051_NAIVE	label permutation	HALLMARK_PROTEIN_SECRETION	235	0.0016626851323832744	2026
HWANG_GSE202051_NAIVE	label permutation	HALLMARK_PROTEIN_SECRETION	236	0.002535213753509837	2026
HWANG_GSE202051_NAIVE	label permutation	HALLMARK_PROTEIN_SECRETION	237	0.0022325905450695117	2026
HWANG_GSE202051_NAIVE	label permutation	HALLMARK_PROTEIN_SECRETION	238	0.006665514745856905	2026
HWANG_GSE202051_NAIVE	label permutation	HALLMARK_PROTEIN_SECRETION	239	0.006281850699107948	2026
HWANG_GSE202051_NAIVE	label permutation	HALLMARK_PROTEIN_SECRETION	240	-0.002638161669235433	2026
HWANG_GSE202051_NAIVE	label permutation	HALLMARK_PROTEIN_SECRETION	241	0.004675379780356294	2026
HWANG_GSE202051_NAIVE	label permutation	HALLMARK_PROTEIN_SECRETION	242	-0.008802666633568023	2026
HWANG_GSE202051_NAIVE	label permutation	HALLMARK_PROTEIN_SECRETION	243	0.00991055088458418	2026
HWANG_GSE202051_NAIVE	label permutation	HALLMARK_PROTEIN_SECRETION	244	0.0064310448151641535	2026
HWANG_GSE202051_NAIVE	label permutation	HALLMARK_PROTEIN_SECRETION	245	0.004613771176620839	2026
HWANG_GSE202051_NAIVE	label permutation	HALLMARK_PROTEIN_SECRETION	246	0.0003936599101158733	2026
HWANG_GSE202051_NAIVE	label permutation	HALLMARK_PROTEIN_SECRETION	247	-0.0008426211427974593	2026
HWANG_GSE202051_NAIVE	label permutation	HALLMARK_PROTEIN_SECRETION	248	0.001224838459506283	2026
HWANG_GSE202051_NAIVE	label permutation	HALLMARK_PROTEIN_SECRETION	249	-0.0005647061406099239	2026
HWANG_GSE202051_NAIVE	label permutation	HALLMARK_PROTEIN_SECRETION	250	-0.0008665298099110838	2026
HWANG_GSE202051_NAIVE	label permutation	HALLMARK_PROTEIN_SECRETION	251	-0.003975059985810198	2026
HWANG_GSE202051_NAIVE	label permutation	HALLMARK_PROTEIN_SECRETION	252	-0.004526806293613705	2026
HWANG_GSE202051_NAIVE	label permutation	HALLMARK_PROTEIN_SECRETION	253	-0.0002008285930896845	2026
HWANG_GSE202051_NAIVE	label permutation	HALLMARK_PROTEIN_SECRETION	254	0.002030050504047857	2026
HWANG_GSE202051_NAIVE	label permutation	HALLMARK_PROTEIN_SECRETION	255	0.0022993520851349093	2026
HWANG_GSE202051_NAIVE	label permutation	HALLMARK_PROTEIN_SECRETION	256	0.003127496842590335	2026
HWANG_GSE202051_NAIVE	label permutation	HALLMARK_PROTEIN_SECRETION	257	0.003094693893885037	2026
HWANG_GSE202051_NAIVE	label permutation	HALLMARK_PROTEIN_SECRETION	258	0.00638939646688317	2026
HWANG_GSE202051_NAIVE	label permutation	HALLMARK_PROTEIN_SECRETION	259	0.002967392970379675	2026
HWANG_GSE202051_NAIVE	label permutation	HALLMARK_PROTEIN_SECRETION	260	0.0021314907883177954	2026
HWANG_GSE202051_NAIVE	label permutation	HALLMARK_PROTEIN_SECRETION	261	-0.0012845864120145313	2026
HWANG_GSE202051_NAIVE	label permutation	HALLMARK_PROTEIN_SECRETION	262	-0.007429186832933	2026
HWANG_GSE202051_NAIVE	label permutation	HALLMARK_PROTEIN_SECRETION	263	0.0010433457021507364	2026
HWANG_GSE202051_NAIVE	label permutation	HALLMARK_PROTEIN_SECRETION	264	-0.0016290803363015816	2026
HWANG_GSE202051_NAIVE	label permutation	HALLMARK_PROTEIN_SECRETION	265	-0.003949450981149598	2026
HWANG_GSE202051_NAIVE	label permutation	HALLMARK_PROTEIN_SECRETION	266	-0.001120808495304007	2026
HWANG_GSE202051_NAIVE	label permutation	HALLMARK_PROTEIN_SECRETION	267	0.002955041529686882	2026
HWANG_GSE202051_NAIVE	label permutation	HALLMARK_PROTEIN_SECRETION	268	-0.0027299299587820913	2026
HWANG_GSE202051_NAIVE	label permutation	HALLMARK_PROTEIN_SECRETION	269	0.005887030795384124	2026
HWANG_GSE202051_NAIVE	label permutation	HALLMARK_PROTEIN_SECRETION	270	-0.0030603746408896333	2026
HWANG_GSE202051_NAIVE	label permutation	HALLMARK_PROTEIN_SECRETION	271	-0.0032979776615248793	2026
HWANG_GSE202051_NAIVE	label permutation	HALLMARK_PROTEIN_SECRETION	272	-0.0015139056587995512	2026
HWANG_GSE202051_NAIVE	label permutation	HALLMARK_PROTEIN_SECRETION	273	-0.005246111318875158	2026
HWANG_GSE202051_NAIVE	label permutation	HALLMARK_PROTEIN_SECRETION	274	0.0009790483766147276	2026
HWANG_GSE202051_NAIVE	label permutation	HALLMARK_PROTEIN_SECRETION	275	-0.00996449781228821	2026
HWANG_GSE202051_NAIVE	label permutation	HALLMARK_PROTEIN_SECRETION	276	0.00153966602177172	2026
HWANG_GSE202051_NAIVE	label permutation	HALLMARK_PROTEIN_SECRETION	277	-0.005782515751793832	2026
HWANG_GSE202051_NAIVE	label permutation	HALLMARK_PROTEIN_SECRETION	278	-0.0018702971656423821	2026
HWANG_GSE202051_NAIVE	label permutation	HALLMARK_PROTEIN_SECRETION	279	-0.004177774464032174	2026
HWANG_GSE202051_NAIVE	label permutation	HALLMARK_PROTEIN_SECRETION	280	-0.0032511751224624753	2026
HWANG_GSE202051_NAIVE	label permutation	HALLMARK_PROTEIN_SECRETION	281	0.004328904151458406	2026
HWANG_GSE202051_NAIVE	label permutation	HALLMARK_PROTEIN_SECRETION	282	-0.0049050223354684995	2026
HWANG_GSE202051_NAIVE	label permutation	HALLMARK_PROTEIN_SECRETION	283	-0.004557830713615614	2026
HWANG_GSE202051_NAIVE	label permutation	HALLMARK_PROTEIN_SECRETION	284	0.007257275013597845	2026
HWANG_GSE202051_NAIVE	label permutation	HALLMARK_PROTEIN_SECRETION	285	0.006198681984321962	2026
HWANG_GSE202051_NAIVE	label permutation	HALLMARK_PROTEIN_SECRETION	286	-0.0018840909404594793	2026
HWANG_GSE202051_NAIVE	label permutation	HALLMARK_PROTEIN_SECRETION	287	0.007646134702956075	2026
HWANG_GSE202051_NAIVE	label permutation	HALLMARK_PROTEIN_SECRETION	288	0.001619194313921474	2026
HWANG_GSE202051_NAIVE	label permutation	HALLMARK_PROTEIN_SECRETION	289	-1.862233660002623e-05	2026
HWANG_GSE202051_NAIVE	label permutation	HALLMARK_PROTEIN_SECRETION	290	-0.008170088015119086	2026
HWANG_GSE202051_NAIVE	label permutation	HALLMARK_PROTEIN_SECRETION	291	0.003238420010770922	2026
HWANG_GSE202051_NAIVE	label permutation	HALLMARK_PROTEIN_SECRETION	292	0.0030482327480539015	2026
HWANG_GSE202051_NAIVE	label permutation	HALLMARK_PROTEIN_SECRETION	293	-0.005407524754314801	2026
HWANG_GSE202051_NAIVE	label permutation	HALLMARK_PROTEIN_SECRETION	294	-0.0023535149425975986	2026
HWANG_GSE202051_NAIVE	label permutation	HALLMARK_PROTEIN_SECRETION	295	0.00033897918951002155	2026
HWANG_GSE202051_NAIVE	label permutation	HALLMARK_PROTEIN_SECRETION	296	-0.003697461999287796	2026
HWANG_GSE202051_NAIVE	label permutation	HALLMARK_PROTEIN_SECRETION	297	0.005199671620046227	2026
HWANG_GSE202051_NAIVE	label permutation	HALLMARK_PROTEIN_SECRETION	298	-0.0005336958499181952	2026
HWANG_GSE202051_NAIVE	label permutation	HALLMARK_PROTEIN_SECRETION	299	-0.006404012010651273	2026
HWANG_GSE202051_NAIVE	label permutation	HALLMARK_PROTEIN_SECRETION	300	0.005592620523256426	2026
HWANG_GSE202051_NAIVE	label permutation	HALLMARK_PROTEIN_SECRETION	301	0.003573430452996301	2026
HWANG_GSE202051_NAIVE	label permutation	HALLMARK_PROTEIN_SECRETION	302	-0.002566265574364278	2026
HWANG_GSE202051_NAIVE	label permutation	HALLMARK_PROTEIN_SECRETION	303	0.0011678212396699055	2026
HWANG_GSE202051_NAIVE	label permutation	HALLMARK_PROTEIN_SECRETION	304	0.0033128476798335365	2026
HWANG_GSE202051_NAIVE	label permutation	HALLMARK_PROTEIN_SECRETION	305	-0.00042829752967858524	2026
HWANG_GSE202051_NAIVE	label permutation	HALLMARK_PROTEIN_SECRETION	306	0.0031233905280132358	2026
HWANG_GSE202051_NAIVE	label permutation	HALLMARK_PROTEIN_SECRETION	307	4.1336187470709684e-05	2026
HWANG_GSE202051_NAIVE	label permutation	HALLMARK_PROTEIN_SECRETION	308	0.0020471990231008944	2026
HWANG_GSE202051_NAIVE	label permutation	HALLMARK_PROTEIN_SECRETION	309	0.00036511486455514773	2026
HWANG_GSE202051_NAIVE	label permutation	HALLMARK_PROTEIN_SECRETION	310	-0.00017829459421403422	2026
HWANG_GSE202051_NAIVE	label permutation	HALLMARK_PROTEIN_SECRETION	311	-0.0011718899868243223	2026
HWANG_GSE202051_NAIVE	label permutation	HALLMARK_PROTEIN_SECRETION	312	0.0052768201519829815	2026
HWANG_GSE202051_NAIVE	label permutation	HALLMARK_PROTEIN_SECRETION	313	0.0030683446976507113	2026
HWANG_GSE202051_NAIVE	label permutation	HALLMARK_PROTEIN_SECRETION	314	0.004148993339264496	2026
HWANG_GSE202051_NAIVE	label permutation	HALLMARK_PROTEIN_SECRETION	315	0.0005007635364319738	2026
HWANG_GSE202051_NAIVE	label permutation	HALLMARK_PROTEIN_SECRETION	316	0.005215610358828907	2026
HWANG_GSE202051_NAIVE	label permutation	HALLMARK_PROTEIN_SECRETION	317	0.0028113236425902615	2026
HWANG_GSE202051_NAIVE	label permutation	HALLMARK_PROTEIN_SECRETION	318	0.0033813783982905854	2026
HWANG_GSE202051_NAIVE	label permutation	HALLMARK_PROTEIN_SECRETION	319	-0.0007827342874503944	2026
HWANG_GSE202051_NAIVE	label permutation	HALLMARK_PROTEIN_SECRETION	320	0.0029444632397196135	2026
HWANG_GSE202051_NAIVE	label permutation	HALLMARK_PROTEIN_SECRETION	321	-0.0010037091078028216	2026
HWANG_GSE202051_NAIVE	label permutation	HALLMARK_PROTEIN_SECRETION	322	-0.003331997073445442	2026
HWANG_GSE202051_NAIVE	label permutation	HALLMARK_PROTEIN_SECRETION	323	-0.003701051313258919	2026
HWANG_GSE202051_NAIVE	label permutation	HALLMARK_PROTEIN_SECRETION	324	0.002037384717895203	2026
HWANG_GSE202051_NAIVE	label permutation	HALLMARK_PROTEIN_SECRETION	325	-0.0063006751674700035	2026
HWANG_GSE202051_NAIVE	label permutation	HALLMARK_PROTEIN_SECRETION	326	0.004562830957686054	2026
HWANG_GSE202051_NAIVE	label permutation	HALLMARK_PROTEIN_SECRETION	327	0.0055530990812938845	2026
HWANG_GSE202051_NAIVE	label permutation	HALLMARK_PROTEIN_SECRETION	328	0.0030111707778132	2026
HWANG_GSE202051_NAIVE	label permutation	HALLMARK_PROTEIN_SECRETION	329	-0.0012451126571118517	2026
HWANG_GSE202051_NAIVE	label permutation	HALLMARK_PROTEIN_SECRETION	330	-0.00017880623567985082	2026
HWANG_GSE202051_NAIVE	label permutation	HALLMARK_PROTEIN_SECRETION	331	-0.003683514068046337	2026
HWANG_GSE202051_NAIVE	label permutation	HALLMARK_PROTEIN_SECRETION	332	0.003317795138216709	2026
HWANG_GSE202051_NAIVE	label permutation	HALLMARK_PROTEIN_SECRETION	333	0.0005368754478096387	2026
HWANG_GSE202051_NAIVE	label permutation	HALLMARK_PROTEIN_SECRETION	334	0.0008111117768672079	2026
HWANG_GSE202051_NAIVE	label permutation	HALLMARK_PROTEIN_SECRETION	335	0.004826549143298565	2026
HWANG_GSE202051_NAIVE	label permutation	HALLMARK_PROTEIN_SECRETION	336	0.003599663693995403	2026
HWANG_GSE202051_NAIVE	label permutation	HALLMARK_PROTEIN_SECRETION	337	0.004826413949028163	2026
HWANG_GSE202051_NAIVE	label permutation	HALLMARK_PROTEIN_SECRETION	338	-0.00016934251609533965	2026
HWANG_GSE202051_NAIVE	label permutation	HALLMARK_PROTEIN_SECRETION	339	0.0071717551376729895	2026
HWANG_GSE202051_NAIVE	label permutation	HALLMARK_PROTEIN_SECRETION	340	0.0028879240386284395	2026
HWANG_GSE202051_NAIVE	label permutation	HALLMARK_PROTEIN_SECRETION	341	0.00046946034816162534	2026
HWANG_GSE202051_NAIVE	label permutation	HALLMARK_PROTEIN_SECRETION	342	0.0010666922983018797	2026
HWANG_GSE202051_NAIVE	label permutation	HALLMARK_PROTEIN_SECRETION	343	0.007398330218355064	2026
HWANG_GSE202051_NAIVE	label permutation	HALLMARK_PROTEIN_SECRETION	344	0.008361983893660403	2026
HWANG_GSE202051_NAIVE	label permutation	HALLMARK_PROTEIN_SECRETION	345	0.0003249038441915408	2026
HWANG_GSE202051_NAIVE	label permutation	HALLMARK_PROTEIN_SECRETION	346	-0.005176323475308237	2026
HWANG_GSE202051_NAIVE	label permutation	HALLMARK_PROTEIN_SECRETION	347	-0.00041123422514779474	2026
HWANG_GSE202051_NAIVE	label permutation	HALLMARK_PROTEIN_SECRETION	348	0.003749961343290563	2026
HWANG_GSE202051_NAIVE	label permutation	HALLMARK_PROTEIN_SECRETION	349	0.0029180346516918063	2026
HWANG_GSE202051_NAIVE	label permutation	HALLMARK_PROTEIN_SECRETION	350	-0.0001507297783694175	2026
HWANG_GSE202051_NAIVE	label permutation	HALLMARK_PROTEIN_SECRETION	351	-0.0035959042992347286	2026
HWANG_GSE202051_NAIVE	label permutation	HALLMARK_PROTEIN_SECRETION	352	-0.005273915033375668	2026
HWANG_GSE202051_NAIVE	label permutation	HALLMARK_PROTEIN_SECRETION	353	-0.006339215308537101	2026
HWANG_GSE202051_NAIVE	label permutation	HALLMARK_PROTEIN_SECRETION	354	-0.0008856201504232171	2026
HWANG_GSE202051_NAIVE	label permutation	HALLMARK_PROTEIN_SECRETION	355	0.002397271250645185	2026
HWANG_GSE202051_NAIVE	label permutation	HALLMARK_PROTEIN_SECRETION	356	0.0024637212760812263	2026
HWANG_GSE202051_NAIVE	label permutation	HALLMARK_PROTEIN_SECRETION	357	0.0014363145604308904	2026
HWANG_GSE202051_NAIVE	label permutation	HALLMARK_PROTEIN_SECRETION	358	0.00302983399194251	2026
HWANG_GSE202051_NAIVE	label permutation	HALLMARK_PROTEIN_SECRETION	359	0.002036479019966923	2026
HWANG_GSE202051_NAIVE	label permutation	HALLMARK_PROTEIN_SECRETION	360	0.0027062047229885733	2026
HWANG_GSE202051_NAIVE	label permutation	HALLMARK_PROTEIN_SECRETION	361	0.0028893151764612275	2026
HWANG_GSE202051_NAIVE	label permutation	HALLMARK_PROTEIN_SECRETION	362	0.003779661317889188	2026
HWANG_GSE202051_NAIVE	label permutation	HALLMARK_PROTEIN_SECRETION	363	-0.006190890185787428	2026
HWANG_GSE202051_NAIVE	label permutation	HALLMARK_PROTEIN_SECRETION	364	-0.004842058662084535	2026
HWANG_GSE202051_NAIVE	label permutation	HALLMARK_PROTEIN_SECRETION	365	-0.0006239717258719011	2026
HWANG_GSE202051_NAIVE	label permutation	HALLMARK_PROTEIN_SECRETION	366	0.009161592474489305	2026
HWANG_GSE202051_NAIVE	label permutation	HALLMARK_PROTEIN_SECRETION	367	-0.0026434440588264485	2026
HWANG_GSE202051_NAIVE	label permutation	HALLMARK_PROTEIN_SECRETION	368	0.009454205045582533	2026
HWANG_GSE202051_NAIVE	label permutation	HALLMARK_PROTEIN_SECRETION	369	0.005913054884454266	2026
HWANG_GSE202051_NAIVE	label permutation	HALLMARK_PROTEIN_SECRETION	370	0.002717343639056223	2026
HWANG_GSE202051_NAIVE	label permutation	HALLMARK_PROTEIN_SECRETION	371	0.0025499877344320023	2026
HWANG_GSE202051_NAIVE	label permutation	HALLMARK_PROTEIN_SECRETION	372	-0.0014141317638810553	2026
HWANG_GSE202051_NAIVE	label permutation	HALLMARK_PROTEIN_SECRETION	373	0.0007891254123426432	2026
HWANG_GSE202051_NAIVE	label permutation	HALLMARK_PROTEIN_SECRETION	374	0.004897082565360522	2026
HWANG_GSE202051_NAIVE	label permutation	HALLMARK_PROTEIN_SECRETION	375	-0.00841376803623421	2026
HWANG_GSE202051_NAIVE	label permutation	HALLMARK_PROTEIN_SECRETION	376	-0.00281127834215953	2026
HWANG_GSE202051_NAIVE	label permutation	HALLMARK_PROTEIN_SECRETION	377	0.004655467430525965	2026
HWANG_GSE202051_NAIVE	label permutation	HALLMARK_PROTEIN_SECRETION	378	-0.0001501982691326668	2026
HWANG_GSE202051_NAIVE	label permutation	HALLMARK_PROTEIN_SECRETION	379	-0.004326808997861669	2026
HWANG_GSE202051_NAIVE	label permutation	HALLMARK_PROTEIN_SECRETION	380	0.0020331525511035715	2026
HWANG_GSE202051_NAIVE	label permutation	HALLMARK_PROTEIN_SECRETION	381	0.0013371554998895295	2026
HWANG_GSE202051_NAIVE	label permutation	HALLMARK_PROTEIN_SECRETION	382	0.00875369773227909	2026
HWANG_GSE202051_NAIVE	label permutation	HALLMARK_PROTEIN_SECRETION	383	0.004285912640945719	2026
HWANG_GSE202051_NAIVE	label permutation	HALLMARK_PROTEIN_SECRETION	384	0.003132728606422195	2026
HWANG_GSE202051_NAIVE	label permutation	HALLMARK_PROTEIN_SECRETION	385	0.00539096179004376	2026
HWANG_GSE202051_NAIVE	label permutation	HALLMARK_PROTEIN_SECRETION	386	0.007068285241755835	2026
HWANG_GSE202051_NAIVE	label permutation	HALLMARK_PROTEIN_SECRETION	387	-0.0018032570307415334	2026
HWANG_GSE202051_NAIVE	label permutation	HALLMARK_PROTEIN_SECRETION	388	-0.0025213729201827473	2026
HWANG_GSE202051_NAIVE	label permutation	HALLMARK_PROTEIN_SECRETION	389	-0.0006760343906437213	2026
HWANG_GSE202051_NAIVE	label permutation	HALLMARK_PROTEIN_SECRETION	390	0.0031263652930037683	2026
HWANG_GSE202051_NAIVE	label permutation	HALLMARK_PROTEIN_SECRETION	391	0.001156112315161273	2026
HWANG_GSE202051_NAIVE	label permutation	HALLMARK_PROTEIN_SECRETION	392	-0.00012158197901127289	2026
HWANG_GSE202051_NAIVE	label permutation	HALLMARK_PROTEIN_SECRETION	393	0.0009311825543521193	2026
HWANG_GSE202051_NAIVE	label permutation	HALLMARK_PROTEIN_SECRETION	394	0.008801627813575349	2026
HWANG_GSE202051_NAIVE	label permutation	HALLMARK_PROTEIN_SECRETION	395	-0.004765568089329413	2026
HWANG_GSE202051_NAIVE	label permutation	HALLMARK_PROTEIN_SECRETION	396	0.0005860932815708871	2026
HWANG_GSE202051_NAIVE	label permutation	HALLMARK_PROTEIN_SECRETION	397	0.003917548824984919	2026
HWANG_GSE202051_NAIVE	label permutation	HALLMARK_PROTEIN_SECRETION	398	-0.004230829498503236	2026
HWANG_GSE202051_NAIVE	label permutation	HALLMARK_PROTEIN_SECRETION	399	0.009872543117749079	2026
HWANG_GSE202051_NAIVE	label permutation	HALLMARK_PROTEIN_SECRETION	400	0.00363307832946954	2026
HWANG_GSE202051_NAIVE	label permutation	HALLMARK_PROTEIN_SECRETION	401	-0.0030931763433121365	2026
HWANG_GSE202051_NAIVE	label permutation	HALLMARK_PROTEIN_SECRETION	402	0.00033263572016312305	2026
HWANG_GSE202051_NAIVE	label permutation	HALLMARK_PROTEIN_SECRETION	403	-0.00385448980618126	2026
HWANG_GSE202051_NAIVE	label permutation	HALLMARK_PROTEIN_SECRETION	404	-0.004012530125894712	2026
HWANG_GSE202051_NAIVE	label permutation	HALLMARK_PROTEIN_SECRETION	405	-0.004503900162200145	2026
HWANG_GSE202051_NAIVE	label permutation	HALLMARK_PROTEIN_SECRETION	406	-0.002610482986918775	2026
HWANG_GSE202051_NAIVE	label permutation	HALLMARK_PROTEIN_SECRETION	407	-0.006770719415157465	2026
HWANG_GSE202051_NAIVE	label permutation	HALLMARK_PROTEIN_SECRETION	408	0.002914586425920742	2026
HWANG_GSE202051_NAIVE	label permutation	HALLMARK_PROTEIN_SECRETION	409	-0.0014393218980984818	2026
HWANG_GSE202051_NAIVE	label permutation	HALLMARK_PROTEIN_SECRETION	410	-0.002140064411946228	2026
HWANG_GSE202051_NAIVE	label permutation	HALLMARK_PROTEIN_SECRETION	411	-0.0006476482627095237	2026
HWANG_GSE202051_NAIVE	label permutation	HALLMARK_PROTEIN_SECRETION	412	0.004781668277906032	2026
HWANG_GSE202051_NAIVE	label permutation	HALLMARK_PROTEIN_SECRETION	413	-0.007545549888616086	2026
HWANG_GSE202051_NAIVE	label permutation	HALLMARK_PROTEIN_SECRETION	414	0.0052098548418292746	2026
HWANG_GSE202051_NAIVE	label permutation	HALLMARK_PROTEIN_SECRETION	415	0.00010911529927182962	2026
HWANG_GSE202051_NAIVE	label permutation	HALLMARK_PROTEIN_SECRETION	416	-0.0033146969474595377	2026
HWANG_GSE202051_NAIVE	label permutation	HALLMARK_PROTEIN_SECRETION	417	0.006005529905628718	2026
HWANG_GSE202051_NAIVE	label permutation	HALLMARK_PROTEIN_SECRETION	418	0.00013255544734318107	2026
HWANG_GSE202051_NAIVE	label permutation	HALLMARK_PROTEIN_SECRETION	419	-0.005605512238846683	2026
HWANG_GSE202051_NAIVE	label permutation	HALLMARK_PROTEIN_SECRETION	420	0.008110463871191777	2026
HWANG_GSE202051_NAIVE	label permutation	HALLMARK_PROTEIN_SECRETION	421	-0.0056131093022666724	2026
HWANG_GSE202051_NAIVE	label permutation	HALLMARK_PROTEIN_SECRETION	422	0.003613020525095593	2026
HWANG_GSE202051_NAIVE	label permutation	HALLMARK_PROTEIN_SECRETION	423	0.009420985369767541	2026
HWANG_GSE202051_NAIVE	label permutation	HALLMARK_PROTEIN_SECRETION	424	-0.0001584544108895301	2026
HWANG_GSE202051_NAIVE	label permutation	HALLMARK_PROTEIN_SECRETION	425	0.007447935805904662	2026
HWANG_GSE202051_NAIVE	label permutation	HALLMARK_PROTEIN_SECRETION	426	-0.0038253534796799777	2026
HWANG_GSE202051_NAIVE	label permutation	HALLMARK_PROTEIN_SECRETION	427	-0.0013322058138350982	2026
HWANG_GSE202051_NAIVE	label permutation	HALLMARK_PROTEIN_SECRETION	428	0.0038801908021132295	2026
HWANG_GSE202051_NAIVE	label permutation	HALLMARK_PROTEIN_SECRETION	429	-0.0006680757716702382	2026
HWANG_GSE202051_NAIVE	label permutation	HALLMARK_PROTEIN_SECRETION	430	0.0017106975555283225	2026
HWANG_GSE202051_NAIVE	label permutation	HALLMARK_PROTEIN_SECRETION	431	-0.005470178918137191	2026
HWANG_GSE202051_NAIVE	label permutation	HALLMARK_PROTEIN_SECRETION	432	0.0009184079969398023	2026
HWANG_GSE202051_NAIVE	label permutation	HALLMARK_PROTEIN_SECRETION	433	-0.0023509129660418382	2026
HWANG_GSE202051_NAIVE	label permutation	HALLMARK_PROTEIN_SECRETION	434	0.0015436135224499831	2026
HWANG_GSE202051_NAIVE	label permutation	HALLMARK_PROTEIN_SECRETION	435	-0.001165150716672953	2026
HWANG_GSE202051_NAIVE	label permutation	HALLMARK_PROTEIN_SECRETION	436	0.0003089594187718381	2026
HWANG_GSE202051_NAIVE	label permutation	HALLMARK_PROTEIN_SECRETION	437	0.002644265757113707	2026
HWANG_GSE202051_NAIVE	label permutation	HALLMARK_PROTEIN_SECRETION	438	0.002804775648726906	2026
HWANG_GSE202051_NAIVE	label permutation	HALLMARK_PROTEIN_SECRETION	439	-0.010443355736129825	2026
HWANG_GSE202051_NAIVE	label permutation	HALLMARK_PROTEIN_SECRETION	440	0.008706701144516339	2026
HWANG_GSE202051_NAIVE	label permutation	HALLMARK_PROTEIN_SECRETION	441	-0.009979994823585164	2026
HWANG_GSE202051_NAIVE	label permutation	HALLMARK_PROTEIN_SECRETION	442	-0.005923997094608388	2026
HWANG_GSE202051_NAIVE	label permutation	HALLMARK_PROTEIN_SECRETION	443	-5.8418375755985614e-05	2026
HWANG_GSE202051_NAIVE	label permutation	HALLMARK_PROTEIN_SECRETION	444	0.001599717957101688	2026
HWANG_GSE202051_NAIVE	label permutation	HALLMARK_PROTEIN_SECRETION	445	0.0057447933424705265	2026
HWANG_GSE202051_NAIVE	label permutation	HALLMARK_PROTEIN_SECRETION	446	0.0029362997021352235	2026
HWANG_GSE202051_NAIVE	label permutation	HALLMARK_PROTEIN_SECRETION	447	-0.002092523676958504	2026
HWANG_GSE202051_NAIVE	label permutation	HALLMARK_PROTEIN_SECRETION	448	0.007085437568345638	2026
HWANG_GSE202051_NAIVE	label permutation	HALLMARK_PROTEIN_SECRETION	449	0.0034830030639170736	2026
HWANG_GSE202051_NAIVE	label permutation	HALLMARK_PROTEIN_SECRETION	450	0.005274470209071309	2026
HWANG_GSE202051_NAIVE	label permutation	HALLMARK_PROTEIN_SECRETION	451	-0.00023163837194736675	2026
HWANG_GSE202051_NAIVE	label permutation	HALLMARK_PROTEIN_SECRETION	452	0.0029968448258957175	2026
HWANG_GSE202051_NAIVE	label permutation	HALLMARK_PROTEIN_SECRETION	453	-0.0033497632559014293	2026
HWANG_GSE202051_NAIVE	label permutation	HALLMARK_PROTEIN_SECRETION	454	0.002902177371009289	2026
HWANG_GSE202051_NAIVE	label permutation	HALLMARK_PROTEIN_SECRETION	455	0.004887861540434351	2026
HWANG_GSE202051_NAIVE	label permutation	HALLMARK_PROTEIN_SECRETION	456	0.007184870763318732	2026
HWANG_GSE202051_NAIVE	label permutation	HALLMARK_PROTEIN_SECRETION	457	0.005335411319502806	2026
HWANG_GSE202051_NAIVE	label permutation	HALLMARK_PROTEIN_SECRETION	458	-0.009039335350585145	2026
HWANG_GSE202051_NAIVE	label permutation	HALLMARK_PROTEIN_SECRETION	459	0.004623920306736002	2026
HWANG_GSE202051_NAIVE	label permutation	HALLMARK_PROTEIN_SECRETION	460	-0.0028949391919236792	2026
HWANG_GSE202051_NAIVE	label permutation	HALLMARK_PROTEIN_SECRETION	461	-0.002908577210687647	2026
HWANG_GSE202051_NAIVE	label permutation	HALLMARK_PROTEIN_SECRETION	462	-8.477410195893798e-05	2026
HWANG_GSE202051_NAIVE	label permutation	HALLMARK_PROTEIN_SECRETION	463	-0.0012387507698988138	2026
HWANG_GSE202051_NAIVE	label permutation	HALLMARK_PROTEIN_SECRETION	464	0.0007332045147532962	2026
HWANG_GSE202051_NAIVE	label permutation	HALLMARK_PROTEIN_SECRETION	465	-0.0035212937200256446	2026
HWANG_GSE202051_NAIVE	label permutation	HALLMARK_PROTEIN_SECRETION	466	0.007883001840460145	2026
HWANG_GSE202051_NAIVE	label permutation	HALLMARK_PROTEIN_SECRETION	467	-0.0026146247773361584	2026
HWANG_GSE202051_NAIVE	label permutation	HALLMARK_PROTEIN_SECRETION	468	-0.003442219641328986	2026
HWANG_GSE202051_NAIVE	label permutation	HALLMARK_PROTEIN_SECRETION	469	0.0003717399646906988	2026
HWANG_GSE202051_NAIVE	label permutation	HALLMARK_PROTEIN_SECRETION	470	-0.0010093336189302728	2026
HWANG_GSE202051_NAIVE	label permutation	HALLMARK_PROTEIN_SECRETION	471	-0.004679909486735923	2026
HWANG_GSE202051_NAIVE	label permutation	HALLMARK_PROTEIN_SECRETION	472	0.008669157835697912	2026
HWANG_GSE202051_NAIVE	label permutation	HALLMARK_PROTEIN_SECRETION	473	0.005238634996574217	2026
HWANG_GSE202051_NAIVE	label permutation	HALLMARK_PROTEIN_SECRETION	474	0.0037236948060865764	2026
HWANG_GSE202051_NAIVE	label permutation	HALLMARK_PROTEIN_SECRETION	475	0.0022711439999007475	2026
HWANG_GSE202051_NAIVE	label permutation	HALLMARK_PROTEIN_SECRETION	476	-0.0043886240713323825	2026
HWANG_GSE202051_NAIVE	label permutation	HALLMARK_PROTEIN_SECRETION	477	-0.0082948133431066	2026
HWANG_GSE202051_NAIVE	label permutation	HALLMARK_PROTEIN_SECRETION	478	0.004082831467307095	2026
HWANG_GSE202051_NAIVE	label permutation	HALLMARK_PROTEIN_SECRETION	479	0.007906910341520766	2026
HWANG_GSE202051_NAIVE	label permutation	HALLMARK_PROTEIN_SECRETION	480	0.004425906870560125	2026
HWANG_GSE202051_NAIVE	label permutation	HALLMARK_PROTEIN_SECRETION	481	-0.0013247176538219293	2026
HWANG_GSE202051_NAIVE	label permutation	HALLMARK_PROTEIN_SECRETION	482	-0.0052371518448345086	2026
HWANG_GSE202051_NAIVE	label permutation	HALLMARK_PROTEIN_SECRETION	483	0.008301775922576493	2026
HWANG_GSE202051_NAIVE	label permutation	HALLMARK_PROTEIN_SECRETION	484	0.005806192964024776	2026
HWANG_GSE202051_NAIVE	label permutation	HALLMARK_PROTEIN_SECRETION	485	-0.0025623234692048226	2026
HWANG_GSE202051_NAIVE	label permutation	HALLMARK_PROTEIN_SECRETION	486	-0.0008045757800457906	2026
HWANG_GSE202051_NAIVE	label permutation	HALLMARK_PROTEIN_SECRETION	487	0.007021801131349577	2026
HWANG_GSE202051_NAIVE	label permutation	HALLMARK_PROTEIN_SECRETION	488	0.0010814229458842388	2026
HWANG_GSE202051_NAIVE	label permutation	HALLMARK_PROTEIN_SECRETION	489	0.007798598464921608	2026
HWANG_GSE202051_NAIVE	label permutation	HALLMARK_PROTEIN_SECRETION	490	0.008033453276618143	2026
HWANG_GSE202051_NAIVE	label permutation	HALLMARK_PROTEIN_SECRETION	491	0.0020694921139049684	2026
HWANG_GSE202051_NAIVE	label permutation	HALLMARK_PROTEIN_SECRETION	492	0.001932226701639421	2026
HWANG_GSE202051_NAIVE	label permutation	HALLMARK_PROTEIN_SECRETION	493	0.00100944740263217	2026
HWANG_GSE202051_NAIVE	label permutation	HALLMARK_PROTEIN_SECRETION	494	0.005264338185027415	2026
HWANG_GSE202051_NAIVE	label permutation	HALLMARK_PROTEIN_SECRETION	495	-0.0024170427286757364	2026
HWANG_GSE202051_NAIVE	label permutation	HALLMARK_PROTEIN_SECRETION	496	-0.005261258290723979	2026
HWANG_GSE202051_NAIVE	label permutation	HALLMARK_PROTEIN_SECRETION	497	0.006220995896645119	2026
HWANG_GSE202051_NAIVE	label permutation	HALLMARK_PROTEIN_SECRETION	498	-0.0015818733517779543	2026
HWANG_GSE202051_NAIVE	label permutation	HALLMARK_PROTEIN_SECRETION	499	0.0038345994991909526	2026
HWANG_GSE202051_NAIVE	label permutation	HALLMARK_PROTEIN_SECRETION	500	0.0029584457868623583	2026
HWANG_GSE202051_NAIVE	label permutation	HALLMARK_PROTEIN_SECRETION	501	0.003943744886756227	2026
HWANG_GSE202051_NAIVE	label permutation	HALLMARK_PROTEIN_SECRETION	502	0.003938883543134649	2026
HWANG_GSE202051_NAIVE	label permutation	HALLMARK_PROTEIN_SECRETION	503	0.006084714159653155	2026
HWANG_GSE202051_NAIVE	label permutation	HALLMARK_PROTEIN_SECRETION	504	-0.002342902752876165	2026
HWANG_GSE202051_NAIVE	label permutation	HALLMARK_PROTEIN_SECRETION	505	3.348681426828339e-05	2026
HWANG_GSE202051_NAIVE	label permutation	HALLMARK_PROTEIN_SECRETION	506	-0.00021368174648077608	2026
HWANG_GSE202051_NAIVE	label permutation	HALLMARK_PROTEIN_SECRETION	507	-0.003212483473785973	2026
HWANG_GSE202051_NAIVE	label permutation	HALLMARK_PROTEIN_SECRETION	508	-0.0015070887456107307	2026
HWANG_GSE202051_NAIVE	label permutation	HALLMARK_PROTEIN_SECRETION	509	-0.006001712057844789	2026
HWANG_GSE202051_NAIVE	label permutation	HALLMARK_PROTEIN_SECRETION	510	-0.00021396145197525695	2026
HWANG_GSE202051_NAIVE	label permutation	HALLMARK_PROTEIN_SECRETION	511	-0.001893484728695657	2026
HWANG_GSE202051_NAIVE	label permutation	HALLMARK_PROTEIN_SECRETION	512	0.0025232659963807446	2026
HWANG_GSE202051_NAIVE	label permutation	HALLMARK_PROTEIN_SECRETION	513	0.002430457819074021	2026
HWANG_GSE202051_NAIVE	label permutation	HALLMARK_PROTEIN_SECRETION	514	-0.008163965117002162	2026
HWANG_GSE202051_NAIVE	label permutation	HALLMARK_PROTEIN_SECRETION	515	0.0012877487763770811	2026
HWANG_GSE202051_NAIVE	label permutation	HALLMARK_PROTEIN_SECRETION	516	0.0003138121734102418	2026
HWANG_GSE202051_NAIVE	label permutation	HALLMARK_PROTEIN_SECRETION	517	5.788926052047558e-05	2026
HWANG_GSE202051_NAIVE	label permutation	HALLMARK_PROTEIN_SECRETION	518	0.0028380761096526114	2026
HWANG_GSE202051_NAIVE	label permutation	HALLMARK_PROTEIN_SECRETION	519	-0.0011597694749534188	2026
HWANG_GSE202051_NAIVE	label permutation	HALLMARK_PROTEIN_SECRETION	520	0.0022062898467910645	2026
HWANG_GSE202051_NAIVE	label permutation	HALLMARK_PROTEIN_SECRETION	521	0.005366416925935872	2026
HWANG_GSE202051_NAIVE	label permutation	HALLMARK_PROTEIN_SECRETION	522	0.0007842712992563107	2026
HWANG_GSE202051_NAIVE	label permutation	HALLMARK_PROTEIN_SECRETION	523	0.005225344920893959	2026
HWANG_GSE202051_NAIVE	label permutation	HALLMARK_PROTEIN_SECRETION	524	7.053692167950108e-06	2026
HWANG_GSE202051_NAIVE	label permutation	HALLMARK_PROTEIN_SECRETION	525	0.00989347556943457	2026
HWANG_GSE202051_NAIVE	label permutation	HALLMARK_PROTEIN_SECRETION	526	0.00029895339457761886	2026
HWANG_GSE202051_NAIVE	label permutation	HALLMARK_PROTEIN_SECRETION	527	0.003855573539241644	2026
HWANG_GSE202051_NAIVE	label permutation	HALLMARK_PROTEIN_SECRETION	528	0.0004955708047875069	2026
HWANG_GSE202051_NAIVE	label permutation	HALLMARK_PROTEIN_SECRETION	529	-0.0039891705984607	2026
HWANG_GSE202051_NAIVE	label permutation	HALLMARK_PROTEIN_SECRETION	530	-0.0023211324279932516	2026
HWANG_GSE202051_NAIVE	label permutation	HALLMARK_PROTEIN_SECRETION	531	0.0011274496181878032	2026
HWANG_GSE202051_NAIVE	label permutation	HALLMARK_PROTEIN_SECRETION	532	0.0008107719999621474	2026
HWANG_GSE202051_NAIVE	label permutation	HALLMARK_PROTEIN_SECRETION	533	-0.005574894832702656	2026
HWANG_GSE202051_NAIVE	label permutation	HALLMARK_PROTEIN_SECRETION	534	0.0023454830228672925	2026
HWANG_GSE202051_NAIVE	label permutation	HALLMARK_PROTEIN_SECRETION	535	-0.0015444511728522118	2026
HWANG_GSE202051_NAIVE	label permutation	HALLMARK_PROTEIN_SECRETION	536	0.003726605728346607	2026
HWANG_GSE202051_NAIVE	label permutation	HALLMARK_PROTEIN_SECRETION	537	-0.0006727534346166262	2026
HWANG_GSE202051_NAIVE	label permutation	HALLMARK_PROTEIN_SECRETION	538	0.004048639876780315	2026
HWANG_GSE202051_NAIVE	label permutation	HALLMARK_PROTEIN_SECRETION	539	0.0038602597996121348	2026
HWANG_GSE202051_NAIVE	label permutation	HALLMARK_PROTEIN_SECRETION	540	-0.004509397044559437	2026
HWANG_GSE202051_NAIVE	label permutation	HALLMARK_PROTEIN_SECRETION	541	0.004513364726216723	2026
HWANG_GSE202051_NAIVE	label permutation	HALLMARK_PROTEIN_SECRETION	542	0.0008929396048350482	2026
HWANG_GSE202051_NAIVE	label permutation	HALLMARK_PROTEIN_SECRETION	543	0.0006606894182973712	2026
HWANG_GSE202051_NAIVE	label permutation	HALLMARK_PROTEIN_SECRETION	544	-0.006285743511774415	2026
HWANG_GSE202051_NAIVE	label permutation	HALLMARK_PROTEIN_SECRETION	545	0.008963815225545587	2026
HWANG_GSE202051_NAIVE	label permutation	HALLMARK_PROTEIN_SECRETION	546	0.001803712679518975	2026
HWANG_GSE202051_NAIVE	label permutation	HALLMARK_PROTEIN_SECRETION	547	0.008252863416533857	2026
HWANG_GSE202051_NAIVE	label permutation	HALLMARK_PROTEIN_SECRETION	548	0.002725444151811011	2026
HWANG_GSE202051_NAIVE	label permutation	HALLMARK_PROTEIN_SECRETION	549	-0.0018150323533733545	2026
HWANG_GSE202051_NAIVE	label permutation	HALLMARK_PROTEIN_SECRETION	550	0.0006684692812923281	2026
HWANG_GSE202051_NAIVE	label permutation	HALLMARK_PROTEIN_SECRETION	551	-0.00425733851961849	2026
HWANG_GSE202051_NAIVE	label permutation	HALLMARK_PROTEIN_SECRETION	552	0.005263257457446789	2026
HWANG_GSE202051_NAIVE	label permutation	HALLMARK_PROTEIN_SECRETION	553	0.006154892291782901	2026
HWANG_GSE202051_NAIVE	label permutation	HALLMARK_PROTEIN_SECRETION	554	0.000683313820566933	2026
HWANG_GSE202051_NAIVE	label permutation	HALLMARK_PROTEIN_SECRETION	555	0.001117512849636174	2026
HWANG_GSE202051_NAIVE	label permutation	HALLMARK_PROTEIN_SECRETION	556	-0.002685819590157749	2026
HWANG_GSE202051_NAIVE	label permutation	HALLMARK_PROTEIN_SECRETION	557	0.0005587740636802709	2026
HWANG_GSE202051_NAIVE	label permutation	HALLMARK_PROTEIN_SECRETION	558	0.004799970230614089	2026
HWANG_GSE202051_NAIVE	label permutation	HALLMARK_PROTEIN_SECRETION	559	-0.002153395997356957	2026
HWANG_GSE202051_NAIVE	label permutation	HALLMARK_PROTEIN_SECRETION	560	-0.00048775758699082624	2026
HWANG_GSE202051_NAIVE	label permutation	HALLMARK_PROTEIN_SECRETION	561	-0.0016838141215019138	2026
HWANG_GSE202051_NAIVE	label permutation	HALLMARK_PROTEIN_SECRETION	562	0.001289480680381636	2026
HWANG_GSE202051_NAIVE	label permutation	HALLMARK_PROTEIN_SECRETION	563	-0.0042576899309281265	2026
HWANG_GSE202051_NAIVE	label permutation	HALLMARK_PROTEIN_SECRETION	564	0.00013644312876730602	2026
HWANG_GSE202051_NAIVE	label permutation	HALLMARK_PROTEIN_SECRETION	565	-0.001790975661259868	2026
HWANG_GSE202051_NAIVE	label permutation	HALLMARK_PROTEIN_SECRETION	566	-0.0018340013299254637	2026
HWANG_GSE202051_NAIVE	label permutation	HALLMARK_PROTEIN_SECRETION	567	-0.0006762947478775455	2026
HWANG_GSE202051_NAIVE	label permutation	HALLMARK_PROTEIN_SECRETION	568	0.002369340770634391	2026
HWANG_GSE202051_NAIVE	label permutation	HALLMARK_PROTEIN_SECRETION	569	-0.0011578935108709045	2026
HWANG_GSE202051_NAIVE	label permutation	HALLMARK_PROTEIN_SECRETION	570	0.005945786703474225	2026
HWANG_GSE202051_NAIVE	label permutation	HALLMARK_PROTEIN_SECRETION	571	0.0024592640549362037	2026
HWANG_GSE202051_NAIVE	label permutation	HALLMARK_PROTEIN_SECRETION	572	0.0064911916808405275	2026
HWANG_GSE202051_NAIVE	label permutation	HALLMARK_PROTEIN_SECRETION	573	0.0040352378890169465	2026
HWANG_GSE202051_NAIVE	label permutation	HALLMARK_PROTEIN_SECRETION	574	-0.0034042502813413224	2026
HWANG_GSE202051_NAIVE	label permutation	HALLMARK_PROTEIN_SECRETION	575	0.0025131648750375086	2026
HWANG_GSE202051_NAIVE	label permutation	HALLMARK_PROTEIN_SECRETION	576	0.00016550513692211458	2026
HWANG_GSE202051_NAIVE	label permutation	HALLMARK_PROTEIN_SECRETION	577	0.0042614748300173035	2026
HWANG_GSE202051_NAIVE	label permutation	HALLMARK_PROTEIN_SECRETION	578	-0.0011494883628596381	2026
HWANG_GSE202051_NAIVE	label permutation	HALLMARK_PROTEIN_SECRETION	579	-0.004119225410523472	2026
HWANG_GSE202051_NAIVE	label permutation	HALLMARK_PROTEIN_SECRETION	580	-0.0075898761970249655	2026
HWANG_GSE202051_NAIVE	label permutation	HALLMARK_PROTEIN_SECRETION	581	-0.002766573806194616	2026
HWANG_GSE202051_NAIVE	label permutation	HALLMARK_PROTEIN_SECRETION	582	8.453374108079532e-05	2026
HWANG_GSE202051_NAIVE	label permutation	HALLMARK_PROTEIN_SECRETION	583	0.006152484765657769	2026
HWANG_GSE202051_NAIVE	label permutation	HALLMARK_PROTEIN_SECRETION	584	0.000856631378362073	2026
HWANG_GSE202051_NAIVE	label permutation	HALLMARK_PROTEIN_SECRETION	585	-0.002192966979622303	2026
HWANG_GSE202051_NAIVE	label permutation	HALLMARK_PROTEIN_SECRETION	586	-0.0014911129932769103	2026
HWANG_GSE202051_NAIVE	label permutation	HALLMARK_PROTEIN_SECRETION	587	-0.008056273769266516	2026
HWANG_GSE202051_NAIVE	label permutation	HALLMARK_PROTEIN_SECRETION	588	-0.0027147370801461224	2026
HWANG_GSE202051_NAIVE	label permutation	HALLMARK_PROTEIN_SECRETION	589	-0.001341563795753809	2026
HWANG_GSE202051_NAIVE	label permutation	HALLMARK_PROTEIN_SECRETION	590	-0.0011412809128964164	2026
HWANG_GSE202051_NAIVE	label permutation	HALLMARK_PROTEIN_SECRETION	591	0.0014862114283603113	2026
HWANG_GSE202051_NAIVE	label permutation	HALLMARK_PROTEIN_SECRETION	592	-0.0017939798122815292	2026
HWANG_GSE202051_NAIVE	label permutation	HALLMARK_PROTEIN_SECRETION	593	0.003223658196684362	2026
HWANG_GSE202051_NAIVE	label permutation	HALLMARK_PROTEIN_SECRETION	594	-0.002959184588384113	2026
HWANG_GSE202051_NAIVE	label permutation	HALLMARK_PROTEIN_SECRETION	595	-0.0010988463599163945	2026
HWANG_GSE202051_NAIVE	label permutation	HALLMARK_PROTEIN_SECRETION	596	-0.00038348911744836965	2026
HWANG_GSE202051_NAIVE	label permutation	HALLMARK_PROTEIN_SECRETION	597	-0.003360067838966191	2026
HWANG_GSE202051_NAIVE	label permutation	HALLMARK_PROTEIN_SECRETION	598	-0.0008083412395901067	2026
HWANG_GSE202051_NAIVE	label permutation	HALLMARK_PROTEIN_SECRETION	599	-0.0036238756353545523	2026
HWANG_GSE202051_NAIVE	label permutation	HALLMARK_PROTEIN_SECRETION	600	0.0008745471672836307	2026
HWANG_GSE202051_NAIVE	label permutation	HALLMARK_PROTEIN_SECRETION	601	-0.00044755263535665573	2026
HWANG_GSE202051_NAIVE	label permutation	HALLMARK_PROTEIN_SECRETION	602	0.007358072219985501	2026
HWANG_GSE202051_NAIVE	label permutation	HALLMARK_PROTEIN_SECRETION	603	-0.002989250809853136	2026
HWANG_GSE202051_NAIVE	label permutation	HALLMARK_PROTEIN_SECRETION	604	-0.00048045064060484385	2026
HWANG_GSE202051_NAIVE	label permutation	HALLMARK_PROTEIN_SECRETION	605	0.004897281826771023	2026
HWANG_GSE202051_NAIVE	label permutation	HALLMARK_PROTEIN_SECRETION	606	-0.0037089915545713884	2026
HWANG_GSE202051_NAIVE	label permutation	HALLMARK_PROTEIN_SECRETION	607	-0.0020845923430779126	2026
HWANG_GSE202051_NAIVE	label permutation	HALLMARK_PROTEIN_SECRETION	608	0.004753972495062581	2026
HWANG_GSE202051_NAIVE	label permutation	HALLMARK_PROTEIN_SECRETION	609	0.002355697499928944	2026
HWANG_GSE202051_NAIVE	label permutation	HALLMARK_PROTEIN_SECRETION	610	0.008450498484866167	2026
HWANG_GSE202051_NAIVE	label permutation	HALLMARK_PROTEIN_SECRETION	611	0.0007313865146726555	2026
HWANG_GSE202051_NAIVE	label permutation	HALLMARK_PROTEIN_SECRETION	612	0.0034202477449451854	2026
HWANG_GSE202051_NAIVE	label permutation	HALLMARK_PROTEIN_SECRETION	613	0.0020862223639387598	2026
HWANG_GSE202051_NAIVE	label permutation	HALLMARK_PROTEIN_SECRETION	614	0.0017386366057520663	2026
HWANG_GSE202051_NAIVE	label permutation	HALLMARK_PROTEIN_SECRETION	615	0.0012845171055497478	2026
HWANG_GSE202051_NAIVE	label permutation	HALLMARK_PROTEIN_SECRETION	616	0.0032999243759201853	2026
HWANG_GSE202051_NAIVE	label permutation	HALLMARK_PROTEIN_SECRETION	617	0.00047125923750132	2026
HWANG_GSE202051_NAIVE	label permutation	HALLMARK_PROTEIN_SECRETION	618	-0.0031325465807560396	2026
HWANG_GSE202051_NAIVE	label permutation	HALLMARK_PROTEIN_SECRETION	619	-0.004522235108336316	2026
HWANG_GSE202051_NAIVE	label permutation	HALLMARK_PROTEIN_SECRETION	620	0.0008064496833875092	2026
HWANG_GSE202051_NAIVE	label permutation	HALLMARK_PROTEIN_SECRETION	621	-0.0017982163882817581	2026
HWANG_GSE202051_NAIVE	label permutation	HALLMARK_PROTEIN_SECRETION	622	0.004418584693624996	2026
HWANG_GSE202051_NAIVE	label permutation	HALLMARK_PROTEIN_SECRETION	623	-0.0029414832141651482	2026
HWANG_GSE202051_NAIVE	label permutation	HALLMARK_PROTEIN_SECRETION	624	0.0007646895183120349	2026
HWANG_GSE202051_NAIVE	label permutation	HALLMARK_PROTEIN_SECRETION	625	-0.002579154279673386	2026
HWANG_GSE202051_NAIVE	label permutation	HALLMARK_PROTEIN_SECRETION	626	0.0002528787969521903	2026
HWANG_GSE202051_NAIVE	label permutation	HALLMARK_PROTEIN_SECRETION	627	-0.00313776698227363	2026
HWANG_GSE202051_NAIVE	label permutation	HALLMARK_PROTEIN_SECRETION	628	-0.00964510699308185	2026
HWANG_GSE202051_NAIVE	label permutation	HALLMARK_PROTEIN_SECRETION	629	-0.007949068862477059	2026
HWANG_GSE202051_NAIVE	label permutation	HALLMARK_PROTEIN_SECRETION	630	0.006865747239775965	2026
HWANG_GSE202051_NAIVE	label permutation	HALLMARK_PROTEIN_SECRETION	631	0.004771866884064396	2026
HWANG_GSE202051_NAIVE	label permutation	HALLMARK_PROTEIN_SECRETION	632	-0.002156267663151504	2026
HWANG_GSE202051_NAIVE	label permutation	HALLMARK_PROTEIN_SECRETION	633	-0.0008718685850245685	2026
HWANG_GSE202051_NAIVE	label permutation	HALLMARK_PROTEIN_SECRETION	634	0.002647909039971134	2026
HWANG_GSE202051_NAIVE	label permutation	HALLMARK_PROTEIN_SECRETION	635	-0.006379802265805784	2026
HWANG_GSE202051_NAIVE	label permutation	HALLMARK_PROTEIN_SECRETION	636	0.0014062243307380036	2026
HWANG_GSE202051_NAIVE	label permutation	HALLMARK_PROTEIN_SECRETION	637	0.0015825187822716886	2026
HWANG_GSE202051_NAIVE	label permutation	HALLMARK_PROTEIN_SECRETION	638	0.002057122874422099	2026
HWANG_GSE202051_NAIVE	label permutation	HALLMARK_PROTEIN_SECRETION	639	-0.001554401813223696	2026
HWANG_GSE202051_NAIVE	label permutation	HALLMARK_PROTEIN_SECRETION	640	0.0047782849141318525	2026
HWANG_GSE202051_NAIVE	label permutation	HALLMARK_PROTEIN_SECRETION	641	0.0026357162475525416	2026
HWANG_GSE202051_NAIVE	label permutation	HALLMARK_PROTEIN_SECRETION	642	0.0005134649813153316	2026
HWANG_GSE202051_NAIVE	label permutation	HALLMARK_PROTEIN_SECRETION	643	-0.0050862936180111765	2026
HWANG_GSE202051_NAIVE	label permutation	HALLMARK_PROTEIN_SECRETION	644	-0.00160661457916573	2026
HWANG_GSE202051_NAIVE	label permutation	HALLMARK_PROTEIN_SECRETION	645	-0.004764497765167823	2026
HWANG_GSE202051_NAIVE	label permutation	HALLMARK_PROTEIN_SECRETION	646	-0.0011872565805623367	2026
HWANG_GSE202051_NAIVE	label permutation	HALLMARK_PROTEIN_SECRETION	647	-0.0006360074438169241	2026
HWANG_GSE202051_NAIVE	label permutation	HALLMARK_PROTEIN_SECRETION	648	7.066043115301133e-05	2026
HWANG_GSE202051_NAIVE	label permutation	HALLMARK_PROTEIN_SECRETION	649	0.0007755999498507903	2026
HWANG_GSE202051_NAIVE	label permutation	HALLMARK_PROTEIN_SECRETION	650	0.005210286302716073	2026
HWANG_GSE202051_NAIVE	label permutation	HALLMARK_PROTEIN_SECRETION	651	-0.002189146772463567	2026
HWANG_GSE202051_NAIVE	label permutation	HALLMARK_PROTEIN_SECRETION	652	-0.0018841234679243825	2026
HWANG_GSE202051_NAIVE	label permutation	HALLMARK_PROTEIN_SECRETION	653	-0.0051269325768362045	2026
HWANG_GSE202051_NAIVE	label permutation	HALLMARK_PROTEIN_SECRETION	654	-0.0037349354818925437	2026
HWANG_GSE202051_NAIVE	label permutation	HALLMARK_PROTEIN_SECRETION	655	-0.004701079221009416	2026
HWANG_GSE202051_NAIVE	label permutation	HALLMARK_PROTEIN_SECRETION	656	-0.0005173860483674838	2026
HWANG_GSE202051_NAIVE	label permutation	HALLMARK_PROTEIN_SECRETION	657	0.00034932711957184805	2026
HWANG_GSE202051_NAIVE	label permutation	HALLMARK_PROTEIN_SECRETION	658	0.002451327124147402	2026
HWANG_GSE202051_NAIVE	label permutation	HALLMARK_PROTEIN_SECRETION	659	-0.004209110459751217	2026
HWANG_GSE202051_NAIVE	label permutation	HALLMARK_PROTEIN_SECRETION	660	-0.003577434474974406	2026
HWANG_GSE202051_NAIVE	label permutation	HALLMARK_PROTEIN_SECRETION	661	0.00037863676727451195	2026
HWANG_GSE202051_NAIVE	label permutation	HALLMARK_PROTEIN_SECRETION	662	0.0006541253092964261	2026
HWANG_GSE202051_NAIVE	label permutation	HALLMARK_PROTEIN_SECRETION	663	-0.0026775149523324457	2026
HWANG_GSE202051_NAIVE	label permutation	HALLMARK_PROTEIN_SECRETION	664	-0.0008576742237088232	2026
HWANG_GSE202051_NAIVE	label permutation	HALLMARK_PROTEIN_SECRETION	665	0.0017278598070297174	2026
HWANG_GSE202051_NAIVE	label permutation	HALLMARK_PROTEIN_SECRETION	666	-0.004528678335207255	2026
HWANG_GSE202051_NAIVE	label permutation	HALLMARK_PROTEIN_SECRETION	667	-0.000728671254086275	2026
HWANG_GSE202051_NAIVE	label permutation	HALLMARK_PROTEIN_SECRETION	668	-0.006209205804292301	2026
HWANG_GSE202051_NAIVE	label permutation	HALLMARK_PROTEIN_SECRETION	669	-0.0024002183075798617	2026
HWANG_GSE202051_NAIVE	label permutation	HALLMARK_PROTEIN_SECRETION	670	0.0032588866546167665	2026
HWANG_GSE202051_NAIVE	label permutation	HALLMARK_PROTEIN_SECRETION	671	0.003944678267143094	2026
HWANG_GSE202051_NAIVE	label permutation	HALLMARK_PROTEIN_SECRETION	672	-0.00011267974866812631	2026
HWANG_GSE202051_NAIVE	label permutation	HALLMARK_PROTEIN_SECRETION	673	0.003972226373578802	2026
HWANG_GSE202051_NAIVE	label permutation	HALLMARK_PROTEIN_SECRETION	674	0.008539476888373334	2026
HWANG_GSE202051_NAIVE	label permutation	HALLMARK_PROTEIN_SECRETION	675	-0.006148393574294197	2026
HWANG_GSE202051_NAIVE	label permutation	HALLMARK_PROTEIN_SECRETION	676	-0.006043622598865988	2026
HWANG_GSE202051_NAIVE	label permutation	HALLMARK_PROTEIN_SECRETION	677	-0.001762935602846923	2026
HWANG_GSE202051_NAIVE	label permutation	HALLMARK_PROTEIN_SECRETION	678	-0.0029018255487718698	2026
HWANG_GSE202051_NAIVE	label permutation	HALLMARK_PROTEIN_SECRETION	679	0.0007550379511385016	2026
HWANG_GSE202051_NAIVE	label permutation	HALLMARK_PROTEIN_SECRETION	680	-0.002377079145508271	2026
HWANG_GSE202051_NAIVE	label permutation	HALLMARK_PROTEIN_SECRETION	681	0.001698414984689655	2026
HWANG_GSE202051_NAIVE	label permutation	HALLMARK_PROTEIN_SECRETION	682	-0.006227143994839962	2026
HWANG_GSE202051_NAIVE	label permutation	HALLMARK_PROTEIN_SECRETION	683	0.0016951323232133335	2026
HWANG_GSE202051_NAIVE	label permutation	HALLMARK_PROTEIN_SECRETION	684	0.008348623947345696	2026
HWANG_GSE202051_NAIVE	label permutation	HALLMARK_PROTEIN_SECRETION	685	0.0003505661930614525	2026
HWANG_GSE202051_NAIVE	label permutation	HALLMARK_PROTEIN_SECRETION	686	0.0028851590020020387	2026
HWANG_GSE202051_NAIVE	label permutation	HALLMARK_PROTEIN_SECRETION	687	-0.010585829372367257	2026
HWANG_GSE202051_NAIVE	label permutation	HALLMARK_PROTEIN_SECRETION	688	0.0058231153723334456	2026
HWANG_GSE202051_NAIVE	label permutation	HALLMARK_PROTEIN_SECRETION	689	0.010172713559294694	2026
HWANG_GSE202051_NAIVE	label permutation	HALLMARK_PROTEIN_SECRETION	690	-0.004580557428809442	2026
HWANG_GSE202051_NAIVE	label permutation	HALLMARK_PROTEIN_SECRETION	691	-0.005753826015228025	2026
HWANG_GSE202051_NAIVE	label permutation	HALLMARK_PROTEIN_SECRETION	692	-0.001954963588677922	2026
HWANG_GSE202051_NAIVE	label permutation	HALLMARK_PROTEIN_SECRETION	693	0.0015563793809322296	2026
HWANG_GSE202051_NAIVE	label permutation	HALLMARK_PROTEIN_SECRETION	694	-0.010283010978007882	2026
HWANG_GSE202051_NAIVE	label permutation	HALLMARK_PROTEIN_SECRETION	695	0.000879240192262865	2026
HWANG_GSE202051_NAIVE	label permutation	HALLMARK_PROTEIN_SECRETION	696	0.0026899354887507656	2026
HWANG_GSE202051_NAIVE	label permutation	HALLMARK_PROTEIN_SECRETION	697	-0.004222317129994891	2026
HWANG_GSE202051_NAIVE	label permutation	HALLMARK_PROTEIN_SECRETION	698	0.0011103930236336737	2026
HWANG_GSE202051_NAIVE	label permutation	HALLMARK_PROTEIN_SECRETION	699	0.005957365165321104	2026
HWANG_GSE202051_NAIVE	label permutation	HALLMARK_PROTEIN_SECRETION	700	0.003862119829795372	2026
HWANG_GSE202051_NAIVE	label permutation	HALLMARK_PROTEIN_SECRETION	701	-0.0008590679354814505	2026
HWANG_GSE202051_NAIVE	label permutation	HALLMARK_PROTEIN_SECRETION	702	0.002799773911632338	2026
HWANG_GSE202051_NAIVE	label permutation	HALLMARK_PROTEIN_SECRETION	703	-1.9397342359743386e-05	2026
HWANG_GSE202051_NAIVE	label permutation	HALLMARK_PROTEIN_SECRETION	704	0.001904472479963233	2026
HWANG_GSE202051_NAIVE	label permutation	HALLMARK_PROTEIN_SECRETION	705	0.004840205770094233	2026
HWANG_GSE202051_NAIVE	label permutation	HALLMARK_PROTEIN_SECRETION	706	0.0007356020667191633	2026
HWANG_GSE202051_NAIVE	label permutation	HALLMARK_PROTEIN_SECRETION	707	-0.0014731833978148614	2026
HWANG_GSE202051_NAIVE	label permutation	HALLMARK_PROTEIN_SECRETION	708	0.004510683884474741	2026
HWANG_GSE202051_NAIVE	label permutation	HALLMARK_PROTEIN_SECRETION	709	0.0016497373372789733	2026
HWANG_GSE202051_NAIVE	label permutation	HALLMARK_PROTEIN_SECRETION	710	-0.00034249704440230994	2026
HWANG_GSE202051_NAIVE	label permutation	HALLMARK_PROTEIN_SECRETION	711	-0.0011451640158278607	2026
HWANG_GSE202051_NAIVE	label permutation	HALLMARK_PROTEIN_SECRETION	712	0.0031116883927251975	2026
HWANG_GSE202051_NAIVE	label permutation	HALLMARK_PROTEIN_SECRETION	713	0.003333087330214168	2026
HWANG_GSE202051_NAIVE	label permutation	HALLMARK_PROTEIN_SECRETION	714	-0.0031786884594097527	2026
HWANG_GSE202051_NAIVE	label permutation	HALLMARK_PROTEIN_SECRETION	715	0.00023419283187239083	2026
HWANG_GSE202051_NAIVE	label permutation	HALLMARK_PROTEIN_SECRETION	716	0.0007176299335097678	2026
HWANG_GSE202051_NAIVE	label permutation	HALLMARK_PROTEIN_SECRETION	717	0.0019325264357977123	2026
HWANG_GSE202051_NAIVE	label permutation	HALLMARK_PROTEIN_SECRETION	718	-0.0006895281400593221	2026
HWANG_GSE202051_NAIVE	label permutation	HALLMARK_PROTEIN_SECRETION	719	0.00032271851486055767	2026
HWANG_GSE202051_NAIVE	label permutation	HALLMARK_PROTEIN_SECRETION	720	0.0034216060928257096	2026
HWANG_GSE202051_NAIVE	label permutation	HALLMARK_PROTEIN_SECRETION	721	-0.0044428859662757605	2026
HWANG_GSE202051_NAIVE	label permutation	HALLMARK_PROTEIN_SECRETION	722	-0.0033710900355839626	2026
HWANG_GSE202051_NAIVE	label permutation	HALLMARK_PROTEIN_SECRETION	723	0.007302753904741305	2026
HWANG_GSE202051_NAIVE	label permutation	HALLMARK_PROTEIN_SECRETION	724	0.009602846026288378	2026
HWANG_GSE202051_NAIVE	label permutation	HALLMARK_PROTEIN_SECRETION	725	0.0022599098708346007	2026
HWANG_GSE202051_NAIVE	label permutation	HALLMARK_PROTEIN_SECRETION	726	-0.0021448913644583293	2026
HWANG_GSE202051_NAIVE	label permutation	HALLMARK_PROTEIN_SECRETION	727	0.0011420380865427033	2026
HWANG_GSE202051_NAIVE	label permutation	HALLMARK_PROTEIN_SECRETION	728	0.0039854684632081175	2026
HWANG_GSE202051_NAIVE	label permutation	HALLMARK_PROTEIN_SECRETION	729	-0.0024922600225997793	2026
HWANG_GSE202051_NAIVE	label permutation	HALLMARK_PROTEIN_SECRETION	730	0.006448263763082053	2026
HWANG_GSE202051_NAIVE	label permutation	HALLMARK_PROTEIN_SECRETION	731	0.0019731684038298584	2026
HWANG_GSE202051_NAIVE	label permutation	HALLMARK_PROTEIN_SECRETION	732	-0.0025470333202928666	2026
HWANG_GSE202051_NAIVE	label permutation	HALLMARK_PROTEIN_SECRETION	733	-0.0004759431426973906	2026
HWANG_GSE202051_NAIVE	label permutation	HALLMARK_PROTEIN_SECRETION	734	-0.0016688279421231387	2026
HWANG_GSE202051_NAIVE	label permutation	HALLMARK_PROTEIN_SECRETION	735	0.004263810197012908	2026
HWANG_GSE202051_NAIVE	label permutation	HALLMARK_PROTEIN_SECRETION	736	0.005475470208213166	2026
HWANG_GSE202051_NAIVE	label permutation	HALLMARK_PROTEIN_SECRETION	737	1.809435752823297e-05	2026
HWANG_GSE202051_NAIVE	label permutation	HALLMARK_PROTEIN_SECRETION	738	0.0006133161863841065	2026
HWANG_GSE202051_NAIVE	label permutation	HALLMARK_PROTEIN_SECRETION	739	-0.0006294423058101987	2026
HWANG_GSE202051_NAIVE	label permutation	HALLMARK_PROTEIN_SECRETION	740	0.0019739813599260773	2026
HWANG_GSE202051_NAIVE	label permutation	HALLMARK_PROTEIN_SECRETION	741	0.0034901622916973687	2026
HWANG_GSE202051_NAIVE	label permutation	HALLMARK_PROTEIN_SECRETION	742	0.001707659796069857	2026
HWANG_GSE202051_NAIVE	label permutation	HALLMARK_PROTEIN_SECRETION	743	0.0021840955366902353	2026
HWANG_GSE202051_NAIVE	label permutation	HALLMARK_PROTEIN_SECRETION	744	0.00615528735586164	2026
HWANG_GSE202051_NAIVE	label permutation	HALLMARK_PROTEIN_SECRETION	745	0.0008544182563672654	2026
HWANG_GSE202051_NAIVE	label permutation	HALLMARK_PROTEIN_SECRETION	746	0.0076547168862151835	2026
HWANG_GSE202051_NAIVE	label permutation	HALLMARK_PROTEIN_SECRETION	747	0.0013171669442684584	2026
HWANG_GSE202051_NAIVE	label permutation	HALLMARK_PROTEIN_SECRETION	748	0.003399832766120361	2026
HWANG_GSE202051_NAIVE	label permutation	HALLMARK_PROTEIN_SECRETION	749	0.002742626648682258	2026
HWANG_GSE202051_NAIVE	label permutation	HALLMARK_PROTEIN_SECRETION	750	0.0036287660964794185	2026
HWANG_GSE202051_NAIVE	label permutation	HALLMARK_PROTEIN_SECRETION	751	-0.000981012483889136	2026
HWANG_GSE202051_NAIVE	label permutation	HALLMARK_PROTEIN_SECRETION	752	-0.001423964355203525	2026
HWANG_GSE202051_NAIVE	label permutation	HALLMARK_PROTEIN_SECRETION	753	-0.004611286150094498	2026
HWANG_GSE202051_NAIVE	label permutation	HALLMARK_PROTEIN_SECRETION	754	-0.002656868317730619	2026
HWANG_GSE202051_NAIVE	label permutation	HALLMARK_PROTEIN_SECRETION	755	-0.0021216522862444564	2026
HWANG_GSE202051_NAIVE	label permutation	HALLMARK_PROTEIN_SECRETION	756	-0.002809309158873144	2026
HWANG_GSE202051_NAIVE	label permutation	HALLMARK_PROTEIN_SECRETION	757	-0.0021231020489452567	2026
HWANG_GSE202051_NAIVE	label permutation	HALLMARK_PROTEIN_SECRETION	758	-0.0011357093088809691	2026
HWANG_GSE202051_NAIVE	label permutation	HALLMARK_PROTEIN_SECRETION	759	0.0015782088748576965	2026
HWANG_GSE202051_NAIVE	label permutation	HALLMARK_PROTEIN_SECRETION	760	0.007755803937212127	2026
HWANG_GSE202051_NAIVE	label permutation	HALLMARK_PROTEIN_SECRETION	761	0.001505922120884841	2026
HWANG_GSE202051_NAIVE	label permutation	HALLMARK_PROTEIN_SECRETION	762	0.0049654544702509	2026
HWANG_GSE202051_NAIVE	label permutation	HALLMARK_PROTEIN_SECRETION	763	0.0008980908926158308	2026
HWANG_GSE202051_NAIVE	label permutation	HALLMARK_PROTEIN_SECRETION	764	-0.0007786029910402319	2026
HWANG_GSE202051_NAIVE	label permutation	HALLMARK_PROTEIN_SECRETION	765	0.003361612410141828	2026
HWANG_GSE202051_NAIVE	label permutation	HALLMARK_PROTEIN_SECRETION	766	0.007153053678008714	2026
HWANG_GSE202051_NAIVE	label permutation	HALLMARK_PROTEIN_SECRETION	767	0.0031555314747427183	2026
HWANG_GSE202051_NAIVE	label permutation	HALLMARK_PROTEIN_SECRETION	768	-0.00210747590307726	2026
HWANG_GSE202051_NAIVE	label permutation	HALLMARK_PROTEIN_SECRETION	769	-0.002817497570738109	2026
HWANG_GSE202051_NAIVE	label permutation	HALLMARK_PROTEIN_SECRETION	770	0.006569990315404521	2026
HWANG_GSE202051_NAIVE	label permutation	HALLMARK_PROTEIN_SECRETION	771	-0.0029935398212843503	2026
HWANG_GSE202051_NAIVE	label permutation	HALLMARK_PROTEIN_SECRETION	772	0.006993648439362267	2026
HWANG_GSE202051_NAIVE	label permutation	HALLMARK_PROTEIN_SECRETION	773	-0.0017437533115427122	2026
HWANG_GSE202051_NAIVE	label permutation	HALLMARK_PROTEIN_SECRETION	774	0.001273611266718722	2026
HWANG_GSE202051_NAIVE	label permutation	HALLMARK_PROTEIN_SECRETION	775	-0.002320612232647578	2026
HWANG_GSE202051_NAIVE	label permutation	HALLMARK_PROTEIN_SECRETION	776	0.0008419481688455994	2026
HWANG_GSE202051_NAIVE	label permutation	HALLMARK_PROTEIN_SECRETION	777	0.000739258233815749	2026
HWANG_GSE202051_NAIVE	label permutation	HALLMARK_PROTEIN_SECRETION	778	0.0018721946051482967	2026
HWANG_GSE202051_NAIVE	label permutation	HALLMARK_PROTEIN_SECRETION	779	0.0061263761793026806	2026
HWANG_GSE202051_NAIVE	label permutation	HALLMARK_PROTEIN_SECRETION	780	0.0010679352846552903	2026
HWANG_GSE202051_NAIVE	label permutation	HALLMARK_PROTEIN_SECRETION	781	0.0006060712781656308	2026
HWANG_GSE202051_NAIVE	label permutation	HALLMARK_PROTEIN_SECRETION	782	0.0037830761657177583	2026
HWANG_GSE202051_NAIVE	label permutation	HALLMARK_PROTEIN_SECRETION	783	-0.00134581150083666	2026
HWANG_GSE202051_NAIVE	label permutation	HALLMARK_PROTEIN_SECRETION	784	0.0008073191432821354	2026
HWANG_GSE202051_NAIVE	label permutation	HALLMARK_PROTEIN_SECRETION	785	0.003476135599467456	2026
HWANG_GSE202051_NAIVE	label permutation	HALLMARK_PROTEIN_SECRETION	786	0.0010918714006999152	2026
HWANG_GSE202051_NAIVE	label permutation	HALLMARK_PROTEIN_SECRETION	787	0.00016655626798208452	2026
HWANG_GSE202051_NAIVE	label permutation	HALLMARK_PROTEIN_SECRETION	788	-0.006209154800680614	2026
HWANG_GSE202051_NAIVE	label permutation	HALLMARK_PROTEIN_SECRETION	789	0.0009780975582770305	2026
HWANG_GSE202051_NAIVE	label permutation	HALLMARK_PROTEIN_SECRETION	790	-0.00029680249593972644	2026
HWANG_GSE202051_NAIVE	label permutation	HALLMARK_PROTEIN_SECRETION	791	0.0025653488063198046	2026
HWANG_GSE202051_NAIVE	label permutation	HALLMARK_PROTEIN_SECRETION	792	-0.001416967269829459	2026
HWANG_GSE202051_NAIVE	label permutation	HALLMARK_PROTEIN_SECRETION	793	0.00033735305433824195	2026
HWANG_GSE202051_NAIVE	label permutation	HALLMARK_PROTEIN_SECRETION	794	0.004701646485498107	2026
HWANG_GSE202051_NAIVE	label permutation	HALLMARK_PROTEIN_SECRETION	795	0.001956040448137976	2026
HWANG_GSE202051_NAIVE	label permutation	HALLMARK_PROTEIN_SECRETION	796	0.002834467420040244	2026
HWANG_GSE202051_NAIVE	label permutation	HALLMARK_PROTEIN_SECRETION	797	0.0031059908121678615	2026
HWANG_GSE202051_NAIVE	label permutation	HALLMARK_PROTEIN_SECRETION	798	0.00512878122399309	2026
HWANG_GSE202051_NAIVE	label permutation	HALLMARK_PROTEIN_SECRETION	799	-0.0047314185936888275	2026
HWANG_GSE202051_NAIVE	label permutation	HALLMARK_PROTEIN_SECRETION	800	0.0018131519826576504	2026
HWANG_GSE202051_NAIVE	label permutation	HALLMARK_PROTEIN_SECRETION	801	0.002964206662471619	2026
HWANG_GSE202051_NAIVE	label permutation	HALLMARK_PROTEIN_SECRETION	802	0.0015035963635270013	2026
HWANG_GSE202051_NAIVE	label permutation	HALLMARK_PROTEIN_SECRETION	803	0.004952932204707767	2026
HWANG_GSE202051_NAIVE	label permutation	HALLMARK_PROTEIN_SECRETION	804	0.0023233830056683578	2026
HWANG_GSE202051_NAIVE	label permutation	HALLMARK_PROTEIN_SECRETION	805	0.0033987989556251165	2026
HWANG_GSE202051_NAIVE	label permutation	HALLMARK_PROTEIN_SECRETION	806	0.002064229897149228	2026
HWANG_GSE202051_NAIVE	label permutation	HALLMARK_PROTEIN_SECRETION	807	0.004374466405202944	2026
HWANG_GSE202051_NAIVE	label permutation	HALLMARK_PROTEIN_SECRETION	808	0.004846421025464303	2026
HWANG_GSE202051_NAIVE	label permutation	HALLMARK_PROTEIN_SECRETION	809	0.003974562966818117	2026
HWANG_GSE202051_NAIVE	label permutation	HALLMARK_PROTEIN_SECRETION	810	0.0018318518679577018	2026
HWANG_GSE202051_NAIVE	label permutation	HALLMARK_PROTEIN_SECRETION	811	0.004055257840580462	2026
HWANG_GSE202051_NAIVE	label permutation	HALLMARK_PROTEIN_SECRETION	812	0.006423786347756969	2026
HWANG_GSE202051_NAIVE	label permutation	HALLMARK_PROTEIN_SECRETION	813	0.0018161761256317813	2026
HWANG_GSE202051_NAIVE	label permutation	HALLMARK_PROTEIN_SECRETION	814	0.001413477806487994	2026
HWANG_GSE202051_NAIVE	label permutation	HALLMARK_PROTEIN_SECRETION	815	0.0014087888829246956	2026
HWANG_GSE202051_NAIVE	label permutation	HALLMARK_PROTEIN_SECRETION	816	0.00264499020914565	2026
HWANG_GSE202051_NAIVE	label permutation	HALLMARK_PROTEIN_SECRETION	817	0.0008804668627568591	2026
HWANG_GSE202051_NAIVE	label permutation	HALLMARK_PROTEIN_SECRETION	818	-0.008105964863945932	2026
HWANG_GSE202051_NAIVE	label permutation	HALLMARK_PROTEIN_SECRETION	819	0.0054310579548223345	2026
HWANG_GSE202051_NAIVE	label permutation	HALLMARK_PROTEIN_SECRETION	820	-0.0037748903745978366	2026
HWANG_GSE202051_NAIVE	label permutation	HALLMARK_PROTEIN_SECRETION	821	0.003016926477133349	2026
HWANG_GSE202051_NAIVE	label permutation	HALLMARK_PROTEIN_SECRETION	822	0.003068764453133869	2026
HWANG_GSE202051_NAIVE	label permutation	HALLMARK_PROTEIN_SECRETION	823	0.001954009777055328	2026
HWANG_GSE202051_NAIVE	label permutation	HALLMARK_PROTEIN_SECRETION	824	0.007729986920582306	2026
HWANG_GSE202051_NAIVE	label permutation	HALLMARK_PROTEIN_SECRETION	825	-0.0018022539210446598	2026
HWANG_GSE202051_NAIVE	label permutation	HALLMARK_PROTEIN_SECRETION	826	-0.0008143034160712027	2026
HWANG_GSE202051_NAIVE	label permutation	HALLMARK_PROTEIN_SECRETION	827	0.0021427562788082274	2026
HWANG_GSE202051_NAIVE	label permutation	HALLMARK_PROTEIN_SECRETION	828	-0.0008277976224412084	2026
HWANG_GSE202051_NAIVE	label permutation	HALLMARK_PROTEIN_SECRETION	829	0.00773865320890066	2026
HWANG_GSE202051_NAIVE	label permutation	HALLMARK_PROTEIN_SECRETION	830	0.0003722197604117224	2026
HWANG_GSE202051_NAIVE	label permutation	HALLMARK_PROTEIN_SECRETION	831	0.002684967657255641	2026
HWANG_GSE202051_NAIVE	label permutation	HALLMARK_PROTEIN_SECRETION	832	0.005039309948649009	2026
HWANG_GSE202051_NAIVE	label permutation	HALLMARK_PROTEIN_SECRETION	833	-2.2440280993756278e-06	2026
HWANG_GSE202051_NAIVE	label permutation	HALLMARK_PROTEIN_SECRETION	834	-0.002587252656843123	2026
HWANG_GSE202051_NAIVE	label permutation	HALLMARK_PROTEIN_SECRETION	835	0.002047507150642275	2026
HWANG_GSE202051_NAIVE	label permutation	HALLMARK_PROTEIN_SECRETION	836	0.003529639369649857	2026
HWANG_GSE202051_NAIVE	label permutation	HALLMARK_PROTEIN_SECRETION	837	-0.001881752657270919	2026
HWANG_GSE202051_NAIVE	label permutation	HALLMARK_PROTEIN_SECRETION	838	-0.00334905863181023	2026
HWANG_GSE202051_NAIVE	label permutation	HALLMARK_PROTEIN_SECRETION	839	0.0028452425826046342	2026
HWANG_GSE202051_NAIVE	label permutation	HALLMARK_PROTEIN_SECRETION	840	0.0026150984608113515	2026
HWANG_GSE202051_NAIVE	label permutation	HALLMARK_PROTEIN_SECRETION	841	0.0013571727511254978	2026
HWANG_GSE202051_NAIVE	label permutation	HALLMARK_PROTEIN_SECRETION	842	-0.002637727045970632	2026
HWANG_GSE202051_NAIVE	label permutation	HALLMARK_PROTEIN_SECRETION	843	0.0007523005663439687	2026
HWANG_GSE202051_NAIVE	label permutation	HALLMARK_PROTEIN_SECRETION	844	0.001951884798637802	2026
HWANG_GSE202051_NAIVE	label permutation	HALLMARK_PROTEIN_SECRETION	845	-0.003169512939797814	2026
HWANG_GSE202051_NAIVE	label permutation	HALLMARK_PROTEIN_SECRETION	846	0.0017627860258115637	2026
HWANG_GSE202051_NAIVE	label permutation	HALLMARK_PROTEIN_SECRETION	847	-0.003604591673065195	2026
HWANG_GSE202051_NAIVE	label permutation	HALLMARK_PROTEIN_SECRETION	848	0.004032350824327556	2026
HWANG_GSE202051_NAIVE	label permutation	HALLMARK_PROTEIN_SECRETION	849	-0.0016623461242885238	2026
HWANG_GSE202051_NAIVE	label permutation	HALLMARK_PROTEIN_SECRETION	850	0.002148286754659769	2026
HWANG_GSE202051_NAIVE	label permutation	HALLMARK_PROTEIN_SECRETION	851	0.0009119551120982273	2026
HWANG_GSE202051_NAIVE	label permutation	HALLMARK_PROTEIN_SECRETION	852	0.0027150300202445376	2026
HWANG_GSE202051_NAIVE	label permutation	HALLMARK_PROTEIN_SECRETION	853	-0.006652140971435245	2026
HWANG_GSE202051_NAIVE	label permutation	HALLMARK_PROTEIN_SECRETION	854	0.0017823200033057936	2026
HWANG_GSE202051_NAIVE	label permutation	HALLMARK_PROTEIN_SECRETION	855	0.006136044981956987	2026
HWANG_GSE202051_NAIVE	label permutation	HALLMARK_PROTEIN_SECRETION	856	-0.003921058120613599	2026
HWANG_GSE202051_NAIVE	label permutation	HALLMARK_PROTEIN_SECRETION	857	-0.004272052398339106	2026
HWANG_GSE202051_NAIVE	label permutation	HALLMARK_PROTEIN_SECRETION	858	-0.003886202670251227	2026
HWANG_GSE202051_NAIVE	label permutation	HALLMARK_PROTEIN_SECRETION	859	-0.004220249503830026	2026
HWANG_GSE202051_NAIVE	label permutation	HALLMARK_PROTEIN_SECRETION	860	0.006983285871459653	2026
HWANG_GSE202051_NAIVE	label permutation	HALLMARK_PROTEIN_SECRETION	861	-0.0006515334794968332	2026
HWANG_GSE202051_NAIVE	label permutation	HALLMARK_PROTEIN_SECRETION	862	0.004229079851422993	2026
HWANG_GSE202051_NAIVE	label permutation	HALLMARK_PROTEIN_SECRETION	863	0.007330364214656846	2026
HWANG_GSE202051_NAIVE	label permutation	HALLMARK_PROTEIN_SECRETION	864	-0.0052686658362513655	2026
HWANG_GSE202051_NAIVE	label permutation	HALLMARK_PROTEIN_SECRETION	865	-0.0035993738032233055	2026
HWANG_GSE202051_NAIVE	label permutation	HALLMARK_PROTEIN_SECRETION	866	0.0032783295640972853	2026
HWANG_GSE202051_NAIVE	label permutation	HALLMARK_PROTEIN_SECRETION	867	0.0037057808076129254	2026
HWANG_GSE202051_NAIVE	label permutation	HALLMARK_PROTEIN_SECRETION	868	-0.0019290469080803531	2026
HWANG_GSE202051_NAIVE	label permutation	HALLMARK_PROTEIN_SECRETION	869	0.0067448979812073	2026
HWANG_GSE202051_NAIVE	label permutation	HALLMARK_PROTEIN_SECRETION	870	0.008265794034869038	2026
HWANG_GSE202051_NAIVE	label permutation	HALLMARK_PROTEIN_SECRETION	871	0.0018817773244823503	2026
HWANG_GSE202051_NAIVE	label permutation	HALLMARK_PROTEIN_SECRETION	872	0.004540367939264947	2026
HWANG_GSE202051_NAIVE	label permutation	HALLMARK_PROTEIN_SECRETION	873	0.009281135368786405	2026
HWANG_GSE202051_NAIVE	label permutation	HALLMARK_PROTEIN_SECRETION	874	0.0022549773314487482	2026
HWANG_GSE202051_NAIVE	label permutation	HALLMARK_PROTEIN_SECRETION	875	-0.008330591742142368	2026
HWANG_GSE202051_NAIVE	label permutation	HALLMARK_PROTEIN_SECRETION	876	-0.004396240384157871	2026
HWANG_GSE202051_NAIVE	label permutation	HALLMARK_PROTEIN_SECRETION	877	-0.004326890101959583	2026
HWANG_GSE202051_NAIVE	label permutation	HALLMARK_PROTEIN_SECRETION	878	-0.0048919814163505305	2026
HWANG_GSE202051_NAIVE	label permutation	HALLMARK_PROTEIN_SECRETION	879	-0.010102336748466346	2026
HWANG_GSE202051_NAIVE	label permutation	HALLMARK_PROTEIN_SECRETION	880	0.003731032532134631	2026
HWANG_GSE202051_NAIVE	label permutation	HALLMARK_PROTEIN_SECRETION	881	-0.0038458398972997902	2026
HWANG_GSE202051_NAIVE	label permutation	HALLMARK_PROTEIN_SECRETION	882	-0.006565757659961387	2026
HWANG_GSE202051_NAIVE	label permutation	HALLMARK_PROTEIN_SECRETION	883	0.002343003074857564	2026
HWANG_GSE202051_NAIVE	label permutation	HALLMARK_PROTEIN_SECRETION	884	-0.008328133960470756	2026
HWANG_GSE202051_NAIVE	label permutation	HALLMARK_PROTEIN_SECRETION	885	0.006588982053680226	2026
HWANG_GSE202051_NAIVE	label permutation	HALLMARK_PROTEIN_SECRETION	886	-0.00333162210870892	2026
HWANG_GSE202051_NAIVE	label permutation	HALLMARK_PROTEIN_SECRETION	887	-0.008545580562343969	2026
HWANG_GSE202051_NAIVE	label permutation	HALLMARK_PROTEIN_SECRETION	888	-0.0004400312990780127	2026
HWANG_GSE202051_NAIVE	label permutation	HALLMARK_PROTEIN_SECRETION	889	-0.006648681477109495	2026
HWANG_GSE202051_NAIVE	label permutation	HALLMARK_PROTEIN_SECRETION	890	0.0012423113459401232	2026
HWANG_GSE202051_NAIVE	label permutation	HALLMARK_PROTEIN_SECRETION	891	0.001669975969892848	2026
HWANG_GSE202051_NAIVE	label permutation	HALLMARK_PROTEIN_SECRETION	892	0.007518004134037019	2026
HWANG_GSE202051_NAIVE	label permutation	HALLMARK_PROTEIN_SECRETION	893	0.0058184536315488205	2026
HWANG_GSE202051_NAIVE	label permutation	HALLMARK_PROTEIN_SECRETION	894	0.0041267869446065695	2026
HWANG_GSE202051_NAIVE	label permutation	HALLMARK_PROTEIN_SECRETION	895	2.301389428185074e-05	2026
HWANG_GSE202051_NAIVE	label permutation	HALLMARK_PROTEIN_SECRETION	896	0.008840830514574804	2026
HWANG_GSE202051_NAIVE	label permutation	HALLMARK_PROTEIN_SECRETION	897	0.002740283479194861	2026
HWANG_GSE202051_NAIVE	label permutation	HALLMARK_PROTEIN_SECRETION	898	-0.0004296845723926803	2026
HWANG_GSE202051_NAIVE	label permutation	HALLMARK_PROTEIN_SECRETION	899	0.002739168934041431	2026
HWANG_GSE202051_NAIVE	label permutation	HALLMARK_PROTEIN_SECRETION	900	-0.005480004530819816	2026
HWANG_GSE202051_NAIVE	label permutation	HALLMARK_PROTEIN_SECRETION	901	0.002970390374241939	2026
HWANG_GSE202051_NAIVE	label permutation	HALLMARK_PROTEIN_SECRETION	902	0.006358083263341751	2026
HWANG_GSE202051_NAIVE	label permutation	HALLMARK_PROTEIN_SECRETION	903	-0.0008746799961856938	2026
HWANG_GSE202051_NAIVE	label permutation	HALLMARK_PROTEIN_SECRETION	904	0.0005946509462589776	2026
HWANG_GSE202051_NAIVE	label permutation	HALLMARK_PROTEIN_SECRETION	905	-0.002344328359602783	2026
HWANG_GSE202051_NAIVE	label permutation	HALLMARK_PROTEIN_SECRETION	906	-0.006016903595597718	2026
HWANG_GSE202051_NAIVE	label permutation	HALLMARK_PROTEIN_SECRETION	907	-0.004897769952550548	2026
HWANG_GSE202051_NAIVE	label permutation	HALLMARK_PROTEIN_SECRETION	908	0.0029449168286295666	2026
HWANG_GSE202051_NAIVE	label permutation	HALLMARK_PROTEIN_SECRETION	909	-0.0045214767210289735	2026
HWANG_GSE202051_NAIVE	label permutation	HALLMARK_PROTEIN_SECRETION	910	-0.000864285609316628	2026
HWANG_GSE202051_NAIVE	label permutation	HALLMARK_PROTEIN_SECRETION	911	-0.005093318643579001	2026
HWANG_GSE202051_NAIVE	label permutation	HALLMARK_PROTEIN_SECRETION	912	-0.0011455929990664736	2026
HWANG_GSE202051_NAIVE	label permutation	HALLMARK_PROTEIN_SECRETION	913	-0.00214769220735289	2026
HWANG_GSE202051_NAIVE	label permutation	HALLMARK_PROTEIN_SECRETION	914	0.00519768124433744	2026
HWANG_GSE202051_NAIVE	label permutation	HALLMARK_PROTEIN_SECRETION	915	-0.002896333245829903	2026
HWANG_GSE202051_NAIVE	label permutation	HALLMARK_PROTEIN_SECRETION	916	0.0004556645212615191	2026
HWANG_GSE202051_NAIVE	label permutation	HALLMARK_PROTEIN_SECRETION	917	-0.004053567839845201	2026
HWANG_GSE202051_NAIVE	label permutation	HALLMARK_PROTEIN_SECRETION	918	0.004434691611256506	2026
HWANG_GSE202051_NAIVE	label permutation	HALLMARK_PROTEIN_SECRETION	919	0.0017753056009121237	2026
HWANG_GSE202051_NAIVE	label permutation	HALLMARK_PROTEIN_SECRETION	920	0.00552315576804367	2026
HWANG_GSE202051_NAIVE	label permutation	HALLMARK_PROTEIN_SECRETION	921	0.006594624773643039	2026
HWANG_GSE202051_NAIVE	label permutation	HALLMARK_PROTEIN_SECRETION	922	-0.00032848027543360396	2026
HWANG_GSE202051_NAIVE	label permutation	HALLMARK_PROTEIN_SECRETION	923	0.0019374509534572952	2026
HWANG_GSE202051_NAIVE	label permutation	HALLMARK_PROTEIN_SECRETION	924	0.005040783191259164	2026
HWANG_GSE202051_NAIVE	label permutation	HALLMARK_PROTEIN_SECRETION	925	0.0054195133476337785	2026
HWANG_GSE202051_NAIVE	label permutation	HALLMARK_PROTEIN_SECRETION	926	0.0023886246659240826	2026
HWANG_GSE202051_NAIVE	label permutation	HALLMARK_PROTEIN_SECRETION	927	0.0035872081173641784	2026
HWANG_GSE202051_NAIVE	label permutation	HALLMARK_PROTEIN_SECRETION	928	0.0017632537321993283	2026
HWANG_GSE202051_NAIVE	label permutation	HALLMARK_PROTEIN_SECRETION	929	0.0014459900833940892	2026
HWANG_GSE202051_NAIVE	label permutation	HALLMARK_PROTEIN_SECRETION	930	-0.0017610606988481034	2026
HWANG_GSE202051_NAIVE	label permutation	HALLMARK_PROTEIN_SECRETION	931	-0.0052973747094350815	2026
HWANG_GSE202051_NAIVE	label permutation	HALLMARK_PROTEIN_SECRETION	932	-0.00700305870837506	2026
HWANG_GSE202051_NAIVE	label permutation	HALLMARK_PROTEIN_SECRETION	933	0.00415615823051284	2026
HWANG_GSE202051_NAIVE	label permutation	HALLMARK_PROTEIN_SECRETION	934	-0.002076509460239315	2026
HWANG_GSE202051_NAIVE	label permutation	HALLMARK_PROTEIN_SECRETION	935	-0.0012752564813291155	2026
HWANG_GSE202051_NAIVE	label permutation	HALLMARK_PROTEIN_SECRETION	936	-0.0029049991117716307	2026
HWANG_GSE202051_NAIVE	label permutation	HALLMARK_PROTEIN_SECRETION	937	0.00024095363092333877	2026
HWANG_GSE202051_NAIVE	label permutation	HALLMARK_PROTEIN_SECRETION	938	-0.00410265031891007	2026
HWANG_GSE202051_NAIVE	label permutation	HALLMARK_PROTEIN_SECRETION	939	-0.004161246044890941	2026
HWANG_GSE202051_NAIVE	label permutation	HALLMARK_PROTEIN_SECRETION	940	0.004503247508851563	2026
HWANG_GSE202051_NAIVE	label permutation	HALLMARK_PROTEIN_SECRETION	941	0.006658092445250635	2026
HWANG_GSE202051_NAIVE	label permutation	HALLMARK_PROTEIN_SECRETION	942	-0.0004659717380199795	2026
HWANG_GSE202051_NAIVE	label permutation	HALLMARK_PROTEIN_SECRETION	943	0.0049735534425410155	2026
HWANG_GSE202051_NAIVE	label permutation	HALLMARK_PROTEIN_SECRETION	944	0.008458913730090726	2026
HWANG_GSE202051_NAIVE	label permutation	HALLMARK_PROTEIN_SECRETION	945	0.008339025763337452	2026
HWANG_GSE202051_NAIVE	label permutation	HALLMARK_PROTEIN_SECRETION	946	-0.004784993836776552	2026
HWANG_GSE202051_NAIVE	label permutation	HALLMARK_PROTEIN_SECRETION	947	-0.008312771679448062	2026
HWANG_GSE202051_NAIVE	label permutation	HALLMARK_PROTEIN_SECRETION	948	-0.0015956029504141274	2026
HWANG_GSE202051_NAIVE	label permutation	HALLMARK_PROTEIN_SECRETION	949	0.004089930915094751	2026
HWANG_GSE202051_NAIVE	label permutation	HALLMARK_PROTEIN_SECRETION	950	-0.0008721383677490132	2026
HWANG_GSE202051_NAIVE	label permutation	HALLMARK_PROTEIN_SECRETION	951	0.003880430667198193	2026
HWANG_GSE202051_NAIVE	label permutation	HALLMARK_PROTEIN_SECRETION	952	-0.00022290798463604848	2026
HWANG_GSE202051_NAIVE	label permutation	HALLMARK_PROTEIN_SECRETION	953	0.005017650363730422	2026
HWANG_GSE202051_NAIVE	label permutation	HALLMARK_PROTEIN_SECRETION	954	-0.007573947192053406	2026
HWANG_GSE202051_NAIVE	label permutation	HALLMARK_PROTEIN_SECRETION	955	0.0015709262830095692	2026
HWANG_GSE202051_NAIVE	label permutation	HALLMARK_PROTEIN_SECRETION	956	0.00670113583067636	2026
HWANG_GSE202051_NAIVE	label permutation	HALLMARK_PROTEIN_SECRETION	957	0.0010662715236105956	2026
HWANG_GSE202051_NAIVE	label permutation	HALLMARK_PROTEIN_SECRETION	958	0.0009665152443905713	2026
HWANG_GSE202051_NAIVE	label permutation	HALLMARK_PROTEIN_SECRETION	959	0.0008590126079858574	2026
HWANG_GSE202051_NAIVE	label permutation	HALLMARK_PROTEIN_SECRETION	960	-0.0011658527436058936	2026
HWANG_GSE202051_NAIVE	label permutation	HALLMARK_PROTEIN_SECRETION	961	0.005307906392649836	2026
HWANG_GSE202051_NAIVE	label permutation	HALLMARK_PROTEIN_SECRETION	962	-0.0017344547653339478	2026
HWANG_GSE202051_NAIVE	label permutation	HALLMARK_PROTEIN_SECRETION	963	0.012699904463431524	2026
HWANG_GSE202051_NAIVE	label permutation	HALLMARK_PROTEIN_SECRETION	964	-0.002817608561012306	2026
HWANG_GSE202051_NAIVE	label permutation	HALLMARK_PROTEIN_SECRETION	965	-0.0035960305374690645	2026
HWANG_GSE202051_NAIVE	label permutation	HALLMARK_PROTEIN_SECRETION	966	-0.00319492991867604	2026
HWANG_GSE202051_NAIVE	label permutation	HALLMARK_PROTEIN_SECRETION	967	0.0035179751643070697	2026
HWANG_GSE202051_NAIVE	label permutation	HALLMARK_PROTEIN_SECRETION	968	-0.0027489714180985755	2026
HWANG_GSE202051_NAIVE	label permutation	HALLMARK_PROTEIN_SECRETION	969	-0.004471318758715288	2026
HWANG_GSE202051_NAIVE	label permutation	HALLMARK_PROTEIN_SECRETION	970	0.003130417760601588	2026
HWANG_GSE202051_NAIVE	label permutation	HALLMARK_PROTEIN_SECRETION	971	1.477878854866728e-06	2026
HWANG_GSE202051_NAIVE	label permutation	HALLMARK_PROTEIN_SECRETION	972	0.0022089988152195496	2026
HWANG_GSE202051_NAIVE	label permutation	HALLMARK_PROTEIN_SECRETION	973	0.005775935420768464	2026
HWANG_GSE202051_NAIVE	label permutation	HALLMARK_PROTEIN_SECRETION	974	0.0024160786341476197	2026
HWANG_GSE202051_NAIVE	label permutation	HALLMARK_PROTEIN_SECRETION	975	-0.01110435706042043	2026
HWANG_GSE202051_NAIVE	label permutation	HALLMARK_PROTEIN_SECRETION	976	-0.0005670165173310289	2026
HWANG_GSE202051_NAIVE	label permutation	HALLMARK_PROTEIN_SECRETION	977	0.005790733488416901	2026
HWANG_GSE202051_NAIVE	label permutation	HALLMARK_PROTEIN_SECRETION	978	-0.00682704454961705	2026
HWANG_GSE202051_NAIVE	label permutation	HALLMARK_PROTEIN_SECRETION	979	0.0012444010991968476	2026
HWANG_GSE202051_NAIVE	label permutation	HALLMARK_PROTEIN_SECRETION	980	0.0005734064638920637	2026
HWANG_GSE202051_NAIVE	label permutation	HALLMARK_PROTEIN_SECRETION	981	0.0011990049183574335	2026
HWANG_GSE202051_NAIVE	label permutation	HALLMARK_PROTEIN_SECRETION	982	-0.005544872253386833	2026
HWANG_GSE202051_NAIVE	label permutation	HALLMARK_PROTEIN_SECRETION	983	-0.0016174605242444877	2026
HWANG_GSE202051_NAIVE	label permutation	HALLMARK_PROTEIN_SECRETION	984	0.0014001399831597909	2026
HWANG_GSE202051_NAIVE	label permutation	HALLMARK_PROTEIN_SECRETION	985	-0.002311888013680967	2026
HWANG_GSE202051_NAIVE	label permutation	HALLMARK_PROTEIN_SECRETION	986	-0.0014748951019331925	2026
HWANG_GSE202051_NAIVE	label permutation	HALLMARK_PROTEIN_SECRETION	987	-0.001864245646255186	2026
HWANG_GSE202051_NAIVE	label permutation	HALLMARK_PROTEIN_SECRETION	988	0.0022793177739722113	2026
HWANG_GSE202051_NAIVE	label permutation	HALLMARK_PROTEIN_SECRETION	989	-0.005960581657257087	2026
HWANG_GSE202051_NAIVE	label permutation	HALLMARK_PROTEIN_SECRETION	990	-0.0027644118079961826	2026
HWANG_GSE202051_NAIVE	label permutation	HALLMARK_PROTEIN_SECRETION	991	-0.002664333976356712	2026
HWANG_GSE202051_NAIVE	label permutation	HALLMARK_PROTEIN_SECRETION	992	0.001054170855733378	2026
HWANG_GSE202051_NAIVE	label permutation	HALLMARK_PROTEIN_SECRETION	993	-0.003335919169660731	2026
HWANG_GSE202051_NAIVE	label permutation	HALLMARK_PROTEIN_SECRETION	994	0.006537765507241638	2026
HWANG_GSE202051_NAIVE	label permutation	HALLMARK_PROTEIN_SECRETION	995	-0.004635177723939287	2026
HWANG_GSE202051_NAIVE	label permutation	HALLMARK_PROTEIN_SECRETION	996	0.005890752837197127	2026
HWANG_GSE202051_NAIVE	label permutation	HALLMARK_PROTEIN_SECRETION	997	0.003442927796497908	2026
HWANG_GSE202051_NAIVE	label permutation	HALLMARK_PROTEIN_SECRETION	998	0.00688336271124256	2026
HWANG_GSE202051_NAIVE	label permutation	HALLMARK_PROTEIN_SECRETION	999	0.0034374261763419505	2026
HWANG_GSE202051_NAIVE	label permutation	HALLMARK_PROTEIN_SECRETION	1000	-0.0015262312322151137	2026
HWANG_GSE202051_NAIVE	size-matched random gene set	HALLMARK_PROTEIN_SECRETION	1	0.001735020133935364	2026
HWANG_GSE202051_NAIVE	size-matched random gene set	HALLMARK_PROTEIN_SECRETION	2	-0.006807066014550809	2026
HWANG_GSE202051_NAIVE	size-matched random gene set	HALLMARK_PROTEIN_SECRETION	3	0.0009898097194453645	2026
HWANG_GSE202051_NAIVE	size-matched random gene set	HALLMARK_PROTEIN_SECRETION	4	0.00325069050478025	2026
HWANG_GSE202051_NAIVE	size-matched random gene set	HALLMARK_PROTEIN_SECRETION	5	-0.00010931218428772492	2026
HWANG_GSE202051_NAIVE	size-matched random gene set	HALLMARK_PROTEIN_SECRETION	6	0.012572909963237922	2026
HWANG_GSE202051_NAIVE	size-matched random gene set	HALLMARK_PROTEIN_SECRETION	7	-0.005042194625915108	2026
HWANG_GSE202051_NAIVE	size-matched random gene set	HALLMARK_PROTEIN_SECRETION	8	0.00027814369402327	2026
HWANG_GSE202051_NAIVE	size-matched random gene set	HALLMARK_PROTEIN_SECRETION	9	-0.0019132750405869848	2026
HWANG_GSE202051_NAIVE	size-matched random gene set	HALLMARK_PROTEIN_SECRETION	10	-0.0064308565795281	2026
HWANG_GSE202051_NAIVE	size-matched random gene set	HALLMARK_PROTEIN_SECRETION	11	0.005003999984533236	2026
HWANG_GSE202051_NAIVE	size-matched random gene set	HALLMARK_PROTEIN_SECRETION	12	-0.00480604088857132	2026
HWANG_GSE202051_NAIVE	size-matched random gene set	HALLMARK_PROTEIN_SECRETION	13	0.004022290357975718	2026
HWANG_GSE202051_NAIVE	size-matched random gene set	HALLMARK_PROTEIN_SECRETION	14	-0.0015069291398714221	2026
HWANG_GSE202051_NAIVE	size-matched random gene set	HALLMARK_PROTEIN_SECRETION	15	-0.009962032155993563	2026
HWANG_GSE202051_NAIVE	size-matched random gene set	HALLMARK_PROTEIN_SECRETION	16	0.0003765542893155633	2026
HWANG_GSE202051_NAIVE	size-matched random gene set	HALLMARK_PROTEIN_SECRETION	17	0.0016869603652223133	2026
HWANG_GSE202051_NAIVE	size-matched random gene set	HALLMARK_PROTEIN_SECRETION	18	-0.005218157422258176	2026
HWANG_GSE202051_NAIVE	size-matched random gene set	HALLMARK_PROTEIN_SECRETION	19	-0.00782083291994445	2026
HWANG_GSE202051_NAIVE	size-matched random gene set	HALLMARK_PROTEIN_SECRETION	20	-0.006370722498388901	2026
HWANG_GSE202051_NAIVE	size-matched random gene set	HALLMARK_PROTEIN_SECRETION	21	0.0005370566652771626	2026
HWANG_GSE202051_NAIVE	size-matched random gene set	HALLMARK_PROTEIN_SECRETION	22	3.507074279771295e-05	2026
HWANG_GSE202051_NAIVE	size-matched random gene set	HALLMARK_PROTEIN_SECRETION	23	-0.00420494023228479	2026
HWANG_GSE202051_NAIVE	size-matched random gene set	HALLMARK_PROTEIN_SECRETION	24	0.00013589988050360686	2026
HWANG_GSE202051_NAIVE	size-matched random gene set	HALLMARK_PROTEIN_SECRETION	25	-0.0029216219536736445	2026
HWANG_GSE202051_NAIVE	size-matched random gene set	HALLMARK_PROTEIN_SECRETION	26	0.0002524610305722659	2026
HWANG_GSE202051_NAIVE	size-matched random gene set	HALLMARK_PROTEIN_SECRETION	27	0.00022047185955320118	2026
HWANG_GSE202051_NAIVE	size-matched random gene set	HALLMARK_PROTEIN_SECRETION	28	0.003804367062970164	2026
HWANG_GSE202051_NAIVE	size-matched random gene set	HALLMARK_PROTEIN_SECRETION	29	0.002074052665502482	2026
HWANG_GSE202051_NAIVE	size-matched random gene set	HALLMARK_PROTEIN_SECRETION	30	0.0037453156387679217	2026
HWANG_GSE202051_NAIVE	size-matched random gene set	HALLMARK_PROTEIN_SECRETION	31	0.014283017333789175	2026
HWANG_GSE202051_NAIVE	size-matched random gene set	HALLMARK_PROTEIN_SECRETION	32	0.0057385156418966144	2026
HWANG_GSE202051_NAIVE	size-matched random gene set	HALLMARK_PROTEIN_SECRETION	33	-0.0016876721032493638	2026
HWANG_GSE202051_NAIVE	size-matched random gene set	HALLMARK_PROTEIN_SECRETION	34	-0.002546723539666753	2026
HWANG_GSE202051_NAIVE	size-matched random gene set	HALLMARK_PROTEIN_SECRETION	35	-0.0020241946115256647	2026
HWANG_GSE202051_NAIVE	size-matched random gene set	HALLMARK_PROTEIN_SECRETION	36	-0.0011831717657551724	2026
HWANG_GSE202051_NAIVE	size-matched random gene set	HALLMARK_PROTEIN_SECRETION	37	0.0022318157498939233	2026
HWANG_GSE202051_NAIVE	size-matched random gene set	HALLMARK_PROTEIN_SECRETION	38	-0.008069645599587425	2026
HWANG_GSE202051_NAIVE	size-matched random gene set	HALLMARK_PROTEIN_SECRETION	39	0.007451540072254797	2026
HWANG_GSE202051_NAIVE	size-matched random gene set	HALLMARK_PROTEIN_SECRETION	40	-0.004902696812166977	2026
HWANG_GSE202051_NAIVE	size-matched random gene set	HALLMARK_PROTEIN_SECRETION	41	-0.005411268698452726	2026
HWANG_GSE202051_NAIVE	size-matched random gene set	HALLMARK_PROTEIN_SECRETION	42	-0.0019237823055734975	2026
HWANG_GSE202051_NAIVE	size-matched random gene set	HALLMARK_PROTEIN_SECRETION	43	-0.012189873221820207	2026
HWANG_GSE202051_NAIVE	size-matched random gene set	HALLMARK_PROTEIN_SECRETION	44	0.0034334167333231174	2026
HWANG_GSE202051_NAIVE	size-matched random gene set	HALLMARK_PROTEIN_SECRETION	45	0.008150417231628179	2026
HWANG_GSE202051_NAIVE	size-matched random gene set	HALLMARK_PROTEIN_SECRETION	46	0.001420958388640983	2026
HWANG_GSE202051_NAIVE	size-matched random gene set	HALLMARK_PROTEIN_SECRETION	47	-0.0014393415430953437	2026
HWANG_GSE202051_NAIVE	size-matched random gene set	HALLMARK_PROTEIN_SECRETION	48	-0.0008823495804093289	2026
HWANG_GSE202051_NAIVE	size-matched random gene set	HALLMARK_PROTEIN_SECRETION	49	0.008328171798691471	2026
HWANG_GSE202051_NAIVE	size-matched random gene set	HALLMARK_PROTEIN_SECRETION	50	-0.006996060920046486	2026
HWANG_GSE202051_NAIVE	size-matched random gene set	HALLMARK_PROTEIN_SECRETION	51	-0.0016931152544121294	2026
HWANG_GSE202051_NAIVE	size-matched random gene set	HALLMARK_PROTEIN_SECRETION	52	-0.004934494933510397	2026
HWANG_GSE202051_NAIVE	size-matched random gene set	HALLMARK_PROTEIN_SECRETION	53	-0.0002233753208987863	2026
HWANG_GSE202051_NAIVE	size-matched random gene set	HALLMARK_PROTEIN_SECRETION	54	0.004631315332680621	2026
HWANG_GSE202051_NAIVE	size-matched random gene set	HALLMARK_PROTEIN_SECRETION	55	-0.0035852530453046234	2026
HWANG_GSE202051_NAIVE	size-matched random gene set	HALLMARK_PROTEIN_SECRETION	56	-0.0026476918527149054	2026
HWANG_GSE202051_NAIVE	size-matched random gene set	HALLMARK_PROTEIN_SECRETION	57	-0.0037667786572012306	2026
HWANG_GSE202051_NAIVE	size-matched random gene set	HALLMARK_PROTEIN_SECRETION	58	0.0013946443806827828	2026
HWANG_GSE202051_NAIVE	size-matched random gene set	HALLMARK_PROTEIN_SECRETION	59	0.0048484252778488906	2026
HWANG_GSE202051_NAIVE	size-matched random gene set	HALLMARK_PROTEIN_SECRETION	60	-0.0026930838735849706	2026
HWANG_GSE202051_NAIVE	size-matched random gene set	HALLMARK_PROTEIN_SECRETION	61	0.003913194674684789	2026
HWANG_GSE202051_NAIVE	size-matched random gene set	HALLMARK_PROTEIN_SECRETION	62	-0.0010403629371206799	2026
HWANG_GSE202051_NAIVE	size-matched random gene set	HALLMARK_PROTEIN_SECRETION	63	0.0030713003484432212	2026
HWANG_GSE202051_NAIVE	size-matched random gene set	HALLMARK_PROTEIN_SECRETION	64	0.002473804334753261	2026
HWANG_GSE202051_NAIVE	size-matched random gene set	HALLMARK_PROTEIN_SECRETION	65	0.0025486730880442273	2026
HWANG_GSE202051_NAIVE	size-matched random gene set	HALLMARK_PROTEIN_SECRETION	66	-0.0033913778274901616	2026
HWANG_GSE202051_NAIVE	size-matched random gene set	HALLMARK_PROTEIN_SECRETION	67	0.006180540480740236	2026
HWANG_GSE202051_NAIVE	size-matched random gene set	HALLMARK_PROTEIN_SECRETION	68	0.0004062325918058165	2026
HWANG_GSE202051_NAIVE	size-matched random gene set	HALLMARK_PROTEIN_SECRETION	69	0.0016823536326613015	2026
HWANG_GSE202051_NAIVE	size-matched random gene set	HALLMARK_PROTEIN_SECRETION	70	0.004948377453216447	2026
HWANG_GSE202051_NAIVE	size-matched random gene set	HALLMARK_PROTEIN_SECRETION	71	0.0008271802103408477	2026
HWANG_GSE202051_NAIVE	size-matched random gene set	HALLMARK_PROTEIN_SECRETION	72	-0.007122015548158841	2026
HWANG_GSE202051_NAIVE	size-matched random gene set	HALLMARK_PROTEIN_SECRETION	73	-0.004324189708524811	2026
HWANG_GSE202051_NAIVE	size-matched random gene set	HALLMARK_PROTEIN_SECRETION	74	0.006420803783351895	2026
HWANG_GSE202051_NAIVE	size-matched random gene set	HALLMARK_PROTEIN_SECRETION	75	0.0009063466916464834	2026
HWANG_GSE202051_NAIVE	size-matched random gene set	HALLMARK_PROTEIN_SECRETION	76	0.00406204549950994	2026
HWANG_GSE202051_NAIVE	size-matched random gene set	HALLMARK_PROTEIN_SECRETION	77	0.0001654827688563852	2026
HWANG_GSE202051_NAIVE	size-matched random gene set	HALLMARK_PROTEIN_SECRETION	78	-0.003488993324061539	2026
HWANG_GSE202051_NAIVE	size-matched random gene set	HALLMARK_PROTEIN_SECRETION	79	0.00024393564434894432	2026
HWANG_GSE202051_NAIVE	size-matched random gene set	HALLMARK_PROTEIN_SECRETION	80	-0.00209429237555516	2026
HWANG_GSE202051_NAIVE	size-matched random gene set	HALLMARK_PROTEIN_SECRETION	81	-6.142953467537704e-05	2026
HWANG_GSE202051_NAIVE	size-matched random gene set	HALLMARK_PROTEIN_SECRETION	82	0.0011362919127487039	2026
HWANG_GSE202051_NAIVE	size-matched random gene set	HALLMARK_PROTEIN_SECRETION	83	-0.005192720624591678	2026
HWANG_GSE202051_NAIVE	size-matched random gene set	HALLMARK_PROTEIN_SECRETION	84	0.00025284122953676743	2026
HWANG_GSE202051_NAIVE	size-matched random gene set	HALLMARK_PROTEIN_SECRETION	85	0.01244429877965592	2026
HWANG_GSE202051_NAIVE	size-matched random gene set	HALLMARK_PROTEIN_SECRETION	86	-0.0041368834922906345	2026
HWANG_GSE202051_NAIVE	size-matched random gene set	HALLMARK_PROTEIN_SECRETION	87	-0.00888629438028429	2026
HWANG_GSE202051_NAIVE	size-matched random gene set	HALLMARK_PROTEIN_SECRETION	88	-0.002505309427501917	2026
HWANG_GSE202051_NAIVE	size-matched random gene set	HALLMARK_PROTEIN_SECRETION	89	0.0004071275984969085	2026
HWANG_GSE202051_NAIVE	size-matched random gene set	HALLMARK_PROTEIN_SECRETION	90	-0.005406191247451397	2026
HWANG_GSE202051_NAIVE	size-matched random gene set	HALLMARK_PROTEIN_SECRETION	91	0.003659422121546367	2026
HWANG_GSE202051_NAIVE	size-matched random gene set	HALLMARK_PROTEIN_SECRETION	92	0.0024947834360875155	2026
HWANG_GSE202051_NAIVE	size-matched random gene set	HALLMARK_PROTEIN_SECRETION	93	0.0019984097223779197	2026
HWANG_GSE202051_NAIVE	size-matched random gene set	HALLMARK_PROTEIN_SECRETION	94	0.004433343222268823	2026
HWANG_GSE202051_NAIVE	size-matched random gene set	HALLMARK_PROTEIN_SECRETION	95	0.0013085865198521971	2026
HWANG_GSE202051_NAIVE	size-matched random gene set	HALLMARK_PROTEIN_SECRETION	96	-0.00566436367945557	2026
HWANG_GSE202051_NAIVE	size-matched random gene set	HALLMARK_PROTEIN_SECRETION	97	-0.0036323130570923776	2026
HWANG_GSE202051_NAIVE	size-matched random gene set	HALLMARK_PROTEIN_SECRETION	98	0.0024519120768884094	2026
HWANG_GSE202051_NAIVE	size-matched random gene set	HALLMARK_PROTEIN_SECRETION	99	-0.005032091839300543	2026
HWANG_GSE202051_NAIVE	size-matched random gene set	HALLMARK_PROTEIN_SECRETION	100	0.010529057438546327	2026
HWANG_GSE202051_NAIVE	expression-matched random gene set	HALLMARK_PROTEIN_SECRETION	1	0.004639746115097657	2026
HWANG_GSE202051_NAIVE	expression-matched random gene set	HALLMARK_PROTEIN_SECRETION	2	-0.000795096457073483	2026
HWANG_GSE202051_NAIVE	expression-matched random gene set	HALLMARK_PROTEIN_SECRETION	3	0.004645887698692735	2026
HWANG_GSE202051_NAIVE	expression-matched random gene set	HALLMARK_PROTEIN_SECRETION	4	0.0004793196256021411	2026
HWANG_GSE202051_NAIVE	expression-matched random gene set	HALLMARK_PROTEIN_SECRETION	5	0.0005007976760481082	2026
HWANG_GSE202051_NAIVE	expression-matched random gene set	HALLMARK_PROTEIN_SECRETION	6	0.007165160694002618	2026
HWANG_GSE202051_NAIVE	expression-matched random gene set	HALLMARK_PROTEIN_SECRETION	7	0.0054583331172457965	2026
HWANG_GSE202051_NAIVE	expression-matched random gene set	HALLMARK_PROTEIN_SECRETION	8	0.013287346156142054	2026
HWANG_GSE202051_NAIVE	expression-matched random gene set	HALLMARK_PROTEIN_SECRETION	9	-0.003767943218263057	2026
HWANG_GSE202051_NAIVE	expression-matched random gene set	HALLMARK_PROTEIN_SECRETION	10	-0.003160189254713494	2026
HWANG_GSE202051_NAIVE	expression-matched random gene set	HALLMARK_PROTEIN_SECRETION	11	0.014473222015615708	2026
HWANG_GSE202051_NAIVE	expression-matched random gene set	HALLMARK_PROTEIN_SECRETION	12	0.005846129013668327	2026
HWANG_GSE202051_NAIVE	expression-matched random gene set	HALLMARK_PROTEIN_SECRETION	13	0.010035092289412984	2026
HWANG_GSE202051_NAIVE	expression-matched random gene set	HALLMARK_PROTEIN_SECRETION	14	0.003783302073826633	2026
HWANG_GSE202051_NAIVE	expression-matched random gene set	HALLMARK_PROTEIN_SECRETION	15	0.004733966056599638	2026
HWANG_GSE202051_NAIVE	expression-matched random gene set	HALLMARK_PROTEIN_SECRETION	16	-0.003518239894898509	2026
HWANG_GSE202051_NAIVE	expression-matched random gene set	HALLMARK_PROTEIN_SECRETION	17	0.013239085700143458	2026
HWANG_GSE202051_NAIVE	expression-matched random gene set	HALLMARK_PROTEIN_SECRETION	18	-0.00551168051150227	2026
HWANG_GSE202051_NAIVE	expression-matched random gene set	HALLMARK_PROTEIN_SECRETION	19	-0.0015898060707793208	2026
HWANG_GSE202051_NAIVE	expression-matched random gene set	HALLMARK_PROTEIN_SECRETION	20	0.004136798251221016	2026
HWANG_GSE202051_NAIVE	expression-matched random gene set	HALLMARK_PROTEIN_SECRETION	21	0.00048454249035043823	2026
HWANG_GSE202051_NAIVE	expression-matched random gene set	HALLMARK_PROTEIN_SECRETION	22	0.0016325640875476477	2026
HWANG_GSE202051_NAIVE	expression-matched random gene set	HALLMARK_PROTEIN_SECRETION	23	0.009402302233974766	2026
HWANG_GSE202051_NAIVE	expression-matched random gene set	HALLMARK_PROTEIN_SECRETION	24	0.0062996756870604305	2026
HWANG_GSE202051_NAIVE	expression-matched random gene set	HALLMARK_PROTEIN_SECRETION	25	0.012216775121763295	2026
HWANG_GSE202051_NAIVE	expression-matched random gene set	HALLMARK_PROTEIN_SECRETION	26	-0.0039829707618366465	2026
HWANG_GSE202051_NAIVE	expression-matched random gene set	HALLMARK_PROTEIN_SECRETION	27	0.005683724953902848	2026
HWANG_GSE202051_NAIVE	expression-matched random gene set	HALLMARK_PROTEIN_SECRETION	28	-0.006937982096701153	2026
HWANG_GSE202051_NAIVE	expression-matched random gene set	HALLMARK_PROTEIN_SECRETION	29	0.005408859061085316	2026
HWANG_GSE202051_NAIVE	expression-matched random gene set	HALLMARK_PROTEIN_SECRETION	30	-0.000532233638928432	2026
HWANG_GSE202051_NAIVE	expression-matched random gene set	HALLMARK_PROTEIN_SECRETION	31	0.006071902942400461	2026
HWANG_GSE202051_NAIVE	expression-matched random gene set	HALLMARK_PROTEIN_SECRETION	32	0.002710100001228361	2026
HWANG_GSE202051_NAIVE	expression-matched random gene set	HALLMARK_PROTEIN_SECRETION	33	0.0014582095089665775	2026
HWANG_GSE202051_NAIVE	expression-matched random gene set	HALLMARK_PROTEIN_SECRETION	34	0.003938308839683821	2026
HWANG_GSE202051_NAIVE	expression-matched random gene set	HALLMARK_PROTEIN_SECRETION	35	0.006267049304319816	2026
HWANG_GSE202051_NAIVE	expression-matched random gene set	HALLMARK_PROTEIN_SECRETION	36	0.010165330985347106	2026
HWANG_GSE202051_NAIVE	expression-matched random gene set	HALLMARK_PROTEIN_SECRETION	37	0.0046054496248959615	2026
HWANG_GSE202051_NAIVE	expression-matched random gene set	HALLMARK_PROTEIN_SECRETION	38	-0.005571246370214788	2026
HWANG_GSE202051_NAIVE	expression-matched random gene set	HALLMARK_PROTEIN_SECRETION	39	0.00200849540172527	2026
HWANG_GSE202051_NAIVE	expression-matched random gene set	HALLMARK_PROTEIN_SECRETION	40	-0.0034744492657190046	2026
HWANG_GSE202051_NAIVE	expression-matched random gene set	HALLMARK_PROTEIN_SECRETION	41	0.005186603588858175	2026
HWANG_GSE202051_NAIVE	expression-matched random gene set	HALLMARK_PROTEIN_SECRETION	42	0.007312641676664965	2026
HWANG_GSE202051_NAIVE	expression-matched random gene set	HALLMARK_PROTEIN_SECRETION	43	-0.0015636599312800845	2026
HWANG_GSE202051_NAIVE	expression-matched random gene set	HALLMARK_PROTEIN_SECRETION	44	-0.002728138260390127	2026
HWANG_GSE202051_NAIVE	expression-matched random gene set	HALLMARK_PROTEIN_SECRETION	45	-0.0029240817556057046	2026
HWANG_GSE202051_NAIVE	expression-matched random gene set	HALLMARK_PROTEIN_SECRETION	46	-0.0008395261548838544	2026
HWANG_GSE202051_NAIVE	expression-matched random gene set	HALLMARK_PROTEIN_SECRETION	47	0.005306358629508309	2026
HWANG_GSE202051_NAIVE	expression-matched random gene set	HALLMARK_PROTEIN_SECRETION	48	-0.0023835089620431594	2026
HWANG_GSE202051_NAIVE	expression-matched random gene set	HALLMARK_PROTEIN_SECRETION	49	0.001942008571216327	2026
HWANG_GSE202051_NAIVE	expression-matched random gene set	HALLMARK_PROTEIN_SECRETION	50	0.006192305577082072	2026
HWANG_GSE202051_NAIVE	expression-matched random gene set	HALLMARK_PROTEIN_SECRETION	51	0.0019903302208248994	2026
HWANG_GSE202051_NAIVE	expression-matched random gene set	HALLMARK_PROTEIN_SECRETION	52	-0.010325518302461381	2026
HWANG_GSE202051_NAIVE	expression-matched random gene set	HALLMARK_PROTEIN_SECRETION	53	0.005671527054443334	2026
HWANG_GSE202051_NAIVE	expression-matched random gene set	HALLMARK_PROTEIN_SECRETION	54	0.002317238170188805	2026
HWANG_GSE202051_NAIVE	expression-matched random gene set	HALLMARK_PROTEIN_SECRETION	55	-0.0019182431632820151	2026
HWANG_GSE202051_NAIVE	expression-matched random gene set	HALLMARK_PROTEIN_SECRETION	56	0.007040670572756482	2026
HWANG_GSE202051_NAIVE	expression-matched random gene set	HALLMARK_PROTEIN_SECRETION	57	-0.0055018240569830726	2026
HWANG_GSE202051_NAIVE	expression-matched random gene set	HALLMARK_PROTEIN_SECRETION	58	-0.00473624144498931	2026
HWANG_GSE202051_NAIVE	expression-matched random gene set	HALLMARK_PROTEIN_SECRETION	59	-0.003815672260950107	2026
HWANG_GSE202051_NAIVE	expression-matched random gene set	HALLMARK_PROTEIN_SECRETION	60	-0.010153775622505143	2026
HWANG_GSE202051_NAIVE	expression-matched random gene set	HALLMARK_PROTEIN_SECRETION	61	0.005739662537078933	2026
HWANG_GSE202051_NAIVE	expression-matched random gene set	HALLMARK_PROTEIN_SECRETION	62	0.001997610055503307	2026
HWANG_GSE202051_NAIVE	expression-matched random gene set	HALLMARK_PROTEIN_SECRETION	63	-0.001042478060343005	2026
HWANG_GSE202051_NAIVE	expression-matched random gene set	HALLMARK_PROTEIN_SECRETION	64	0.0008786294312444181	2026
HWANG_GSE202051_NAIVE	expression-matched random gene set	HALLMARK_PROTEIN_SECRETION	65	0.004922805130249358	2026
HWANG_GSE202051_NAIVE	expression-matched random gene set	HALLMARK_PROTEIN_SECRETION	66	3.67888070664645e-05	2026
HWANG_GSE202051_NAIVE	expression-matched random gene set	HALLMARK_PROTEIN_SECRETION	67	-0.0005483466562360124	2026
HWANG_GSE202051_NAIVE	expression-matched random gene set	HALLMARK_PROTEIN_SECRETION	68	-0.007498555402490884	2026
HWANG_GSE202051_NAIVE	expression-matched random gene set	HALLMARK_PROTEIN_SECRETION	69	0.008379573553144625	2026
HWANG_GSE202051_NAIVE	expression-matched random gene set	HALLMARK_PROTEIN_SECRETION	70	0.0034072345026188076	2026
HWANG_GSE202051_NAIVE	expression-matched random gene set	HALLMARK_PROTEIN_SECRETION	71	-0.003231577419868893	2026
HWANG_GSE202051_NAIVE	expression-matched random gene set	HALLMARK_PROTEIN_SECRETION	72	0.00717067546119279	2026
HWANG_GSE202051_NAIVE	expression-matched random gene set	HALLMARK_PROTEIN_SECRETION	73	0.007162367108323332	2026
HWANG_GSE202051_NAIVE	expression-matched random gene set	HALLMARK_PROTEIN_SECRETION	74	0.003791215978724955	2026
HWANG_GSE202051_NAIVE	expression-matched random gene set	HALLMARK_PROTEIN_SECRETION	75	0.0030254895349181017	2026
HWANG_GSE202051_NAIVE	expression-matched random gene set	HALLMARK_PROTEIN_SECRETION	76	-0.0018272021616981332	2026
HWANG_GSE202051_NAIVE	expression-matched random gene set	HALLMARK_PROTEIN_SECRETION	77	0.009088153300323426	2026
HWANG_GSE202051_NAIVE	expression-matched random gene set	HALLMARK_PROTEIN_SECRETION	78	0.005433008997955898	2026
HWANG_GSE202051_NAIVE	expression-matched random gene set	HALLMARK_PROTEIN_SECRETION	79	-0.0023319563822881725	2026
HWANG_GSE202051_NAIVE	expression-matched random gene set	HALLMARK_PROTEIN_SECRETION	80	0.004676433205720531	2026
HWANG_GSE202051_NAIVE	expression-matched random gene set	HALLMARK_PROTEIN_SECRETION	81	-1.7931322967675598e-05	2026
HWANG_GSE202051_NAIVE	expression-matched random gene set	HALLMARK_PROTEIN_SECRETION	82	0.001800630992348513	2026
HWANG_GSE202051_NAIVE	expression-matched random gene set	HALLMARK_PROTEIN_SECRETION	83	0.008694185541393923	2026
HWANG_GSE202051_NAIVE	expression-matched random gene set	HALLMARK_PROTEIN_SECRETION	84	-0.00012089047288456136	2026
HWANG_GSE202051_NAIVE	expression-matched random gene set	HALLMARK_PROTEIN_SECRETION	85	0.011306315519991283	2026
HWANG_GSE202051_NAIVE	expression-matched random gene set	HALLMARK_PROTEIN_SECRETION	86	-0.003328060800220082	2026
HWANG_GSE202051_NAIVE	expression-matched random gene set	HALLMARK_PROTEIN_SECRETION	87	0.0016009813173172638	2026
HWANG_GSE202051_NAIVE	expression-matched random gene set	HALLMARK_PROTEIN_SECRETION	88	0.002125442033248276	2026
HWANG_GSE202051_NAIVE	expression-matched random gene set	HALLMARK_PROTEIN_SECRETION	89	0.0067157155003732295	2026
HWANG_GSE202051_NAIVE	expression-matched random gene set	HALLMARK_PROTEIN_SECRETION	90	0.0042662719028127415	2026
HWANG_GSE202051_NAIVE	expression-matched random gene set	HALLMARK_PROTEIN_SECRETION	91	0.009202353500204978	2026
HWANG_GSE202051_NAIVE	expression-matched random gene set	HALLMARK_PROTEIN_SECRETION	92	-0.0010714688063178644	2026
HWANG_GSE202051_NAIVE	expression-matched random gene set	HALLMARK_PROTEIN_SECRETION	93	-0.0033866368846698475	2026
HWANG_GSE202051_NAIVE	expression-matched random gene set	HALLMARK_PROTEIN_SECRETION	94	0.0020357617366390966	2026
HWANG_GSE202051_NAIVE	expression-matched random gene set	HALLMARK_PROTEIN_SECRETION	95	0.0007057153861267058	2026
HWANG_GSE202051_NAIVE	expression-matched random gene set	HALLMARK_PROTEIN_SECRETION	96	-0.0008286716173260584	2026
HWANG_GSE202051_NAIVE	expression-matched random gene set	HALLMARK_PROTEIN_SECRETION	97	-0.005651685683423429	2026
HWANG_GSE202051_NAIVE	expression-matched random gene set	HALLMARK_PROTEIN_SECRETION	98	-0.003085024704668398	2026
HWANG_GSE202051_NAIVE	expression-matched random gene set	HALLMARK_PROTEIN_SECRETION	99	0.0034539162407132805	2026
HWANG_GSE202051_NAIVE	expression-matched random gene set	HALLMARK_PROTEIN_SECRETION	100	0.000942484744404518	2026
HWANG_GSE202051_NAIVE	unrelated Hallmark pathway	HALLMARK_BILE_ACID_METABOLISM	1	0.00027195633627747804	2026
HWANG_GSE202051_NAIVE	unrelated Hallmark pathway	HALLMARK_BILE_ACID_METABOLISM	2	0.0014107245410544028	2026
HWANG_GSE202051_NAIVE	unrelated Hallmark pathway	HALLMARK_BILE_ACID_METABOLISM	3	-0.003698669394966687	2026
HWANG_GSE202051_NAIVE	unrelated Hallmark pathway	HALLMARK_BILE_ACID_METABOLISM	4	-0.0016104791116249339	2026
HWANG_GSE202051_NAIVE	unrelated Hallmark pathway	HALLMARK_BILE_ACID_METABOLISM	5	-0.004308149702400734	2026
HWANG_GSE202051_NAIVE	unrelated Hallmark pathway	HALLMARK_BILE_ACID_METABOLISM	6	0.004460913740499091	2026
HWANG_GSE202051_NAIVE	unrelated Hallmark pathway	HALLMARK_BILE_ACID_METABOLISM	7	0.004742088695870406	2026
HWANG_GSE202051_NAIVE	unrelated Hallmark pathway	HALLMARK_BILE_ACID_METABOLISM	8	0.004071485151137379	2026
HWANG_GSE202051_NAIVE	unrelated Hallmark pathway	HALLMARK_BILE_ACID_METABOLISM	9	-0.00048614925093849737	2026
HWANG_GSE202051_NAIVE	unrelated Hallmark pathway	HALLMARK_BILE_ACID_METABOLISM	10	0.003129322799627121	2026
HWANG_GSE202051_NAIVE	unrelated Hallmark pathway	HALLMARK_BILE_ACID_METABOLISM	11	-6.499964670554325e-05	2026
HWANG_GSE202051_NAIVE	unrelated Hallmark pathway	HALLMARK_BILE_ACID_METABOLISM	12	0.0017904012019679812	2026
HWANG_GSE202051_NAIVE	unrelated Hallmark pathway	HALLMARK_BILE_ACID_METABOLISM	13	0.002854188662874764	2026
HWANG_GSE202051_NAIVE	unrelated Hallmark pathway	HALLMARK_BILE_ACID_METABOLISM	14	0.004297864616930931	2026
HWANG_GSE202051_NAIVE	unrelated Hallmark pathway	HALLMARK_BILE_ACID_METABOLISM	15	0.0011614645059229366	2026
HWANG_GSE202051_NAIVE	unrelated Hallmark pathway	HALLMARK_BILE_ACID_METABOLISM	16	0.006259682263703639	2026
HWANG_GSE202051_NAIVE	unrelated Hallmark pathway	HALLMARK_BILE_ACID_METABOLISM	17	-0.0005783402383988574	2026
HWANG_GSE202051_NAIVE	unrelated Hallmark pathway	HALLMARK_BILE_ACID_METABOLISM	18	0.00033471390657933866	2026
HWANG_GSE202051_NAIVE	unrelated Hallmark pathway	HALLMARK_BILE_ACID_METABOLISM	19	0.002322867079834053	2026
HWANG_GSE202051_NAIVE	unrelated Hallmark pathway	HALLMARK_BILE_ACID_METABOLISM	20	0.0027472296497696004	2026
HWANG_GSE202051_NAIVE	unrelated Hallmark pathway	HALLMARK_BILE_ACID_METABOLISM	21	0.003214321536339879	2026
HWANG_GSE202051_NAIVE	unrelated Hallmark pathway	HALLMARK_BILE_ACID_METABOLISM	22	-0.006367639935854382	2026
HWANG_GSE202051_NAIVE	unrelated Hallmark pathway	HALLMARK_BILE_ACID_METABOLISM	23	-0.0006341430155852432	2026
HWANG_GSE202051_NAIVE	unrelated Hallmark pathway	HALLMARK_BILE_ACID_METABOLISM	24	-0.0013064302902316435	2026
HWANG_GSE202051_NAIVE	unrelated Hallmark pathway	HALLMARK_BILE_ACID_METABOLISM	25	0.0023058314991638135	2026
HWANG_GSE202051_NAIVE	unrelated Hallmark pathway	HALLMARK_BILE_ACID_METABOLISM	26	0.00032066846156285903	2026
HWANG_GSE202051_NAIVE	unrelated Hallmark pathway	HALLMARK_BILE_ACID_METABOLISM	27	0.0011962240653176153	2026
HWANG_GSE202051_NAIVE	unrelated Hallmark pathway	HALLMARK_BILE_ACID_METABOLISM	28	0.0006479794905570475	2026
HWANG_GSE202051_NAIVE	unrelated Hallmark pathway	HALLMARK_BILE_ACID_METABOLISM	29	0.0003219140888718663	2026
HWANG_GSE202051_NAIVE	unrelated Hallmark pathway	HALLMARK_BILE_ACID_METABOLISM	30	0.005316645066903328	2026
HWANG_GSE202051_NAIVE	unrelated Hallmark pathway	HALLMARK_BILE_ACID_METABOLISM	31	0.002519332327478701	2026
HWANG_GSE202051_NAIVE	unrelated Hallmark pathway	HALLMARK_BILE_ACID_METABOLISM	32	-0.00047675064683432304	2026
HWANG_GSE202051_NAIVE	unrelated Hallmark pathway	HALLMARK_BILE_ACID_METABOLISM	33	0.0069471056107713695	2026
HWANG_GSE202051_NAIVE	unrelated Hallmark pathway	HALLMARK_BILE_ACID_METABOLISM	34	0.0052002093279297674	2026
HWANG_GSE202051_NAIVE	unrelated Hallmark pathway	HALLMARK_BILE_ACID_METABOLISM	35	-0.0005350053089321839	2026
HWANG_GSE202051_NAIVE	unrelated Hallmark pathway	HALLMARK_BILE_ACID_METABOLISM	36	-0.0015855919157530224	2026
HWANG_GSE202051_NAIVE	unrelated Hallmark pathway	HALLMARK_BILE_ACID_METABOLISM	37	-0.00012009813951326791	2026
HWANG_GSE202051_NAIVE	unrelated Hallmark pathway	HALLMARK_BILE_ACID_METABOLISM	38	-0.0006952689445581233	2026
HWANG_GSE202051_NAIVE	unrelated Hallmark pathway	HALLMARK_BILE_ACID_METABOLISM	39	0.001992475579860622	2026
HWANG_GSE202051_NAIVE	unrelated Hallmark pathway	HALLMARK_BILE_ACID_METABOLISM	40	0.0012742463753048544	2026
HWANG_GSE202051_NAIVE	unrelated Hallmark pathway	HALLMARK_BILE_ACID_METABOLISM	41	0.0002635363623471132	2026
HWANG_GSE202051_NAIVE	unrelated Hallmark pathway	HALLMARK_BILE_ACID_METABOLISM	42	0.0032978019808985186	2026
HWANG_GSE202051_NAIVE	unrelated Hallmark pathway	HALLMARK_BILE_ACID_METABOLISM	43	-0.0006210828010745063	2026
HWANG_GSE202051_NAIVE	unrelated Hallmark pathway	HALLMARK_BILE_ACID_METABOLISM	44	0.0019251538030768316	2026
HWANG_GSE202051_NAIVE	unrelated Hallmark pathway	HALLMARK_BILE_ACID_METABOLISM	45	-0.004842510526080613	2026
HWANG_GSE202051_NAIVE	unrelated Hallmark pathway	HALLMARK_BILE_ACID_METABOLISM	46	0.0031787630596961888	2026
HWANG_GSE202051_NAIVE	unrelated Hallmark pathway	HALLMARK_BILE_ACID_METABOLISM	47	0.001438821572664575	2026
HWANG_GSE202051_NAIVE	unrelated Hallmark pathway	HALLMARK_BILE_ACID_METABOLISM	48	-0.0034952120702749427	2026
HWANG_GSE202051_NAIVE	unrelated Hallmark pathway	HALLMARK_BILE_ACID_METABOLISM	49	0.0019461486658076917	2026
HWANG_GSE202051_NAIVE	unrelated Hallmark pathway	HALLMARK_BILE_ACID_METABOLISM	50	0.0004883558502653808	2026
HWANG_GSE202051_NAIVE	unrelated Hallmark pathway	HALLMARK_BILE_ACID_METABOLISM	51	0.004646870221176764	2026
HWANG_GSE202051_NAIVE	unrelated Hallmark pathway	HALLMARK_BILE_ACID_METABOLISM	52	0.0014383727783705612	2026
HWANG_GSE202051_NAIVE	unrelated Hallmark pathway	HALLMARK_BILE_ACID_METABOLISM	53	-0.00011209699386726115	2026
HWANG_GSE202051_NAIVE	unrelated Hallmark pathway	HALLMARK_BILE_ACID_METABOLISM	54	-0.004012169649336537	2026
HWANG_GSE202051_NAIVE	unrelated Hallmark pathway	HALLMARK_BILE_ACID_METABOLISM	55	3.7052911456485146e-05	2026
HWANG_GSE202051_NAIVE	unrelated Hallmark pathway	HALLMARK_BILE_ACID_METABOLISM	56	-0.003109835491607456	2026
HWANG_GSE202051_NAIVE	unrelated Hallmark pathway	HALLMARK_BILE_ACID_METABOLISM	57	0.007655097837345189	2026
HWANG_GSE202051_NAIVE	unrelated Hallmark pathway	HALLMARK_BILE_ACID_METABOLISM	58	-0.005397343494914113	2026
HWANG_GSE202051_NAIVE	unrelated Hallmark pathway	HALLMARK_BILE_ACID_METABOLISM	59	0.0020389733479050935	2026
HWANG_GSE202051_NAIVE	unrelated Hallmark pathway	HALLMARK_BILE_ACID_METABOLISM	60	0.004534301942006823	2026
HWANG_GSE202051_NAIVE	unrelated Hallmark pathway	HALLMARK_BILE_ACID_METABOLISM	61	0.0036922350552114815	2026
HWANG_GSE202051_NAIVE	unrelated Hallmark pathway	HALLMARK_BILE_ACID_METABOLISM	62	0.00032282509439114974	2026
HWANG_GSE202051_NAIVE	unrelated Hallmark pathway	HALLMARK_BILE_ACID_METABOLISM	63	-0.0019498034022060408	2026
HWANG_GSE202051_NAIVE	unrelated Hallmark pathway	HALLMARK_BILE_ACID_METABOLISM	64	0.004950513770323451	2026
HWANG_GSE202051_NAIVE	unrelated Hallmark pathway	HALLMARK_BILE_ACID_METABOLISM	65	0.0017992946625880492	2026
HWANG_GSE202051_NAIVE	unrelated Hallmark pathway	HALLMARK_BILE_ACID_METABOLISM	66	0.001732007368873198	2026
HWANG_GSE202051_NAIVE	unrelated Hallmark pathway	HALLMARK_BILE_ACID_METABOLISM	67	-0.0016455255908405812	2026
HWANG_GSE202051_NAIVE	unrelated Hallmark pathway	HALLMARK_BILE_ACID_METABOLISM	68	-0.0006296701749574547	2026
HWANG_GSE202051_NAIVE	unrelated Hallmark pathway	HALLMARK_BILE_ACID_METABOLISM	69	0.0012865699027157828	2026
HWANG_GSE202051_NAIVE	unrelated Hallmark pathway	HALLMARK_BILE_ACID_METABOLISM	70	0.002445334542774713	2026
HWANG_GSE202051_NAIVE	unrelated Hallmark pathway	HALLMARK_BILE_ACID_METABOLISM	71	0.00488342846671937	2026
HWANG_GSE202051_NAIVE	unrelated Hallmark pathway	HALLMARK_BILE_ACID_METABOLISM	72	-0.0039006565597622324	2026
HWANG_GSE202051_NAIVE	unrelated Hallmark pathway	HALLMARK_BILE_ACID_METABOLISM	73	0.0008690624236672319	2026
HWANG_GSE202051_NAIVE	unrelated Hallmark pathway	HALLMARK_BILE_ACID_METABOLISM	74	0.001956354770854723	2026
HWANG_GSE202051_NAIVE	unrelated Hallmark pathway	HALLMARK_BILE_ACID_METABOLISM	75	0.0009700819715612666	2026
HWANG_GSE202051_NAIVE	unrelated Hallmark pathway	HALLMARK_BILE_ACID_METABOLISM	76	0.005277665184929948	2026
HWANG_GSE202051_NAIVE	unrelated Hallmark pathway	HALLMARK_BILE_ACID_METABOLISM	77	0.004423630756199003	2026
HWANG_GSE202051_NAIVE	unrelated Hallmark pathway	HALLMARK_BILE_ACID_METABOLISM	78	0.0014150167623626674	2026
HWANG_GSE202051_NAIVE	unrelated Hallmark pathway	HALLMARK_BILE_ACID_METABOLISM	79	-0.001276724318350864	2026
HWANG_GSE202051_NAIVE	unrelated Hallmark pathway	HALLMARK_BILE_ACID_METABOLISM	80	0.007082934508301326	2026
HWANG_GSE202051_NAIVE	unrelated Hallmark pathway	HALLMARK_BILE_ACID_METABOLISM	81	0.0007611361914781939	2026
HWANG_GSE202051_NAIVE	unrelated Hallmark pathway	HALLMARK_BILE_ACID_METABOLISM	82	0.0009820783251002125	2026
HWANG_GSE202051_NAIVE	unrelated Hallmark pathway	HALLMARK_BILE_ACID_METABOLISM	83	0.0031152189728366232	2026
HWANG_GSE202051_NAIVE	unrelated Hallmark pathway	HALLMARK_BILE_ACID_METABOLISM	84	0.0017744374454784016	2026
HWANG_GSE202051_NAIVE	unrelated Hallmark pathway	HALLMARK_BILE_ACID_METABOLISM	85	0.0038076113927593617	2026
HWANG_GSE202051_NAIVE	unrelated Hallmark pathway	HALLMARK_BILE_ACID_METABOLISM	86	0.0015136980615533247	2026
HWANG_GSE202051_NAIVE	unrelated Hallmark pathway	HALLMARK_BILE_ACID_METABOLISM	87	0.00496157421046008	2026
HWANG_GSE202051_NAIVE	unrelated Hallmark pathway	HALLMARK_BILE_ACID_METABOLISM	88	0.0001590131499298186	2026
HWANG_GSE202051_NAIVE	unrelated Hallmark pathway	HALLMARK_BILE_ACID_METABOLISM	89	0.002385904548195037	2026
HWANG_GSE202051_NAIVE	unrelated Hallmark pathway	HALLMARK_BILE_ACID_METABOLISM	90	0.0012372085714769997	2026
HWANG_GSE202051_NAIVE	unrelated Hallmark pathway	HALLMARK_BILE_ACID_METABOLISM	91	-0.0020290238872925333	2026
HWANG_GSE202051_NAIVE	unrelated Hallmark pathway	HALLMARK_BILE_ACID_METABOLISM	92	0.0009916725533555368	2026
HWANG_GSE202051_NAIVE	unrelated Hallmark pathway	HALLMARK_BILE_ACID_METABOLISM	93	-0.003989782841379077	2026
HWANG_GSE202051_NAIVE	unrelated Hallmark pathway	HALLMARK_BILE_ACID_METABOLISM	94	0.003588546893830465	2026
HWANG_GSE202051_NAIVE	unrelated Hallmark pathway	HALLMARK_BILE_ACID_METABOLISM	95	0.006874370062756961	2026
HWANG_GSE202051_NAIVE	unrelated Hallmark pathway	HALLMARK_BILE_ACID_METABOLISM	96	-0.002075372193837031	2026
HWANG_GSE202051_NAIVE	unrelated Hallmark pathway	HALLMARK_BILE_ACID_METABOLISM	97	0.0004356781627159924	2026
HWANG_GSE202051_NAIVE	unrelated Hallmark pathway	HALLMARK_BILE_ACID_METABOLISM	98	0.0025686695382028733	2026
HWANG_GSE202051_NAIVE	unrelated Hallmark pathway	HALLMARK_BILE_ACID_METABOLISM	99	0.0034688322549391816	2026
HWANG_GSE202051_NAIVE	unrelated Hallmark pathway	HALLMARK_BILE_ACID_METABOLISM	100	-0.0018101212208296935	2026
HWANG_GSE202051_NAIVE	unrelated Hallmark pathway	HALLMARK_HEME_METABOLISM	1	-0.004674234514151001	2026
HWANG_GSE202051_NAIVE	unrelated Hallmark pathway	HALLMARK_HEME_METABOLISM	2	-0.005940762364521836	2026
HWANG_GSE202051_NAIVE	unrelated Hallmark pathway	HALLMARK_HEME_METABOLISM	3	-0.0046728343472853045	2026
HWANG_GSE202051_NAIVE	unrelated Hallmark pathway	HALLMARK_HEME_METABOLISM	4	-0.003372346051990574	2026
HWANG_GSE202051_NAIVE	unrelated Hallmark pathway	HALLMARK_HEME_METABOLISM	5	-0.004562195806785465	2026
HWANG_GSE202051_NAIVE	unrelated Hallmark pathway	HALLMARK_HEME_METABOLISM	6	-0.004378420389554656	2026
HWANG_GSE202051_NAIVE	unrelated Hallmark pathway	HALLMARK_HEME_METABOLISM	7	-0.004607017347606233	2026
HWANG_GSE202051_NAIVE	unrelated Hallmark pathway	HALLMARK_HEME_METABOLISM	8	-0.005021678642096626	2026
HWANG_GSE202051_NAIVE	unrelated Hallmark pathway	HALLMARK_HEME_METABOLISM	9	-0.005310010763973656	2026
HWANG_GSE202051_NAIVE	unrelated Hallmark pathway	HALLMARK_HEME_METABOLISM	10	-0.005356625367246509	2026
HWANG_GSE202051_NAIVE	unrelated Hallmark pathway	HALLMARK_HEME_METABOLISM	11	-0.0023003262707955536	2026
HWANG_GSE202051_NAIVE	unrelated Hallmark pathway	HALLMARK_HEME_METABOLISM	12	-0.002713472772467729	2026
HWANG_GSE202051_NAIVE	unrelated Hallmark pathway	HALLMARK_HEME_METABOLISM	13	-0.0034956902919703733	2026
HWANG_GSE202051_NAIVE	unrelated Hallmark pathway	HALLMARK_HEME_METABOLISM	14	-0.0028985106796717524	2026
HWANG_GSE202051_NAIVE	unrelated Hallmark pathway	HALLMARK_HEME_METABOLISM	15	-0.002866475176099384	2026
HWANG_GSE202051_NAIVE	unrelated Hallmark pathway	HALLMARK_HEME_METABOLISM	16	0.00097849646891322	2026
HWANG_GSE202051_NAIVE	unrelated Hallmark pathway	HALLMARK_HEME_METABOLISM	17	-0.006535365749039988	2026
HWANG_GSE202051_NAIVE	unrelated Hallmark pathway	HALLMARK_HEME_METABOLISM	18	-0.0032325287410242456	2026
HWANG_GSE202051_NAIVE	unrelated Hallmark pathway	HALLMARK_HEME_METABOLISM	19	-0.00650909847070549	2026
HWANG_GSE202051_NAIVE	unrelated Hallmark pathway	HALLMARK_HEME_METABOLISM	20	-0.00518504148909671	2026
HWANG_GSE202051_NAIVE	unrelated Hallmark pathway	HALLMARK_HEME_METABOLISM	21	-0.005348986009444645	2026
HWANG_GSE202051_NAIVE	unrelated Hallmark pathway	HALLMARK_HEME_METABOLISM	22	-0.0034089347472414035	2026
HWANG_GSE202051_NAIVE	unrelated Hallmark pathway	HALLMARK_HEME_METABOLISM	23	-0.004429332049590718	2026
HWANG_GSE202051_NAIVE	unrelated Hallmark pathway	HALLMARK_HEME_METABOLISM	24	-0.004523057288742897	2026
HWANG_GSE202051_NAIVE	unrelated Hallmark pathway	HALLMARK_HEME_METABOLISM	25	-0.005185695550565601	2026
HWANG_GSE202051_NAIVE	unrelated Hallmark pathway	HALLMARK_HEME_METABOLISM	26	-0.0008478765517758443	2026
HWANG_GSE202051_NAIVE	unrelated Hallmark pathway	HALLMARK_HEME_METABOLISM	27	-0.0064874383455734	2026
HWANG_GSE202051_NAIVE	unrelated Hallmark pathway	HALLMARK_HEME_METABOLISM	28	-0.004099044865148307	2026
HWANG_GSE202051_NAIVE	unrelated Hallmark pathway	HALLMARK_HEME_METABOLISM	29	-0.006484981854765169	2026
HWANG_GSE202051_NAIVE	unrelated Hallmark pathway	HALLMARK_HEME_METABOLISM	30	-0.004298481592439978	2026
HWANG_GSE202051_NAIVE	unrelated Hallmark pathway	HALLMARK_HEME_METABOLISM	31	-0.0063364279420707725	2026
HWANG_GSE202051_NAIVE	unrelated Hallmark pathway	HALLMARK_HEME_METABOLISM	32	-0.002897776300974643	2026
HWANG_GSE202051_NAIVE	unrelated Hallmark pathway	HALLMARK_HEME_METABOLISM	33	-0.007206352902728297	2026
HWANG_GSE202051_NAIVE	unrelated Hallmark pathway	HALLMARK_HEME_METABOLISM	34	-0.0065991940457273066	2026
HWANG_GSE202051_NAIVE	unrelated Hallmark pathway	HALLMARK_HEME_METABOLISM	35	-0.006575786148321246	2026
HWANG_GSE202051_NAIVE	unrelated Hallmark pathway	HALLMARK_HEME_METABOLISM	36	-0.0019285047268259743	2026
HWANG_GSE202051_NAIVE	unrelated Hallmark pathway	HALLMARK_HEME_METABOLISM	37	-0.005214981945803538	2026
HWANG_GSE202051_NAIVE	unrelated Hallmark pathway	HALLMARK_HEME_METABOLISM	38	-0.003805561278003035	2026
HWANG_GSE202051_NAIVE	unrelated Hallmark pathway	HALLMARK_HEME_METABOLISM	39	-0.001199729906408398	2026
HWANG_GSE202051_NAIVE	unrelated Hallmark pathway	HALLMARK_HEME_METABOLISM	40	-0.004885702593204491	2026
HWANG_GSE202051_NAIVE	unrelated Hallmark pathway	HALLMARK_HEME_METABOLISM	41	-0.0070538210912617465	2026
HWANG_GSE202051_NAIVE	unrelated Hallmark pathway	HALLMARK_HEME_METABOLISM	42	-0.0029313829684071337	2026
HWANG_GSE202051_NAIVE	unrelated Hallmark pathway	HALLMARK_HEME_METABOLISM	43	-0.006763788535999746	2026
HWANG_GSE202051_NAIVE	unrelated Hallmark pathway	HALLMARK_HEME_METABOLISM	44	-0.004696845184765751	2026
HWANG_GSE202051_NAIVE	unrelated Hallmark pathway	HALLMARK_HEME_METABOLISM	45	-0.002284869662932182	2026
HWANG_GSE202051_NAIVE	unrelated Hallmark pathway	HALLMARK_HEME_METABOLISM	46	-0.004146790400595341	2026
HWANG_GSE202051_NAIVE	unrelated Hallmark pathway	HALLMARK_HEME_METABOLISM	47	-0.005269050078251996	2026
HWANG_GSE202051_NAIVE	unrelated Hallmark pathway	HALLMARK_HEME_METABOLISM	48	-0.004647536632569079	2026
HWANG_GSE202051_NAIVE	unrelated Hallmark pathway	HALLMARK_HEME_METABOLISM	49	-0.004223756995888499	2026
HWANG_GSE202051_NAIVE	unrelated Hallmark pathway	HALLMARK_HEME_METABOLISM	50	-0.006578216329830476	2026
HWANG_GSE202051_NAIVE	unrelated Hallmark pathway	HALLMARK_HEME_METABOLISM	51	-0.007131444674008685	2026
HWANG_GSE202051_NAIVE	unrelated Hallmark pathway	HALLMARK_HEME_METABOLISM	52	-0.005713564648880171	2026
HWANG_GSE202051_NAIVE	unrelated Hallmark pathway	HALLMARK_HEME_METABOLISM	53	-0.0027416736516863095	2026
HWANG_GSE202051_NAIVE	unrelated Hallmark pathway	HALLMARK_HEME_METABOLISM	54	-0.0017709143688178109	2026
HWANG_GSE202051_NAIVE	unrelated Hallmark pathway	HALLMARK_HEME_METABOLISM	55	-0.005421195720572518	2026
HWANG_GSE202051_NAIVE	unrelated Hallmark pathway	HALLMARK_HEME_METABOLISM	56	-0.003853915728065092	2026
HWANG_GSE202051_NAIVE	unrelated Hallmark pathway	HALLMARK_HEME_METABOLISM	57	-0.004569563153548687	2026
HWANG_GSE202051_NAIVE	unrelated Hallmark pathway	HALLMARK_HEME_METABOLISM	58	-0.005660197051221186	2026
HWANG_GSE202051_NAIVE	unrelated Hallmark pathway	HALLMARK_HEME_METABOLISM	59	-0.0016026365373022198	2026
HWANG_GSE202051_NAIVE	unrelated Hallmark pathway	HALLMARK_HEME_METABOLISM	60	-0.001955124125691092	2026
HWANG_GSE202051_NAIVE	unrelated Hallmark pathway	HALLMARK_HEME_METABOLISM	61	-0.0059126879470647025	2026
HWANG_GSE202051_NAIVE	unrelated Hallmark pathway	HALLMARK_HEME_METABOLISM	62	-0.004861871868651642	2026
HWANG_GSE202051_NAIVE	unrelated Hallmark pathway	HALLMARK_HEME_METABOLISM	63	-0.0053069798349496215	2026
HWANG_GSE202051_NAIVE	unrelated Hallmark pathway	HALLMARK_HEME_METABOLISM	64	4.363868409764469e-05	2026
HWANG_GSE202051_NAIVE	unrelated Hallmark pathway	HALLMARK_HEME_METABOLISM	65	-0.005609079891808016	2026
HWANG_GSE202051_NAIVE	unrelated Hallmark pathway	HALLMARK_HEME_METABOLISM	66	-0.005054453622701946	2026
HWANG_GSE202051_NAIVE	unrelated Hallmark pathway	HALLMARK_HEME_METABOLISM	67	-0.005320836205576842	2026
HWANG_GSE202051_NAIVE	unrelated Hallmark pathway	HALLMARK_HEME_METABOLISM	68	-0.002268990098883114	2026
HWANG_GSE202051_NAIVE	unrelated Hallmark pathway	HALLMARK_HEME_METABOLISM	69	-0.004950541338354781	2026
HWANG_GSE202051_NAIVE	unrelated Hallmark pathway	HALLMARK_HEME_METABOLISM	70	-0.006429460216366674	2026
HWANG_GSE202051_NAIVE	unrelated Hallmark pathway	HALLMARK_HEME_METABOLISM	71	-0.005165386355947057	2026
HWANG_GSE202051_NAIVE	unrelated Hallmark pathway	HALLMARK_HEME_METABOLISM	72	-0.000867754243357791	2026
HWANG_GSE202051_NAIVE	unrelated Hallmark pathway	HALLMARK_HEME_METABOLISM	73	-0.004751969967643355	2026
HWANG_GSE202051_NAIVE	unrelated Hallmark pathway	HALLMARK_HEME_METABOLISM	74	-0.005011086996828406	2026
HWANG_GSE202051_NAIVE	unrelated Hallmark pathway	HALLMARK_HEME_METABOLISM	75	-0.004011485221122773	2026
HWANG_GSE202051_NAIVE	unrelated Hallmark pathway	HALLMARK_HEME_METABOLISM	76	-0.0036552162257024526	2026
HWANG_GSE202051_NAIVE	unrelated Hallmark pathway	HALLMARK_HEME_METABOLISM	77	-0.0013390810242528	2026
HWANG_GSE202051_NAIVE	unrelated Hallmark pathway	HALLMARK_HEME_METABOLISM	78	-0.005900444326632666	2026
HWANG_GSE202051_NAIVE	unrelated Hallmark pathway	HALLMARK_HEME_METABOLISM	79	-0.004784927625334261	2026
HWANG_GSE202051_NAIVE	unrelated Hallmark pathway	HALLMARK_HEME_METABOLISM	80	-0.0034095591107935618	2026
HWANG_GSE202051_NAIVE	unrelated Hallmark pathway	HALLMARK_HEME_METABOLISM	81	-0.006109911973998153	2026
HWANG_GSE202051_NAIVE	unrelated Hallmark pathway	HALLMARK_HEME_METABOLISM	82	-0.0017352353315581938	2026
HWANG_GSE202051_NAIVE	unrelated Hallmark pathway	HALLMARK_HEME_METABOLISM	83	-0.0059615540739001395	2026
HWANG_GSE202051_NAIVE	unrelated Hallmark pathway	HALLMARK_HEME_METABOLISM	84	-0.007915295182332019	2026
HWANG_GSE202051_NAIVE	unrelated Hallmark pathway	HALLMARK_HEME_METABOLISM	85	-0.005183346831207205	2026
HWANG_GSE202051_NAIVE	unrelated Hallmark pathway	HALLMARK_HEME_METABOLISM	86	-0.0019631007918950003	2026
HWANG_GSE202051_NAIVE	unrelated Hallmark pathway	HALLMARK_HEME_METABOLISM	87	-0.006079574534324052	2026
HWANG_GSE202051_NAIVE	unrelated Hallmark pathway	HALLMARK_HEME_METABOLISM	88	-0.0024107179241797927	2026
HWANG_GSE202051_NAIVE	unrelated Hallmark pathway	HALLMARK_HEME_METABOLISM	89	-0.0033781736980766463	2026
HWANG_GSE202051_NAIVE	unrelated Hallmark pathway	HALLMARK_HEME_METABOLISM	90	-0.00630838294457549	2026
HWANG_GSE202051_NAIVE	unrelated Hallmark pathway	HALLMARK_HEME_METABOLISM	91	-0.006706429811116608	2026
HWANG_GSE202051_NAIVE	unrelated Hallmark pathway	HALLMARK_HEME_METABOLISM	92	-0.005667582028792509	2026
HWANG_GSE202051_NAIVE	unrelated Hallmark pathway	HALLMARK_HEME_METABOLISM	93	-0.004325341720319979	2026
HWANG_GSE202051_NAIVE	unrelated Hallmark pathway	HALLMARK_HEME_METABOLISM	94	-0.005370292500725404	2026
HWANG_GSE202051_NAIVE	unrelated Hallmark pathway	HALLMARK_HEME_METABOLISM	95	-0.0060247488603672105	2026
HWANG_GSE202051_NAIVE	unrelated Hallmark pathway	HALLMARK_HEME_METABOLISM	96	-0.00577939369841605	2026
HWANG_GSE202051_NAIVE	unrelated Hallmark pathway	HALLMARK_HEME_METABOLISM	97	-0.0027944106448239674	2026
HWANG_GSE202051_NAIVE	unrelated Hallmark pathway	HALLMARK_HEME_METABOLISM	98	-0.004418289794314031	2026
HWANG_GSE202051_NAIVE	unrelated Hallmark pathway	HALLMARK_HEME_METABOLISM	99	-0.0016459224798216587	2026
HWANG_GSE202051_NAIVE	unrelated Hallmark pathway	HALLMARK_HEME_METABOLISM	100	-0.005968041628319854	2026
HWANG_GSE202051_NAIVE	leakage control	HALLMARK_PROTEIN_SECRETION	1	0.0	2026
HWANG_GSE202051_NAIVE	leakage control	HALLMARK_PROTEIN_SECRETION	2	0.0	2026
HWANG_GSE202051_NAIVE	leakage control	HALLMARK_PROTEIN_SECRETION	3	0.0	2026
HWANG_GSE202051_NAIVE	leakage control	HALLMARK_PROTEIN_SECRETION	4	0.0	2026
HWANG_GSE202051_NAIVE	leakage control	HALLMARK_PROTEIN_SECRETION	5	0.0	2026
HWANG_GSE202051_NAIVE	leakage control	HALLMARK_PROTEIN_SECRETION	6	0.0	2026
HWANG_GSE202051_NAIVE	leakage control	HALLMARK_PROTEIN_SECRETION	7	0.012658227848101266	2026
HWANG_GSE202051_NAIVE	leakage control	HALLMARK_PROTEIN_SECRETION	8	0.0	2026
HWANG_GSE202051_NAIVE	leakage control	HALLMARK_PROTEIN_SECRETION	9	0.0	2026
HWANG_GSE202051_NAIVE	leakage control	HALLMARK_PROTEIN_SECRETION	10	0.0	2026
HWANG_GSE202051_NAIVE	leakage control	HALLMARK_PROTEIN_SECRETION	11	0.0	2026
HWANG_GSE202051_NAIVE	leakage control	HALLMARK_PROTEIN_SECRETION	12	0.0	2026
HWANG_GSE202051_NAIVE	leakage control	HALLMARK_PROTEIN_SECRETION	13	0.0	2026
HWANG_GSE202051_NAIVE	leakage control	HALLMARK_PROTEIN_SECRETION	14	0.0	2026
HWANG_GSE202051_NAIVE	leakage control	HALLMARK_PROTEIN_SECRETION	15	0.0	2026
HWANG_GSE202051_NAIVE	leakage control	HALLMARK_PROTEIN_SECRETION	16	0.0	2026
HWANG_GSE202051_NAIVE	leakage control	HALLMARK_PROTEIN_SECRETION	17	0.0	2026
HWANG_GSE202051_NAIVE	leakage control	HALLMARK_PROTEIN_SECRETION	18	0.0	2026
HWANG_GSE202051_NAIVE	leakage control	HALLMARK_PROTEIN_SECRETION	19	0.0	2026
HWANG_GSE202051_NAIVE	leakage control	HALLMARK_PROTEIN_SECRETION	20	0.0	2026
HWANG_GSE202051_NAIVE	leakage control	HALLMARK_PROTEIN_SECRETION	21	0.0	2026
HWANG_GSE202051_NAIVE	leakage control	HALLMARK_PROTEIN_SECRETION	22	0.0	2026
HWANG_GSE202051_NAIVE	leakage control	HALLMARK_PROTEIN_SECRETION	23	0.0	2026
HWANG_GSE202051_NAIVE	leakage control	HALLMARK_PROTEIN_SECRETION	24	0.012658227848101266	2026
HWANG_GSE202051_NAIVE	leakage control	HALLMARK_PROTEIN_SECRETION	25	0.0	2026
HWANG_GSE202051_NAIVE	leakage control	HALLMARK_PROTEIN_SECRETION	26	0.0	2026
HWANG_GSE202051_NAIVE	leakage control	HALLMARK_PROTEIN_SECRETION	27	0.0	2026
HWANG_GSE202051_NAIVE	leakage control	HALLMARK_PROTEIN_SECRETION	28	0.0	2026
HWANG_GSE202051_NAIVE	leakage control	HALLMARK_PROTEIN_SECRETION	29	0.012658227848101266	2026
HWANG_GSE202051_NAIVE	leakage control	HALLMARK_PROTEIN_SECRETION	30	0.0	2026
HWANG_GSE202051_NAIVE	leakage control	HALLMARK_PROTEIN_SECRETION	31	0.0	2026
HWANG_GSE202051_NAIVE	leakage control	HALLMARK_PROTEIN_SECRETION	32	0.012658227848101266	2026
HWANG_GSE202051_NAIVE	leakage control	HALLMARK_PROTEIN_SECRETION	33	0.0	2026
HWANG_GSE202051_NAIVE	leakage control	HALLMARK_PROTEIN_SECRETION	34	0.0	2026
HWANG_GSE202051_NAIVE	leakage control	HALLMARK_PROTEIN_SECRETION	35	0.0	2026
HWANG_GSE202051_NAIVE	leakage control	HALLMARK_PROTEIN_SECRETION	36	0.0	2026
HWANG_GSE202051_NAIVE	leakage control	HALLMARK_PROTEIN_SECRETION	37	0.0	2026
HWANG_GSE202051_NAIVE	leakage control	HALLMARK_PROTEIN_SECRETION	38	0.0	2026
HWANG_GSE202051_NAIVE	leakage control	HALLMARK_PROTEIN_SECRETION	39	0.0	2026
HWANG_GSE202051_NAIVE	leakage control	HALLMARK_PROTEIN_SECRETION	40	0.0	2026
HWANG_GSE202051_NAIVE	leakage control	HALLMARK_PROTEIN_SECRETION	41	0.012658227848101266	2026
HWANG_GSE202051_NAIVE	leakage control	HALLMARK_PROTEIN_SECRETION	42	0.0	2026
HWANG_GSE202051_NAIVE	leakage control	HALLMARK_PROTEIN_SECRETION	43	0.0	2026
HWANG_GSE202051_NAIVE	leakage control	HALLMARK_PROTEIN_SECRETION	44	0.0	2026
HWANG_GSE202051_NAIVE	leakage control	HALLMARK_PROTEIN_SECRETION	45	0.0	2026
HWANG_GSE202051_NAIVE	leakage control	HALLMARK_PROTEIN_SECRETION	46	0.012658227848101266	2026
HWANG_GSE202051_NAIVE	leakage control	HALLMARK_PROTEIN_SECRETION	47	0.0	2026
HWANG_GSE202051_NAIVE	leakage control	HALLMARK_PROTEIN_SECRETION	48	0.0	2026
HWANG_GSE202051_NAIVE	leakage control	HALLMARK_PROTEIN_SECRETION	49	0.012658227848101266	2026
HWANG_GSE202051_NAIVE	leakage control	HALLMARK_PROTEIN_SECRETION	50	0.0	2026
HWANG_GSE202051_NAIVE	leakage control	HALLMARK_PROTEIN_SECRETION	51	0.0	2026
HWANG_GSE202051_NAIVE	leakage control	HALLMARK_PROTEIN_SECRETION	52	0.0	2026
HWANG_GSE202051_NAIVE	leakage control	HALLMARK_PROTEIN_SECRETION	53	0.0	2026
HWANG_GSE202051_NAIVE	leakage control	HALLMARK_PROTEIN_SECRETION	54	0.012658227848101266	2026
HWANG_GSE202051_NAIVE	leakage control	HALLMARK_PROTEIN_SECRETION	55	0.0	2026
HWANG_GSE202051_NAIVE	leakage control	HALLMARK_PROTEIN_SECRETION	56	0.0	2026
HWANG_GSE202051_NAIVE	leakage control	HALLMARK_PROTEIN_SECRETION	57	0.012658227848101266	2026
HWANG_GSE202051_NAIVE	leakage control	HALLMARK_PROTEIN_SECRETION	58	0.0	2026
HWANG_GSE202051_NAIVE	leakage control	HALLMARK_PROTEIN_SECRETION	59	0.012658227848101266	2026
HWANG_GSE202051_NAIVE	leakage control	HALLMARK_PROTEIN_SECRETION	60	0.0	2026
HWANG_GSE202051_NAIVE	leakage control	HALLMARK_PROTEIN_SECRETION	61	0.0	2026
HWANG_GSE202051_NAIVE	leakage control	HALLMARK_PROTEIN_SECRETION	62	0.0	2026
HWANG_GSE202051_NAIVE	leakage control	HALLMARK_PROTEIN_SECRETION	63	0.012658227848101266	2026
HWANG_GSE202051_NAIVE	leakage control	HALLMARK_PROTEIN_SECRETION	64	0.012658227848101266	2026
HWANG_GSE202051_NAIVE	leakage control	HALLMARK_PROTEIN_SECRETION	65	0.0	2026
HWANG_GSE202051_NAIVE	leakage control	HALLMARK_PROTEIN_SECRETION	66	0.0	2026
HWANG_GSE202051_NAIVE	leakage control	HALLMARK_PROTEIN_SECRETION	67	0.0	2026
HWANG_GSE202051_NAIVE	leakage control	HALLMARK_PROTEIN_SECRETION	68	0.0	2026
HWANG_GSE202051_NAIVE	leakage control	HALLMARK_PROTEIN_SECRETION	69	0.0	2026
HWANG_GSE202051_NAIVE	leakage control	HALLMARK_PROTEIN_SECRETION	70	0.0	2026
HWANG_GSE202051_NAIVE	leakage control	HALLMARK_PROTEIN_SECRETION	71	0.0	2026
HWANG_GSE202051_NAIVE	leakage control	HALLMARK_PROTEIN_SECRETION	72	0.0	2026
HWANG_GSE202051_NAIVE	leakage control	HALLMARK_PROTEIN_SECRETION	73	0.0	2026
HWANG_GSE202051_NAIVE	leakage control	HALLMARK_PROTEIN_SECRETION	74	0.0	2026
HWANG_GSE202051_NAIVE	leakage control	HALLMARK_PROTEIN_SECRETION	75	0.012658227848101266	2026
HWANG_GSE202051_NAIVE	leakage control	HALLMARK_PROTEIN_SECRETION	76	0.0	2026
HWANG_GSE202051_NAIVE	leakage control	HALLMARK_PROTEIN_SECRETION	77	0.0	2026
HWANG_GSE202051_NAIVE	leakage control	HALLMARK_PROTEIN_SECRETION	78	0.0	2026
HWANG_GSE202051_NAIVE	leakage control	HALLMARK_PROTEIN_SECRETION	79	0.0	2026
HWANG_GSE202051_NAIVE	leakage control	HALLMARK_PROTEIN_SECRETION	80	0.0	2026
HWANG_GSE202051_NAIVE	leakage control	HALLMARK_PROTEIN_SECRETION	81	0.012658227848101266	2026
HWANG_GSE202051_NAIVE	leakage control	HALLMARK_PROTEIN_SECRETION	82	0.0	2026
HWANG_GSE202051_NAIVE	leakage control	HALLMARK_PROTEIN_SECRETION	83	0.0	2026
HWANG_GSE202051_NAIVE	leakage control	HALLMARK_PROTEIN_SECRETION	84	0.0	2026
HWANG_GSE202051_NAIVE	leakage control	HALLMARK_PROTEIN_SECRETION	85	0.0	2026
HWANG_GSE202051_NAIVE	leakage control	HALLMARK_PROTEIN_SECRETION	86	0.012658227848101266	2026
HWANG_GSE202051_NAIVE	leakage control	HALLMARK_PROTEIN_SECRETION	87	0.0	2026
HWANG_GSE202051_NAIVE	leakage control	HALLMARK_PROTEIN_SECRETION	88	0.0	2026
HWANG_GSE202051_NAIVE	leakage control	HALLMARK_PROTEIN_SECRETION	89	0.0	2026
HWANG_GSE202051_NAIVE	leakage control	HALLMARK_PROTEIN_SECRETION	90	0.0	2026
HWANG_GSE202051_NAIVE	leakage control	HALLMARK_PROTEIN_SECRETION	91	0.0	2026
HWANG_GSE202051_NAIVE	leakage control	HALLMARK_PROTEIN_SECRETION	92	0.0	2026
HWANG_GSE202051_NAIVE	leakage control	HALLMARK_PROTEIN_SECRETION	93	0.0	2026
HWANG_GSE202051_NAIVE	leakage control	HALLMARK_PROTEIN_SECRETION	94	0.0	2026
HWANG_GSE202051_NAIVE	leakage control	HALLMARK_PROTEIN_SECRETION	95	0.0	2026
HWANG_GSE202051_NAIVE	leakage control	HALLMARK_PROTEIN_SECRETION	96	0.0	2026
HWANG_GSE202051_NAIVE	leakage control	HALLMARK_PROTEIN_SECRETION	97	0.0	2026
HWANG_GSE202051_NAIVE	leakage control	HALLMARK_PROTEIN_SECRETION	98	0.0	2026
HWANG_GSE202051_NAIVE	leakage control	HALLMARK_PROTEIN_SECRETION	99	0.0	2026
HWANG_GSE202051_NAIVE	leakage control	HALLMARK_PROTEIN_SECRETION	100	0.0	2026
HWANG_GSE202051_TREATED	coordinate permutation	HALLMARK_PROTEIN_SECRETION	1	-0.005768428980330154	2026
HWANG_GSE202051_TREATED	coordinate permutation	HALLMARK_PROTEIN_SECRETION	2	-0.008511717002485871	2026
HWANG_GSE202051_TREATED	coordinate permutation	HALLMARK_PROTEIN_SECRETION	3	-0.012887320319284535	2026
HWANG_GSE202051_TREATED	coordinate permutation	HALLMARK_PROTEIN_SECRETION	4	-0.01976676456256676	2026
HWANG_GSE202051_TREATED	coordinate permutation	HALLMARK_PROTEIN_SECRETION	5	-0.018880710488746726	2026
HWANG_GSE202051_TREATED	coordinate permutation	HALLMARK_PROTEIN_SECRETION	6	-0.01694592588553119	2026
HWANG_GSE202051_TREATED	coordinate permutation	HALLMARK_PROTEIN_SECRETION	7	-0.009857106086444132	2026
HWANG_GSE202051_TREATED	coordinate permutation	HALLMARK_PROTEIN_SECRETION	8	-0.004161576844524509	2026
HWANG_GSE202051_TREATED	coordinate permutation	HALLMARK_PROTEIN_SECRETION	9	-0.012989813377088903	2026
HWANG_GSE202051_TREATED	coordinate permutation	HALLMARK_PROTEIN_SECRETION	10	-0.017052525374610272	2026
HWANG_GSE202051_TREATED	coordinate permutation	HALLMARK_PROTEIN_SECRETION	11	-0.018775284204429293	2026
HWANG_GSE202051_TREATED	coordinate permutation	HALLMARK_PROTEIN_SECRETION	12	-0.008658139993691584	2026
HWANG_GSE202051_TREATED	coordinate permutation	HALLMARK_PROTEIN_SECRETION	13	-0.023129736391164276	2026
HWANG_GSE202051_TREATED	coordinate permutation	HALLMARK_PROTEIN_SECRETION	14	-0.01141950533520593	2026
HWANG_GSE202051_TREATED	coordinate permutation	HALLMARK_PROTEIN_SECRETION	15	-0.012811211108972936	2026
HWANG_GSE202051_TREATED	coordinate permutation	HALLMARK_PROTEIN_SECRETION	16	-0.016957637688653167	2026
HWANG_GSE202051_TREATED	coordinate permutation	HALLMARK_PROTEIN_SECRETION	17	-0.0077946507907224495	2026
HWANG_GSE202051_TREATED	coordinate permutation	HALLMARK_PROTEIN_SECRETION	18	-0.013764549115663627	2026
HWANG_GSE202051_TREATED	coordinate permutation	HALLMARK_PROTEIN_SECRETION	19	-0.015558080365579105	2026
HWANG_GSE202051_TREATED	coordinate permutation	HALLMARK_PROTEIN_SECRETION	20	-0.021599650038816358	2026
HWANG_GSE202051_TREATED	coordinate permutation	HALLMARK_PROTEIN_SECRETION	21	-0.0014175217917523689	2026
HWANG_GSE202051_TREATED	coordinate permutation	HALLMARK_PROTEIN_SECRETION	22	-0.020261689656110256	2026
HWANG_GSE202051_TREATED	coordinate permutation	HALLMARK_PROTEIN_SECRETION	23	-0.01813622140705872	2026
HWANG_GSE202051_TREATED	coordinate permutation	HALLMARK_PROTEIN_SECRETION	24	-0.014539662790822997	2026
HWANG_GSE202051_TREATED	coordinate permutation	HALLMARK_PROTEIN_SECRETION	25	-0.01102049543208777	2026
HWANG_GSE202051_TREATED	coordinate permutation	HALLMARK_PROTEIN_SECRETION	26	0.00027172932237849923	2026
HWANG_GSE202051_TREATED	coordinate permutation	HALLMARK_PROTEIN_SECRETION	27	-0.011348375641810139	2026
HWANG_GSE202051_TREATED	coordinate permutation	HALLMARK_PROTEIN_SECRETION	28	-0.012043785904967248	2026
HWANG_GSE202051_TREATED	coordinate permutation	HALLMARK_PROTEIN_SECRETION	29	-0.017026345252274006	2026
HWANG_GSE202051_TREATED	coordinate permutation	HALLMARK_PROTEIN_SECRETION	30	-0.014316537225858366	2026
HWANG_GSE202051_TREATED	coordinate permutation	HALLMARK_PROTEIN_SECRETION	31	-0.009082730981126252	2026
HWANG_GSE202051_TREATED	coordinate permutation	HALLMARK_PROTEIN_SECRETION	32	-0.009792113737231455	2026
HWANG_GSE202051_TREATED	coordinate permutation	HALLMARK_PROTEIN_SECRETION	33	-0.01777265020080663	2026
HWANG_GSE202051_TREATED	coordinate permutation	HALLMARK_PROTEIN_SECRETION	34	-0.017206995465797573	2026
HWANG_GSE202051_TREATED	coordinate permutation	HALLMARK_PROTEIN_SECRETION	35	-0.010351377896823244	2026
HWANG_GSE202051_TREATED	coordinate permutation	HALLMARK_PROTEIN_SECRETION	36	-0.02081986482255126	2026
HWANG_GSE202051_TREATED	coordinate permutation	HALLMARK_PROTEIN_SECRETION	37	-0.013426405380733128	2026
HWANG_GSE202051_TREATED	coordinate permutation	HALLMARK_PROTEIN_SECRETION	38	-0.019201896610552605	2026
HWANG_GSE202051_TREATED	coordinate permutation	HALLMARK_PROTEIN_SECRETION	39	-0.01356386765502679	2026
HWANG_GSE202051_TREATED	coordinate permutation	HALLMARK_PROTEIN_SECRETION	40	-0.025071833142224425	2026
HWANG_GSE202051_TREATED	coordinate permutation	HALLMARK_PROTEIN_SECRETION	41	-0.021181665866198674	2026
HWANG_GSE202051_TREATED	coordinate permutation	HALLMARK_PROTEIN_SECRETION	42	-0.021174873203718175	2026
HWANG_GSE202051_TREATED	coordinate permutation	HALLMARK_PROTEIN_SECRETION	43	-0.019517486993721543	2026
HWANG_GSE202051_TREATED	coordinate permutation	HALLMARK_PROTEIN_SECRETION	44	-0.007145368341002138	2026
HWANG_GSE202051_TREATED	coordinate permutation	HALLMARK_PROTEIN_SECRETION	45	-0.02254671485697071	2026
HWANG_GSE202051_TREATED	coordinate permutation	HALLMARK_PROTEIN_SECRETION	46	-0.013264035810634761	2026
HWANG_GSE202051_TREATED	coordinate permutation	HALLMARK_PROTEIN_SECRETION	47	-0.01260836621698836	2026
HWANG_GSE202051_TREATED	coordinate permutation	HALLMARK_PROTEIN_SECRETION	48	-0.010630372971393501	2026
HWANG_GSE202051_TREATED	coordinate permutation	HALLMARK_PROTEIN_SECRETION	49	-0.010506829755401138	2026
HWANG_GSE202051_TREATED	coordinate permutation	HALLMARK_PROTEIN_SECRETION	50	-0.009278235042526577	2026
HWANG_GSE202051_TREATED	coordinate permutation	HALLMARK_PROTEIN_SECRETION	51	-0.009024989971267001	2026
HWANG_GSE202051_TREATED	coordinate permutation	HALLMARK_PROTEIN_SECRETION	52	-0.018780590242453578	2026
HWANG_GSE202051_TREATED	coordinate permutation	HALLMARK_PROTEIN_SECRETION	53	-0.010210903632069512	2026
HWANG_GSE202051_TREATED	coordinate permutation	HALLMARK_PROTEIN_SECRETION	54	-0.013696548423548636	2026
HWANG_GSE202051_TREATED	coordinate permutation	HALLMARK_PROTEIN_SECRETION	55	-0.01867335189346756	2026
HWANG_GSE202051_TREATED	coordinate permutation	HALLMARK_PROTEIN_SECRETION	56	-0.02439350017352324	2026
HWANG_GSE202051_TREATED	coordinate permutation	HALLMARK_PROTEIN_SECRETION	57	-0.015132680965181649	2026
HWANG_GSE202051_TREATED	coordinate permutation	HALLMARK_PROTEIN_SECRETION	58	-0.01672950957324386	2026
HWANG_GSE202051_TREATED	coordinate permutation	HALLMARK_PROTEIN_SECRETION	59	-0.01592582999091793	2026
HWANG_GSE202051_TREATED	coordinate permutation	HALLMARK_PROTEIN_SECRETION	60	-0.01679161511465681	2026
HWANG_GSE202051_TREATED	coordinate permutation	HALLMARK_PROTEIN_SECRETION	61	-0.01407448152754183	2026
HWANG_GSE202051_TREATED	coordinate permutation	HALLMARK_PROTEIN_SECRETION	62	-0.01815927361161485	2026
HWANG_GSE202051_TREATED	coordinate permutation	HALLMARK_PROTEIN_SECRETION	63	-0.023235512148583562	2026
HWANG_GSE202051_TREATED	coordinate permutation	HALLMARK_PROTEIN_SECRETION	64	-0.02262340800108794	2026
HWANG_GSE202051_TREATED	coordinate permutation	HALLMARK_PROTEIN_SECRETION	65	-0.00811028609239707	2026
HWANG_GSE202051_TREATED	coordinate permutation	HALLMARK_PROTEIN_SECRETION	66	-0.011656023090154701	2026
HWANG_GSE202051_TREATED	coordinate permutation	HALLMARK_PROTEIN_SECRETION	67	-0.01647365595171207	2026
HWANG_GSE202051_TREATED	coordinate permutation	HALLMARK_PROTEIN_SECRETION	68	-0.010912194179665947	2026
HWANG_GSE202051_TREATED	coordinate permutation	HALLMARK_PROTEIN_SECRETION	69	-0.018246713725568856	2026
HWANG_GSE202051_TREATED	coordinate permutation	HALLMARK_PROTEIN_SECRETION	70	-0.018292127274400178	2026
HWANG_GSE202051_TREATED	coordinate permutation	HALLMARK_PROTEIN_SECRETION	71	-0.009957923139863448	2026
HWANG_GSE202051_TREATED	coordinate permutation	HALLMARK_PROTEIN_SECRETION	72	-0.014015190816560486	2026
HWANG_GSE202051_TREATED	coordinate permutation	HALLMARK_PROTEIN_SECRETION	73	-0.01959316355638743	2026
HWANG_GSE202051_TREATED	coordinate permutation	HALLMARK_PROTEIN_SECRETION	74	-0.003735763007408343	2026
HWANG_GSE202051_TREATED	coordinate permutation	HALLMARK_PROTEIN_SECRETION	75	-0.013106270400058403	2026
HWANG_GSE202051_TREATED	coordinate permutation	HALLMARK_PROTEIN_SECRETION	76	-0.023542717627985692	2026
HWANG_GSE202051_TREATED	coordinate permutation	HALLMARK_PROTEIN_SECRETION	77	-0.02344424149430081	2026
HWANG_GSE202051_TREATED	coordinate permutation	HALLMARK_PROTEIN_SECRETION	78	-0.012063720754313409	2026
HWANG_GSE202051_TREATED	coordinate permutation	HALLMARK_PROTEIN_SECRETION	79	-0.02000483283105771	2026
HWANG_GSE202051_TREATED	coordinate permutation	HALLMARK_PROTEIN_SECRETION	80	-0.015216771755970337	2026
HWANG_GSE202051_TREATED	coordinate permutation	HALLMARK_PROTEIN_SECRETION	81	-0.012618364930954152	2026
HWANG_GSE202051_TREATED	coordinate permutation	HALLMARK_PROTEIN_SECRETION	82	-0.023264923296408647	2026
HWANG_GSE202051_TREATED	coordinate permutation	HALLMARK_PROTEIN_SECRETION	83	-0.021407327424912994	2026
HWANG_GSE202051_TREATED	coordinate permutation	HALLMARK_PROTEIN_SECRETION	84	-0.007265312508307121	2026
HWANG_GSE202051_TREATED	coordinate permutation	HALLMARK_PROTEIN_SECRETION	85	-0.013744002608273399	2026
HWANG_GSE202051_TREATED	coordinate permutation	HALLMARK_PROTEIN_SECRETION	86	-0.012473532421573733	2026
HWANG_GSE202051_TREATED	coordinate permutation	HALLMARK_PROTEIN_SECRETION	87	-0.016169103670821333	2026
HWANG_GSE202051_TREATED	coordinate permutation	HALLMARK_PROTEIN_SECRETION	88	-0.012332272073352996	2026
HWANG_GSE202051_TREATED	coordinate permutation	HALLMARK_PROTEIN_SECRETION	89	-0.011379973248639366	2026
HWANG_GSE202051_TREATED	coordinate permutation	HALLMARK_PROTEIN_SECRETION	90	-0.022710177006539926	2026
HWANG_GSE202051_TREATED	coordinate permutation	HALLMARK_PROTEIN_SECRETION	91	-0.013415893210161615	2026
HWANG_GSE202051_TREATED	coordinate permutation	HALLMARK_PROTEIN_SECRETION	92	-0.0028896268204606046	2026
HWANG_GSE202051_TREATED	coordinate permutation	HALLMARK_PROTEIN_SECRETION	93	-0.015152149470670288	2026
HWANG_GSE202051_TREATED	coordinate permutation	HALLMARK_PROTEIN_SECRETION	94	-0.015414867794528171	2026
HWANG_GSE202051_TREATED	coordinate permutation	HALLMARK_PROTEIN_SECRETION	95	-0.01691174699807345	2026
HWANG_GSE202051_TREATED	coordinate permutation	HALLMARK_PROTEIN_SECRETION	96	-0.018958485794869303	2026
HWANG_GSE202051_TREATED	coordinate permutation	HALLMARK_PROTEIN_SECRETION	97	-0.017783467824078383	2026
HWANG_GSE202051_TREATED	coordinate permutation	HALLMARK_PROTEIN_SECRETION	98	-0.010437564076900406	2026
HWANG_GSE202051_TREATED	coordinate permutation	HALLMARK_PROTEIN_SECRETION	99	-0.008587187953125146	2026
HWANG_GSE202051_TREATED	coordinate permutation	HALLMARK_PROTEIN_SECRETION	100	-0.017488846313324105	2026
HWANG_GSE202051_TREATED	coordinate permutation	HALLMARK_PROTEIN_SECRETION	101	-0.023958780039232106	2026
HWANG_GSE202051_TREATED	coordinate permutation	HALLMARK_PROTEIN_SECRETION	102	-0.02123486749246308	2026
HWANG_GSE202051_TREATED	coordinate permutation	HALLMARK_PROTEIN_SECRETION	103	-0.011451629303768954	2026
HWANG_GSE202051_TREATED	coordinate permutation	HALLMARK_PROTEIN_SECRETION	104	-0.013722038074622252	2026
HWANG_GSE202051_TREATED	coordinate permutation	HALLMARK_PROTEIN_SECRETION	105	-0.014056636176430621	2026
HWANG_GSE202051_TREATED	coordinate permutation	HALLMARK_PROTEIN_SECRETION	106	-0.008702242928778104	2026
HWANG_GSE202051_TREATED	coordinate permutation	HALLMARK_PROTEIN_SECRETION	107	-0.017047973026914656	2026
HWANG_GSE202051_TREATED	coordinate permutation	HALLMARK_PROTEIN_SECRETION	108	-0.017515605872412576	2026
HWANG_GSE202051_TREATED	coordinate permutation	HALLMARK_PROTEIN_SECRETION	109	-0.020825971323218093	2026
HWANG_GSE202051_TREATED	coordinate permutation	HALLMARK_PROTEIN_SECRETION	110	-0.01823713230496288	2026
HWANG_GSE202051_TREATED	coordinate permutation	HALLMARK_PROTEIN_SECRETION	111	-0.015733533525270616	2026
HWANG_GSE202051_TREATED	coordinate permutation	HALLMARK_PROTEIN_SECRETION	112	-0.014853746342703637	2026
HWANG_GSE202051_TREATED	coordinate permutation	HALLMARK_PROTEIN_SECRETION	113	-0.016670344691876757	2026
HWANG_GSE202051_TREATED	coordinate permutation	HALLMARK_PROTEIN_SECRETION	114	-0.016652354140280465	2026
HWANG_GSE202051_TREATED	coordinate permutation	HALLMARK_PROTEIN_SECRETION	115	-0.008596480821190645	2026
HWANG_GSE202051_TREATED	coordinate permutation	HALLMARK_PROTEIN_SECRETION	116	-0.01503446036355503	2026
HWANG_GSE202051_TREATED	coordinate permutation	HALLMARK_PROTEIN_SECRETION	117	-0.012086508538786227	2026
HWANG_GSE202051_TREATED	coordinate permutation	HALLMARK_PROTEIN_SECRETION	118	-0.011850035980865639	2026
HWANG_GSE202051_TREATED	coordinate permutation	HALLMARK_PROTEIN_SECRETION	119	-0.009867150387959612	2026
HWANG_GSE202051_TREATED	coordinate permutation	HALLMARK_PROTEIN_SECRETION	120	-0.014419223984619808	2026
HWANG_GSE202051_TREATED	coordinate permutation	HALLMARK_PROTEIN_SECRETION	121	-0.018235081579093364	2026
HWANG_GSE202051_TREATED	coordinate permutation	HALLMARK_PROTEIN_SECRETION	122	-0.02261662190089525	2026
HWANG_GSE202051_TREATED	coordinate permutation	HALLMARK_PROTEIN_SECRETION	123	-0.023321572614214726	2026
HWANG_GSE202051_TREATED	coordinate permutation	HALLMARK_PROTEIN_SECRETION	124	-0.016570161203089472	2026
HWANG_GSE202051_TREATED	coordinate permutation	HALLMARK_PROTEIN_SECRETION	125	-0.011214693692973388	2026
HWANG_GSE202051_TREATED	coordinate permutation	HALLMARK_PROTEIN_SECRETION	126	-0.028269111580851224	2026
HWANG_GSE202051_TREATED	coordinate permutation	HALLMARK_PROTEIN_SECRETION	127	-0.00803896259756331	2026
HWANG_GSE202051_TREATED	coordinate permutation	HALLMARK_PROTEIN_SECRETION	128	-0.015373152000787267	2026
HWANG_GSE202051_TREATED	coordinate permutation	HALLMARK_PROTEIN_SECRETION	129	-0.015429306135934887	2026
HWANG_GSE202051_TREATED	coordinate permutation	HALLMARK_PROTEIN_SECRETION	130	-0.007578228919872261	2026
HWANG_GSE202051_TREATED	coordinate permutation	HALLMARK_PROTEIN_SECRETION	131	-0.015332883176887746	2026
HWANG_GSE202051_TREATED	coordinate permutation	HALLMARK_PROTEIN_SECRETION	132	-0.012657011810771009	2026
HWANG_GSE202051_TREATED	coordinate permutation	HALLMARK_PROTEIN_SECRETION	133	-0.018712590109904333	2026
HWANG_GSE202051_TREATED	coordinate permutation	HALLMARK_PROTEIN_SECRETION	134	-0.013658568453690201	2026
HWANG_GSE202051_TREATED	coordinate permutation	HALLMARK_PROTEIN_SECRETION	135	-0.015434275081419053	2026
HWANG_GSE202051_TREATED	coordinate permutation	HALLMARK_PROTEIN_SECRETION	136	-0.011449284489497676	2026
HWANG_GSE202051_TREATED	coordinate permutation	HALLMARK_PROTEIN_SECRETION	137	-0.008056814160253403	2026
HWANG_GSE202051_TREATED	coordinate permutation	HALLMARK_PROTEIN_SECRETION	138	-0.009631324952706178	2026
HWANG_GSE202051_TREATED	coordinate permutation	HALLMARK_PROTEIN_SECRETION	139	-0.01402805957273914	2026
HWANG_GSE202051_TREATED	coordinate permutation	HALLMARK_PROTEIN_SECRETION	140	-0.005663552690020074	2026
HWANG_GSE202051_TREATED	coordinate permutation	HALLMARK_PROTEIN_SECRETION	141	-0.013477171683677777	2026
HWANG_GSE202051_TREATED	coordinate permutation	HALLMARK_PROTEIN_SECRETION	142	-0.0015976202085065817	2026
HWANG_GSE202051_TREATED	coordinate permutation	HALLMARK_PROTEIN_SECRETION	143	-0.020660941959853126	2026
HWANG_GSE202051_TREATED	coordinate permutation	HALLMARK_PROTEIN_SECRETION	144	-0.013438624398989083	2026
HWANG_GSE202051_TREATED	coordinate permutation	HALLMARK_PROTEIN_SECRETION	145	-0.01353244017358134	2026
HWANG_GSE202051_TREATED	coordinate permutation	HALLMARK_PROTEIN_SECRETION	146	-0.017057313676701238	2026
HWANG_GSE202051_TREATED	coordinate permutation	HALLMARK_PROTEIN_SECRETION	147	-0.014836835402707933	2026
HWANG_GSE202051_TREATED	coordinate permutation	HALLMARK_PROTEIN_SECRETION	148	-0.0157517794514891	2026
HWANG_GSE202051_TREATED	coordinate permutation	HALLMARK_PROTEIN_SECRETION	149	-0.012001963815972707	2026
HWANG_GSE202051_TREATED	coordinate permutation	HALLMARK_PROTEIN_SECRETION	150	-0.031105799675600575	2026
HWANG_GSE202051_TREATED	coordinate permutation	HALLMARK_PROTEIN_SECRETION	151	-0.01461392726749153	2026
HWANG_GSE202051_TREATED	coordinate permutation	HALLMARK_PROTEIN_SECRETION	152	-0.010887674427975683	2026
HWANG_GSE202051_TREATED	coordinate permutation	HALLMARK_PROTEIN_SECRETION	153	-0.007139138535500282	2026
HWANG_GSE202051_TREATED	coordinate permutation	HALLMARK_PROTEIN_SECRETION	154	-0.01724645185200588	2026
HWANG_GSE202051_TREATED	coordinate permutation	HALLMARK_PROTEIN_SECRETION	155	-0.011109967509937532	2026
HWANG_GSE202051_TREATED	coordinate permutation	HALLMARK_PROTEIN_SECRETION	156	-0.016247566834349855	2026
HWANG_GSE202051_TREATED	coordinate permutation	HALLMARK_PROTEIN_SECRETION	157	-0.012795603676287357	2026
HWANG_GSE202051_TREATED	coordinate permutation	HALLMARK_PROTEIN_SECRETION	158	-0.02188678189717176	2026
HWANG_GSE202051_TREATED	coordinate permutation	HALLMARK_PROTEIN_SECRETION	159	-0.015859840463556745	2026
HWANG_GSE202051_TREATED	coordinate permutation	HALLMARK_PROTEIN_SECRETION	160	-0.011179696150538328	2026
HWANG_GSE202051_TREATED	coordinate permutation	HALLMARK_PROTEIN_SECRETION	161	-0.014933254073338285	2026
HWANG_GSE202051_TREATED	coordinate permutation	HALLMARK_PROTEIN_SECRETION	162	-0.01914917676149324	2026
HWANG_GSE202051_TREATED	coordinate permutation	HALLMARK_PROTEIN_SECRETION	163	-0.01908431867841722	2026
HWANG_GSE202051_TREATED	coordinate permutation	HALLMARK_PROTEIN_SECRETION	164	-0.0005594221185119671	2026
HWANG_GSE202051_TREATED	coordinate permutation	HALLMARK_PROTEIN_SECRETION	165	-0.016409927548035705	2026
HWANG_GSE202051_TREATED	coordinate permutation	HALLMARK_PROTEIN_SECRETION	166	-0.015073192377645858	2026
HWANG_GSE202051_TREATED	coordinate permutation	HALLMARK_PROTEIN_SECRETION	167	-0.01453493705062796	2026
HWANG_GSE202051_TREATED	coordinate permutation	HALLMARK_PROTEIN_SECRETION	168	-0.016829006165822957	2026
HWANG_GSE202051_TREATED	coordinate permutation	HALLMARK_PROTEIN_SECRETION	169	-0.021544882922548483	2026
HWANG_GSE202051_TREATED	coordinate permutation	HALLMARK_PROTEIN_SECRETION	170	-0.01343476195219155	2026
HWANG_GSE202051_TREATED	coordinate permutation	HALLMARK_PROTEIN_SECRETION	171	-0.008265003451454709	2026
HWANG_GSE202051_TREATED	coordinate permutation	HALLMARK_PROTEIN_SECRETION	172	-0.004596538089578308	2026
HWANG_GSE202051_TREATED	coordinate permutation	HALLMARK_PROTEIN_SECRETION	173	-0.01286876651299758	2026
HWANG_GSE202051_TREATED	coordinate permutation	HALLMARK_PROTEIN_SECRETION	174	-0.007086757536867093	2026
HWANG_GSE202051_TREATED	coordinate permutation	HALLMARK_PROTEIN_SECRETION	175	-0.007351540242947505	2026
HWANG_GSE202051_TREATED	coordinate permutation	HALLMARK_PROTEIN_SECRETION	176	-0.011988242507372904	2026
HWANG_GSE202051_TREATED	coordinate permutation	HALLMARK_PROTEIN_SECRETION	177	-0.011390990407049818	2026
HWANG_GSE202051_TREATED	coordinate permutation	HALLMARK_PROTEIN_SECRETION	178	-0.010581425669798333	2026
HWANG_GSE202051_TREATED	coordinate permutation	HALLMARK_PROTEIN_SECRETION	179	-0.01266298984843026	2026
HWANG_GSE202051_TREATED	coordinate permutation	HALLMARK_PROTEIN_SECRETION	180	-0.009119054452160826	2026
HWANG_GSE202051_TREATED	coordinate permutation	HALLMARK_PROTEIN_SECRETION	181	-0.01949699582312318	2026
HWANG_GSE202051_TREATED	coordinate permutation	HALLMARK_PROTEIN_SECRETION	182	-0.015533897452407205	2026
HWANG_GSE202051_TREATED	coordinate permutation	HALLMARK_PROTEIN_SECRETION	183	-0.02157141819557679	2026
HWANG_GSE202051_TREATED	coordinate permutation	HALLMARK_PROTEIN_SECRETION	184	-0.01382014727454658	2026
HWANG_GSE202051_TREATED	coordinate permutation	HALLMARK_PROTEIN_SECRETION	185	-0.02414038513877449	2026
HWANG_GSE202051_TREATED	coordinate permutation	HALLMARK_PROTEIN_SECRETION	186	-0.020139102927190827	2026
HWANG_GSE202051_TREATED	coordinate permutation	HALLMARK_PROTEIN_SECRETION	187	-0.010110817646132236	2026
HWANG_GSE202051_TREATED	coordinate permutation	HALLMARK_PROTEIN_SECRETION	188	-0.01731971821685681	2026
HWANG_GSE202051_TREATED	coordinate permutation	HALLMARK_PROTEIN_SECRETION	189	-0.014060448375147892	2026
HWANG_GSE202051_TREATED	coordinate permutation	HALLMARK_PROTEIN_SECRETION	190	-0.016397943351988947	2026
HWANG_GSE202051_TREATED	coordinate permutation	HALLMARK_PROTEIN_SECRETION	191	-0.015069460135635983	2026
HWANG_GSE202051_TREATED	coordinate permutation	HALLMARK_PROTEIN_SECRETION	192	-0.01634834508258664	2026
HWANG_GSE202051_TREATED	coordinate permutation	HALLMARK_PROTEIN_SECRETION	193	-0.01978727283514271	2026
HWANG_GSE202051_TREATED	coordinate permutation	HALLMARK_PROTEIN_SECRETION	194	-0.012729577450690168	2026
HWANG_GSE202051_TREATED	coordinate permutation	HALLMARK_PROTEIN_SECRETION	195	-0.003856090188697161	2026
HWANG_GSE202051_TREATED	coordinate permutation	HALLMARK_PROTEIN_SECRETION	196	-0.01702756348339877	2026
HWANG_GSE202051_TREATED	coordinate permutation	HALLMARK_PROTEIN_SECRETION	197	-0.01741508396612357	2026
HWANG_GSE202051_TREATED	coordinate permutation	HALLMARK_PROTEIN_SECRETION	198	-0.019884862809612724	2026
HWANG_GSE202051_TREATED	coordinate permutation	HALLMARK_PROTEIN_SECRETION	199	-0.00841656745180906	2026
HWANG_GSE202051_TREATED	coordinate permutation	HALLMARK_PROTEIN_SECRETION	200	-0.015241251245269738	2026
HWANG_GSE202051_TREATED	coordinate permutation	HALLMARK_PROTEIN_SECRETION	201	-0.013712750257584148	2026
HWANG_GSE202051_TREATED	coordinate permutation	HALLMARK_PROTEIN_SECRETION	202	-0.007573264807386498	2026
HWANG_GSE202051_TREATED	coordinate permutation	HALLMARK_PROTEIN_SECRETION	203	-0.014312927626133521	2026
HWANG_GSE202051_TREATED	coordinate permutation	HALLMARK_PROTEIN_SECRETION	204	-0.015575517797996277	2026
HWANG_GSE202051_TREATED	coordinate permutation	HALLMARK_PROTEIN_SECRETION	205	-0.014817338415182329	2026
HWANG_GSE202051_TREATED	coordinate permutation	HALLMARK_PROTEIN_SECRETION	206	-0.014446885361624747	2026
HWANG_GSE202051_TREATED	coordinate permutation	HALLMARK_PROTEIN_SECRETION	207	-0.01601803586966703	2026
HWANG_GSE202051_TREATED	coordinate permutation	HALLMARK_PROTEIN_SECRETION	208	-0.014318006151255976	2026
HWANG_GSE202051_TREATED	coordinate permutation	HALLMARK_PROTEIN_SECRETION	209	-0.010399473791631359	2026
HWANG_GSE202051_TREATED	coordinate permutation	HALLMARK_PROTEIN_SECRETION	210	-0.016872401267496492	2026
HWANG_GSE202051_TREATED	coordinate permutation	HALLMARK_PROTEIN_SECRETION	211	-0.016408274004980836	2026
HWANG_GSE202051_TREATED	coordinate permutation	HALLMARK_PROTEIN_SECRETION	212	-0.009749218578299308	2026
HWANG_GSE202051_TREATED	coordinate permutation	HALLMARK_PROTEIN_SECRETION	213	-0.011207792330273665	2026
HWANG_GSE202051_TREATED	coordinate permutation	HALLMARK_PROTEIN_SECRETION	214	-0.01851570036673302	2026
HWANG_GSE202051_TREATED	coordinate permutation	HALLMARK_PROTEIN_SECRETION	215	-0.008900516117404111	2026
HWANG_GSE202051_TREATED	coordinate permutation	HALLMARK_PROTEIN_SECRETION	216	-0.0197982422740638	2026
HWANG_GSE202051_TREATED	coordinate permutation	HALLMARK_PROTEIN_SECRETION	217	-0.016313350119356973	2026
HWANG_GSE202051_TREATED	coordinate permutation	HALLMARK_PROTEIN_SECRETION	218	-0.025984123130449958	2026
HWANG_GSE202051_TREATED	coordinate permutation	HALLMARK_PROTEIN_SECRETION	219	-0.014572832196907703	2026
HWANG_GSE202051_TREATED	coordinate permutation	HALLMARK_PROTEIN_SECRETION	220	-0.010949642899299799	2026
HWANG_GSE202051_TREATED	coordinate permutation	HALLMARK_PROTEIN_SECRETION	221	-0.020709742654553144	2026
HWANG_GSE202051_TREATED	coordinate permutation	HALLMARK_PROTEIN_SECRETION	222	-0.011961362090067063	2026
HWANG_GSE202051_TREATED	coordinate permutation	HALLMARK_PROTEIN_SECRETION	223	-0.01395430455144473	2026
HWANG_GSE202051_TREATED	coordinate permutation	HALLMARK_PROTEIN_SECRETION	224	-0.01673763648525989	2026
HWANG_GSE202051_TREATED	coordinate permutation	HALLMARK_PROTEIN_SECRETION	225	-0.0200099862457394	2026
HWANG_GSE202051_TREATED	coordinate permutation	HALLMARK_PROTEIN_SECRETION	226	-0.009616456775549714	2026
HWANG_GSE202051_TREATED	coordinate permutation	HALLMARK_PROTEIN_SECRETION	227	-0.0075105477212160454	2026
HWANG_GSE202051_TREATED	coordinate permutation	HALLMARK_PROTEIN_SECRETION	228	-0.017794448411460287	2026
HWANG_GSE202051_TREATED	coordinate permutation	HALLMARK_PROTEIN_SECRETION	229	-0.017775669658459992	2026
HWANG_GSE202051_TREATED	coordinate permutation	HALLMARK_PROTEIN_SECRETION	230	-0.01335111929338379	2026
HWANG_GSE202051_TREATED	coordinate permutation	HALLMARK_PROTEIN_SECRETION	231	-0.015428347904131699	2026
HWANG_GSE202051_TREATED	coordinate permutation	HALLMARK_PROTEIN_SECRETION	232	-0.013538796038318724	2026
HWANG_GSE202051_TREATED	coordinate permutation	HALLMARK_PROTEIN_SECRETION	233	-0.009679840924973775	2026
HWANG_GSE202051_TREATED	coordinate permutation	HALLMARK_PROTEIN_SECRETION	234	-0.021200363593697983	2026
HWANG_GSE202051_TREATED	coordinate permutation	HALLMARK_PROTEIN_SECRETION	235	-0.007179724565170099	2026
HWANG_GSE202051_TREATED	coordinate permutation	HALLMARK_PROTEIN_SECRETION	236	-0.011523815701855908	2026
HWANG_GSE202051_TREATED	coordinate permutation	HALLMARK_PROTEIN_SECRETION	237	-0.015662763228970745	2026
HWANG_GSE202051_TREATED	coordinate permutation	HALLMARK_PROTEIN_SECRETION	238	-0.011402609370053688	2026
HWANG_GSE202051_TREATED	coordinate permutation	HALLMARK_PROTEIN_SECRETION	239	-0.012028229156966216	2026
HWANG_GSE202051_TREATED	coordinate permutation	HALLMARK_PROTEIN_SECRETION	240	-0.02517533510938233	2026
HWANG_GSE202051_TREATED	coordinate permutation	HALLMARK_PROTEIN_SECRETION	241	-0.011763467480567332	2026
HWANG_GSE202051_TREATED	coordinate permutation	HALLMARK_PROTEIN_SECRETION	242	-0.014128820128364963	2026
HWANG_GSE202051_TREATED	coordinate permutation	HALLMARK_PROTEIN_SECRETION	243	-0.017375067042004283	2026
HWANG_GSE202051_TREATED	coordinate permutation	HALLMARK_PROTEIN_SECRETION	244	-0.02016211212285506	2026
HWANG_GSE202051_TREATED	coordinate permutation	HALLMARK_PROTEIN_SECRETION	245	-0.016068512613559613	2026
HWANG_GSE202051_TREATED	coordinate permutation	HALLMARK_PROTEIN_SECRETION	246	-0.017162575396117104	2026
HWANG_GSE202051_TREATED	coordinate permutation	HALLMARK_PROTEIN_SECRETION	247	-0.006257047053724329	2026
HWANG_GSE202051_TREATED	coordinate permutation	HALLMARK_PROTEIN_SECRETION	248	-0.004759890568263591	2026
HWANG_GSE202051_TREATED	coordinate permutation	HALLMARK_PROTEIN_SECRETION	249	-0.019908410357809752	2026
HWANG_GSE202051_TREATED	coordinate permutation	HALLMARK_PROTEIN_SECRETION	250	-0.006574931207257723	2026
HWANG_GSE202051_TREATED	coordinate permutation	HALLMARK_PROTEIN_SECRETION	251	-0.018823922547574718	2026
HWANG_GSE202051_TREATED	coordinate permutation	HALLMARK_PROTEIN_SECRETION	252	-0.004345825277965176	2026
HWANG_GSE202051_TREATED	coordinate permutation	HALLMARK_PROTEIN_SECRETION	253	-0.012298325257638772	2026
HWANG_GSE202051_TREATED	coordinate permutation	HALLMARK_PROTEIN_SECRETION	254	-0.017028090919028425	2026
HWANG_GSE202051_TREATED	coordinate permutation	HALLMARK_PROTEIN_SECRETION	255	-0.01319068409882537	2026
HWANG_GSE202051_TREATED	coordinate permutation	HALLMARK_PROTEIN_SECRETION	256	-0.01299647937256677	2026
HWANG_GSE202051_TREATED	coordinate permutation	HALLMARK_PROTEIN_SECRETION	257	-0.013369446489527008	2026
HWANG_GSE202051_TREATED	coordinate permutation	HALLMARK_PROTEIN_SECRETION	258	-0.013533742406503502	2026
HWANG_GSE202051_TREATED	coordinate permutation	HALLMARK_PROTEIN_SECRETION	259	-0.021085008121586694	2026
HWANG_GSE202051_TREATED	coordinate permutation	HALLMARK_PROTEIN_SECRETION	260	-0.009791144804950278	2026
HWANG_GSE202051_TREATED	coordinate permutation	HALLMARK_PROTEIN_SECRETION	261	-0.012426932490871637	2026
HWANG_GSE202051_TREATED	coordinate permutation	HALLMARK_PROTEIN_SECRETION	262	-0.016877418192475162	2026
HWANG_GSE202051_TREATED	coordinate permutation	HALLMARK_PROTEIN_SECRETION	263	-0.014460679604610298	2026
HWANG_GSE202051_TREATED	coordinate permutation	HALLMARK_PROTEIN_SECRETION	264	-0.012930749761708863	2026
HWANG_GSE202051_TREATED	coordinate permutation	HALLMARK_PROTEIN_SECRETION	265	-0.008741351605120365	2026
HWANG_GSE202051_TREATED	coordinate permutation	HALLMARK_PROTEIN_SECRETION	266	-0.01915445743557332	2026
HWANG_GSE202051_TREATED	coordinate permutation	HALLMARK_PROTEIN_SECRETION	267	-0.01052129742016395	2026
HWANG_GSE202051_TREATED	coordinate permutation	HALLMARK_PROTEIN_SECRETION	268	-0.015744098891766038	2026
HWANG_GSE202051_TREATED	coordinate permutation	HALLMARK_PROTEIN_SECRETION	269	-0.015749654068931397	2026
HWANG_GSE202051_TREATED	coordinate permutation	HALLMARK_PROTEIN_SECRETION	270	-0.014514091719342238	2026
HWANG_GSE202051_TREATED	coordinate permutation	HALLMARK_PROTEIN_SECRETION	271	-0.013547086481101249	2026
HWANG_GSE202051_TREATED	coordinate permutation	HALLMARK_PROTEIN_SECRETION	272	-0.011190593237886456	2026
HWANG_GSE202051_TREATED	coordinate permutation	HALLMARK_PROTEIN_SECRETION	273	-0.027427836985605948	2026
HWANG_GSE202051_TREATED	coordinate permutation	HALLMARK_PROTEIN_SECRETION	274	-0.019496963755355114	2026
HWANG_GSE202051_TREATED	coordinate permutation	HALLMARK_PROTEIN_SECRETION	275	-0.011518190974296015	2026
HWANG_GSE202051_TREATED	coordinate permutation	HALLMARK_PROTEIN_SECRETION	276	-0.02568060387223619	2026
HWANG_GSE202051_TREATED	coordinate permutation	HALLMARK_PROTEIN_SECRETION	277	-0.027180732643693337	2026
HWANG_GSE202051_TREATED	coordinate permutation	HALLMARK_PROTEIN_SECRETION	278	-0.016895585310710327	2026
HWANG_GSE202051_TREATED	coordinate permutation	HALLMARK_PROTEIN_SECRETION	279	-0.013898871943527118	2026
HWANG_GSE202051_TREATED	coordinate permutation	HALLMARK_PROTEIN_SECRETION	280	-0.014232520038330903	2026
HWANG_GSE202051_TREATED	coordinate permutation	HALLMARK_PROTEIN_SECRETION	281	-0.011476173204114634	2026
HWANG_GSE202051_TREATED	coordinate permutation	HALLMARK_PROTEIN_SECRETION	282	-0.01261540635151571	2026
HWANG_GSE202051_TREATED	coordinate permutation	HALLMARK_PROTEIN_SECRETION	283	-0.0127736375319255	2026
HWANG_GSE202051_TREATED	coordinate permutation	HALLMARK_PROTEIN_SECRETION	284	-0.011213531133377204	2026
HWANG_GSE202051_TREATED	coordinate permutation	HALLMARK_PROTEIN_SECRETION	285	-0.018939038669527498	2026
HWANG_GSE202051_TREATED	coordinate permutation	HALLMARK_PROTEIN_SECRETION	286	-0.005944094201840448	2026
HWANG_GSE202051_TREATED	coordinate permutation	HALLMARK_PROTEIN_SECRETION	287	-0.012025177493686822	2026
HWANG_GSE202051_TREATED	coordinate permutation	HALLMARK_PROTEIN_SECRETION	288	-0.004768555552614922	2026
HWANG_GSE202051_TREATED	coordinate permutation	HALLMARK_PROTEIN_SECRETION	289	-0.012017824807326072	2026
HWANG_GSE202051_TREATED	coordinate permutation	HALLMARK_PROTEIN_SECRETION	290	-0.010676675049581908	2026
HWANG_GSE202051_TREATED	coordinate permutation	HALLMARK_PROTEIN_SECRETION	291	-0.01458157585426288	2026
HWANG_GSE202051_TREATED	coordinate permutation	HALLMARK_PROTEIN_SECRETION	292	-0.009552888350998804	2026
HWANG_GSE202051_TREATED	coordinate permutation	HALLMARK_PROTEIN_SECRETION	293	-0.003339318648934542	2026
HWANG_GSE202051_TREATED	coordinate permutation	HALLMARK_PROTEIN_SECRETION	294	-0.008504803537607446	2026
HWANG_GSE202051_TREATED	coordinate permutation	HALLMARK_PROTEIN_SECRETION	295	-0.015993729806665743	2026
HWANG_GSE202051_TREATED	coordinate permutation	HALLMARK_PROTEIN_SECRETION	296	-0.016743850437776327	2026
HWANG_GSE202051_TREATED	coordinate permutation	HALLMARK_PROTEIN_SECRETION	297	-0.020588692162460044	2026
HWANG_GSE202051_TREATED	coordinate permutation	HALLMARK_PROTEIN_SECRETION	298	-0.02162985110132855	2026
HWANG_GSE202051_TREATED	coordinate permutation	HALLMARK_PROTEIN_SECRETION	299	-0.020912292102898706	2026
HWANG_GSE202051_TREATED	coordinate permutation	HALLMARK_PROTEIN_SECRETION	300	-0.01892715264169	2026
HWANG_GSE202051_TREATED	coordinate permutation	HALLMARK_PROTEIN_SECRETION	301	-0.009541917681311027	2026
HWANG_GSE202051_TREATED	coordinate permutation	HALLMARK_PROTEIN_SECRETION	302	-0.012194822334651084	2026
HWANG_GSE202051_TREATED	coordinate permutation	HALLMARK_PROTEIN_SECRETION	303	-0.013461988348968846	2026
HWANG_GSE202051_TREATED	coordinate permutation	HALLMARK_PROTEIN_SECRETION	304	-0.002494095132095542	2026
HWANG_GSE202051_TREATED	coordinate permutation	HALLMARK_PROTEIN_SECRETION	305	-0.0074990352332107565	2026
HWANG_GSE202051_TREATED	coordinate permutation	HALLMARK_PROTEIN_SECRETION	306	-0.014128454595650777	2026
HWANG_GSE202051_TREATED	coordinate permutation	HALLMARK_PROTEIN_SECRETION	307	-0.008613346888491335	2026
HWANG_GSE202051_TREATED	coordinate permutation	HALLMARK_PROTEIN_SECRETION	308	-0.013186942064689563	2026
HWANG_GSE202051_TREATED	coordinate permutation	HALLMARK_PROTEIN_SECRETION	309	-0.026987590327614365	2026
HWANG_GSE202051_TREATED	coordinate permutation	HALLMARK_PROTEIN_SECRETION	310	-0.008368217983369052	2026
HWANG_GSE202051_TREATED	coordinate permutation	HALLMARK_PROTEIN_SECRETION	311	-0.013684635221952731	2026
HWANG_GSE202051_TREATED	coordinate permutation	HALLMARK_PROTEIN_SECRETION	312	-0.02443019528745778	2026
HWANG_GSE202051_TREATED	coordinate permutation	HALLMARK_PROTEIN_SECRETION	313	-0.006556403455200212	2026
HWANG_GSE202051_TREATED	coordinate permutation	HALLMARK_PROTEIN_SECRETION	314	-0.021753609968190302	2026
HWANG_GSE202051_TREATED	coordinate permutation	HALLMARK_PROTEIN_SECRETION	315	-0.006145387775363695	2026
HWANG_GSE202051_TREATED	coordinate permutation	HALLMARK_PROTEIN_SECRETION	316	-0.020936361166892067	2026
HWANG_GSE202051_TREATED	coordinate permutation	HALLMARK_PROTEIN_SECRETION	317	-0.013667940116143492	2026
HWANG_GSE202051_TREATED	coordinate permutation	HALLMARK_PROTEIN_SECRETION	318	-0.017658724101607008	2026
HWANG_GSE202051_TREATED	coordinate permutation	HALLMARK_PROTEIN_SECRETION	319	-0.014787707830843697	2026
HWANG_GSE202051_TREATED	coordinate permutation	HALLMARK_PROTEIN_SECRETION	320	-0.024920098792184972	2026
HWANG_GSE202051_TREATED	coordinate permutation	HALLMARK_PROTEIN_SECRETION	321	-0.01881139998505735	2026
HWANG_GSE202051_TREATED	coordinate permutation	HALLMARK_PROTEIN_SECRETION	322	-0.0034876016547650706	2026
HWANG_GSE202051_TREATED	coordinate permutation	HALLMARK_PROTEIN_SECRETION	323	-0.009687815460843437	2026
HWANG_GSE202051_TREATED	coordinate permutation	HALLMARK_PROTEIN_SECRETION	324	-0.01610378728978816	2026
HWANG_GSE202051_TREATED	coordinate permutation	HALLMARK_PROTEIN_SECRETION	325	-0.014006951460288668	2026
HWANG_GSE202051_TREATED	coordinate permutation	HALLMARK_PROTEIN_SECRETION	326	-0.009753850526716163	2026
HWANG_GSE202051_TREATED	coordinate permutation	HALLMARK_PROTEIN_SECRETION	327	-0.009549649670365905	2026
HWANG_GSE202051_TREATED	coordinate permutation	HALLMARK_PROTEIN_SECRETION	328	-0.021064775112686337	2026
HWANG_GSE202051_TREATED	coordinate permutation	HALLMARK_PROTEIN_SECRETION	329	-0.016352835899658465	2026
HWANG_GSE202051_TREATED	coordinate permutation	HALLMARK_PROTEIN_SECRETION	330	-0.018361847809716687	2026
HWANG_GSE202051_TREATED	coordinate permutation	HALLMARK_PROTEIN_SECRETION	331	-0.017819673269124123	2026
HWANG_GSE202051_TREATED	coordinate permutation	HALLMARK_PROTEIN_SECRETION	332	-0.018465188211531234	2026
HWANG_GSE202051_TREATED	coordinate permutation	HALLMARK_PROTEIN_SECRETION	333	-0.009830260616263608	2026
HWANG_GSE202051_TREATED	coordinate permutation	HALLMARK_PROTEIN_SECRETION	334	-0.006667183077585965	2026
HWANG_GSE202051_TREATED	coordinate permutation	HALLMARK_PROTEIN_SECRETION	335	-0.012100567924509312	2026
HWANG_GSE202051_TREATED	coordinate permutation	HALLMARK_PROTEIN_SECRETION	336	-0.013784939813768918	2026
HWANG_GSE202051_TREATED	coordinate permutation	HALLMARK_PROTEIN_SECRETION	337	-0.015107511501802838	2026
HWANG_GSE202051_TREATED	coordinate permutation	HALLMARK_PROTEIN_SECRETION	338	-0.0072086514180022	2026
HWANG_GSE202051_TREATED	coordinate permutation	HALLMARK_PROTEIN_SECRETION	339	-0.012043276712472505	2026
HWANG_GSE202051_TREATED	coordinate permutation	HALLMARK_PROTEIN_SECRETION	340	-0.00728767813384803	2026
HWANG_GSE202051_TREATED	coordinate permutation	HALLMARK_PROTEIN_SECRETION	341	-0.01572751578703764	2026
HWANG_GSE202051_TREATED	coordinate permutation	HALLMARK_PROTEIN_SECRETION	342	-0.019944946486624707	2026
HWANG_GSE202051_TREATED	coordinate permutation	HALLMARK_PROTEIN_SECRETION	343	-0.019527535807150307	2026
HWANG_GSE202051_TREATED	coordinate permutation	HALLMARK_PROTEIN_SECRETION	344	-0.008149334010689232	2026
HWANG_GSE202051_TREATED	coordinate permutation	HALLMARK_PROTEIN_SECRETION	345	-0.022067642777498005	2026
HWANG_GSE202051_TREATED	coordinate permutation	HALLMARK_PROTEIN_SECRETION	346	-0.0203915375310724	2026
HWANG_GSE202051_TREATED	coordinate permutation	HALLMARK_PROTEIN_SECRETION	347	-0.016382675603949463	2026
HWANG_GSE202051_TREATED	coordinate permutation	HALLMARK_PROTEIN_SECRETION	348	-0.014525926998451759	2026
HWANG_GSE202051_TREATED	coordinate permutation	HALLMARK_PROTEIN_SECRETION	349	-0.030488636336285204	2026
HWANG_GSE202051_TREATED	coordinate permutation	HALLMARK_PROTEIN_SECRETION	350	-0.011731181428062159	2026
HWANG_GSE202051_TREATED	coordinate permutation	HALLMARK_PROTEIN_SECRETION	351	-0.007034636241438788	2026
HWANG_GSE202051_TREATED	coordinate permutation	HALLMARK_PROTEIN_SECRETION	352	-0.006094122565840778	2026
HWANG_GSE202051_TREATED	coordinate permutation	HALLMARK_PROTEIN_SECRETION	353	-0.016866975288870472	2026
HWANG_GSE202051_TREATED	coordinate permutation	HALLMARK_PROTEIN_SECRETION	354	-0.012762648821911615	2026
HWANG_GSE202051_TREATED	coordinate permutation	HALLMARK_PROTEIN_SECRETION	355	-0.015617467243922057	2026
HWANG_GSE202051_TREATED	coordinate permutation	HALLMARK_PROTEIN_SECRETION	356	-0.01481255240685088	2026
HWANG_GSE202051_TREATED	coordinate permutation	HALLMARK_PROTEIN_SECRETION	357	-0.009823721619112274	2026
HWANG_GSE202051_TREATED	coordinate permutation	HALLMARK_PROTEIN_SECRETION	358	-0.016215535393898896	2026
HWANG_GSE202051_TREATED	coordinate permutation	HALLMARK_PROTEIN_SECRETION	359	-0.017397146314338	2026
HWANG_GSE202051_TREATED	coordinate permutation	HALLMARK_PROTEIN_SECRETION	360	-0.019235739380467298	2026
HWANG_GSE202051_TREATED	coordinate permutation	HALLMARK_PROTEIN_SECRETION	361	-0.01340707060764295	2026
HWANG_GSE202051_TREATED	coordinate permutation	HALLMARK_PROTEIN_SECRETION	362	-0.01911690592572703	2026
HWANG_GSE202051_TREATED	coordinate permutation	HALLMARK_PROTEIN_SECRETION	363	-0.019228588090144657	2026
HWANG_GSE202051_TREATED	coordinate permutation	HALLMARK_PROTEIN_SECRETION	364	-0.011433649645246676	2026
HWANG_GSE202051_TREATED	coordinate permutation	HALLMARK_PROTEIN_SECRETION	365	-0.00259491035048579	2026
HWANG_GSE202051_TREATED	coordinate permutation	HALLMARK_PROTEIN_SECRETION	366	-0.01380183269086392	2026
HWANG_GSE202051_TREATED	coordinate permutation	HALLMARK_PROTEIN_SECRETION	367	-0.01713079452495016	2026
HWANG_GSE202051_TREATED	coordinate permutation	HALLMARK_PROTEIN_SECRETION	368	-0.014230564949096629	2026
HWANG_GSE202051_TREATED	coordinate permutation	HALLMARK_PROTEIN_SECRETION	369	-0.017262576023103902	2026
HWANG_GSE202051_TREATED	coordinate permutation	HALLMARK_PROTEIN_SECRETION	370	-0.00652459947313766	2026
HWANG_GSE202051_TREATED	coordinate permutation	HALLMARK_PROTEIN_SECRETION	371	-0.01234839771458229	2026
HWANG_GSE202051_TREATED	coordinate permutation	HALLMARK_PROTEIN_SECRETION	372	-0.006082927308541573	2026
HWANG_GSE202051_TREATED	coordinate permutation	HALLMARK_PROTEIN_SECRETION	373	-0.013763702645963449	2026
HWANG_GSE202051_TREATED	coordinate permutation	HALLMARK_PROTEIN_SECRETION	374	-0.003745439920017311	2026
HWANG_GSE202051_TREATED	coordinate permutation	HALLMARK_PROTEIN_SECRETION	375	-0.013060558904797851	2026
HWANG_GSE202051_TREATED	coordinate permutation	HALLMARK_PROTEIN_SECRETION	376	-0.01796441529910674	2026
HWANG_GSE202051_TREATED	coordinate permutation	HALLMARK_PROTEIN_SECRETION	377	-0.014060088937927515	2026
HWANG_GSE202051_TREATED	coordinate permutation	HALLMARK_PROTEIN_SECRETION	378	-0.013851162155693725	2026
HWANG_GSE202051_TREATED	coordinate permutation	HALLMARK_PROTEIN_SECRETION	379	-0.02520871656340696	2026
HWANG_GSE202051_TREATED	coordinate permutation	HALLMARK_PROTEIN_SECRETION	380	-0.018563606184838693	2026
HWANG_GSE202051_TREATED	coordinate permutation	HALLMARK_PROTEIN_SECRETION	381	-0.010415303830510375	2026
HWANG_GSE202051_TREATED	coordinate permutation	HALLMARK_PROTEIN_SECRETION	382	-0.015064544145429327	2026
HWANG_GSE202051_TREATED	coordinate permutation	HALLMARK_PROTEIN_SECRETION	383	-0.004488616159031482	2026
HWANG_GSE202051_TREATED	coordinate permutation	HALLMARK_PROTEIN_SECRETION	384	-0.008459135832013725	2026
HWANG_GSE202051_TREATED	coordinate permutation	HALLMARK_PROTEIN_SECRETION	385	-0.012913311284614605	2026
HWANG_GSE202051_TREATED	coordinate permutation	HALLMARK_PROTEIN_SECRETION	386	-0.007529004216259129	2026
HWANG_GSE202051_TREATED	coordinate permutation	HALLMARK_PROTEIN_SECRETION	387	-0.01481106052540962	2026
HWANG_GSE202051_TREATED	coordinate permutation	HALLMARK_PROTEIN_SECRETION	388	-0.007750603570299092	2026
HWANG_GSE202051_TREATED	coordinate permutation	HALLMARK_PROTEIN_SECRETION	389	-0.019751692502335903	2026
HWANG_GSE202051_TREATED	coordinate permutation	HALLMARK_PROTEIN_SECRETION	390	-0.0099697329922446	2026
HWANG_GSE202051_TREATED	coordinate permutation	HALLMARK_PROTEIN_SECRETION	391	-0.015904841045438833	2026
HWANG_GSE202051_TREATED	coordinate permutation	HALLMARK_PROTEIN_SECRETION	392	-0.021776058024580585	2026
HWANG_GSE202051_TREATED	coordinate permutation	HALLMARK_PROTEIN_SECRETION	393	-0.0159573686284301	2026
HWANG_GSE202051_TREATED	coordinate permutation	HALLMARK_PROTEIN_SECRETION	394	-0.00881033107526432	2026
HWANG_GSE202051_TREATED	coordinate permutation	HALLMARK_PROTEIN_SECRETION	395	-0.01002053290622533	2026
HWANG_GSE202051_TREATED	coordinate permutation	HALLMARK_PROTEIN_SECRETION	396	-0.015156308331161703	2026
HWANG_GSE202051_TREATED	coordinate permutation	HALLMARK_PROTEIN_SECRETION	397	-0.008717151459061611	2026
HWANG_GSE202051_TREATED	coordinate permutation	HALLMARK_PROTEIN_SECRETION	398	-0.010202959835301796	2026
HWANG_GSE202051_TREATED	coordinate permutation	HALLMARK_PROTEIN_SECRETION	399	-0.007974854293999046	2026
HWANG_GSE202051_TREATED	coordinate permutation	HALLMARK_PROTEIN_SECRETION	400	-0.015824872526034733	2026
HWANG_GSE202051_TREATED	coordinate permutation	HALLMARK_PROTEIN_SECRETION	401	-0.0033170306125787892	2026
HWANG_GSE202051_TREATED	coordinate permutation	HALLMARK_PROTEIN_SECRETION	402	-0.006636708856261139	2026
HWANG_GSE202051_TREATED	coordinate permutation	HALLMARK_PROTEIN_SECRETION	403	-0.011035437767547241	2026
HWANG_GSE202051_TREATED	coordinate permutation	HALLMARK_PROTEIN_SECRETION	404	-0.015085700791175662	2026
HWANG_GSE202051_TREATED	coordinate permutation	HALLMARK_PROTEIN_SECRETION	405	-0.010684673686487017	2026
HWANG_GSE202051_TREATED	coordinate permutation	HALLMARK_PROTEIN_SECRETION	406	-0.02121114059706072	2026
HWANG_GSE202051_TREATED	coordinate permutation	HALLMARK_PROTEIN_SECRETION	407	-0.0035532599419733817	2026
HWANG_GSE202051_TREATED	coordinate permutation	HALLMARK_PROTEIN_SECRETION	408	-0.022247837912741146	2026
HWANG_GSE202051_TREATED	coordinate permutation	HALLMARK_PROTEIN_SECRETION	409	-0.02285352657375746	2026
HWANG_GSE202051_TREATED	coordinate permutation	HALLMARK_PROTEIN_SECRETION	410	-0.016492614669028488	2026
HWANG_GSE202051_TREATED	coordinate permutation	HALLMARK_PROTEIN_SECRETION	411	-0.006506934281479049	2026
HWANG_GSE202051_TREATED	coordinate permutation	HALLMARK_PROTEIN_SECRETION	412	-0.013680525784264552	2026
HWANG_GSE202051_TREATED	coordinate permutation	HALLMARK_PROTEIN_SECRETION	413	-0.022284666952249153	2026
HWANG_GSE202051_TREATED	coordinate permutation	HALLMARK_PROTEIN_SECRETION	414	-0.014627075512612124	2026
HWANG_GSE202051_TREATED	coordinate permutation	HALLMARK_PROTEIN_SECRETION	415	-0.023850589511057688	2026
HWANG_GSE202051_TREATED	coordinate permutation	HALLMARK_PROTEIN_SECRETION	416	-0.013776438301651133	2026
HWANG_GSE202051_TREATED	coordinate permutation	HALLMARK_PROTEIN_SECRETION	417	-0.01947637644296588	2026
HWANG_GSE202051_TREATED	coordinate permutation	HALLMARK_PROTEIN_SECRETION	418	-0.010169123312266168	2026
HWANG_GSE202051_TREATED	coordinate permutation	HALLMARK_PROTEIN_SECRETION	419	-0.01356672449793713	2026
HWANG_GSE202051_TREATED	coordinate permutation	HALLMARK_PROTEIN_SECRETION	420	-0.010169951756753724	2026
HWANG_GSE202051_TREATED	coordinate permutation	HALLMARK_PROTEIN_SECRETION	421	-0.006252655083479574	2026
HWANG_GSE202051_TREATED	coordinate permutation	HALLMARK_PROTEIN_SECRETION	422	-0.016943767368491652	2026
HWANG_GSE202051_TREATED	coordinate permutation	HALLMARK_PROTEIN_SECRETION	423	-0.003784566448513135	2026
HWANG_GSE202051_TREATED	coordinate permutation	HALLMARK_PROTEIN_SECRETION	424	-0.016299787078505906	2026
HWANG_GSE202051_TREATED	coordinate permutation	HALLMARK_PROTEIN_SECRETION	425	-0.01213326629608606	2026
HWANG_GSE202051_TREATED	coordinate permutation	HALLMARK_PROTEIN_SECRETION	426	-0.01657010647348341	2026
HWANG_GSE202051_TREATED	coordinate permutation	HALLMARK_PROTEIN_SECRETION	427	-0.011778496244469455	2026
HWANG_GSE202051_TREATED	coordinate permutation	HALLMARK_PROTEIN_SECRETION	428	-0.017358569221210485	2026
HWANG_GSE202051_TREATED	coordinate permutation	HALLMARK_PROTEIN_SECRETION	429	-0.015342311485342791	2026
HWANG_GSE202051_TREATED	coordinate permutation	HALLMARK_PROTEIN_SECRETION	430	-0.017774444516441217	2026
HWANG_GSE202051_TREATED	coordinate permutation	HALLMARK_PROTEIN_SECRETION	431	-0.00700870902581322	2026
HWANG_GSE202051_TREATED	coordinate permutation	HALLMARK_PROTEIN_SECRETION	432	-0.01639459673016623	2026
HWANG_GSE202051_TREATED	coordinate permutation	HALLMARK_PROTEIN_SECRETION	433	-0.011970217414919205	2026
HWANG_GSE202051_TREATED	coordinate permutation	HALLMARK_PROTEIN_SECRETION	434	-0.015637070860114514	2026
HWANG_GSE202051_TREATED	coordinate permutation	HALLMARK_PROTEIN_SECRETION	435	-0.0069477710338529735	2026
HWANG_GSE202051_TREATED	coordinate permutation	HALLMARK_PROTEIN_SECRETION	436	-0.010586822052529204	2026
HWANG_GSE202051_TREATED	coordinate permutation	HALLMARK_PROTEIN_SECRETION	437	-0.01573434637208974	2026
HWANG_GSE202051_TREATED	coordinate permutation	HALLMARK_PROTEIN_SECRETION	438	-0.014754117993318232	2026
HWANG_GSE202051_TREATED	coordinate permutation	HALLMARK_PROTEIN_SECRETION	439	-0.013301196546111864	2026
HWANG_GSE202051_TREATED	coordinate permutation	HALLMARK_PROTEIN_SECRETION	440	-0.01952348790552173	2026
HWANG_GSE202051_TREATED	coordinate permutation	HALLMARK_PROTEIN_SECRETION	441	-0.010663086660339922	2026
HWANG_GSE202051_TREATED	coordinate permutation	HALLMARK_PROTEIN_SECRETION	442	-0.005629861757662937	2026
HWANG_GSE202051_TREATED	coordinate permutation	HALLMARK_PROTEIN_SECRETION	443	-0.015837441998313887	2026
HWANG_GSE202051_TREATED	coordinate permutation	HALLMARK_PROTEIN_SECRETION	444	-0.014663738856852446	2026
HWANG_GSE202051_TREATED	coordinate permutation	HALLMARK_PROTEIN_SECRETION	445	-0.014689103995273753	2026
HWANG_GSE202051_TREATED	coordinate permutation	HALLMARK_PROTEIN_SECRETION	446	-0.01992128332370334	2026
HWANG_GSE202051_TREATED	coordinate permutation	HALLMARK_PROTEIN_SECRETION	447	-0.019851555287778547	2026
HWANG_GSE202051_TREATED	coordinate permutation	HALLMARK_PROTEIN_SECRETION	448	-0.014407820351121916	2026
HWANG_GSE202051_TREATED	coordinate permutation	HALLMARK_PROTEIN_SECRETION	449	-0.018950299956903567	2026
HWANG_GSE202051_TREATED	coordinate permutation	HALLMARK_PROTEIN_SECRETION	450	-0.015854080596190596	2026
HWANG_GSE202051_TREATED	coordinate permutation	HALLMARK_PROTEIN_SECRETION	451	-0.011445859330342747	2026
HWANG_GSE202051_TREATED	coordinate permutation	HALLMARK_PROTEIN_SECRETION	452	-0.019438250318012894	2026
HWANG_GSE202051_TREATED	coordinate permutation	HALLMARK_PROTEIN_SECRETION	453	-0.018391949647532838	2026
HWANG_GSE202051_TREATED	coordinate permutation	HALLMARK_PROTEIN_SECRETION	454	-0.01424399467382909	2026
HWANG_GSE202051_TREATED	coordinate permutation	HALLMARK_PROTEIN_SECRETION	455	-0.014242873768040797	2026
HWANG_GSE202051_TREATED	coordinate permutation	HALLMARK_PROTEIN_SECRETION	456	-0.013980845161702777	2026
HWANG_GSE202051_TREATED	coordinate permutation	HALLMARK_PROTEIN_SECRETION	457	-0.022008509648402938	2026
HWANG_GSE202051_TREATED	coordinate permutation	HALLMARK_PROTEIN_SECRETION	458	-0.005466848492292976	2026
HWANG_GSE202051_TREATED	coordinate permutation	HALLMARK_PROTEIN_SECRETION	459	-0.01153330674842844	2026
HWANG_GSE202051_TREATED	coordinate permutation	HALLMARK_PROTEIN_SECRETION	460	-0.011324977970692353	2026
HWANG_GSE202051_TREATED	coordinate permutation	HALLMARK_PROTEIN_SECRETION	461	-0.009188552872879063	2026
HWANG_GSE202051_TREATED	coordinate permutation	HALLMARK_PROTEIN_SECRETION	462	-0.0155280623116222	2026
HWANG_GSE202051_TREATED	coordinate permutation	HALLMARK_PROTEIN_SECRETION	463	-0.02297231176921371	2026
HWANG_GSE202051_TREATED	coordinate permutation	HALLMARK_PROTEIN_SECRETION	464	-0.01735736374648821	2026
HWANG_GSE202051_TREATED	coordinate permutation	HALLMARK_PROTEIN_SECRETION	465	-0.014524680357741912	2026
HWANG_GSE202051_TREATED	coordinate permutation	HALLMARK_PROTEIN_SECRETION	466	-0.013578134700916178	2026
HWANG_GSE202051_TREATED	coordinate permutation	HALLMARK_PROTEIN_SECRETION	467	-0.015405797468262466	2026
HWANG_GSE202051_TREATED	coordinate permutation	HALLMARK_PROTEIN_SECRETION	468	-0.006837479714216379	2026
HWANG_GSE202051_TREATED	coordinate permutation	HALLMARK_PROTEIN_SECRETION	469	-0.015421683700768206	2026
HWANG_GSE202051_TREATED	coordinate permutation	HALLMARK_PROTEIN_SECRETION	470	-0.013371653992281594	2026
HWANG_GSE202051_TREATED	coordinate permutation	HALLMARK_PROTEIN_SECRETION	471	-0.023723883606930854	2026
HWANG_GSE202051_TREATED	coordinate permutation	HALLMARK_PROTEIN_SECRETION	472	-0.007625151631585741	2026
HWANG_GSE202051_TREATED	coordinate permutation	HALLMARK_PROTEIN_SECRETION	473	-0.016664478909994274	2026
HWANG_GSE202051_TREATED	coordinate permutation	HALLMARK_PROTEIN_SECRETION	474	-0.021194551614588393	2026
HWANG_GSE202051_TREATED	coordinate permutation	HALLMARK_PROTEIN_SECRETION	475	-0.00734424348245548	2026
HWANG_GSE202051_TREATED	coordinate permutation	HALLMARK_PROTEIN_SECRETION	476	-0.018239950277848697	2026
HWANG_GSE202051_TREATED	coordinate permutation	HALLMARK_PROTEIN_SECRETION	477	-0.014323389110651343	2026
HWANG_GSE202051_TREATED	coordinate permutation	HALLMARK_PROTEIN_SECRETION	478	-0.01384481758549715	2026
HWANG_GSE202051_TREATED	coordinate permutation	HALLMARK_PROTEIN_SECRETION	479	-0.0067384537459615	2026
HWANG_GSE202051_TREATED	coordinate permutation	HALLMARK_PROTEIN_SECRETION	480	-0.01517335663973885	2026
HWANG_GSE202051_TREATED	coordinate permutation	HALLMARK_PROTEIN_SECRETION	481	-0.008847689376064232	2026
HWANG_GSE202051_TREATED	coordinate permutation	HALLMARK_PROTEIN_SECRETION	482	-0.013166253459642924	2026
HWANG_GSE202051_TREATED	coordinate permutation	HALLMARK_PROTEIN_SECRETION	483	-0.017603475971224213	2026
HWANG_GSE202051_TREATED	coordinate permutation	HALLMARK_PROTEIN_SECRETION	484	-0.014821837017441263	2026
HWANG_GSE202051_TREATED	coordinate permutation	HALLMARK_PROTEIN_SECRETION	485	-0.01673924824776256	2026
HWANG_GSE202051_TREATED	coordinate permutation	HALLMARK_PROTEIN_SECRETION	486	-0.011060468936809516	2026
HWANG_GSE202051_TREATED	coordinate permutation	HALLMARK_PROTEIN_SECRETION	487	-0.008156573541816084	2026
HWANG_GSE202051_TREATED	coordinate permutation	HALLMARK_PROTEIN_SECRETION	488	-0.021563701080393325	2026
HWANG_GSE202051_TREATED	coordinate permutation	HALLMARK_PROTEIN_SECRETION	489	-0.008616477293332427	2026
HWANG_GSE202051_TREATED	coordinate permutation	HALLMARK_PROTEIN_SECRETION	490	-0.021426625232259636	2026
HWANG_GSE202051_TREATED	coordinate permutation	HALLMARK_PROTEIN_SECRETION	491	-0.01912794120332063	2026
HWANG_GSE202051_TREATED	coordinate permutation	HALLMARK_PROTEIN_SECRETION	492	-0.016707879538171818	2026
HWANG_GSE202051_TREATED	coordinate permutation	HALLMARK_PROTEIN_SECRETION	493	-0.007239539452918531	2026
HWANG_GSE202051_TREATED	coordinate permutation	HALLMARK_PROTEIN_SECRETION	494	-0.005174883677715241	2026
HWANG_GSE202051_TREATED	coordinate permutation	HALLMARK_PROTEIN_SECRETION	495	-0.008571615473772614	2026
HWANG_GSE202051_TREATED	coordinate permutation	HALLMARK_PROTEIN_SECRETION	496	-0.014146558758866496	2026
HWANG_GSE202051_TREATED	coordinate permutation	HALLMARK_PROTEIN_SECRETION	497	-0.024202337786482522	2026
HWANG_GSE202051_TREATED	coordinate permutation	HALLMARK_PROTEIN_SECRETION	498	-0.009784975324038077	2026
HWANG_GSE202051_TREATED	coordinate permutation	HALLMARK_PROTEIN_SECRETION	499	-0.01469545320169852	2026
HWANG_GSE202051_TREATED	coordinate permutation	HALLMARK_PROTEIN_SECRETION	500	-0.017589167386512145	2026
HWANG_GSE202051_TREATED	coordinate permutation	HALLMARK_PROTEIN_SECRETION	501	-0.008235409528268718	2026
HWANG_GSE202051_TREATED	coordinate permutation	HALLMARK_PROTEIN_SECRETION	502	-0.02134297064617806	2026
HWANG_GSE202051_TREATED	coordinate permutation	HALLMARK_PROTEIN_SECRETION	503	-0.0079273975177046	2026
HWANG_GSE202051_TREATED	coordinate permutation	HALLMARK_PROTEIN_SECRETION	504	-0.019715008360807404	2026
HWANG_GSE202051_TREATED	coordinate permutation	HALLMARK_PROTEIN_SECRETION	505	-0.011046104173780857	2026
HWANG_GSE202051_TREATED	coordinate permutation	HALLMARK_PROTEIN_SECRETION	506	-0.02325255182980458	2026
HWANG_GSE202051_TREATED	coordinate permutation	HALLMARK_PROTEIN_SECRETION	507	-0.015695525317585092	2026
HWANG_GSE202051_TREATED	coordinate permutation	HALLMARK_PROTEIN_SECRETION	508	-0.01460553792971326	2026
HWANG_GSE202051_TREATED	coordinate permutation	HALLMARK_PROTEIN_SECRETION	509	-0.01195924752983377	2026
HWANG_GSE202051_TREATED	coordinate permutation	HALLMARK_PROTEIN_SECRETION	510	-0.017772512285707958	2026
HWANG_GSE202051_TREATED	coordinate permutation	HALLMARK_PROTEIN_SECRETION	511	-0.009604233333815698	2026
HWANG_GSE202051_TREATED	coordinate permutation	HALLMARK_PROTEIN_SECRETION	512	-0.011480437518887108	2026
HWANG_GSE202051_TREATED	coordinate permutation	HALLMARK_PROTEIN_SECRETION	513	-0.012751788133646011	2026
HWANG_GSE202051_TREATED	coordinate permutation	HALLMARK_PROTEIN_SECRETION	514	-0.01408389027318113	2026
HWANG_GSE202051_TREATED	coordinate permutation	HALLMARK_PROTEIN_SECRETION	515	-0.013051054300415045	2026
HWANG_GSE202051_TREATED	coordinate permutation	HALLMARK_PROTEIN_SECRETION	516	-0.014274694034854853	2026
HWANG_GSE202051_TREATED	coordinate permutation	HALLMARK_PROTEIN_SECRETION	517	-0.018820257677429602	2026
HWANG_GSE202051_TREATED	coordinate permutation	HALLMARK_PROTEIN_SECRETION	518	-0.00569745069226296	2026
HWANG_GSE202051_TREATED	coordinate permutation	HALLMARK_PROTEIN_SECRETION	519	-0.01864314300355326	2026
HWANG_GSE202051_TREATED	coordinate permutation	HALLMARK_PROTEIN_SECRETION	520	-0.019822102225273797	2026
HWANG_GSE202051_TREATED	coordinate permutation	HALLMARK_PROTEIN_SECRETION	521	-0.015877549973967935	2026
HWANG_GSE202051_TREATED	coordinate permutation	HALLMARK_PROTEIN_SECRETION	522	-0.016215762708897925	2026
HWANG_GSE202051_TREATED	coordinate permutation	HALLMARK_PROTEIN_SECRETION	523	-0.019659167370940082	2026
HWANG_GSE202051_TREATED	coordinate permutation	HALLMARK_PROTEIN_SECRETION	524	-0.022917725754645922	2026
HWANG_GSE202051_TREATED	coordinate permutation	HALLMARK_PROTEIN_SECRETION	525	-0.01137531509376669	2026
HWANG_GSE202051_TREATED	coordinate permutation	HALLMARK_PROTEIN_SECRETION	526	-0.016424437906054076	2026
HWANG_GSE202051_TREATED	coordinate permutation	HALLMARK_PROTEIN_SECRETION	527	-0.008759310092473058	2026
HWANG_GSE202051_TREATED	coordinate permutation	HALLMARK_PROTEIN_SECRETION	528	-0.012765489789759143	2026
HWANG_GSE202051_TREATED	coordinate permutation	HALLMARK_PROTEIN_SECRETION	529	-0.015028544230054347	2026
HWANG_GSE202051_TREATED	coordinate permutation	HALLMARK_PROTEIN_SECRETION	530	-0.011945077300493129	2026
HWANG_GSE202051_TREATED	coordinate permutation	HALLMARK_PROTEIN_SECRETION	531	-0.008594071984643775	2026
HWANG_GSE202051_TREATED	coordinate permutation	HALLMARK_PROTEIN_SECRETION	532	-0.013599941318068789	2026
HWANG_GSE202051_TREATED	coordinate permutation	HALLMARK_PROTEIN_SECRETION	533	-0.013775261168286174	2026
HWANG_GSE202051_TREATED	coordinate permutation	HALLMARK_PROTEIN_SECRETION	534	-0.022016255442037818	2026
HWANG_GSE202051_TREATED	coordinate permutation	HALLMARK_PROTEIN_SECRETION	535	-0.009636807881031353	2026
HWANG_GSE202051_TREATED	coordinate permutation	HALLMARK_PROTEIN_SECRETION	536	-0.019544401183509655	2026
HWANG_GSE202051_TREATED	coordinate permutation	HALLMARK_PROTEIN_SECRETION	537	-0.008860053524774593	2026
HWANG_GSE202051_TREATED	coordinate permutation	HALLMARK_PROTEIN_SECRETION	538	-0.009025069108826696	2026
HWANG_GSE202051_TREATED	coordinate permutation	HALLMARK_PROTEIN_SECRETION	539	-0.017739614034666985	2026
HWANG_GSE202051_TREATED	coordinate permutation	HALLMARK_PROTEIN_SECRETION	540	-0.020319400240396947	2026
HWANG_GSE202051_TREATED	coordinate permutation	HALLMARK_PROTEIN_SECRETION	541	-0.011544593923459514	2026
HWANG_GSE202051_TREATED	coordinate permutation	HALLMARK_PROTEIN_SECRETION	542	-0.013266457681391597	2026
HWANG_GSE202051_TREATED	coordinate permutation	HALLMARK_PROTEIN_SECRETION	543	-0.015654063843433264	2026
HWANG_GSE202051_TREATED	coordinate permutation	HALLMARK_PROTEIN_SECRETION	544	-0.018307738834892787	2026
HWANG_GSE202051_TREATED	coordinate permutation	HALLMARK_PROTEIN_SECRETION	545	-0.014958201644878395	2026
HWANG_GSE202051_TREATED	coordinate permutation	HALLMARK_PROTEIN_SECRETION	546	-0.011380314105432771	2026
HWANG_GSE202051_TREATED	coordinate permutation	HALLMARK_PROTEIN_SECRETION	547	-0.02870168951842023	2026
HWANG_GSE202051_TREATED	coordinate permutation	HALLMARK_PROTEIN_SECRETION	548	-0.01010243269115243	2026
HWANG_GSE202051_TREATED	coordinate permutation	HALLMARK_PROTEIN_SECRETION	549	-0.015292326749751305	2026
HWANG_GSE202051_TREATED	coordinate permutation	HALLMARK_PROTEIN_SECRETION	550	-0.015530005740235955	2026
HWANG_GSE202051_TREATED	coordinate permutation	HALLMARK_PROTEIN_SECRETION	551	-0.004668713152339713	2026
HWANG_GSE202051_TREATED	coordinate permutation	HALLMARK_PROTEIN_SECRETION	552	-0.01720407120378948	2026
HWANG_GSE202051_TREATED	coordinate permutation	HALLMARK_PROTEIN_SECRETION	553	-0.012617798293851745	2026
HWANG_GSE202051_TREATED	coordinate permutation	HALLMARK_PROTEIN_SECRETION	554	-0.016590741198716445	2026
HWANG_GSE202051_TREATED	coordinate permutation	HALLMARK_PROTEIN_SECRETION	555	-0.018525758253723455	2026
HWANG_GSE202051_TREATED	coordinate permutation	HALLMARK_PROTEIN_SECRETION	556	-0.01831905088541167	2026
HWANG_GSE202051_TREATED	coordinate permutation	HALLMARK_PROTEIN_SECRETION	557	-0.01874746793706725	2026
HWANG_GSE202051_TREATED	coordinate permutation	HALLMARK_PROTEIN_SECRETION	558	-0.017129111015341536	2026
HWANG_GSE202051_TREATED	coordinate permutation	HALLMARK_PROTEIN_SECRETION	559	-0.013476749884356619	2026
HWANG_GSE202051_TREATED	coordinate permutation	HALLMARK_PROTEIN_SECRETION	560	-0.003682139634150455	2026
HWANG_GSE202051_TREATED	coordinate permutation	HALLMARK_PROTEIN_SECRETION	561	-0.022060240370173245	2026
HWANG_GSE202051_TREATED	coordinate permutation	HALLMARK_PROTEIN_SECRETION	562	-0.007640510460443509	2026
HWANG_GSE202051_TREATED	coordinate permutation	HALLMARK_PROTEIN_SECRETION	563	-0.019636664399143022	2026
HWANG_GSE202051_TREATED	coordinate permutation	HALLMARK_PROTEIN_SECRETION	564	-0.018992959476832348	2026
HWANG_GSE202051_TREATED	coordinate permutation	HALLMARK_PROTEIN_SECRETION	565	-0.015525772116401838	2026
HWANG_GSE202051_TREATED	coordinate permutation	HALLMARK_PROTEIN_SECRETION	566	-0.01104648134357428	2026
HWANG_GSE202051_TREATED	coordinate permutation	HALLMARK_PROTEIN_SECRETION	567	-0.016527285636558975	2026
HWANG_GSE202051_TREATED	coordinate permutation	HALLMARK_PROTEIN_SECRETION	568	-0.016466749734704394	2026
HWANG_GSE202051_TREATED	coordinate permutation	HALLMARK_PROTEIN_SECRETION	569	-0.017384742174153978	2026
HWANG_GSE202051_TREATED	coordinate permutation	HALLMARK_PROTEIN_SECRETION	570	-0.018441004456689863	2026
HWANG_GSE202051_TREATED	coordinate permutation	HALLMARK_PROTEIN_SECRETION	571	-0.009523719461255138	2026
HWANG_GSE202051_TREATED	coordinate permutation	HALLMARK_PROTEIN_SECRETION	572	-0.020640685517955178	2026
HWANG_GSE202051_TREATED	coordinate permutation	HALLMARK_PROTEIN_SECRETION	573	-0.011916201009836749	2026
HWANG_GSE202051_TREATED	coordinate permutation	HALLMARK_PROTEIN_SECRETION	574	-0.015080590141603649	2026
HWANG_GSE202051_TREATED	coordinate permutation	HALLMARK_PROTEIN_SECRETION	575	-0.00924622592892817	2026
HWANG_GSE202051_TREATED	coordinate permutation	HALLMARK_PROTEIN_SECRETION	576	-0.012385683284385836	2026
HWANG_GSE202051_TREATED	coordinate permutation	HALLMARK_PROTEIN_SECRETION	577	-0.016105899797379232	2026
HWANG_GSE202051_TREATED	coordinate permutation	HALLMARK_PROTEIN_SECRETION	578	-0.009846325647656966	2026
HWANG_GSE202051_TREATED	coordinate permutation	HALLMARK_PROTEIN_SECRETION	579	-0.01773926767896032	2026
HWANG_GSE202051_TREATED	coordinate permutation	HALLMARK_PROTEIN_SECRETION	580	-0.013188480379641822	2026
HWANG_GSE202051_TREATED	coordinate permutation	HALLMARK_PROTEIN_SECRETION	581	-0.014099703704951273	2026
HWANG_GSE202051_TREATED	coordinate permutation	HALLMARK_PROTEIN_SECRETION	582	-0.016786591324358852	2026
HWANG_GSE202051_TREATED	coordinate permutation	HALLMARK_PROTEIN_SECRETION	583	0.0007156754034459181	2026
HWANG_GSE202051_TREATED	coordinate permutation	HALLMARK_PROTEIN_SECRETION	584	-0.016149401736253097	2026
HWANG_GSE202051_TREATED	coordinate permutation	HALLMARK_PROTEIN_SECRETION	585	-0.022138162107355253	2026
HWANG_GSE202051_TREATED	coordinate permutation	HALLMARK_PROTEIN_SECRETION	586	-0.018256009074789335	2026
HWANG_GSE202051_TREATED	coordinate permutation	HALLMARK_PROTEIN_SECRETION	587	-0.017210437211227725	2026
HWANG_GSE202051_TREATED	coordinate permutation	HALLMARK_PROTEIN_SECRETION	588	-0.011364545107588574	2026
HWANG_GSE202051_TREATED	coordinate permutation	HALLMARK_PROTEIN_SECRETION	589	-0.01771406140587276	2026
HWANG_GSE202051_TREATED	coordinate permutation	HALLMARK_PROTEIN_SECRETION	590	-0.013153037978519041	2026
HWANG_GSE202051_TREATED	coordinate permutation	HALLMARK_PROTEIN_SECRETION	591	-0.013181553949133902	2026
HWANG_GSE202051_TREATED	coordinate permutation	HALLMARK_PROTEIN_SECRETION	592	-0.017856640954034615	2026
HWANG_GSE202051_TREATED	coordinate permutation	HALLMARK_PROTEIN_SECRETION	593	-0.01249916068961926	2026
HWANG_GSE202051_TREATED	coordinate permutation	HALLMARK_PROTEIN_SECRETION	594	-0.01923625187433398	2026
HWANG_GSE202051_TREATED	coordinate permutation	HALLMARK_PROTEIN_SECRETION	595	-0.009871572063347513	2026
HWANG_GSE202051_TREATED	coordinate permutation	HALLMARK_PROTEIN_SECRETION	596	-0.0171115009595296	2026
HWANG_GSE202051_TREATED	coordinate permutation	HALLMARK_PROTEIN_SECRETION	597	-0.012111777414032552	2026
HWANG_GSE202051_TREATED	coordinate permutation	HALLMARK_PROTEIN_SECRETION	598	-0.01920835274833423	2026
HWANG_GSE202051_TREATED	coordinate permutation	HALLMARK_PROTEIN_SECRETION	599	-0.0147351020801645	2026
HWANG_GSE202051_TREATED	coordinate permutation	HALLMARK_PROTEIN_SECRETION	600	-0.01400367685353593	2026
HWANG_GSE202051_TREATED	coordinate permutation	HALLMARK_PROTEIN_SECRETION	601	-0.013373466004102639	2026
HWANG_GSE202051_TREATED	coordinate permutation	HALLMARK_PROTEIN_SECRETION	602	-0.009976759530609877	2026
HWANG_GSE202051_TREATED	coordinate permutation	HALLMARK_PROTEIN_SECRETION	603	-0.008717802089695376	2026
HWANG_GSE202051_TREATED	coordinate permutation	HALLMARK_PROTEIN_SECRETION	604	-0.01853091978995272	2026
HWANG_GSE202051_TREATED	coordinate permutation	HALLMARK_PROTEIN_SECRETION	605	-0.014215105176949313	2026
HWANG_GSE202051_TREATED	coordinate permutation	HALLMARK_PROTEIN_SECRETION	606	-0.01639662516784103	2026
HWANG_GSE202051_TREATED	coordinate permutation	HALLMARK_PROTEIN_SECRETION	607	-0.013684305974977778	2026
HWANG_GSE202051_TREATED	coordinate permutation	HALLMARK_PROTEIN_SECRETION	608	-0.018364325626163844	2026
HWANG_GSE202051_TREATED	coordinate permutation	HALLMARK_PROTEIN_SECRETION	609	-0.014096391825854714	2026
HWANG_GSE202051_TREATED	coordinate permutation	HALLMARK_PROTEIN_SECRETION	610	-0.01810332180058421	2026
HWANG_GSE202051_TREATED	coordinate permutation	HALLMARK_PROTEIN_SECRETION	611	-0.016502830961926694	2026
HWANG_GSE202051_TREATED	coordinate permutation	HALLMARK_PROTEIN_SECRETION	612	-0.015152405648597026	2026
HWANG_GSE202051_TREATED	coordinate permutation	HALLMARK_PROTEIN_SECRETION	613	-0.01964048510515214	2026
HWANG_GSE202051_TREATED	coordinate permutation	HALLMARK_PROTEIN_SECRETION	614	-0.01297810243637057	2026
HWANG_GSE202051_TREATED	coordinate permutation	HALLMARK_PROTEIN_SECRETION	615	-0.016402444864547845	2026
HWANG_GSE202051_TREATED	coordinate permutation	HALLMARK_PROTEIN_SECRETION	616	-0.018683658469146713	2026
HWANG_GSE202051_TREATED	coordinate permutation	HALLMARK_PROTEIN_SECRETION	617	-0.01371426031743715	2026
HWANG_GSE202051_TREATED	coordinate permutation	HALLMARK_PROTEIN_SECRETION	618	-0.017929423339009477	2026
HWANG_GSE202051_TREATED	coordinate permutation	HALLMARK_PROTEIN_SECRETION	619	-0.011847830095667602	2026
HWANG_GSE202051_TREATED	coordinate permutation	HALLMARK_PROTEIN_SECRETION	620	-0.01654614416678535	2026
HWANG_GSE202051_TREATED	coordinate permutation	HALLMARK_PROTEIN_SECRETION	621	-0.007376859947625981	2026
HWANG_GSE202051_TREATED	coordinate permutation	HALLMARK_PROTEIN_SECRETION	622	-0.016514583743450575	2026
HWANG_GSE202051_TREATED	coordinate permutation	HALLMARK_PROTEIN_SECRETION	623	-0.012869678084179192	2026
HWANG_GSE202051_TREATED	coordinate permutation	HALLMARK_PROTEIN_SECRETION	624	-0.01551792384963106	2026
HWANG_GSE202051_TREATED	coordinate permutation	HALLMARK_PROTEIN_SECRETION	625	-0.019971497235789	2026
HWANG_GSE202051_TREATED	coordinate permutation	HALLMARK_PROTEIN_SECRETION	626	-0.010957433878241028	2026
HWANG_GSE202051_TREATED	coordinate permutation	HALLMARK_PROTEIN_SECRETION	627	-0.01829236674618755	2026
HWANG_GSE202051_TREATED	coordinate permutation	HALLMARK_PROTEIN_SECRETION	628	-0.01229952991672511	2026
HWANG_GSE202051_TREATED	coordinate permutation	HALLMARK_PROTEIN_SECRETION	629	-0.018202954873929228	2026
HWANG_GSE202051_TREATED	coordinate permutation	HALLMARK_PROTEIN_SECRETION	630	-0.02679756060098563	2026
HWANG_GSE202051_TREATED	coordinate permutation	HALLMARK_PROTEIN_SECRETION	631	-0.011718873909708312	2026
HWANG_GSE202051_TREATED	coordinate permutation	HALLMARK_PROTEIN_SECRETION	632	-0.025204854093746412	2026
HWANG_GSE202051_TREATED	coordinate permutation	HALLMARK_PROTEIN_SECRETION	633	-0.023019543023201118	2026
HWANG_GSE202051_TREATED	coordinate permutation	HALLMARK_PROTEIN_SECRETION	634	-0.013221616948839712	2026
HWANG_GSE202051_TREATED	coordinate permutation	HALLMARK_PROTEIN_SECRETION	635	-0.020908967201972977	2026
HWANG_GSE202051_TREATED	coordinate permutation	HALLMARK_PROTEIN_SECRETION	636	-0.015470954774755121	2026
HWANG_GSE202051_TREATED	coordinate permutation	HALLMARK_PROTEIN_SECRETION	637	-0.009439944720412225	2026
HWANG_GSE202051_TREATED	coordinate permutation	HALLMARK_PROTEIN_SECRETION	638	-0.010566330994452046	2026
HWANG_GSE202051_TREATED	coordinate permutation	HALLMARK_PROTEIN_SECRETION	639	-0.013945409873926668	2026
HWANG_GSE202051_TREATED	coordinate permutation	HALLMARK_PROTEIN_SECRETION	640	-0.020282199739113573	2026
HWANG_GSE202051_TREATED	coordinate permutation	HALLMARK_PROTEIN_SECRETION	641	-0.017900398963288006	2026
HWANG_GSE202051_TREATED	coordinate permutation	HALLMARK_PROTEIN_SECRETION	642	-0.016318342828623975	2026
HWANG_GSE202051_TREATED	coordinate permutation	HALLMARK_PROTEIN_SECRETION	643	-0.011689874489135586	2026
HWANG_GSE202051_TREATED	coordinate permutation	HALLMARK_PROTEIN_SECRETION	644	-0.01875616130510195	2026
HWANG_GSE202051_TREATED	coordinate permutation	HALLMARK_PROTEIN_SECRETION	645	-0.007811945459134333	2026
HWANG_GSE202051_TREATED	coordinate permutation	HALLMARK_PROTEIN_SECRETION	646	-0.019791869935247106	2026
HWANG_GSE202051_TREATED	coordinate permutation	HALLMARK_PROTEIN_SECRETION	647	-0.012775730678525306	2026
HWANG_GSE202051_TREATED	coordinate permutation	HALLMARK_PROTEIN_SECRETION	648	-0.01806879933907363	2026
HWANG_GSE202051_TREATED	coordinate permutation	HALLMARK_PROTEIN_SECRETION	649	-0.015889422813251956	2026
HWANG_GSE202051_TREATED	coordinate permutation	HALLMARK_PROTEIN_SECRETION	650	-0.019551492467335018	2026
HWANG_GSE202051_TREATED	coordinate permutation	HALLMARK_PROTEIN_SECRETION	651	-0.016412580908499546	2026
HWANG_GSE202051_TREATED	coordinate permutation	HALLMARK_PROTEIN_SECRETION	652	-0.02418656333431905	2026
HWANG_GSE202051_TREATED	coordinate permutation	HALLMARK_PROTEIN_SECRETION	653	-0.019753058294228507	2026
HWANG_GSE202051_TREATED	coordinate permutation	HALLMARK_PROTEIN_SECRETION	654	-0.014779864286408005	2026
HWANG_GSE202051_TREATED	coordinate permutation	HALLMARK_PROTEIN_SECRETION	655	-0.01927697167395457	2026
HWANG_GSE202051_TREATED	coordinate permutation	HALLMARK_PROTEIN_SECRETION	656	-0.01565270250844601	2026
HWANG_GSE202051_TREATED	coordinate permutation	HALLMARK_PROTEIN_SECRETION	657	-0.005287401462712579	2026
HWANG_GSE202051_TREATED	coordinate permutation	HALLMARK_PROTEIN_SECRETION	658	-0.017215560086499767	2026
HWANG_GSE202051_TREATED	coordinate permutation	HALLMARK_PROTEIN_SECRETION	659	-0.013251295628578443	2026
HWANG_GSE202051_TREATED	coordinate permutation	HALLMARK_PROTEIN_SECRETION	660	-0.009691051315678751	2026
HWANG_GSE202051_TREATED	coordinate permutation	HALLMARK_PROTEIN_SECRETION	661	-0.020237795302950886	2026
HWANG_GSE202051_TREATED	coordinate permutation	HALLMARK_PROTEIN_SECRETION	662	-0.02293831653916273	2026
HWANG_GSE202051_TREATED	coordinate permutation	HALLMARK_PROTEIN_SECRETION	663	-0.014777164824997845	2026
HWANG_GSE202051_TREATED	coordinate permutation	HALLMARK_PROTEIN_SECRETION	664	-0.014721836943043522	2026
HWANG_GSE202051_TREATED	coordinate permutation	HALLMARK_PROTEIN_SECRETION	665	-0.00954094997460216	2026
HWANG_GSE202051_TREATED	coordinate permutation	HALLMARK_PROTEIN_SECRETION	666	-0.006368809609915986	2026
HWANG_GSE202051_TREATED	coordinate permutation	HALLMARK_PROTEIN_SECRETION	667	-0.01617413415054903	2026
HWANG_GSE202051_TREATED	coordinate permutation	HALLMARK_PROTEIN_SECRETION	668	-0.01477423737625014	2026
HWANG_GSE202051_TREATED	coordinate permutation	HALLMARK_PROTEIN_SECRETION	669	-0.008241775079070564	2026
HWANG_GSE202051_TREATED	coordinate permutation	HALLMARK_PROTEIN_SECRETION	670	-0.016670579135697326	2026
HWANG_GSE202051_TREATED	coordinate permutation	HALLMARK_PROTEIN_SECRETION	671	-0.014455336410763898	2026
HWANG_GSE202051_TREATED	coordinate permutation	HALLMARK_PROTEIN_SECRETION	672	-0.013725162659081145	2026
HWANG_GSE202051_TREATED	coordinate permutation	HALLMARK_PROTEIN_SECRETION	673	-0.015493230024956136	2026
HWANG_GSE202051_TREATED	coordinate permutation	HALLMARK_PROTEIN_SECRETION	674	-0.01658201334933759	2026
HWANG_GSE202051_TREATED	coordinate permutation	HALLMARK_PROTEIN_SECRETION	675	0.001197325772595376	2026
HWANG_GSE202051_TREATED	coordinate permutation	HALLMARK_PROTEIN_SECRETION	676	-0.009612138126585455	2026
HWANG_GSE202051_TREATED	coordinate permutation	HALLMARK_PROTEIN_SECRETION	677	-0.019803359217737168	2026
HWANG_GSE202051_TREATED	coordinate permutation	HALLMARK_PROTEIN_SECRETION	678	-0.009226294138822635	2026
HWANG_GSE202051_TREATED	coordinate permutation	HALLMARK_PROTEIN_SECRETION	679	-0.015837906354770215	2026
HWANG_GSE202051_TREATED	coordinate permutation	HALLMARK_PROTEIN_SECRETION	680	-0.010034710565212485	2026
HWANG_GSE202051_TREATED	coordinate permutation	HALLMARK_PROTEIN_SECRETION	681	-0.015197059433251848	2026
HWANG_GSE202051_TREATED	coordinate permutation	HALLMARK_PROTEIN_SECRETION	682	-0.009026823726443117	2026
HWANG_GSE202051_TREATED	coordinate permutation	HALLMARK_PROTEIN_SECRETION	683	-0.01703290896893687	2026
HWANG_GSE202051_TREATED	coordinate permutation	HALLMARK_PROTEIN_SECRETION	684	-0.01228329586566736	2026
HWANG_GSE202051_TREATED	coordinate permutation	HALLMARK_PROTEIN_SECRETION	685	-0.020968455686180845	2026
HWANG_GSE202051_TREATED	coordinate permutation	HALLMARK_PROTEIN_SECRETION	686	-0.02020713134323095	2026
HWANG_GSE202051_TREATED	coordinate permutation	HALLMARK_PROTEIN_SECRETION	687	-0.008655659692668707	2026
HWANG_GSE202051_TREATED	coordinate permutation	HALLMARK_PROTEIN_SECRETION	688	-0.017082489262598206	2026
HWANG_GSE202051_TREATED	coordinate permutation	HALLMARK_PROTEIN_SECRETION	689	-0.008885370221827903	2026
HWANG_GSE202051_TREATED	coordinate permutation	HALLMARK_PROTEIN_SECRETION	690	-0.014007765583466666	2026
HWANG_GSE202051_TREATED	coordinate permutation	HALLMARK_PROTEIN_SECRETION	691	-0.02141762017360113	2026
HWANG_GSE202051_TREATED	coordinate permutation	HALLMARK_PROTEIN_SECRETION	692	-0.013095445917729848	2026
HWANG_GSE202051_TREATED	coordinate permutation	HALLMARK_PROTEIN_SECRETION	693	-0.019798337109081632	2026
HWANG_GSE202051_TREATED	coordinate permutation	HALLMARK_PROTEIN_SECRETION	694	-0.01270639792161249	2026
HWANG_GSE202051_TREATED	coordinate permutation	HALLMARK_PROTEIN_SECRETION	695	-0.01880982105014882	2026
HWANG_GSE202051_TREATED	coordinate permutation	HALLMARK_PROTEIN_SECRETION	696	-0.008086014168584236	2026
HWANG_GSE202051_TREATED	coordinate permutation	HALLMARK_PROTEIN_SECRETION	697	-0.018358814326561904	2026
HWANG_GSE202051_TREATED	coordinate permutation	HALLMARK_PROTEIN_SECRETION	698	-0.01641961262849578	2026
HWANG_GSE202051_TREATED	coordinate permutation	HALLMARK_PROTEIN_SECRETION	699	-0.01249406910741543	2026
HWANG_GSE202051_TREATED	coordinate permutation	HALLMARK_PROTEIN_SECRETION	700	-0.014242096754841168	2026
HWANG_GSE202051_TREATED	coordinate permutation	HALLMARK_PROTEIN_SECRETION	701	-0.016291965822946387	2026
HWANG_GSE202051_TREATED	coordinate permutation	HALLMARK_PROTEIN_SECRETION	702	-0.01999200183004183	2026
HWANG_GSE202051_TREATED	coordinate permutation	HALLMARK_PROTEIN_SECRETION	703	-0.018270415280062742	2026
HWANG_GSE202051_TREATED	coordinate permutation	HALLMARK_PROTEIN_SECRETION	704	-0.012716588372178449	2026
HWANG_GSE202051_TREATED	coordinate permutation	HALLMARK_PROTEIN_SECRETION	705	-0.009249464173615057	2026
HWANG_GSE202051_TREATED	coordinate permutation	HALLMARK_PROTEIN_SECRETION	706	-0.01833601935821308	2026
HWANG_GSE202051_TREATED	coordinate permutation	HALLMARK_PROTEIN_SECRETION	707	-0.024653186773997804	2026
HWANG_GSE202051_TREATED	coordinate permutation	HALLMARK_PROTEIN_SECRETION	708	-0.012172682338215522	2026
HWANG_GSE202051_TREATED	coordinate permutation	HALLMARK_PROTEIN_SECRETION	709	-0.012204778624617892	2026
HWANG_GSE202051_TREATED	coordinate permutation	HALLMARK_PROTEIN_SECRETION	710	-0.01378585196723573	2026
HWANG_GSE202051_TREATED	coordinate permutation	HALLMARK_PROTEIN_SECRETION	711	-0.01717343401359977	2026
HWANG_GSE202051_TREATED	coordinate permutation	HALLMARK_PROTEIN_SECRETION	712	-0.007792690402402691	2026
HWANG_GSE202051_TREATED	coordinate permutation	HALLMARK_PROTEIN_SECRETION	713	-0.014733586696707253	2026
HWANG_GSE202051_TREATED	coordinate permutation	HALLMARK_PROTEIN_SECRETION	714	-0.009394299781995625	2026
HWANG_GSE202051_TREATED	coordinate permutation	HALLMARK_PROTEIN_SECRETION	715	-0.006873151263723959	2026
HWANG_GSE202051_TREATED	coordinate permutation	HALLMARK_PROTEIN_SECRETION	716	-0.016532490821435743	2026
HWANG_GSE202051_TREATED	coordinate permutation	HALLMARK_PROTEIN_SECRETION	717	-0.015190238815168953	2026
HWANG_GSE202051_TREATED	coordinate permutation	HALLMARK_PROTEIN_SECRETION	718	-0.014263604795066847	2026
HWANG_GSE202051_TREATED	coordinate permutation	HALLMARK_PROTEIN_SECRETION	719	-0.01944903773407523	2026
HWANG_GSE202051_TREATED	coordinate permutation	HALLMARK_PROTEIN_SECRETION	720	-0.014313676239321883	2026
HWANG_GSE202051_TREATED	coordinate permutation	HALLMARK_PROTEIN_SECRETION	721	-0.015287797354806298	2026
HWANG_GSE202051_TREATED	coordinate permutation	HALLMARK_PROTEIN_SECRETION	722	-0.0165176412035222	2026
HWANG_GSE202051_TREATED	coordinate permutation	HALLMARK_PROTEIN_SECRETION	723	-0.0028071309907996304	2026
HWANG_GSE202051_TREATED	coordinate permutation	HALLMARK_PROTEIN_SECRETION	724	-0.0010893369380822297	2026
HWANG_GSE202051_TREATED	coordinate permutation	HALLMARK_PROTEIN_SECRETION	725	-0.02136233410925008	2026
HWANG_GSE202051_TREATED	coordinate permutation	HALLMARK_PROTEIN_SECRETION	726	-0.018250050203815756	2026
HWANG_GSE202051_TREATED	coordinate permutation	HALLMARK_PROTEIN_SECRETION	727	-0.00852968107299515	2026
HWANG_GSE202051_TREATED	coordinate permutation	HALLMARK_PROTEIN_SECRETION	728	-0.02160442933663995	2026
HWANG_GSE202051_TREATED	coordinate permutation	HALLMARK_PROTEIN_SECRETION	729	-0.016969677961074233	2026
HWANG_GSE202051_TREATED	coordinate permutation	HALLMARK_PROTEIN_SECRETION	730	-0.013263328385673625	2026
HWANG_GSE202051_TREATED	coordinate permutation	HALLMARK_PROTEIN_SECRETION	731	-0.009747413879800684	2026
HWANG_GSE202051_TREATED	coordinate permutation	HALLMARK_PROTEIN_SECRETION	732	-0.023443501806188382	2026
HWANG_GSE202051_TREATED	coordinate permutation	HALLMARK_PROTEIN_SECRETION	733	-0.017411550126037376	2026
HWANG_GSE202051_TREATED	coordinate permutation	HALLMARK_PROTEIN_SECRETION	734	-0.015354624629430696	2026
HWANG_GSE202051_TREATED	coordinate permutation	HALLMARK_PROTEIN_SECRETION	735	-0.013354010539387022	2026
HWANG_GSE202051_TREATED	coordinate permutation	HALLMARK_PROTEIN_SECRETION	736	-0.02041747664172892	2026
HWANG_GSE202051_TREATED	coordinate permutation	HALLMARK_PROTEIN_SECRETION	737	-0.0071829911684867555	2026
HWANG_GSE202051_TREATED	coordinate permutation	HALLMARK_PROTEIN_SECRETION	738	-0.01141173779495141	2026
HWANG_GSE202051_TREATED	coordinate permutation	HALLMARK_PROTEIN_SECRETION	739	-0.009061253172178473	2026
HWANG_GSE202051_TREATED	coordinate permutation	HALLMARK_PROTEIN_SECRETION	740	-0.013006794699311909	2026
HWANG_GSE202051_TREATED	coordinate permutation	HALLMARK_PROTEIN_SECRETION	741	-0.016936647549926617	2026
HWANG_GSE202051_TREATED	coordinate permutation	HALLMARK_PROTEIN_SECRETION	742	-0.00367213735170309	2026
HWANG_GSE202051_TREATED	coordinate permutation	HALLMARK_PROTEIN_SECRETION	743	-0.01397971107507215	2026
HWANG_GSE202051_TREATED	coordinate permutation	HALLMARK_PROTEIN_SECRETION	744	-0.02116764150669465	2026
HWANG_GSE202051_TREATED	coordinate permutation	HALLMARK_PROTEIN_SECRETION	745	-0.014035132912345063	2026
HWANG_GSE202051_TREATED	coordinate permutation	HALLMARK_PROTEIN_SECRETION	746	-0.03472556084265134	2026
HWANG_GSE202051_TREATED	coordinate permutation	HALLMARK_PROTEIN_SECRETION	747	-0.019079622748156524	2026
HWANG_GSE202051_TREATED	coordinate permutation	HALLMARK_PROTEIN_SECRETION	748	-0.012073881592480767	2026
HWANG_GSE202051_TREATED	coordinate permutation	HALLMARK_PROTEIN_SECRETION	749	-0.009323334455891385	2026
HWANG_GSE202051_TREATED	coordinate permutation	HALLMARK_PROTEIN_SECRETION	750	-0.01787557738494975	2026
HWANG_GSE202051_TREATED	coordinate permutation	HALLMARK_PROTEIN_SECRETION	751	-0.02136046909610546	2026
HWANG_GSE202051_TREATED	coordinate permutation	HALLMARK_PROTEIN_SECRETION	752	-0.006011548544117552	2026
HWANG_GSE202051_TREATED	coordinate permutation	HALLMARK_PROTEIN_SECRETION	753	-0.012600502426359014	2026
HWANG_GSE202051_TREATED	coordinate permutation	HALLMARK_PROTEIN_SECRETION	754	-0.015158268813795367	2026
HWANG_GSE202051_TREATED	coordinate permutation	HALLMARK_PROTEIN_SECRETION	755	-0.014671444158069702	2026
HWANG_GSE202051_TREATED	coordinate permutation	HALLMARK_PROTEIN_SECRETION	756	-0.010881280193248086	2026
HWANG_GSE202051_TREATED	coordinate permutation	HALLMARK_PROTEIN_SECRETION	757	-0.016598585977367318	2026
HWANG_GSE202051_TREATED	coordinate permutation	HALLMARK_PROTEIN_SECRETION	758	-0.02029413167060478	2026
HWANG_GSE202051_TREATED	coordinate permutation	HALLMARK_PROTEIN_SECRETION	759	-0.01605256971914055	2026
HWANG_GSE202051_TREATED	coordinate permutation	HALLMARK_PROTEIN_SECRETION	760	-0.0074919649659925	2026
HWANG_GSE202051_TREATED	coordinate permutation	HALLMARK_PROTEIN_SECRETION	761	-0.007354896708090197	2026
HWANG_GSE202051_TREATED	coordinate permutation	HALLMARK_PROTEIN_SECRETION	762	-0.018025349628502777	2026
HWANG_GSE202051_TREATED	coordinate permutation	HALLMARK_PROTEIN_SECRETION	763	-0.018255171574956854	2026
HWANG_GSE202051_TREATED	coordinate permutation	HALLMARK_PROTEIN_SECRETION	764	-0.01738036980522745	2026
HWANG_GSE202051_TREATED	coordinate permutation	HALLMARK_PROTEIN_SECRETION	765	-0.004808508622582554	2026
HWANG_GSE202051_TREATED	coordinate permutation	HALLMARK_PROTEIN_SECRETION	766	-0.003994932376122592	2026
HWANG_GSE202051_TREATED	coordinate permutation	HALLMARK_PROTEIN_SECRETION	767	-0.01214179990661578	2026
HWANG_GSE202051_TREATED	coordinate permutation	HALLMARK_PROTEIN_SECRETION	768	-0.013753275214475079	2026
HWANG_GSE202051_TREATED	coordinate permutation	HALLMARK_PROTEIN_SECRETION	769	-0.018031867157812888	2026
HWANG_GSE202051_TREATED	coordinate permutation	HALLMARK_PROTEIN_SECRETION	770	-0.010629817007102952	2026
HWANG_GSE202051_TREATED	coordinate permutation	HALLMARK_PROTEIN_SECRETION	771	-0.012367046366936953	2026
HWANG_GSE202051_TREATED	coordinate permutation	HALLMARK_PROTEIN_SECRETION	772	-0.015505833412149164	2026
HWANG_GSE202051_TREATED	coordinate permutation	HALLMARK_PROTEIN_SECRETION	773	-0.012692074688987488	2026
HWANG_GSE202051_TREATED	coordinate permutation	HALLMARK_PROTEIN_SECRETION	774	-0.01300283485604779	2026
HWANG_GSE202051_TREATED	coordinate permutation	HALLMARK_PROTEIN_SECRETION	775	-0.016778378495704575	2026
HWANG_GSE202051_TREATED	coordinate permutation	HALLMARK_PROTEIN_SECRETION	776	-0.017915549607707252	2026
HWANG_GSE202051_TREATED	coordinate permutation	HALLMARK_PROTEIN_SECRETION	777	-0.00280520928517559	2026
HWANG_GSE202051_TREATED	coordinate permutation	HALLMARK_PROTEIN_SECRETION	778	-0.014358646413057737	2026
HWANG_GSE202051_TREATED	coordinate permutation	HALLMARK_PROTEIN_SECRETION	779	-0.01566993729977012	2026
HWANG_GSE202051_TREATED	coordinate permutation	HALLMARK_PROTEIN_SECRETION	780	-0.008950213540309782	2026
HWANG_GSE202051_TREATED	coordinate permutation	HALLMARK_PROTEIN_SECRETION	781	-0.01564420002588078	2026
HWANG_GSE202051_TREATED	coordinate permutation	HALLMARK_PROTEIN_SECRETION	782	-0.01724041905290924	2026
HWANG_GSE202051_TREATED	coordinate permutation	HALLMARK_PROTEIN_SECRETION	783	-0.02220507434069429	2026
HWANG_GSE202051_TREATED	coordinate permutation	HALLMARK_PROTEIN_SECRETION	784	-0.010675383105844866	2026
HWANG_GSE202051_TREATED	coordinate permutation	HALLMARK_PROTEIN_SECRETION	785	-0.013178246152383596	2026
HWANG_GSE202051_TREATED	coordinate permutation	HALLMARK_PROTEIN_SECRETION	786	-0.02187539068161264	2026
HWANG_GSE202051_TREATED	coordinate permutation	HALLMARK_PROTEIN_SECRETION	787	-0.014617761799896545	2026
HWANG_GSE202051_TREATED	coordinate permutation	HALLMARK_PROTEIN_SECRETION	788	-0.010767806274744782	2026
HWANG_GSE202051_TREATED	coordinate permutation	HALLMARK_PROTEIN_SECRETION	789	-0.007502237993722507	2026
HWANG_GSE202051_TREATED	coordinate permutation	HALLMARK_PROTEIN_SECRETION	790	-0.0059679960874444715	2026
HWANG_GSE202051_TREATED	coordinate permutation	HALLMARK_PROTEIN_SECRETION	791	-0.015365721838459459	2026
HWANG_GSE202051_TREATED	coordinate permutation	HALLMARK_PROTEIN_SECRETION	792	-0.015921691019176155	2026
HWANG_GSE202051_TREATED	coordinate permutation	HALLMARK_PROTEIN_SECRETION	793	-0.011480902379157797	2026
HWANG_GSE202051_TREATED	coordinate permutation	HALLMARK_PROTEIN_SECRETION	794	-0.014993255214051891	2026
HWANG_GSE202051_TREATED	coordinate permutation	HALLMARK_PROTEIN_SECRETION	795	-0.004197223991402608	2026
HWANG_GSE202051_TREATED	coordinate permutation	HALLMARK_PROTEIN_SECRETION	796	-0.008920995102958825	2026
HWANG_GSE202051_TREATED	coordinate permutation	HALLMARK_PROTEIN_SECRETION	797	-0.009549736467449133	2026
HWANG_GSE202051_TREATED	coordinate permutation	HALLMARK_PROTEIN_SECRETION	798	-0.009494819195770653	2026
HWANG_GSE202051_TREATED	coordinate permutation	HALLMARK_PROTEIN_SECRETION	799	-0.012193955647210798	2026
HWANG_GSE202051_TREATED	coordinate permutation	HALLMARK_PROTEIN_SECRETION	800	-0.01880110471399828	2026
HWANG_GSE202051_TREATED	coordinate permutation	HALLMARK_PROTEIN_SECRETION	801	-0.012402741022753024	2026
HWANG_GSE202051_TREATED	coordinate permutation	HALLMARK_PROTEIN_SECRETION	802	-0.010200886749065163	2026
HWANG_GSE202051_TREATED	coordinate permutation	HALLMARK_PROTEIN_SECRETION	803	-0.016042778749931746	2026
HWANG_GSE202051_TREATED	coordinate permutation	HALLMARK_PROTEIN_SECRETION	804	-0.01229732016392376	2026
HWANG_GSE202051_TREATED	coordinate permutation	HALLMARK_PROTEIN_SECRETION	805	-0.01832209389172275	2026
HWANG_GSE202051_TREATED	coordinate permutation	HALLMARK_PROTEIN_SECRETION	806	-0.015277004678213557	2026
HWANG_GSE202051_TREATED	coordinate permutation	HALLMARK_PROTEIN_SECRETION	807	-0.017006447849604294	2026
HWANG_GSE202051_TREATED	coordinate permutation	HALLMARK_PROTEIN_SECRETION	808	-0.018949578781520485	2026
HWANG_GSE202051_TREATED	coordinate permutation	HALLMARK_PROTEIN_SECRETION	809	-0.014569608688066994	2026
HWANG_GSE202051_TREATED	coordinate permutation	HALLMARK_PROTEIN_SECRETION	810	-0.010699382787628236	2026
HWANG_GSE202051_TREATED	coordinate permutation	HALLMARK_PROTEIN_SECRETION	811	-0.00926755869082703	2026
HWANG_GSE202051_TREATED	coordinate permutation	HALLMARK_PROTEIN_SECRETION	812	-0.02014944495147557	2026
HWANG_GSE202051_TREATED	coordinate permutation	HALLMARK_PROTEIN_SECRETION	813	-0.013102045265845548	2026
HWANG_GSE202051_TREATED	coordinate permutation	HALLMARK_PROTEIN_SECRETION	814	-0.011880478230454879	2026
HWANG_GSE202051_TREATED	coordinate permutation	HALLMARK_PROTEIN_SECRETION	815	-0.019280347891614702	2026
HWANG_GSE202051_TREATED	coordinate permutation	HALLMARK_PROTEIN_SECRETION	816	-0.013926492185528721	2026
HWANG_GSE202051_TREATED	coordinate permutation	HALLMARK_PROTEIN_SECRETION	817	-0.019900906996725882	2026
HWANG_GSE202051_TREATED	coordinate permutation	HALLMARK_PROTEIN_SECRETION	818	-0.018673247557460245	2026
HWANG_GSE202051_TREATED	coordinate permutation	HALLMARK_PROTEIN_SECRETION	819	-0.01322381618453975	2026
HWANG_GSE202051_TREATED	coordinate permutation	HALLMARK_PROTEIN_SECRETION	820	-0.01038736153227892	2026
HWANG_GSE202051_TREATED	coordinate permutation	HALLMARK_PROTEIN_SECRETION	821	-0.020942319814816708	2026
HWANG_GSE202051_TREATED	coordinate permutation	HALLMARK_PROTEIN_SECRETION	822	-0.02315753609125152	2026
HWANG_GSE202051_TREATED	coordinate permutation	HALLMARK_PROTEIN_SECRETION	823	-0.014157700099137365	2026
HWANG_GSE202051_TREATED	coordinate permutation	HALLMARK_PROTEIN_SECRETION	824	-0.010067188811711522	2026
HWANG_GSE202051_TREATED	coordinate permutation	HALLMARK_PROTEIN_SECRETION	825	-0.01133004480771315	2026
HWANG_GSE202051_TREATED	coordinate permutation	HALLMARK_PROTEIN_SECRETION	826	-0.01133887265559019	2026
HWANG_GSE202051_TREATED	coordinate permutation	HALLMARK_PROTEIN_SECRETION	827	-0.009035805146692269	2026
HWANG_GSE202051_TREATED	coordinate permutation	HALLMARK_PROTEIN_SECRETION	828	-0.006161582044495488	2026
HWANG_GSE202051_TREATED	coordinate permutation	HALLMARK_PROTEIN_SECRETION	829	-0.016180765232250986	2026
HWANG_GSE202051_TREATED	coordinate permutation	HALLMARK_PROTEIN_SECRETION	830	-0.020112158112030307	2026
HWANG_GSE202051_TREATED	coordinate permutation	HALLMARK_PROTEIN_SECRETION	831	-0.015633269256283302	2026
HWANG_GSE202051_TREATED	coordinate permutation	HALLMARK_PROTEIN_SECRETION	832	-0.012056672034399486	2026
HWANG_GSE202051_TREATED	coordinate permutation	HALLMARK_PROTEIN_SECRETION	833	-0.013699572611265679	2026
HWANG_GSE202051_TREATED	coordinate permutation	HALLMARK_PROTEIN_SECRETION	834	-0.012821235906528691	2026
HWANG_GSE202051_TREATED	coordinate permutation	HALLMARK_PROTEIN_SECRETION	835	-0.01901616396362165	2026
HWANG_GSE202051_TREATED	coordinate permutation	HALLMARK_PROTEIN_SECRETION	836	-0.018228728122471293	2026
HWANG_GSE202051_TREATED	coordinate permutation	HALLMARK_PROTEIN_SECRETION	837	-0.012574605056232185	2026
HWANG_GSE202051_TREATED	coordinate permutation	HALLMARK_PROTEIN_SECRETION	838	-0.0175102689416337	2026
HWANG_GSE202051_TREATED	coordinate permutation	HALLMARK_PROTEIN_SECRETION	839	-0.010861146596966676	2026
HWANG_GSE202051_TREATED	coordinate permutation	HALLMARK_PROTEIN_SECRETION	840	-0.012254744030247648	2026
HWANG_GSE202051_TREATED	coordinate permutation	HALLMARK_PROTEIN_SECRETION	841	-0.019833285249944387	2026
HWANG_GSE202051_TREATED	coordinate permutation	HALLMARK_PROTEIN_SECRETION	842	-0.01818907944622953	2026
HWANG_GSE202051_TREATED	coordinate permutation	HALLMARK_PROTEIN_SECRETION	843	-0.019147202925391984	2026
HWANG_GSE202051_TREATED	coordinate permutation	HALLMARK_PROTEIN_SECRETION	844	-0.022015643832481908	2026
HWANG_GSE202051_TREATED	coordinate permutation	HALLMARK_PROTEIN_SECRETION	845	-0.014073774517983048	2026
HWANG_GSE202051_TREATED	coordinate permutation	HALLMARK_PROTEIN_SECRETION	846	-0.013655814310958803	2026
HWANG_GSE202051_TREATED	coordinate permutation	HALLMARK_PROTEIN_SECRETION	847	-0.02112041564640529	2026
HWANG_GSE202051_TREATED	coordinate permutation	HALLMARK_PROTEIN_SECRETION	848	-0.015177743926052758	2026
HWANG_GSE202051_TREATED	coordinate permutation	HALLMARK_PROTEIN_SECRETION	849	-0.013577072787965739	2026
HWANG_GSE202051_TREATED	coordinate permutation	HALLMARK_PROTEIN_SECRETION	850	-0.015637544733064515	2026
HWANG_GSE202051_TREATED	coordinate permutation	HALLMARK_PROTEIN_SECRETION	851	-0.017987130206237167	2026
HWANG_GSE202051_TREATED	coordinate permutation	HALLMARK_PROTEIN_SECRETION	852	-0.025313130496664258	2026
HWANG_GSE202051_TREATED	coordinate permutation	HALLMARK_PROTEIN_SECRETION	853	-0.011853328370193398	2026
HWANG_GSE202051_TREATED	coordinate permutation	HALLMARK_PROTEIN_SECRETION	854	-0.013332830808369807	2026
HWANG_GSE202051_TREATED	coordinate permutation	HALLMARK_PROTEIN_SECRETION	855	-0.021002488420037383	2026
HWANG_GSE202051_TREATED	coordinate permutation	HALLMARK_PROTEIN_SECRETION	856	-0.015222572976061131	2026
HWANG_GSE202051_TREATED	coordinate permutation	HALLMARK_PROTEIN_SECRETION	857	-0.007985513273418407	2026
HWANG_GSE202051_TREATED	coordinate permutation	HALLMARK_PROTEIN_SECRETION	858	-0.016565225797928275	2026
HWANG_GSE202051_TREATED	coordinate permutation	HALLMARK_PROTEIN_SECRETION	859	-0.017243546955134234	2026
HWANG_GSE202051_TREATED	coordinate permutation	HALLMARK_PROTEIN_SECRETION	860	-0.009867146480055414	2026
HWANG_GSE202051_TREATED	coordinate permutation	HALLMARK_PROTEIN_SECRETION	861	-0.014145863912423885	2026
HWANG_GSE202051_TREATED	coordinate permutation	HALLMARK_PROTEIN_SECRETION	862	-0.02203931697475617	2026
HWANG_GSE202051_TREATED	coordinate permutation	HALLMARK_PROTEIN_SECRETION	863	-0.017828398852148177	2026
HWANG_GSE202051_TREATED	coordinate permutation	HALLMARK_PROTEIN_SECRETION	864	-0.012647411747947064	2026
HWANG_GSE202051_TREATED	coordinate permutation	HALLMARK_PROTEIN_SECRETION	865	-0.017522927461353182	2026
HWANG_GSE202051_TREATED	coordinate permutation	HALLMARK_PROTEIN_SECRETION	866	-0.0038642016517442383	2026
HWANG_GSE202051_TREATED	coordinate permutation	HALLMARK_PROTEIN_SECRETION	867	-0.006583490245081974	2026
HWANG_GSE202051_TREATED	coordinate permutation	HALLMARK_PROTEIN_SECRETION	868	-0.012422055064962858	2026
HWANG_GSE202051_TREATED	coordinate permutation	HALLMARK_PROTEIN_SECRETION	869	-0.00621110797090137	2026
HWANG_GSE202051_TREATED	coordinate permutation	HALLMARK_PROTEIN_SECRETION	870	-0.014300045452398599	2026
HWANG_GSE202051_TREATED	coordinate permutation	HALLMARK_PROTEIN_SECRETION	871	-0.006738950429372465	2026
HWANG_GSE202051_TREATED	coordinate permutation	HALLMARK_PROTEIN_SECRETION	872	-0.01598902547486548	2026
HWANG_GSE202051_TREATED	coordinate permutation	HALLMARK_PROTEIN_SECRETION	873	-0.019796748314334096	2026
HWANG_GSE202051_TREATED	coordinate permutation	HALLMARK_PROTEIN_SECRETION	874	-0.0100131741619693	2026
HWANG_GSE202051_TREATED	coordinate permutation	HALLMARK_PROTEIN_SECRETION	875	-0.016571892275400308	2026
HWANG_GSE202051_TREATED	coordinate permutation	HALLMARK_PROTEIN_SECRETION	876	-0.01232615802210881	2026
HWANG_GSE202051_TREATED	coordinate permutation	HALLMARK_PROTEIN_SECRETION	877	-0.011856731132038669	2026
HWANG_GSE202051_TREATED	coordinate permutation	HALLMARK_PROTEIN_SECRETION	878	-0.014998734362049881	2026
HWANG_GSE202051_TREATED	coordinate permutation	HALLMARK_PROTEIN_SECRETION	879	-0.021207973248859816	2026
HWANG_GSE202051_TREATED	coordinate permutation	HALLMARK_PROTEIN_SECRETION	880	-0.006920309443620471	2026
HWANG_GSE202051_TREATED	coordinate permutation	HALLMARK_PROTEIN_SECRETION	881	-0.016964281028050004	2026
HWANG_GSE202051_TREATED	coordinate permutation	HALLMARK_PROTEIN_SECRETION	882	-0.008405953057149236	2026
HWANG_GSE202051_TREATED	coordinate permutation	HALLMARK_PROTEIN_SECRETION	883	-0.011750852004793127	2026
HWANG_GSE202051_TREATED	coordinate permutation	HALLMARK_PROTEIN_SECRETION	884	-0.002671323279170112	2026
HWANG_GSE202051_TREATED	coordinate permutation	HALLMARK_PROTEIN_SECRETION	885	-0.01522483903485481	2026
HWANG_GSE202051_TREATED	coordinate permutation	HALLMARK_PROTEIN_SECRETION	886	-0.020466562937895807	2026
HWANG_GSE202051_TREATED	coordinate permutation	HALLMARK_PROTEIN_SECRETION	887	-0.019061673698620867	2026
HWANG_GSE202051_TREATED	coordinate permutation	HALLMARK_PROTEIN_SECRETION	888	-0.021151242297444018	2026
HWANG_GSE202051_TREATED	coordinate permutation	HALLMARK_PROTEIN_SECRETION	889	-0.0069703844695048625	2026
HWANG_GSE202051_TREATED	coordinate permutation	HALLMARK_PROTEIN_SECRETION	890	-0.00985343507829133	2026
HWANG_GSE202051_TREATED	coordinate permutation	HALLMARK_PROTEIN_SECRETION	891	-0.012298121309153316	2026
HWANG_GSE202051_TREATED	coordinate permutation	HALLMARK_PROTEIN_SECRETION	892	-0.01164624545220702	2026
HWANG_GSE202051_TREATED	coordinate permutation	HALLMARK_PROTEIN_SECRETION	893	-0.012775696902070104	2026
HWANG_GSE202051_TREATED	coordinate permutation	HALLMARK_PROTEIN_SECRETION	894	-0.0102900285243403	2026
HWANG_GSE202051_TREATED	coordinate permutation	HALLMARK_PROTEIN_SECRETION	895	-0.010952765906206722	2026
HWANG_GSE202051_TREATED	coordinate permutation	HALLMARK_PROTEIN_SECRETION	896	-0.018114840730468085	2026
HWANG_GSE202051_TREATED	coordinate permutation	HALLMARK_PROTEIN_SECRETION	897	-0.020606203302182068	2026
HWANG_GSE202051_TREATED	coordinate permutation	HALLMARK_PROTEIN_SECRETION	898	-0.015175514951520192	2026
HWANG_GSE202051_TREATED	coordinate permutation	HALLMARK_PROTEIN_SECRETION	899	-0.018148004685078212	2026
HWANG_GSE202051_TREATED	coordinate permutation	HALLMARK_PROTEIN_SECRETION	900	-0.015905147420463246	2026
HWANG_GSE202051_TREATED	coordinate permutation	HALLMARK_PROTEIN_SECRETION	901	-0.010151934721965431	2026
HWANG_GSE202051_TREATED	coordinate permutation	HALLMARK_PROTEIN_SECRETION	902	-0.013166899169026691	2026
HWANG_GSE202051_TREATED	coordinate permutation	HALLMARK_PROTEIN_SECRETION	903	-0.01222605497824746	2026
HWANG_GSE202051_TREATED	coordinate permutation	HALLMARK_PROTEIN_SECRETION	904	-0.013586289353584392	2026
HWANG_GSE202051_TREATED	coordinate permutation	HALLMARK_PROTEIN_SECRETION	905	-0.019291675082997693	2026
HWANG_GSE202051_TREATED	coordinate permutation	HALLMARK_PROTEIN_SECRETION	906	-0.02004851931446691	2026
HWANG_GSE202051_TREATED	coordinate permutation	HALLMARK_PROTEIN_SECRETION	907	-0.010572453780904397	2026
HWANG_GSE202051_TREATED	coordinate permutation	HALLMARK_PROTEIN_SECRETION	908	-0.024479840521800803	2026
HWANG_GSE202051_TREATED	coordinate permutation	HALLMARK_PROTEIN_SECRETION	909	-0.008517851799969715	2026
HWANG_GSE202051_TREATED	coordinate permutation	HALLMARK_PROTEIN_SECRETION	910	-0.01566827301821635	2026
HWANG_GSE202051_TREATED	coordinate permutation	HALLMARK_PROTEIN_SECRETION	911	-0.021913069462331083	2026
HWANG_GSE202051_TREATED	coordinate permutation	HALLMARK_PROTEIN_SECRETION	912	-0.019138189886920468	2026
HWANG_GSE202051_TREATED	coordinate permutation	HALLMARK_PROTEIN_SECRETION	913	-0.015961038244516796	2026
HWANG_GSE202051_TREATED	coordinate permutation	HALLMARK_PROTEIN_SECRETION	914	-0.012281467280482414	2026
HWANG_GSE202051_TREATED	coordinate permutation	HALLMARK_PROTEIN_SECRETION	915	-0.01885923790589214	2026
HWANG_GSE202051_TREATED	coordinate permutation	HALLMARK_PROTEIN_SECRETION	916	-0.01886069711629769	2026
HWANG_GSE202051_TREATED	coordinate permutation	HALLMARK_PROTEIN_SECRETION	917	-0.016071677825606433	2026
HWANG_GSE202051_TREATED	coordinate permutation	HALLMARK_PROTEIN_SECRETION	918	-0.007941199178194054	2026
HWANG_GSE202051_TREATED	coordinate permutation	HALLMARK_PROTEIN_SECRETION	919	-0.006958018643645695	2026
HWANG_GSE202051_TREATED	coordinate permutation	HALLMARK_PROTEIN_SECRETION	920	-0.017388217186953134	2026
HWANG_GSE202051_TREATED	coordinate permutation	HALLMARK_PROTEIN_SECRETION	921	-0.012595237323230321	2026
HWANG_GSE202051_TREATED	coordinate permutation	HALLMARK_PROTEIN_SECRETION	922	-0.016856007869129098	2026
HWANG_GSE202051_TREATED	coordinate permutation	HALLMARK_PROTEIN_SECRETION	923	-0.011827575509362113	2026
HWANG_GSE202051_TREATED	coordinate permutation	HALLMARK_PROTEIN_SECRETION	924	-0.017324546245564357	2026
HWANG_GSE202051_TREATED	coordinate permutation	HALLMARK_PROTEIN_SECRETION	925	-0.016485379240853817	2026
HWANG_GSE202051_TREATED	coordinate permutation	HALLMARK_PROTEIN_SECRETION	926	-0.014914724643803664	2026
HWANG_GSE202051_TREATED	coordinate permutation	HALLMARK_PROTEIN_SECRETION	927	-0.018817344030259805	2026
HWANG_GSE202051_TREATED	coordinate permutation	HALLMARK_PROTEIN_SECRETION	928	-0.01601887581728104	2026
HWANG_GSE202051_TREATED	coordinate permutation	HALLMARK_PROTEIN_SECRETION	929	-0.018552045034057628	2026
HWANG_GSE202051_TREATED	coordinate permutation	HALLMARK_PROTEIN_SECRETION	930	-0.01642302567509632	2026
HWANG_GSE202051_TREATED	coordinate permutation	HALLMARK_PROTEIN_SECRETION	931	-0.020855442304180512	2026
HWANG_GSE202051_TREATED	coordinate permutation	HALLMARK_PROTEIN_SECRETION	932	-0.013304066253514605	2026
HWANG_GSE202051_TREATED	coordinate permutation	HALLMARK_PROTEIN_SECRETION	933	-0.015288238454687726	2026
HWANG_GSE202051_TREATED	coordinate permutation	HALLMARK_PROTEIN_SECRETION	934	-0.010277546059275819	2026
HWANG_GSE202051_TREATED	coordinate permutation	HALLMARK_PROTEIN_SECRETION	935	-0.015490703179309864	2026
HWANG_GSE202051_TREATED	coordinate permutation	HALLMARK_PROTEIN_SECRETION	936	-0.015326402517247947	2026
HWANG_GSE202051_TREATED	coordinate permutation	HALLMARK_PROTEIN_SECRETION	937	-0.015538938997852164	2026
HWANG_GSE202051_TREATED	coordinate permutation	HALLMARK_PROTEIN_SECRETION	938	-0.009772238400540765	2026
HWANG_GSE202051_TREATED	coordinate permutation	HALLMARK_PROTEIN_SECRETION	939	-0.022669388575686258	2026
HWANG_GSE202051_TREATED	coordinate permutation	HALLMARK_PROTEIN_SECRETION	940	-0.01646219954305899	2026
HWANG_GSE202051_TREATED	coordinate permutation	HALLMARK_PROTEIN_SECRETION	941	-0.013142666055301124	2026
HWANG_GSE202051_TREATED	coordinate permutation	HALLMARK_PROTEIN_SECRETION	942	-0.0049933984132884985	2026
HWANG_GSE202051_TREATED	coordinate permutation	HALLMARK_PROTEIN_SECRETION	943	-0.019203570820985557	2026
HWANG_GSE202051_TREATED	coordinate permutation	HALLMARK_PROTEIN_SECRETION	944	-0.023816131939646268	2026
HWANG_GSE202051_TREATED	coordinate permutation	HALLMARK_PROTEIN_SECRETION	945	-0.019932072684671006	2026
HWANG_GSE202051_TREATED	coordinate permutation	HALLMARK_PROTEIN_SECRETION	946	-0.012287212235090607	2026
HWANG_GSE202051_TREATED	coordinate permutation	HALLMARK_PROTEIN_SECRETION	947	-0.013677720796337126	2026
HWANG_GSE202051_TREATED	coordinate permutation	HALLMARK_PROTEIN_SECRETION	948	-0.010374490008619393	2026
HWANG_GSE202051_TREATED	coordinate permutation	HALLMARK_PROTEIN_SECRETION	949	-0.01513722843510665	2026
HWANG_GSE202051_TREATED	coordinate permutation	HALLMARK_PROTEIN_SECRETION	950	-0.010055811517295786	2026
HWANG_GSE202051_TREATED	coordinate permutation	HALLMARK_PROTEIN_SECRETION	951	-0.01141128581686725	2026
HWANG_GSE202051_TREATED	coordinate permutation	HALLMARK_PROTEIN_SECRETION	952	-0.021197345494076442	2026
HWANG_GSE202051_TREATED	coordinate permutation	HALLMARK_PROTEIN_SECRETION	953	-0.013076042125677544	2026
HWANG_GSE202051_TREATED	coordinate permutation	HALLMARK_PROTEIN_SECRETION	954	-0.016958227808519386	2026
HWANG_GSE202051_TREATED	coordinate permutation	HALLMARK_PROTEIN_SECRETION	955	-0.01257470507516707	2026
HWANG_GSE202051_TREATED	coordinate permutation	HALLMARK_PROTEIN_SECRETION	956	-0.008140476477135766	2026
HWANG_GSE202051_TREATED	coordinate permutation	HALLMARK_PROTEIN_SECRETION	957	-0.02059860883145068	2026
HWANG_GSE202051_TREATED	coordinate permutation	HALLMARK_PROTEIN_SECRETION	958	-0.010377221780737793	2026
HWANG_GSE202051_TREATED	coordinate permutation	HALLMARK_PROTEIN_SECRETION	959	-0.015928988218577057	2026
HWANG_GSE202051_TREATED	coordinate permutation	HALLMARK_PROTEIN_SECRETION	960	-0.025765724268382355	2026
HWANG_GSE202051_TREATED	coordinate permutation	HALLMARK_PROTEIN_SECRETION	961	-0.02084826070510773	2026
HWANG_GSE202051_TREATED	coordinate permutation	HALLMARK_PROTEIN_SECRETION	962	-0.014344999935765277	2026
HWANG_GSE202051_TREATED	coordinate permutation	HALLMARK_PROTEIN_SECRETION	963	-0.014944972080998887	2026
HWANG_GSE202051_TREATED	coordinate permutation	HALLMARK_PROTEIN_SECRETION	964	-0.009070138504943117	2026
HWANG_GSE202051_TREATED	coordinate permutation	HALLMARK_PROTEIN_SECRETION	965	-0.014612082310796908	2026
HWANG_GSE202051_TREATED	coordinate permutation	HALLMARK_PROTEIN_SECRETION	966	-0.013501683322449994	2026
HWANG_GSE202051_TREATED	coordinate permutation	HALLMARK_PROTEIN_SECRETION	967	-0.017851639063098727	2026
HWANG_GSE202051_TREATED	coordinate permutation	HALLMARK_PROTEIN_SECRETION	968	-0.010249403545135717	2026
HWANG_GSE202051_TREATED	coordinate permutation	HALLMARK_PROTEIN_SECRETION	969	-0.020447229009153446	2026
HWANG_GSE202051_TREATED	coordinate permutation	HALLMARK_PROTEIN_SECRETION	970	-0.013236270438887693	2026
HWANG_GSE202051_TREATED	coordinate permutation	HALLMARK_PROTEIN_SECRETION	971	-0.004410850510175827	2026
HWANG_GSE202051_TREATED	coordinate permutation	HALLMARK_PROTEIN_SECRETION	972	-0.011563236699782665	2026
HWANG_GSE202051_TREATED	coordinate permutation	HALLMARK_PROTEIN_SECRETION	973	-0.013109407600484986	2026
HWANG_GSE202051_TREATED	coordinate permutation	HALLMARK_PROTEIN_SECRETION	974	-0.016633803771866826	2026
HWANG_GSE202051_TREATED	coordinate permutation	HALLMARK_PROTEIN_SECRETION	975	-0.019251398728797643	2026
HWANG_GSE202051_TREATED	coordinate permutation	HALLMARK_PROTEIN_SECRETION	976	-0.015877103137371135	2026
HWANG_GSE202051_TREATED	coordinate permutation	HALLMARK_PROTEIN_SECRETION	977	-0.01577550830490401	2026
HWANG_GSE202051_TREATED	coordinate permutation	HALLMARK_PROTEIN_SECRETION	978	-0.002838809513825548	2026
HWANG_GSE202051_TREATED	coordinate permutation	HALLMARK_PROTEIN_SECRETION	979	-0.02160761323739421	2026
HWANG_GSE202051_TREATED	coordinate permutation	HALLMARK_PROTEIN_SECRETION	980	-0.00125392751847423	2026
HWANG_GSE202051_TREATED	coordinate permutation	HALLMARK_PROTEIN_SECRETION	981	-0.020051456286462037	2026
HWANG_GSE202051_TREATED	coordinate permutation	HALLMARK_PROTEIN_SECRETION	982	-0.01137159970945881	2026
HWANG_GSE202051_TREATED	coordinate permutation	HALLMARK_PROTEIN_SECRETION	983	-0.017234856095496083	2026
HWANG_GSE202051_TREATED	coordinate permutation	HALLMARK_PROTEIN_SECRETION	984	-0.015114181608763566	2026
HWANG_GSE202051_TREATED	coordinate permutation	HALLMARK_PROTEIN_SECRETION	985	-0.011495210261504005	2026
HWANG_GSE202051_TREATED	coordinate permutation	HALLMARK_PROTEIN_SECRETION	986	-0.021235076275991666	2026
HWANG_GSE202051_TREATED	coordinate permutation	HALLMARK_PROTEIN_SECRETION	987	-0.01572823012088983	2026
HWANG_GSE202051_TREATED	coordinate permutation	HALLMARK_PROTEIN_SECRETION	988	-0.014440414389273402	2026
HWANG_GSE202051_TREATED	coordinate permutation	HALLMARK_PROTEIN_SECRETION	989	-0.0003146107787055483	2026
HWANG_GSE202051_TREATED	coordinate permutation	HALLMARK_PROTEIN_SECRETION	990	-0.019155878946029905	2026
HWANG_GSE202051_TREATED	coordinate permutation	HALLMARK_PROTEIN_SECRETION	991	-0.01697146130585573	2026
HWANG_GSE202051_TREATED	coordinate permutation	HALLMARK_PROTEIN_SECRETION	992	-0.022434478024884075	2026
HWANG_GSE202051_TREATED	coordinate permutation	HALLMARK_PROTEIN_SECRETION	993	-0.017838738383468278	2026
HWANG_GSE202051_TREATED	coordinate permutation	HALLMARK_PROTEIN_SECRETION	994	-0.01625698644261831	2026
HWANG_GSE202051_TREATED	coordinate permutation	HALLMARK_PROTEIN_SECRETION	995	-0.018833393855157924	2026
HWANG_GSE202051_TREATED	coordinate permutation	HALLMARK_PROTEIN_SECRETION	996	-0.01034069976346641	2026
HWANG_GSE202051_TREATED	coordinate permutation	HALLMARK_PROTEIN_SECRETION	997	-0.014037817614316063	2026
HWANG_GSE202051_TREATED	coordinate permutation	HALLMARK_PROTEIN_SECRETION	998	-0.009606080633090267	2026
HWANG_GSE202051_TREATED	coordinate permutation	HALLMARK_PROTEIN_SECRETION	999	-0.014361056751132062	2026
HWANG_GSE202051_TREATED	coordinate permutation	HALLMARK_PROTEIN_SECRETION	1000	-0.01487405011412712	2026
HWANG_GSE202051_TREATED	label permutation	HALLMARK_PROTEIN_SECRETION	1	0.0010302009543193152	2026
HWANG_GSE202051_TREATED	label permutation	HALLMARK_PROTEIN_SECRETION	2	0.006325674119125424	2026
HWANG_GSE202051_TREATED	label permutation	HALLMARK_PROTEIN_SECRETION	3	-0.007182232156425504	2026
HWANG_GSE202051_TREATED	label permutation	HALLMARK_PROTEIN_SECRETION	4	-0.0011488412185071608	2026
HWANG_GSE202051_TREATED	label permutation	HALLMARK_PROTEIN_SECRETION	5	-0.00723841682533355	2026
HWANG_GSE202051_TREATED	label permutation	HALLMARK_PROTEIN_SECRETION	6	0.004025219508322213	2026
HWANG_GSE202051_TREATED	label permutation	HALLMARK_PROTEIN_SECRETION	7	0.006378388057409633	2026
HWANG_GSE202051_TREATED	label permutation	HALLMARK_PROTEIN_SECRETION	8	0.003433762877457959	2026
HWANG_GSE202051_TREATED	label permutation	HALLMARK_PROTEIN_SECRETION	9	0.005177380068718561	2026
HWANG_GSE202051_TREATED	label permutation	HALLMARK_PROTEIN_SECRETION	10	-0.005624865218146307	2026
HWANG_GSE202051_TREATED	label permutation	HALLMARK_PROTEIN_SECRETION	11	-0.002833181935037909	2026
HWANG_GSE202051_TREATED	label permutation	HALLMARK_PROTEIN_SECRETION	12	0.0009522093475866853	2026
HWANG_GSE202051_TREATED	label permutation	HALLMARK_PROTEIN_SECRETION	13	0.00018546449987675472	2026
HWANG_GSE202051_TREATED	label permutation	HALLMARK_PROTEIN_SECRETION	14	-0.0035122025739277875	2026
HWANG_GSE202051_TREATED	label permutation	HALLMARK_PROTEIN_SECRETION	15	0.00490732764794062	2026
HWANG_GSE202051_TREATED	label permutation	HALLMARK_PROTEIN_SECRETION	16	0.004041051809740097	2026
HWANG_GSE202051_TREATED	label permutation	HALLMARK_PROTEIN_SECRETION	17	0.0009583593253971739	2026
HWANG_GSE202051_TREATED	label permutation	HALLMARK_PROTEIN_SECRETION	18	-0.0008342080056576714	2026
HWANG_GSE202051_TREATED	label permutation	HALLMARK_PROTEIN_SECRETION	19	-0.004803094793431008	2026
HWANG_GSE202051_TREATED	label permutation	HALLMARK_PROTEIN_SECRETION	20	0.007629280415254948	2026
HWANG_GSE202051_TREATED	label permutation	HALLMARK_PROTEIN_SECRETION	21	-0.0021131530640980944	2026
HWANG_GSE202051_TREATED	label permutation	HALLMARK_PROTEIN_SECRETION	22	-0.00941440246810459	2026
HWANG_GSE202051_TREATED	label permutation	HALLMARK_PROTEIN_SECRETION	23	0.0025790381555890842	2026
HWANG_GSE202051_TREATED	label permutation	HALLMARK_PROTEIN_SECRETION	24	0.006036427613038874	2026
HWANG_GSE202051_TREATED	label permutation	HALLMARK_PROTEIN_SECRETION	25	0.005818942743605778	2026
HWANG_GSE202051_TREATED	label permutation	HALLMARK_PROTEIN_SECRETION	26	0.0076618954865982	2026
HWANG_GSE202051_TREATED	label permutation	HALLMARK_PROTEIN_SECRETION	27	-0.009974980045924444	2026
HWANG_GSE202051_TREATED	label permutation	HALLMARK_PROTEIN_SECRETION	28	0.0012056294215217237	2026
HWANG_GSE202051_TREATED	label permutation	HALLMARK_PROTEIN_SECRETION	29	-0.0021604186920377738	2026
HWANG_GSE202051_TREATED	label permutation	HALLMARK_PROTEIN_SECRETION	30	-0.007158682512255885	2026
HWANG_GSE202051_TREATED	label permutation	HALLMARK_PROTEIN_SECRETION	31	0.009679288174572706	2026
HWANG_GSE202051_TREATED	label permutation	HALLMARK_PROTEIN_SECRETION	32	0.006474330817015965	2026
HWANG_GSE202051_TREATED	label permutation	HALLMARK_PROTEIN_SECRETION	33	0.002748784346219988	2026
HWANG_GSE202051_TREATED	label permutation	HALLMARK_PROTEIN_SECRETION	34	-0.009066703666965189	2026
HWANG_GSE202051_TREATED	label permutation	HALLMARK_PROTEIN_SECRETION	35	-0.005926237860302548	2026
HWANG_GSE202051_TREATED	label permutation	HALLMARK_PROTEIN_SECRETION	36	-0.009701272126880885	2026
HWANG_GSE202051_TREATED	label permutation	HALLMARK_PROTEIN_SECRETION	37	-0.0010849288728183712	2026
HWANG_GSE202051_TREATED	label permutation	HALLMARK_PROTEIN_SECRETION	38	0.0040440842723758795	2026
HWANG_GSE202051_TREATED	label permutation	HALLMARK_PROTEIN_SECRETION	39	-0.001959933465621042	2026
HWANG_GSE202051_TREATED	label permutation	HALLMARK_PROTEIN_SECRETION	40	0.010430844766928944	2026
HWANG_GSE202051_TREATED	label permutation	HALLMARK_PROTEIN_SECRETION	41	-0.004314917179718014	2026
HWANG_GSE202051_TREATED	label permutation	HALLMARK_PROTEIN_SECRETION	42	-0.0071213901029961455	2026
HWANG_GSE202051_TREATED	label permutation	HALLMARK_PROTEIN_SECRETION	43	0.0027870922676865007	2026
HWANG_GSE202051_TREATED	label permutation	HALLMARK_PROTEIN_SECRETION	44	0.00406085685415434	2026
HWANG_GSE202051_TREATED	label permutation	HALLMARK_PROTEIN_SECRETION	45	-0.007374440450882965	2026
HWANG_GSE202051_TREATED	label permutation	HALLMARK_PROTEIN_SECRETION	46	0.0058817102127146125	2026
HWANG_GSE202051_TREATED	label permutation	HALLMARK_PROTEIN_SECRETION	47	0.003134312389841473	2026
HWANG_GSE202051_TREATED	label permutation	HALLMARK_PROTEIN_SECRETION	48	0.005255321920106266	2026
HWANG_GSE202051_TREATED	label permutation	HALLMARK_PROTEIN_SECRETION	49	0.009825636975627517	2026
HWANG_GSE202051_TREATED	label permutation	HALLMARK_PROTEIN_SECRETION	50	0.0004226105850367173	2026
HWANG_GSE202051_TREATED	label permutation	HALLMARK_PROTEIN_SECRETION	51	0.005607775487192876	2026
HWANG_GSE202051_TREATED	label permutation	HALLMARK_PROTEIN_SECRETION	52	0.004253799029587961	2026
HWANG_GSE202051_TREATED	label permutation	HALLMARK_PROTEIN_SECRETION	53	0.0005180756960711709	2026
HWANG_GSE202051_TREATED	label permutation	HALLMARK_PROTEIN_SECRETION	54	-0.005224053772854195	2026
HWANG_GSE202051_TREATED	label permutation	HALLMARK_PROTEIN_SECRETION	55	-0.0018565671022865798	2026
HWANG_GSE202051_TREATED	label permutation	HALLMARK_PROTEIN_SECRETION	56	-0.0014550532331808576	2026
HWANG_GSE202051_TREATED	label permutation	HALLMARK_PROTEIN_SECRETION	57	-0.004217245391893993	2026
HWANG_GSE202051_TREATED	label permutation	HALLMARK_PROTEIN_SECRETION	58	0.0034591532537342823	2026
HWANG_GSE202051_TREATED	label permutation	HALLMARK_PROTEIN_SECRETION	59	0.00028917679764240686	2026
HWANG_GSE202051_TREATED	label permutation	HALLMARK_PROTEIN_SECRETION	60	-9.043714856019258e-05	2026
HWANG_GSE202051_TREATED	label permutation	HALLMARK_PROTEIN_SECRETION	61	0.004013225867699735	2026
HWANG_GSE202051_TREATED	label permutation	HALLMARK_PROTEIN_SECRETION	62	-0.0038633855811920333	2026
HWANG_GSE202051_TREATED	label permutation	HALLMARK_PROTEIN_SECRETION	63	-0.0023779981481554108	2026
HWANG_GSE202051_TREATED	label permutation	HALLMARK_PROTEIN_SECRETION	64	0.001899636117825128	2026
HWANG_GSE202051_TREATED	label permutation	HALLMARK_PROTEIN_SECRETION	65	-0.0022573369017211907	2026
HWANG_GSE202051_TREATED	label permutation	HALLMARK_PROTEIN_SECRETION	66	0.005213796917694326	2026
HWANG_GSE202051_TREATED	label permutation	HALLMARK_PROTEIN_SECRETION	67	-0.0038628739250462724	2026
HWANG_GSE202051_TREATED	label permutation	HALLMARK_PROTEIN_SECRETION	68	-0.003996824507403883	2026
HWANG_GSE202051_TREATED	label permutation	HALLMARK_PROTEIN_SECRETION	69	0.00317347495011148	2026
HWANG_GSE202051_TREATED	label permutation	HALLMARK_PROTEIN_SECRETION	70	0.004443163164413431	2026
HWANG_GSE202051_TREATED	label permutation	HALLMARK_PROTEIN_SECRETION	71	0.00337673883509284	2026
HWANG_GSE202051_TREATED	label permutation	HALLMARK_PROTEIN_SECRETION	72	0.002147596516309384	2026
HWANG_GSE202051_TREATED	label permutation	HALLMARK_PROTEIN_SECRETION	73	0.007798864859900715	2026
HWANG_GSE202051_TREATED	label permutation	HALLMARK_PROTEIN_SECRETION	74	0.003085771452587736	2026
HWANG_GSE202051_TREATED	label permutation	HALLMARK_PROTEIN_SECRETION	75	-0.011744899405040938	2026
HWANG_GSE202051_TREATED	label permutation	HALLMARK_PROTEIN_SECRETION	76	-0.0075185568768264205	2026
HWANG_GSE202051_TREATED	label permutation	HALLMARK_PROTEIN_SECRETION	77	0.006401623719317675	2026
HWANG_GSE202051_TREATED	label permutation	HALLMARK_PROTEIN_SECRETION	78	-0.0018488501365812996	2026
HWANG_GSE202051_TREATED	label permutation	HALLMARK_PROTEIN_SECRETION	79	-0.0013712144921820787	2026
HWANG_GSE202051_TREATED	label permutation	HALLMARK_PROTEIN_SECRETION	80	-0.002495865934918227	2026
HWANG_GSE202051_TREATED	label permutation	HALLMARK_PROTEIN_SECRETION	81	-0.0006646262340813542	2026
HWANG_GSE202051_TREATED	label permutation	HALLMARK_PROTEIN_SECRETION	82	-0.009949232326894491	2026
HWANG_GSE202051_TREATED	label permutation	HALLMARK_PROTEIN_SECRETION	83	4.547637210106587e-05	2026
HWANG_GSE202051_TREATED	label permutation	HALLMARK_PROTEIN_SECRETION	84	0.009995996277422575	2026
HWANG_GSE202051_TREATED	label permutation	HALLMARK_PROTEIN_SECRETION	85	0.0037743199862164643	2026
HWANG_GSE202051_TREATED	label permutation	HALLMARK_PROTEIN_SECRETION	86	0.004021639578206955	2026
HWANG_GSE202051_TREATED	label permutation	HALLMARK_PROTEIN_SECRETION	87	-0.0020957471360260136	2026
HWANG_GSE202051_TREATED	label permutation	HALLMARK_PROTEIN_SECRETION	88	-0.009669899571222211	2026
HWANG_GSE202051_TREATED	label permutation	HALLMARK_PROTEIN_SECRETION	89	-0.011728977567981152	2026
HWANG_GSE202051_TREATED	label permutation	HALLMARK_PROTEIN_SECRETION	90	0.0042656020542146235	2026
HWANG_GSE202051_TREATED	label permutation	HALLMARK_PROTEIN_SECRETION	91	0.0016620729428866248	2026
HWANG_GSE202051_TREATED	label permutation	HALLMARK_PROTEIN_SECRETION	92	0.013662710094959054	2026
HWANG_GSE202051_TREATED	label permutation	HALLMARK_PROTEIN_SECRETION	93	-0.00738402615073359	2026
HWANG_GSE202051_TREATED	label permutation	HALLMARK_PROTEIN_SECRETION	94	-0.011859245859315241	2026
HWANG_GSE202051_TREATED	label permutation	HALLMARK_PROTEIN_SECRETION	95	0.010309321041735982	2026
HWANG_GSE202051_TREATED	label permutation	HALLMARK_PROTEIN_SECRETION	96	-0.01417073110052949	2026
HWANG_GSE202051_TREATED	label permutation	HALLMARK_PROTEIN_SECRETION	97	-0.004065254667527676	2026
HWANG_GSE202051_TREATED	label permutation	HALLMARK_PROTEIN_SECRETION	98	-0.002582252094100669	2026
HWANG_GSE202051_TREATED	label permutation	HALLMARK_PROTEIN_SECRETION	99	-0.0026623339324160743	2026
HWANG_GSE202051_TREATED	label permutation	HALLMARK_PROTEIN_SECRETION	100	-0.012811367638958775	2026
HWANG_GSE202051_TREATED	label permutation	HALLMARK_PROTEIN_SECRETION	101	-0.007366157359392844	2026
HWANG_GSE202051_TREATED	label permutation	HALLMARK_PROTEIN_SECRETION	102	0.0010285305683665415	2026
HWANG_GSE202051_TREATED	label permutation	HALLMARK_PROTEIN_SECRETION	103	0.003283314731180346	2026
HWANG_GSE202051_TREATED	label permutation	HALLMARK_PROTEIN_SECRETION	104	-0.006384350119098747	2026
HWANG_GSE202051_TREATED	label permutation	HALLMARK_PROTEIN_SECRETION	105	-0.011030874130225328	2026
HWANG_GSE202051_TREATED	label permutation	HALLMARK_PROTEIN_SECRETION	106	-0.008506588363809341	2026
HWANG_GSE202051_TREATED	label permutation	HALLMARK_PROTEIN_SECRETION	107	0.0011855605190165372	2026
HWANG_GSE202051_TREATED	label permutation	HALLMARK_PROTEIN_SECRETION	108	-0.0017862022476942425	2026
HWANG_GSE202051_TREATED	label permutation	HALLMARK_PROTEIN_SECRETION	109	0.004771367977300884	2026
HWANG_GSE202051_TREATED	label permutation	HALLMARK_PROTEIN_SECRETION	110	0.010893339286166875	2026
HWANG_GSE202051_TREATED	label permutation	HALLMARK_PROTEIN_SECRETION	111	0.0006526201889708633	2026
HWANG_GSE202051_TREATED	label permutation	HALLMARK_PROTEIN_SECRETION	112	-0.0037171786459356893	2026
HWANG_GSE202051_TREATED	label permutation	HALLMARK_PROTEIN_SECRETION	113	0.00694880528674561	2026
HWANG_GSE202051_TREATED	label permutation	HALLMARK_PROTEIN_SECRETION	114	0.010493047004050586	2026
HWANG_GSE202051_TREATED	label permutation	HALLMARK_PROTEIN_SECRETION	115	0.0020564950362658573	2026
HWANG_GSE202051_TREATED	label permutation	HALLMARK_PROTEIN_SECRETION	116	-0.004817147387212711	2026
HWANG_GSE202051_TREATED	label permutation	HALLMARK_PROTEIN_SECRETION	117	0.001396574139962109	2026
HWANG_GSE202051_TREATED	label permutation	HALLMARK_PROTEIN_SECRETION	118	-0.002760740732953306	2026
HWANG_GSE202051_TREATED	label permutation	HALLMARK_PROTEIN_SECRETION	119	0.004066970387442907	2026
HWANG_GSE202051_TREATED	label permutation	HALLMARK_PROTEIN_SECRETION	120	-0.004575403020506915	2026
HWANG_GSE202051_TREATED	label permutation	HALLMARK_PROTEIN_SECRETION	121	0.001520957434397199	2026
HWANG_GSE202051_TREATED	label permutation	HALLMARK_PROTEIN_SECRETION	122	0.0045048968791324235	2026
HWANG_GSE202051_TREATED	label permutation	HALLMARK_PROTEIN_SECRETION	123	-0.0016438155614368112	2026
HWANG_GSE202051_TREATED	label permutation	HALLMARK_PROTEIN_SECRETION	124	0.0026480422289429898	2026
HWANG_GSE202051_TREATED	label permutation	HALLMARK_PROTEIN_SECRETION	125	-0.007850257948621667	2026
HWANG_GSE202051_TREATED	label permutation	HALLMARK_PROTEIN_SECRETION	126	-0.013815729652823837	2026
HWANG_GSE202051_TREATED	label permutation	HALLMARK_PROTEIN_SECRETION	127	0.0004135488258141705	2026
HWANG_GSE202051_TREATED	label permutation	HALLMARK_PROTEIN_SECRETION	128	0.0038100592714719926	2026
HWANG_GSE202051_TREATED	label permutation	HALLMARK_PROTEIN_SECRETION	129	-0.016433772316164493	2026
HWANG_GSE202051_TREATED	label permutation	HALLMARK_PROTEIN_SECRETION	130	-0.002977480690547532	2026
HWANG_GSE202051_TREATED	label permutation	HALLMARK_PROTEIN_SECRETION	131	0.0012478505331902216	2026
HWANG_GSE202051_TREATED	label permutation	HALLMARK_PROTEIN_SECRETION	132	0.015320937482035958	2026
HWANG_GSE202051_TREATED	label permutation	HALLMARK_PROTEIN_SECRETION	133	-0.0008390780580818957	2026
HWANG_GSE202051_TREATED	label permutation	HALLMARK_PROTEIN_SECRETION	134	0.0029489671910156823	2026
HWANG_GSE202051_TREATED	label permutation	HALLMARK_PROTEIN_SECRETION	135	0.007899243599402077	2026
HWANG_GSE202051_TREATED	label permutation	HALLMARK_PROTEIN_SECRETION	136	0.007143121510892241	2026
HWANG_GSE202051_TREATED	label permutation	HALLMARK_PROTEIN_SECRETION	137	0.0012523391061289376	2026
HWANG_GSE202051_TREATED	label permutation	HALLMARK_PROTEIN_SECRETION	138	0.004021278419573817	2026
HWANG_GSE202051_TREATED	label permutation	HALLMARK_PROTEIN_SECRETION	139	0.005265866257153342	2026
HWANG_GSE202051_TREATED	label permutation	HALLMARK_PROTEIN_SECRETION	140	0.0010124588100205473	2026
HWANG_GSE202051_TREATED	label permutation	HALLMARK_PROTEIN_SECRETION	141	-0.0014917975171466558	2026
HWANG_GSE202051_TREATED	label permutation	HALLMARK_PROTEIN_SECRETION	142	0.0019681243013655973	2026
HWANG_GSE202051_TREATED	label permutation	HALLMARK_PROTEIN_SECRETION	143	0.0006129299168265515	2026
HWANG_GSE202051_TREATED	label permutation	HALLMARK_PROTEIN_SECRETION	144	-0.0045778678072164606	2026
HWANG_GSE202051_TREATED	label permutation	HALLMARK_PROTEIN_SECRETION	145	-0.003375485866162643	2026
HWANG_GSE202051_TREATED	label permutation	HALLMARK_PROTEIN_SECRETION	146	0.008244962344480172	2026
HWANG_GSE202051_TREATED	label permutation	HALLMARK_PROTEIN_SECRETION	147	0.004084094462927414	2026
HWANG_GSE202051_TREATED	label permutation	HALLMARK_PROTEIN_SECRETION	148	-0.0009264194544370884	2026
HWANG_GSE202051_TREATED	label permutation	HALLMARK_PROTEIN_SECRETION	149	0.001398158880445375	2026
HWANG_GSE202051_TREATED	label permutation	HALLMARK_PROTEIN_SECRETION	150	0.008203420071137592	2026
HWANG_GSE202051_TREATED	label permutation	HALLMARK_PROTEIN_SECRETION	151	0.0018130399903538324	2026
HWANG_GSE202051_TREATED	label permutation	HALLMARK_PROTEIN_SECRETION	152	-0.004986288564682813	2026
HWANG_GSE202051_TREATED	label permutation	HALLMARK_PROTEIN_SECRETION	153	0.0003318034823527039	2026
HWANG_GSE202051_TREATED	label permutation	HALLMARK_PROTEIN_SECRETION	154	-0.0011428890088289133	2026
HWANG_GSE202051_TREATED	label permutation	HALLMARK_PROTEIN_SECRETION	155	0.002207655611563659	2026
HWANG_GSE202051_TREATED	label permutation	HALLMARK_PROTEIN_SECRETION	156	-0.009124195133676133	2026
HWANG_GSE202051_TREATED	label permutation	HALLMARK_PROTEIN_SECRETION	157	-0.0018441460080327987	2026
HWANG_GSE202051_TREATED	label permutation	HALLMARK_PROTEIN_SECRETION	158	-0.012015141205059544	2026
HWANG_GSE202051_TREATED	label permutation	HALLMARK_PROTEIN_SECRETION	159	-0.005773899114836246	2026
HWANG_GSE202051_TREATED	label permutation	HALLMARK_PROTEIN_SECRETION	160	-0.003060521989536652	2026
HWANG_GSE202051_TREATED	label permutation	HALLMARK_PROTEIN_SECRETION	161	-0.014154547525022591	2026
HWANG_GSE202051_TREATED	label permutation	HALLMARK_PROTEIN_SECRETION	162	0.016594075798522137	2026
HWANG_GSE202051_TREATED	label permutation	HALLMARK_PROTEIN_SECRETION	163	-0.00020311879378045612	2026
HWANG_GSE202051_TREATED	label permutation	HALLMARK_PROTEIN_SECRETION	164	-0.0065705013232715825	2026
HWANG_GSE202051_TREATED	label permutation	HALLMARK_PROTEIN_SECRETION	165	0.006103689157315724	2026
HWANG_GSE202051_TREATED	label permutation	HALLMARK_PROTEIN_SECRETION	166	0.0048641037741556075	2026
HWANG_GSE202051_TREATED	label permutation	HALLMARK_PROTEIN_SECRETION	167	-0.0014620960279215418	2026
HWANG_GSE202051_TREATED	label permutation	HALLMARK_PROTEIN_SECRETION	168	-0.00333714658531703	2026
HWANG_GSE202051_TREATED	label permutation	HALLMARK_PROTEIN_SECRETION	169	0.0024803568784943883	2026
HWANG_GSE202051_TREATED	label permutation	HALLMARK_PROTEIN_SECRETION	170	-0.0036144745596511534	2026
HWANG_GSE202051_TREATED	label permutation	HALLMARK_PROTEIN_SECRETION	171	-0.0013408999029072917	2026
HWANG_GSE202051_TREATED	label permutation	HALLMARK_PROTEIN_SECRETION	172	0.003054468902725567	2026
HWANG_GSE202051_TREATED	label permutation	HALLMARK_PROTEIN_SECRETION	173	-0.0031721808315405254	2026
HWANG_GSE202051_TREATED	label permutation	HALLMARK_PROTEIN_SECRETION	174	0.0014940897118123264	2026
HWANG_GSE202051_TREATED	label permutation	HALLMARK_PROTEIN_SECRETION	175	0.01096667748150666	2026
HWANG_GSE202051_TREATED	label permutation	HALLMARK_PROTEIN_SECRETION	176	0.0043914464062985445	2026
HWANG_GSE202051_TREATED	label permutation	HALLMARK_PROTEIN_SECRETION	177	0.004773125097339103	2026
HWANG_GSE202051_TREATED	label permutation	HALLMARK_PROTEIN_SECRETION	178	-0.011815943634754416	2026
HWANG_GSE202051_TREATED	label permutation	HALLMARK_PROTEIN_SECRETION	179	-0.002970031807717066	2026
HWANG_GSE202051_TREATED	label permutation	HALLMARK_PROTEIN_SECRETION	180	0.003541568976809351	2026
HWANG_GSE202051_TREATED	label permutation	HALLMARK_PROTEIN_SECRETION	181	0.0029448230064687583	2026
HWANG_GSE202051_TREATED	label permutation	HALLMARK_PROTEIN_SECRETION	182	-0.0035453173313796343	2026
HWANG_GSE202051_TREATED	label permutation	HALLMARK_PROTEIN_SECRETION	183	-0.0005272511221800489	2026
HWANG_GSE202051_TREATED	label permutation	HALLMARK_PROTEIN_SECRETION	184	0.0019997764282216578	2026
HWANG_GSE202051_TREATED	label permutation	HALLMARK_PROTEIN_SECRETION	185	-0.004176519846947976	2026
HWANG_GSE202051_TREATED	label permutation	HALLMARK_PROTEIN_SECRETION	186	-0.0003517007681453476	2026
HWANG_GSE202051_TREATED	label permutation	HALLMARK_PROTEIN_SECRETION	187	-0.00025077755015516094	2026
HWANG_GSE202051_TREATED	label permutation	HALLMARK_PROTEIN_SECRETION	188	-0.001687893939551658	2026
HWANG_GSE202051_TREATED	label permutation	HALLMARK_PROTEIN_SECRETION	189	-0.0003507334703411831	2026
HWANG_GSE202051_TREATED	label permutation	HALLMARK_PROTEIN_SECRETION	190	0.0011270403853757638	2026
HWANG_GSE202051_TREATED	label permutation	HALLMARK_PROTEIN_SECRETION	191	0.0039714729747032055	2026
HWANG_GSE202051_TREATED	label permutation	HALLMARK_PROTEIN_SECRETION	192	-0.003547544951993755	2026
HWANG_GSE202051_TREATED	label permutation	HALLMARK_PROTEIN_SECRETION	193	-0.010025474958772517	2026
HWANG_GSE202051_TREATED	label permutation	HALLMARK_PROTEIN_SECRETION	194	-0.0007927399287617466	2026
HWANG_GSE202051_TREATED	label permutation	HALLMARK_PROTEIN_SECRETION	195	-0.006102924309002509	2026
HWANG_GSE202051_TREATED	label permutation	HALLMARK_PROTEIN_SECRETION	196	-0.007704441965010329	2026
HWANG_GSE202051_TREATED	label permutation	HALLMARK_PROTEIN_SECRETION	197	0.006541323039277597	2026
HWANG_GSE202051_TREATED	label permutation	HALLMARK_PROTEIN_SECRETION	198	0.00018809595228810197	2026
HWANG_GSE202051_TREATED	label permutation	HALLMARK_PROTEIN_SECRETION	199	-0.004561332319572664	2026
HWANG_GSE202051_TREATED	label permutation	HALLMARK_PROTEIN_SECRETION	200	0.007927151257312116	2026
HWANG_GSE202051_TREATED	label permutation	HALLMARK_PROTEIN_SECRETION	201	0.0027376910547285607	2026
HWANG_GSE202051_TREATED	label permutation	HALLMARK_PROTEIN_SECRETION	202	-0.002940218361548125	2026
HWANG_GSE202051_TREATED	label permutation	HALLMARK_PROTEIN_SECRETION	203	-0.005227244483393925	2026
HWANG_GSE202051_TREATED	label permutation	HALLMARK_PROTEIN_SECRETION	204	-0.0023664079368421664	2026
HWANG_GSE202051_TREATED	label permutation	HALLMARK_PROTEIN_SECRETION	205	-0.005746884789683457	2026
HWANG_GSE202051_TREATED	label permutation	HALLMARK_PROTEIN_SECRETION	206	0.0024258953456252523	2026
HWANG_GSE202051_TREATED	label permutation	HALLMARK_PROTEIN_SECRETION	207	-0.005564800015985664	2026
HWANG_GSE202051_TREATED	label permutation	HALLMARK_PROTEIN_SECRETION	208	0.007633117149311436	2026
HWANG_GSE202051_TREATED	label permutation	HALLMARK_PROTEIN_SECRETION	209	0.005147794447590313	2026
HWANG_GSE202051_TREATED	label permutation	HALLMARK_PROTEIN_SECRETION	210	0.003959731941956562	2026
HWANG_GSE202051_TREATED	label permutation	HALLMARK_PROTEIN_SECRETION	211	-0.005227375198068994	2026
HWANG_GSE202051_TREATED	label permutation	HALLMARK_PROTEIN_SECRETION	212	-0.0027934422970705814	2026
HWANG_GSE202051_TREATED	label permutation	HALLMARK_PROTEIN_SECRETION	213	0.0023476268013015588	2026
HWANG_GSE202051_TREATED	label permutation	HALLMARK_PROTEIN_SECRETION	214	0.0018864891310607392	2026
HWANG_GSE202051_TREATED	label permutation	HALLMARK_PROTEIN_SECRETION	215	0.001628509056097137	2026
HWANG_GSE202051_TREATED	label permutation	HALLMARK_PROTEIN_SECRETION	216	0.0035815312991684797	2026
HWANG_GSE202051_TREATED	label permutation	HALLMARK_PROTEIN_SECRETION	217	-0.01063161168832002	2026
HWANG_GSE202051_TREATED	label permutation	HALLMARK_PROTEIN_SECRETION	218	0.00414305481309947	2026
HWANG_GSE202051_TREATED	label permutation	HALLMARK_PROTEIN_SECRETION	219	-0.008916845381528494	2026
HWANG_GSE202051_TREATED	label permutation	HALLMARK_PROTEIN_SECRETION	220	0.0013992583624039168	2026
HWANG_GSE202051_TREATED	label permutation	HALLMARK_PROTEIN_SECRETION	221	0.00280000899231117	2026
HWANG_GSE202051_TREATED	label permutation	HALLMARK_PROTEIN_SECRETION	222	-0.008056123923943292	2026
HWANG_GSE202051_TREATED	label permutation	HALLMARK_PROTEIN_SECRETION	223	-0.006006270303032703	2026
HWANG_GSE202051_TREATED	label permutation	HALLMARK_PROTEIN_SECRETION	224	0.0027596743456537397	2026
HWANG_GSE202051_TREATED	label permutation	HALLMARK_PROTEIN_SECRETION	225	0.007331129474392627	2026
HWANG_GSE202051_TREATED	label permutation	HALLMARK_PROTEIN_SECRETION	226	-0.014372330914199254	2026
HWANG_GSE202051_TREATED	label permutation	HALLMARK_PROTEIN_SECRETION	227	-0.0022277627543915595	2026
HWANG_GSE202051_TREATED	label permutation	HALLMARK_PROTEIN_SECRETION	228	0.0018276621143649254	2026
HWANG_GSE202051_TREATED	label permutation	HALLMARK_PROTEIN_SECRETION	229	-0.005836039007597222	2026
HWANG_GSE202051_TREATED	label permutation	HALLMARK_PROTEIN_SECRETION	230	0.0005447520853965037	2026
HWANG_GSE202051_TREATED	label permutation	HALLMARK_PROTEIN_SECRETION	231	-0.0016955087482910345	2026
HWANG_GSE202051_TREATED	label permutation	HALLMARK_PROTEIN_SECRETION	232	-0.002793347594822911	2026
HWANG_GSE202051_TREATED	label permutation	HALLMARK_PROTEIN_SECRETION	233	0.0024533458372705797	2026
HWANG_GSE202051_TREATED	label permutation	HALLMARK_PROTEIN_SECRETION	234	0.0011956599980060345	2026
HWANG_GSE202051_TREATED	label permutation	HALLMARK_PROTEIN_SECRETION	235	-0.0007487727384634459	2026
HWANG_GSE202051_TREATED	label permutation	HALLMARK_PROTEIN_SECRETION	236	0.00030259067943924314	2026
HWANG_GSE202051_TREATED	label permutation	HALLMARK_PROTEIN_SECRETION	237	0.005445698901836678	2026
HWANG_GSE202051_TREATED	label permutation	HALLMARK_PROTEIN_SECRETION	238	0.0007608903586424611	2026
HWANG_GSE202051_TREATED	label permutation	HALLMARK_PROTEIN_SECRETION	239	-0.007466965685577839	2026
HWANG_GSE202051_TREATED	label permutation	HALLMARK_PROTEIN_SECRETION	240	-0.007321557050971678	2026
HWANG_GSE202051_TREATED	label permutation	HALLMARK_PROTEIN_SECRETION	241	-0.007574589942816709	2026
HWANG_GSE202051_TREATED	label permutation	HALLMARK_PROTEIN_SECRETION	242	0.0020372429122171485	2026
HWANG_GSE202051_TREATED	label permutation	HALLMARK_PROTEIN_SECRETION	243	-0.006578381054468997	2026
HWANG_GSE202051_TREATED	label permutation	HALLMARK_PROTEIN_SECRETION	244	-0.01337857788350315	2026
HWANG_GSE202051_TREATED	label permutation	HALLMARK_PROTEIN_SECRETION	245	-0.005042046378390581	2026
HWANG_GSE202051_TREATED	label permutation	HALLMARK_PROTEIN_SECRETION	246	-0.00867988635077558	2026
HWANG_GSE202051_TREATED	label permutation	HALLMARK_PROTEIN_SECRETION	247	0.005454258850247059	2026
HWANG_GSE202051_TREATED	label permutation	HALLMARK_PROTEIN_SECRETION	248	0.004649437084872717	2026
HWANG_GSE202051_TREATED	label permutation	HALLMARK_PROTEIN_SECRETION	249	-0.007011347130453275	2026
HWANG_GSE202051_TREATED	label permutation	HALLMARK_PROTEIN_SECRETION	250	-0.0075164826124574854	2026
HWANG_GSE202051_TREATED	label permutation	HALLMARK_PROTEIN_SECRETION	251	-0.004953668497642129	2026
HWANG_GSE202051_TREATED	label permutation	HALLMARK_PROTEIN_SECRETION	252	-0.0009048187364677722	2026
HWANG_GSE202051_TREATED	label permutation	HALLMARK_PROTEIN_SECRETION	253	0.002887443127119687	2026
HWANG_GSE202051_TREATED	label permutation	HALLMARK_PROTEIN_SECRETION	254	0.0020114664148979384	2026
HWANG_GSE202051_TREATED	label permutation	HALLMARK_PROTEIN_SECRETION	255	-0.010719820999136064	2026
HWANG_GSE202051_TREATED	label permutation	HALLMARK_PROTEIN_SECRETION	256	0.0011558578249231074	2026
HWANG_GSE202051_TREATED	label permutation	HALLMARK_PROTEIN_SECRETION	257	-0.0033948506760406775	2026
HWANG_GSE202051_TREATED	label permutation	HALLMARK_PROTEIN_SECRETION	258	0.0073854977801221895	2026
HWANG_GSE202051_TREATED	label permutation	HALLMARK_PROTEIN_SECRETION	259	0.003113547789975099	2026
HWANG_GSE202051_TREATED	label permutation	HALLMARK_PROTEIN_SECRETION	260	-0.00028675390054575813	2026
HWANG_GSE202051_TREATED	label permutation	HALLMARK_PROTEIN_SECRETION	261	0.00316571762438564	2026
HWANG_GSE202051_TREATED	label permutation	HALLMARK_PROTEIN_SECRETION	262	-0.003290043037708419	2026
HWANG_GSE202051_TREATED	label permutation	HALLMARK_PROTEIN_SECRETION	263	-0.002667562085470092	2026
HWANG_GSE202051_TREATED	label permutation	HALLMARK_PROTEIN_SECRETION	264	-0.00623523501308651	2026
HWANG_GSE202051_TREATED	label permutation	HALLMARK_PROTEIN_SECRETION	265	0.0017477822112087866	2026
HWANG_GSE202051_TREATED	label permutation	HALLMARK_PROTEIN_SECRETION	266	-0.005139265379990899	2026
HWANG_GSE202051_TREATED	label permutation	HALLMARK_PROTEIN_SECRETION	267	-0.004377996538945899	2026
HWANG_GSE202051_TREATED	label permutation	HALLMARK_PROTEIN_SECRETION	268	-0.0024938615106757382	2026
HWANG_GSE202051_TREATED	label permutation	HALLMARK_PROTEIN_SECRETION	269	-0.006123107900448793	2026
HWANG_GSE202051_TREATED	label permutation	HALLMARK_PROTEIN_SECRETION	270	0.008885799482566896	2026
HWANG_GSE202051_TREATED	label permutation	HALLMARK_PROTEIN_SECRETION	271	0.003101680403738292	2026
HWANG_GSE202051_TREATED	label permutation	HALLMARK_PROTEIN_SECRETION	272	0.0008875442078411185	2026
HWANG_GSE202051_TREATED	label permutation	HALLMARK_PROTEIN_SECRETION	273	0.0041375941177427805	2026
HWANG_GSE202051_TREATED	label permutation	HALLMARK_PROTEIN_SECRETION	274	0.005799156178974718	2026
HWANG_GSE202051_TREATED	label permutation	HALLMARK_PROTEIN_SECRETION	275	0.00013332305743035485	2026
HWANG_GSE202051_TREATED	label permutation	HALLMARK_PROTEIN_SECRETION	276	0.0012260965007008249	2026
HWANG_GSE202051_TREATED	label permutation	HALLMARK_PROTEIN_SECRETION	277	0.011134969393046904	2026
HWANG_GSE202051_TREATED	label permutation	HALLMARK_PROTEIN_SECRETION	278	0.00868812807463556	2026
HWANG_GSE202051_TREATED	label permutation	HALLMARK_PROTEIN_SECRETION	279	-0.006205228671417841	2026
HWANG_GSE202051_TREATED	label permutation	HALLMARK_PROTEIN_SECRETION	280	0.006642032406398461	2026
HWANG_GSE202051_TREATED	label permutation	HALLMARK_PROTEIN_SECRETION	281	-0.0076147868154489845	2026
HWANG_GSE202051_TREATED	label permutation	HALLMARK_PROTEIN_SECRETION	282	-0.004840815175766987	2026
HWANG_GSE202051_TREATED	label permutation	HALLMARK_PROTEIN_SECRETION	283	0.0005506141029436151	2026
HWANG_GSE202051_TREATED	label permutation	HALLMARK_PROTEIN_SECRETION	284	-0.003302123059880646	2026
HWANG_GSE202051_TREATED	label permutation	HALLMARK_PROTEIN_SECRETION	285	-0.006642065449636253	2026
HWANG_GSE202051_TREATED	label permutation	HALLMARK_PROTEIN_SECRETION	286	0.0031255623246281544	2026
HWANG_GSE202051_TREATED	label permutation	HALLMARK_PROTEIN_SECRETION	287	-0.0007593050231806211	2026
HWANG_GSE202051_TREATED	label permutation	HALLMARK_PROTEIN_SECRETION	288	0.0024559506869521173	2026
HWANG_GSE202051_TREATED	label permutation	HALLMARK_PROTEIN_SECRETION	289	-0.002841805715155706	2026
HWANG_GSE202051_TREATED	label permutation	HALLMARK_PROTEIN_SECRETION	290	0.008530934838036432	2026
HWANG_GSE202051_TREATED	label permutation	HALLMARK_PROTEIN_SECRETION	291	0.0014929171448528722	2026
HWANG_GSE202051_TREATED	label permutation	HALLMARK_PROTEIN_SECRETION	292	-0.00211134858178687	2026
HWANG_GSE202051_TREATED	label permutation	HALLMARK_PROTEIN_SECRETION	293	0.005841821311148533	2026
HWANG_GSE202051_TREATED	label permutation	HALLMARK_PROTEIN_SECRETION	294	0.003721528401544997	2026
HWANG_GSE202051_TREATED	label permutation	HALLMARK_PROTEIN_SECRETION	295	0.012815285371532571	2026
HWANG_GSE202051_TREATED	label permutation	HALLMARK_PROTEIN_SECRETION	296	0.002830536798274716	2026
HWANG_GSE202051_TREATED	label permutation	HALLMARK_PROTEIN_SECRETION	297	-0.0011729432027024248	2026
HWANG_GSE202051_TREATED	label permutation	HALLMARK_PROTEIN_SECRETION	298	0.00449666732007577	2026
HWANG_GSE202051_TREATED	label permutation	HALLMARK_PROTEIN_SECRETION	299	0.0008881268018584784	2026
HWANG_GSE202051_TREATED	label permutation	HALLMARK_PROTEIN_SECRETION	300	-0.00010146075666501962	2026
HWANG_GSE202051_TREATED	label permutation	HALLMARK_PROTEIN_SECRETION	301	0.011455054788667028	2026
HWANG_GSE202051_TREATED	label permutation	HALLMARK_PROTEIN_SECRETION	302	0.0005253138228739969	2026
HWANG_GSE202051_TREATED	label permutation	HALLMARK_PROTEIN_SECRETION	303	-0.0003301611392162891	2026
HWANG_GSE202051_TREATED	label permutation	HALLMARK_PROTEIN_SECRETION	304	0.00568505421046778	2026
HWANG_GSE202051_TREATED	label permutation	HALLMARK_PROTEIN_SECRETION	305	-0.0039994337746921856	2026
HWANG_GSE202051_TREATED	label permutation	HALLMARK_PROTEIN_SECRETION	306	-0.0015132992289972952	2026
HWANG_GSE202051_TREATED	label permutation	HALLMARK_PROTEIN_SECRETION	307	-0.000944627263469794	2026
HWANG_GSE202051_TREATED	label permutation	HALLMARK_PROTEIN_SECRETION	308	-0.0052397034689571865	2026
HWANG_GSE202051_TREATED	label permutation	HALLMARK_PROTEIN_SECRETION	309	0.0037791523088496837	2026
HWANG_GSE202051_TREATED	label permutation	HALLMARK_PROTEIN_SECRETION	310	0.0008380653871237108	2026
HWANG_GSE202051_TREATED	label permutation	HALLMARK_PROTEIN_SECRETION	311	-0.002867665128326564	2026
HWANG_GSE202051_TREATED	label permutation	HALLMARK_PROTEIN_SECRETION	312	-0.004784837482393192	2026
HWANG_GSE202051_TREATED	label permutation	HALLMARK_PROTEIN_SECRETION	313	0.0006877248400204125	2026
HWANG_GSE202051_TREATED	label permutation	HALLMARK_PROTEIN_SECRETION	314	0.00040729574113338286	2026
HWANG_GSE202051_TREATED	label permutation	HALLMARK_PROTEIN_SECRETION	315	0.0028727616368589746	2026
HWANG_GSE202051_TREATED	label permutation	HALLMARK_PROTEIN_SECRETION	316	0.00016239960636647475	2026
HWANG_GSE202051_TREATED	label permutation	HALLMARK_PROTEIN_SECRETION	317	0.0008636824982612397	2026
HWANG_GSE202051_TREATED	label permutation	HALLMARK_PROTEIN_SECRETION	318	0.005083239391770554	2026
HWANG_GSE202051_TREATED	label permutation	HALLMARK_PROTEIN_SECRETION	319	-0.008717218327080353	2026
HWANG_GSE202051_TREATED	label permutation	HALLMARK_PROTEIN_SECRETION	320	-0.0004477416151418433	2026
HWANG_GSE202051_TREATED	label permutation	HALLMARK_PROTEIN_SECRETION	321	0.0042975431479669885	2026
HWANG_GSE202051_TREATED	label permutation	HALLMARK_PROTEIN_SECRETION	322	-0.011321175913246289	2026
HWANG_GSE202051_TREATED	label permutation	HALLMARK_PROTEIN_SECRETION	323	-0.00013783460885969076	2026
HWANG_GSE202051_TREATED	label permutation	HALLMARK_PROTEIN_SECRETION	324	0.010472948585155776	2026
HWANG_GSE202051_TREATED	label permutation	HALLMARK_PROTEIN_SECRETION	325	-0.004357794800688867	2026
HWANG_GSE202051_TREATED	label permutation	HALLMARK_PROTEIN_SECRETION	326	0.004752119993140668	2026
HWANG_GSE202051_TREATED	label permutation	HALLMARK_PROTEIN_SECRETION	327	-0.0015636233918752394	2026
HWANG_GSE202051_TREATED	label permutation	HALLMARK_PROTEIN_SECRETION	328	0.0050462129543066645	2026
HWANG_GSE202051_TREATED	label permutation	HALLMARK_PROTEIN_SECRETION	329	0.004648269192848013	2026
HWANG_GSE202051_TREATED	label permutation	HALLMARK_PROTEIN_SECRETION	330	0.012440281287445508	2026
HWANG_GSE202051_TREATED	label permutation	HALLMARK_PROTEIN_SECRETION	331	0.002813956014183243	2026
HWANG_GSE202051_TREATED	label permutation	HALLMARK_PROTEIN_SECRETION	332	0.0019318272458368	2026
HWANG_GSE202051_TREATED	label permutation	HALLMARK_PROTEIN_SECRETION	333	0.0006911531844873436	2026
HWANG_GSE202051_TREATED	label permutation	HALLMARK_PROTEIN_SECRETION	334	0.0055723163139525	2026
HWANG_GSE202051_TREATED	label permutation	HALLMARK_PROTEIN_SECRETION	335	-0.0015194064317392698	2026
HWANG_GSE202051_TREATED	label permutation	HALLMARK_PROTEIN_SECRETION	336	0.00392631627567547	2026
HWANG_GSE202051_TREATED	label permutation	HALLMARK_PROTEIN_SECRETION	337	0.008899141498297224	2026
HWANG_GSE202051_TREATED	label permutation	HALLMARK_PROTEIN_SECRETION	338	-0.0008203925463170795	2026
HWANG_GSE202051_TREATED	label permutation	HALLMARK_PROTEIN_SECRETION	339	0.0006314150068526799	2026
HWANG_GSE202051_TREATED	label permutation	HALLMARK_PROTEIN_SECRETION	340	-0.0017111856249945481	2026
HWANG_GSE202051_TREATED	label permutation	HALLMARK_PROTEIN_SECRETION	341	0.006387327934691291	2026
HWANG_GSE202051_TREATED	label permutation	HALLMARK_PROTEIN_SECRETION	342	-0.011782779502335567	2026
HWANG_GSE202051_TREATED	label permutation	HALLMARK_PROTEIN_SECRETION	343	-0.002961962523724345	2026
HWANG_GSE202051_TREATED	label permutation	HALLMARK_PROTEIN_SECRETION	344	-0.00397526482573055	2026
HWANG_GSE202051_TREATED	label permutation	HALLMARK_PROTEIN_SECRETION	345	0.005716616536533724	2026
HWANG_GSE202051_TREATED	label permutation	HALLMARK_PROTEIN_SECRETION	346	-0.007129687133110458	2026
HWANG_GSE202051_TREATED	label permutation	HALLMARK_PROTEIN_SECRETION	347	-0.006787792115345457	2026
HWANG_GSE202051_TREATED	label permutation	HALLMARK_PROTEIN_SECRETION	348	0.002885468617877854	2026
HWANG_GSE202051_TREATED	label permutation	HALLMARK_PROTEIN_SECRETION	349	-0.000978594549418613	2026
HWANG_GSE202051_TREATED	label permutation	HALLMARK_PROTEIN_SECRETION	350	0.00010076253084137175	2026
HWANG_GSE202051_TREATED	label permutation	HALLMARK_PROTEIN_SECRETION	351	0.0017568866489225845	2026
HWANG_GSE202051_TREATED	label permutation	HALLMARK_PROTEIN_SECRETION	352	-0.0025655828341818046	2026
HWANG_GSE202051_TREATED	label permutation	HALLMARK_PROTEIN_SECRETION	353	0.0039245578559706324	2026
HWANG_GSE202051_TREATED	label permutation	HALLMARK_PROTEIN_SECRETION	354	-0.000561595944831641	2026
HWANG_GSE202051_TREATED	label permutation	HALLMARK_PROTEIN_SECRETION	355	0.001757054255722144	2026
HWANG_GSE202051_TREATED	label permutation	HALLMARK_PROTEIN_SECRETION	356	-0.006793003673747718	2026
HWANG_GSE202051_TREATED	label permutation	HALLMARK_PROTEIN_SECRETION	357	0.001921492979555585	2026
HWANG_GSE202051_TREATED	label permutation	HALLMARK_PROTEIN_SECRETION	358	0.002572025983131876	2026
HWANG_GSE202051_TREATED	label permutation	HALLMARK_PROTEIN_SECRETION	359	-0.0017490250956258239	2026
HWANG_GSE202051_TREATED	label permutation	HALLMARK_PROTEIN_SECRETION	360	0.004749626783624885	2026
HWANG_GSE202051_TREATED	label permutation	HALLMARK_PROTEIN_SECRETION	361	0.01111098862339288	2026
HWANG_GSE202051_TREATED	label permutation	HALLMARK_PROTEIN_SECRETION	362	-0.004353155388310759	2026
HWANG_GSE202051_TREATED	label permutation	HALLMARK_PROTEIN_SECRETION	363	-0.005281224978448583	2026
HWANG_GSE202051_TREATED	label permutation	HALLMARK_PROTEIN_SECRETION	364	-0.007123137970874562	2026
HWANG_GSE202051_TREATED	label permutation	HALLMARK_PROTEIN_SECRETION	365	-0.0024571262489675306	2026
HWANG_GSE202051_TREATED	label permutation	HALLMARK_PROTEIN_SECRETION	366	0.002516996459941913	2026
HWANG_GSE202051_TREATED	label permutation	HALLMARK_PROTEIN_SECRETION	367	0.009586563178486609	2026
HWANG_GSE202051_TREATED	label permutation	HALLMARK_PROTEIN_SECRETION	368	-0.0010015011475781241	2026
HWANG_GSE202051_TREATED	label permutation	HALLMARK_PROTEIN_SECRETION	369	-0.002392667983566897	2026
HWANG_GSE202051_TREATED	label permutation	HALLMARK_PROTEIN_SECRETION	370	0.0080545411332594	2026
HWANG_GSE202051_TREATED	label permutation	HALLMARK_PROTEIN_SECRETION	371	0.0018304809977391688	2026
HWANG_GSE202051_TREATED	label permutation	HALLMARK_PROTEIN_SECRETION	372	-0.00942643259919849	2026
HWANG_GSE202051_TREATED	label permutation	HALLMARK_PROTEIN_SECRETION	373	-0.004305558008997213	2026
HWANG_GSE202051_TREATED	label permutation	HALLMARK_PROTEIN_SECRETION	374	-0.015845915746705946	2026
HWANG_GSE202051_TREATED	label permutation	HALLMARK_PROTEIN_SECRETION	375	-0.006679979916717934	2026
HWANG_GSE202051_TREATED	label permutation	HALLMARK_PROTEIN_SECRETION	376	2.385046948597683e-05	2026
HWANG_GSE202051_TREATED	label permutation	HALLMARK_PROTEIN_SECRETION	377	-0.008014231784785402	2026
HWANG_GSE202051_TREATED	label permutation	HALLMARK_PROTEIN_SECRETION	378	-6.892973078607632e-05	2026
HWANG_GSE202051_TREATED	label permutation	HALLMARK_PROTEIN_SECRETION	379	-0.0028631661350293964	2026
HWANG_GSE202051_TREATED	label permutation	HALLMARK_PROTEIN_SECRETION	380	-0.0009818650476941932	2026
HWANG_GSE202051_TREATED	label permutation	HALLMARK_PROTEIN_SECRETION	381	-0.002026455198115603	2026
HWANG_GSE202051_TREATED	label permutation	HALLMARK_PROTEIN_SECRETION	382	-0.010355699539610953	2026
HWANG_GSE202051_TREATED	label permutation	HALLMARK_PROTEIN_SECRETION	383	-0.001367254501058916	2026
HWANG_GSE202051_TREATED	label permutation	HALLMARK_PROTEIN_SECRETION	384	-0.007224639851676469	2026
HWANG_GSE202051_TREATED	label permutation	HALLMARK_PROTEIN_SECRETION	385	0.010407499334781948	2026
HWANG_GSE202051_TREATED	label permutation	HALLMARK_PROTEIN_SECRETION	386	-0.0008200154674725218	2026
HWANG_GSE202051_TREATED	label permutation	HALLMARK_PROTEIN_SECRETION	387	-0.007039274366516264	2026
HWANG_GSE202051_TREATED	label permutation	HALLMARK_PROTEIN_SECRETION	388	0.003844311862780182	2026
HWANG_GSE202051_TREATED	label permutation	HALLMARK_PROTEIN_SECRETION	389	-0.0076345541012889755	2026
HWANG_GSE202051_TREATED	label permutation	HALLMARK_PROTEIN_SECRETION	390	-0.00036637669311724607	2026
HWANG_GSE202051_TREATED	label permutation	HALLMARK_PROTEIN_SECRETION	391	0.0037116922272664873	2026
HWANG_GSE202051_TREATED	label permutation	HALLMARK_PROTEIN_SECRETION	392	-0.0028772485964090153	2026
HWANG_GSE202051_TREATED	label permutation	HALLMARK_PROTEIN_SECRETION	393	-0.0014628149448842563	2026
HWANG_GSE202051_TREATED	label permutation	HALLMARK_PROTEIN_SECRETION	394	0.004406162063261498	2026
HWANG_GSE202051_TREATED	label permutation	HALLMARK_PROTEIN_SECRETION	395	0.011266557684120881	2026
HWANG_GSE202051_TREATED	label permutation	HALLMARK_PROTEIN_SECRETION	396	-0.005208612999246024	2026
HWANG_GSE202051_TREATED	label permutation	HALLMARK_PROTEIN_SECRETION	397	-0.00017974831852437772	2026
HWANG_GSE202051_TREATED	label permutation	HALLMARK_PROTEIN_SECRETION	398	-0.017185084549810603	2026
HWANG_GSE202051_TREATED	label permutation	HALLMARK_PROTEIN_SECRETION	399	0.003366927634174421	2026
HWANG_GSE202051_TREATED	label permutation	HALLMARK_PROTEIN_SECRETION	400	0.0035991377550193666	2026
HWANG_GSE202051_TREATED	label permutation	HALLMARK_PROTEIN_SECRETION	401	0.002972315299708443	2026
HWANG_GSE202051_TREATED	label permutation	HALLMARK_PROTEIN_SECRETION	402	0.0019622679565219313	2026
HWANG_GSE202051_TREATED	label permutation	HALLMARK_PROTEIN_SECRETION	403	-0.006512781359402358	2026
HWANG_GSE202051_TREATED	label permutation	HALLMARK_PROTEIN_SECRETION	404	0.002500782237433807	2026
HWANG_GSE202051_TREATED	label permutation	HALLMARK_PROTEIN_SECRETION	405	-0.0028667232102309007	2026
HWANG_GSE202051_TREATED	label permutation	HALLMARK_PROTEIN_SECRETION	406	-0.0013458531945069131	2026
HWANG_GSE202051_TREATED	label permutation	HALLMARK_PROTEIN_SECRETION	407	-0.005342315579616449	2026
HWANG_GSE202051_TREATED	label permutation	HALLMARK_PROTEIN_SECRETION	408	-0.014054194250988018	2026
HWANG_GSE202051_TREATED	label permutation	HALLMARK_PROTEIN_SECRETION	409	-0.002762636308990044	2026
HWANG_GSE202051_TREATED	label permutation	HALLMARK_PROTEIN_SECRETION	410	-0.005691971511587547	2026
HWANG_GSE202051_TREATED	label permutation	HALLMARK_PROTEIN_SECRETION	411	0.003684211917368589	2026
HWANG_GSE202051_TREATED	label permutation	HALLMARK_PROTEIN_SECRETION	412	0.00024116520975465155	2026
HWANG_GSE202051_TREATED	label permutation	HALLMARK_PROTEIN_SECRETION	413	0.001078299216031988	2026
HWANG_GSE202051_TREATED	label permutation	HALLMARK_PROTEIN_SECRETION	414	0.0019864265759977646	2026
HWANG_GSE202051_TREATED	label permutation	HALLMARK_PROTEIN_SECRETION	415	0.006778368830988875	2026
HWANG_GSE202051_TREATED	label permutation	HALLMARK_PROTEIN_SECRETION	416	0.012290900723812538	2026
HWANG_GSE202051_TREATED	label permutation	HALLMARK_PROTEIN_SECRETION	417	0.0024725392601857355	2026
HWANG_GSE202051_TREATED	label permutation	HALLMARK_PROTEIN_SECRETION	418	-0.0009164068648854176	2026
HWANG_GSE202051_TREATED	label permutation	HALLMARK_PROTEIN_SECRETION	419	-0.0054153486796694955	2026
HWANG_GSE202051_TREATED	label permutation	HALLMARK_PROTEIN_SECRETION	420	-0.01653822397932862	2026
HWANG_GSE202051_TREATED	label permutation	HALLMARK_PROTEIN_SECRETION	421	-0.012906345599151797	2026
HWANG_GSE202051_TREATED	label permutation	HALLMARK_PROTEIN_SECRETION	422	0.010460048355844818	2026
HWANG_GSE202051_TREATED	label permutation	HALLMARK_PROTEIN_SECRETION	423	-0.004707206931636953	2026
HWANG_GSE202051_TREATED	label permutation	HALLMARK_PROTEIN_SECRETION	424	0.005103047931781355	2026
HWANG_GSE202051_TREATED	label permutation	HALLMARK_PROTEIN_SECRETION	425	-0.0028554588285568216	2026
HWANG_GSE202051_TREATED	label permutation	HALLMARK_PROTEIN_SECRETION	426	0.008031126722042998	2026
HWANG_GSE202051_TREATED	label permutation	HALLMARK_PROTEIN_SECRETION	427	0.0015147714657332517	2026
HWANG_GSE202051_TREATED	label permutation	HALLMARK_PROTEIN_SECRETION	428	0.00458766552746257	2026
HWANG_GSE202051_TREATED	label permutation	HALLMARK_PROTEIN_SECRETION	429	0.002552038571319536	2026
HWANG_GSE202051_TREATED	label permutation	HALLMARK_PROTEIN_SECRETION	430	0.00041154339020020066	2026
HWANG_GSE202051_TREATED	label permutation	HALLMARK_PROTEIN_SECRETION	431	0.0028081113101721036	2026
HWANG_GSE202051_TREATED	label permutation	HALLMARK_PROTEIN_SECRETION	432	-0.0037643627637992194	2026
HWANG_GSE202051_TREATED	label permutation	HALLMARK_PROTEIN_SECRETION	433	0.002784863981804941	2026
HWANG_GSE202051_TREATED	label permutation	HALLMARK_PROTEIN_SECRETION	434	-0.0016317026262684861	2026
HWANG_GSE202051_TREATED	label permutation	HALLMARK_PROTEIN_SECRETION	435	-0.005200103242201996	2026
HWANG_GSE202051_TREATED	label permutation	HALLMARK_PROTEIN_SECRETION	436	-0.002511404988182138	2026
HWANG_GSE202051_TREATED	label permutation	HALLMARK_PROTEIN_SECRETION	437	0.004194455720516824	2026
HWANG_GSE202051_TREATED	label permutation	HALLMARK_PROTEIN_SECRETION	438	0.007427466868378391	2026
HWANG_GSE202051_TREATED	label permutation	HALLMARK_PROTEIN_SECRETION	439	-0.007416482414023221	2026
HWANG_GSE202051_TREATED	label permutation	HALLMARK_PROTEIN_SECRETION	440	0.011491750583839954	2026
HWANG_GSE202051_TREATED	label permutation	HALLMARK_PROTEIN_SECRETION	441	0.006839383769861341	2026
HWANG_GSE202051_TREATED	label permutation	HALLMARK_PROTEIN_SECRETION	442	-0.0024115411117730232	2026
HWANG_GSE202051_TREATED	label permutation	HALLMARK_PROTEIN_SECRETION	443	0.004371550813866346	2026
HWANG_GSE202051_TREATED	label permutation	HALLMARK_PROTEIN_SECRETION	444	-0.0065730007743938735	2026
HWANG_GSE202051_TREATED	label permutation	HALLMARK_PROTEIN_SECRETION	445	-0.006852209805612986	2026
HWANG_GSE202051_TREATED	label permutation	HALLMARK_PROTEIN_SECRETION	446	0.00047654138189913843	2026
HWANG_GSE202051_TREATED	label permutation	HALLMARK_PROTEIN_SECRETION	447	-0.0011298875273471612	2026
HWANG_GSE202051_TREATED	label permutation	HALLMARK_PROTEIN_SECRETION	448	0.002535903212405293	2026
HWANG_GSE202051_TREATED	label permutation	HALLMARK_PROTEIN_SECRETION	449	-0.0005863221234618968	2026
HWANG_GSE202051_TREATED	label permutation	HALLMARK_PROTEIN_SECRETION	450	-0.0018471435575909696	2026
HWANG_GSE202051_TREATED	label permutation	HALLMARK_PROTEIN_SECRETION	451	-0.0002022698158107096	2026
HWANG_GSE202051_TREATED	label permutation	HALLMARK_PROTEIN_SECRETION	452	0.007144197835196067	2026
HWANG_GSE202051_TREATED	label permutation	HALLMARK_PROTEIN_SECRETION	453	-0.004085248470212386	2026
HWANG_GSE202051_TREATED	label permutation	HALLMARK_PROTEIN_SECRETION	454	-0.007691652546499572	2026
HWANG_GSE202051_TREATED	label permutation	HALLMARK_PROTEIN_SECRETION	455	-0.003463723933824728	2026
HWANG_GSE202051_TREATED	label permutation	HALLMARK_PROTEIN_SECRETION	456	-0.005697655800011224	2026
HWANG_GSE202051_TREATED	label permutation	HALLMARK_PROTEIN_SECRETION	457	0.0062996951097892915	2026
HWANG_GSE202051_TREATED	label permutation	HALLMARK_PROTEIN_SECRETION	458	-0.0002939392426579558	2026
HWANG_GSE202051_TREATED	label permutation	HALLMARK_PROTEIN_SECRETION	459	-0.0007275915926715508	2026
HWANG_GSE202051_TREATED	label permutation	HALLMARK_PROTEIN_SECRETION	460	0.0049669800867939975	2026
HWANG_GSE202051_TREATED	label permutation	HALLMARK_PROTEIN_SECRETION	461	-0.0032937580104031245	2026
HWANG_GSE202051_TREATED	label permutation	HALLMARK_PROTEIN_SECRETION	462	-0.006208096229858993	2026
HWANG_GSE202051_TREATED	label permutation	HALLMARK_PROTEIN_SECRETION	463	-0.005266943708107951	2026
HWANG_GSE202051_TREATED	label permutation	HALLMARK_PROTEIN_SECRETION	464	-0.01290340482202076	2026
HWANG_GSE202051_TREATED	label permutation	HALLMARK_PROTEIN_SECRETION	465	-0.008508441413397318	2026
HWANG_GSE202051_TREATED	label permutation	HALLMARK_PROTEIN_SECRETION	466	-0.00858738964131182	2026
HWANG_GSE202051_TREATED	label permutation	HALLMARK_PROTEIN_SECRETION	467	-0.005828299378389699	2026
HWANG_GSE202051_TREATED	label permutation	HALLMARK_PROTEIN_SECRETION	468	-0.0021443018698388775	2026
HWANG_GSE202051_TREATED	label permutation	HALLMARK_PROTEIN_SECRETION	469	-0.0006503933310838121	2026
HWANG_GSE202051_TREATED	label permutation	HALLMARK_PROTEIN_SECRETION	470	-0.005358500206953237	2026
HWANG_GSE202051_TREATED	label permutation	HALLMARK_PROTEIN_SECRETION	471	-0.002154680600676322	2026
HWANG_GSE202051_TREATED	label permutation	HALLMARK_PROTEIN_SECRETION	472	0.0013124402867157837	2026
HWANG_GSE202051_TREATED	label permutation	HALLMARK_PROTEIN_SECRETION	473	-0.0022645452653479916	2026
HWANG_GSE202051_TREATED	label permutation	HALLMARK_PROTEIN_SECRETION	474	0.010956831462900964	2026
HWANG_GSE202051_TREATED	label permutation	HALLMARK_PROTEIN_SECRETION	475	-0.0001380645738997358	2026
HWANG_GSE202051_TREATED	label permutation	HALLMARK_PROTEIN_SECRETION	476	0.0034893174432343447	2026
HWANG_GSE202051_TREATED	label permutation	HALLMARK_PROTEIN_SECRETION	477	0.011204483853288476	2026
HWANG_GSE202051_TREATED	label permutation	HALLMARK_PROTEIN_SECRETION	478	0.003198986418403967	2026
HWANG_GSE202051_TREATED	label permutation	HALLMARK_PROTEIN_SECRETION	479	-0.008025255717483097	2026
HWANG_GSE202051_TREATED	label permutation	HALLMARK_PROTEIN_SECRETION	480	0.004167004140455636	2026
HWANG_GSE202051_TREATED	label permutation	HALLMARK_PROTEIN_SECRETION	481	-0.012731382986303738	2026
HWANG_GSE202051_TREATED	label permutation	HALLMARK_PROTEIN_SECRETION	482	0.0012340128883167	2026
HWANG_GSE202051_TREATED	label permutation	HALLMARK_PROTEIN_SECRETION	483	-0.016364271525655734	2026
HWANG_GSE202051_TREATED	label permutation	HALLMARK_PROTEIN_SECRETION	484	-0.0005916796454675856	2026
HWANG_GSE202051_TREATED	label permutation	HALLMARK_PROTEIN_SECRETION	485	0.0009103481370232463	2026
HWANG_GSE202051_TREATED	label permutation	HALLMARK_PROTEIN_SECRETION	486	0.008765971488516872	2026
HWANG_GSE202051_TREATED	label permutation	HALLMARK_PROTEIN_SECRETION	487	-0.00828995032054279	2026
HWANG_GSE202051_TREATED	label permutation	HALLMARK_PROTEIN_SECRETION	488	-0.0014307737794961983	2026
HWANG_GSE202051_TREATED	label permutation	HALLMARK_PROTEIN_SECRETION	489	0.00753271587664467	2026
HWANG_GSE202051_TREATED	label permutation	HALLMARK_PROTEIN_SECRETION	490	0.013930370754906489	2026
HWANG_GSE202051_TREATED	label permutation	HALLMARK_PROTEIN_SECRETION	491	-0.011100088112741538	2026
HWANG_GSE202051_TREATED	label permutation	HALLMARK_PROTEIN_SECRETION	492	-0.0013975950206989453	2026
HWANG_GSE202051_TREATED	label permutation	HALLMARK_PROTEIN_SECRETION	493	0.005502874472285336	2026
HWANG_GSE202051_TREATED	label permutation	HALLMARK_PROTEIN_SECRETION	494	-0.01294503990910763	2026
HWANG_GSE202051_TREATED	label permutation	HALLMARK_PROTEIN_SECRETION	495	-0.004548046655630454	2026
HWANG_GSE202051_TREATED	label permutation	HALLMARK_PROTEIN_SECRETION	496	0.0030509243521343824	2026
HWANG_GSE202051_TREATED	label permutation	HALLMARK_PROTEIN_SECRETION	497	-0.0005661761531496237	2026
HWANG_GSE202051_TREATED	label permutation	HALLMARK_PROTEIN_SECRETION	498	-0.004354563941068341	2026
HWANG_GSE202051_TREATED	label permutation	HALLMARK_PROTEIN_SECRETION	499	0.00854267251300253	2026
HWANG_GSE202051_TREATED	label permutation	HALLMARK_PROTEIN_SECRETION	500	-0.0023492066125399657	2026
HWANG_GSE202051_TREATED	label permutation	HALLMARK_PROTEIN_SECRETION	501	-0.01197543593331662	2026
HWANG_GSE202051_TREATED	label permutation	HALLMARK_PROTEIN_SECRETION	502	-0.002676220368215197	2026
HWANG_GSE202051_TREATED	label permutation	HALLMARK_PROTEIN_SECRETION	503	-0.007258105272478571	2026
HWANG_GSE202051_TREATED	label permutation	HALLMARK_PROTEIN_SECRETION	504	0.0037366693773757337	2026
HWANG_GSE202051_TREATED	label permutation	HALLMARK_PROTEIN_SECRETION	505	0.0036349123394554404	2026
HWANG_GSE202051_TREATED	label permutation	HALLMARK_PROTEIN_SECRETION	506	0.006533752592246922	2026
HWANG_GSE202051_TREATED	label permutation	HALLMARK_PROTEIN_SECRETION	507	0.006542748732934397	2026
HWANG_GSE202051_TREATED	label permutation	HALLMARK_PROTEIN_SECRETION	508	0.00207184111277763	2026
HWANG_GSE202051_TREATED	label permutation	HALLMARK_PROTEIN_SECRETION	509	-0.002533534623198344	2026
HWANG_GSE202051_TREATED	label permutation	HALLMARK_PROTEIN_SECRETION	510	-0.004858716282153457	2026
HWANG_GSE202051_TREATED	label permutation	HALLMARK_PROTEIN_SECRETION	511	0.012879521690638272	2026
HWANG_GSE202051_TREATED	label permutation	HALLMARK_PROTEIN_SECRETION	512	-0.005619158524935811	2026
HWANG_GSE202051_TREATED	label permutation	HALLMARK_PROTEIN_SECRETION	513	0.002255527985779224	2026
HWANG_GSE202051_TREATED	label permutation	HALLMARK_PROTEIN_SECRETION	514	-0.010211172625335543	2026
HWANG_GSE202051_TREATED	label permutation	HALLMARK_PROTEIN_SECRETION	515	0.012579931746822528	2026
HWANG_GSE202051_TREATED	label permutation	HALLMARK_PROTEIN_SECRETION	516	-0.003945086173528149	2026
HWANG_GSE202051_TREATED	label permutation	HALLMARK_PROTEIN_SECRETION	517	-0.007169175925769577	2026
HWANG_GSE202051_TREATED	label permutation	HALLMARK_PROTEIN_SECRETION	518	-0.0017450204837423384	2026
HWANG_GSE202051_TREATED	label permutation	HALLMARK_PROTEIN_SECRETION	519	0.0005937476499349237	2026
HWANG_GSE202051_TREATED	label permutation	HALLMARK_PROTEIN_SECRETION	520	-0.0004860029255716813	2026
HWANG_GSE202051_TREATED	label permutation	HALLMARK_PROTEIN_SECRETION	521	-0.0009135926656647669	2026
HWANG_GSE202051_TREATED	label permutation	HALLMARK_PROTEIN_SECRETION	522	-0.013775398294755	2026
HWANG_GSE202051_TREATED	label permutation	HALLMARK_PROTEIN_SECRETION	523	-0.00427284771915853	2026
HWANG_GSE202051_TREATED	label permutation	HALLMARK_PROTEIN_SECRETION	524	-0.004404475112204826	2026
HWANG_GSE202051_TREATED	label permutation	HALLMARK_PROTEIN_SECRETION	525	-0.006135220172380284	2026
HWANG_GSE202051_TREATED	label permutation	HALLMARK_PROTEIN_SECRETION	526	-0.001184680733838308	2026
HWANG_GSE202051_TREATED	label permutation	HALLMARK_PROTEIN_SECRETION	527	0.0038928604730069523	2026
HWANG_GSE202051_TREATED	label permutation	HALLMARK_PROTEIN_SECRETION	528	-0.008747626428572552	2026
HWANG_GSE202051_TREATED	label permutation	HALLMARK_PROTEIN_SECRETION	529	7.413566358201473e-05	2026
HWANG_GSE202051_TREATED	label permutation	HALLMARK_PROTEIN_SECRETION	530	0.008187439151615346	2026
HWANG_GSE202051_TREATED	label permutation	HALLMARK_PROTEIN_SECRETION	531	0.012637782994064007	2026
HWANG_GSE202051_TREATED	label permutation	HALLMARK_PROTEIN_SECRETION	532	-0.006786924442548993	2026
HWANG_GSE202051_TREATED	label permutation	HALLMARK_PROTEIN_SECRETION	533	0.007428100882985283	2026
HWANG_GSE202051_TREATED	label permutation	HALLMARK_PROTEIN_SECRETION	534	0.0008661428448830505	2026
HWANG_GSE202051_TREATED	label permutation	HALLMARK_PROTEIN_SECRETION	535	0.0022003156966401614	2026
HWANG_GSE202051_TREATED	label permutation	HALLMARK_PROTEIN_SECRETION	536	0.0013753524422553407	2026
HWANG_GSE202051_TREATED	label permutation	HALLMARK_PROTEIN_SECRETION	537	0.0007473930075668003	2026
HWANG_GSE202051_TREATED	label permutation	HALLMARK_PROTEIN_SECRETION	538	-0.00522758477734246	2026
HWANG_GSE202051_TREATED	label permutation	HALLMARK_PROTEIN_SECRETION	539	-0.003811194920675771	2026
HWANG_GSE202051_TREATED	label permutation	HALLMARK_PROTEIN_SECRETION	540	-0.0018519664734315835	2026
HWANG_GSE202051_TREATED	label permutation	HALLMARK_PROTEIN_SECRETION	541	0.0043556818354917775	2026
HWANG_GSE202051_TREATED	label permutation	HALLMARK_PROTEIN_SECRETION	542	0.012288292493364557	2026
HWANG_GSE202051_TREATED	label permutation	HALLMARK_PROTEIN_SECRETION	543	-0.01355427378007907	2026
HWANG_GSE202051_TREATED	label permutation	HALLMARK_PROTEIN_SECRETION	544	0.004825182094100984	2026
HWANG_GSE202051_TREATED	label permutation	HALLMARK_PROTEIN_SECRETION	545	0.002159498404680673	2026
HWANG_GSE202051_TREATED	label permutation	HALLMARK_PROTEIN_SECRETION	546	-0.001201520063835188	2026
HWANG_GSE202051_TREATED	label permutation	HALLMARK_PROTEIN_SECRETION	547	0.011768302861539518	2026
HWANG_GSE202051_TREATED	label permutation	HALLMARK_PROTEIN_SECRETION	548	0.001169136633746397	2026
HWANG_GSE202051_TREATED	label permutation	HALLMARK_PROTEIN_SECRETION	549	-0.012137422056447817	2026
HWANG_GSE202051_TREATED	label permutation	HALLMARK_PROTEIN_SECRETION	550	0.004718667601209976	2026
HWANG_GSE202051_TREATED	label permutation	HALLMARK_PROTEIN_SECRETION	551	0.006668026344780434	2026
HWANG_GSE202051_TREATED	label permutation	HALLMARK_PROTEIN_SECRETION	552	-0.00045999232512854447	2026
HWANG_GSE202051_TREATED	label permutation	HALLMARK_PROTEIN_SECRETION	553	0.005559302048322254	2026
HWANG_GSE202051_TREATED	label permutation	HALLMARK_PROTEIN_SECRETION	554	-0.006772159278916866	2026
HWANG_GSE202051_TREATED	label permutation	HALLMARK_PROTEIN_SECRETION	555	0.004977307932399424	2026
HWANG_GSE202051_TREATED	label permutation	HALLMARK_PROTEIN_SECRETION	556	0.005800192263877961	2026
HWANG_GSE202051_TREATED	label permutation	HALLMARK_PROTEIN_SECRETION	557	-0.0001146467581254825	2026
HWANG_GSE202051_TREATED	label permutation	HALLMARK_PROTEIN_SECRETION	558	0.004837013942942711	2026
HWANG_GSE202051_TREATED	label permutation	HALLMARK_PROTEIN_SECRETION	559	-0.008010422097501491	2026
HWANG_GSE202051_TREATED	label permutation	HALLMARK_PROTEIN_SECRETION	560	0.001864113294374667	2026
HWANG_GSE202051_TREATED	label permutation	HALLMARK_PROTEIN_SECRETION	561	0.011214028321505969	2026
HWANG_GSE202051_TREATED	label permutation	HALLMARK_PROTEIN_SECRETION	562	-0.0043340410028758925	2026
HWANG_GSE202051_TREATED	label permutation	HALLMARK_PROTEIN_SECRETION	563	-0.0037886341205576146	2026
HWANG_GSE202051_TREATED	label permutation	HALLMARK_PROTEIN_SECRETION	564	0.008453710969889972	2026
HWANG_GSE202051_TREATED	label permutation	HALLMARK_PROTEIN_SECRETION	565	-0.004607935481420202	2026
HWANG_GSE202051_TREATED	label permutation	HALLMARK_PROTEIN_SECRETION	566	-0.0024656391218692984	2026
HWANG_GSE202051_TREATED	label permutation	HALLMARK_PROTEIN_SECRETION	567	0.015138870978991305	2026
HWANG_GSE202051_TREATED	label permutation	HALLMARK_PROTEIN_SECRETION	568	-0.0019746282396431955	2026
HWANG_GSE202051_TREATED	label permutation	HALLMARK_PROTEIN_SECRETION	569	0.0038387481752821338	2026
HWANG_GSE202051_TREATED	label permutation	HALLMARK_PROTEIN_SECRETION	570	-0.00022521872364515471	2026
HWANG_GSE202051_TREATED	label permutation	HALLMARK_PROTEIN_SECRETION	571	-0.0008678899226454572	2026
HWANG_GSE202051_TREATED	label permutation	HALLMARK_PROTEIN_SECRETION	572	0.00494799280904941	2026
HWANG_GSE202051_TREATED	label permutation	HALLMARK_PROTEIN_SECRETION	573	0.005682670244088008	2026
HWANG_GSE202051_TREATED	label permutation	HALLMARK_PROTEIN_SECRETION	574	-0.00723820890468251	2026
HWANG_GSE202051_TREATED	label permutation	HALLMARK_PROTEIN_SECRETION	575	-0.005568237684148907	2026
HWANG_GSE202051_TREATED	label permutation	HALLMARK_PROTEIN_SECRETION	576	0.0038655721142243273	2026
HWANG_GSE202051_TREATED	label permutation	HALLMARK_PROTEIN_SECRETION	577	-0.0004085627230718592	2026
HWANG_GSE202051_TREATED	label permutation	HALLMARK_PROTEIN_SECRETION	578	0.012494824815043716	2026
HWANG_GSE202051_TREATED	label permutation	HALLMARK_PROTEIN_SECRETION	579	0.005528759598493784	2026
HWANG_GSE202051_TREATED	label permutation	HALLMARK_PROTEIN_SECRETION	580	-0.00044909509628431336	2026
HWANG_GSE202051_TREATED	label permutation	HALLMARK_PROTEIN_SECRETION	581	-0.006136667698887487	2026
HWANG_GSE202051_TREATED	label permutation	HALLMARK_PROTEIN_SECRETION	582	-0.005373197203082129	2026
HWANG_GSE202051_TREATED	label permutation	HALLMARK_PROTEIN_SECRETION	583	0.009486492883657816	2026
HWANG_GSE202051_TREATED	label permutation	HALLMARK_PROTEIN_SECRETION	584	0.012685862296030708	2026
HWANG_GSE202051_TREATED	label permutation	HALLMARK_PROTEIN_SECRETION	585	0.009775512490218827	2026
HWANG_GSE202051_TREATED	label permutation	HALLMARK_PROTEIN_SECRETION	586	-0.003302680658435762	2026
HWANG_GSE202051_TREATED	label permutation	HALLMARK_PROTEIN_SECRETION	587	-0.011737794396930753	2026
HWANG_GSE202051_TREATED	label permutation	HALLMARK_PROTEIN_SECRETION	588	0.001067005428600938	2026
HWANG_GSE202051_TREATED	label permutation	HALLMARK_PROTEIN_SECRETION	589	0.006965644841252234	2026
HWANG_GSE202051_TREATED	label permutation	HALLMARK_PROTEIN_SECRETION	590	-0.006024109117035129	2026
HWANG_GSE202051_TREATED	label permutation	HALLMARK_PROTEIN_SECRETION	591	0.004832717653066839	2026
HWANG_GSE202051_TREATED	label permutation	HALLMARK_PROTEIN_SECRETION	592	0.0007115789487911708	2026
HWANG_GSE202051_TREATED	label permutation	HALLMARK_PROTEIN_SECRETION	593	-0.007679623214259948	2026
HWANG_GSE202051_TREATED	label permutation	HALLMARK_PROTEIN_SECRETION	594	-0.002835231327749034	2026
HWANG_GSE202051_TREATED	label permutation	HALLMARK_PROTEIN_SECRETION	595	0.0024252561105858428	2026
HWANG_GSE202051_TREATED	label permutation	HALLMARK_PROTEIN_SECRETION	596	-0.0003917444784886005	2026
HWANG_GSE202051_TREATED	label permutation	HALLMARK_PROTEIN_SECRETION	597	-0.0026326207454401224	2026
HWANG_GSE202051_TREATED	label permutation	HALLMARK_PROTEIN_SECRETION	598	-0.010929080885247787	2026
HWANG_GSE202051_TREATED	label permutation	HALLMARK_PROTEIN_SECRETION	599	0.006329089484184974	2026
HWANG_GSE202051_TREATED	label permutation	HALLMARK_PROTEIN_SECRETION	600	-0.0013804320636118309	2026
HWANG_GSE202051_TREATED	label permutation	HALLMARK_PROTEIN_SECRETION	601	0.003436227535442958	2026
HWANG_GSE202051_TREATED	label permutation	HALLMARK_PROTEIN_SECRETION	602	-0.0013247579334573452	2026
HWANG_GSE202051_TREATED	label permutation	HALLMARK_PROTEIN_SECRETION	603	-0.004838822641827902	2026
HWANG_GSE202051_TREATED	label permutation	HALLMARK_PROTEIN_SECRETION	604	-0.003205890465673372	2026
HWANG_GSE202051_TREATED	label permutation	HALLMARK_PROTEIN_SECRETION	605	0.003437235823243074	2026
HWANG_GSE202051_TREATED	label permutation	HALLMARK_PROTEIN_SECRETION	606	0.0011794521447933862	2026
HWANG_GSE202051_TREATED	label permutation	HALLMARK_PROTEIN_SECRETION	607	-0.0008388242357382502	2026
HWANG_GSE202051_TREATED	label permutation	HALLMARK_PROTEIN_SECRETION	608	-0.0017817389971471818	2026
HWANG_GSE202051_TREATED	label permutation	HALLMARK_PROTEIN_SECRETION	609	-0.0022129956813550463	2026
HWANG_GSE202051_TREATED	label permutation	HALLMARK_PROTEIN_SECRETION	610	-0.002983938221296482	2026
HWANG_GSE202051_TREATED	label permutation	HALLMARK_PROTEIN_SECRETION	611	0.008916326097107042	2026
HWANG_GSE202051_TREATED	label permutation	HALLMARK_PROTEIN_SECRETION	612	0.0006095060702677544	2026
HWANG_GSE202051_TREATED	label permutation	HALLMARK_PROTEIN_SECRETION	613	0.004425221762351764	2026
HWANG_GSE202051_TREATED	label permutation	HALLMARK_PROTEIN_SECRETION	614	-0.001433938581824734	2026
HWANG_GSE202051_TREATED	label permutation	HALLMARK_PROTEIN_SECRETION	615	0.0014023512481310162	2026
HWANG_GSE202051_TREATED	label permutation	HALLMARK_PROTEIN_SECRETION	616	0.0031820205959521676	2026
HWANG_GSE202051_TREATED	label permutation	HALLMARK_PROTEIN_SECRETION	617	0.0005702871838216687	2026
HWANG_GSE202051_TREATED	label permutation	HALLMARK_PROTEIN_SECRETION	618	0.0017737191572591304	2026
HWANG_GSE202051_TREATED	label permutation	HALLMARK_PROTEIN_SECRETION	619	0.003185378018714227	2026
HWANG_GSE202051_TREATED	label permutation	HALLMARK_PROTEIN_SECRETION	620	0.0016798127928698515	2026
HWANG_GSE202051_TREATED	label permutation	HALLMARK_PROTEIN_SECRETION	621	0.0040275226125004275	2026
HWANG_GSE202051_TREATED	label permutation	HALLMARK_PROTEIN_SECRETION	622	0.0018970235560007117	2026
HWANG_GSE202051_TREATED	label permutation	HALLMARK_PROTEIN_SECRETION	623	-0.0037569991162141165	2026
HWANG_GSE202051_TREATED	label permutation	HALLMARK_PROTEIN_SECRETION	624	-0.0020877873407969022	2026
HWANG_GSE202051_TREATED	label permutation	HALLMARK_PROTEIN_SECRETION	625	-0.003917707105512476	2026
HWANG_GSE202051_TREATED	label permutation	HALLMARK_PROTEIN_SECRETION	626	-0.0019228764250704277	2026
HWANG_GSE202051_TREATED	label permutation	HALLMARK_PROTEIN_SECRETION	627	0.0014011155109895765	2026
HWANG_GSE202051_TREATED	label permutation	HALLMARK_PROTEIN_SECRETION	628	-0.0032913905769793275	2026
HWANG_GSE202051_TREATED	label permutation	HALLMARK_PROTEIN_SECRETION	629	-0.005229106236335209	2026
HWANG_GSE202051_TREATED	label permutation	HALLMARK_PROTEIN_SECRETION	630	-0.0057477656317975	2026
HWANG_GSE202051_TREATED	label permutation	HALLMARK_PROTEIN_SECRETION	631	-0.00951163377014297	2026
HWANG_GSE202051_TREATED	label permutation	HALLMARK_PROTEIN_SECRETION	632	0.013368278284389084	2026
HWANG_GSE202051_TREATED	label permutation	HALLMARK_PROTEIN_SECRETION	633	0.004379790341003191	2026
HWANG_GSE202051_TREATED	label permutation	HALLMARK_PROTEIN_SECRETION	634	0.0025026790834643264	2026
HWANG_GSE202051_TREATED	label permutation	HALLMARK_PROTEIN_SECRETION	635	-0.0030372093007426234	2026
HWANG_GSE202051_TREATED	label permutation	HALLMARK_PROTEIN_SECRETION	636	-0.00152396398327461	2026
HWANG_GSE202051_TREATED	label permutation	HALLMARK_PROTEIN_SECRETION	637	-0.0035028133344270434	2026
HWANG_GSE202051_TREATED	label permutation	HALLMARK_PROTEIN_SECRETION	638	-0.005652061633553395	2026
HWANG_GSE202051_TREATED	label permutation	HALLMARK_PROTEIN_SECRETION	639	-0.007507294004188616	2026
HWANG_GSE202051_TREATED	label permutation	HALLMARK_PROTEIN_SECRETION	640	-0.004767445206950492	2026
HWANG_GSE202051_TREATED	label permutation	HALLMARK_PROTEIN_SECRETION	641	-0.00523642992435825	2026
HWANG_GSE202051_TREATED	label permutation	HALLMARK_PROTEIN_SECRETION	642	-0.0005937293154274587	2026
HWANG_GSE202051_TREATED	label permutation	HALLMARK_PROTEIN_SECRETION	643	-0.0034599819248090874	2026
HWANG_GSE202051_TREATED	label permutation	HALLMARK_PROTEIN_SECRETION	644	-0.0028300351639997286	2026
HWANG_GSE202051_TREATED	label permutation	HALLMARK_PROTEIN_SECRETION	645	-0.007912823624205404	2026
HWANG_GSE202051_TREATED	label permutation	HALLMARK_PROTEIN_SECRETION	646	0.003426477272109795	2026
HWANG_GSE202051_TREATED	label permutation	HALLMARK_PROTEIN_SECRETION	647	0.00675672341081483	2026
HWANG_GSE202051_TREATED	label permutation	HALLMARK_PROTEIN_SECRETION	648	-0.00419460124163178	2026
HWANG_GSE202051_TREATED	label permutation	HALLMARK_PROTEIN_SECRETION	649	-0.006396370448449901	2026
HWANG_GSE202051_TREATED	label permutation	HALLMARK_PROTEIN_SECRETION	650	0.0015632324139000303	2026
HWANG_GSE202051_TREATED	label permutation	HALLMARK_PROTEIN_SECRETION	651	-0.0006116383906806198	2026
HWANG_GSE202051_TREATED	label permutation	HALLMARK_PROTEIN_SECRETION	652	0.00797560305794258	2026
HWANG_GSE202051_TREATED	label permutation	HALLMARK_PROTEIN_SECRETION	653	0.007284504988826743	2026
HWANG_GSE202051_TREATED	label permutation	HALLMARK_PROTEIN_SECRETION	654	0.012134750033971058	2026
HWANG_GSE202051_TREATED	label permutation	HALLMARK_PROTEIN_SECRETION	655	-0.00597685497637852	2026
HWANG_GSE202051_TREATED	label permutation	HALLMARK_PROTEIN_SECRETION	656	-0.002604904503150641	2026
HWANG_GSE202051_TREATED	label permutation	HALLMARK_PROTEIN_SECRETION	657	0.006909710650717629	2026
HWANG_GSE202051_TREATED	label permutation	HALLMARK_PROTEIN_SECRETION	658	-0.0009944683176345338	2026
HWANG_GSE202051_TREATED	label permutation	HALLMARK_PROTEIN_SECRETION	659	0.003169056601191478	2026
HWANG_GSE202051_TREATED	label permutation	HALLMARK_PROTEIN_SECRETION	660	-0.007521178873751268	2026
HWANG_GSE202051_TREATED	label permutation	HALLMARK_PROTEIN_SECRETION	661	-0.007139661689790899	2026
HWANG_GSE202051_TREATED	label permutation	HALLMARK_PROTEIN_SECRETION	662	0.004186938076602917	2026
HWANG_GSE202051_TREATED	label permutation	HALLMARK_PROTEIN_SECRETION	663	-0.011105546759047003	2026
HWANG_GSE202051_TREATED	label permutation	HALLMARK_PROTEIN_SECRETION	664	0.00020265153891983165	2026
HWANG_GSE202051_TREATED	label permutation	HALLMARK_PROTEIN_SECRETION	665	-0.0017468592752397224	2026
HWANG_GSE202051_TREATED	label permutation	HALLMARK_PROTEIN_SECRETION	666	-0.006748399637449807	2026
HWANG_GSE202051_TREATED	label permutation	HALLMARK_PROTEIN_SECRETION	667	-0.0027038894239616008	2026
HWANG_GSE202051_TREATED	label permutation	HALLMARK_PROTEIN_SECRETION	668	0.0037754345179114696	2026
HWANG_GSE202051_TREATED	label permutation	HALLMARK_PROTEIN_SECRETION	669	-0.004078118357299746	2026
HWANG_GSE202051_TREATED	label permutation	HALLMARK_PROTEIN_SECRETION	670	0.0138044340811426	2026
HWANG_GSE202051_TREATED	label permutation	HALLMARK_PROTEIN_SECRETION	671	0.0005618223848523888	2026
HWANG_GSE202051_TREATED	label permutation	HALLMARK_PROTEIN_SECRETION	672	0.0011469473316312153	2026
HWANG_GSE202051_TREATED	label permutation	HALLMARK_PROTEIN_SECRETION	673	0.007052043837558794	2026
HWANG_GSE202051_TREATED	label permutation	HALLMARK_PROTEIN_SECRETION	674	-0.0053392462495807005	2026
HWANG_GSE202051_TREATED	label permutation	HALLMARK_PROTEIN_SECRETION	675	0.0011461647011075488	2026
HWANG_GSE202051_TREATED	label permutation	HALLMARK_PROTEIN_SECRETION	676	0.0016004840540809915	2026
HWANG_GSE202051_TREATED	label permutation	HALLMARK_PROTEIN_SECRETION	677	0.002924706554209917	2026
HWANG_GSE202051_TREATED	label permutation	HALLMARK_PROTEIN_SECRETION	678	-0.0022887110584945483	2026
HWANG_GSE202051_TREATED	label permutation	HALLMARK_PROTEIN_SECRETION	679	0.004150531516411158	2026
HWANG_GSE202051_TREATED	label permutation	HALLMARK_PROTEIN_SECRETION	680	-0.0013585176782431078	2026
HWANG_GSE202051_TREATED	label permutation	HALLMARK_PROTEIN_SECRETION	681	-0.009614589969576382	2026
HWANG_GSE202051_TREATED	label permutation	HALLMARK_PROTEIN_SECRETION	682	0.001847597431374736	2026
HWANG_GSE202051_TREATED	label permutation	HALLMARK_PROTEIN_SECRETION	683	-0.006015675013855677	2026
HWANG_GSE202051_TREATED	label permutation	HALLMARK_PROTEIN_SECRETION	684	0.007508323183612248	2026
HWANG_GSE202051_TREATED	label permutation	HALLMARK_PROTEIN_SECRETION	685	0.004162547883232742	2026
HWANG_GSE202051_TREATED	label permutation	HALLMARK_PROTEIN_SECRETION	686	-0.0011298649031165947	2026
HWANG_GSE202051_TREATED	label permutation	HALLMARK_PROTEIN_SECRETION	687	-0.003065591268977797	2026
HWANG_GSE202051_TREATED	label permutation	HALLMARK_PROTEIN_SECRETION	688	-0.011841806301825183	2026
HWANG_GSE202051_TREATED	label permutation	HALLMARK_PROTEIN_SECRETION	689	-0.0074090669957579715	2026
HWANG_GSE202051_TREATED	label permutation	HALLMARK_PROTEIN_SECRETION	690	0.0010361916409359184	2026
HWANG_GSE202051_TREATED	label permutation	HALLMARK_PROTEIN_SECRETION	691	-0.002815220730851583	2026
HWANG_GSE202051_TREATED	label permutation	HALLMARK_PROTEIN_SECRETION	692	0.008133611536414863	2026
HWANG_GSE202051_TREATED	label permutation	HALLMARK_PROTEIN_SECRETION	693	0.0035340091492259513	2026
HWANG_GSE202051_TREATED	label permutation	HALLMARK_PROTEIN_SECRETION	694	-0.0005381812348071437	2026
HWANG_GSE202051_TREATED	label permutation	HALLMARK_PROTEIN_SECRETION	695	-0.00429413973381696	2026
HWANG_GSE202051_TREATED	label permutation	HALLMARK_PROTEIN_SECRETION	696	-0.005897047378531358	2026
HWANG_GSE202051_TREATED	label permutation	HALLMARK_PROTEIN_SECRETION	697	0.010578513501871752	2026
HWANG_GSE202051_TREATED	label permutation	HALLMARK_PROTEIN_SECRETION	698	-0.005477352797390336	2026
HWANG_GSE202051_TREATED	label permutation	HALLMARK_PROTEIN_SECRETION	699	0.0030218867235368278	2026
HWANG_GSE202051_TREATED	label permutation	HALLMARK_PROTEIN_SECRETION	700	-0.007514682576235993	2026
HWANG_GSE202051_TREATED	label permutation	HALLMARK_PROTEIN_SECRETION	701	0.004747148745591561	2026
HWANG_GSE202051_TREATED	label permutation	HALLMARK_PROTEIN_SECRETION	702	0.008435205876342444	2026
HWANG_GSE202051_TREATED	label permutation	HALLMARK_PROTEIN_SECRETION	703	0.003617392475175304	2026
HWANG_GSE202051_TREATED	label permutation	HALLMARK_PROTEIN_SECRETION	704	-0.005063246024325023	2026
HWANG_GSE202051_TREATED	label permutation	HALLMARK_PROTEIN_SECRETION	705	0.0002564043107125977	2026
HWANG_GSE202051_TREATED	label permutation	HALLMARK_PROTEIN_SECRETION	706	-0.005604778377468115	2026
HWANG_GSE202051_TREATED	label permutation	HALLMARK_PROTEIN_SECRETION	707	-0.005367756367242136	2026
HWANG_GSE202051_TREATED	label permutation	HALLMARK_PROTEIN_SECRETION	708	0.0031595407318327938	2026
HWANG_GSE202051_TREATED	label permutation	HALLMARK_PROTEIN_SECRETION	709	-0.00038527745467449044	2026
HWANG_GSE202051_TREATED	label permutation	HALLMARK_PROTEIN_SECRETION	710	-0.005960998787725143	2026
HWANG_GSE202051_TREATED	label permutation	HALLMARK_PROTEIN_SECRETION	711	-0.01214941290068176	2026
HWANG_GSE202051_TREATED	label permutation	HALLMARK_PROTEIN_SECRETION	712	-0.002712364138754812	2026
HWANG_GSE202051_TREATED	label permutation	HALLMARK_PROTEIN_SECRETION	713	0.007003904898924023	2026
HWANG_GSE202051_TREATED	label permutation	HALLMARK_PROTEIN_SECRETION	714	-0.0038070982899675817	2026
HWANG_GSE202051_TREATED	label permutation	HALLMARK_PROTEIN_SECRETION	715	0.011331286231476907	2026
HWANG_GSE202051_TREATED	label permutation	HALLMARK_PROTEIN_SECRETION	716	-0.005334026441478841	2026
HWANG_GSE202051_TREATED	label permutation	HALLMARK_PROTEIN_SECRETION	717	-0.002783934922662294	2026
HWANG_GSE202051_TREATED	label permutation	HALLMARK_PROTEIN_SECRETION	718	0.002054946135656341	2026
HWANG_GSE202051_TREATED	label permutation	HALLMARK_PROTEIN_SECRETION	719	-0.0033777077941211453	2026
HWANG_GSE202051_TREATED	label permutation	HALLMARK_PROTEIN_SECRETION	720	-0.005119117828393611	2026
HWANG_GSE202051_TREATED	label permutation	HALLMARK_PROTEIN_SECRETION	721	-0.010902560652447385	2026
HWANG_GSE202051_TREATED	label permutation	HALLMARK_PROTEIN_SECRETION	722	-0.004301835286185043	2026
HWANG_GSE202051_TREATED	label permutation	HALLMARK_PROTEIN_SECRETION	723	-0.0013193817287820823	2026
HWANG_GSE202051_TREATED	label permutation	HALLMARK_PROTEIN_SECRETION	724	-0.0006349430176964975	2026
HWANG_GSE202051_TREATED	label permutation	HALLMARK_PROTEIN_SECRETION	725	0.0024734846820442104	2026
HWANG_GSE202051_TREATED	label permutation	HALLMARK_PROTEIN_SECRETION	726	-0.008477904106061689	2026
HWANG_GSE202051_TREATED	label permutation	HALLMARK_PROTEIN_SECRETION	727	-0.011458028931695743	2026
HWANG_GSE202051_TREATED	label permutation	HALLMARK_PROTEIN_SECRETION	728	-0.00042574746746387797	2026
HWANG_GSE202051_TREATED	label permutation	HALLMARK_PROTEIN_SECRETION	729	-0.008488781341111369	2026
HWANG_GSE202051_TREATED	label permutation	HALLMARK_PROTEIN_SECRETION	730	0.005594121286223432	2026
HWANG_GSE202051_TREATED	label permutation	HALLMARK_PROTEIN_SECRETION	731	0.00348959452760404	2026
HWANG_GSE202051_TREATED	label permutation	HALLMARK_PROTEIN_SECRETION	732	0.0021538553105148873	2026
HWANG_GSE202051_TREATED	label permutation	HALLMARK_PROTEIN_SECRETION	733	0.0010325343586146157	2026
HWANG_GSE202051_TREATED	label permutation	HALLMARK_PROTEIN_SECRETION	734	0.0028405779508153253	2026
HWANG_GSE202051_TREATED	label permutation	HALLMARK_PROTEIN_SECRETION	735	0.013023564117665658	2026
HWANG_GSE202051_TREATED	label permutation	HALLMARK_PROTEIN_SECRETION	736	-0.004833055242794188	2026
HWANG_GSE202051_TREATED	label permutation	HALLMARK_PROTEIN_SECRETION	737	0.00014524584614619733	2026
HWANG_GSE202051_TREATED	label permutation	HALLMARK_PROTEIN_SECRETION	738	0.008139414044791854	2026
HWANG_GSE202051_TREATED	label permutation	HALLMARK_PROTEIN_SECRETION	739	0.00494525757517038	2026
HWANG_GSE202051_TREATED	label permutation	HALLMARK_PROTEIN_SECRETION	740	0.0009200718532881607	2026
HWANG_GSE202051_TREATED	label permutation	HALLMARK_PROTEIN_SECRETION	741	0.004593292618898313	2026
HWANG_GSE202051_TREATED	label permutation	HALLMARK_PROTEIN_SECRETION	742	0.0010592181812298814	2026
HWANG_GSE202051_TREATED	label permutation	HALLMARK_PROTEIN_SECRETION	743	0.006182502266422898	2026
HWANG_GSE202051_TREATED	label permutation	HALLMARK_PROTEIN_SECRETION	744	-0.001323422405447472	2026
HWANG_GSE202051_TREATED	label permutation	HALLMARK_PROTEIN_SECRETION	745	0.009602555395270272	2026
HWANG_GSE202051_TREATED	label permutation	HALLMARK_PROTEIN_SECRETION	746	-0.011566547701614735	2026
HWANG_GSE202051_TREATED	label permutation	HALLMARK_PROTEIN_SECRETION	747	-0.003400755791896887	2026
HWANG_GSE202051_TREATED	label permutation	HALLMARK_PROTEIN_SECRETION	748	-0.0020861697457285134	2026
HWANG_GSE202051_TREATED	label permutation	HALLMARK_PROTEIN_SECRETION	749	0.009435065793704095	2026
HWANG_GSE202051_TREATED	label permutation	HALLMARK_PROTEIN_SECRETION	750	0.003479436428617973	2026
HWANG_GSE202051_TREATED	label permutation	HALLMARK_PROTEIN_SECRETION	751	0.0028338577493690707	2026
HWANG_GSE202051_TREATED	label permutation	HALLMARK_PROTEIN_SECRETION	752	-0.0001783629311844238	2026
HWANG_GSE202051_TREATED	label permutation	HALLMARK_PROTEIN_SECRETION	753	-0.0050376281366502455	2026
HWANG_GSE202051_TREATED	label permutation	HALLMARK_PROTEIN_SECRETION	754	-0.0008906462727316102	2026
HWANG_GSE202051_TREATED	label permutation	HALLMARK_PROTEIN_SECRETION	755	0.0017738444090265955	2026
HWANG_GSE202051_TREATED	label permutation	HALLMARK_PROTEIN_SECRETION	756	0.005761278204236607	2026
HWANG_GSE202051_TREATED	label permutation	HALLMARK_PROTEIN_SECRETION	757	-0.0017417925590623006	2026
HWANG_GSE202051_TREATED	label permutation	HALLMARK_PROTEIN_SECRETION	758	0.004731137188799284	2026
HWANG_GSE202051_TREATED	label permutation	HALLMARK_PROTEIN_SECRETION	759	-0.0022240050633581766	2026
HWANG_GSE202051_TREATED	label permutation	HALLMARK_PROTEIN_SECRETION	760	0.006885530790685457	2026
HWANG_GSE202051_TREATED	label permutation	HALLMARK_PROTEIN_SECRETION	761	0.0017973577504277114	2026
HWANG_GSE202051_TREATED	label permutation	HALLMARK_PROTEIN_SECRETION	762	-0.0030953890183187623	2026
HWANG_GSE202051_TREATED	label permutation	HALLMARK_PROTEIN_SECRETION	763	-0.005901346151230738	2026
HWANG_GSE202051_TREATED	label permutation	HALLMARK_PROTEIN_SECRETION	764	0.0023955644947227317	2026
HWANG_GSE202051_TREATED	label permutation	HALLMARK_PROTEIN_SECRETION	765	-0.0033400296349714127	2026
HWANG_GSE202051_TREATED	label permutation	HALLMARK_PROTEIN_SECRETION	766	-0.004141325779379739	2026
HWANG_GSE202051_TREATED	label permutation	HALLMARK_PROTEIN_SECRETION	767	0.00311068391047408	2026
HWANG_GSE202051_TREATED	label permutation	HALLMARK_PROTEIN_SECRETION	768	0.0007224870331826149	2026
HWANG_GSE202051_TREATED	label permutation	HALLMARK_PROTEIN_SECRETION	769	-0.0031375535021676104	2026
HWANG_GSE202051_TREATED	label permutation	HALLMARK_PROTEIN_SECRETION	770	-0.001291326409399007	2026
HWANG_GSE202051_TREATED	label permutation	HALLMARK_PROTEIN_SECRETION	771	0.0012610624976869202	2026
HWANG_GSE202051_TREATED	label permutation	HALLMARK_PROTEIN_SECRETION	772	0.006414087018971599	2026
HWANG_GSE202051_TREATED	label permutation	HALLMARK_PROTEIN_SECRETION	773	-0.003460275239673158	2026
HWANG_GSE202051_TREATED	label permutation	HALLMARK_PROTEIN_SECRETION	774	-0.00037624628777801263	2026
HWANG_GSE202051_TREATED	label permutation	HALLMARK_PROTEIN_SECRETION	775	0.0018455675651862188	2026
HWANG_GSE202051_TREATED	label permutation	HALLMARK_PROTEIN_SECRETION	776	0.0007060967206918889	2026
HWANG_GSE202051_TREATED	label permutation	HALLMARK_PROTEIN_SECRETION	777	0.007450297446151386	2026
HWANG_GSE202051_TREATED	label permutation	HALLMARK_PROTEIN_SECRETION	778	0.006784508218140243	2026
HWANG_GSE202051_TREATED	label permutation	HALLMARK_PROTEIN_SECRETION	779	-0.006901965207114909	2026
HWANG_GSE202051_TREATED	label permutation	HALLMARK_PROTEIN_SECRETION	780	0.005381824684238862	2026
HWANG_GSE202051_TREATED	label permutation	HALLMARK_PROTEIN_SECRETION	781	0.0042162326840846625	2026
HWANG_GSE202051_TREATED	label permutation	HALLMARK_PROTEIN_SECRETION	782	0.009274440326464822	2026
HWANG_GSE202051_TREATED	label permutation	HALLMARK_PROTEIN_SECRETION	783	0.0007632260913510107	2026
HWANG_GSE202051_TREATED	label permutation	HALLMARK_PROTEIN_SECRETION	784	-0.003716857082968554	2026
HWANG_GSE202051_TREATED	label permutation	HALLMARK_PROTEIN_SECRETION	785	0.0025291272202045386	2026
HWANG_GSE202051_TREATED	label permutation	HALLMARK_PROTEIN_SECRETION	786	0.007894350018813705	2026
HWANG_GSE202051_TREATED	label permutation	HALLMARK_PROTEIN_SECRETION	787	0.00825797968167557	2026
HWANG_GSE202051_TREATED	label permutation	HALLMARK_PROTEIN_SECRETION	788	-0.004919426792950546	2026
HWANG_GSE202051_TREATED	label permutation	HALLMARK_PROTEIN_SECRETION	789	0.003221115082663443	2026
HWANG_GSE202051_TREATED	label permutation	HALLMARK_PROTEIN_SECRETION	790	-0.0018893880470627958	2026
HWANG_GSE202051_TREATED	label permutation	HALLMARK_PROTEIN_SECRETION	791	-0.00021835566945984926	2026
HWANG_GSE202051_TREATED	label permutation	HALLMARK_PROTEIN_SECRETION	792	0.00012595707017017417	2026
HWANG_GSE202051_TREATED	label permutation	HALLMARK_PROTEIN_SECRETION	793	0.0057024521514139415	2026
HWANG_GSE202051_TREATED	label permutation	HALLMARK_PROTEIN_SECRETION	794	0.001855041027228436	2026
HWANG_GSE202051_TREATED	label permutation	HALLMARK_PROTEIN_SECRETION	795	-0.00043743618505357666	2026
HWANG_GSE202051_TREATED	label permutation	HALLMARK_PROTEIN_SECRETION	796	0.0021049638151341295	2026
HWANG_GSE202051_TREATED	label permutation	HALLMARK_PROTEIN_SECRETION	797	-0.0006136454407489918	2026
HWANG_GSE202051_TREATED	label permutation	HALLMARK_PROTEIN_SECRETION	798	-0.0021112875663480096	2026
HWANG_GSE202051_TREATED	label permutation	HALLMARK_PROTEIN_SECRETION	799	-0.0034221493943266557	2026
HWANG_GSE202051_TREATED	label permutation	HALLMARK_PROTEIN_SECRETION	800	-0.012268782121415646	2026
HWANG_GSE202051_TREATED	label permutation	HALLMARK_PROTEIN_SECRETION	801	0.004291325450670445	2026
HWANG_GSE202051_TREATED	label permutation	HALLMARK_PROTEIN_SECRETION	802	0.002298684886937865	2026
HWANG_GSE202051_TREATED	label permutation	HALLMARK_PROTEIN_SECRETION	803	0.0016359065510557222	2026
HWANG_GSE202051_TREATED	label permutation	HALLMARK_PROTEIN_SECRETION	804	-0.0002279445377075293	2026
HWANG_GSE202051_TREATED	label permutation	HALLMARK_PROTEIN_SECRETION	805	-0.004070855239974764	2026
HWANG_GSE202051_TREATED	label permutation	HALLMARK_PROTEIN_SECRETION	806	-0.00449808442380333	2026
HWANG_GSE202051_TREATED	label permutation	HALLMARK_PROTEIN_SECRETION	807	-0.001169175275626793	2026
HWANG_GSE202051_TREATED	label permutation	HALLMARK_PROTEIN_SECRETION	808	-0.005867280699744533	2026
HWANG_GSE202051_TREATED	label permutation	HALLMARK_PROTEIN_SECRETION	809	-0.009481364850213093	2026
HWANG_GSE202051_TREATED	label permutation	HALLMARK_PROTEIN_SECRETION	810	-0.008656920082904808	2026
HWANG_GSE202051_TREATED	label permutation	HALLMARK_PROTEIN_SECRETION	811	-0.0033173925820635234	2026
HWANG_GSE202051_TREATED	label permutation	HALLMARK_PROTEIN_SECRETION	812	0.007201737918834805	2026
HWANG_GSE202051_TREATED	label permutation	HALLMARK_PROTEIN_SECRETION	813	-0.004725129355776019	2026
HWANG_GSE202051_TREATED	label permutation	HALLMARK_PROTEIN_SECRETION	814	-0.0007831615033388755	2026
HWANG_GSE202051_TREATED	label permutation	HALLMARK_PROTEIN_SECRETION	815	-0.00834717954644419	2026
HWANG_GSE202051_TREATED	label permutation	HALLMARK_PROTEIN_SECRETION	816	0.006852954555260645	2026
HWANG_GSE202051_TREATED	label permutation	HALLMARK_PROTEIN_SECRETION	817	0.005533250656202025	2026
HWANG_GSE202051_TREATED	label permutation	HALLMARK_PROTEIN_SECRETION	818	0.0060747090015654545	2026
HWANG_GSE202051_TREATED	label permutation	HALLMARK_PROTEIN_SECRETION	819	0.005792604252373277	2026
HWANG_GSE202051_TREATED	label permutation	HALLMARK_PROTEIN_SECRETION	820	0.0028894366846103623	2026
HWANG_GSE202051_TREATED	label permutation	HALLMARK_PROTEIN_SECRETION	821	-0.002676480109667187	2026
HWANG_GSE202051_TREATED	label permutation	HALLMARK_PROTEIN_SECRETION	822	0.0023479590682736924	2026
HWANG_GSE202051_TREATED	label permutation	HALLMARK_PROTEIN_SECRETION	823	-0.001261690664872348	2026
HWANG_GSE202051_TREATED	label permutation	HALLMARK_PROTEIN_SECRETION	824	-0.006674525678077164	2026
HWANG_GSE202051_TREATED	label permutation	HALLMARK_PROTEIN_SECRETION	825	2.121943820920345e-05	2026
HWANG_GSE202051_TREATED	label permutation	HALLMARK_PROTEIN_SECRETION	826	-0.0013338604409918974	2026
HWANG_GSE202051_TREATED	label permutation	HALLMARK_PROTEIN_SECRETION	827	-0.0017027142848561726	2026
HWANG_GSE202051_TREATED	label permutation	HALLMARK_PROTEIN_SECRETION	828	-0.003891805287749659	2026
HWANG_GSE202051_TREATED	label permutation	HALLMARK_PROTEIN_SECRETION	829	0.002614832947192991	2026
HWANG_GSE202051_TREATED	label permutation	HALLMARK_PROTEIN_SECRETION	830	0.000681080134743857	2026
HWANG_GSE202051_TREATED	label permutation	HALLMARK_PROTEIN_SECRETION	831	-0.0002460340995129276	2026
HWANG_GSE202051_TREATED	label permutation	HALLMARK_PROTEIN_SECRETION	832	-0.008882979864167915	2026
HWANG_GSE202051_TREATED	label permutation	HALLMARK_PROTEIN_SECRETION	833	-0.0026932822451885105	2026
HWANG_GSE202051_TREATED	label permutation	HALLMARK_PROTEIN_SECRETION	834	-7.187065115092257e-05	2026
HWANG_GSE202051_TREATED	label permutation	HALLMARK_PROTEIN_SECRETION	835	0.003954541162767828	2026
HWANG_GSE202051_TREATED	label permutation	HALLMARK_PROTEIN_SECRETION	836	0.006133392615802497	2026
HWANG_GSE202051_TREATED	label permutation	HALLMARK_PROTEIN_SECRETION	837	0.0044154818547238175	2026
HWANG_GSE202051_TREATED	label permutation	HALLMARK_PROTEIN_SECRETION	838	0.006325689879954697	2026
HWANG_GSE202051_TREATED	label permutation	HALLMARK_PROTEIN_SECRETION	839	-0.005391733378028082	2026
HWANG_GSE202051_TREATED	label permutation	HALLMARK_PROTEIN_SECRETION	840	-0.0019673734128531186	2026
HWANG_GSE202051_TREATED	label permutation	HALLMARK_PROTEIN_SECRETION	841	-0.007975863521697785	2026
HWANG_GSE202051_TREATED	label permutation	HALLMARK_PROTEIN_SECRETION	842	-0.0033467179449791274	2026
HWANG_GSE202051_TREATED	label permutation	HALLMARK_PROTEIN_SECRETION	843	-0.008980148414117536	2026
HWANG_GSE202051_TREATED	label permutation	HALLMARK_PROTEIN_SECRETION	844	0.0020156688900960324	2026
HWANG_GSE202051_TREATED	label permutation	HALLMARK_PROTEIN_SECRETION	845	0.0003964656663277232	2026
HWANG_GSE202051_TREATED	label permutation	HALLMARK_PROTEIN_SECRETION	846	-0.00013682796379402976	2026
HWANG_GSE202051_TREATED	label permutation	HALLMARK_PROTEIN_SECRETION	847	0.009674402676904392	2026
HWANG_GSE202051_TREATED	label permutation	HALLMARK_PROTEIN_SECRETION	848	0.003038038479478923	2026
HWANG_GSE202051_TREATED	label permutation	HALLMARK_PROTEIN_SECRETION	849	-0.006374812907808092	2026
HWANG_GSE202051_TREATED	label permutation	HALLMARK_PROTEIN_SECRETION	850	-0.0027067218087697144	2026
HWANG_GSE202051_TREATED	label permutation	HALLMARK_PROTEIN_SECRETION	851	0.004001577273509476	2026
HWANG_GSE202051_TREATED	label permutation	HALLMARK_PROTEIN_SECRETION	852	-0.00786950298032542	2026
HWANG_GSE202051_TREATED	label permutation	HALLMARK_PROTEIN_SECRETION	853	-0.003966540543225881	2026
HWANG_GSE202051_TREATED	label permutation	HALLMARK_PROTEIN_SECRETION	854	-0.0005115259057872331	2026
HWANG_GSE202051_TREATED	label permutation	HALLMARK_PROTEIN_SECRETION	855	-0.004285471582394947	2026
HWANG_GSE202051_TREATED	label permutation	HALLMARK_PROTEIN_SECRETION	856	-0.0008466924837301872	2026
HWANG_GSE202051_TREATED	label permutation	HALLMARK_PROTEIN_SECRETION	857	0.008113698045918242	2026
HWANG_GSE202051_TREATED	label permutation	HALLMARK_PROTEIN_SECRETION	858	-0.004574880269039388	2026
HWANG_GSE202051_TREATED	label permutation	HALLMARK_PROTEIN_SECRETION	859	0.00048732932507422806	2026
HWANG_GSE202051_TREATED	label permutation	HALLMARK_PROTEIN_SECRETION	860	0.002960115452216997	2026
HWANG_GSE202051_TREATED	label permutation	HALLMARK_PROTEIN_SECRETION	861	-0.008464316582270443	2026
HWANG_GSE202051_TREATED	label permutation	HALLMARK_PROTEIN_SECRETION	862	-0.005952102960550084	2026
HWANG_GSE202051_TREATED	label permutation	HALLMARK_PROTEIN_SECRETION	863	-0.0072808809909551304	2026
HWANG_GSE202051_TREATED	label permutation	HALLMARK_PROTEIN_SECRETION	864	0.009682345632155875	2026
HWANG_GSE202051_TREATED	label permutation	HALLMARK_PROTEIN_SECRETION	865	-0.004873401266589655	2026
HWANG_GSE202051_TREATED	label permutation	HALLMARK_PROTEIN_SECRETION	866	0.004158755646007742	2026
HWANG_GSE202051_TREATED	label permutation	HALLMARK_PROTEIN_SECRETION	867	-0.011507311547631727	2026
HWANG_GSE202051_TREATED	label permutation	HALLMARK_PROTEIN_SECRETION	868	0.002214638004760146	2026
HWANG_GSE202051_TREATED	label permutation	HALLMARK_PROTEIN_SECRETION	869	0.007726526531335949	2026
HWANG_GSE202051_TREATED	label permutation	HALLMARK_PROTEIN_SECRETION	870	-0.009892816407527523	2026
HWANG_GSE202051_TREATED	label permutation	HALLMARK_PROTEIN_SECRETION	871	-0.004670566572676929	2026
HWANG_GSE202051_TREATED	label permutation	HALLMARK_PROTEIN_SECRETION	872	0.0027385180088200247	2026
HWANG_GSE202051_TREATED	label permutation	HALLMARK_PROTEIN_SECRETION	873	-0.008955013843018585	2026
HWANG_GSE202051_TREATED	label permutation	HALLMARK_PROTEIN_SECRETION	874	0.0016282493249377438	2026
HWANG_GSE202051_TREATED	label permutation	HALLMARK_PROTEIN_SECRETION	875	0.005223081030897556	2026
HWANG_GSE202051_TREATED	label permutation	HALLMARK_PROTEIN_SECRETION	876	-0.009811348400653551	2026
HWANG_GSE202051_TREATED	label permutation	HALLMARK_PROTEIN_SECRETION	877	0.0009176095197225185	2026
HWANG_GSE202051_TREATED	label permutation	HALLMARK_PROTEIN_SECRETION	878	0.0036994219036305294	2026
HWANG_GSE202051_TREATED	label permutation	HALLMARK_PROTEIN_SECRETION	879	0.011134318819624074	2026
HWANG_GSE202051_TREATED	label permutation	HALLMARK_PROTEIN_SECRETION	880	-0.006374430050040132	2026
HWANG_GSE202051_TREATED	label permutation	HALLMARK_PROTEIN_SECRETION	881	0.007095440679217465	2026
HWANG_GSE202051_TREATED	label permutation	HALLMARK_PROTEIN_SECRETION	882	0.0018714196294852574	2026
HWANG_GSE202051_TREATED	label permutation	HALLMARK_PROTEIN_SECRETION	883	-0.0010447622634436739	2026
HWANG_GSE202051_TREATED	label permutation	HALLMARK_PROTEIN_SECRETION	884	0.00045272913583935904	2026
HWANG_GSE202051_TREATED	label permutation	HALLMARK_PROTEIN_SECRETION	885	-0.011920594010558143	2026
HWANG_GSE202051_TREATED	label permutation	HALLMARK_PROTEIN_SECRETION	886	0.005546837455074172	2026
HWANG_GSE202051_TREATED	label permutation	HALLMARK_PROTEIN_SECRETION	887	0.0019697842067779602	2026
HWANG_GSE202051_TREATED	label permutation	HALLMARK_PROTEIN_SECRETION	888	0.004564468152014286	2026
HWANG_GSE202051_TREATED	label permutation	HALLMARK_PROTEIN_SECRETION	889	-0.0026328227715880226	2026
HWANG_GSE202051_TREATED	label permutation	HALLMARK_PROTEIN_SECRETION	890	-0.006766502448167867	2026
HWANG_GSE202051_TREATED	label permutation	HALLMARK_PROTEIN_SECRETION	891	-0.0011196312250513665	2026
HWANG_GSE202051_TREATED	label permutation	HALLMARK_PROTEIN_SECRETION	892	0.004910125334479402	2026
HWANG_GSE202051_TREATED	label permutation	HALLMARK_PROTEIN_SECRETION	893	0.00040445315285729045	2026
HWANG_GSE202051_TREATED	label permutation	HALLMARK_PROTEIN_SECRETION	894	0.005402082419901496	2026
HWANG_GSE202051_TREATED	label permutation	HALLMARK_PROTEIN_SECRETION	895	-0.004403692684159329	2026
HWANG_GSE202051_TREATED	label permutation	HALLMARK_PROTEIN_SECRETION	896	0.007748825627889217	2026
HWANG_GSE202051_TREATED	label permutation	HALLMARK_PROTEIN_SECRETION	897	0.012190187488867778	2026
HWANG_GSE202051_TREATED	label permutation	HALLMARK_PROTEIN_SECRETION	898	0.0012959954490481317	2026
HWANG_GSE202051_TREATED	label permutation	HALLMARK_PROTEIN_SECRETION	899	-0.008905026355622965	2026
HWANG_GSE202051_TREATED	label permutation	HALLMARK_PROTEIN_SECRETION	900	-0.009183892356320339	2026
HWANG_GSE202051_TREATED	label permutation	HALLMARK_PROTEIN_SECRETION	901	0.0030508884026691535	2026
HWANG_GSE202051_TREATED	label permutation	HALLMARK_PROTEIN_SECRETION	902	-0.006016945685554681	2026
HWANG_GSE202051_TREATED	label permutation	HALLMARK_PROTEIN_SECRETION	903	-0.005689381234641064	2026
HWANG_GSE202051_TREATED	label permutation	HALLMARK_PROTEIN_SECRETION	904	-0.01189218415352141	2026
HWANG_GSE202051_TREATED	label permutation	HALLMARK_PROTEIN_SECRETION	905	-0.00916783816464147	2026
HWANG_GSE202051_TREATED	label permutation	HALLMARK_PROTEIN_SECRETION	906	-0.0076641026869574405	2026
HWANG_GSE202051_TREATED	label permutation	HALLMARK_PROTEIN_SECRETION	907	0.0012970609229946849	2026
HWANG_GSE202051_TREATED	label permutation	HALLMARK_PROTEIN_SECRETION	908	0.0035105688789339993	2026
HWANG_GSE202051_TREATED	label permutation	HALLMARK_PROTEIN_SECRETION	909	-0.0053187694421679204	2026
HWANG_GSE202051_TREATED	label permutation	HALLMARK_PROTEIN_SECRETION	910	-0.009001372240311516	2026
HWANG_GSE202051_TREATED	label permutation	HALLMARK_PROTEIN_SECRETION	911	-0.0008536263881122804	2026
HWANG_GSE202051_TREATED	label permutation	HALLMARK_PROTEIN_SECRETION	912	0.006824968998536332	2026
HWANG_GSE202051_TREATED	label permutation	HALLMARK_PROTEIN_SECRETION	913	-0.004569141211638315	2026
HWANG_GSE202051_TREATED	label permutation	HALLMARK_PROTEIN_SECRETION	914	-0.01468366127960722	2026
HWANG_GSE202051_TREATED	label permutation	HALLMARK_PROTEIN_SECRETION	915	0.00045247800920219226	2026
HWANG_GSE202051_TREATED	label permutation	HALLMARK_PROTEIN_SECRETION	916	0.005300597476313786	2026
HWANG_GSE202051_TREATED	label permutation	HALLMARK_PROTEIN_SECRETION	917	0.0018338762486175522	2026
HWANG_GSE202051_TREATED	label permutation	HALLMARK_PROTEIN_SECRETION	918	-0.010510499128266152	2026
HWANG_GSE202051_TREATED	label permutation	HALLMARK_PROTEIN_SECRETION	919	-0.012336337309276255	2026
HWANG_GSE202051_TREATED	label permutation	HALLMARK_PROTEIN_SECRETION	920	-0.003929372891856911	2026
HWANG_GSE202051_TREATED	label permutation	HALLMARK_PROTEIN_SECRETION	921	0.0025612896630605475	2026
HWANG_GSE202051_TREATED	label permutation	HALLMARK_PROTEIN_SECRETION	922	0.00018148855673589265	2026
HWANG_GSE202051_TREATED	label permutation	HALLMARK_PROTEIN_SECRETION	923	-0.00548105627326578	2026
HWANG_GSE202051_TREATED	label permutation	HALLMARK_PROTEIN_SECRETION	924	-0.006770499824597574	2026
HWANG_GSE202051_TREATED	label permutation	HALLMARK_PROTEIN_SECRETION	925	-0.005276546160635519	2026
HWANG_GSE202051_TREATED	label permutation	HALLMARK_PROTEIN_SECRETION	926	-0.01036861501911864	2026
HWANG_GSE202051_TREATED	label permutation	HALLMARK_PROTEIN_SECRETION	927	-0.007397581779426115	2026
HWANG_GSE202051_TREATED	label permutation	HALLMARK_PROTEIN_SECRETION	928	-0.0012947886879700306	2026
HWANG_GSE202051_TREATED	label permutation	HALLMARK_PROTEIN_SECRETION	929	-0.0004812223112393478	2026
HWANG_GSE202051_TREATED	label permutation	HALLMARK_PROTEIN_SECRETION	930	0.007692979155146349	2026
HWANG_GSE202051_TREATED	label permutation	HALLMARK_PROTEIN_SECRETION	931	-0.005382261843440656	2026
HWANG_GSE202051_TREATED	label permutation	HALLMARK_PROTEIN_SECRETION	932	-0.004048196871173101	2026
HWANG_GSE202051_TREATED	label permutation	HALLMARK_PROTEIN_SECRETION	933	0.006936996329516783	2026
HWANG_GSE202051_TREATED	label permutation	HALLMARK_PROTEIN_SECRETION	934	-0.0009833612500037574	2026
HWANG_GSE202051_TREATED	label permutation	HALLMARK_PROTEIN_SECRETION	935	0.0001262347275295917	2026
HWANG_GSE202051_TREATED	label permutation	HALLMARK_PROTEIN_SECRETION	936	-0.004979205797112255	2026
HWANG_GSE202051_TREATED	label permutation	HALLMARK_PROTEIN_SECRETION	937	-0.0009200002441566027	2026
HWANG_GSE202051_TREATED	label permutation	HALLMARK_PROTEIN_SECRETION	938	-0.001941143333530901	2026
HWANG_GSE202051_TREATED	label permutation	HALLMARK_PROTEIN_SECRETION	939	0.0048729009849078275	2026
HWANG_GSE202051_TREATED	label permutation	HALLMARK_PROTEIN_SECRETION	940	-0.0012342053447262009	2026
HWANG_GSE202051_TREATED	label permutation	HALLMARK_PROTEIN_SECRETION	941	0.0031337028118849576	2026
HWANG_GSE202051_TREATED	label permutation	HALLMARK_PROTEIN_SECRETION	942	0.006109117673610481	2026
HWANG_GSE202051_TREATED	label permutation	HALLMARK_PROTEIN_SECRETION	943	-0.0023548281378565046	2026
HWANG_GSE202051_TREATED	label permutation	HALLMARK_PROTEIN_SECRETION	944	0.0025353557458626308	2026
HWANG_GSE202051_TREATED	label permutation	HALLMARK_PROTEIN_SECRETION	945	0.004490826685356211	2026
HWANG_GSE202051_TREATED	label permutation	HALLMARK_PROTEIN_SECRETION	946	-0.007801121331157849	2026
HWANG_GSE202051_TREATED	label permutation	HALLMARK_PROTEIN_SECRETION	947	-0.0027521550496171798	2026
HWANG_GSE202051_TREATED	label permutation	HALLMARK_PROTEIN_SECRETION	948	-0.01169461420653508	2026
HWANG_GSE202051_TREATED	label permutation	HALLMARK_PROTEIN_SECRETION	949	-0.000747507079571004	2026
HWANG_GSE202051_TREATED	label permutation	HALLMARK_PROTEIN_SECRETION	950	-0.003775910737058834	2026
HWANG_GSE202051_TREATED	label permutation	HALLMARK_PROTEIN_SECRETION	951	-0.006439321395524613	2026
HWANG_GSE202051_TREATED	label permutation	HALLMARK_PROTEIN_SECRETION	952	0.001987466394072986	2026
HWANG_GSE202051_TREATED	label permutation	HALLMARK_PROTEIN_SECRETION	953	-0.00014184911814437153	2026
HWANG_GSE202051_TREATED	label permutation	HALLMARK_PROTEIN_SECRETION	954	-0.0036638275978327964	2026
HWANG_GSE202051_TREATED	label permutation	HALLMARK_PROTEIN_SECRETION	955	0.009327127193137396	2026
HWANG_GSE202051_TREATED	label permutation	HALLMARK_PROTEIN_SECRETION	956	-0.0064772600606536205	2026
HWANG_GSE202051_TREATED	label permutation	HALLMARK_PROTEIN_SECRETION	957	0.005882684135870885	2026
HWANG_GSE202051_TREATED	label permutation	HALLMARK_PROTEIN_SECRETION	958	0.0025755507150727473	2026
HWANG_GSE202051_TREATED	label permutation	HALLMARK_PROTEIN_SECRETION	959	0.0035104706566760915	2026
HWANG_GSE202051_TREATED	label permutation	HALLMARK_PROTEIN_SECRETION	960	0.0031684943532325088	2026
HWANG_GSE202051_TREATED	label permutation	HALLMARK_PROTEIN_SECRETION	961	0.0011591314959755275	2026
HWANG_GSE202051_TREATED	label permutation	HALLMARK_PROTEIN_SECRETION	962	-0.0029246102749992844	2026
HWANG_GSE202051_TREATED	label permutation	HALLMARK_PROTEIN_SECRETION	963	-0.01713066950463305	2026
HWANG_GSE202051_TREATED	label permutation	HALLMARK_PROTEIN_SECRETION	964	-0.016266839963731752	2026
HWANG_GSE202051_TREATED	label permutation	HALLMARK_PROTEIN_SECRETION	965	-0.0059333105956863716	2026
HWANG_GSE202051_TREATED	label permutation	HALLMARK_PROTEIN_SECRETION	966	-0.0086018527835883	2026
HWANG_GSE202051_TREATED	label permutation	HALLMARK_PROTEIN_SECRETION	967	-0.00842805970660863	2026
HWANG_GSE202051_TREATED	label permutation	HALLMARK_PROTEIN_SECRETION	968	-0.0048282815759640475	2026
HWANG_GSE202051_TREATED	label permutation	HALLMARK_PROTEIN_SECRETION	969	-0.002563499295852924	2026
HWANG_GSE202051_TREATED	label permutation	HALLMARK_PROTEIN_SECRETION	970	0.0074286797369293245	2026
HWANG_GSE202051_TREATED	label permutation	HALLMARK_PROTEIN_SECRETION	971	-0.007346516287458396	2026
HWANG_GSE202051_TREATED	label permutation	HALLMARK_PROTEIN_SECRETION	972	-0.005668937066832598	2026
HWANG_GSE202051_TREATED	label permutation	HALLMARK_PROTEIN_SECRETION	973	-0.01213931237449855	2026
HWANG_GSE202051_TREATED	label permutation	HALLMARK_PROTEIN_SECRETION	974	-0.0043088630966378084	2026
HWANG_GSE202051_TREATED	label permutation	HALLMARK_PROTEIN_SECRETION	975	0.002091710568498271	2026
HWANG_GSE202051_TREATED	label permutation	HALLMARK_PROTEIN_SECRETION	976	-0.003674348327770388	2026
HWANG_GSE202051_TREATED	label permutation	HALLMARK_PROTEIN_SECRETION	977	0.0034355389392509224	2026
HWANG_GSE202051_TREATED	label permutation	HALLMARK_PROTEIN_SECRETION	978	0.006654703571349159	2026
HWANG_GSE202051_TREATED	label permutation	HALLMARK_PROTEIN_SECRETION	979	-0.006622941964742945	2026
HWANG_GSE202051_TREATED	label permutation	HALLMARK_PROTEIN_SECRETION	980	0.0040585411767106085	2026
HWANG_GSE202051_TREATED	label permutation	HALLMARK_PROTEIN_SECRETION	981	0.006355444731293161	2026
HWANG_GSE202051_TREATED	label permutation	HALLMARK_PROTEIN_SECRETION	982	0.003003074148813603	2026
HWANG_GSE202051_TREATED	label permutation	HALLMARK_PROTEIN_SECRETION	983	-0.004874351725225235	2026
HWANG_GSE202051_TREATED	label permutation	HALLMARK_PROTEIN_SECRETION	984	-0.005580846358007308	2026
HWANG_GSE202051_TREATED	label permutation	HALLMARK_PROTEIN_SECRETION	985	-0.00447453232510383	2026
HWANG_GSE202051_TREATED	label permutation	HALLMARK_PROTEIN_SECRETION	986	-0.0014993686043230019	2026
HWANG_GSE202051_TREATED	label permutation	HALLMARK_PROTEIN_SECRETION	987	-0.0009491926203048386	2026
HWANG_GSE202051_TREATED	label permutation	HALLMARK_PROTEIN_SECRETION	988	-0.012697878203856601	2026
HWANG_GSE202051_TREATED	label permutation	HALLMARK_PROTEIN_SECRETION	989	0.00306665355132108	2026
HWANG_GSE202051_TREATED	label permutation	HALLMARK_PROTEIN_SECRETION	990	-0.005464151744433369	2026
HWANG_GSE202051_TREATED	label permutation	HALLMARK_PROTEIN_SECRETION	991	-0.00030628040739742095	2026
HWANG_GSE202051_TREATED	label permutation	HALLMARK_PROTEIN_SECRETION	992	-0.0031238786098436496	2026
HWANG_GSE202051_TREATED	label permutation	HALLMARK_PROTEIN_SECRETION	993	-0.00539445506194198	2026
HWANG_GSE202051_TREATED	label permutation	HALLMARK_PROTEIN_SECRETION	994	-0.010422354745290586	2026
HWANG_GSE202051_TREATED	label permutation	HALLMARK_PROTEIN_SECRETION	995	-0.002740481183319408	2026
HWANG_GSE202051_TREATED	label permutation	HALLMARK_PROTEIN_SECRETION	996	0.009861712952278513	2026
HWANG_GSE202051_TREATED	label permutation	HALLMARK_PROTEIN_SECRETION	997	0.00425713679089234	2026
HWANG_GSE202051_TREATED	label permutation	HALLMARK_PROTEIN_SECRETION	998	-0.004402564218398108	2026
HWANG_GSE202051_TREATED	label permutation	HALLMARK_PROTEIN_SECRETION	999	-0.0014438480985921338	2026
HWANG_GSE202051_TREATED	label permutation	HALLMARK_PROTEIN_SECRETION	1000	0.004881525810267991	2026
HWANG_GSE202051_TREATED	size-matched random gene set	HALLMARK_PROTEIN_SECRETION	1	-0.006096722480918976	2026
HWANG_GSE202051_TREATED	size-matched random gene set	HALLMARK_PROTEIN_SECRETION	2	0.0019530893440225332	2026
HWANG_GSE202051_TREATED	size-matched random gene set	HALLMARK_PROTEIN_SECRETION	3	-0.00277146564000342	2026
HWANG_GSE202051_TREATED	size-matched random gene set	HALLMARK_PROTEIN_SECRETION	4	0.0026819569150812513	2026
HWANG_GSE202051_TREATED	size-matched random gene set	HALLMARK_PROTEIN_SECRETION	5	8.77442899861543e-05	2026
HWANG_GSE202051_TREATED	size-matched random gene set	HALLMARK_PROTEIN_SECRETION	6	0.005467962833167121	2026
HWANG_GSE202051_TREATED	size-matched random gene set	HALLMARK_PROTEIN_SECRETION	7	-0.011278883418544333	2026
HWANG_GSE202051_TREATED	size-matched random gene set	HALLMARK_PROTEIN_SECRETION	8	0.0043431350284447645	2026
HWANG_GSE202051_TREATED	size-matched random gene set	HALLMARK_PROTEIN_SECRETION	9	0.007481159525199424	2026
HWANG_GSE202051_TREATED	size-matched random gene set	HALLMARK_PROTEIN_SECRETION	10	0.0018189287340321452	2026
HWANG_GSE202051_TREATED	size-matched random gene set	HALLMARK_PROTEIN_SECRETION	11	-0.00021043279617140014	2026
HWANG_GSE202051_TREATED	size-matched random gene set	HALLMARK_PROTEIN_SECRETION	12	0.005958074351929001	2026
HWANG_GSE202051_TREATED	size-matched random gene set	HALLMARK_PROTEIN_SECRETION	13	-0.001302526320283466	2026
HWANG_GSE202051_TREATED	size-matched random gene set	HALLMARK_PROTEIN_SECRETION	14	0.0075984838319569275	2026
HWANG_GSE202051_TREATED	size-matched random gene set	HALLMARK_PROTEIN_SECRETION	15	-0.009508623212861606	2026
HWANG_GSE202051_TREATED	size-matched random gene set	HALLMARK_PROTEIN_SECRETION	16	0.004331815943912226	2026
HWANG_GSE202051_TREATED	size-matched random gene set	HALLMARK_PROTEIN_SECRETION	17	0.0027069525209428213	2026
HWANG_GSE202051_TREATED	size-matched random gene set	HALLMARK_PROTEIN_SECRETION	18	-0.0020985413267488214	2026
HWANG_GSE202051_TREATED	size-matched random gene set	HALLMARK_PROTEIN_SECRETION	19	0.0028649416699922485	2026
HWANG_GSE202051_TREATED	size-matched random gene set	HALLMARK_PROTEIN_SECRETION	20	0.004996757974569595	2026
HWANG_GSE202051_TREATED	size-matched random gene set	HALLMARK_PROTEIN_SECRETION	21	-0.00827703852164803	2026
HWANG_GSE202051_TREATED	size-matched random gene set	HALLMARK_PROTEIN_SECRETION	22	-0.004850904429850604	2026
HWANG_GSE202051_TREATED	size-matched random gene set	HALLMARK_PROTEIN_SECRETION	23	0.0010699027658534722	2026
HWANG_GSE202051_TREATED	size-matched random gene set	HALLMARK_PROTEIN_SECRETION	24	-0.004598893029455113	2026
HWANG_GSE202051_TREATED	size-matched random gene set	HALLMARK_PROTEIN_SECRETION	25	0.0037942374709171896	2026
HWANG_GSE202051_TREATED	size-matched random gene set	HALLMARK_PROTEIN_SECRETION	26	-0.007272485928856706	2026
HWANG_GSE202051_TREATED	size-matched random gene set	HALLMARK_PROTEIN_SECRETION	27	0.004817641209755395	2026
HWANG_GSE202051_TREATED	size-matched random gene set	HALLMARK_PROTEIN_SECRETION	28	0.004082871271300257	2026
HWANG_GSE202051_TREATED	size-matched random gene set	HALLMARK_PROTEIN_SECRETION	29	0.0005135470256962776	2026
HWANG_GSE202051_TREATED	size-matched random gene set	HALLMARK_PROTEIN_SECRETION	30	7.132000288053923e-05	2026
HWANG_GSE202051_TREATED	size-matched random gene set	HALLMARK_PROTEIN_SECRETION	31	-0.001914244315488437	2026
HWANG_GSE202051_TREATED	size-matched random gene set	HALLMARK_PROTEIN_SECRETION	32	0.004797770967712937	2026
HWANG_GSE202051_TREATED	size-matched random gene set	HALLMARK_PROTEIN_SECRETION	33	0.005979016275780627	2026
HWANG_GSE202051_TREATED	size-matched random gene set	HALLMARK_PROTEIN_SECRETION	34	0.013341264381204542	2026
HWANG_GSE202051_TREATED	size-matched random gene set	HALLMARK_PROTEIN_SECRETION	35	0.003380749043217841	2026
HWANG_GSE202051_TREATED	size-matched random gene set	HALLMARK_PROTEIN_SECRETION	36	-0.0013921145606081568	2026
HWANG_GSE202051_TREATED	size-matched random gene set	HALLMARK_PROTEIN_SECRETION	37	-0.01342283621239493	2026
HWANG_GSE202051_TREATED	size-matched random gene set	HALLMARK_PROTEIN_SECRETION	38	-0.009771091254501246	2026
HWANG_GSE202051_TREATED	size-matched random gene set	HALLMARK_PROTEIN_SECRETION	39	0.005661711515059102	2026
HWANG_GSE202051_TREATED	size-matched random gene set	HALLMARK_PROTEIN_SECRETION	40	-0.0014260701433497685	2026
HWANG_GSE202051_TREATED	size-matched random gene set	HALLMARK_PROTEIN_SECRETION	41	-0.0009606373785439412	2026
HWANG_GSE202051_TREATED	size-matched random gene set	HALLMARK_PROTEIN_SECRETION	42	0.00796234850604523	2026
HWANG_GSE202051_TREATED	size-matched random gene set	HALLMARK_PROTEIN_SECRETION	43	0.0007950223271812245	2026
HWANG_GSE202051_TREATED	size-matched random gene set	HALLMARK_PROTEIN_SECRETION	44	-0.006689708934768227	2026
HWANG_GSE202051_TREATED	size-matched random gene set	HALLMARK_PROTEIN_SECRETION	45	0.0014820784075431183	2026
HWANG_GSE202051_TREATED	size-matched random gene set	HALLMARK_PROTEIN_SECRETION	46	0.002108620479186431	2026
HWANG_GSE202051_TREATED	size-matched random gene set	HALLMARK_PROTEIN_SECRETION	47	-0.003725650495203314	2026
HWANG_GSE202051_TREATED	size-matched random gene set	HALLMARK_PROTEIN_SECRETION	48	0.00618091887984568	2026
HWANG_GSE202051_TREATED	size-matched random gene set	HALLMARK_PROTEIN_SECRETION	49	0.00871815802570012	2026
HWANG_GSE202051_TREATED	size-matched random gene set	HALLMARK_PROTEIN_SECRETION	50	0.009489811499174258	2026
HWANG_GSE202051_TREATED	size-matched random gene set	HALLMARK_PROTEIN_SECRETION	51	0.004628679320372416	2026
HWANG_GSE202051_TREATED	size-matched random gene set	HALLMARK_PROTEIN_SECRETION	52	-0.008522041375084765	2026
HWANG_GSE202051_TREATED	size-matched random gene set	HALLMARK_PROTEIN_SECRETION	53	-0.0011379939235708774	2026
HWANG_GSE202051_TREATED	size-matched random gene set	HALLMARK_PROTEIN_SECRETION	54	0.002659759151509516	2026
HWANG_GSE202051_TREATED	size-matched random gene set	HALLMARK_PROTEIN_SECRETION	55	0.010025233481757633	2026
HWANG_GSE202051_TREATED	size-matched random gene set	HALLMARK_PROTEIN_SECRETION	56	-0.0028890454314943097	2026
HWANG_GSE202051_TREATED	size-matched random gene set	HALLMARK_PROTEIN_SECRETION	57	0.004505589147688548	2026
HWANG_GSE202051_TREATED	size-matched random gene set	HALLMARK_PROTEIN_SECRETION	58	0.005061380434847593	2026
HWANG_GSE202051_TREATED	size-matched random gene set	HALLMARK_PROTEIN_SECRETION	59	-0.0072239539750018796	2026
HWANG_GSE202051_TREATED	size-matched random gene set	HALLMARK_PROTEIN_SECRETION	60	0.003415062547474587	2026
HWANG_GSE202051_TREATED	size-matched random gene set	HALLMARK_PROTEIN_SECRETION	61	-0.0006966265305723244	2026
HWANG_GSE202051_TREATED	size-matched random gene set	HALLMARK_PROTEIN_SECRETION	62	-0.00310609816773368	2026
HWANG_GSE202051_TREATED	size-matched random gene set	HALLMARK_PROTEIN_SECRETION	63	0.002659667624910176	2026
HWANG_GSE202051_TREATED	size-matched random gene set	HALLMARK_PROTEIN_SECRETION	64	0.0028671227741367375	2026
HWANG_GSE202051_TREATED	size-matched random gene set	HALLMARK_PROTEIN_SECRETION	65	-0.0019461723763858592	2026
HWANG_GSE202051_TREATED	size-matched random gene set	HALLMARK_PROTEIN_SECRETION	66	-0.008316953105883098	2026
HWANG_GSE202051_TREATED	size-matched random gene set	HALLMARK_PROTEIN_SECRETION	67	4.026735733227417e-05	2026
HWANG_GSE202051_TREATED	size-matched random gene set	HALLMARK_PROTEIN_SECRETION	68	0.006714735580032368	2026
HWANG_GSE202051_TREATED	size-matched random gene set	HALLMARK_PROTEIN_SECRETION	69	-0.004210386699454821	2026
HWANG_GSE202051_TREATED	size-matched random gene set	HALLMARK_PROTEIN_SECRETION	70	0.013823642012820804	2026
HWANG_GSE202051_TREATED	size-matched random gene set	HALLMARK_PROTEIN_SECRETION	71	0.002016190681128167	2026
HWANG_GSE202051_TREATED	size-matched random gene set	HALLMARK_PROTEIN_SECRETION	72	0.012163017225923783	2026
HWANG_GSE202051_TREATED	size-matched random gene set	HALLMARK_PROTEIN_SECRETION	73	-0.004634607193323165	2026
HWANG_GSE202051_TREATED	size-matched random gene set	HALLMARK_PROTEIN_SECRETION	74	-0.007101113813290393	2026
HWANG_GSE202051_TREATED	size-matched random gene set	HALLMARK_PROTEIN_SECRETION	75	0.003980151062574578	2026
HWANG_GSE202051_TREATED	size-matched random gene set	HALLMARK_PROTEIN_SECRETION	76	0.0037427651682150095	2026
HWANG_GSE202051_TREATED	size-matched random gene set	HALLMARK_PROTEIN_SECRETION	77	0.00034711670253132675	2026
HWANG_GSE202051_TREATED	size-matched random gene set	HALLMARK_PROTEIN_SECRETION	78	-0.003928247082926996	2026
HWANG_GSE202051_TREATED	size-matched random gene set	HALLMARK_PROTEIN_SECRETION	79	0.0037790893384836016	2026
HWANG_GSE202051_TREATED	size-matched random gene set	HALLMARK_PROTEIN_SECRETION	80	0.001198953370056499	2026
HWANG_GSE202051_TREATED	size-matched random gene set	HALLMARK_PROTEIN_SECRETION	81	0.007411888538369618	2026
HWANG_GSE202051_TREATED	size-matched random gene set	HALLMARK_PROTEIN_SECRETION	82	0.008400579720672693	2026
HWANG_GSE202051_TREATED	size-matched random gene set	HALLMARK_PROTEIN_SECRETION	83	0.009124007271709103	2026
HWANG_GSE202051_TREATED	size-matched random gene set	HALLMARK_PROTEIN_SECRETION	84	0.003857352243317207	2026
HWANG_GSE202051_TREATED	size-matched random gene set	HALLMARK_PROTEIN_SECRETION	85	0.011330592233981555	2026
HWANG_GSE202051_TREATED	size-matched random gene set	HALLMARK_PROTEIN_SECRETION	86	-0.014168437091362425	2026
HWANG_GSE202051_TREATED	size-matched random gene set	HALLMARK_PROTEIN_SECRETION	87	-0.004430011418572247	2026
HWANG_GSE202051_TREATED	size-matched random gene set	HALLMARK_PROTEIN_SECRETION	88	-0.0030016996967694365	2026
HWANG_GSE202051_TREATED	size-matched random gene set	HALLMARK_PROTEIN_SECRETION	89	-0.003920038188626152	2026
HWANG_GSE202051_TREATED	size-matched random gene set	HALLMARK_PROTEIN_SECRETION	90	0.0037513121261538843	2026
HWANG_GSE202051_TREATED	size-matched random gene set	HALLMARK_PROTEIN_SECRETION	91	-0.0073886389638319295	2026
HWANG_GSE202051_TREATED	size-matched random gene set	HALLMARK_PROTEIN_SECRETION	92	0.004106296331864356	2026
HWANG_GSE202051_TREATED	size-matched random gene set	HALLMARK_PROTEIN_SECRETION	93	0.0003508043094660438	2026
HWANG_GSE202051_TREATED	size-matched random gene set	HALLMARK_PROTEIN_SECRETION	94	-0.002417991622802086	2026
HWANG_GSE202051_TREATED	size-matched random gene set	HALLMARK_PROTEIN_SECRETION	95	-0.008956670980306477	2026
HWANG_GSE202051_TREATED	size-matched random gene set	HALLMARK_PROTEIN_SECRETION	96	0.004443575265006834	2026
HWANG_GSE202051_TREATED	size-matched random gene set	HALLMARK_PROTEIN_SECRETION	97	-0.0033412702689684937	2026
HWANG_GSE202051_TREATED	size-matched random gene set	HALLMARK_PROTEIN_SECRETION	98	0.003013902699933388	2026
HWANG_GSE202051_TREATED	size-matched random gene set	HALLMARK_PROTEIN_SECRETION	99	-0.00595467687707391	2026
HWANG_GSE202051_TREATED	size-matched random gene set	HALLMARK_PROTEIN_SECRETION	100	-0.0034252666407279817	2026
HWANG_GSE202051_TREATED	expression-matched random gene set	HALLMARK_PROTEIN_SECRETION	1	0.005281002096103098	2026
HWANG_GSE202051_TREATED	expression-matched random gene set	HALLMARK_PROTEIN_SECRETION	2	0.00406960613039743	2026
HWANG_GSE202051_TREATED	expression-matched random gene set	HALLMARK_PROTEIN_SECRETION	3	0.009213122885813408	2026
HWANG_GSE202051_TREATED	expression-matched random gene set	HALLMARK_PROTEIN_SECRETION	4	-0.008706417239872345	2026
HWANG_GSE202051_TREATED	expression-matched random gene set	HALLMARK_PROTEIN_SECRETION	5	0.005010912366921504	2026
HWANG_GSE202051_TREATED	expression-matched random gene set	HALLMARK_PROTEIN_SECRETION	6	-0.005136024399911916	2026
HWANG_GSE202051_TREATED	expression-matched random gene set	HALLMARK_PROTEIN_SECRETION	7	0.005445568170384717	2026
HWANG_GSE202051_TREATED	expression-matched random gene set	HALLMARK_PROTEIN_SECRETION	8	-0.00026909797486327576	2026
HWANG_GSE202051_TREATED	expression-matched random gene set	HALLMARK_PROTEIN_SECRETION	9	-0.00013129686462373235	2026
HWANG_GSE202051_TREATED	expression-matched random gene set	HALLMARK_PROTEIN_SECRETION	10	-0.001839649997492095	2026
HWANG_GSE202051_TREATED	expression-matched random gene set	HALLMARK_PROTEIN_SECRETION	11	0.0026590662425540535	2026
HWANG_GSE202051_TREATED	expression-matched random gene set	HALLMARK_PROTEIN_SECRETION	12	0.005661860478443616	2026
HWANG_GSE202051_TREATED	expression-matched random gene set	HALLMARK_PROTEIN_SECRETION	13	-0.004091795917842937	2026
HWANG_GSE202051_TREATED	expression-matched random gene set	HALLMARK_PROTEIN_SECRETION	14	0.0019706801164985715	2026
HWANG_GSE202051_TREATED	expression-matched random gene set	HALLMARK_PROTEIN_SECRETION	15	0.004632924373681803	2026
HWANG_GSE202051_TREATED	expression-matched random gene set	HALLMARK_PROTEIN_SECRETION	16	0.010516106812142349	2026
HWANG_GSE202051_TREATED	expression-matched random gene set	HALLMARK_PROTEIN_SECRETION	17	0.0044457527071752835	2026
HWANG_GSE202051_TREATED	expression-matched random gene set	HALLMARK_PROTEIN_SECRETION	18	0.0052025186542181	2026
HWANG_GSE202051_TREATED	expression-matched random gene set	HALLMARK_PROTEIN_SECRETION	19	-0.0007162175924316268	2026
HWANG_GSE202051_TREATED	expression-matched random gene set	HALLMARK_PROTEIN_SECRETION	20	0.013606729306828652	2026
HWANG_GSE202051_TREATED	expression-matched random gene set	HALLMARK_PROTEIN_SECRETION	21	0.006391804233119252	2026
HWANG_GSE202051_TREATED	expression-matched random gene set	HALLMARK_PROTEIN_SECRETION	22	0.009670575244457795	2026
HWANG_GSE202051_TREATED	expression-matched random gene set	HALLMARK_PROTEIN_SECRETION	23	-1.3640578370441131e-05	2026
HWANG_GSE202051_TREATED	expression-matched random gene set	HALLMARK_PROTEIN_SECRETION	24	-0.003841148140545743	2026
HWANG_GSE202051_TREATED	expression-matched random gene set	HALLMARK_PROTEIN_SECRETION	25	0.004810172672234563	2026
HWANG_GSE202051_TREATED	expression-matched random gene set	HALLMARK_PROTEIN_SECRETION	26	-0.0013683932044444569	2026
HWANG_GSE202051_TREATED	expression-matched random gene set	HALLMARK_PROTEIN_SECRETION	27	0.005126590570728297	2026
HWANG_GSE202051_TREATED	expression-matched random gene set	HALLMARK_PROTEIN_SECRETION	28	0.007314999712891018	2026
HWANG_GSE202051_TREATED	expression-matched random gene set	HALLMARK_PROTEIN_SECRETION	29	0.002242049157347363	2026
HWANG_GSE202051_TREATED	expression-matched random gene set	HALLMARK_PROTEIN_SECRETION	30	0.004531351064666031	2026
HWANG_GSE202051_TREATED	expression-matched random gene set	HALLMARK_PROTEIN_SECRETION	31	0.004277090142764611	2026
HWANG_GSE202051_TREATED	expression-matched random gene set	HALLMARK_PROTEIN_SECRETION	32	0.002891457258623545	2026
HWANG_GSE202051_TREATED	expression-matched random gene set	HALLMARK_PROTEIN_SECRETION	33	0.0030541396667047678	2026
HWANG_GSE202051_TREATED	expression-matched random gene set	HALLMARK_PROTEIN_SECRETION	34	0.003975703869030288	2026
HWANG_GSE202051_TREATED	expression-matched random gene set	HALLMARK_PROTEIN_SECRETION	35	-0.0023080901159020007	2026
HWANG_GSE202051_TREATED	expression-matched random gene set	HALLMARK_PROTEIN_SECRETION	36	0.0056008742712293355	2026
HWANG_GSE202051_TREATED	expression-matched random gene set	HALLMARK_PROTEIN_SECRETION	37	0.004514658435497521	2026
HWANG_GSE202051_TREATED	expression-matched random gene set	HALLMARK_PROTEIN_SECRETION	38	0.000784116091262424	2026
HWANG_GSE202051_TREATED	expression-matched random gene set	HALLMARK_PROTEIN_SECRETION	39	7.736495389080069e-06	2026
HWANG_GSE202051_TREATED	expression-matched random gene set	HALLMARK_PROTEIN_SECRETION	40	0.009011834416550325	2026
HWANG_GSE202051_TREATED	expression-matched random gene set	HALLMARK_PROTEIN_SECRETION	41	-0.005560866308596652	2026
HWANG_GSE202051_TREATED	expression-matched random gene set	HALLMARK_PROTEIN_SECRETION	42	-0.0010124133516420737	2026
HWANG_GSE202051_TREATED	expression-matched random gene set	HALLMARK_PROTEIN_SECRETION	43	0.01172679977714899	2026
HWANG_GSE202051_TREATED	expression-matched random gene set	HALLMARK_PROTEIN_SECRETION	44	0.006098722725126599	2026
HWANG_GSE202051_TREATED	expression-matched random gene set	HALLMARK_PROTEIN_SECRETION	45	0.009049314925489703	2026
HWANG_GSE202051_TREATED	expression-matched random gene set	HALLMARK_PROTEIN_SECRETION	46	-0.002541107403591408	2026
HWANG_GSE202051_TREATED	expression-matched random gene set	HALLMARK_PROTEIN_SECRETION	47	0.0074996616580658764	2026
HWANG_GSE202051_TREATED	expression-matched random gene set	HALLMARK_PROTEIN_SECRETION	48	0.0034280127877359488	2026
HWANG_GSE202051_TREATED	expression-matched random gene set	HALLMARK_PROTEIN_SECRETION	49	8.495548619966602e-05	2026
HWANG_GSE202051_TREATED	expression-matched random gene set	HALLMARK_PROTEIN_SECRETION	50	0.006482182686900479	2026
HWANG_GSE202051_TREATED	expression-matched random gene set	HALLMARK_PROTEIN_SECRETION	51	0.007738882835677905	2026
HWANG_GSE202051_TREATED	expression-matched random gene set	HALLMARK_PROTEIN_SECRETION	52	0.010105997402973226	2026
HWANG_GSE202051_TREATED	expression-matched random gene set	HALLMARK_PROTEIN_SECRETION	53	0.0007795808775257118	2026
HWANG_GSE202051_TREATED	expression-matched random gene set	HALLMARK_PROTEIN_SECRETION	54	0.0049728601989159045	2026
HWANG_GSE202051_TREATED	expression-matched random gene set	HALLMARK_PROTEIN_SECRETION	55	-0.0068235729242997955	2026
HWANG_GSE202051_TREATED	expression-matched random gene set	HALLMARK_PROTEIN_SECRETION	56	-0.007435561636451359	2026
HWANG_GSE202051_TREATED	expression-matched random gene set	HALLMARK_PROTEIN_SECRETION	57	0.0034831670303718293	2026
HWANG_GSE202051_TREATED	expression-matched random gene set	HALLMARK_PROTEIN_SECRETION	58	-0.0016417136771484549	2026
HWANG_GSE202051_TREATED	expression-matched random gene set	HALLMARK_PROTEIN_SECRETION	59	-0.000972470535366682	2026
HWANG_GSE202051_TREATED	expression-matched random gene set	HALLMARK_PROTEIN_SECRETION	60	-0.00036435314791413714	2026
HWANG_GSE202051_TREATED	expression-matched random gene set	HALLMARK_PROTEIN_SECRETION	61	0.012727060207601544	2026
HWANG_GSE202051_TREATED	expression-matched random gene set	HALLMARK_PROTEIN_SECRETION	62	0.000891690501960982	2026
HWANG_GSE202051_TREATED	expression-matched random gene set	HALLMARK_PROTEIN_SECRETION	63	-0.008482822189884689	2026
HWANG_GSE202051_TREATED	expression-matched random gene set	HALLMARK_PROTEIN_SECRETION	64	0.005799843791035565	2026
HWANG_GSE202051_TREATED	expression-matched random gene set	HALLMARK_PROTEIN_SECRETION	65	0.010292188100702938	2026
HWANG_GSE202051_TREATED	expression-matched random gene set	HALLMARK_PROTEIN_SECRETION	66	0.00964530153864658	2026
HWANG_GSE202051_TREATED	expression-matched random gene set	HALLMARK_PROTEIN_SECRETION	67	0.0014785732897853708	2026
HWANG_GSE202051_TREATED	expression-matched random gene set	HALLMARK_PROTEIN_SECRETION	68	0.009493857627163043	2026
HWANG_GSE202051_TREATED	expression-matched random gene set	HALLMARK_PROTEIN_SECRETION	69	0.003450046422512041	2026
HWANG_GSE202051_TREATED	expression-matched random gene set	HALLMARK_PROTEIN_SECRETION	70	0.0005388088287277778	2026
HWANG_GSE202051_TREATED	expression-matched random gene set	HALLMARK_PROTEIN_SECRETION	71	-0.003857780077433552	2026
HWANG_GSE202051_TREATED	expression-matched random gene set	HALLMARK_PROTEIN_SECRETION	72	-0.0005278481660875602	2026
HWANG_GSE202051_TREATED	expression-matched random gene set	HALLMARK_PROTEIN_SECRETION	73	-0.0015986656763023416	2026
HWANG_GSE202051_TREATED	expression-matched random gene set	HALLMARK_PROTEIN_SECRETION	74	-0.00849281319992229	2026
HWANG_GSE202051_TREATED	expression-matched random gene set	HALLMARK_PROTEIN_SECRETION	75	-0.0008294150248271198	2026
HWANG_GSE202051_TREATED	expression-matched random gene set	HALLMARK_PROTEIN_SECRETION	76	0.0047565029864567515	2026
HWANG_GSE202051_TREATED	expression-matched random gene set	HALLMARK_PROTEIN_SECRETION	77	0.009014738439437115	2026
HWANG_GSE202051_TREATED	expression-matched random gene set	HALLMARK_PROTEIN_SECRETION	78	0.007919770861829854	2026
HWANG_GSE202051_TREATED	expression-matched random gene set	HALLMARK_PROTEIN_SECRETION	79	0.006704923447577173	2026
HWANG_GSE202051_TREATED	expression-matched random gene set	HALLMARK_PROTEIN_SECRETION	80	-0.00012473261258841604	2026
HWANG_GSE202051_TREATED	expression-matched random gene set	HALLMARK_PROTEIN_SECRETION	81	4.2530219773111515e-05	2026
HWANG_GSE202051_TREATED	expression-matched random gene set	HALLMARK_PROTEIN_SECRETION	82	0.0009603526567468422	2026
HWANG_GSE202051_TREATED	expression-matched random gene set	HALLMARK_PROTEIN_SECRETION	83	0.002945838228676618	2026
HWANG_GSE202051_TREATED	expression-matched random gene set	HALLMARK_PROTEIN_SECRETION	84	-0.002374050545653631	2026
HWANG_GSE202051_TREATED	expression-matched random gene set	HALLMARK_PROTEIN_SECRETION	85	0.0028520394196539047	2026
HWANG_GSE202051_TREATED	expression-matched random gene set	HALLMARK_PROTEIN_SECRETION	86	0.011079580080256776	2026
HWANG_GSE202051_TREATED	expression-matched random gene set	HALLMARK_PROTEIN_SECRETION	87	0.01384783971971478	2026
HWANG_GSE202051_TREATED	expression-matched random gene set	HALLMARK_PROTEIN_SECRETION	88	4.879500866231568e-05	2026
HWANG_GSE202051_TREATED	expression-matched random gene set	HALLMARK_PROTEIN_SECRETION	89	0.00759949218172757	2026
HWANG_GSE202051_TREATED	expression-matched random gene set	HALLMARK_PROTEIN_SECRETION	90	-0.004587501897978466	2026
HWANG_GSE202051_TREATED	expression-matched random gene set	HALLMARK_PROTEIN_SECRETION	91	0.003836785697488648	2026
HWANG_GSE202051_TREATED	expression-matched random gene set	HALLMARK_PROTEIN_SECRETION	92	0.0193841892055005	2026
HWANG_GSE202051_TREATED	expression-matched random gene set	HALLMARK_PROTEIN_SECRETION	93	-0.0004200231211496223	2026
HWANG_GSE202051_TREATED	expression-matched random gene set	HALLMARK_PROTEIN_SECRETION	94	5.3530395350213414e-05	2026
HWANG_GSE202051_TREATED	expression-matched random gene set	HALLMARK_PROTEIN_SECRETION	95	0.003234791293722512	2026
HWANG_GSE202051_TREATED	expression-matched random gene set	HALLMARK_PROTEIN_SECRETION	96	-0.0029206129140262327	2026
HWANG_GSE202051_TREATED	expression-matched random gene set	HALLMARK_PROTEIN_SECRETION	97	-0.002090536522583899	2026
HWANG_GSE202051_TREATED	expression-matched random gene set	HALLMARK_PROTEIN_SECRETION	98	-0.001898119991959465	2026
HWANG_GSE202051_TREATED	expression-matched random gene set	HALLMARK_PROTEIN_SECRETION	99	0.01271455344441319	2026
HWANG_GSE202051_TREATED	expression-matched random gene set	HALLMARK_PROTEIN_SECRETION	100	0.009035491967806378	2026
HWANG_GSE202051_TREATED	unrelated Hallmark pathway	HALLMARK_BILE_ACID_METABOLISM	1	-0.0015040392995717443	2026
HWANG_GSE202051_TREATED	unrelated Hallmark pathway	HALLMARK_BILE_ACID_METABOLISM	2	-0.007353663319930782	2026
HWANG_GSE202051_TREATED	unrelated Hallmark pathway	HALLMARK_BILE_ACID_METABOLISM	3	-0.0005209624435049892	2026
HWANG_GSE202051_TREATED	unrelated Hallmark pathway	HALLMARK_BILE_ACID_METABOLISM	4	0.006415690356297742	2026
HWANG_GSE202051_TREATED	unrelated Hallmark pathway	HALLMARK_BILE_ACID_METABOLISM	5	-0.0033238521250623836	2026
HWANG_GSE202051_TREATED	unrelated Hallmark pathway	HALLMARK_BILE_ACID_METABOLISM	6	-0.0037558036202276226	2026
HWANG_GSE202051_TREATED	unrelated Hallmark pathway	HALLMARK_BILE_ACID_METABOLISM	7	-0.0025457802935879167	2026
HWANG_GSE202051_TREATED	unrelated Hallmark pathway	HALLMARK_BILE_ACID_METABOLISM	8	-0.008561458393472412	2026
HWANG_GSE202051_TREATED	unrelated Hallmark pathway	HALLMARK_BILE_ACID_METABOLISM	9	-0.008851839778904943	2026
HWANG_GSE202051_TREATED	unrelated Hallmark pathway	HALLMARK_BILE_ACID_METABOLISM	10	-0.0028061043622090143	2026
HWANG_GSE202051_TREATED	unrelated Hallmark pathway	HALLMARK_BILE_ACID_METABOLISM	11	-0.003382771756805872	2026
HWANG_GSE202051_TREATED	unrelated Hallmark pathway	HALLMARK_BILE_ACID_METABOLISM	12	-0.010307524641317707	2026
HWANG_GSE202051_TREATED	unrelated Hallmark pathway	HALLMARK_BILE_ACID_METABOLISM	13	-0.0014815697776766825	2026
HWANG_GSE202051_TREATED	unrelated Hallmark pathway	HALLMARK_BILE_ACID_METABOLISM	14	0.0013324513231516978	2026
HWANG_GSE202051_TREATED	unrelated Hallmark pathway	HALLMARK_BILE_ACID_METABOLISM	15	0.004122422386988089	2026
HWANG_GSE202051_TREATED	unrelated Hallmark pathway	HALLMARK_BILE_ACID_METABOLISM	16	-0.007027588738074737	2026
HWANG_GSE202051_TREATED	unrelated Hallmark pathway	HALLMARK_BILE_ACID_METABOLISM	17	-0.0020623635841378993	2026
HWANG_GSE202051_TREATED	unrelated Hallmark pathway	HALLMARK_BILE_ACID_METABOLISM	18	-0.0038227849811816993	2026
HWANG_GSE202051_TREATED	unrelated Hallmark pathway	HALLMARK_BILE_ACID_METABOLISM	19	-0.010270339891880585	2026
HWANG_GSE202051_TREATED	unrelated Hallmark pathway	HALLMARK_BILE_ACID_METABOLISM	20	-0.0044179079807183845	2026
HWANG_GSE202051_TREATED	unrelated Hallmark pathway	HALLMARK_BILE_ACID_METABOLISM	21	-0.004227574794668027	2026
HWANG_GSE202051_TREATED	unrelated Hallmark pathway	HALLMARK_BILE_ACID_METABOLISM	22	0.0019433133797266888	2026
HWANG_GSE202051_TREATED	unrelated Hallmark pathway	HALLMARK_BILE_ACID_METABOLISM	23	-0.0008166369409478107	2026
HWANG_GSE202051_TREATED	unrelated Hallmark pathway	HALLMARK_BILE_ACID_METABOLISM	24	0.006116483446615508	2026
HWANG_GSE202051_TREATED	unrelated Hallmark pathway	HALLMARK_BILE_ACID_METABOLISM	25	-0.0047378809952643335	2026
HWANG_GSE202051_TREATED	unrelated Hallmark pathway	HALLMARK_BILE_ACID_METABOLISM	26	-0.001912666807047491	2026
HWANG_GSE202051_TREATED	unrelated Hallmark pathway	HALLMARK_BILE_ACID_METABOLISM	27	-0.008207624670752029	2026
HWANG_GSE202051_TREATED	unrelated Hallmark pathway	HALLMARK_BILE_ACID_METABOLISM	28	-0.00817867119031943	2026
HWANG_GSE202051_TREATED	unrelated Hallmark pathway	HALLMARK_BILE_ACID_METABOLISM	29	-0.002375113740962348	2026
HWANG_GSE202051_TREATED	unrelated Hallmark pathway	HALLMARK_BILE_ACID_METABOLISM	30	-0.006006187635240679	2026
HWANG_GSE202051_TREATED	unrelated Hallmark pathway	HALLMARK_BILE_ACID_METABOLISM	31	-0.004782473377673466	2026
HWANG_GSE202051_TREATED	unrelated Hallmark pathway	HALLMARK_BILE_ACID_METABOLISM	32	-0.0009133344713323252	2026
HWANG_GSE202051_TREATED	unrelated Hallmark pathway	HALLMARK_BILE_ACID_METABOLISM	33	-0.007748111691027634	2026
HWANG_GSE202051_TREATED	unrelated Hallmark pathway	HALLMARK_BILE_ACID_METABOLISM	34	-0.0002473496271622224	2026
HWANG_GSE202051_TREATED	unrelated Hallmark pathway	HALLMARK_BILE_ACID_METABOLISM	35	-0.017499460730044665	2026
HWANG_GSE202051_TREATED	unrelated Hallmark pathway	HALLMARK_BILE_ACID_METABOLISM	36	-0.004989330262631451	2026
HWANG_GSE202051_TREATED	unrelated Hallmark pathway	HALLMARK_BILE_ACID_METABOLISM	37	-0.007631081425740159	2026
HWANG_GSE202051_TREATED	unrelated Hallmark pathway	HALLMARK_BILE_ACID_METABOLISM	38	-0.0041827602237720935	2026
HWANG_GSE202051_TREATED	unrelated Hallmark pathway	HALLMARK_BILE_ACID_METABOLISM	39	-0.003282832110992223	2026
HWANG_GSE202051_TREATED	unrelated Hallmark pathway	HALLMARK_BILE_ACID_METABOLISM	40	-0.005875567220271401	2026
HWANG_GSE202051_TREATED	unrelated Hallmark pathway	HALLMARK_BILE_ACID_METABOLISM	41	-0.005764732048408235	2026
HWANG_GSE202051_TREATED	unrelated Hallmark pathway	HALLMARK_BILE_ACID_METABOLISM	42	-0.001280106560728928	2026
HWANG_GSE202051_TREATED	unrelated Hallmark pathway	HALLMARK_BILE_ACID_METABOLISM	43	-0.0012926884202309548	2026
HWANG_GSE202051_TREATED	unrelated Hallmark pathway	HALLMARK_BILE_ACID_METABOLISM	44	-0.01117480123798839	2026
HWANG_GSE202051_TREATED	unrelated Hallmark pathway	HALLMARK_BILE_ACID_METABOLISM	45	0.004150991893744616	2026
HWANG_GSE202051_TREATED	unrelated Hallmark pathway	HALLMARK_BILE_ACID_METABOLISM	46	-9.039332631963966e-05	2026
HWANG_GSE202051_TREATED	unrelated Hallmark pathway	HALLMARK_BILE_ACID_METABOLISM	47	-0.008163473241059073	2026
HWANG_GSE202051_TREATED	unrelated Hallmark pathway	HALLMARK_BILE_ACID_METABOLISM	48	0.00035721116427012205	2026
HWANG_GSE202051_TREATED	unrelated Hallmark pathway	HALLMARK_BILE_ACID_METABOLISM	49	-0.005093137391863627	2026
HWANG_GSE202051_TREATED	unrelated Hallmark pathway	HALLMARK_BILE_ACID_METABOLISM	50	-0.003752778063814267	2026
HWANG_GSE202051_TREATED	unrelated Hallmark pathway	HALLMARK_BILE_ACID_METABOLISM	51	0.0030532810039284246	2026
HWANG_GSE202051_TREATED	unrelated Hallmark pathway	HALLMARK_BILE_ACID_METABOLISM	52	-0.0005275821140778875	2026
HWANG_GSE202051_TREATED	unrelated Hallmark pathway	HALLMARK_BILE_ACID_METABOLISM	53	-0.007837163607592361	2026
HWANG_GSE202051_TREATED	unrelated Hallmark pathway	HALLMARK_BILE_ACID_METABOLISM	54	0.0021475890684176965	2026
HWANG_GSE202051_TREATED	unrelated Hallmark pathway	HALLMARK_BILE_ACID_METABOLISM	55	-0.002273796403443623	2026
HWANG_GSE202051_TREATED	unrelated Hallmark pathway	HALLMARK_BILE_ACID_METABOLISM	56	-0.002372465702822422	2026
HWANG_GSE202051_TREATED	unrelated Hallmark pathway	HALLMARK_BILE_ACID_METABOLISM	57	-0.0023114606755145033	2026
HWANG_GSE202051_TREATED	unrelated Hallmark pathway	HALLMARK_BILE_ACID_METABOLISM	58	-0.007461326847320279	2026
HWANG_GSE202051_TREATED	unrelated Hallmark pathway	HALLMARK_BILE_ACID_METABOLISM	59	-9.216766459540427e-06	2026
HWANG_GSE202051_TREATED	unrelated Hallmark pathway	HALLMARK_BILE_ACID_METABOLISM	60	-0.006465173220241763	2026
HWANG_GSE202051_TREATED	unrelated Hallmark pathway	HALLMARK_BILE_ACID_METABOLISM	61	4.417572174176825e-05	2026
HWANG_GSE202051_TREATED	unrelated Hallmark pathway	HALLMARK_BILE_ACID_METABOLISM	62	-0.0008312340213734422	2026
HWANG_GSE202051_TREATED	unrelated Hallmark pathway	HALLMARK_BILE_ACID_METABOLISM	63	0.0016837817384047025	2026
HWANG_GSE202051_TREATED	unrelated Hallmark pathway	HALLMARK_BILE_ACID_METABOLISM	64	-0.005137869402990747	2026
HWANG_GSE202051_TREATED	unrelated Hallmark pathway	HALLMARK_BILE_ACID_METABOLISM	65	0.0006090857878942649	2026
HWANG_GSE202051_TREATED	unrelated Hallmark pathway	HALLMARK_BILE_ACID_METABOLISM	66	-0.004339074832248763	2026
HWANG_GSE202051_TREATED	unrelated Hallmark pathway	HALLMARK_BILE_ACID_METABOLISM	67	0.0025480763742899903	2026
HWANG_GSE202051_TREATED	unrelated Hallmark pathway	HALLMARK_BILE_ACID_METABOLISM	68	-0.010231722944460543	2026
HWANG_GSE202051_TREATED	unrelated Hallmark pathway	HALLMARK_BILE_ACID_METABOLISM	69	0.0012670369723886312	2026
HWANG_GSE202051_TREATED	unrelated Hallmark pathway	HALLMARK_BILE_ACID_METABOLISM	70	0.0024617996220045553	2026
HWANG_GSE202051_TREATED	unrelated Hallmark pathway	HALLMARK_BILE_ACID_METABOLISM	71	-0.00448140857696162	2026
HWANG_GSE202051_TREATED	unrelated Hallmark pathway	HALLMARK_BILE_ACID_METABOLISM	72	-0.0009859831540192355	2026
HWANG_GSE202051_TREATED	unrelated Hallmark pathway	HALLMARK_BILE_ACID_METABOLISM	73	0.0042200004914444275	2026
HWANG_GSE202051_TREATED	unrelated Hallmark pathway	HALLMARK_BILE_ACID_METABOLISM	74	-0.002220358030757173	2026
HWANG_GSE202051_TREATED	unrelated Hallmark pathway	HALLMARK_BILE_ACID_METABOLISM	75	0.0014890982135636085	2026
HWANG_GSE202051_TREATED	unrelated Hallmark pathway	HALLMARK_BILE_ACID_METABOLISM	76	-0.00016340676771037813	2026
HWANG_GSE202051_TREATED	unrelated Hallmark pathway	HALLMARK_BILE_ACID_METABOLISM	77	-0.012236679387442273	2026
HWANG_GSE202051_TREATED	unrelated Hallmark pathway	HALLMARK_BILE_ACID_METABOLISM	78	0.006411501120887042	2026
HWANG_GSE202051_TREATED	unrelated Hallmark pathway	HALLMARK_BILE_ACID_METABOLISM	79	-0.0001726791311088842	2026
HWANG_GSE202051_TREATED	unrelated Hallmark pathway	HALLMARK_BILE_ACID_METABOLISM	80	-0.005949585522048853	2026
HWANG_GSE202051_TREATED	unrelated Hallmark pathway	HALLMARK_BILE_ACID_METABOLISM	81	-0.0001791767718343407	2026
HWANG_GSE202051_TREATED	unrelated Hallmark pathway	HALLMARK_BILE_ACID_METABOLISM	82	-0.006095124755566503	2026
HWANG_GSE202051_TREATED	unrelated Hallmark pathway	HALLMARK_BILE_ACID_METABOLISM	83	-0.0018772934908858304	2026
HWANG_GSE202051_TREATED	unrelated Hallmark pathway	HALLMARK_BILE_ACID_METABOLISM	84	-0.00013200365794050192	2026
HWANG_GSE202051_TREATED	unrelated Hallmark pathway	HALLMARK_BILE_ACID_METABOLISM	85	-0.003129334929817067	2026
HWANG_GSE202051_TREATED	unrelated Hallmark pathway	HALLMARK_BILE_ACID_METABOLISM	86	-0.005455646484104835	2026
HWANG_GSE202051_TREATED	unrelated Hallmark pathway	HALLMARK_BILE_ACID_METABOLISM	87	-0.00353800320442215	2026
HWANG_GSE202051_TREATED	unrelated Hallmark pathway	HALLMARK_BILE_ACID_METABOLISM	88	-0.001420613899962612	2026
HWANG_GSE202051_TREATED	unrelated Hallmark pathway	HALLMARK_BILE_ACID_METABOLISM	89	0.0021277290603463855	2026
HWANG_GSE202051_TREATED	unrelated Hallmark pathway	HALLMARK_BILE_ACID_METABOLISM	90	-0.00021343835449061184	2026
HWANG_GSE202051_TREATED	unrelated Hallmark pathway	HALLMARK_BILE_ACID_METABOLISM	91	-0.004475662582695425	2026
HWANG_GSE202051_TREATED	unrelated Hallmark pathway	HALLMARK_BILE_ACID_METABOLISM	92	-0.0008618457604251627	2026
HWANG_GSE202051_TREATED	unrelated Hallmark pathway	HALLMARK_BILE_ACID_METABOLISM	93	0.004477312157453989	2026
HWANG_GSE202051_TREATED	unrelated Hallmark pathway	HALLMARK_BILE_ACID_METABOLISM	94	-0.00562132960216357	2026
HWANG_GSE202051_TREATED	unrelated Hallmark pathway	HALLMARK_BILE_ACID_METABOLISM	95	-0.006022744588681322	2026
HWANG_GSE202051_TREATED	unrelated Hallmark pathway	HALLMARK_BILE_ACID_METABOLISM	96	-0.0015270361039709064	2026
HWANG_GSE202051_TREATED	unrelated Hallmark pathway	HALLMARK_BILE_ACID_METABOLISM	97	-0.003266912903356392	2026
HWANG_GSE202051_TREATED	unrelated Hallmark pathway	HALLMARK_BILE_ACID_METABOLISM	98	0.0036983911801562242	2026
HWANG_GSE202051_TREATED	unrelated Hallmark pathway	HALLMARK_BILE_ACID_METABOLISM	99	-0.005597475890743256	2026
HWANG_GSE202051_TREATED	unrelated Hallmark pathway	HALLMARK_BILE_ACID_METABOLISM	100	0.0017302120769497212	2026
HWANG_GSE202051_TREATED	unrelated Hallmark pathway	HALLMARK_HEME_METABOLISM	1	0.0018768905730574465	2026
HWANG_GSE202051_TREATED	unrelated Hallmark pathway	HALLMARK_HEME_METABOLISM	2	0.002253710311619047	2026
HWANG_GSE202051_TREATED	unrelated Hallmark pathway	HALLMARK_HEME_METABOLISM	3	0.006287962778746309	2026
HWANG_GSE202051_TREATED	unrelated Hallmark pathway	HALLMARK_HEME_METABOLISM	4	0.0066229522438307825	2026
HWANG_GSE202051_TREATED	unrelated Hallmark pathway	HALLMARK_HEME_METABOLISM	5	0.0041465133863492825	2026
HWANG_GSE202051_TREATED	unrelated Hallmark pathway	HALLMARK_HEME_METABOLISM	6	0.005815354828925437	2026
HWANG_GSE202051_TREATED	unrelated Hallmark pathway	HALLMARK_HEME_METABOLISM	7	0.005466031912511794	2026
HWANG_GSE202051_TREATED	unrelated Hallmark pathway	HALLMARK_HEME_METABOLISM	8	0.0004953926889062686	2026
HWANG_GSE202051_TREATED	unrelated Hallmark pathway	HALLMARK_HEME_METABOLISM	9	0.0018019367229373915	2026
HWANG_GSE202051_TREATED	unrelated Hallmark pathway	HALLMARK_HEME_METABOLISM	10	-0.0004639053393621666	2026
HWANG_GSE202051_TREATED	unrelated Hallmark pathway	HALLMARK_HEME_METABOLISM	11	0.006506915725974352	2026
HWANG_GSE202051_TREATED	unrelated Hallmark pathway	HALLMARK_HEME_METABOLISM	12	0.00455299473979407	2026
HWANG_GSE202051_TREATED	unrelated Hallmark pathway	HALLMARK_HEME_METABOLISM	13	0.0029948104997172638	2026
HWANG_GSE202051_TREATED	unrelated Hallmark pathway	HALLMARK_HEME_METABOLISM	14	0.0015503221009280956	2026
HWANG_GSE202051_TREATED	unrelated Hallmark pathway	HALLMARK_HEME_METABOLISM	15	0.005856605722103537	2026
HWANG_GSE202051_TREATED	unrelated Hallmark pathway	HALLMARK_HEME_METABOLISM	16	-0.0035633053306270072	2026
HWANG_GSE202051_TREATED	unrelated Hallmark pathway	HALLMARK_HEME_METABOLISM	17	0.004540940794148797	2026
HWANG_GSE202051_TREATED	unrelated Hallmark pathway	HALLMARK_HEME_METABOLISM	18	0.0064814989276687	2026
HWANG_GSE202051_TREATED	unrelated Hallmark pathway	HALLMARK_HEME_METABOLISM	19	0.002560975044536296	2026
HWANG_GSE202051_TREATED	unrelated Hallmark pathway	HALLMARK_HEME_METABOLISM	20	0.007946935086483408	2026
HWANG_GSE202051_TREATED	unrelated Hallmark pathway	HALLMARK_HEME_METABOLISM	21	0.0057448023483168955	2026
HWANG_GSE202051_TREATED	unrelated Hallmark pathway	HALLMARK_HEME_METABOLISM	22	0.005281714654152564	2026
HWANG_GSE202051_TREATED	unrelated Hallmark pathway	HALLMARK_HEME_METABOLISM	23	0.004583831080391075	2026
HWANG_GSE202051_TREATED	unrelated Hallmark pathway	HALLMARK_HEME_METABOLISM	24	0.0064800508775998454	2026
HWANG_GSE202051_TREATED	unrelated Hallmark pathway	HALLMARK_HEME_METABOLISM	25	0.007520494069432324	2026
HWANG_GSE202051_TREATED	unrelated Hallmark pathway	HALLMARK_HEME_METABOLISM	26	0.008261564282924598	2026
HWANG_GSE202051_TREATED	unrelated Hallmark pathway	HALLMARK_HEME_METABOLISM	27	-0.004824336971445271	2026
HWANG_GSE202051_TREATED	unrelated Hallmark pathway	HALLMARK_HEME_METABOLISM	28	0.005569942007411976	2026
HWANG_GSE202051_TREATED	unrelated Hallmark pathway	HALLMARK_HEME_METABOLISM	29	0.00275401520345871	2026
HWANG_GSE202051_TREATED	unrelated Hallmark pathway	HALLMARK_HEME_METABOLISM	30	0.0036348967542687263	2026
HWANG_GSE202051_TREATED	unrelated Hallmark pathway	HALLMARK_HEME_METABOLISM	31	0.0067962913401800815	2026
HWANG_GSE202051_TREATED	unrelated Hallmark pathway	HALLMARK_HEME_METABOLISM	32	0.003958297318795113	2026
HWANG_GSE202051_TREATED	unrelated Hallmark pathway	HALLMARK_HEME_METABOLISM	33	0.0033993416071195623	2026
HWANG_GSE202051_TREATED	unrelated Hallmark pathway	HALLMARK_HEME_METABOLISM	34	0.004679596394650063	2026
HWANG_GSE202051_TREATED	unrelated Hallmark pathway	HALLMARK_HEME_METABOLISM	35	0.008515288436089464	2026
HWANG_GSE202051_TREATED	unrelated Hallmark pathway	HALLMARK_HEME_METABOLISM	36	0.0028026025036850394	2026
HWANG_GSE202051_TREATED	unrelated Hallmark pathway	HALLMARK_HEME_METABOLISM	37	0.006739806315843021	2026
HWANG_GSE202051_TREATED	unrelated Hallmark pathway	HALLMARK_HEME_METABOLISM	38	0.007040709276154881	2026
HWANG_GSE202051_TREATED	unrelated Hallmark pathway	HALLMARK_HEME_METABOLISM	39	0.0027368786328929545	2026
HWANG_GSE202051_TREATED	unrelated Hallmark pathway	HALLMARK_HEME_METABOLISM	40	0.007212895555552625	2026
HWANG_GSE202051_TREATED	unrelated Hallmark pathway	HALLMARK_HEME_METABOLISM	41	0.0035187569626235755	2026
HWANG_GSE202051_TREATED	unrelated Hallmark pathway	HALLMARK_HEME_METABOLISM	42	0.007958387206612478	2026
HWANG_GSE202051_TREATED	unrelated Hallmark pathway	HALLMARK_HEME_METABOLISM	43	0.006004222223648638	2026
HWANG_GSE202051_TREATED	unrelated Hallmark pathway	HALLMARK_HEME_METABOLISM	44	0.0047231921719259945	2026
HWANG_GSE202051_TREATED	unrelated Hallmark pathway	HALLMARK_HEME_METABOLISM	45	0.0014013551390047432	2026
HWANG_GSE202051_TREATED	unrelated Hallmark pathway	HALLMARK_HEME_METABOLISM	46	0.0075595058596095235	2026
HWANG_GSE202051_TREATED	unrelated Hallmark pathway	HALLMARK_HEME_METABOLISM	47	0.003832796025995227	2026
HWANG_GSE202051_TREATED	unrelated Hallmark pathway	HALLMARK_HEME_METABOLISM	48	0.006755665770999346	2026
HWANG_GSE202051_TREATED	unrelated Hallmark pathway	HALLMARK_HEME_METABOLISM	49	0.0076308255514658	2026
HWANG_GSE202051_TREATED	unrelated Hallmark pathway	HALLMARK_HEME_METABOLISM	50	-0.0013060642267229091	2026
HWANG_GSE202051_TREATED	unrelated Hallmark pathway	HALLMARK_HEME_METABOLISM	51	0.010249773566190171	2026
HWANG_GSE202051_TREATED	unrelated Hallmark pathway	HALLMARK_HEME_METABOLISM	52	0.005904376104354223	2026
HWANG_GSE202051_TREATED	unrelated Hallmark pathway	HALLMARK_HEME_METABOLISM	53	0.005694268595985295	2026
HWANG_GSE202051_TREATED	unrelated Hallmark pathway	HALLMARK_HEME_METABOLISM	54	0.0026908684802186525	2026
HWANG_GSE202051_TREATED	unrelated Hallmark pathway	HALLMARK_HEME_METABOLISM	55	0.00010409986420703163	2026
HWANG_GSE202051_TREATED	unrelated Hallmark pathway	HALLMARK_HEME_METABOLISM	56	0.0017529998273776266	2026
HWANG_GSE202051_TREATED	unrelated Hallmark pathway	HALLMARK_HEME_METABOLISM	57	0.003180006380373572	2026
HWANG_GSE202051_TREATED	unrelated Hallmark pathway	HALLMARK_HEME_METABOLISM	58	0.004884778673008535	2026
HWANG_GSE202051_TREATED	unrelated Hallmark pathway	HALLMARK_HEME_METABOLISM	59	0.0020503502598982143	2026
HWANG_GSE202051_TREATED	unrelated Hallmark pathway	HALLMARK_HEME_METABOLISM	60	0.007502231166388913	2026
HWANG_GSE202051_TREATED	unrelated Hallmark pathway	HALLMARK_HEME_METABOLISM	61	0.002195773783224736	2026
HWANG_GSE202051_TREATED	unrelated Hallmark pathway	HALLMARK_HEME_METABOLISM	62	7.958584535393616e-05	2026
HWANG_GSE202051_TREATED	unrelated Hallmark pathway	HALLMARK_HEME_METABOLISM	63	0.008236378591248341	2026
HWANG_GSE202051_TREATED	unrelated Hallmark pathway	HALLMARK_HEME_METABOLISM	64	0.002988348856273035	2026
HWANG_GSE202051_TREATED	unrelated Hallmark pathway	HALLMARK_HEME_METABOLISM	65	-0.00031429245120699145	2026
HWANG_GSE202051_TREATED	unrelated Hallmark pathway	HALLMARK_HEME_METABOLISM	66	0.0063086085481401715	2026
HWANG_GSE202051_TREATED	unrelated Hallmark pathway	HALLMARK_HEME_METABOLISM	67	0.0055962429595240734	2026
HWANG_GSE202051_TREATED	unrelated Hallmark pathway	HALLMARK_HEME_METABOLISM	68	0.003666414073220124	2026
HWANG_GSE202051_TREATED	unrelated Hallmark pathway	HALLMARK_HEME_METABOLISM	69	0.004771869829047666	2026
HWANG_GSE202051_TREATED	unrelated Hallmark pathway	HALLMARK_HEME_METABOLISM	70	0.00292135788579082	2026
HWANG_GSE202051_TREATED	unrelated Hallmark pathway	HALLMARK_HEME_METABOLISM	71	0.0012392469699941773	2026
HWANG_GSE202051_TREATED	unrelated Hallmark pathway	HALLMARK_HEME_METABOLISM	72	0.0042372974638293865	2026
HWANG_GSE202051_TREATED	unrelated Hallmark pathway	HALLMARK_HEME_METABOLISM	73	0.000623747345922179	2026
HWANG_GSE202051_TREATED	unrelated Hallmark pathway	HALLMARK_HEME_METABOLISM	74	0.0019058984535049314	2026
HWANG_GSE202051_TREATED	unrelated Hallmark pathway	HALLMARK_HEME_METABOLISM	75	0.00781906208710196	2026
HWANG_GSE202051_TREATED	unrelated Hallmark pathway	HALLMARK_HEME_METABOLISM	76	0.003364004999531771	2026
HWANG_GSE202051_TREATED	unrelated Hallmark pathway	HALLMARK_HEME_METABOLISM	77	0.0012540728891694566	2026
HWANG_GSE202051_TREATED	unrelated Hallmark pathway	HALLMARK_HEME_METABOLISM	78	0.0057972879133522635	2026
HWANG_GSE202051_TREATED	unrelated Hallmark pathway	HALLMARK_HEME_METABOLISM	79	0.004272247115162262	2026
HWANG_GSE202051_TREATED	unrelated Hallmark pathway	HALLMARK_HEME_METABOLISM	80	0.004212278790189586	2026
HWANG_GSE202051_TREATED	unrelated Hallmark pathway	HALLMARK_HEME_METABOLISM	81	0.0030380452806181998	2026
HWANG_GSE202051_TREATED	unrelated Hallmark pathway	HALLMARK_HEME_METABOLISM	82	0.003194750132818508	2026
HWANG_GSE202051_TREATED	unrelated Hallmark pathway	HALLMARK_HEME_METABOLISM	83	-0.0007299375247192359	2026
HWANG_GSE202051_TREATED	unrelated Hallmark pathway	HALLMARK_HEME_METABOLISM	84	0.0004903450124937788	2026
HWANG_GSE202051_TREATED	unrelated Hallmark pathway	HALLMARK_HEME_METABOLISM	85	7.646790749876499e-05	2026
HWANG_GSE202051_TREATED	unrelated Hallmark pathway	HALLMARK_HEME_METABOLISM	86	0.002158928601315315	2026
HWANG_GSE202051_TREATED	unrelated Hallmark pathway	HALLMARK_HEME_METABOLISM	87	0.005074518072909648	2026
HWANG_GSE202051_TREATED	unrelated Hallmark pathway	HALLMARK_HEME_METABOLISM	88	0.007411887414531103	2026
HWANG_GSE202051_TREATED	unrelated Hallmark pathway	HALLMARK_HEME_METABOLISM	89	0.007290819825630452	2026
HWANG_GSE202051_TREATED	unrelated Hallmark pathway	HALLMARK_HEME_METABOLISM	90	0.0016194291407450661	2026
HWANG_GSE202051_TREATED	unrelated Hallmark pathway	HALLMARK_HEME_METABOLISM	91	0.005582101959664177	2026
HWANG_GSE202051_TREATED	unrelated Hallmark pathway	HALLMARK_HEME_METABOLISM	92	0.004012507350572526	2026
HWANG_GSE202051_TREATED	unrelated Hallmark pathway	HALLMARK_HEME_METABOLISM	93	0.006765848949146463	2026
HWANG_GSE202051_TREATED	unrelated Hallmark pathway	HALLMARK_HEME_METABOLISM	94	0.004852662372709325	2026
HWANG_GSE202051_TREATED	unrelated Hallmark pathway	HALLMARK_HEME_METABOLISM	95	0.006174357233291439	2026
HWANG_GSE202051_TREATED	unrelated Hallmark pathway	HALLMARK_HEME_METABOLISM	96	0.004927569730803574	2026
HWANG_GSE202051_TREATED	unrelated Hallmark pathway	HALLMARK_HEME_METABOLISM	97	0.002033835825964802	2026
HWANG_GSE202051_TREATED	unrelated Hallmark pathway	HALLMARK_HEME_METABOLISM	98	0.00600769886937756	2026
HWANG_GSE202051_TREATED	unrelated Hallmark pathway	HALLMARK_HEME_METABOLISM	99	0.002570542777875857	2026
HWANG_GSE202051_TREATED	unrelated Hallmark pathway	HALLMARK_HEME_METABOLISM	100	0.00347386400688599	2026
HWANG_GSE202051_TREATED	leakage control	HALLMARK_PROTEIN_SECRETION	1	0.0	2026
HWANG_GSE202051_TREATED	leakage control	HALLMARK_PROTEIN_SECRETION	2	0.012658227848101266	2026
HWANG_GSE202051_TREATED	leakage control	HALLMARK_PROTEIN_SECRETION	3	0.0	2026
HWANG_GSE202051_TREATED	leakage control	HALLMARK_PROTEIN_SECRETION	4	0.012658227848101266	2026
HWANG_GSE202051_TREATED	leakage control	HALLMARK_PROTEIN_SECRETION	5	0.012658227848101266	2026
HWANG_GSE202051_TREATED	leakage control	HALLMARK_PROTEIN_SECRETION	6	0.0	2026
HWANG_GSE202051_TREATED	leakage control	HALLMARK_PROTEIN_SECRETION	7	0.0	2026
HWANG_GSE202051_TREATED	leakage control	HALLMARK_PROTEIN_SECRETION	8	0.0	2026
HWANG_GSE202051_TREATED	leakage control	HALLMARK_PROTEIN_SECRETION	9	0.0	2026
HWANG_GSE202051_TREATED	leakage control	HALLMARK_PROTEIN_SECRETION	10	0.012658227848101266	2026
HWANG_GSE202051_TREATED	leakage control	HALLMARK_PROTEIN_SECRETION	11	0.0	2026
HWANG_GSE202051_TREATED	leakage control	HALLMARK_PROTEIN_SECRETION	12	0.012658227848101266	2026
HWANG_GSE202051_TREATED	leakage control	HALLMARK_PROTEIN_SECRETION	13	0.0	2026
HWANG_GSE202051_TREATED	leakage control	HALLMARK_PROTEIN_SECRETION	14	0.0	2026
HWANG_GSE202051_TREATED	leakage control	HALLMARK_PROTEIN_SECRETION	15	0.0	2026
HWANG_GSE202051_TREATED	leakage control	HALLMARK_PROTEIN_SECRETION	16	0.012658227848101266	2026
HWANG_GSE202051_TREATED	leakage control	HALLMARK_PROTEIN_SECRETION	17	0.012658227848101266	2026
HWANG_GSE202051_TREATED	leakage control	HALLMARK_PROTEIN_SECRETION	18	0.0	2026
HWANG_GSE202051_TREATED	leakage control	HALLMARK_PROTEIN_SECRETION	19	0.012658227848101266	2026
HWANG_GSE202051_TREATED	leakage control	HALLMARK_PROTEIN_SECRETION	20	0.0	2026
HWANG_GSE202051_TREATED	leakage control	HALLMARK_PROTEIN_SECRETION	21	0.0	2026
HWANG_GSE202051_TREATED	leakage control	HALLMARK_PROTEIN_SECRETION	22	0.0	2026
HWANG_GSE202051_TREATED	leakage control	HALLMARK_PROTEIN_SECRETION	23	0.012658227848101266	2026
HWANG_GSE202051_TREATED	leakage control	HALLMARK_PROTEIN_SECRETION	24	0.012658227848101266	2026
HWANG_GSE202051_TREATED	leakage control	HALLMARK_PROTEIN_SECRETION	25	0.0	2026
HWANG_GSE202051_TREATED	leakage control	HALLMARK_PROTEIN_SECRETION	26	0.0	2026
HWANG_GSE202051_TREATED	leakage control	HALLMARK_PROTEIN_SECRETION	27	0.0	2026
HWANG_GSE202051_TREATED	leakage control	HALLMARK_PROTEIN_SECRETION	28	0.0	2026
HWANG_GSE202051_TREATED	leakage control	HALLMARK_PROTEIN_SECRETION	29	0.0	2026
HWANG_GSE202051_TREATED	leakage control	HALLMARK_PROTEIN_SECRETION	30	0.0	2026
HWANG_GSE202051_TREATED	leakage control	HALLMARK_PROTEIN_SECRETION	31	0.0	2026
HWANG_GSE202051_TREATED	leakage control	HALLMARK_PROTEIN_SECRETION	32	0.0	2026
HWANG_GSE202051_TREATED	leakage control	HALLMARK_PROTEIN_SECRETION	33	0.0	2026
HWANG_GSE202051_TREATED	leakage control	HALLMARK_PROTEIN_SECRETION	34	0.0	2026
HWANG_GSE202051_TREATED	leakage control	HALLMARK_PROTEIN_SECRETION	35	0.0	2026
HWANG_GSE202051_TREATED	leakage control	HALLMARK_PROTEIN_SECRETION	36	0.012658227848101266	2026
HWANG_GSE202051_TREATED	leakage control	HALLMARK_PROTEIN_SECRETION	37	0.0	2026
HWANG_GSE202051_TREATED	leakage control	HALLMARK_PROTEIN_SECRETION	38	0.0	2026
HWANG_GSE202051_TREATED	leakage control	HALLMARK_PROTEIN_SECRETION	39	0.0	2026
HWANG_GSE202051_TREATED	leakage control	HALLMARK_PROTEIN_SECRETION	40	0.0	2026
HWANG_GSE202051_TREATED	leakage control	HALLMARK_PROTEIN_SECRETION	41	0.0	2026
HWANG_GSE202051_TREATED	leakage control	HALLMARK_PROTEIN_SECRETION	42	0.0	2026
HWANG_GSE202051_TREATED	leakage control	HALLMARK_PROTEIN_SECRETION	43	0.0	2026
HWANG_GSE202051_TREATED	leakage control	HALLMARK_PROTEIN_SECRETION	44	0.0	2026
HWANG_GSE202051_TREATED	leakage control	HALLMARK_PROTEIN_SECRETION	45	0.012658227848101266	2026
HWANG_GSE202051_TREATED	leakage control	HALLMARK_PROTEIN_SECRETION	46	0.0	2026
HWANG_GSE202051_TREATED	leakage control	HALLMARK_PROTEIN_SECRETION	47	0.0	2026
HWANG_GSE202051_TREATED	leakage control	HALLMARK_PROTEIN_SECRETION	48	0.0	2026
HWANG_GSE202051_TREATED	leakage control	HALLMARK_PROTEIN_SECRETION	49	0.0	2026
HWANG_GSE202051_TREATED	leakage control	HALLMARK_PROTEIN_SECRETION	50	0.02531645569620253	2026
HWANG_GSE202051_TREATED	leakage control	HALLMARK_PROTEIN_SECRETION	51	0.0	2026
HWANG_GSE202051_TREATED	leakage control	HALLMARK_PROTEIN_SECRETION	52	0.012658227848101266	2026
HWANG_GSE202051_TREATED	leakage control	HALLMARK_PROTEIN_SECRETION	53	0.0	2026
HWANG_GSE202051_TREATED	leakage control	HALLMARK_PROTEIN_SECRETION	54	0.0	2026
HWANG_GSE202051_TREATED	leakage control	HALLMARK_PROTEIN_SECRETION	55	0.0	2026
HWANG_GSE202051_TREATED	leakage control	HALLMARK_PROTEIN_SECRETION	56	0.0	2026
HWANG_GSE202051_TREATED	leakage control	HALLMARK_PROTEIN_SECRETION	57	0.0	2026
HWANG_GSE202051_TREATED	leakage control	HALLMARK_PROTEIN_SECRETION	58	0.0	2026
HWANG_GSE202051_TREATED	leakage control	HALLMARK_PROTEIN_SECRETION	59	0.0	2026
HWANG_GSE202051_TREATED	leakage control	HALLMARK_PROTEIN_SECRETION	60	0.0	2026
HWANG_GSE202051_TREATED	leakage control	HALLMARK_PROTEIN_SECRETION	61	0.0	2026
HWANG_GSE202051_TREATED	leakage control	HALLMARK_PROTEIN_SECRETION	62	0.0	2026
HWANG_GSE202051_TREATED	leakage control	HALLMARK_PROTEIN_SECRETION	63	0.0	2026
HWANG_GSE202051_TREATED	leakage control	HALLMARK_PROTEIN_SECRETION	64	0.0	2026
HWANG_GSE202051_TREATED	leakage control	HALLMARK_PROTEIN_SECRETION	65	0.0	2026
HWANG_GSE202051_TREATED	leakage control	HALLMARK_PROTEIN_SECRETION	66	0.0	2026
HWANG_GSE202051_TREATED	leakage control	HALLMARK_PROTEIN_SECRETION	67	0.0	2026
HWANG_GSE202051_TREATED	leakage control	HALLMARK_PROTEIN_SECRETION	68	0.0	2026
HWANG_GSE202051_TREATED	leakage control	HALLMARK_PROTEIN_SECRETION	69	0.0	2026
HWANG_GSE202051_TREATED	leakage control	HALLMARK_PROTEIN_SECRETION	70	0.0	2026
HWANG_GSE202051_TREATED	leakage control	HALLMARK_PROTEIN_SECRETION	71	0.012658227848101266	2026
HWANG_GSE202051_TREATED	leakage control	HALLMARK_PROTEIN_SECRETION	72	0.0	2026
HWANG_GSE202051_TREATED	leakage control	HALLMARK_PROTEIN_SECRETION	73	0.0	2026
HWANG_GSE202051_TREATED	leakage control	HALLMARK_PROTEIN_SECRETION	74	0.012658227848101266	2026
HWANG_GSE202051_TREATED	leakage control	HALLMARK_PROTEIN_SECRETION	75	0.0	2026
HWANG_GSE202051_TREATED	leakage control	HALLMARK_PROTEIN_SECRETION	76	0.012658227848101266	2026
HWANG_GSE202051_TREATED	leakage control	HALLMARK_PROTEIN_SECRETION	77	0.0	2026
HWANG_GSE202051_TREATED	leakage control	HALLMARK_PROTEIN_SECRETION	78	0.0	2026
HWANG_GSE202051_TREATED	leakage control	HALLMARK_PROTEIN_SECRETION	79	0.0	2026
HWANG_GSE202051_TREATED	leakage control	HALLMARK_PROTEIN_SECRETION	80	0.0	2026
HWANG_GSE202051_TREATED	leakage control	HALLMARK_PROTEIN_SECRETION	81	0.0	2026
HWANG_GSE202051_TREATED	leakage control	HALLMARK_PROTEIN_SECRETION	82	0.0	2026
HWANG_GSE202051_TREATED	leakage control	HALLMARK_PROTEIN_SECRETION	83	0.0	2026
HWANG_GSE202051_TREATED	leakage control	HALLMARK_PROTEIN_SECRETION	84	0.0	2026
HWANG_GSE202051_TREATED	leakage control	HALLMARK_PROTEIN_SECRETION	85	0.012658227848101266	2026
HWANG_GSE202051_TREATED	leakage control	HALLMARK_PROTEIN_SECRETION	86	0.012658227848101266	2026
HWANG_GSE202051_TREATED	leakage control	HALLMARK_PROTEIN_SECRETION	87	0.0	2026
HWANG_GSE202051_TREATED	leakage control	HALLMARK_PROTEIN_SECRETION	88	0.0	2026
HWANG_GSE202051_TREATED	leakage control	HALLMARK_PROTEIN_SECRETION	89	0.012658227848101266	2026
HWANG_GSE202051_TREATED	leakage control	HALLMARK_PROTEIN_SECRETION	90	0.0	2026
HWANG_GSE202051_TREATED	leakage control	HALLMARK_PROTEIN_SECRETION	91	0.0	2026
HWANG_GSE202051_TREATED	leakage control	HALLMARK_PROTEIN_SECRETION	92	0.0	2026
HWANG_GSE202051_TREATED	leakage control	HALLMARK_PROTEIN_SECRETION	93	0.012658227848101266	2026
HWANG_GSE202051_TREATED	leakage control	HALLMARK_PROTEIN_SECRETION	94	0.0	2026
HWANG_GSE202051_TREATED	leakage control	HALLMARK_PROTEIN_SECRETION	95	0.012658227848101266	2026
HWANG_GSE202051_TREATED	leakage control	HALLMARK_PROTEIN_SECRETION	96	0.0	2026
HWANG_GSE202051_TREATED	leakage control	HALLMARK_PROTEIN_SECRETION	97	0.0	2026
HWANG_GSE202051_TREATED	leakage control	HALLMARK_PROTEIN_SECRETION	98	0.012658227848101266	2026
HWANG_GSE202051_TREATED	leakage control	HALLMARK_PROTEIN_SECRETION	99	0.0	2026
HWANG_GSE202051_TREATED	leakage control	HALLMARK_PROTEIN_SECRETION	100	0.012658227848101266	2026
