analysis_id	candidate_K	sample_id	cluster_id	assignment_probability
STAB_CSY_PRIMARY	2	YX15261T	1	1
STAB_CSY_PRIMARY	2	YX15261T	2	0
STAB_CSY_PRIMARY	2	YX15263T	1	1
STAB_CSY_PRIMARY	2	YX15263T	2	0
STAB_CSY_PRIMARY	2	YX15271T	1	1
STAB_CSY_PRIMARY	2	YX15271T	2	0
STAB_CSY_PRIMARY	2	YX16036T	1	1
STAB_CSY_PRIMARY	2	YX16036T	2	0
STAB_CSY_PRIMARY	2	YX16041T	1	1
STAB_CSY_PRIMARY	2	YX16041T	2	0
STAB_CSY_PRIMARY	2	YX16057T	1	1
STAB_CSY_PRIMARY	2	YX16057T	2	0
STAB_CSY_PRIMARY	2	YX16062T	1	1
STAB_CSY_PRIMARY	2	YX16062T	2	0
STAB_CSY_PRIMARY	2	YX16112T	1	1
STAB_CSY_PRIMARY	2	YX16112T	2	0
STAB_CSY_PRIMARY	2	YX16113T	1	1
STAB_CSY_PRIMARY	2	YX16113T	2	0
STAB_CSY_PRIMARY	2	YX16119T	1	1
STAB_CSY_PRIMARY	2	YX16119T	2	0
STAB_CSY_PRIMARY	2	YX16120T	1	1
STAB_CSY_PRIMARY	2	YX16120T	2	0
STAB_CSY_PRIMARY	2	YX16127T	1	1
STAB_CSY_PRIMARY	2	YX16127T	2	0
STAB_CSY_PRIMARY	2	YX16128T	1	1
STAB_CSY_PRIMARY	2	YX16128T	2	0
STAB_CSY_PRIMARY	2	YX16130T	1	1
STAB_CSY_PRIMARY	2	YX16130T	2	0
STAB_CSY_PRIMARY	2	YX16132T	1	1
STAB_CSY_PRIMARY	2	YX16132T	2	0
STAB_CSY_PRIMARY	2	YX16135T	1	1
STAB_CSY_PRIMARY	2	YX16135T	2	0
STAB_CSY_PRIMARY	2	YX16139T	1	1
STAB_CSY_PRIMARY	2	YX16139T	2	0
STAB_CSY_PRIMARY	2	YX16141T	1	1
STAB_CSY_PRIMARY	2	YX16141T	2	0
STAB_CSY_PRIMARY	2	YX16144T	1	0.985897435897436
STAB_CSY_PRIMARY	2	YX16144T	2	0.0141025641025641
STAB_CSY_PRIMARY	2	YX16147T	1	1
STAB_CSY_PRIMARY	2	YX16147T	2	0
STAB_CSY_PRIMARY	2	YX16153T	1	1
STAB_CSY_PRIMARY	2	YX16153T	2	0
STAB_CSY_PRIMARY	2	YX16155T	1	1
STAB_CSY_PRIMARY	2	YX16155T	2	0
STAB_CSY_PRIMARY	2	YX16158T	1	0.890258939580765
STAB_CSY_PRIMARY	2	YX16158T	2	0.109741060419236
STAB_CSY_PRIMARY	2	YX16159T	1	1
STAB_CSY_PRIMARY	2	YX16159T	2	0
STAB_CSY_PRIMARY	2	YX16160T	1	0
STAB_CSY_PRIMARY	2	YX16160T	2	1
STAB_CSY_PRIMARY	2	YX16161T	1	1
STAB_CSY_PRIMARY	2	YX16161T	2	0
STAB_CSY_PRIMARY	2	YX16166T	1	1
STAB_CSY_PRIMARY	2	YX16166T	2	0
STAB_CSY_PRIMARY	2	YX16177T	1	1
STAB_CSY_PRIMARY	2	YX16177T	2	0
STAB_CSY_PRIMARY	2	YX16178T	1	1
STAB_CSY_PRIMARY	2	YX16178T	2	0
STAB_CSY_PRIMARY	2	YX16180T	1	1
STAB_CSY_PRIMARY	2	YX16180T	2	0
STAB_CSY_PRIMARY	2	YX16185T	1	1
STAB_CSY_PRIMARY	2	YX16185T	2	0
STAB_CSY_PRIMARY	2	YX16188T	1	0.743523316062176
STAB_CSY_PRIMARY	2	YX16188T	2	0.256476683937824
STAB_CSY_PRIMARY	2	YX16194T	1	1
STAB_CSY_PRIMARY	2	YX16194T	2	0
STAB_CSY_PRIMARY	2	YX16202T	1	0
STAB_CSY_PRIMARY	2	YX16202T	2	1
STAB_CSY_PRIMARY	2	YX16203T	1	1
STAB_CSY_PRIMARY	2	YX16203T	2	0
STAB_CSY_PRIMARY	2	YX16207T	1	1
STAB_CSY_PRIMARY	2	YX16207T	2	0
STAB_CSY_PRIMARY	2	YX16218T	1	1
STAB_CSY_PRIMARY	2	YX16218T	2	0
STAB_CSY_PRIMARY	2	YX16222T	1	1
STAB_CSY_PRIMARY	2	YX16222T	2	0
STAB_CSY_PRIMARY	2	YX16224T	1	1
STAB_CSY_PRIMARY	2	YX16224T	2	0
STAB_CSY_PRIMARY	2	YX16227T	1	1
STAB_CSY_PRIMARY	2	YX16227T	2	0
STAB_CSY_PRIMARY	2	YX16236T	1	1
STAB_CSY_PRIMARY	2	YX16236T	2	0
STAB_CSY_PRIMARY	2	YX15047T	1	0.0102171136653895
STAB_CSY_PRIMARY	2	YX15047T	2	0.98978288633461
STAB_CSY_PRIMARY	2	YX15106T	1	0
STAB_CSY_PRIMARY	2	YX15106T	2	1
STAB_CSY_PRIMARY	2	YX15166T	1	0
STAB_CSY_PRIMARY	2	YX15166T	2	1
STAB_CSY_PRIMARY	2	YX15187T	1	0
STAB_CSY_PRIMARY	2	YX15187T	2	1
STAB_CSY_PRIMARY	2	YX15211T	1	1
STAB_CSY_PRIMARY	2	YX15211T	2	0
STAB_CSY_PRIMARY	2	YX15214T	1	0
STAB_CSY_PRIMARY	2	YX15214T	2	1
STAB_CSY_PRIMARY	2	YX16009T	1	0.961636828644501
STAB_CSY_PRIMARY	2	YX16009T	2	0.0383631713554987
STAB_CSY_PRIMARY	2	YX16011T	1	0
STAB_CSY_PRIMARY	2	YX16011T	2	1
STAB_CSY_PRIMARY	2	YX16068T	1	0
STAB_CSY_PRIMARY	2	YX16068T	2	1
STAB_CSY_PRIMARY	2	YX16070T	1	0
STAB_CSY_PRIMARY	2	YX16070T	2	1
STAB_CSY_PRIMARY	2	YX16075T	1	1
STAB_CSY_PRIMARY	2	YX16075T	2	0
STAB_CSY_PRIMARY	2	YX16079T	1	0
STAB_CSY_PRIMARY	2	YX16079T	2	1
STAB_CSY_PRIMARY	2	YX16087T	1	0
STAB_CSY_PRIMARY	2	YX16087T	2	1
STAB_CSY_PRIMARY	2	YX16094T	1	0
STAB_CSY_PRIMARY	2	YX16094T	2	1
STAB_CSY_PRIMARY	2	YX16172T	1	0
STAB_CSY_PRIMARY	2	YX16172T	2	1
STAB_CSY_PRIMARY	2	YX16295T	1	0
STAB_CSY_PRIMARY	2	YX16295T	2	1
STAB_CSY_PRIMARY	2	YX16327T	1	0
STAB_CSY_PRIMARY	2	YX16327T	2	1
STAB_CSY_PRIMARY	2	YX16335T	1	1
STAB_CSY_PRIMARY	2	YX16335T	2	0
STAB_CSY_PRIMARY	2	YX16341T	1	0
STAB_CSY_PRIMARY	2	YX16341T	2	1
STAB_CSY_PRIMARY	2	YX16343T	1	1
STAB_CSY_PRIMARY	2	YX16343T	2	0
STAB_CSY_PRIMARY	2	YX16347T	1	1
STAB_CSY_PRIMARY	2	YX16347T	2	0
STAB_CSY_PRIMARY	3	YX15261T	1	0.975949367088608
STAB_CSY_PRIMARY	3	YX15261T	2	0.0240506329113924
STAB_CSY_PRIMARY	3	YX15261T	3	0
STAB_CSY_PRIMARY	3	YX15263T	1	1
STAB_CSY_PRIMARY	3	YX15263T	2	0
STAB_CSY_PRIMARY	3	YX15263T	3	0
STAB_CSY_PRIMARY	3	YX15271T	1	0.00374064837905237
STAB_CSY_PRIMARY	3	YX15271T	2	0.996259351620948
STAB_CSY_PRIMARY	3	YX15271T	3	0
STAB_CSY_PRIMARY	3	YX16036T	1	0.0179487179487179
STAB_CSY_PRIMARY	3	YX16036T	2	0.982051282051282
STAB_CSY_PRIMARY	3	YX16036T	3	0
STAB_CSY_PRIMARY	3	YX16041T	1	0.970588235294118
STAB_CSY_PRIMARY	3	YX16041T	2	0.0294117647058824
STAB_CSY_PRIMARY	3	YX16041T	3	0
STAB_CSY_PRIMARY	3	YX16057T	1	0.582165605095541
STAB_CSY_PRIMARY	3	YX16057T	2	0.417834394904459
STAB_CSY_PRIMARY	3	YX16057T	3	0
STAB_CSY_PRIMARY	3	YX16062T	1	1
STAB_CSY_PRIMARY	3	YX16062T	2	0
STAB_CSY_PRIMARY	3	YX16062T	3	0
STAB_CSY_PRIMARY	3	YX16112T	1	0.592269326683292
STAB_CSY_PRIMARY	3	YX16112T	2	0.407730673316708
STAB_CSY_PRIMARY	3	YX16112T	3	0
STAB_CSY_PRIMARY	3	YX16113T	1	0.0934343434343434
STAB_CSY_PRIMARY	3	YX16113T	2	0.906565656565657
STAB_CSY_PRIMARY	3	YX16113T	3	0
STAB_CSY_PRIMARY	3	YX16119T	1	0.98625
STAB_CSY_PRIMARY	3	YX16119T	2	0.01375
STAB_CSY_PRIMARY	3	YX16119T	3	0
STAB_CSY_PRIMARY	3	YX16120T	1	1
STAB_CSY_PRIMARY	3	YX16120T	2	0
STAB_CSY_PRIMARY	3	YX16120T	3	0
STAB_CSY_PRIMARY	3	YX16127T	1	1
STAB_CSY_PRIMARY	3	YX16127T	2	0
STAB_CSY_PRIMARY	3	YX16127T	3	0
STAB_CSY_PRIMARY	3	YX16128T	1	0.459798994974874
STAB_CSY_PRIMARY	3	YX16128T	2	0.540201005025126
STAB_CSY_PRIMARY	3	YX16128T	3	0
STAB_CSY_PRIMARY	3	YX16130T	1	0.0214646464646465
STAB_CSY_PRIMARY	3	YX16130T	2	0.978535353535353
STAB_CSY_PRIMARY	3	YX16130T	3	0
STAB_CSY_PRIMARY	3	YX16132T	1	0.0780856423173804
STAB_CSY_PRIMARY	3	YX16132T	2	0.92191435768262
STAB_CSY_PRIMARY	3	YX16132T	3	0
STAB_CSY_PRIMARY	3	YX16135T	1	0.00499375780274657
STAB_CSY_PRIMARY	3	YX16135T	2	0.995006242197253
STAB_CSY_PRIMARY	3	YX16135T	3	0
STAB_CSY_PRIMARY	3	YX16139T	1	1
STAB_CSY_PRIMARY	3	YX16139T	2	0
STAB_CSY_PRIMARY	3	YX16139T	3	0
STAB_CSY_PRIMARY	3	YX16141T	1	0.0038659793814433
STAB_CSY_PRIMARY	3	YX16141T	2	0.996134020618557
STAB_CSY_PRIMARY	3	YX16141T	3	0
STAB_CSY_PRIMARY	3	YX16144T	1	0.00384615384615385
STAB_CSY_PRIMARY	3	YX16144T	2	0.985897435897436
STAB_CSY_PRIMARY	3	YX16144T	3	0.0102564102564103
STAB_CSY_PRIMARY	3	YX16147T	1	0.327930174563591
STAB_CSY_PRIMARY	3	YX16147T	2	0.672069825436409
STAB_CSY_PRIMARY	3	YX16147T	3	0
STAB_CSY_PRIMARY	3	YX16153T	1	0.994955863808323
STAB_CSY_PRIMARY	3	YX16153T	2	0.00504413619167718
STAB_CSY_PRIMARY	3	YX16153T	3	0
STAB_CSY_PRIMARY	3	YX16155T	1	0.138888888888889
STAB_CSY_PRIMARY	3	YX16155T	2	0.861111111111111
STAB_CSY_PRIMARY	3	YX16155T	3	0
STAB_CSY_PRIMARY	3	YX16158T	1	0
STAB_CSY_PRIMARY	3	YX16158T	2	0.895191122071517
STAB_CSY_PRIMARY	3	YX16158T	3	0.104808877928483
STAB_CSY_PRIMARY	3	YX16159T	1	0.00385109114249037
STAB_CSY_PRIMARY	3	YX16159T	2	0.99614890885751
STAB_CSY_PRIMARY	3	YX16159T	3	0
STAB_CSY_PRIMARY	3	YX16160T	1	0
STAB_CSY_PRIMARY	3	YX16160T	2	0
STAB_CSY_PRIMARY	3	YX16160T	3	1
STAB_CSY_PRIMARY	3	YX16161T	1	0.00521512385919166
STAB_CSY_PRIMARY	3	YX16161T	2	0.994784876140808
STAB_CSY_PRIMARY	3	YX16161T	3	0
STAB_CSY_PRIMARY	3	YX16166T	1	1
STAB_CSY_PRIMARY	3	YX16166T	2	0
STAB_CSY_PRIMARY	3	YX16166T	3	0
STAB_CSY_PRIMARY	3	YX16177T	1	0.998726114649682
STAB_CSY_PRIMARY	3	YX16177T	2	0.00127388535031847
STAB_CSY_PRIMARY	3	YX16177T	3	0
STAB_CSY_PRIMARY	3	YX16178T	1	1
STAB_CSY_PRIMARY	3	YX16178T	2	0
STAB_CSY_PRIMARY	3	YX16178T	3	0
STAB_CSY_PRIMARY	3	YX16180T	1	0.00515463917525773
STAB_CSY_PRIMARY	3	YX16180T	2	0.994845360824742
STAB_CSY_PRIMARY	3	YX16180T	3	0
STAB_CSY_PRIMARY	3	YX16185T	1	0.998722860791826
STAB_CSY_PRIMARY	3	YX16185T	2	0.00127713920817369
STAB_CSY_PRIMARY	3	YX16185T	3	0
STAB_CSY_PRIMARY	3	YX16188T	1	0
STAB_CSY_PRIMARY	3	YX16188T	2	0.748704663212435
STAB_CSY_PRIMARY	3	YX16188T	3	0.251295336787565
STAB_CSY_PRIMARY	3	YX16194T	1	0.00504413619167718
STAB_CSY_PRIMARY	3	YX16194T	2	0.994955863808323
STAB_CSY_PRIMARY	3	YX16194T	3	0
STAB_CSY_PRIMARY	3	YX16202T	1	0
STAB_CSY_PRIMARY	3	YX16202T	2	0
STAB_CSY_PRIMARY	3	YX16202T	3	1
STAB_CSY_PRIMARY	3	YX16203T	1	0.0478654592496766
STAB_CSY_PRIMARY	3	YX16203T	2	0.952134540750323
STAB_CSY_PRIMARY	3	YX16203T	3	0
STAB_CSY_PRIMARY	3	YX16207T	1	0.00750938673341677
STAB_CSY_PRIMARY	3	YX16207T	2	0.992490613266583
STAB_CSY_PRIMARY	3	YX16207T	3	0
STAB_CSY_PRIMARY	3	YX16218T	1	0.268844221105528
STAB_CSY_PRIMARY	3	YX16218T	2	0.731155778894472
STAB_CSY_PRIMARY	3	YX16218T	3	0
STAB_CSY_PRIMARY	3	YX16222T	1	0.927770859277709
STAB_CSY_PRIMARY	3	YX16222T	2	0.0722291407222914
STAB_CSY_PRIMARY	3	YX16222T	3	0
STAB_CSY_PRIMARY	3	YX16224T	1	0.274838709677419
STAB_CSY_PRIMARY	3	YX16224T	2	0.725161290322581
STAB_CSY_PRIMARY	3	YX16224T	3	0
STAB_CSY_PRIMARY	3	YX16227T	1	0.981179422835634
STAB_CSY_PRIMARY	3	YX16227T	2	0.0188205771643664
STAB_CSY_PRIMARY	3	YX16227T	3	0
STAB_CSY_PRIMARY	3	YX16236T	1	0.951005025125628
STAB_CSY_PRIMARY	3	YX16236T	2	0.0489949748743719
STAB_CSY_PRIMARY	3	YX16236T	3	0
STAB_CSY_PRIMARY	3	YX15047T	1	0
STAB_CSY_PRIMARY	3	YX15047T	2	0.0102171136653895
STAB_CSY_PRIMARY	3	YX15047T	3	0.98978288633461
STAB_CSY_PRIMARY	3	YX15106T	1	0
STAB_CSY_PRIMARY	3	YX15106T	2	0
STAB_CSY_PRIMARY	3	YX15106T	3	1
STAB_CSY_PRIMARY	3	YX15166T	1	0
STAB_CSY_PRIMARY	3	YX15166T	2	0
STAB_CSY_PRIMARY	3	YX15166T	3	1
STAB_CSY_PRIMARY	3	YX15187T	1	0
STAB_CSY_PRIMARY	3	YX15187T	2	0
STAB_CSY_PRIMARY	3	YX15187T	3	1
STAB_CSY_PRIMARY	3	YX15211T	1	0.00752823086574655
STAB_CSY_PRIMARY	3	YX15211T	2	0.992471769134254
STAB_CSY_PRIMARY	3	YX15211T	3	0
STAB_CSY_PRIMARY	3	YX15214T	1	0
STAB_CSY_PRIMARY	3	YX15214T	2	0
STAB_CSY_PRIMARY	3	YX15214T	3	1
STAB_CSY_PRIMARY	3	YX16009T	1	0.00127877237851662
STAB_CSY_PRIMARY	3	YX16009T	2	0.960358056265985
STAB_CSY_PRIMARY	3	YX16009T	3	0.0383631713554987
STAB_CSY_PRIMARY	3	YX16011T	1	0
STAB_CSY_PRIMARY	3	YX16011T	2	0
STAB_CSY_PRIMARY	3	YX16011T	3	1
STAB_CSY_PRIMARY	3	YX16068T	1	0
STAB_CSY_PRIMARY	3	YX16068T	2	0
STAB_CSY_PRIMARY	3	YX16068T	3	1
STAB_CSY_PRIMARY	3	YX16070T	1	0
STAB_CSY_PRIMARY	3	YX16070T	2	0
STAB_CSY_PRIMARY	3	YX16070T	3	1
STAB_CSY_PRIMARY	3	YX16075T	1	0.00249687890137328
STAB_CSY_PRIMARY	3	YX16075T	2	0.997503121098627
STAB_CSY_PRIMARY	3	YX16075T	3	0
STAB_CSY_PRIMARY	3	YX16079T	1	0
STAB_CSY_PRIMARY	3	YX16079T	2	0
STAB_CSY_PRIMARY	3	YX16079T	3	1
STAB_CSY_PRIMARY	3	YX16087T	1	0
STAB_CSY_PRIMARY	3	YX16087T	2	0
STAB_CSY_PRIMARY	3	YX16087T	3	1
STAB_CSY_PRIMARY	3	YX16094T	1	0
STAB_CSY_PRIMARY	3	YX16094T	2	0
STAB_CSY_PRIMARY	3	YX16094T	3	1
STAB_CSY_PRIMARY	3	YX16172T	1	0
STAB_CSY_PRIMARY	3	YX16172T	2	0
STAB_CSY_PRIMARY	3	YX16172T	3	1
STAB_CSY_PRIMARY	3	YX16295T	1	0
STAB_CSY_PRIMARY	3	YX16295T	2	0
STAB_CSY_PRIMARY	3	YX16295T	3	1
STAB_CSY_PRIMARY	3	YX16327T	1	0
STAB_CSY_PRIMARY	3	YX16327T	2	0
STAB_CSY_PRIMARY	3	YX16327T	3	1
STAB_CSY_PRIMARY	3	YX16335T	1	1
STAB_CSY_PRIMARY	3	YX16335T	2	0
STAB_CSY_PRIMARY	3	YX16335T	3	0
STAB_CSY_PRIMARY	3	YX16341T	1	0
STAB_CSY_PRIMARY	3	YX16341T	2	0
STAB_CSY_PRIMARY	3	YX16341T	3	1
STAB_CSY_PRIMARY	3	YX16343T	1	0.024234693877551
STAB_CSY_PRIMARY	3	YX16343T	2	0.975765306122449
STAB_CSY_PRIMARY	3	YX16343T	3	0
STAB_CSY_PRIMARY	3	YX16347T	1	0.990956072351421
STAB_CSY_PRIMARY	3	YX16347T	2	0.00904392764857881
STAB_CSY_PRIMARY	3	YX16347T	3	0
STAB_CSY_PRIMARY	4	YX15261T	1	0.945569620253165
STAB_CSY_PRIMARY	4	YX15261T	2	0.00506329113924051
STAB_CSY_PRIMARY	4	YX15261T	3	0.0493670886075949
STAB_CSY_PRIMARY	4	YX15261T	4	0
STAB_CSY_PRIMARY	4	YX15263T	1	1
STAB_CSY_PRIMARY	4	YX15263T	2	0
STAB_CSY_PRIMARY	4	YX15263T	3	0
STAB_CSY_PRIMARY	4	YX15263T	4	0
STAB_CSY_PRIMARY	4	YX15271T	1	0
STAB_CSY_PRIMARY	4	YX15271T	2	0.983790523690773
STAB_CSY_PRIMARY	4	YX15271T	3	0.0162094763092269
STAB_CSY_PRIMARY	4	YX15271T	4	0
STAB_CSY_PRIMARY	4	YX16036T	1	0.00256410256410256
STAB_CSY_PRIMARY	4	YX16036T	2	0.916666666666667
STAB_CSY_PRIMARY	4	YX16036T	3	0.0807692307692308
STAB_CSY_PRIMARY	4	YX16036T	4	0
STAB_CSY_PRIMARY	4	YX16041T	1	0.953964194373402
STAB_CSY_PRIMARY	4	YX16041T	2	0.0166240409207161
STAB_CSY_PRIMARY	4	YX16041T	3	0.0294117647058824
STAB_CSY_PRIMARY	4	YX16041T	4	0
STAB_CSY_PRIMARY	4	YX16057T	1	0.536305732484076
STAB_CSY_PRIMARY	4	YX16057T	2	0.314649681528662
STAB_CSY_PRIMARY	4	YX16057T	3	0.149044585987261
STAB_CSY_PRIMARY	4	YX16057T	4	0
STAB_CSY_PRIMARY	4	YX16062T	1	1
STAB_CSY_PRIMARY	4	YX16062T	2	0
STAB_CSY_PRIMARY	4	YX16062T	3	0
STAB_CSY_PRIMARY	4	YX16062T	4	0
STAB_CSY_PRIMARY	4	YX16112T	1	0.551122194513716
STAB_CSY_PRIMARY	4	YX16112T	2	0.265586034912718
STAB_CSY_PRIMARY	4	YX16112T	3	0.183291770573566
STAB_CSY_PRIMARY	4	YX16112T	4	0
STAB_CSY_PRIMARY	4	YX16113T	1	0.0606060606060606
STAB_CSY_PRIMARY	4	YX16113T	2	0.672979797979798
STAB_CSY_PRIMARY	4	YX16113T	3	0.266414141414141
STAB_CSY_PRIMARY	4	YX16113T	4	0
STAB_CSY_PRIMARY	4	YX16119T	1	0.9625
STAB_CSY_PRIMARY	4	YX16119T	2	0.00875
STAB_CSY_PRIMARY	4	YX16119T	3	0.02875
STAB_CSY_PRIMARY	4	YX16119T	4	0
STAB_CSY_PRIMARY	4	YX16120T	1	0.998726114649682
STAB_CSY_PRIMARY	4	YX16120T	2	0
STAB_CSY_PRIMARY	4	YX16120T	3	0.00127388535031847
STAB_CSY_PRIMARY	4	YX16120T	4	0
STAB_CSY_PRIMARY	4	YX16127T	1	0.99746192893401
STAB_CSY_PRIMARY	4	YX16127T	2	0
STAB_CSY_PRIMARY	4	YX16127T	3	0.00253807106598985
STAB_CSY_PRIMARY	4	YX16127T	4	0
STAB_CSY_PRIMARY	4	YX16128T	1	0.409547738693467
STAB_CSY_PRIMARY	4	YX16128T	2	0.368090452261307
STAB_CSY_PRIMARY	4	YX16128T	3	0.222361809045226
STAB_CSY_PRIMARY	4	YX16128T	4	0
STAB_CSY_PRIMARY	4	YX16130T	1	0.00126262626262626
STAB_CSY_PRIMARY	4	YX16130T	2	0.909090909090909
STAB_CSY_PRIMARY	4	YX16130T	3	0.0896464646464646
STAB_CSY_PRIMARY	4	YX16130T	4	0
STAB_CSY_PRIMARY	4	YX16132T	1	0.0680100755667506
STAB_CSY_PRIMARY	4	YX16132T	2	0.663727959697733
STAB_CSY_PRIMARY	4	YX16132T	3	0.268261964735516
STAB_CSY_PRIMARY	4	YX16132T	4	0
STAB_CSY_PRIMARY	4	YX16135T	1	0
STAB_CSY_PRIMARY	4	YX16135T	2	0.97752808988764
STAB_CSY_PRIMARY	4	YX16135T	3	0.0224719101123595
STAB_CSY_PRIMARY	4	YX16135T	4	0
STAB_CSY_PRIMARY	4	YX16139T	1	0.99746835443038
STAB_CSY_PRIMARY	4	YX16139T	2	0
STAB_CSY_PRIMARY	4	YX16139T	3	0.00253164556962025
STAB_CSY_PRIMARY	4	YX16139T	4	0
STAB_CSY_PRIMARY	4	YX16141T	1	0
STAB_CSY_PRIMARY	4	YX16141T	2	0.865979381443299
STAB_CSY_PRIMARY	4	YX16141T	3	0.134020618556701
STAB_CSY_PRIMARY	4	YX16141T	4	0
STAB_CSY_PRIMARY	4	YX16144T	1	0.00384615384615385
STAB_CSY_PRIMARY	4	YX16144T	2	0.626923076923077
STAB_CSY_PRIMARY	4	YX16144T	3	0.369230769230769
STAB_CSY_PRIMARY	4	YX16144T	4	0
STAB_CSY_PRIMARY	4	YX16147T	1	0.27930174563591
STAB_CSY_PRIMARY	4	YX16147T	2	0.413965087281795
STAB_CSY_PRIMARY	4	YX16147T	3	0.306733167082294
STAB_CSY_PRIMARY	4	YX16147T	4	0
STAB_CSY_PRIMARY	4	YX16153T	1	0.991172761664565
STAB_CSY_PRIMARY	4	YX16153T	2	0.00378310214375788
STAB_CSY_PRIMARY	4	YX16153T	3	0.00504413619167718
STAB_CSY_PRIMARY	4	YX16153T	4	0
STAB_CSY_PRIMARY	4	YX16155T	1	0.0921717171717172
STAB_CSY_PRIMARY	4	YX16155T	2	0.76010101010101
STAB_CSY_PRIMARY	4	YX16155T	3	0.147727272727273
STAB_CSY_PRIMARY	4	YX16155T	4	0
STAB_CSY_PRIMARY	4	YX16158T	1	0
STAB_CSY_PRIMARY	4	YX16158T	2	0.483353884093711
STAB_CSY_PRIMARY	4	YX16158T	3	0.445129469790382
STAB_CSY_PRIMARY	4	YX16158T	4	0.0715166461159063
STAB_CSY_PRIMARY	4	YX16159T	1	0
STAB_CSY_PRIMARY	4	YX16159T	2	0.988446726572529
STAB_CSY_PRIMARY	4	YX16159T	3	0.0115532734274711
STAB_CSY_PRIMARY	4	YX16159T	4	0
STAB_CSY_PRIMARY	4	YX16160T	1	0
STAB_CSY_PRIMARY	4	YX16160T	2	0
STAB_CSY_PRIMARY	4	YX16160T	3	0.00381679389312977
STAB_CSY_PRIMARY	4	YX16160T	4	0.99618320610687
STAB_CSY_PRIMARY	4	YX16161T	1	0
STAB_CSY_PRIMARY	4	YX16161T	2	0.988265971316819
STAB_CSY_PRIMARY	4	YX16161T	3	0.0117340286831812
STAB_CSY_PRIMARY	4	YX16161T	4	0
STAB_CSY_PRIMARY	4	YX16166T	1	0.997560975609756
STAB_CSY_PRIMARY	4	YX16166T	2	0
STAB_CSY_PRIMARY	4	YX16166T	3	0.0024390243902439
STAB_CSY_PRIMARY	4	YX16166T	4	0
STAB_CSY_PRIMARY	4	YX16177T	1	0.994904458598726
STAB_CSY_PRIMARY	4	YX16177T	2	0.00127388535031847
STAB_CSY_PRIMARY	4	YX16177T	3	0.00382165605095541
STAB_CSY_PRIMARY	4	YX16177T	4	0
STAB_CSY_PRIMARY	4	YX16178T	1	0.99618320610687
STAB_CSY_PRIMARY	4	YX16178T	2	0
STAB_CSY_PRIMARY	4	YX16178T	3	0.00381679389312977
STAB_CSY_PRIMARY	4	YX16178T	4	0
STAB_CSY_PRIMARY	4	YX16180T	1	0
STAB_CSY_PRIMARY	4	YX16180T	2	0.983247422680412
STAB_CSY_PRIMARY	4	YX16180T	3	0.0167525773195876
STAB_CSY_PRIMARY	4	YX16180T	4	0
STAB_CSY_PRIMARY	4	YX16185T	1	0.860791826309068
STAB_CSY_PRIMARY	4	YX16185T	2	0
STAB_CSY_PRIMARY	4	YX16185T	3	0.139208173690932
STAB_CSY_PRIMARY	4	YX16185T	4	0
STAB_CSY_PRIMARY	4	YX16188T	1	0
STAB_CSY_PRIMARY	4	YX16188T	2	0.344559585492228
STAB_CSY_PRIMARY	4	YX16188T	3	0.444300518134715
STAB_CSY_PRIMARY	4	YX16188T	4	0.211139896373057
STAB_CSY_PRIMARY	4	YX16194T	1	0
STAB_CSY_PRIMARY	4	YX16194T	2	0.968474148802018
STAB_CSY_PRIMARY	4	YX16194T	3	0.0315258511979823
STAB_CSY_PRIMARY	4	YX16194T	4	0
STAB_CSY_PRIMARY	4	YX16202T	1	0
STAB_CSY_PRIMARY	4	YX16202T	2	0
STAB_CSY_PRIMARY	4	YX16202T	3	0.0114213197969543
STAB_CSY_PRIMARY	4	YX16202T	4	0.988578680203046
STAB_CSY_PRIMARY	4	YX16203T	1	0.036222509702458
STAB_CSY_PRIMARY	4	YX16203T	2	0.905562742561449
STAB_CSY_PRIMARY	4	YX16203T	3	0.0582147477360931
STAB_CSY_PRIMARY	4	YX16203T	4	0
STAB_CSY_PRIMARY	4	YX16207T	1	0
STAB_CSY_PRIMARY	4	YX16207T	2	0.974968710888611
STAB_CSY_PRIMARY	4	YX16207T	3	0.0250312891113892
STAB_CSY_PRIMARY	4	YX16207T	4	0
STAB_CSY_PRIMARY	4	YX16218T	1	0.256281407035176
STAB_CSY_PRIMARY	4	YX16218T	2	0.706030150753769
STAB_CSY_PRIMARY	4	YX16218T	3	0.0376884422110553
STAB_CSY_PRIMARY	4	YX16218T	4	0
STAB_CSY_PRIMARY	4	YX16222T	1	0.907845579078456
STAB_CSY_PRIMARY	4	YX16222T	2	0.0510585305105853
STAB_CSY_PRIMARY	4	YX16222T	3	0.0410958904109589
STAB_CSY_PRIMARY	4	YX16222T	4	0
STAB_CSY_PRIMARY	4	YX16224T	1	0.249032258064516
STAB_CSY_PRIMARY	4	YX16224T	2	0.656774193548387
STAB_CSY_PRIMARY	4	YX16224T	3	0.0941935483870968
STAB_CSY_PRIMARY	4	YX16224T	4	0
STAB_CSY_PRIMARY	4	YX16227T	1	0.968632371392723
STAB_CSY_PRIMARY	4	YX16227T	2	0.0100376411543287
STAB_CSY_PRIMARY	4	YX16227T	3	0.0213299874529486
STAB_CSY_PRIMARY	4	YX16227T	4	0
STAB_CSY_PRIMARY	4	YX16236T	1	0.922110552763819
STAB_CSY_PRIMARY	4	YX16236T	2	0.0226130653266332
STAB_CSY_PRIMARY	4	YX16236T	3	0.0552763819095477
STAB_CSY_PRIMARY	4	YX16236T	4	0
STAB_CSY_PRIMARY	4	YX15047T	1	0
STAB_CSY_PRIMARY	4	YX15047T	2	0.00127713920817369
STAB_CSY_PRIMARY	4	YX15047T	3	0.0191570881226054
STAB_CSY_PRIMARY	4	YX15047T	4	0.979565772669221
STAB_CSY_PRIMARY	4	YX15106T	1	0
STAB_CSY_PRIMARY	4	YX15106T	2	0
STAB_CSY_PRIMARY	4	YX15106T	3	0
STAB_CSY_PRIMARY	4	YX15106T	4	1
STAB_CSY_PRIMARY	4	YX15166T	1	0
STAB_CSY_PRIMARY	4	YX15166T	2	0
STAB_CSY_PRIMARY	4	YX15166T	3	0
STAB_CSY_PRIMARY	4	YX15166T	4	1
STAB_CSY_PRIMARY	4	YX15187T	1	0
STAB_CSY_PRIMARY	4	YX15187T	2	0
STAB_CSY_PRIMARY	4	YX15187T	3	0
STAB_CSY_PRIMARY	4	YX15187T	4	1
STAB_CSY_PRIMARY	4	YX15211T	1	0.00125470514429109
STAB_CSY_PRIMARY	4	YX15211T	2	0.787954830614806
STAB_CSY_PRIMARY	4	YX15211T	3	0.210790464240903
STAB_CSY_PRIMARY	4	YX15211T	4	0
STAB_CSY_PRIMARY	4	YX15214T	1	0
STAB_CSY_PRIMARY	4	YX15214T	2	0
STAB_CSY_PRIMARY	4	YX15214T	3	0
STAB_CSY_PRIMARY	4	YX15214T	4	1
STAB_CSY_PRIMARY	4	YX16009T	1	0.00127877237851662
STAB_CSY_PRIMARY	4	YX16009T	2	0.60230179028133
STAB_CSY_PRIMARY	4	YX16009T	3	0.379795396419437
STAB_CSY_PRIMARY	4	YX16009T	4	0.0166240409207161
STAB_CSY_PRIMARY	4	YX16011T	1	0
STAB_CSY_PRIMARY	4	YX16011T	2	0
STAB_CSY_PRIMARY	4	YX16011T	3	0
STAB_CSY_PRIMARY	4	YX16011T	4	1
STAB_CSY_PRIMARY	4	YX16068T	1	0
STAB_CSY_PRIMARY	4	YX16068T	2	0
STAB_CSY_PRIMARY	4	YX16068T	3	0
STAB_CSY_PRIMARY	4	YX16068T	4	1
STAB_CSY_PRIMARY	4	YX16070T	1	0
STAB_CSY_PRIMARY	4	YX16070T	2	0
STAB_CSY_PRIMARY	4	YX16070T	3	0
STAB_CSY_PRIMARY	4	YX16070T	4	1
STAB_CSY_PRIMARY	4	YX16075T	1	0
STAB_CSY_PRIMARY	4	YX16075T	2	0.917602996254682
STAB_CSY_PRIMARY	4	YX16075T	3	0.0823970037453183
STAB_CSY_PRIMARY	4	YX16075T	4	0
STAB_CSY_PRIMARY	4	YX16079T	1	0
STAB_CSY_PRIMARY	4	YX16079T	2	0
STAB_CSY_PRIMARY	4	YX16079T	3	0
STAB_CSY_PRIMARY	4	YX16079T	4	1
STAB_CSY_PRIMARY	4	YX16087T	1	0
STAB_CSY_PRIMARY	4	YX16087T	2	0
STAB_CSY_PRIMARY	4	YX16087T	3	0
STAB_CSY_PRIMARY	4	YX16087T	4	1
STAB_CSY_PRIMARY	4	YX16094T	1	0
STAB_CSY_PRIMARY	4	YX16094T	2	0
STAB_CSY_PRIMARY	4	YX16094T	3	0
STAB_CSY_PRIMARY	4	YX16094T	4	1
STAB_CSY_PRIMARY	4	YX16172T	1	0
STAB_CSY_PRIMARY	4	YX16172T	2	0
STAB_CSY_PRIMARY	4	YX16172T	3	0
STAB_CSY_PRIMARY	4	YX16172T	4	1
STAB_CSY_PRIMARY	4	YX16295T	1	0
STAB_CSY_PRIMARY	4	YX16295T	2	0
STAB_CSY_PRIMARY	4	YX16295T	3	0
STAB_CSY_PRIMARY	4	YX16295T	4	1
STAB_CSY_PRIMARY	4	YX16327T	1	0
STAB_CSY_PRIMARY	4	YX16327T	2	0
STAB_CSY_PRIMARY	4	YX16327T	3	0
STAB_CSY_PRIMARY	4	YX16327T	4	1
STAB_CSY_PRIMARY	4	YX16335T	1	0.9975
STAB_CSY_PRIMARY	4	YX16335T	2	0
STAB_CSY_PRIMARY	4	YX16335T	3	0.0025
STAB_CSY_PRIMARY	4	YX16335T	4	0
STAB_CSY_PRIMARY	4	YX16341T	1	0
STAB_CSY_PRIMARY	4	YX16341T	2	0
STAB_CSY_PRIMARY	4	YX16341T	3	0
STAB_CSY_PRIMARY	4	YX16341T	4	1
STAB_CSY_PRIMARY	4	YX16343T	1	0.00255102040816327
STAB_CSY_PRIMARY	4	YX16343T	2	0.872448979591837
STAB_CSY_PRIMARY	4	YX16343T	3	0.125
STAB_CSY_PRIMARY	4	YX16343T	4	0
STAB_CSY_PRIMARY	4	YX16347T	1	0.698966408268734
STAB_CSY_PRIMARY	4	YX16347T	2	0.00258397932816537
STAB_CSY_PRIMARY	4	YX16347T	3	0.298449612403101
STAB_CSY_PRIMARY	4	YX16347T	4	0
STAB_CSY_PRIMARY	5	YX15261T	1	0.934177215189873
STAB_CSY_PRIMARY	5	YX15261T	2	0.0253164556962025
STAB_CSY_PRIMARY	5	YX15261T	3	0.0215189873417722
STAB_CSY_PRIMARY	5	YX15261T	4	0.0189873417721519
STAB_CSY_PRIMARY	5	YX15261T	5	0
STAB_CSY_PRIMARY	5	YX15263T	1	1
STAB_CSY_PRIMARY	5	YX15263T	2	0
STAB_CSY_PRIMARY	5	YX15263T	3	0
STAB_CSY_PRIMARY	5	YX15263T	4	0
STAB_CSY_PRIMARY	5	YX15263T	5	0
STAB_CSY_PRIMARY	5	YX15271T	1	0
STAB_CSY_PRIMARY	5	YX15271T	2	0.938902743142145
STAB_CSY_PRIMARY	5	YX15271T	3	0.00748129675810474
STAB_CSY_PRIMARY	5	YX15271T	4	0.0536159600997506
STAB_CSY_PRIMARY	5	YX15271T	5	0
STAB_CSY_PRIMARY	5	YX16036T	1	0
STAB_CSY_PRIMARY	5	YX16036T	2	0.907692307692308
STAB_CSY_PRIMARY	5	YX16036T	3	0.0294871794871795
STAB_CSY_PRIMARY	5	YX16036T	4	0.0628205128205128
STAB_CSY_PRIMARY	5	YX16036T	5	0
STAB_CSY_PRIMARY	5	YX16041T	1	0.91304347826087
STAB_CSY_PRIMARY	5	YX16041T	2	0.0127877237851662
STAB_CSY_PRIMARY	5	YX16041T	3	0.0575447570332481
STAB_CSY_PRIMARY	5	YX16041T	4	0.0166240409207161
STAB_CSY_PRIMARY	5	YX16041T	5	0
STAB_CSY_PRIMARY	5	YX16057T	1	0.422929936305733
STAB_CSY_PRIMARY	5	YX16057T	2	0.24203821656051
STAB_CSY_PRIMARY	5	YX16057T	3	0.256050955414013
STAB_CSY_PRIMARY	5	YX16057T	4	0.0789808917197452
STAB_CSY_PRIMARY	5	YX16057T	5	0
STAB_CSY_PRIMARY	5	YX16062T	1	1
STAB_CSY_PRIMARY	5	YX16062T	2	0
STAB_CSY_PRIMARY	5	YX16062T	3	0
STAB_CSY_PRIMARY	5	YX16062T	4	0
STAB_CSY_PRIMARY	5	YX16062T	5	0
STAB_CSY_PRIMARY	5	YX16112T	1	0.453865336658354
STAB_CSY_PRIMARY	5	YX16112T	2	0.167082294264339
STAB_CSY_PRIMARY	5	YX16112T	3	0.229426433915212
STAB_CSY_PRIMARY	5	YX16112T	4	0.149625935162095
STAB_CSY_PRIMARY	5	YX16112T	5	0
STAB_CSY_PRIMARY	5	YX16113T	1	0.0404040404040404
STAB_CSY_PRIMARY	5	YX16113T	2	0.426767676767677
STAB_CSY_PRIMARY	5	YX16113T	3	0.11489898989899
STAB_CSY_PRIMARY	5	YX16113T	4	0.417929292929293
STAB_CSY_PRIMARY	5	YX16113T	5	0
STAB_CSY_PRIMARY	5	YX16119T	1	0.90375
STAB_CSY_PRIMARY	5	YX16119T	2	0.00875
STAB_CSY_PRIMARY	5	YX16119T	3	0.06875
STAB_CSY_PRIMARY	5	YX16119T	4	0.01875
STAB_CSY_PRIMARY	5	YX16119T	5	0
STAB_CSY_PRIMARY	5	YX16120T	1	0.997452229299363
STAB_CSY_PRIMARY	5	YX16120T	2	0
STAB_CSY_PRIMARY	5	YX16120T	3	0.00254777070063694
STAB_CSY_PRIMARY	5	YX16120T	4	0
STAB_CSY_PRIMARY	5	YX16120T	5	0
STAB_CSY_PRIMARY	5	YX16127T	1	0.99746192893401
STAB_CSY_PRIMARY	5	YX16127T	2	0
STAB_CSY_PRIMARY	5	YX16127T	3	0.00126903553299492
STAB_CSY_PRIMARY	5	YX16127T	4	0.00126903553299492
STAB_CSY_PRIMARY	5	YX16127T	5	0
STAB_CSY_PRIMARY	5	YX16128T	1	0.273869346733668
STAB_CSY_PRIMARY	5	YX16128T	2	0.236180904522613
STAB_CSY_PRIMARY	5	YX16128T	3	0.309045226130653
STAB_CSY_PRIMARY	5	YX16128T	4	0.180904522613065
STAB_CSY_PRIMARY	5	YX16128T	5	0
STAB_CSY_PRIMARY	5	YX16130T	1	0
STAB_CSY_PRIMARY	5	YX16130T	2	0.920454545454545
STAB_CSY_PRIMARY	5	YX16130T	3	0.0391414141414141
STAB_CSY_PRIMARY	5	YX16130T	4	0.0404040404040404
STAB_CSY_PRIMARY	5	YX16130T	5	0
STAB_CSY_PRIMARY	5	YX16132T	1	0.052896725440806
STAB_CSY_PRIMARY	5	YX16132T	2	0.387909319899244
STAB_CSY_PRIMARY	5	YX16132T	3	0.0491183879093199
STAB_CSY_PRIMARY	5	YX16132T	4	0.51007556675063
STAB_CSY_PRIMARY	5	YX16132T	5	0
STAB_CSY_PRIMARY	5	YX16135T	1	0
STAB_CSY_PRIMARY	5	YX16135T	2	0.943820224719101
STAB_CSY_PRIMARY	5	YX16135T	3	0.00749063670411985
STAB_CSY_PRIMARY	5	YX16135T	4	0.048689138576779
STAB_CSY_PRIMARY	5	YX16135T	5	0
STAB_CSY_PRIMARY	5	YX16139T	1	0.987341772151899
STAB_CSY_PRIMARY	5	YX16139T	2	0
STAB_CSY_PRIMARY	5	YX16139T	3	0.00506329113924051
STAB_CSY_PRIMARY	5	YX16139T	4	0.00759493670886076
STAB_CSY_PRIMARY	5	YX16139T	5	0
STAB_CSY_PRIMARY	5	YX16141T	1	0
STAB_CSY_PRIMARY	5	YX16141T	2	0.657216494845361
STAB_CSY_PRIMARY	5	YX16141T	3	0.0373711340206186
STAB_CSY_PRIMARY	5	YX16141T	4	0.305412371134021
STAB_CSY_PRIMARY	5	YX16141T	5	0
STAB_CSY_PRIMARY	5	YX16144T	1	0.00128205128205128
STAB_CSY_PRIMARY	5	YX16144T	2	0.380769230769231
STAB_CSY_PRIMARY	5	YX16144T	3	0.0512820512820513
STAB_CSY_PRIMARY	5	YX16144T	4	0.566666666666667
STAB_CSY_PRIMARY	5	YX16144T	5	0
STAB_CSY_PRIMARY	5	YX16147T	1	0.168329177057357
STAB_CSY_PRIMARY	5	YX16147T	2	0.251870324189526
STAB_CSY_PRIMARY	5	YX16147T	3	0.293017456359102
STAB_CSY_PRIMARY	5	YX16147T	4	0.286783042394015
STAB_CSY_PRIMARY	5	YX16147T	5	0
STAB_CSY_PRIMARY	5	YX16153T	1	0.974779319041614
STAB_CSY_PRIMARY	5	YX16153T	2	0.00378310214375788
STAB_CSY_PRIMARY	5	YX16153T	3	0.0201765447667087
STAB_CSY_PRIMARY	5	YX16153T	4	0.00126103404791929
STAB_CSY_PRIMARY	5	YX16153T	5	0
STAB_CSY_PRIMARY	5	YX16155T	1	0.0858585858585859
STAB_CSY_PRIMARY	5	YX16155T	2	0.762626262626263
STAB_CSY_PRIMARY	5	YX16155T	3	0.0669191919191919
STAB_CSY_PRIMARY	5	YX16155T	4	0.0845959595959596
STAB_CSY_PRIMARY	5	YX16155T	5	0
STAB_CSY_PRIMARY	5	YX16158T	1	0
STAB_CSY_PRIMARY	5	YX16158T	2	0.220715166461159
STAB_CSY_PRIMARY	5	YX16158T	3	0.0419235511713933
STAB_CSY_PRIMARY	5	YX16158T	4	0.689272503082614
STAB_CSY_PRIMARY	5	YX16158T	5	0.0480887792848335
STAB_CSY_PRIMARY	5	YX16159T	1	0
STAB_CSY_PRIMARY	5	YX16159T	2	0.956354300385109
STAB_CSY_PRIMARY	5	YX16159T	3	0.00128369704749679
STAB_CSY_PRIMARY	5	YX16159T	4	0.0423620025673941
STAB_CSY_PRIMARY	5	YX16159T	5	0
STAB_CSY_PRIMARY	5	YX16160T	1	0
STAB_CSY_PRIMARY	5	YX16160T	2	0
STAB_CSY_PRIMARY	5	YX16160T	3	0.00127226463104326
STAB_CSY_PRIMARY	5	YX16160T	4	0.0178117048346056
STAB_CSY_PRIMARY	5	YX16160T	5	0.980916030534351
STAB_CSY_PRIMARY	5	YX16161T	1	0
STAB_CSY_PRIMARY	5	YX16161T	2	0.938722294654498
STAB_CSY_PRIMARY	5	YX16161T	3	0.00521512385919166
STAB_CSY_PRIMARY	5	YX16161T	4	0.0560625814863103
STAB_CSY_PRIMARY	5	YX16161T	5	0
STAB_CSY_PRIMARY	5	YX16166T	1	0.995121951219512
STAB_CSY_PRIMARY	5	YX16166T	2	0
STAB_CSY_PRIMARY	5	YX16166T	3	0.0048780487804878
STAB_CSY_PRIMARY	5	YX16166T	4	0
STAB_CSY_PRIMARY	5	YX16166T	5	0
STAB_CSY_PRIMARY	5	YX16177T	1	0.988535031847134
STAB_CSY_PRIMARY	5	YX16177T	2	0.00127388535031847
STAB_CSY_PRIMARY	5	YX16177T	3	0.0101910828025478
STAB_CSY_PRIMARY	5	YX16177T	4	0
STAB_CSY_PRIMARY	5	YX16177T	5	0
STAB_CSY_PRIMARY	5	YX16178T	1	0.989821882951654
STAB_CSY_PRIMARY	5	YX16178T	2	0
STAB_CSY_PRIMARY	5	YX16178T	3	0.00636132315521628
STAB_CSY_PRIMARY	5	YX16178T	4	0.00381679389312977
STAB_CSY_PRIMARY	5	YX16178T	5	0
STAB_CSY_PRIMARY	5	YX16180T	1	0
STAB_CSY_PRIMARY	5	YX16180T	2	0.923969072164949
STAB_CSY_PRIMARY	5	YX16180T	3	0.0103092783505155
STAB_CSY_PRIMARY	5	YX16180T	4	0.0657216494845361
STAB_CSY_PRIMARY	5	YX16180T	5	0
STAB_CSY_PRIMARY	5	YX16185T	1	0.652618135376756
STAB_CSY_PRIMARY	5	YX16185T	2	0.00255427841634738
STAB_CSY_PRIMARY	5	YX16185T	3	0.226053639846743
STAB_CSY_PRIMARY	5	YX16185T	4	0.118773946360153
STAB_CSY_PRIMARY	5	YX16185T	5	0
STAB_CSY_PRIMARY	5	YX16188T	1	0
STAB_CSY_PRIMARY	5	YX16188T	2	0.0932642487046632
STAB_CSY_PRIMARY	5	YX16188T	3	0.0284974093264249
STAB_CSY_PRIMARY	5	YX16188T	4	0.69300518134715
STAB_CSY_PRIMARY	5	YX16188T	5	0.185233160621762
STAB_CSY_PRIMARY	5	YX16194T	1	0
STAB_CSY_PRIMARY	5	YX16194T	2	0.967213114754098
STAB_CSY_PRIMARY	5	YX16194T	3	0.00378310214375788
STAB_CSY_PRIMARY	5	YX16194T	4	0.0290037831021438
STAB_CSY_PRIMARY	5	YX16194T	5	0
STAB_CSY_PRIMARY	5	YX16202T	1	0
STAB_CSY_PRIMARY	5	YX16202T	2	0
STAB_CSY_PRIMARY	5	YX16202T	3	0.00253807106598985
STAB_CSY_PRIMARY	5	YX16202T	4	0.0253807106598985
STAB_CSY_PRIMARY	5	YX16202T	5	0.972081218274112
STAB_CSY_PRIMARY	5	YX16203T	1	0.0271668822768435
STAB_CSY_PRIMARY	5	YX16203T	2	0.816300129366106
STAB_CSY_PRIMARY	5	YX16203T	3	0.0478654592496766
STAB_CSY_PRIMARY	5	YX16203T	4	0.108667529107374
STAB_CSY_PRIMARY	5	YX16203T	5	0
STAB_CSY_PRIMARY	5	YX16207T	1	0
STAB_CSY_PRIMARY	5	YX16207T	2	0.942428035043805
STAB_CSY_PRIMARY	5	YX16207T	3	0.0112640801001252
STAB_CSY_PRIMARY	5	YX16207T	4	0.0463078848560701
STAB_CSY_PRIMARY	5	YX16207T	5	0
STAB_CSY_PRIMARY	5	YX16218T	1	0.238693467336683
STAB_CSY_PRIMARY	5	YX16218T	2	0.693467336683417
STAB_CSY_PRIMARY	5	YX16218T	3	0.0414572864321608
STAB_CSY_PRIMARY	5	YX16218T	4	0.0263819095477387
STAB_CSY_PRIMARY	5	YX16218T	5	0
STAB_CSY_PRIMARY	5	YX16222T	1	0.86425902864259
STAB_CSY_PRIMARY	5	YX16222T	2	0.0348692403486924
STAB_CSY_PRIMARY	5	YX16222T	3	0.0734744707347447
STAB_CSY_PRIMARY	5	YX16222T	4	0.0273972602739726
STAB_CSY_PRIMARY	5	YX16222T	5	0
STAB_CSY_PRIMARY	5	YX16224T	1	0.187096774193548
STAB_CSY_PRIMARY	5	YX16224T	2	0.59741935483871
STAB_CSY_PRIMARY	5	YX16224T	3	0.145806451612903
STAB_CSY_PRIMARY	5	YX16224T	4	0.0696774193548387
STAB_CSY_PRIMARY	5	YX16224T	5	0
STAB_CSY_PRIMARY	5	YX16227T	1	0.944792973651192
STAB_CSY_PRIMARY	5	YX16227T	2	0.00878293601003764
STAB_CSY_PRIMARY	5	YX16227T	3	0.0388958594730238
STAB_CSY_PRIMARY	5	YX16227T	4	0.00752823086574655
STAB_CSY_PRIMARY	5	YX16227T	5	0
STAB_CSY_PRIMARY	5	YX16236T	1	0.912060301507538
STAB_CSY_PRIMARY	5	YX16236T	2	0.0389447236180905
STAB_CSY_PRIMARY	5	YX16236T	3	0.028894472361809
STAB_CSY_PRIMARY	5	YX16236T	4	0.0201005025125628
STAB_CSY_PRIMARY	5	YX16236T	5	0
STAB_CSY_PRIMARY	5	YX15047T	1	0
STAB_CSY_PRIMARY	5	YX15047T	2	0
STAB_CSY_PRIMARY	5	YX15047T	3	0.0561941251596424
STAB_CSY_PRIMARY	5	YX15047T	4	0.0357598978288633
STAB_CSY_PRIMARY	5	YX15047T	5	0.908045977011494
STAB_CSY_PRIMARY	5	YX15106T	1	0
STAB_CSY_PRIMARY	5	YX15106T	2	0
STAB_CSY_PRIMARY	5	YX15106T	3	0
STAB_CSY_PRIMARY	5	YX15106T	4	0
STAB_CSY_PRIMARY	5	YX15106T	5	1
STAB_CSY_PRIMARY	5	YX15166T	1	0
STAB_CSY_PRIMARY	5	YX15166T	2	0
STAB_CSY_PRIMARY	5	YX15166T	3	0
STAB_CSY_PRIMARY	5	YX15166T	4	0
STAB_CSY_PRIMARY	5	YX15166T	5	1
STAB_CSY_PRIMARY	5	YX15187T	1	0
STAB_CSY_PRIMARY	5	YX15187T	2	0
STAB_CSY_PRIMARY	5	YX15187T	3	0
STAB_CSY_PRIMARY	5	YX15187T	4	0
STAB_CSY_PRIMARY	5	YX15187T	5	1
STAB_CSY_PRIMARY	5	YX15211T	1	0
STAB_CSY_PRIMARY	5	YX15211T	2	0.548306148055207
STAB_CSY_PRIMARY	5	YX15211T	3	0.096612296110414
STAB_CSY_PRIMARY	5	YX15211T	4	0.355081555834379
STAB_CSY_PRIMARY	5	YX15211T	5	0
STAB_CSY_PRIMARY	5	YX15214T	1	0
STAB_CSY_PRIMARY	5	YX15214T	2	0
STAB_CSY_PRIMARY	5	YX15214T	3	0
STAB_CSY_PRIMARY	5	YX15214T	4	0
STAB_CSY_PRIMARY	5	YX15214T	5	1
STAB_CSY_PRIMARY	5	YX16009T	1	0.00127877237851662
STAB_CSY_PRIMARY	5	YX16009T	2	0.300511508951407
STAB_CSY_PRIMARY	5	YX16009T	3	0.0230179028132992
STAB_CSY_PRIMARY	5	YX16009T	4	0.666240409207161
STAB_CSY_PRIMARY	5	YX16009T	5	0.00895140664961637
STAB_CSY_PRIMARY	5	YX16011T	1	0
STAB_CSY_PRIMARY	5	YX16011T	2	0
STAB_CSY_PRIMARY	5	YX16011T	3	0
STAB_CSY_PRIMARY	5	YX16011T	4	0
STAB_CSY_PRIMARY	5	YX16011T	5	1
STAB_CSY_PRIMARY	5	YX16068T	1	0
STAB_CSY_PRIMARY	5	YX16068T	2	0
STAB_CSY_PRIMARY	5	YX16068T	3	0
STAB_CSY_PRIMARY	5	YX16068T	4	0
STAB_CSY_PRIMARY	5	YX16068T	5	1
STAB_CSY_PRIMARY	5	YX16070T	1	0
STAB_CSY_PRIMARY	5	YX16070T	2	0
STAB_CSY_PRIMARY	5	YX16070T	3	0
STAB_CSY_PRIMARY	5	YX16070T	4	0
STAB_CSY_PRIMARY	5	YX16070T	5	1
STAB_CSY_PRIMARY	5	YX16075T	1	0
STAB_CSY_PRIMARY	5	YX16075T	2	0.750312109862672
STAB_CSY_PRIMARY	5	YX16075T	3	0.0137328339575531
STAB_CSY_PRIMARY	5	YX16075T	4	0.235955056179775
STAB_CSY_PRIMARY	5	YX16075T	5	0
STAB_CSY_PRIMARY	5	YX16079T	1	0
STAB_CSY_PRIMARY	5	YX16079T	2	0
STAB_CSY_PRIMARY	5	YX16079T	3	0
STAB_CSY_PRIMARY	5	YX16079T	4	0
STAB_CSY_PRIMARY	5	YX16079T	5	1
STAB_CSY_PRIMARY	5	YX16087T	1	0
STAB_CSY_PRIMARY	5	YX16087T	2	0
STAB_CSY_PRIMARY	5	YX16087T	3	0
STAB_CSY_PRIMARY	5	YX16087T	4	0
STAB_CSY_PRIMARY	5	YX16087T	5	1
STAB_CSY_PRIMARY	5	YX16094T	1	0
STAB_CSY_PRIMARY	5	YX16094T	2	0
STAB_CSY_PRIMARY	5	YX16094T	3	0
STAB_CSY_PRIMARY	5	YX16094T	4	0
STAB_CSY_PRIMARY	5	YX16094T	5	1
STAB_CSY_PRIMARY	5	YX16172T	1	0
STAB_CSY_PRIMARY	5	YX16172T	2	0
STAB_CSY_PRIMARY	5	YX16172T	3	0
STAB_CSY_PRIMARY	5	YX16172T	4	0
STAB_CSY_PRIMARY	5	YX16172T	5	1
STAB_CSY_PRIMARY	5	YX16295T	1	0
STAB_CSY_PRIMARY	5	YX16295T	2	0
STAB_CSY_PRIMARY	5	YX16295T	3	0
STAB_CSY_PRIMARY	5	YX16295T	4	0
STAB_CSY_PRIMARY	5	YX16295T	5	1
STAB_CSY_PRIMARY	5	YX16327T	1	0
STAB_CSY_PRIMARY	5	YX16327T	2	0
STAB_CSY_PRIMARY	5	YX16327T	3	0
STAB_CSY_PRIMARY	5	YX16327T	4	0
STAB_CSY_PRIMARY	5	YX16327T	5	1
STAB_CSY_PRIMARY	5	YX16335T	1	0.99625
STAB_CSY_PRIMARY	5	YX16335T	2	0
STAB_CSY_PRIMARY	5	YX16335T	3	0.00375
STAB_CSY_PRIMARY	5	YX16335T	4	0
STAB_CSY_PRIMARY	5	YX16335T	5	0
STAB_CSY_PRIMARY	5	YX16341T	1	0
STAB_CSY_PRIMARY	5	YX16341T	2	0
STAB_CSY_PRIMARY	5	YX16341T	3	0
STAB_CSY_PRIMARY	5	YX16341T	4	0
STAB_CSY_PRIMARY	5	YX16341T	5	1
STAB_CSY_PRIMARY	5	YX16343T	1	0
STAB_CSY_PRIMARY	5	YX16343T	2	0.862244897959184
STAB_CSY_PRIMARY	5	YX16343T	3	0.0497448979591837
STAB_CSY_PRIMARY	5	YX16343T	4	0.0880102040816327
STAB_CSY_PRIMARY	5	YX16343T	5	0
STAB_CSY_PRIMARY	5	YX16347T	1	0.386304909560723
STAB_CSY_PRIMARY	5	YX16347T	2	0.00129198966408269
STAB_CSY_PRIMARY	5	YX16347T	3	0.534883720930233
STAB_CSY_PRIMARY	5	YX16347T	4	0.0775193798449612
STAB_CSY_PRIMARY	5	YX16347T	5	0
STAB_CSY_PRIMARY	6	YX15261T	1	0.924050632911392
STAB_CSY_PRIMARY	6	YX15261T	2	0.0126582278481013
STAB_CSY_PRIMARY	6	YX15261T	3	0.0151898734177215
STAB_CSY_PRIMARY	6	YX15261T	4	0.00632911392405063
STAB_CSY_PRIMARY	6	YX15261T	5	0
STAB_CSY_PRIMARY	6	YX15261T	6	0.0417721518987342
STAB_CSY_PRIMARY	6	YX15263T	1	0.997445721583653
STAB_CSY_PRIMARY	6	YX15263T	2	0
STAB_CSY_PRIMARY	6	YX15263T	3	0
STAB_CSY_PRIMARY	6	YX15263T	4	0
STAB_CSY_PRIMARY	6	YX15263T	5	0
STAB_CSY_PRIMARY	6	YX15263T	6	0.00255427841634738
STAB_CSY_PRIMARY	6	YX15271T	1	0
STAB_CSY_PRIMARY	6	YX15271T	2	0.948877805486284
STAB_CSY_PRIMARY	6	YX15271T	3	0.013715710723192
STAB_CSY_PRIMARY	6	YX15271T	4	0.0374064837905237
STAB_CSY_PRIMARY	6	YX15271T	5	0
STAB_CSY_PRIMARY	6	YX15271T	6	0
STAB_CSY_PRIMARY	6	YX16036T	1	0
STAB_CSY_PRIMARY	6	YX16036T	2	0.871794871794872
STAB_CSY_PRIMARY	6	YX16036T	3	0.0269230769230769
STAB_CSY_PRIMARY	6	YX16036T	4	0.0525641025641026
STAB_CSY_PRIMARY	6	YX16036T	5	0
STAB_CSY_PRIMARY	6	YX16036T	6	0.0487179487179487
STAB_CSY_PRIMARY	6	YX16041T	1	0.860613810741688
STAB_CSY_PRIMARY	6	YX16041T	2	0.0115089514066496
STAB_CSY_PRIMARY	6	YX16041T	3	0.0805626598465473
STAB_CSY_PRIMARY	6	YX16041T	4	0.00383631713554987
STAB_CSY_PRIMARY	6	YX16041T	5	0
STAB_CSY_PRIMARY	6	YX16041T	6	0.0434782608695652
STAB_CSY_PRIMARY	6	YX16057T	1	0.307006369426752
STAB_CSY_PRIMARY	6	YX16057T	2	0.185987261146497
STAB_CSY_PRIMARY	6	YX16057T	3	0.473885350318471
STAB_CSY_PRIMARY	6	YX16057T	4	0.0292993630573248
STAB_CSY_PRIMARY	6	YX16057T	5	0
STAB_CSY_PRIMARY	6	YX16057T	6	0.00382165605095541
STAB_CSY_PRIMARY	6	YX16062T	1	0.996273291925466
STAB_CSY_PRIMARY	6	YX16062T	2	0
STAB_CSY_PRIMARY	6	YX16062T	3	0
STAB_CSY_PRIMARY	6	YX16062T	4	0
STAB_CSY_PRIMARY	6	YX16062T	5	0
STAB_CSY_PRIMARY	6	YX16062T	6	0.00372670807453416
STAB_CSY_PRIMARY	6	YX16112T	1	0.34788029925187
STAB_CSY_PRIMARY	6	YX16112T	2	0.13216957605985
STAB_CSY_PRIMARY	6	YX16112T	3	0.428927680798005
STAB_CSY_PRIMARY	6	YX16112T	4	0.0773067331670823
STAB_CSY_PRIMARY	6	YX16112T	5	0
STAB_CSY_PRIMARY	6	YX16112T	6	0.013715710723192
STAB_CSY_PRIMARY	6	YX16113T	1	0.0164141414141414
STAB_CSY_PRIMARY	6	YX16113T	2	0.285353535353535
STAB_CSY_PRIMARY	6	YX16113T	3	0.113636363636364
STAB_CSY_PRIMARY	6	YX16113T	4	0.473484848484849
STAB_CSY_PRIMARY	6	YX16113T	5	0
STAB_CSY_PRIMARY	6	YX16113T	6	0.111111111111111
STAB_CSY_PRIMARY	6	YX16119T	1	0.8425
STAB_CSY_PRIMARY	6	YX16119T	2	0.00625
STAB_CSY_PRIMARY	6	YX16119T	3	0.06
STAB_CSY_PRIMARY	6	YX16119T	4	0.00375
STAB_CSY_PRIMARY	6	YX16119T	5	0
STAB_CSY_PRIMARY	6	YX16119T	6	0.0875
STAB_CSY_PRIMARY	6	YX16120T	1	0.991082802547771
STAB_CSY_PRIMARY	6	YX16120T	2	0
STAB_CSY_PRIMARY	6	YX16120T	3	0.00382165605095541
STAB_CSY_PRIMARY	6	YX16120T	4	0
STAB_CSY_PRIMARY	6	YX16120T	5	0
STAB_CSY_PRIMARY	6	YX16120T	6	0.00509554140127389
STAB_CSY_PRIMARY	6	YX16127T	1	0.99746192893401
STAB_CSY_PRIMARY	6	YX16127T	2	0
STAB_CSY_PRIMARY	6	YX16127T	3	0.00126903553299492
STAB_CSY_PRIMARY	6	YX16127T	4	0
STAB_CSY_PRIMARY	6	YX16127T	5	0
STAB_CSY_PRIMARY	6	YX16127T	6	0.00126903553299492
STAB_CSY_PRIMARY	6	YX16128T	1	0.14070351758794
STAB_CSY_PRIMARY	6	YX16128T	2	0.174623115577889
STAB_CSY_PRIMARY	6	YX16128T	3	0.582914572864322
STAB_CSY_PRIMARY	6	YX16128T	4	0.101758793969849
STAB_CSY_PRIMARY	6	YX16128T	5	0
STAB_CSY_PRIMARY	6	YX16128T	6	0
STAB_CSY_PRIMARY	6	YX16130T	1	0
STAB_CSY_PRIMARY	6	YX16130T	2	0.883838383838384
STAB_CSY_PRIMARY	6	YX16130T	3	0.0328282828282828
STAB_CSY_PRIMARY	6	YX16130T	4	0.0315656565656566
STAB_CSY_PRIMARY	6	YX16130T	5	0
STAB_CSY_PRIMARY	6	YX16130T	6	0.0517676767676768
STAB_CSY_PRIMARY	6	YX16132T	1	0.026448362720403
STAB_CSY_PRIMARY	6	YX16132T	2	0.27455919395466
STAB_CSY_PRIMARY	6	YX16132T	3	0.129722921914358
STAB_CSY_PRIMARY	6	YX16132T	4	0.564231738035264
STAB_CSY_PRIMARY	6	YX16132T	5	0
STAB_CSY_PRIMARY	6	YX16132T	6	0.00503778337531486
STAB_CSY_PRIMARY	6	YX16135T	1	0
STAB_CSY_PRIMARY	6	YX16135T	2	0.955056179775281
STAB_CSY_PRIMARY	6	YX16135T	3	0.0124843945068664
STAB_CSY_PRIMARY	6	YX16135T	4	0.0324594257178527
STAB_CSY_PRIMARY	6	YX16135T	5	0
STAB_CSY_PRIMARY	6	YX16135T	6	0
STAB_CSY_PRIMARY	6	YX16139T	1	0.965822784810127
STAB_CSY_PRIMARY	6	YX16139T	2	0
STAB_CSY_PRIMARY	6	YX16139T	3	0.00759493670886076
STAB_CSY_PRIMARY	6	YX16139T	4	0.00126582278481013
STAB_CSY_PRIMARY	6	YX16139T	5	0
STAB_CSY_PRIMARY	6	YX16139T	6	0.0253164556962025
STAB_CSY_PRIMARY	6	YX16141T	1	0
STAB_CSY_PRIMARY	6	YX16141T	2	0.512886597938144
STAB_CSY_PRIMARY	6	YX16141T	3	0.0347938144329897
STAB_CSY_PRIMARY	6	YX16141T	4	0.395618556701031
STAB_CSY_PRIMARY	6	YX16141T	5	0
STAB_CSY_PRIMARY	6	YX16141T	6	0.056701030927835
STAB_CSY_PRIMARY	6	YX16144T	1	0
STAB_CSY_PRIMARY	6	YX16144T	2	0.280769230769231
STAB_CSY_PRIMARY	6	YX16144T	3	0.119230769230769
STAB_CSY_PRIMARY	6	YX16144T	4	0.580769230769231
STAB_CSY_PRIMARY	6	YX16144T	5	0
STAB_CSY_PRIMARY	6	YX16144T	6	0.0192307692307692
STAB_CSY_PRIMARY	6	YX16147T	1	0.0673316708229426
STAB_CSY_PRIMARY	6	YX16147T	2	0.174563591022444
STAB_CSY_PRIMARY	6	YX16147T	3	0.554862842892768
STAB_CSY_PRIMARY	6	YX16147T	4	0.201995012468828
STAB_CSY_PRIMARY	6	YX16147T	5	0
STAB_CSY_PRIMARY	6	YX16147T	6	0.00124688279301746
STAB_CSY_PRIMARY	6	YX16153T	1	0.936948297604035
STAB_CSY_PRIMARY	6	YX16153T	2	0.00378310214375788
STAB_CSY_PRIMARY	6	YX16153T	3	0.0554854981084489
STAB_CSY_PRIMARY	6	YX16153T	4	0
STAB_CSY_PRIMARY	6	YX16153T	5	0
STAB_CSY_PRIMARY	6	YX16153T	6	0.00378310214375788
STAB_CSY_PRIMARY	6	YX16155T	1	0.0808080808080808
STAB_CSY_PRIMARY	6	YX16155T	2	0.705808080808081
STAB_CSY_PRIMARY	6	YX16155T	3	0.053030303030303
STAB_CSY_PRIMARY	6	YX16155T	4	0.0681818181818182
STAB_CSY_PRIMARY	6	YX16155T	5	0
STAB_CSY_PRIMARY	6	YX16155T	6	0.0921717171717172
STAB_CSY_PRIMARY	6	YX16158T	1	0
STAB_CSY_PRIMARY	6	YX16158T	2	0.130702836004932
STAB_CSY_PRIMARY	6	YX16158T	3	0.101109741060419
STAB_CSY_PRIMARY	6	YX16158T	4	0.711467324290999
STAB_CSY_PRIMARY	6	YX16158T	5	0.0271270036991369
STAB_CSY_PRIMARY	6	YX16158T	6	0.029593094944513
STAB_CSY_PRIMARY	6	YX16159T	1	0
STAB_CSY_PRIMARY	6	YX16159T	2	0.962772785622593
STAB_CSY_PRIMARY	6	YX16159T	3	0.00385109114249037
STAB_CSY_PRIMARY	6	YX16159T	4	0.0333761232349166
STAB_CSY_PRIMARY	6	YX16159T	5	0
STAB_CSY_PRIMARY	6	YX16159T	6	0
STAB_CSY_PRIMARY	6	YX16160T	1	0
STAB_CSY_PRIMARY	6	YX16160T	2	0
STAB_CSY_PRIMARY	6	YX16160T	3	0.00763358778625954
STAB_CSY_PRIMARY	6	YX16160T	4	0.0241730279898219
STAB_CSY_PRIMARY	6	YX16160T	5	0.964376590330789
STAB_CSY_PRIMARY	6	YX16160T	6	0.00381679389312977
STAB_CSY_PRIMARY	6	YX16161T	1	0
STAB_CSY_PRIMARY	6	YX16161T	2	0.945241199478488
STAB_CSY_PRIMARY	6	YX16161T	3	0.0104302477183833
STAB_CSY_PRIMARY	6	YX16161T	4	0.0443285528031291
STAB_CSY_PRIMARY	6	YX16161T	5	0
STAB_CSY_PRIMARY	6	YX16161T	6	0
STAB_CSY_PRIMARY	6	YX16166T	1	0.985365853658537
STAB_CSY_PRIMARY	6	YX16166T	2	0
STAB_CSY_PRIMARY	6	YX16166T	3	0.00609756097560976
STAB_CSY_PRIMARY	6	YX16166T	4	0
STAB_CSY_PRIMARY	6	YX16166T	5	0
STAB_CSY_PRIMARY	6	YX16166T	6	0.00853658536585366
STAB_CSY_PRIMARY	6	YX16177T	1	0.980891719745223
STAB_CSY_PRIMARY	6	YX16177T	2	0.00127388535031847
STAB_CSY_PRIMARY	6	YX16177T	3	0.0127388535031847
STAB_CSY_PRIMARY	6	YX16177T	4	0
STAB_CSY_PRIMARY	6	YX16177T	5	0
STAB_CSY_PRIMARY	6	YX16177T	6	0.00509554140127389
STAB_CSY_PRIMARY	6	YX16178T	1	0.984732824427481
STAB_CSY_PRIMARY	6	YX16178T	2	0
STAB_CSY_PRIMARY	6	YX16178T	3	0.00254452926208651
STAB_CSY_PRIMARY	6	YX16178T	4	0.00127226463104326
STAB_CSY_PRIMARY	6	YX16178T	5	0
STAB_CSY_PRIMARY	6	YX16178T	6	0.0114503816793893
STAB_CSY_PRIMARY	6	YX16180T	1	0
STAB_CSY_PRIMARY	6	YX16180T	2	0.934278350515464
STAB_CSY_PRIMARY	6	YX16180T	3	0.0167525773195876
STAB_CSY_PRIMARY	6	YX16180T	4	0.0489690721649485
STAB_CSY_PRIMARY	6	YX16180T	5	0
STAB_CSY_PRIMARY	6	YX16180T	6	0
STAB_CSY_PRIMARY	6	YX16185T	1	0.480204342273308
STAB_CSY_PRIMARY	6	YX16185T	2	0.00255427841634738
STAB_CSY_PRIMARY	6	YX16185T	3	0.269476372924649
STAB_CSY_PRIMARY	6	YX16185T	4	0.0676883780332056
STAB_CSY_PRIMARY	6	YX16185T	5	0
STAB_CSY_PRIMARY	6	YX16185T	6	0.18007662835249
STAB_CSY_PRIMARY	6	YX16188T	1	0
STAB_CSY_PRIMARY	6	YX16188T	2	0.0233160621761658
STAB_CSY_PRIMARY	6	YX16188T	3	0.0647668393782383
STAB_CSY_PRIMARY	6	YX16188T	4	0.711139896373057
STAB_CSY_PRIMARY	6	YX16188T	5	0.172279792746114
STAB_CSY_PRIMARY	6	YX16188T	6	0.0284974093264249
STAB_CSY_PRIMARY	6	YX16194T	1	0
STAB_CSY_PRIMARY	6	YX16194T	2	0.957124842370744
STAB_CSY_PRIMARY	6	YX16194T	3	0.00882723833543506
STAB_CSY_PRIMARY	6	YX16194T	4	0.0252206809583859
STAB_CSY_PRIMARY	6	YX16194T	5	0
STAB_CSY_PRIMARY	6	YX16194T	6	0.00882723833543506
STAB_CSY_PRIMARY	6	YX16202T	1	0
STAB_CSY_PRIMARY	6	YX16202T	2	0
STAB_CSY_PRIMARY	6	YX16202T	3	0.00634517766497462
STAB_CSY_PRIMARY	6	YX16202T	4	0.0393401015228426
STAB_CSY_PRIMARY	6	YX16202T	5	0.951776649746193
STAB_CSY_PRIMARY	6	YX16202T	6	0.00253807106598985
STAB_CSY_PRIMARY	6	YX16203T	1	0.0129366106080207
STAB_CSY_PRIMARY	6	YX16203T	2	0.807244501940492
STAB_CSY_PRIMARY	6	YX16203T	3	0.0724450194049159
STAB_CSY_PRIMARY	6	YX16203T	4	0.0970245795601552
STAB_CSY_PRIMARY	6	YX16203T	5	0
STAB_CSY_PRIMARY	6	YX16203T	6	0.0103492884864166
STAB_CSY_PRIMARY	6	YX16207T	1	0
STAB_CSY_PRIMARY	6	YX16207T	2	0.95244055068836
STAB_CSY_PRIMARY	6	YX16207T	3	0.0200250312891114
STAB_CSY_PRIMARY	6	YX16207T	4	0.0275344180225282
STAB_CSY_PRIMARY	6	YX16207T	5	0
STAB_CSY_PRIMARY	6	YX16207T	6	0
STAB_CSY_PRIMARY	6	YX16218T	1	0.209798994974874
STAB_CSY_PRIMARY	6	YX16218T	2	0.690954773869347
STAB_CSY_PRIMARY	6	YX16218T	3	0.0841708542713568
STAB_CSY_PRIMARY	6	YX16218T	4	0.0125628140703518
STAB_CSY_PRIMARY	6	YX16218T	5	0
STAB_CSY_PRIMARY	6	YX16218T	6	0.00251256281407035
STAB_CSY_PRIMARY	6	YX16222T	1	0.798256537982565
STAB_CSY_PRIMARY	6	YX16222T	2	0.024906600249066
STAB_CSY_PRIMARY	6	YX16222T	3	0.163138231631382
STAB_CSY_PRIMARY	6	YX16222T	4	0.0062266500622665
STAB_CSY_PRIMARY	6	YX16222T	5	0
STAB_CSY_PRIMARY	6	YX16222T	6	0.0074719800747198
STAB_CSY_PRIMARY	6	YX16224T	1	0.12258064516129
STAB_CSY_PRIMARY	6	YX16224T	2	0.587096774193548
STAB_CSY_PRIMARY	6	YX16224T	3	0.261935483870968
STAB_CSY_PRIMARY	6	YX16224T	4	0.0245161290322581
STAB_CSY_PRIMARY	6	YX16224T	5	0
STAB_CSY_PRIMARY	6	YX16224T	6	0.00387096774193548
STAB_CSY_PRIMARY	6	YX16227T	1	0.909661229611041
STAB_CSY_PRIMARY	6	YX16227T	2	0.00752823086574655
STAB_CSY_PRIMARY	6	YX16227T	3	0.06900878293601
STAB_CSY_PRIMARY	6	YX16227T	4	0.00250941028858218
STAB_CSY_PRIMARY	6	YX16227T	5	0
STAB_CSY_PRIMARY	6	YX16227T	6	0.0112923462986198
STAB_CSY_PRIMARY	6	YX16236T	1	0.903266331658292
STAB_CSY_PRIMARY	6	YX16236T	2	0.021356783919598
STAB_CSY_PRIMARY	6	YX16236T	3	0.0188442211055276
STAB_CSY_PRIMARY	6	YX16236T	4	0.0050251256281407
STAB_CSY_PRIMARY	6	YX16236T	5	0
STAB_CSY_PRIMARY	6	YX16236T	6	0.0515075376884422
STAB_CSY_PRIMARY	6	YX15047T	1	0
STAB_CSY_PRIMARY	6	YX15047T	2	0.00127713920817369
STAB_CSY_PRIMARY	6	YX15047T	3	0.15581098339719
STAB_CSY_PRIMARY	6	YX15047T	4	0.0485312899106003
STAB_CSY_PRIMARY	6	YX15047T	5	0.70242656449553
STAB_CSY_PRIMARY	6	YX15047T	6	0.0919540229885057
STAB_CSY_PRIMARY	6	YX15106T	1	0
STAB_CSY_PRIMARY	6	YX15106T	2	0
STAB_CSY_PRIMARY	6	YX15106T	3	0
STAB_CSY_PRIMARY	6	YX15106T	4	0
STAB_CSY_PRIMARY	6	YX15106T	5	1
STAB_CSY_PRIMARY	6	YX15106T	6	0
STAB_CSY_PRIMARY	6	YX15166T	1	0
STAB_CSY_PRIMARY	6	YX15166T	2	0
STAB_CSY_PRIMARY	6	YX15166T	3	0
STAB_CSY_PRIMARY	6	YX15166T	4	0
STAB_CSY_PRIMARY	6	YX15166T	5	1
STAB_CSY_PRIMARY	6	YX15166T	6	0
STAB_CSY_PRIMARY	6	YX15187T	1	0
STAB_CSY_PRIMARY	6	YX15187T	2	0
STAB_CSY_PRIMARY	6	YX15187T	3	0
STAB_CSY_PRIMARY	6	YX15187T	4	0
STAB_CSY_PRIMARY	6	YX15187T	5	1
STAB_CSY_PRIMARY	6	YX15187T	6	0
STAB_CSY_PRIMARY	6	YX15211T	1	0
STAB_CSY_PRIMARY	6	YX15211T	2	0.410288582183187
STAB_CSY_PRIMARY	6	YX15211T	3	0.0777917189460477
STAB_CSY_PRIMARY	6	YX15211T	4	0.424090338770389
STAB_CSY_PRIMARY	6	YX15211T	5	0
STAB_CSY_PRIMARY	6	YX15211T	6	0.0878293601003764
STAB_CSY_PRIMARY	6	YX15214T	1	0
STAB_CSY_PRIMARY	6	YX15214T	2	0
STAB_CSY_PRIMARY	6	YX15214T	3	0
STAB_CSY_PRIMARY	6	YX15214T	4	0
STAB_CSY_PRIMARY	6	YX15214T	5	1
STAB_CSY_PRIMARY	6	YX15214T	6	0
STAB_CSY_PRIMARY	6	YX16009T	1	0
STAB_CSY_PRIMARY	6	YX16009T	2	0.191815856777494
STAB_CSY_PRIMARY	6	YX16009T	3	0.0626598465473146
STAB_CSY_PRIMARY	6	YX16009T	4	0.725063938618926
STAB_CSY_PRIMARY	6	YX16009T	5	0.00639386189258312
STAB_CSY_PRIMARY	6	YX16009T	6	0.0140664961636829
STAB_CSY_PRIMARY	6	YX16011T	1	0
STAB_CSY_PRIMARY	6	YX16011T	2	0
STAB_CSY_PRIMARY	6	YX16011T	3	0
STAB_CSY_PRIMARY	6	YX16011T	4	0
STAB_CSY_PRIMARY	6	YX16011T	5	1
STAB_CSY_PRIMARY	6	YX16011T	6	0
STAB_CSY_PRIMARY	6	YX16068T	1	0
STAB_CSY_PRIMARY	6	YX16068T	2	0
STAB_CSY_PRIMARY	6	YX16068T	3	0
STAB_CSY_PRIMARY	6	YX16068T	4	0
STAB_CSY_PRIMARY	6	YX16068T	5	1
STAB_CSY_PRIMARY	6	YX16068T	6	0
STAB_CSY_PRIMARY	6	YX16070T	1	0
STAB_CSY_PRIMARY	6	YX16070T	2	0
STAB_CSY_PRIMARY	6	YX16070T	3	0
STAB_CSY_PRIMARY	6	YX16070T	4	0
STAB_CSY_PRIMARY	6	YX16070T	5	1
STAB_CSY_PRIMARY	6	YX16070T	6	0
STAB_CSY_PRIMARY	6	YX16075T	1	0
STAB_CSY_PRIMARY	6	YX16075T	2	0.679151061173533
STAB_CSY_PRIMARY	6	YX16075T	3	0.0324594257178527
STAB_CSY_PRIMARY	6	YX16075T	4	0.284644194756554
STAB_CSY_PRIMARY	6	YX16075T	5	0
STAB_CSY_PRIMARY	6	YX16075T	6	0.00374531835205993
STAB_CSY_PRIMARY	6	YX16079T	1	0
STAB_CSY_PRIMARY	6	YX16079T	2	0
STAB_CSY_PRIMARY	6	YX16079T	3	0
STAB_CSY_PRIMARY	6	YX16079T	4	0
STAB_CSY_PRIMARY	6	YX16079T	5	1
STAB_CSY_PRIMARY	6	YX16079T	6	0
STAB_CSY_PRIMARY	6	YX16087T	1	0
STAB_CSY_PRIMARY	6	YX16087T	2	0
STAB_CSY_PRIMARY	6	YX16087T	3	0
STAB_CSY_PRIMARY	6	YX16087T	4	0
STAB_CSY_PRIMARY	6	YX16087T	5	1
STAB_CSY_PRIMARY	6	YX16087T	6	0
STAB_CSY_PRIMARY	6	YX16094T	1	0
STAB_CSY_PRIMARY	6	YX16094T	2	0
STAB_CSY_PRIMARY	6	YX16094T	3	0
STAB_CSY_PRIMARY	6	YX16094T	4	0
STAB_CSY_PRIMARY	6	YX16094T	5	1
STAB_CSY_PRIMARY	6	YX16094T	6	0
STAB_CSY_PRIMARY	6	YX16172T	1	0
STAB_CSY_PRIMARY	6	YX16172T	2	0
STAB_CSY_PRIMARY	6	YX16172T	3	0
STAB_CSY_PRIMARY	6	YX16172T	4	0
STAB_CSY_PRIMARY	6	YX16172T	5	1
STAB_CSY_PRIMARY	6	YX16172T	6	0
STAB_CSY_PRIMARY	6	YX16295T	1	0
STAB_CSY_PRIMARY	6	YX16295T	2	0
STAB_CSY_PRIMARY	6	YX16295T	3	0
STAB_CSY_PRIMARY	6	YX16295T	4	0
STAB_CSY_PRIMARY	6	YX16295T	5	1
STAB_CSY_PRIMARY	6	YX16295T	6	0
STAB_CSY_PRIMARY	6	YX16327T	1	0
STAB_CSY_PRIMARY	6	YX16327T	2	0
STAB_CSY_PRIMARY	6	YX16327T	3	0
STAB_CSY_PRIMARY	6	YX16327T	4	0
STAB_CSY_PRIMARY	6	YX16327T	5	1
STAB_CSY_PRIMARY	6	YX16327T	6	0
STAB_CSY_PRIMARY	6	YX16335T	1	0.99
STAB_CSY_PRIMARY	6	YX16335T	2	0
STAB_CSY_PRIMARY	6	YX16335T	3	0.00375
STAB_CSY_PRIMARY	6	YX16335T	4	0
STAB_CSY_PRIMARY	6	YX16335T	5	0
STAB_CSY_PRIMARY	6	YX16335T	6	0.00625
STAB_CSY_PRIMARY	6	YX16341T	1	0
STAB_CSY_PRIMARY	6	YX16341T	2	0
STAB_CSY_PRIMARY	6	YX16341T	3	0
STAB_CSY_PRIMARY	6	YX16341T	4	0
STAB_CSY_PRIMARY	6	YX16341T	5	1
STAB_CSY_PRIMARY	6	YX16341T	6	0
STAB_CSY_PRIMARY	6	YX16343T	1	0
STAB_CSY_PRIMARY	6	YX16343T	2	0.80484693877551
STAB_CSY_PRIMARY	6	YX16343T	3	0.0497448979591837
STAB_CSY_PRIMARY	6	YX16343T	4	0.0739795918367347
STAB_CSY_PRIMARY	6	YX16343T	5	0
STAB_CSY_PRIMARY	6	YX16343T	6	0.0714285714285714
STAB_CSY_PRIMARY	6	YX16347T	1	0.17312661498708
STAB_CSY_PRIMARY	6	YX16347T	2	0.00129198966408269
STAB_CSY_PRIMARY	6	YX16347T	3	0.0426356589147287
STAB_CSY_PRIMARY	6	YX16347T	4	0
STAB_CSY_PRIMARY	6	YX16347T	5	0
STAB_CSY_PRIMARY	6	YX16347T	6	0.782945736434108
STAB_CSY_LOG2	2	YX15261T	1	0.998719590268886
STAB_CSY_LOG2	2	YX15261T	2	0.00128040973111396
STAB_CSY_LOG2	2	YX15263T	1	1
STAB_CSY_LOG2	2	YX15263T	2	0
STAB_CSY_LOG2	2	YX15271T	1	1
STAB_CSY_LOG2	2	YX15271T	2	0
STAB_CSY_LOG2	2	YX16036T	1	0.917948717948718
STAB_CSY_LOG2	2	YX16036T	2	0.082051282051282
STAB_CSY_LOG2	2	YX16041T	1	1
STAB_CSY_LOG2	2	YX16041T	2	0
STAB_CSY_LOG2	2	YX16057T	1	1
STAB_CSY_LOG2	2	YX16057T	2	0
STAB_CSY_LOG2	2	YX16062T	1	1
STAB_CSY_LOG2	2	YX16062T	2	0
STAB_CSY_LOG2	2	YX16112T	1	1
STAB_CSY_LOG2	2	YX16112T	2	0
STAB_CSY_LOG2	2	YX16113T	1	1
STAB_CSY_LOG2	2	YX16113T	2	0
STAB_CSY_LOG2	2	YX16119T	1	1
STAB_CSY_LOG2	2	YX16119T	2	0
STAB_CSY_LOG2	2	YX16120T	1	1
STAB_CSY_LOG2	2	YX16120T	2	0
STAB_CSY_LOG2	2	YX16127T	1	1
STAB_CSY_LOG2	2	YX16127T	2	0
STAB_CSY_LOG2	2	YX16128T	1	1
STAB_CSY_LOG2	2	YX16128T	2	0
STAB_CSY_LOG2	2	YX16130T	1	0.896333754740834
STAB_CSY_LOG2	2	YX16130T	2	0.103666245259166
STAB_CSY_LOG2	2	YX16132T	1	0.997474747474748
STAB_CSY_LOG2	2	YX16132T	2	0.00252525252525253
STAB_CSY_LOG2	2	YX16135T	1	0.998740554156171
STAB_CSY_LOG2	2	YX16135T	2	0.00125944584382872
STAB_CSY_LOG2	2	YX16139T	1	1
STAB_CSY_LOG2	2	YX16139T	2	0
STAB_CSY_LOG2	2	YX16141T	1	0.59010152284264
STAB_CSY_LOG2	2	YX16141T	2	0.40989847715736
STAB_CSY_LOG2	2	YX16144T	1	1
STAB_CSY_LOG2	2	YX16144T	2	0
STAB_CSY_LOG2	2	YX16147T	1	1
STAB_CSY_LOG2	2	YX16147T	2	0
STAB_CSY_LOG2	2	YX16153T	1	1
STAB_CSY_LOG2	2	YX16153T	2	0
STAB_CSY_LOG2	2	YX16155T	1	0.994987468671679
STAB_CSY_LOG2	2	YX16155T	2	0.0050125313283208
STAB_CSY_LOG2	2	YX16158T	1	0.0570342205323194
STAB_CSY_LOG2	2	YX16158T	2	0.942965779467681
STAB_CSY_LOG2	2	YX16159T	1	0.740127388535032
STAB_CSY_LOG2	2	YX16159T	2	0.259872611464968
STAB_CSY_LOG2	2	YX16160T	1	0.0341772151898734
STAB_CSY_LOG2	2	YX16160T	2	0.965822784810127
STAB_CSY_LOG2	2	YX16161T	1	1
STAB_CSY_LOG2	2	YX16161T	2	0
STAB_CSY_LOG2	2	YX16166T	1	1
STAB_CSY_LOG2	2	YX16166T	2	0
STAB_CSY_LOG2	2	YX16177T	1	1
STAB_CSY_LOG2	2	YX16177T	2	0
STAB_CSY_LOG2	2	YX16178T	1	1
STAB_CSY_LOG2	2	YX16178T	2	0
STAB_CSY_LOG2	2	YX16180T	1	0.997503121098627
STAB_CSY_LOG2	2	YX16180T	2	0.00249687890137328
STAB_CSY_LOG2	2	YX16185T	1	1
STAB_CSY_LOG2	2	YX16185T	2	0
STAB_CSY_LOG2	2	YX16188T	1	0.0193548387096774
STAB_CSY_LOG2	2	YX16188T	2	0.980645161290323
STAB_CSY_LOG2	2	YX16194T	1	0.734720416124837
STAB_CSY_LOG2	2	YX16194T	2	0.265279583875163
STAB_CSY_LOG2	2	YX16202T	1	0
STAB_CSY_LOG2	2	YX16202T	2	1
STAB_CSY_LOG2	2	YX16203T	1	1
STAB_CSY_LOG2	2	YX16203T	2	0
STAB_CSY_LOG2	2	YX16207T	1	1
STAB_CSY_LOG2	2	YX16207T	2	0
STAB_CSY_LOG2	2	YX16218T	1	1
STAB_CSY_LOG2	2	YX16218T	2	0
STAB_CSY_LOG2	2	YX16222T	1	1
STAB_CSY_LOG2	2	YX16222T	2	0
STAB_CSY_LOG2	2	YX16224T	1	1
STAB_CSY_LOG2	2	YX16224T	2	0
STAB_CSY_LOG2	2	YX16227T	1	1
STAB_CSY_LOG2	2	YX16227T	2	0
STAB_CSY_LOG2	2	YX16236T	1	1
STAB_CSY_LOG2	2	YX16236T	2	0
STAB_CSY_LOG2	2	YX15047T	1	0
STAB_CSY_LOG2	2	YX15047T	2	1
STAB_CSY_LOG2	2	YX15106T	1	0
STAB_CSY_LOG2	2	YX15106T	2	1
STAB_CSY_LOG2	2	YX15166T	1	0
STAB_CSY_LOG2	2	YX15166T	2	1
STAB_CSY_LOG2	2	YX15187T	1	0
STAB_CSY_LOG2	2	YX15187T	2	1
STAB_CSY_LOG2	2	YX15211T	1	0.0782608695652174
STAB_CSY_LOG2	2	YX15211T	2	0.921739130434783
STAB_CSY_LOG2	2	YX15214T	1	0
STAB_CSY_LOG2	2	YX15214T	2	1
STAB_CSY_LOG2	2	YX16009T	1	0.380710659898477
STAB_CSY_LOG2	2	YX16009T	2	0.619289340101523
STAB_CSY_LOG2	2	YX16011T	1	0
STAB_CSY_LOG2	2	YX16011T	2	1
STAB_CSY_LOG2	2	YX16068T	1	0
STAB_CSY_LOG2	2	YX16068T	2	1
STAB_CSY_LOG2	2	YX16070T	1	0
STAB_CSY_LOG2	2	YX16070T	2	1
STAB_CSY_LOG2	2	YX16075T	1	1
STAB_CSY_LOG2	2	YX16075T	2	0
STAB_CSY_LOG2	2	YX16079T	1	0
STAB_CSY_LOG2	2	YX16079T	2	1
STAB_CSY_LOG2	2	YX16087T	1	0
STAB_CSY_LOG2	2	YX16087T	2	1
STAB_CSY_LOG2	2	YX16094T	1	0
STAB_CSY_LOG2	2	YX16094T	2	1
STAB_CSY_LOG2	2	YX16172T	1	0
STAB_CSY_LOG2	2	YX16172T	2	1
STAB_CSY_LOG2	2	YX16295T	1	0
STAB_CSY_LOG2	2	YX16295T	2	1
STAB_CSY_LOG2	2	YX16327T	1	0
STAB_CSY_LOG2	2	YX16327T	2	1
STAB_CSY_LOG2	2	YX16335T	1	1
STAB_CSY_LOG2	2	YX16335T	2	0
STAB_CSY_LOG2	2	YX16341T	1	0
STAB_CSY_LOG2	2	YX16341T	2	1
STAB_CSY_LOG2	2	YX16343T	1	0.643852978453739
STAB_CSY_LOG2	2	YX16343T	2	0.356147021546261
STAB_CSY_LOG2	2	YX16347T	1	0.984210526315789
STAB_CSY_LOG2	2	YX16347T	2	0.0157894736842105
STAB_CSY_LOG2	3	YX15261T	1	0.317541613316261
STAB_CSY_LOG2	3	YX15261T	2	0.682458386683739
STAB_CSY_LOG2	3	YX15261T	3	0
STAB_CSY_LOG2	3	YX15263T	1	0.0151324085750315
STAB_CSY_LOG2	3	YX15263T	2	0.984867591424968
STAB_CSY_LOG2	3	YX15263T	3	0
STAB_CSY_LOG2	3	YX15271T	1	0.0228136882129278
STAB_CSY_LOG2	3	YX15271T	2	0.977186311787072
STAB_CSY_LOG2	3	YX15271T	3	0
STAB_CSY_LOG2	3	YX16036T	1	0.706410256410256
STAB_CSY_LOG2	3	YX16036T	2	0.284615384615385
STAB_CSY_LOG2	3	YX16036T	3	0.00897435897435897
STAB_CSY_LOG2	3	YX16041T	1	0
STAB_CSY_LOG2	3	YX16041T	2	1
STAB_CSY_LOG2	3	YX16041T	3	0
STAB_CSY_LOG2	3	YX16057T	1	0.102015113350126
STAB_CSY_LOG2	3	YX16057T	2	0.897984886649874
STAB_CSY_LOG2	3	YX16057T	3	0
STAB_CSY_LOG2	3	YX16062T	1	0.0445859872611465
STAB_CSY_LOG2	3	YX16062T	2	0.955414012738854
STAB_CSY_LOG2	3	YX16062T	3	0
STAB_CSY_LOG2	3	YX16112T	1	0
STAB_CSY_LOG2	3	YX16112T	2	1
STAB_CSY_LOG2	3	YX16112T	3	0
STAB_CSY_LOG2	3	YX16113T	1	0.055207026348808
STAB_CSY_LOG2	3	YX16113T	2	0.944792973651192
STAB_CSY_LOG2	3	YX16113T	3	0
STAB_CSY_LOG2	3	YX16119T	1	0
STAB_CSY_LOG2	3	YX16119T	2	1
STAB_CSY_LOG2	3	YX16119T	3	0
STAB_CSY_LOG2	3	YX16120T	1	0.0188442211055276
STAB_CSY_LOG2	3	YX16120T	2	0.981155778894472
STAB_CSY_LOG2	3	YX16120T	3	0
STAB_CSY_LOG2	3	YX16127T	1	0.0764331210191083
STAB_CSY_LOG2	3	YX16127T	2	0.923566878980892
STAB_CSY_LOG2	3	YX16127T	3	0
STAB_CSY_LOG2	3	YX16128T	1	0.00122100122100122
STAB_CSY_LOG2	3	YX16128T	2	0.998778998778999
STAB_CSY_LOG2	3	YX16128T	3	0
STAB_CSY_LOG2	3	YX16130T	1	0.747155499367889
STAB_CSY_LOG2	3	YX16130T	2	0.24905183312263
STAB_CSY_LOG2	3	YX16130T	3	0.00379266750948167
STAB_CSY_LOG2	3	YX16132T	1	0.0252525252525253
STAB_CSY_LOG2	3	YX16132T	2	0.973484848484849
STAB_CSY_LOG2	3	YX16132T	3	0.00126262626262626
STAB_CSY_LOG2	3	YX16135T	1	0.0503778337531486
STAB_CSY_LOG2	3	YX16135T	2	0.949622166246851
STAB_CSY_LOG2	3	YX16135T	3	0
STAB_CSY_LOG2	3	YX16139T	1	0.0151898734177215
STAB_CSY_LOG2	3	YX16139T	2	0.984810126582279
STAB_CSY_LOG2	3	YX16139T	3	0
STAB_CSY_LOG2	3	YX16141T	1	0.775380710659898
STAB_CSY_LOG2	3	YX16141T	2	0.0406091370558376
STAB_CSY_LOG2	3	YX16141T	3	0.184010152284264
STAB_CSY_LOG2	3	YX16144T	1	0
STAB_CSY_LOG2	3	YX16144T	2	1
STAB_CSY_LOG2	3	YX16144T	3	0
STAB_CSY_LOG2	3	YX16147T	1	0.00123915737298637
STAB_CSY_LOG2	3	YX16147T	2	0.998760842627014
STAB_CSY_LOG2	3	YX16147T	3	0
STAB_CSY_LOG2	3	YX16153T	1	0.00125156445556946
STAB_CSY_LOG2	3	YX16153T	2	0.99874843554443
STAB_CSY_LOG2	3	YX16153T	3	0
STAB_CSY_LOG2	3	YX16155T	1	0.469924812030075
STAB_CSY_LOG2	3	YX16155T	2	0.530075187969925
STAB_CSY_LOG2	3	YX16155T	3	0
STAB_CSY_LOG2	3	YX16158T	1	0.252217997465146
STAB_CSY_LOG2	3	YX16158T	2	0.0202788339670469
STAB_CSY_LOG2	3	YX16158T	3	0.727503168567807
STAB_CSY_LOG2	3	YX16159T	1	0.740127388535032
STAB_CSY_LOG2	3	YX16159T	2	0.220382165605096
STAB_CSY_LOG2	3	YX16159T	3	0.0394904458598726
STAB_CSY_LOG2	3	YX16160T	1	0.20126582278481
STAB_CSY_LOG2	3	YX16160T	2	0.00126582278481013
STAB_CSY_LOG2	3	YX16160T	3	0.79746835443038
STAB_CSY_LOG2	3	YX16161T	1	0.0341655716162943
STAB_CSY_LOG2	3	YX16161T	2	0.965834428383706
STAB_CSY_LOG2	3	YX16161T	3	0
STAB_CSY_LOG2	3	YX16166T	1	0.0228136882129278
STAB_CSY_LOG2	3	YX16166T	2	0.977186311787072
STAB_CSY_LOG2	3	YX16166T	3	0
STAB_CSY_LOG2	3	YX16177T	1	0
STAB_CSY_LOG2	3	YX16177T	2	1
STAB_CSY_LOG2	3	YX16177T	3	0
STAB_CSY_LOG2	3	YX16178T	1	0.0590452261306533
STAB_CSY_LOG2	3	YX16178T	2	0.940954773869347
STAB_CSY_LOG2	3	YX16178T	3	0
STAB_CSY_LOG2	3	YX16180T	1	0.0299625468164794
STAB_CSY_LOG2	3	YX16180T	2	0.970037453183521
STAB_CSY_LOG2	3	YX16180T	3	0
STAB_CSY_LOG2	3	YX16185T	1	0.0331632653061225
STAB_CSY_LOG2	3	YX16185T	2	0.966836734693878
STAB_CSY_LOG2	3	YX16185T	3	0
STAB_CSY_LOG2	3	YX16188T	1	0.179354838709677
STAB_CSY_LOG2	3	YX16188T	2	0.00387096774193548
STAB_CSY_LOG2	3	YX16188T	3	0.816774193548387
STAB_CSY_LOG2	3	YX16194T	1	0.869960988296489
STAB_CSY_LOG2	3	YX16194T	2	0.100130039011704
STAB_CSY_LOG2	3	YX16194T	3	0.0299089726918075
STAB_CSY_LOG2	3	YX16202T	1	0
STAB_CSY_LOG2	3	YX16202T	2	0
STAB_CSY_LOG2	3	YX16202T	3	1
STAB_CSY_LOG2	3	YX16203T	1	0.0193298969072165
STAB_CSY_LOG2	3	YX16203T	2	0.980670103092783
STAB_CSY_LOG2	3	YX16203T	3	0
STAB_CSY_LOG2	3	YX16207T	1	0.00126422250316056
STAB_CSY_LOG2	3	YX16207T	2	0.998735777496839
STAB_CSY_LOG2	3	YX16207T	3	0
STAB_CSY_LOG2	3	YX16218T	1	0.00646830530401035
STAB_CSY_LOG2	3	YX16218T	2	0.99353169469599
STAB_CSY_LOG2	3	YX16218T	3	0
STAB_CSY_LOG2	3	YX16222T	1	0.00127388535031847
STAB_CSY_LOG2	3	YX16222T	2	0.998726114649682
STAB_CSY_LOG2	3	YX16222T	3	0
STAB_CSY_LOG2	3	YX16224T	1	0.00125628140703518
STAB_CSY_LOG2	3	YX16224T	2	0.998743718592965
STAB_CSY_LOG2	3	YX16224T	3	0
STAB_CSY_LOG2	3	YX16227T	1	0.00128369704749679
STAB_CSY_LOG2	3	YX16227T	2	0.998716302952503
STAB_CSY_LOG2	3	YX16227T	3	0
STAB_CSY_LOG2	3	YX16236T	1	0.367773677736777
STAB_CSY_LOG2	3	YX16236T	2	0.632226322263223
STAB_CSY_LOG2	3	YX16236T	3	0
STAB_CSY_LOG2	3	YX15047T	1	0
STAB_CSY_LOG2	3	YX15047T	2	0
STAB_CSY_LOG2	3	YX15047T	3	1
STAB_CSY_LOG2	3	YX15106T	1	0
STAB_CSY_LOG2	3	YX15106T	2	0
STAB_CSY_LOG2	3	YX15106T	3	1
STAB_CSY_LOG2	3	YX15166T	1	0
STAB_CSY_LOG2	3	YX15166T	2	0
STAB_CSY_LOG2	3	YX15166T	3	1
STAB_CSY_LOG2	3	YX15187T	1	0
STAB_CSY_LOG2	3	YX15187T	2	0
STAB_CSY_LOG2	3	YX15187T	3	1
STAB_CSY_LOG2	3	YX15211T	1	0.139130434782609
STAB_CSY_LOG2	3	YX15211T	2	0.00496894409937888
STAB_CSY_LOG2	3	YX15211T	3	0.855900621118012
STAB_CSY_LOG2	3	YX15214T	1	0
STAB_CSY_LOG2	3	YX15214T	2	0
STAB_CSY_LOG2	3	YX15214T	3	1
STAB_CSY_LOG2	3	YX16009T	1	0.262690355329949
STAB_CSY_LOG2	3	YX16009T	2	0.310913705583756
STAB_CSY_LOG2	3	YX16009T	3	0.426395939086294
STAB_CSY_LOG2	3	YX16011T	1	0
STAB_CSY_LOG2	3	YX16011T	2	0
STAB_CSY_LOG2	3	YX16011T	3	1
STAB_CSY_LOG2	3	YX16068T	1	0
STAB_CSY_LOG2	3	YX16068T	2	0
STAB_CSY_LOG2	3	YX16068T	3	1
STAB_CSY_LOG2	3	YX16070T	1	0
STAB_CSY_LOG2	3	YX16070T	2	0
STAB_CSY_LOG2	3	YX16070T	3	1
STAB_CSY_LOG2	3	YX16075T	1	0.0012531328320802
STAB_CSY_LOG2	3	YX16075T	2	0.99874686716792
STAB_CSY_LOG2	3	YX16075T	3	0
STAB_CSY_LOG2	3	YX16079T	1	0
STAB_CSY_LOG2	3	YX16079T	2	0
STAB_CSY_LOG2	3	YX16079T	3	1
STAB_CSY_LOG2	3	YX16087T	1	0
STAB_CSY_LOG2	3	YX16087T	2	0
STAB_CSY_LOG2	3	YX16087T	3	1
STAB_CSY_LOG2	3	YX16094T	1	0
STAB_CSY_LOG2	3	YX16094T	2	0
STAB_CSY_LOG2	3	YX16094T	3	1
STAB_CSY_LOG2	3	YX16172T	1	0
STAB_CSY_LOG2	3	YX16172T	2	0
STAB_CSY_LOG2	3	YX16172T	3	1
STAB_CSY_LOG2	3	YX16295T	1	0
STAB_CSY_LOG2	3	YX16295T	2	0
STAB_CSY_LOG2	3	YX16295T	3	1
STAB_CSY_LOG2	3	YX16327T	1	0
STAB_CSY_LOG2	3	YX16327T	2	0
STAB_CSY_LOG2	3	YX16327T	3	1
STAB_CSY_LOG2	3	YX16335T	1	0.0166666666666667
STAB_CSY_LOG2	3	YX16335T	2	0.983333333333333
STAB_CSY_LOG2	3	YX16335T	3	0
STAB_CSY_LOG2	3	YX16341T	1	0
STAB_CSY_LOG2	3	YX16341T	2	0
STAB_CSY_LOG2	3	YX16341T	3	1
STAB_CSY_LOG2	3	YX16343T	1	0.847908745247148
STAB_CSY_LOG2	3	YX16343T	2	0.0342205323193916
STAB_CSY_LOG2	3	YX16343T	3	0.11787072243346
STAB_CSY_LOG2	3	YX16347T	1	0.471052631578947
STAB_CSY_LOG2	3	YX16347T	2	0.528947368421053
STAB_CSY_LOG2	3	YX16347T	3	0
STAB_CSY_LOG2	4	YX15261T	1	0.434058898847631
STAB_CSY_LOG2	4	YX15261T	2	0.531370038412292
STAB_CSY_LOG2	4	YX15261T	3	0.0345710627400768
STAB_CSY_LOG2	4	YX15261T	4	0
STAB_CSY_LOG2	4	YX15263T	1	0.0630517023959647
STAB_CSY_LOG2	4	YX15263T	2	0.920554854981084
STAB_CSY_LOG2	4	YX15263T	3	0.0163934426229508
STAB_CSY_LOG2	4	YX15263T	4	0
STAB_CSY_LOG2	4	YX15271T	1	0.0240811153358682
STAB_CSY_LOG2	4	YX15271T	2	0.955640050697085
STAB_CSY_LOG2	4	YX15271T	3	0.0202788339670469
STAB_CSY_LOG2	4	YX15271T	4	0
STAB_CSY_LOG2	4	YX16036T	1	0.826923076923077
STAB_CSY_LOG2	4	YX16036T	2	0.164102564102564
STAB_CSY_LOG2	4	YX16036T	3	0.00769230769230769
STAB_CSY_LOG2	4	YX16036T	4	0.00128205128205128
STAB_CSY_LOG2	4	YX16041T	1	0
STAB_CSY_LOG2	4	YX16041T	2	1
STAB_CSY_LOG2	4	YX16041T	3	0
STAB_CSY_LOG2	4	YX16041T	4	0
STAB_CSY_LOG2	4	YX16057T	1	0.138539042821159
STAB_CSY_LOG2	4	YX16057T	2	0.858942065491184
STAB_CSY_LOG2	4	YX16057T	3	0.00251889168765743
STAB_CSY_LOG2	4	YX16057T	4	0
STAB_CSY_LOG2	4	YX16062T	1	0.105732484076433
STAB_CSY_LOG2	4	YX16062T	2	0.867515923566879
STAB_CSY_LOG2	4	YX16062T	3	0.0267515923566879
STAB_CSY_LOG2	4	YX16062T	4	0
STAB_CSY_LOG2	4	YX16112T	1	0
STAB_CSY_LOG2	4	YX16112T	2	1
STAB_CSY_LOG2	4	YX16112T	3	0
STAB_CSY_LOG2	4	YX16112T	4	0
STAB_CSY_LOG2	4	YX16113T	1	0.127979924717691
STAB_CSY_LOG2	4	YX16113T	2	0.843161856963614
STAB_CSY_LOG2	4	YX16113T	3	0.0288582183186951
STAB_CSY_LOG2	4	YX16113T	4	0
STAB_CSY_LOG2	4	YX16119T	1	0
STAB_CSY_LOG2	4	YX16119T	2	1
STAB_CSY_LOG2	4	YX16119T	3	0
STAB_CSY_LOG2	4	YX16119T	4	0
STAB_CSY_LOG2	4	YX16120T	1	0.0653266331658292
STAB_CSY_LOG2	4	YX16120T	2	0.905778894472362
STAB_CSY_LOG2	4	YX16120T	3	0.028894472361809
STAB_CSY_LOG2	4	YX16120T	4	0
STAB_CSY_LOG2	4	YX16127T	1	0.154140127388535
STAB_CSY_LOG2	4	YX16127T	2	0.806369426751592
STAB_CSY_LOG2	4	YX16127T	3	0.0394904458598726
STAB_CSY_LOG2	4	YX16127T	4	0
STAB_CSY_LOG2	4	YX16128T	1	0
STAB_CSY_LOG2	4	YX16128T	2	1
STAB_CSY_LOG2	4	YX16128T	3	0
STAB_CSY_LOG2	4	YX16128T	4	0
STAB_CSY_LOG2	4	YX16130T	1	0.86346396965866
STAB_CSY_LOG2	4	YX16130T	2	0.131479140328698
STAB_CSY_LOG2	4	YX16130T	3	0.00379266750948167
STAB_CSY_LOG2	4	YX16130T	4	0.00126422250316056
STAB_CSY_LOG2	4	YX16132T	1	0.0176767676767677
STAB_CSY_LOG2	4	YX16132T	2	0.95959595959596
STAB_CSY_LOG2	4	YX16132T	3	0.0227272727272727
STAB_CSY_LOG2	4	YX16132T	4	0
STAB_CSY_LOG2	4	YX16135T	1	0.0503778337531486
STAB_CSY_LOG2	4	YX16135T	2	0.923173803526448
STAB_CSY_LOG2	4	YX16135T	3	0.026448362720403
STAB_CSY_LOG2	4	YX16135T	4	0
STAB_CSY_LOG2	4	YX16139T	1	0.0721518987341772
STAB_CSY_LOG2	4	YX16139T	2	0.884810126582279
STAB_CSY_LOG2	4	YX16139T	3	0.0430379746835443
STAB_CSY_LOG2	4	YX16139T	4	0
STAB_CSY_LOG2	4	YX16141T	1	0.8248730964467
STAB_CSY_LOG2	4	YX16141T	2	0.00380710659898477
STAB_CSY_LOG2	4	YX16141T	3	0.0304568527918782
STAB_CSY_LOG2	4	YX16141T	4	0.140862944162437
STAB_CSY_LOG2	4	YX16144T	1	0
STAB_CSY_LOG2	4	YX16144T	2	0.99873417721519
STAB_CSY_LOG2	4	YX16144T	3	0.00126582278481013
STAB_CSY_LOG2	4	YX16144T	4	0
STAB_CSY_LOG2	4	YX16147T	1	0
STAB_CSY_LOG2	4	YX16147T	2	0.998760842627014
STAB_CSY_LOG2	4	YX16147T	3	0.00123915737298637
STAB_CSY_LOG2	4	YX16147T	4	0
STAB_CSY_LOG2	4	YX16153T	1	0.00625782227784731
STAB_CSY_LOG2	4	YX16153T	2	0.993742177722153
STAB_CSY_LOG2	4	YX16153T	3	0
STAB_CSY_LOG2	4	YX16153T	4	0
STAB_CSY_LOG2	4	YX16155T	1	0.602756892230576
STAB_CSY_LOG2	4	YX16155T	2	0.369674185463659
STAB_CSY_LOG2	4	YX16155T	3	0.0275689223057644
STAB_CSY_LOG2	4	YX16155T	4	0
STAB_CSY_LOG2	4	YX16158T	1	0.0380228136882129
STAB_CSY_LOG2	4	YX16158T	2	0.0139416983523447
STAB_CSY_LOG2	4	YX16158T	3	0.727503168567807
STAB_CSY_LOG2	4	YX16158T	4	0.220532319391635
STAB_CSY_LOG2	4	YX16159T	1	0.754140127388535
STAB_CSY_LOG2	4	YX16159T	2	0.160509554140127
STAB_CSY_LOG2	4	YX16159T	3	0.0751592356687898
STAB_CSY_LOG2	4	YX16159T	4	0.0101910828025478
STAB_CSY_LOG2	4	YX16160T	1	0.0329113924050633
STAB_CSY_LOG2	4	YX16160T	2	0
STAB_CSY_LOG2	4	YX16160T	3	0.651898734177215
STAB_CSY_LOG2	4	YX16160T	4	0.315189873417722
STAB_CSY_LOG2	4	YX16161T	1	0.0341655716162943
STAB_CSY_LOG2	4	YX16161T	2	0.936925098554534
STAB_CSY_LOG2	4	YX16161T	3	0.0289093298291721
STAB_CSY_LOG2	4	YX16161T	4	0
STAB_CSY_LOG2	4	YX16166T	1	0.0887198986058302
STAB_CSY_LOG2	4	YX16166T	2	0.846641318124208
STAB_CSY_LOG2	4	YX16166T	3	0.064638783269962
STAB_CSY_LOG2	4	YX16166T	4	0
STAB_CSY_LOG2	4	YX16177T	1	0.00245700245700246
STAB_CSY_LOG2	4	YX16177T	2	0.996314496314496
STAB_CSY_LOG2	4	YX16177T	3	0.00122850122850123
STAB_CSY_LOG2	4	YX16177T	4	0
STAB_CSY_LOG2	4	YX16178T	1	0.14321608040201
STAB_CSY_LOG2	4	YX16178T	2	0.827889447236181
STAB_CSY_LOG2	4	YX16178T	3	0.028894472361809
STAB_CSY_LOG2	4	YX16178T	4	0
STAB_CSY_LOG2	4	YX16180T	1	0.0274656679151061
STAB_CSY_LOG2	4	YX16180T	2	0.945068664169788
STAB_CSY_LOG2	4	YX16180T	3	0.0274656679151061
STAB_CSY_LOG2	4	YX16180T	4	0
STAB_CSY_LOG2	4	YX16185T	1	0.104591836734694
STAB_CSY_LOG2	4	YX16185T	2	0.853316326530612
STAB_CSY_LOG2	4	YX16185T	3	0.0420918367346939
STAB_CSY_LOG2	4	YX16185T	4	0
STAB_CSY_LOG2	4	YX16188T	1	0.0116129032258065
STAB_CSY_LOG2	4	YX16188T	2	0
STAB_CSY_LOG2	4	YX16188T	3	0.687741935483871
STAB_CSY_LOG2	4	YX16188T	4	0.300645161290323
STAB_CSY_LOG2	4	YX16194T	1	0.903771131339402
STAB_CSY_LOG2	4	YX16194T	2	0.035110533159948
STAB_CSY_LOG2	4	YX16194T	3	0.0572171651495449
STAB_CSY_LOG2	4	YX16194T	4	0.00390117035110533
STAB_CSY_LOG2	4	YX16202T	1	0
STAB_CSY_LOG2	4	YX16202T	2	0
STAB_CSY_LOG2	4	YX16202T	3	0
STAB_CSY_LOG2	4	YX16202T	4	1
STAB_CSY_LOG2	4	YX16203T	1	0.0141752577319588
STAB_CSY_LOG2	4	YX16203T	2	0.971649484536082
STAB_CSY_LOG2	4	YX16203T	3	0.0141752577319588
STAB_CSY_LOG2	4	YX16203T	4	0
STAB_CSY_LOG2	4	YX16207T	1	0.00758533501896334
STAB_CSY_LOG2	4	YX16207T	2	0.988621997471555
STAB_CSY_LOG2	4	YX16207T	3	0.00379266750948167
STAB_CSY_LOG2	4	YX16207T	4	0
STAB_CSY_LOG2	4	YX16218T	1	0.0103492884864166
STAB_CSY_LOG2	4	YX16218T	2	0.984476067270375
STAB_CSY_LOG2	4	YX16218T	3	0.00517464424320828
STAB_CSY_LOG2	4	YX16218T	4	0
STAB_CSY_LOG2	4	YX16222T	1	0
STAB_CSY_LOG2	4	YX16222T	2	1
STAB_CSY_LOG2	4	YX16222T	3	0
STAB_CSY_LOG2	4	YX16222T	4	0
STAB_CSY_LOG2	4	YX16224T	1	0.00251256281407035
STAB_CSY_LOG2	4	YX16224T	2	0.994974874371859
STAB_CSY_LOG2	4	YX16224T	3	0.00251256281407035
STAB_CSY_LOG2	4	YX16224T	4	0
STAB_CSY_LOG2	4	YX16227T	1	0
STAB_CSY_LOG2	4	YX16227T	2	1
STAB_CSY_LOG2	4	YX16227T	3	0
STAB_CSY_LOG2	4	YX16227T	4	0
STAB_CSY_LOG2	4	YX16236T	1	0.4920049200492
STAB_CSY_LOG2	4	YX16236T	2	0.484624846248462
STAB_CSY_LOG2	4	YX16236T	3	0.023370233702337
STAB_CSY_LOG2	4	YX16236T	4	0
STAB_CSY_LOG2	4	YX15047T	1	0
STAB_CSY_LOG2	4	YX15047T	2	0
STAB_CSY_LOG2	4	YX15047T	3	0
STAB_CSY_LOG2	4	YX15047T	4	1
STAB_CSY_LOG2	4	YX15106T	1	0
STAB_CSY_LOG2	4	YX15106T	2	0
STAB_CSY_LOG2	4	YX15106T	3	0
STAB_CSY_LOG2	4	YX15106T	4	1
STAB_CSY_LOG2	4	YX15166T	1	0
STAB_CSY_LOG2	4	YX15166T	2	0
STAB_CSY_LOG2	4	YX15166T	3	0
STAB_CSY_LOG2	4	YX15166T	4	1
STAB_CSY_LOG2	4	YX15187T	1	0
STAB_CSY_LOG2	4	YX15187T	2	0
STAB_CSY_LOG2	4	YX15187T	3	0
STAB_CSY_LOG2	4	YX15187T	4	1
STAB_CSY_LOG2	4	YX15211T	1	0.154037267080745
STAB_CSY_LOG2	4	YX15211T	2	0
STAB_CSY_LOG2	4	YX15211T	3	0.0124223602484472
STAB_CSY_LOG2	4	YX15211T	4	0.833540372670807
STAB_CSY_LOG2	4	YX15214T	1	0
STAB_CSY_LOG2	4	YX15214T	2	0
STAB_CSY_LOG2	4	YX15214T	3	0
STAB_CSY_LOG2	4	YX15214T	4	1
STAB_CSY_LOG2	4	YX16009T	1	0.0685279187817259
STAB_CSY_LOG2	4	YX16009T	2	0.281725888324873
STAB_CSY_LOG2	4	YX16009T	3	0.552030456852792
STAB_CSY_LOG2	4	YX16009T	4	0.0977157360406091
STAB_CSY_LOG2	4	YX16011T	1	0
STAB_CSY_LOG2	4	YX16011T	2	0
STAB_CSY_LOG2	4	YX16011T	3	0
STAB_CSY_LOG2	4	YX16011T	4	1
STAB_CSY_LOG2	4	YX16068T	1	0
STAB_CSY_LOG2	4	YX16068T	2	0
STAB_CSY_LOG2	4	YX16068T	3	0
STAB_CSY_LOG2	4	YX16068T	4	1
STAB_CSY_LOG2	4	YX16070T	1	0
STAB_CSY_LOG2	4	YX16070T	2	0
STAB_CSY_LOG2	4	YX16070T	3	0
STAB_CSY_LOG2	4	YX16070T	4	1
STAB_CSY_LOG2	4	YX16075T	1	0.0025062656641604
STAB_CSY_LOG2	4	YX16075T	2	0.996240601503759
STAB_CSY_LOG2	4	YX16075T	3	0.0012531328320802
STAB_CSY_LOG2	4	YX16075T	4	0
STAB_CSY_LOG2	4	YX16079T	1	0
STAB_CSY_LOG2	4	YX16079T	2	0
STAB_CSY_LOG2	4	YX16079T	3	0
STAB_CSY_LOG2	4	YX16079T	4	1
STAB_CSY_LOG2	4	YX16087T	1	0
STAB_CSY_LOG2	4	YX16087T	2	0
STAB_CSY_LOG2	4	YX16087T	3	0
STAB_CSY_LOG2	4	YX16087T	4	1
STAB_CSY_LOG2	4	YX16094T	1	0
STAB_CSY_LOG2	4	YX16094T	2	0
STAB_CSY_LOG2	4	YX16094T	3	0
STAB_CSY_LOG2	4	YX16094T	4	1
STAB_CSY_LOG2	4	YX16172T	1	0
STAB_CSY_LOG2	4	YX16172T	2	0
STAB_CSY_LOG2	4	YX16172T	3	0
STAB_CSY_LOG2	4	YX16172T	4	1
STAB_CSY_LOG2	4	YX16295T	1	0
STAB_CSY_LOG2	4	YX16295T	2	0
STAB_CSY_LOG2	4	YX16295T	3	0
STAB_CSY_LOG2	4	YX16295T	4	1
STAB_CSY_LOG2	4	YX16327T	1	0
STAB_CSY_LOG2	4	YX16327T	2	0
STAB_CSY_LOG2	4	YX16327T	3	0
STAB_CSY_LOG2	4	YX16327T	4	1
STAB_CSY_LOG2	4	YX16335T	1	0.0782051282051282
STAB_CSY_LOG2	4	YX16335T	2	0.878205128205128
STAB_CSY_LOG2	4	YX16335T	3	0.0435897435897436
STAB_CSY_LOG2	4	YX16335T	4	0
STAB_CSY_LOG2	4	YX16341T	1	0
STAB_CSY_LOG2	4	YX16341T	2	0
STAB_CSY_LOG2	4	YX16341T	3	0
STAB_CSY_LOG2	4	YX16341T	4	1
STAB_CSY_LOG2	4	YX16343T	1	0.879594423320659
STAB_CSY_LOG2	4	YX16343T	2	0
STAB_CSY_LOG2	4	YX16343T	3	0.0430925221799747
STAB_CSY_LOG2	4	YX16343T	4	0.0773130544993663
STAB_CSY_LOG2	4	YX16347T	1	0.432894736842105
STAB_CSY_LOG2	4	YX16347T	2	0.205263157894737
STAB_CSY_LOG2	4	YX16347T	3	0.361842105263158
STAB_CSY_LOG2	4	YX16347T	4	0
STAB_CSY_LOG2	5	YX15261T	1	0.486555697823303
STAB_CSY_LOG2	5	YX15261T	2	0.275288092189501
STAB_CSY_LOG2	5	YX15261T	3	0.0179257362355954
STAB_CSY_LOG2	5	YX15261T	4	0
STAB_CSY_LOG2	5	YX15261T	5	0.2202304737516
STAB_CSY_LOG2	5	YX15263T	1	0.10718789407314
STAB_CSY_LOG2	5	YX15263T	2	0.677175283732661
STAB_CSY_LOG2	5	YX15263T	3	0.0138713745271122
STAB_CSY_LOG2	5	YX15263T	4	0
STAB_CSY_LOG2	5	YX15263T	5	0.201765447667087
STAB_CSY_LOG2	5	YX15271T	1	0.0304182509505703
STAB_CSY_LOG2	5	YX15271T	2	0.920152091254753
STAB_CSY_LOG2	5	YX15271T	3	0.0101394169835234
STAB_CSY_LOG2	5	YX15271T	4	0
STAB_CSY_LOG2	5	YX15271T	5	0.0392902408111534
STAB_CSY_LOG2	5	YX16036T	1	0.896153846153846
STAB_CSY_LOG2	5	YX16036T	2	0.0730769230769231
STAB_CSY_LOG2	5	YX16036T	3	0.00256410256410256
STAB_CSY_LOG2	5	YX16036T	4	0
STAB_CSY_LOG2	5	YX16036T	5	0.0282051282051282
STAB_CSY_LOG2	5	YX16041T	1	0
STAB_CSY_LOG2	5	YX16041T	2	1
STAB_CSY_LOG2	5	YX16041T	3	0
STAB_CSY_LOG2	5	YX16041T	4	0
STAB_CSY_LOG2	5	YX16041T	5	0
STAB_CSY_LOG2	5	YX16057T	1	0.152392947103275
STAB_CSY_LOG2	5	YX16057T	2	0.826196473551637
STAB_CSY_LOG2	5	YX16057T	3	0.00125944584382872
STAB_CSY_LOG2	5	YX16057T	4	0
STAB_CSY_LOG2	5	YX16057T	5	0.0201511335012594
STAB_CSY_LOG2	5	YX16062T	1	0.135031847133758
STAB_CSY_LOG2	5	YX16062T	2	0.580891719745223
STAB_CSY_LOG2	5	YX16062T	3	0.021656050955414
STAB_CSY_LOG2	5	YX16062T	4	0
STAB_CSY_LOG2	5	YX16062T	5	0.262420382165605
STAB_CSY_LOG2	5	YX16112T	1	0
STAB_CSY_LOG2	5	YX16112T	2	1
STAB_CSY_LOG2	5	YX16112T	3	0
STAB_CSY_LOG2	5	YX16112T	4	0
STAB_CSY_LOG2	5	YX16112T	5	0
STAB_CSY_LOG2	5	YX16113T	1	0.169385194479297
STAB_CSY_LOG2	5	YX16113T	2	0.544542032622334
STAB_CSY_LOG2	5	YX16113T	3	0.0225846925972397
STAB_CSY_LOG2	5	YX16113T	4	0
STAB_CSY_LOG2	5	YX16113T	5	0.263488080301129
STAB_CSY_LOG2	5	YX16119T	1	0
STAB_CSY_LOG2	5	YX16119T	2	0.998757763975155
STAB_CSY_LOG2	5	YX16119T	3	0
STAB_CSY_LOG2	5	YX16119T	4	0
STAB_CSY_LOG2	5	YX16119T	5	0.00124223602484472
STAB_CSY_LOG2	5	YX16120T	1	0.0816582914572864
STAB_CSY_LOG2	5	YX16120T	2	0.60929648241206
STAB_CSY_LOG2	5	YX16120T	3	0.0226130653266332
STAB_CSY_LOG2	5	YX16120T	4	0
STAB_CSY_LOG2	5	YX16120T	5	0.28643216080402
STAB_CSY_LOG2	5	YX16127T	1	0.194904458598726
STAB_CSY_LOG2	5	YX16127T	2	0.461146496815287
STAB_CSY_LOG2	5	YX16127T	3	0.0203821656050955
STAB_CSY_LOG2	5	YX16127T	4	0
STAB_CSY_LOG2	5	YX16127T	5	0.323566878980892
STAB_CSY_LOG2	5	YX16128T	1	0
STAB_CSY_LOG2	5	YX16128T	2	1
STAB_CSY_LOG2	5	YX16128T	3	0
STAB_CSY_LOG2	5	YX16128T	4	0
STAB_CSY_LOG2	5	YX16128T	5	0
STAB_CSY_LOG2	5	YX16130T	1	0.929203539823009
STAB_CSY_LOG2	5	YX16130T	2	0.0493046776232617
STAB_CSY_LOG2	5	YX16130T	3	0
STAB_CSY_LOG2	5	YX16130T	4	0
STAB_CSY_LOG2	5	YX16130T	5	0.0214917825537295
STAB_CSY_LOG2	5	YX16132T	1	0.00505050505050505
STAB_CSY_LOG2	5	YX16132T	2	0.944444444444444
STAB_CSY_LOG2	5	YX16132T	3	0.0252525252525253
STAB_CSY_LOG2	5	YX16132T	4	0
STAB_CSY_LOG2	5	YX16132T	5	0.0252525252525253
STAB_CSY_LOG2	5	YX16135T	1	0.052896725440806
STAB_CSY_LOG2	5	YX16135T	2	0.89168765743073
STAB_CSY_LOG2	5	YX16135T	3	0.0125944584382872
STAB_CSY_LOG2	5	YX16135T	4	0
STAB_CSY_LOG2	5	YX16135T	5	0.0428211586901763
STAB_CSY_LOG2	5	YX16139T	1	0.0683544303797468
STAB_CSY_LOG2	5	YX16139T	2	0.560759493670886
STAB_CSY_LOG2	5	YX16139T	3	0.0215189873417722
STAB_CSY_LOG2	5	YX16139T	4	0
STAB_CSY_LOG2	5	YX16139T	5	0.349367088607595
STAB_CSY_LOG2	5	YX16141T	1	0.843908629441624
STAB_CSY_LOG2	5	YX16141T	2	0
STAB_CSY_LOG2	5	YX16141T	3	0.016497461928934
STAB_CSY_LOG2	5	YX16141T	4	0.0951776649746193
STAB_CSY_LOG2	5	YX16141T	5	0.0444162436548223
STAB_CSY_LOG2	5	YX16144T	1	0
STAB_CSY_LOG2	5	YX16144T	2	0.992405063291139
STAB_CSY_LOG2	5	YX16144T	3	0.00379746835443038
STAB_CSY_LOG2	5	YX16144T	4	0
STAB_CSY_LOG2	5	YX16144T	5	0.00379746835443038
STAB_CSY_LOG2	5	YX16147T	1	0
STAB_CSY_LOG2	5	YX16147T	2	0.990086741016109
STAB_CSY_LOG2	5	YX16147T	3	0.00371747211895911
STAB_CSY_LOG2	5	YX16147T	4	0
STAB_CSY_LOG2	5	YX16147T	5	0.00619578686493185
STAB_CSY_LOG2	5	YX16153T	1	0.0112640801001252
STAB_CSY_LOG2	5	YX16153T	2	0.978723404255319
STAB_CSY_LOG2	5	YX16153T	3	0
STAB_CSY_LOG2	5	YX16153T	4	0
STAB_CSY_LOG2	5	YX16153T	5	0.0100125156445557
STAB_CSY_LOG2	5	YX16155T	1	0.650375939849624
STAB_CSY_LOG2	5	YX16155T	2	0.164160401002506
STAB_CSY_LOG2	5	YX16155T	3	0.012531328320802
STAB_CSY_LOG2	5	YX16155T	4	0
STAB_CSY_LOG2	5	YX16155T	5	0.172932330827068
STAB_CSY_LOG2	5	YX16158T	1	0.00126742712294043
STAB_CSY_LOG2	5	YX16158T	2	0.0101394169835234
STAB_CSY_LOG2	5	YX16158T	3	0.979721166032953
STAB_CSY_LOG2	5	YX16158T	4	0.00633713561470215
STAB_CSY_LOG2	5	YX16158T	5	0.00253485424588086
STAB_CSY_LOG2	5	YX16159T	1	0.760509554140127
STAB_CSY_LOG2	5	YX16159T	2	0.132484076433121
STAB_CSY_LOG2	5	YX16159T	3	0.0305732484076433
STAB_CSY_LOG2	5	YX16159T	4	0
STAB_CSY_LOG2	5	YX16159T	5	0.0764331210191083
STAB_CSY_LOG2	5	YX16160T	1	0.00253164556962025
STAB_CSY_LOG2	5	YX16160T	2	0
STAB_CSY_LOG2	5	YX16160T	3	0.955696202531646
STAB_CSY_LOG2	5	YX16160T	4	0.0417721518987342
STAB_CSY_LOG2	5	YX16160T	5	0
STAB_CSY_LOG2	5	YX16161T	1	0.0354796320630749
STAB_CSY_LOG2	5	YX16161T	2	0.898817345597897
STAB_CSY_LOG2	5	YX16161T	3	0.0144546649145861
STAB_CSY_LOG2	5	YX16161T	4	0
STAB_CSY_LOG2	5	YX16161T	5	0.0512483574244415
STAB_CSY_LOG2	5	YX16166T	1	0.064638783269962
STAB_CSY_LOG2	5	YX16166T	2	0.463878326996198
STAB_CSY_LOG2	5	YX16166T	3	0.0202788339670469
STAB_CSY_LOG2	5	YX16166T	4	0
STAB_CSY_LOG2	5	YX16166T	5	0.451204055766793
STAB_CSY_LOG2	5	YX16177T	1	0.0085995085995086
STAB_CSY_LOG2	5	YX16177T	2	0.960687960687961
STAB_CSY_LOG2	5	YX16177T	3	0.00368550368550369
STAB_CSY_LOG2	5	YX16177T	4	0
STAB_CSY_LOG2	5	YX16177T	5	0.027027027027027
STAB_CSY_LOG2	5	YX16178T	1	0.169597989949749
STAB_CSY_LOG2	5	YX16178T	2	0.492462311557789
STAB_CSY_LOG2	5	YX16178T	3	0.0188442211055276
STAB_CSY_LOG2	5	YX16178T	4	0
STAB_CSY_LOG2	5	YX16178T	5	0.319095477386935
STAB_CSY_LOG2	5	YX16180T	1	0.0287141073657928
STAB_CSY_LOG2	5	YX16180T	2	0.911360799001248
STAB_CSY_LOG2	5	YX16180T	3	0.00998751560549313
STAB_CSY_LOG2	5	YX16180T	4	0
STAB_CSY_LOG2	5	YX16180T	5	0.0499375780274657
STAB_CSY_LOG2	5	YX16185T	1	0.113520408163265
STAB_CSY_LOG2	5	YX16185T	2	0.5
STAB_CSY_LOG2	5	YX16185T	3	0.0255102040816327
STAB_CSY_LOG2	5	YX16185T	4	0
STAB_CSY_LOG2	5	YX16185T	5	0.360969387755102
STAB_CSY_LOG2	5	YX16188T	1	0
STAB_CSY_LOG2	5	YX16188T	2	0
STAB_CSY_LOG2	5	YX16188T	3	0.965161290322581
STAB_CSY_LOG2	5	YX16188T	4	0.0348387096774194
STAB_CSY_LOG2	5	YX16188T	5	0
STAB_CSY_LOG2	5	YX16194T	1	0.911573472041612
STAB_CSY_LOG2	5	YX16194T	2	0.0169050715214564
STAB_CSY_LOG2	5	YX16194T	3	0.0221066319895969
STAB_CSY_LOG2	5	YX16194T	4	0
STAB_CSY_LOG2	5	YX16194T	5	0.0494148244473342
STAB_CSY_LOG2	5	YX16202T	1	0
STAB_CSY_LOG2	5	YX16202T	2	0
STAB_CSY_LOG2	5	YX16202T	3	0
STAB_CSY_LOG2	5	YX16202T	4	1
STAB_CSY_LOG2	5	YX16202T	5	0
STAB_CSY_LOG2	5	YX16203T	1	0.00902061855670103
STAB_CSY_LOG2	5	YX16203T	2	0.954896907216495
STAB_CSY_LOG2	5	YX16203T	3	0.00644329896907216
STAB_CSY_LOG2	5	YX16203T	4	0
STAB_CSY_LOG2	5	YX16203T	5	0.029639175257732
STAB_CSY_LOG2	5	YX16207T	1	0.00632111251580278
STAB_CSY_LOG2	5	YX16207T	2	0.972187104930468
STAB_CSY_LOG2	5	YX16207T	3	0.00505689001264223
STAB_CSY_LOG2	5	YX16207T	4	0
STAB_CSY_LOG2	5	YX16207T	5	0.0164348925410872
STAB_CSY_LOG2	5	YX16218T	1	0.0142302716688228
STAB_CSY_LOG2	5	YX16218T	2	0.965071151358344
STAB_CSY_LOG2	5	YX16218T	3	0.00517464424320828
STAB_CSY_LOG2	5	YX16218T	4	0
STAB_CSY_LOG2	5	YX16218T	5	0.0155239327296248
STAB_CSY_LOG2	5	YX16222T	1	0
STAB_CSY_LOG2	5	YX16222T	2	1
STAB_CSY_LOG2	5	YX16222T	3	0
STAB_CSY_LOG2	5	YX16222T	4	0
STAB_CSY_LOG2	5	YX16222T	5	0
STAB_CSY_LOG2	5	YX16224T	1	0.00125628140703518
STAB_CSY_LOG2	5	YX16224T	2	0.984924623115578
STAB_CSY_LOG2	5	YX16224T	3	0.00251256281407035
STAB_CSY_LOG2	5	YX16224T	4	0
STAB_CSY_LOG2	5	YX16224T	5	0.0113065326633166
STAB_CSY_LOG2	5	YX16227T	1	0
STAB_CSY_LOG2	5	YX16227T	2	1
STAB_CSY_LOG2	5	YX16227T	3	0
STAB_CSY_LOG2	5	YX16227T	4	0
STAB_CSY_LOG2	5	YX16227T	5	0
STAB_CSY_LOG2	5	YX16236T	1	0.539975399753998
STAB_CSY_LOG2	5	YX16236T	2	0.255842558425584
STAB_CSY_LOG2	5	YX16236T	3	0.011070110701107
STAB_CSY_LOG2	5	YX16236T	4	0
STAB_CSY_LOG2	5	YX16236T	5	0.193111931119311
STAB_CSY_LOG2	5	YX15047T	1	0
STAB_CSY_LOG2	5	YX15047T	2	0
STAB_CSY_LOG2	5	YX15047T	3	0
STAB_CSY_LOG2	5	YX15047T	4	1
STAB_CSY_LOG2	5	YX15047T	5	0
STAB_CSY_LOG2	5	YX15106T	1	0
STAB_CSY_LOG2	5	YX15106T	2	0
STAB_CSY_LOG2	5	YX15106T	3	0
STAB_CSY_LOG2	5	YX15106T	4	1
STAB_CSY_LOG2	5	YX15106T	5	0
STAB_CSY_LOG2	5	YX15166T	1	0
STAB_CSY_LOG2	5	YX15166T	2	0
STAB_CSY_LOG2	5	YX15166T	3	0
STAB_CSY_LOG2	5	YX15166T	4	1
STAB_CSY_LOG2	5	YX15166T	5	0
STAB_CSY_LOG2	5	YX15187T	1	0
STAB_CSY_LOG2	5	YX15187T	2	0
STAB_CSY_LOG2	5	YX15187T	3	0
STAB_CSY_LOG2	5	YX15187T	4	1
STAB_CSY_LOG2	5	YX15187T	5	0
STAB_CSY_LOG2	5	YX15211T	1	0.171428571428571
STAB_CSY_LOG2	5	YX15211T	2	0
STAB_CSY_LOG2	5	YX15211T	3	0.00745341614906832
STAB_CSY_LOG2	5	YX15211T	4	0.786335403726708
STAB_CSY_LOG2	5	YX15211T	5	0.0347826086956522
STAB_CSY_LOG2	5	YX15214T	1	0
STAB_CSY_LOG2	5	YX15214T	2	0
STAB_CSY_LOG2	5	YX15214T	3	0
STAB_CSY_LOG2	5	YX15214T	4	1
STAB_CSY_LOG2	5	YX15214T	5	0
STAB_CSY_LOG2	5	YX16009T	1	0.0241116751269036
STAB_CSY_LOG2	5	YX16009T	2	0.260152284263959
STAB_CSY_LOG2	5	YX16009T	3	0.67258883248731
STAB_CSY_LOG2	5	YX16009T	4	0.00253807106598985
STAB_CSY_LOG2	5	YX16009T	5	0.0406091370558376
STAB_CSY_LOG2	5	YX16011T	1	0
STAB_CSY_LOG2	5	YX16011T	2	0
STAB_CSY_LOG2	5	YX16011T	3	0
STAB_CSY_LOG2	5	YX16011T	4	1
STAB_CSY_LOG2	5	YX16011T	5	0
STAB_CSY_LOG2	5	YX16068T	1	0
STAB_CSY_LOG2	5	YX16068T	2	0
STAB_CSY_LOG2	5	YX16068T	3	0
STAB_CSY_LOG2	5	YX16068T	4	1
STAB_CSY_LOG2	5	YX16068T	5	0
STAB_CSY_LOG2	5	YX16070T	1	0
STAB_CSY_LOG2	5	YX16070T	2	0
STAB_CSY_LOG2	5	YX16070T	3	0
STAB_CSY_LOG2	5	YX16070T	4	1
STAB_CSY_LOG2	5	YX16070T	5	0
STAB_CSY_LOG2	5	YX16075T	1	0.0025062656641604
STAB_CSY_LOG2	5	YX16075T	2	0.982456140350877
STAB_CSY_LOG2	5	YX16075T	3	0.0037593984962406
STAB_CSY_LOG2	5	YX16075T	4	0
STAB_CSY_LOG2	5	YX16075T	5	0.0112781954887218
STAB_CSY_LOG2	5	YX16079T	1	0
STAB_CSY_LOG2	5	YX16079T	2	0
STAB_CSY_LOG2	5	YX16079T	3	0
STAB_CSY_LOG2	5	YX16079T	4	1
STAB_CSY_LOG2	5	YX16079T	5	0
STAB_CSY_LOG2	5	YX16087T	1	0
STAB_CSY_LOG2	5	YX16087T	2	0
STAB_CSY_LOG2	5	YX16087T	3	0
STAB_CSY_LOG2	5	YX16087T	4	1
STAB_CSY_LOG2	5	YX16087T	5	0
STAB_CSY_LOG2	5	YX16094T	1	0
STAB_CSY_LOG2	5	YX16094T	2	0
STAB_CSY_LOG2	5	YX16094T	3	0
STAB_CSY_LOG2	5	YX16094T	4	1
STAB_CSY_LOG2	5	YX16094T	5	0
STAB_CSY_LOG2	5	YX16172T	1	0
STAB_CSY_LOG2	5	YX16172T	2	0
STAB_CSY_LOG2	5	YX16172T	3	0
STAB_CSY_LOG2	5	YX16172T	4	1
STAB_CSY_LOG2	5	YX16172T	5	0
STAB_CSY_LOG2	5	YX16295T	1	0
STAB_CSY_LOG2	5	YX16295T	2	0
STAB_CSY_LOG2	5	YX16295T	3	0
STAB_CSY_LOG2	5	YX16295T	4	1
STAB_CSY_LOG2	5	YX16295T	5	0
STAB_CSY_LOG2	5	YX16327T	1	0
STAB_CSY_LOG2	5	YX16327T	2	0
STAB_CSY_LOG2	5	YX16327T	3	0
STAB_CSY_LOG2	5	YX16327T	4	1
STAB_CSY_LOG2	5	YX16327T	5	0
STAB_CSY_LOG2	5	YX16335T	1	0.0692307692307692
STAB_CSY_LOG2	5	YX16335T	2	0.537179487179487
STAB_CSY_LOG2	5	YX16335T	3	0.0217948717948718
STAB_CSY_LOG2	5	YX16335T	4	0
STAB_CSY_LOG2	5	YX16335T	5	0.371794871794872
STAB_CSY_LOG2	5	YX16341T	1	0
STAB_CSY_LOG2	5	YX16341T	2	0
STAB_CSY_LOG2	5	YX16341T	3	0
STAB_CSY_LOG2	5	YX16341T	4	1
STAB_CSY_LOG2	5	YX16341T	5	0
STAB_CSY_LOG2	5	YX16343T	1	0.892268694550063
STAB_CSY_LOG2	5	YX16343T	2	0
STAB_CSY_LOG2	5	YX16343T	3	0.0152091254752852
STAB_CSY_LOG2	5	YX16343T	4	0.0532319391634981
STAB_CSY_LOG2	5	YX16343T	5	0.0392902408111534
STAB_CSY_LOG2	5	YX16347T	1	0.0671052631578947
STAB_CSY_LOG2	5	YX16347T	2	0.00526315789473684
STAB_CSY_LOG2	5	YX16347T	3	0
STAB_CSY_LOG2	5	YX16347T	4	0
STAB_CSY_LOG2	5	YX16347T	5	0.927631578947368
STAB_CSY_LOG2	6	YX15261T	1	0.376440460947503
STAB_CSY_LOG2	6	YX15261T	2	0.58898847631242
STAB_CSY_LOG2	6	YX15261T	3	0.0166453265044814
STAB_CSY_LOG2	6	YX15261T	4	0
STAB_CSY_LOG2	6	YX15261T	5	0
STAB_CSY_LOG2	6	YX15261T	6	0.0179257362355954
STAB_CSY_LOG2	6	YX15263T	1	0.0239596469104666
STAB_CSY_LOG2	6	YX15263T	2	0.708701134930643
STAB_CSY_LOG2	6	YX15263T	3	0.259773013871375
STAB_CSY_LOG2	6	YX15263T	4	0
STAB_CSY_LOG2	6	YX15263T	5	0
STAB_CSY_LOG2	6	YX15263T	6	0.00756620428751576
STAB_CSY_LOG2	6	YX15271T	1	0.0190114068441065
STAB_CSY_LOG2	6	YX15271T	2	0.0152091254752852
STAB_CSY_LOG2	6	YX15271T	3	0.946768060836502
STAB_CSY_LOG2	6	YX15271T	4	0.00253485424588086
STAB_CSY_LOG2	6	YX15271T	5	0
STAB_CSY_LOG2	6	YX15271T	6	0.0164765525982256
STAB_CSY_LOG2	6	YX16036T	1	0.830769230769231
STAB_CSY_LOG2	6	YX16036T	2	0.141025641025641
STAB_CSY_LOG2	6	YX16036T	3	0.0243589743589744
STAB_CSY_LOG2	6	YX16036T	4	0
STAB_CSY_LOG2	6	YX16036T	5	0
STAB_CSY_LOG2	6	YX16036T	6	0.00384615384615385
STAB_CSY_LOG2	6	YX16041T	1	0
STAB_CSY_LOG2	6	YX16041T	2	0.0747782002534854
STAB_CSY_LOG2	6	YX16041T	3	0.925221799746515
STAB_CSY_LOG2	6	YX16041T	4	0
STAB_CSY_LOG2	6	YX16041T	5	0
STAB_CSY_LOG2	6	YX16041T	6	0
STAB_CSY_LOG2	6	YX16057T	1	0.138539042821159
STAB_CSY_LOG2	6	YX16057T	2	0.044080604534005
STAB_CSY_LOG2	6	YX16057T	3	0.80352644836272
STAB_CSY_LOG2	6	YX16057T	4	0
STAB_CSY_LOG2	6	YX16057T	5	0
STAB_CSY_LOG2	6	YX16057T	6	0.0138539042821159
STAB_CSY_LOG2	6	YX16062T	1	0.0420382165605096
STAB_CSY_LOG2	6	YX16062T	2	0.789808917197452
STAB_CSY_LOG2	6	YX16062T	3	0.154140127388535
STAB_CSY_LOG2	6	YX16062T	4	0
STAB_CSY_LOG2	6	YX16062T	5	0
STAB_CSY_LOG2	6	YX16062T	6	0.0140127388535032
STAB_CSY_LOG2	6	YX16112T	1	0
STAB_CSY_LOG2	6	YX16112T	2	0.0723039215686275
STAB_CSY_LOG2	6	YX16112T	3	0.926470588235294
STAB_CSY_LOG2	6	YX16112T	4	0
STAB_CSY_LOG2	6	YX16112T	5	0
STAB_CSY_LOG2	6	YX16112T	6	0.00122549019607843
STAB_CSY_LOG2	6	YX16113T	1	0.0602258469259724
STAB_CSY_LOG2	6	YX16113T	2	0.82810539523212
STAB_CSY_LOG2	6	YX16113T	3	0.096612296110414
STAB_CSY_LOG2	6	YX16113T	4	0
STAB_CSY_LOG2	6	YX16113T	5	0
STAB_CSY_LOG2	6	YX16113T	6	0.0150564617314931
STAB_CSY_LOG2	6	YX16119T	1	0
STAB_CSY_LOG2	6	YX16119T	2	0.0546583850931677
STAB_CSY_LOG2	6	YX16119T	3	0.944099378881988
STAB_CSY_LOG2	6	YX16119T	4	0
STAB_CSY_LOG2	6	YX16119T	5	0
STAB_CSY_LOG2	6	YX16119T	6	0.00124223602484472
STAB_CSY_LOG2	6	YX16120T	1	0.00125628140703518
STAB_CSY_LOG2	6	YX16120T	2	0.814070351758794
STAB_CSY_LOG2	6	YX16120T	3	0.1821608040201
STAB_CSY_LOG2	6	YX16120T	4	0
STAB_CSY_LOG2	6	YX16120T	5	0
STAB_CSY_LOG2	6	YX16120T	6	0.00251256281407035
STAB_CSY_LOG2	6	YX16127T	1	0.0751592356687898
STAB_CSY_LOG2	6	YX16127T	2	0.872611464968153
STAB_CSY_LOG2	6	YX16127T	3	0.0522292993630573
STAB_CSY_LOG2	6	YX16127T	4	0
STAB_CSY_LOG2	6	YX16127T	5	0
STAB_CSY_LOG2	6	YX16127T	6	0
STAB_CSY_LOG2	6	YX16128T	1	0
STAB_CSY_LOG2	6	YX16128T	2	0.0500610500610501
STAB_CSY_LOG2	6	YX16128T	3	0.948717948717949
STAB_CSY_LOG2	6	YX16128T	4	0
STAB_CSY_LOG2	6	YX16128T	5	0
STAB_CSY_LOG2	6	YX16128T	6	0.00122100122100122
STAB_CSY_LOG2	6	YX16130T	1	0.865992414664981
STAB_CSY_LOG2	6	YX16130T	2	0.123893805309735
STAB_CSY_LOG2	6	YX16130T	3	0.00884955752212389
STAB_CSY_LOG2	6	YX16130T	4	0
STAB_CSY_LOG2	6	YX16130T	5	0
STAB_CSY_LOG2	6	YX16130T	6	0.00126422250316056
STAB_CSY_LOG2	6	YX16132T	1	0.00252525252525253
STAB_CSY_LOG2	6	YX16132T	2	0.0138888888888889
STAB_CSY_LOG2	6	YX16132T	3	0.954545454545455
STAB_CSY_LOG2	6	YX16132T	4	0.0151515151515152
STAB_CSY_LOG2	6	YX16132T	5	0
STAB_CSY_LOG2	6	YX16132T	6	0.0138888888888889
STAB_CSY_LOG2	6	YX16135T	1	0.0365239294710327
STAB_CSY_LOG2	6	YX16135T	2	0.0201511335012594
STAB_CSY_LOG2	6	YX16135T	3	0.919395465994962
STAB_CSY_LOG2	6	YX16135T	4	0.00251889168765743
STAB_CSY_LOG2	6	YX16135T	5	0
STAB_CSY_LOG2	6	YX16135T	6	0.0214105793450882
STAB_CSY_LOG2	6	YX16139T	1	0
STAB_CSY_LOG2	6	YX16139T	2	0.758227848101266
STAB_CSY_LOG2	6	YX16139T	3	0.155696202531646
STAB_CSY_LOG2	6	YX16139T	4	0
STAB_CSY_LOG2	6	YX16139T	5	0
STAB_CSY_LOG2	6	YX16139T	6	0.0860759493670886
STAB_CSY_LOG2	6	YX16141T	1	0.884517766497462
STAB_CSY_LOG2	6	YX16141T	2	0.0241116751269036
STAB_CSY_LOG2	6	YX16141T	3	0
STAB_CSY_LOG2	6	YX16141T	4	0.00380710659898477
STAB_CSY_LOG2	6	YX16141T	5	0.0241116751269036
STAB_CSY_LOG2	6	YX16141T	6	0.0634517766497462
STAB_CSY_LOG2	6	YX16144T	1	0
STAB_CSY_LOG2	6	YX16144T	2	0.0379746835443038
STAB_CSY_LOG2	6	YX16144T	3	0.960759493670886
STAB_CSY_LOG2	6	YX16144T	4	0
STAB_CSY_LOG2	6	YX16144T	5	0
STAB_CSY_LOG2	6	YX16144T	6	0.00126582278481013
STAB_CSY_LOG2	6	YX16147T	1	0
STAB_CSY_LOG2	6	YX16147T	2	0.0384138785625774
STAB_CSY_LOG2	6	YX16147T	3	0.960346964064436
STAB_CSY_LOG2	6	YX16147T	4	0
STAB_CSY_LOG2	6	YX16147T	5	0
STAB_CSY_LOG2	6	YX16147T	6	0.00123915737298637
STAB_CSY_LOG2	6	YX16153T	1	0
STAB_CSY_LOG2	6	YX16153T	2	0.146433041301627
STAB_CSY_LOG2	6	YX16153T	3	0.852315394242804
STAB_CSY_LOG2	6	YX16153T	4	0
STAB_CSY_LOG2	6	YX16153T	5	0
STAB_CSY_LOG2	6	YX16153T	6	0.00125156445556946
STAB_CSY_LOG2	6	YX16155T	1	0.545112781954887
STAB_CSY_LOG2	6	YX16155T	2	0.427318295739348
STAB_CSY_LOG2	6	YX16155T	3	0.0100250626566416
STAB_CSY_LOG2	6	YX16155T	4	0
STAB_CSY_LOG2	6	YX16155T	5	0
STAB_CSY_LOG2	6	YX16155T	6	0.0175438596491228
STAB_CSY_LOG2	6	YX16158T	1	0.00126742712294043
STAB_CSY_LOG2	6	YX16158T	2	0.00126742712294043
STAB_CSY_LOG2	6	YX16158T	3	0.0152091254752852
STAB_CSY_LOG2	6	YX16158T	4	0.980988593155893
STAB_CSY_LOG2	6	YX16158T	5	0
STAB_CSY_LOG2	6	YX16158T	6	0.00126742712294043
STAB_CSY_LOG2	6	YX16159T	1	0.771974522292994
STAB_CSY_LOG2	6	YX16159T	2	0.024203821656051
STAB_CSY_LOG2	6	YX16159T	3	0.143949044585987
STAB_CSY_LOG2	6	YX16159T	4	0.00636942675159236
STAB_CSY_LOG2	6	YX16159T	5	0
STAB_CSY_LOG2	6	YX16159T	6	0.0535031847133758
STAB_CSY_LOG2	6	YX16160T	1	0.00379746835443038
STAB_CSY_LOG2	6	YX16160T	2	0.00253164556962025
STAB_CSY_LOG2	6	YX16160T	3	0
STAB_CSY_LOG2	6	YX16160T	4	0.950632911392405
STAB_CSY_LOG2	6	YX16160T	5	0.00253164556962025
STAB_CSY_LOG2	6	YX16160T	6	0.040506329113924
STAB_CSY_LOG2	6	YX16161T	1	0.0197109067017083
STAB_CSY_LOG2	6	YX16161T	2	0.0249671484888305
STAB_CSY_LOG2	6	YX16161T	3	0.92772667542707
STAB_CSY_LOG2	6	YX16161T	4	0.00394218134034166
STAB_CSY_LOG2	6	YX16161T	5	0
STAB_CSY_LOG2	6	YX16161T	6	0.0236530880420499
STAB_CSY_LOG2	6	YX16166T	1	0
STAB_CSY_LOG2	6	YX16166T	2	0.693282636248416
STAB_CSY_LOG2	6	YX16166T	3	0.115335868187579
STAB_CSY_LOG2	6	YX16166T	4	0
STAB_CSY_LOG2	6	YX16166T	5	0
STAB_CSY_LOG2	6	YX16166T	6	0.191381495564005
STAB_CSY_LOG2	6	YX16177T	1	0
STAB_CSY_LOG2	6	YX16177T	2	0.2002457002457
STAB_CSY_LOG2	6	YX16177T	3	0.7997542997543
STAB_CSY_LOG2	6	YX16177T	4	0
STAB_CSY_LOG2	6	YX16177T	5	0
STAB_CSY_LOG2	6	YX16177T	6	0
STAB_CSY_LOG2	6	YX16178T	1	0.0515075376884422
STAB_CSY_LOG2	6	YX16178T	2	0.878140703517588
STAB_CSY_LOG2	6	YX16178T	3	0.0577889447236181
STAB_CSY_LOG2	6	YX16178T	4	0
STAB_CSY_LOG2	6	YX16178T	5	0
STAB_CSY_LOG2	6	YX16178T	6	0.0125628140703518
STAB_CSY_LOG2	6	YX16180T	1	0.0124843945068664
STAB_CSY_LOG2	6	YX16180T	2	0.0162297128589263
STAB_CSY_LOG2	6	YX16180T	3	0.946317103620474
STAB_CSY_LOG2	6	YX16180T	4	0.00499375780274657
STAB_CSY_LOG2	6	YX16180T	5	0
STAB_CSY_LOG2	6	YX16180T	6	0.0199750312109863
STAB_CSY_LOG2	6	YX16185T	1	0.0102040816326531
STAB_CSY_LOG2	6	YX16185T	2	0.903061224489796
STAB_CSY_LOG2	6	YX16185T	3	0.0688775510204082
STAB_CSY_LOG2	6	YX16185T	4	0
STAB_CSY_LOG2	6	YX16185T	5	0
STAB_CSY_LOG2	6	YX16185T	6	0.0178571428571429
STAB_CSY_LOG2	6	YX16188T	1	0
STAB_CSY_LOG2	6	YX16188T	2	0.00129032258064516
STAB_CSY_LOG2	6	YX16188T	3	0
STAB_CSY_LOG2	6	YX16188T	4	0.992258064516129
STAB_CSY_LOG2	6	YX16188T	5	0.00129032258064516
STAB_CSY_LOG2	6	YX16188T	6	0.00516129032258065
STAB_CSY_LOG2	6	YX16194T	1	0.94148244473342
STAB_CSY_LOG2	6	YX16194T	2	0.00910273081924577
STAB_CSY_LOG2	6	YX16194T	3	0.023407022106632
STAB_CSY_LOG2	6	YX16194T	4	0.00130039011703511
STAB_CSY_LOG2	6	YX16194T	5	0
STAB_CSY_LOG2	6	YX16194T	6	0.0247074122236671
STAB_CSY_LOG2	6	YX16202T	1	0
STAB_CSY_LOG2	6	YX16202T	2	0
STAB_CSY_LOG2	6	YX16202T	3	0
STAB_CSY_LOG2	6	YX16202T	4	0
STAB_CSY_LOG2	6	YX16202T	5	1
STAB_CSY_LOG2	6	YX16202T	6	0
STAB_CSY_LOG2	6	YX16203T	1	0.0038659793814433
STAB_CSY_LOG2	6	YX16203T	2	0.0115979381443299
STAB_CSY_LOG2	6	YX16203T	3	0.970360824742268
STAB_CSY_LOG2	6	YX16203T	4	0.00128865979381443
STAB_CSY_LOG2	6	YX16203T	5	0
STAB_CSY_LOG2	6	YX16203T	6	0.0128865979381443
STAB_CSY_LOG2	6	YX16207T	1	0.00379266750948167
STAB_CSY_LOG2	6	YX16207T	2	0.00884955752212389
STAB_CSY_LOG2	6	YX16207T	3	0.982300884955752
STAB_CSY_LOG2	6	YX16207T	4	0.00126422250316056
STAB_CSY_LOG2	6	YX16207T	5	0
STAB_CSY_LOG2	6	YX16207T	6	0.00379266750948167
STAB_CSY_LOG2	6	YX16218T	1	0.00776196636481242
STAB_CSY_LOG2	6	YX16218T	2	0.0258732212160414
STAB_CSY_LOG2	6	YX16218T	3	0.96248382923674
STAB_CSY_LOG2	6	YX16218T	4	0.00258732212160414
STAB_CSY_LOG2	6	YX16218T	5	0
STAB_CSY_LOG2	6	YX16218T	6	0.00129366106080207
STAB_CSY_LOG2	6	YX16222T	1	0
STAB_CSY_LOG2	6	YX16222T	2	0.0573248407643312
STAB_CSY_LOG2	6	YX16222T	3	0.94140127388535
STAB_CSY_LOG2	6	YX16222T	4	0
STAB_CSY_LOG2	6	YX16222T	5	0
STAB_CSY_LOG2	6	YX16222T	6	0.00127388535031847
STAB_CSY_LOG2	6	YX16224T	1	0.00125628140703518
STAB_CSY_LOG2	6	YX16224T	2	0.0326633165829146
STAB_CSY_LOG2	6	YX16224T	3	0.96608040201005
STAB_CSY_LOG2	6	YX16224T	4	0
STAB_CSY_LOG2	6	YX16224T	5	0
STAB_CSY_LOG2	6	YX16224T	6	0
STAB_CSY_LOG2	6	YX16227T	1	0
STAB_CSY_LOG2	6	YX16227T	2	0.0641848523748395
STAB_CSY_LOG2	6	YX16227T	3	0.934531450577664
STAB_CSY_LOG2	6	YX16227T	4	0
STAB_CSY_LOG2	6	YX16227T	5	0
STAB_CSY_LOG2	6	YX16227T	6	0.00128369704749679
STAB_CSY_LOG2	6	YX16236T	1	0.439114391143911
STAB_CSY_LOG2	6	YX16236T	2	0.523985239852399
STAB_CSY_LOG2	6	YX16236T	3	0.022140221402214
STAB_CSY_LOG2	6	YX16236T	4	0
STAB_CSY_LOG2	6	YX16236T	5	0
STAB_CSY_LOG2	6	YX16236T	6	0.014760147601476
STAB_CSY_LOG2	6	YX15047T	1	0
STAB_CSY_LOG2	6	YX15047T	2	0
STAB_CSY_LOG2	6	YX15047T	3	0
STAB_CSY_LOG2	6	YX15047T	4	0
STAB_CSY_LOG2	6	YX15047T	5	1
STAB_CSY_LOG2	6	YX15047T	6	0
STAB_CSY_LOG2	6	YX15106T	1	0
STAB_CSY_LOG2	6	YX15106T	2	0
STAB_CSY_LOG2	6	YX15106T	3	0
STAB_CSY_LOG2	6	YX15106T	4	0
STAB_CSY_LOG2	6	YX15106T	5	1
STAB_CSY_LOG2	6	YX15106T	6	0
STAB_CSY_LOG2	6	YX15166T	1	0
STAB_CSY_LOG2	6	YX15166T	2	0
STAB_CSY_LOG2	6	YX15166T	3	0
STAB_CSY_LOG2	6	YX15166T	4	0
STAB_CSY_LOG2	6	YX15166T	5	1
STAB_CSY_LOG2	6	YX15166T	6	0
STAB_CSY_LOG2	6	YX15187T	1	0
STAB_CSY_LOG2	6	YX15187T	2	0
STAB_CSY_LOG2	6	YX15187T	3	0
STAB_CSY_LOG2	6	YX15187T	4	0
STAB_CSY_LOG2	6	YX15187T	5	1
STAB_CSY_LOG2	6	YX15187T	6	0
STAB_CSY_LOG2	6	YX15211T	1	0.198757763975155
STAB_CSY_LOG2	6	YX15211T	2	0.0459627329192547
STAB_CSY_LOG2	6	YX15211T	3	0
STAB_CSY_LOG2	6	YX15211T	4	0.0062111801242236
STAB_CSY_LOG2	6	YX15211T	5	0.582608695652174
STAB_CSY_LOG2	6	YX15211T	6	0.166459627329193
STAB_CSY_LOG2	6	YX15214T	1	0
STAB_CSY_LOG2	6	YX15214T	2	0
STAB_CSY_LOG2	6	YX15214T	3	0
STAB_CSY_LOG2	6	YX15214T	4	0
STAB_CSY_LOG2	6	YX15214T	5	1
STAB_CSY_LOG2	6	YX15214T	6	0
STAB_CSY_LOG2	6	YX16009T	1	0.0126903553299492
STAB_CSY_LOG2	6	YX16009T	2	0.0190355329949239
STAB_CSY_LOG2	6	YX16009T	3	0.279187817258883
STAB_CSY_LOG2	6	YX16009T	4	0.66497461928934
STAB_CSY_LOG2	6	YX16009T	5	0
STAB_CSY_LOG2	6	YX16009T	6	0.0241116751269036
STAB_CSY_LOG2	6	YX16011T	1	0
STAB_CSY_LOG2	6	YX16011T	2	0
STAB_CSY_LOG2	6	YX16011T	3	0
STAB_CSY_LOG2	6	YX16011T	4	0
STAB_CSY_LOG2	6	YX16011T	5	1
STAB_CSY_LOG2	6	YX16011T	6	0
STAB_CSY_LOG2	6	YX16068T	1	0
STAB_CSY_LOG2	6	YX16068T	2	0
STAB_CSY_LOG2	6	YX16068T	3	0
STAB_CSY_LOG2	6	YX16068T	4	0
STAB_CSY_LOG2	6	YX16068T	5	1
STAB_CSY_LOG2	6	YX16068T	6	0
STAB_CSY_LOG2	6	YX16070T	1	0
STAB_CSY_LOG2	6	YX16070T	2	0
STAB_CSY_LOG2	6	YX16070T	3	0
STAB_CSY_LOG2	6	YX16070T	4	0
STAB_CSY_LOG2	6	YX16070T	5	1
STAB_CSY_LOG2	6	YX16070T	6	0
STAB_CSY_LOG2	6	YX16075T	1	0.0025062656641604
STAB_CSY_LOG2	6	YX16075T	2	0.0213032581453634
STAB_CSY_LOG2	6	YX16075T	3	0.976190476190476
STAB_CSY_LOG2	6	YX16075T	4	0
STAB_CSY_LOG2	6	YX16075T	5	0
STAB_CSY_LOG2	6	YX16075T	6	0
STAB_CSY_LOG2	6	YX16079T	1	0
STAB_CSY_LOG2	6	YX16079T	2	0
STAB_CSY_LOG2	6	YX16079T	3	0
STAB_CSY_LOG2	6	YX16079T	4	0
STAB_CSY_LOG2	6	YX16079T	5	1
STAB_CSY_LOG2	6	YX16079T	6	0
STAB_CSY_LOG2	6	YX16087T	1	0
STAB_CSY_LOG2	6	YX16087T	2	0
STAB_CSY_LOG2	6	YX16087T	3	0
STAB_CSY_LOG2	6	YX16087T	4	0
STAB_CSY_LOG2	6	YX16087T	5	1
STAB_CSY_LOG2	6	YX16087T	6	0
STAB_CSY_LOG2	6	YX16094T	1	0
STAB_CSY_LOG2	6	YX16094T	2	0
STAB_CSY_LOG2	6	YX16094T	3	0
STAB_CSY_LOG2	6	YX16094T	4	0
STAB_CSY_LOG2	6	YX16094T	5	1
STAB_CSY_LOG2	6	YX16094T	6	0
STAB_CSY_LOG2	6	YX16172T	1	0
STAB_CSY_LOG2	6	YX16172T	2	0
STAB_CSY_LOG2	6	YX16172T	3	0
STAB_CSY_LOG2	6	YX16172T	4	0
STAB_CSY_LOG2	6	YX16172T	5	1
STAB_CSY_LOG2	6	YX16172T	6	0
STAB_CSY_LOG2	6	YX16295T	1	0
STAB_CSY_LOG2	6	YX16295T	2	0
STAB_CSY_LOG2	6	YX16295T	3	0
STAB_CSY_LOG2	6	YX16295T	4	0
STAB_CSY_LOG2	6	YX16295T	5	1
STAB_CSY_LOG2	6	YX16295T	6	0
STAB_CSY_LOG2	6	YX16327T	1	0
STAB_CSY_LOG2	6	YX16327T	2	0
STAB_CSY_LOG2	6	YX16327T	3	0
STAB_CSY_LOG2	6	YX16327T	4	0
STAB_CSY_LOG2	6	YX16327T	5	1
STAB_CSY_LOG2	6	YX16327T	6	0
STAB_CSY_LOG2	6	YX16335T	1	0
STAB_CSY_LOG2	6	YX16335T	2	0.761538461538461
STAB_CSY_LOG2	6	YX16335T	3	0.133333333333333
STAB_CSY_LOG2	6	YX16335T	4	0
STAB_CSY_LOG2	6	YX16335T	5	0
STAB_CSY_LOG2	6	YX16335T	6	0.105128205128205
STAB_CSY_LOG2	6	YX16341T	1	0
STAB_CSY_LOG2	6	YX16341T	2	0
STAB_CSY_LOG2	6	YX16341T	3	0
STAB_CSY_LOG2	6	YX16341T	4	0
STAB_CSY_LOG2	6	YX16341T	5	1
STAB_CSY_LOG2	6	YX16341T	6	0
STAB_CSY_LOG2	6	YX16343T	1	0.936628643852979
STAB_CSY_LOG2	6	YX16343T	2	0.00506970849176172
STAB_CSY_LOG2	6	YX16343T	3	0
STAB_CSY_LOG2	6	YX16343T	4	0.00126742712294043
STAB_CSY_LOG2	6	YX16343T	5	0.0215462610899873
STAB_CSY_LOG2	6	YX16343T	6	0.0354879594423321
STAB_CSY_LOG2	6	YX16347T	1	0.00657894736842105
STAB_CSY_LOG2	6	YX16347T	2	0.0328947368421053
STAB_CSY_LOG2	6	YX16347T	3	0
STAB_CSY_LOG2	6	YX16347T	4	0
STAB_CSY_LOG2	6	YX16347T	5	0
STAB_CSY_LOG2	6	YX16347T	6	0.960526315789474
STAB_UNSUP_HVG	2	YX15261T	1	0.843088418430884
STAB_UNSUP_HVG	2	YX15261T	2	0.156911581569116
STAB_UNSUP_HVG	2	YX15263T	1	0.822393822393822
STAB_UNSUP_HVG	2	YX15263T	2	0.177606177606178
STAB_UNSUP_HVG	2	YX15271T	1	0
STAB_UNSUP_HVG	2	YX15271T	2	1
STAB_UNSUP_HVG	2	YX16036T	1	0
STAB_UNSUP_HVG	2	YX16036T	2	1
STAB_UNSUP_HVG	2	YX16041T	1	0.18639798488665
STAB_UNSUP_HVG	2	YX16041T	2	0.81360201511335
STAB_UNSUP_HVG	2	YX16057T	1	0.0178343949044586
STAB_UNSUP_HVG	2	YX16057T	2	0.982165605095541
STAB_UNSUP_HVG	2	YX16062T	1	0.826781326781327
STAB_UNSUP_HVG	2	YX16062T	2	0.173218673218673
STAB_UNSUP_HVG	2	YX16112T	1	0.34314980793854
STAB_UNSUP_HVG	2	YX16112T	2	0.65685019206146
STAB_UNSUP_HVG	2	YX16113T	1	0.805837563451777
STAB_UNSUP_HVG	2	YX16113T	2	0.194162436548223
STAB_UNSUP_HVG	2	YX16119T	1	0.0831202046035806
STAB_UNSUP_HVG	2	YX16119T	2	0.916879795396419
STAB_UNSUP_HVG	2	YX16120T	1	0.82258064516129
STAB_UNSUP_HVG	2	YX16120T	2	0.17741935483871
STAB_UNSUP_HVG	2	YX16127T	1	0.855696202531646
STAB_UNSUP_HVG	2	YX16127T	2	0.144303797468354
STAB_UNSUP_HVG	2	YX16128T	1	0.055
STAB_UNSUP_HVG	2	YX16128T	2	0.945
STAB_UNSUP_HVG	2	YX16130T	1	0.00125786163522013
STAB_UNSUP_HVG	2	YX16130T	2	0.99874213836478
STAB_UNSUP_HVG	2	YX16132T	1	0.0431472081218274
STAB_UNSUP_HVG	2	YX16132T	2	0.956852791878173
STAB_UNSUP_HVG	2	YX16135T	1	0
STAB_UNSUP_HVG	2	YX16135T	2	1
STAB_UNSUP_HVG	2	YX16139T	1	0.810366624525917
STAB_UNSUP_HVG	2	YX16139T	2	0.189633375474083
STAB_UNSUP_HVG	2	YX16141T	1	0.805210918114144
STAB_UNSUP_HVG	2	YX16141T	2	0.194789081885856
STAB_UNSUP_HVG	2	YX16144T	1	0
STAB_UNSUP_HVG	2	YX16144T	2	1
STAB_UNSUP_HVG	2	YX16147T	1	0.792838874680307
STAB_UNSUP_HVG	2	YX16147T	2	0.207161125319693
STAB_UNSUP_HVG	2	YX16153T	1	0.83312101910828
STAB_UNSUP_HVG	2	YX16153T	2	0.16687898089172
STAB_UNSUP_HVG	2	YX16155T	1	0.829427083333333
STAB_UNSUP_HVG	2	YX16155T	2	0.170572916666667
STAB_UNSUP_HVG	2	YX16158T	1	0.784747847478475
STAB_UNSUP_HVG	2	YX16158T	2	0.215252152521525
STAB_UNSUP_HVG	2	YX16159T	1	0
STAB_UNSUP_HVG	2	YX16159T	2	1
STAB_UNSUP_HVG	2	YX16160T	1	0.830379746835443
STAB_UNSUP_HVG	2	YX16160T	2	0.169620253164557
STAB_UNSUP_HVG	2	YX16161T	1	0
STAB_UNSUP_HVG	2	YX16161T	2	1
STAB_UNSUP_HVG	2	YX16166T	1	0.831055900621118
STAB_UNSUP_HVG	2	YX16166T	2	0.168944099378882
STAB_UNSUP_HVG	2	YX16177T	1	0.831021437578815
STAB_UNSUP_HVG	2	YX16177T	2	0.168978562421185
STAB_UNSUP_HVG	2	YX16178T	1	0.847133757961783
STAB_UNSUP_HVG	2	YX16178T	2	0.152866242038217
STAB_UNSUP_HVG	2	YX16180T	1	0
STAB_UNSUP_HVG	2	YX16180T	2	1
STAB_UNSUP_HVG	2	YX16185T	1	0.832282471626734
STAB_UNSUP_HVG	2	YX16185T	2	0.167717528373266
STAB_UNSUP_HVG	2	YX16188T	1	0.815
STAB_UNSUP_HVG	2	YX16188T	2	0.185
STAB_UNSUP_HVG	2	YX16194T	1	0
STAB_UNSUP_HVG	2	YX16194T	2	1
STAB_UNSUP_HVG	2	YX16202T	1	0.904059040590406
STAB_UNSUP_HVG	2	YX16202T	2	0.0959409594095941
STAB_UNSUP_HVG	2	YX16203T	1	0.00649350649350649
STAB_UNSUP_HVG	2	YX16203T	2	0.993506493506494
STAB_UNSUP_HVG	2	YX16207T	1	0
STAB_UNSUP_HVG	2	YX16207T	2	1
STAB_UNSUP_HVG	2	YX16218T	1	0
STAB_UNSUP_HVG	2	YX16218T	2	1
STAB_UNSUP_HVG	2	YX16222T	1	0.185840707964602
STAB_UNSUP_HVG	2	YX16222T	2	0.814159292035398
STAB_UNSUP_HVG	2	YX16224T	1	0
STAB_UNSUP_HVG	2	YX16224T	2	1
STAB_UNSUP_HVG	2	YX16227T	1	0.188916876574307
STAB_UNSUP_HVG	2	YX16227T	2	0.811083123425693
STAB_UNSUP_HVG	2	YX16236T	1	0.659949622166247
STAB_UNSUP_HVG	2	YX16236T	2	0.340050377833753
STAB_UNSUP_HVG	2	YX15047T	1	0.963885429638854
STAB_UNSUP_HVG	2	YX15047T	2	0.0361145703611457
STAB_UNSUP_HVG	2	YX15106T	1	1
STAB_UNSUP_HVG	2	YX15106T	2	0
STAB_UNSUP_HVG	2	YX15166T	1	1
STAB_UNSUP_HVG	2	YX15166T	2	0
STAB_UNSUP_HVG	2	YX15187T	1	1
STAB_UNSUP_HVG	2	YX15187T	2	0
STAB_UNSUP_HVG	2	YX15211T	1	0.440298507462687
STAB_UNSUP_HVG	2	YX15211T	2	0.559701492537313
STAB_UNSUP_HVG	2	YX15214T	1	1
STAB_UNSUP_HVG	2	YX15214T	2	0
STAB_UNSUP_HVG	2	YX16009T	1	0
STAB_UNSUP_HVG	2	YX16009T	2	1
STAB_UNSUP_HVG	2	YX16011T	1	1
STAB_UNSUP_HVG	2	YX16011T	2	0
STAB_UNSUP_HVG	2	YX16068T	1	1
STAB_UNSUP_HVG	2	YX16068T	2	0
STAB_UNSUP_HVG	2	YX16070T	1	0.602739726027397
STAB_UNSUP_HVG	2	YX16070T	2	0.397260273972603
STAB_UNSUP_HVG	2	YX16075T	1	0
STAB_UNSUP_HVG	2	YX16075T	2	1
STAB_UNSUP_HVG	2	YX16079T	1	0.99874213836478
STAB_UNSUP_HVG	2	YX16079T	2	0.00125786163522013
STAB_UNSUP_HVG	2	YX16087T	1	1
STAB_UNSUP_HVG	2	YX16087T	2	0
STAB_UNSUP_HVG	2	YX16094T	1	0.934918648310388
STAB_UNSUP_HVG	2	YX16094T	2	0.065081351689612
STAB_UNSUP_HVG	2	YX16172T	1	0.569811320754717
STAB_UNSUP_HVG	2	YX16172T	2	0.430188679245283
STAB_UNSUP_HVG	2	YX16295T	1	1
STAB_UNSUP_HVG	2	YX16295T	2	0
STAB_UNSUP_HVG	2	YX16327T	1	1
STAB_UNSUP_HVG	2	YX16327T	2	0
STAB_UNSUP_HVG	2	YX16335T	1	0.836888331242158
STAB_UNSUP_HVG	2	YX16335T	2	0.163111668757842
STAB_UNSUP_HVG	2	YX16341T	1	1
STAB_UNSUP_HVG	2	YX16341T	2	0
STAB_UNSUP_HVG	2	YX16343T	1	1
STAB_UNSUP_HVG	2	YX16343T	2	0
STAB_UNSUP_HVG	2	YX16347T	1	0.830808080808081
STAB_UNSUP_HVG	2	YX16347T	2	0.169191919191919
STAB_UNSUP_HVG	3	YX15261T	1	0.947696139476961
STAB_UNSUP_HVG	3	YX15261T	2	0
STAB_UNSUP_HVG	3	YX15261T	3	0.0523038605230386
STAB_UNSUP_HVG	3	YX15263T	1	0.953667953667954
STAB_UNSUP_HVG	3	YX15263T	2	0.00772200772200772
STAB_UNSUP_HVG	3	YX15263T	3	0.0386100386100386
STAB_UNSUP_HVG	3	YX15271T	1	0
STAB_UNSUP_HVG	3	YX15271T	2	1
STAB_UNSUP_HVG	3	YX15271T	3	0
STAB_UNSUP_HVG	3	YX16036T	1	0.0269230769230769
STAB_UNSUP_HVG	3	YX16036T	2	0.973076923076923
STAB_UNSUP_HVG	3	YX16036T	3	0
STAB_UNSUP_HVG	3	YX16041T	1	0.35264483627204
STAB_UNSUP_HVG	3	YX16041T	2	0.64735516372796
STAB_UNSUP_HVG	3	YX16041T	3	0
STAB_UNSUP_HVG	3	YX16057T	1	0.0878980891719745
STAB_UNSUP_HVG	3	YX16057T	2	0.912101910828025
STAB_UNSUP_HVG	3	YX16057T	3	0
STAB_UNSUP_HVG	3	YX16062T	1	0.94963144963145
STAB_UNSUP_HVG	3	YX16062T	2	0.00982800982800983
STAB_UNSUP_HVG	3	YX16062T	3	0.0405405405405405
STAB_UNSUP_HVG	3	YX16112T	1	0.531370038412292
STAB_UNSUP_HVG	3	YX16112T	2	0.467349551856594
STAB_UNSUP_HVG	3	YX16112T	3	0.00128040973111396
STAB_UNSUP_HVG	3	YX16113T	1	0.949238578680203
STAB_UNSUP_HVG	3	YX16113T	2	0.0228426395939086
STAB_UNSUP_HVG	3	YX16113T	3	0.0279187817258883
STAB_UNSUP_HVG	3	YX16119T	1	0.205882352941176
STAB_UNSUP_HVG	3	YX16119T	2	0.794117647058823
STAB_UNSUP_HVG	3	YX16119T	3	0
STAB_UNSUP_HVG	3	YX16120T	1	0.957816377171216
STAB_UNSUP_HVG	3	YX16120T	2	0
STAB_UNSUP_HVG	3	YX16120T	3	0.0421836228287841
STAB_UNSUP_HVG	3	YX16127T	1	0.949367088607595
STAB_UNSUP_HVG	3	YX16127T	2	0
STAB_UNSUP_HVG	3	YX16127T	3	0.0506329113924051
STAB_UNSUP_HVG	3	YX16128T	1	0.1725
STAB_UNSUP_HVG	3	YX16128T	2	0.8275
STAB_UNSUP_HVG	3	YX16128T	3	0
STAB_UNSUP_HVG	3	YX16130T	1	0.00754716981132075
STAB_UNSUP_HVG	3	YX16130T	2	0.992452830188679
STAB_UNSUP_HVG	3	YX16130T	3	0
STAB_UNSUP_HVG	3	YX16132T	1	0.153553299492386
STAB_UNSUP_HVG	3	YX16132T	2	0.846446700507614
STAB_UNSUP_HVG	3	YX16132T	3	0
STAB_UNSUP_HVG	3	YX16135T	1	0
STAB_UNSUP_HVG	3	YX16135T	2	1
STAB_UNSUP_HVG	3	YX16135T	3	0
STAB_UNSUP_HVG	3	YX16139T	1	0.962073324905183
STAB_UNSUP_HVG	3	YX16139T	2	0.011378002528445
STAB_UNSUP_HVG	3	YX16139T	3	0.0265486725663717
STAB_UNSUP_HVG	3	YX16141T	1	0.901985111662531
STAB_UNSUP_HVG	3	YX16141T	2	0.0285359801488834
STAB_UNSUP_HVG	3	YX16141T	3	0.0694789081885856
STAB_UNSUP_HVG	3	YX16144T	1	0
STAB_UNSUP_HVG	3	YX16144T	2	1
STAB_UNSUP_HVG	3	YX16144T	3	0
STAB_UNSUP_HVG	3	YX16147T	1	0.946291560102302
STAB_UNSUP_HVG	3	YX16147T	2	0.0370843989769821
STAB_UNSUP_HVG	3	YX16147T	3	0.0166240409207161
STAB_UNSUP_HVG	3	YX16153T	1	0.943949044585987
STAB_UNSUP_HVG	3	YX16153T	2	0
STAB_UNSUP_HVG	3	YX16153T	3	0.0560509554140127
STAB_UNSUP_HVG	3	YX16155T	1	0.947916666666667
STAB_UNSUP_HVG	3	YX16155T	2	0
STAB_UNSUP_HVG	3	YX16155T	3	0.0520833333333333
STAB_UNSUP_HVG	3	YX16158T	1	0.90159901599016
STAB_UNSUP_HVG	3	YX16158T	2	0.047970479704797
STAB_UNSUP_HVG	3	YX16158T	3	0.050430504305043
STAB_UNSUP_HVG	3	YX16159T	1	0
STAB_UNSUP_HVG	3	YX16159T	2	1
STAB_UNSUP_HVG	3	YX16159T	3	0
STAB_UNSUP_HVG	3	YX16160T	1	0.918987341772152
STAB_UNSUP_HVG	3	YX16160T	2	0.0265822784810127
STAB_UNSUP_HVG	3	YX16160T	3	0.0544303797468354
STAB_UNSUP_HVG	3	YX16161T	1	0
STAB_UNSUP_HVG	3	YX16161T	2	1
STAB_UNSUP_HVG	3	YX16161T	3	0
STAB_UNSUP_HVG	3	YX16166T	1	0.950310559006211
STAB_UNSUP_HVG	3	YX16166T	2	0
STAB_UNSUP_HVG	3	YX16166T	3	0.0496894409937888
STAB_UNSUP_HVG	3	YX16177T	1	0.958385876418663
STAB_UNSUP_HVG	3	YX16177T	2	0.00126103404791929
STAB_UNSUP_HVG	3	YX16177T	3	0.0403530895334174
STAB_UNSUP_HVG	3	YX16178T	1	0.93375796178344
STAB_UNSUP_HVG	3	YX16178T	2	0
STAB_UNSUP_HVG	3	YX16178T	3	0.0662420382165605
STAB_UNSUP_HVG	3	YX16180T	1	0
STAB_UNSUP_HVG	3	YX16180T	2	1
STAB_UNSUP_HVG	3	YX16180T	3	0
STAB_UNSUP_HVG	3	YX16185T	1	0.944514501891551
STAB_UNSUP_HVG	3	YX16185T	2	0
STAB_UNSUP_HVG	3	YX16185T	3	0.0554854981084489
STAB_UNSUP_HVG	3	YX16188T	1	0.93
STAB_UNSUP_HVG	3	YX16188T	2	0.0275
STAB_UNSUP_HVG	3	YX16188T	3	0.0425
STAB_UNSUP_HVG	3	YX16194T	1	0
STAB_UNSUP_HVG	3	YX16194T	2	1
STAB_UNSUP_HVG	3	YX16194T	3	0
STAB_UNSUP_HVG	3	YX16202T	1	0.821648216482165
STAB_UNSUP_HVG	3	YX16202T	2	0
STAB_UNSUP_HVG	3	YX16202T	3	0.178351783517835
STAB_UNSUP_HVG	3	YX16203T	1	0.0376623376623377
STAB_UNSUP_HVG	3	YX16203T	2	0.962337662337662
STAB_UNSUP_HVG	3	YX16203T	3	0
STAB_UNSUP_HVG	3	YX16207T	1	0
STAB_UNSUP_HVG	3	YX16207T	2	1
STAB_UNSUP_HVG	3	YX16207T	3	0
STAB_UNSUP_HVG	3	YX16218T	1	0
STAB_UNSUP_HVG	3	YX16218T	2	1
STAB_UNSUP_HVG	3	YX16218T	3	0
STAB_UNSUP_HVG	3	YX16222T	1	0.357774968394437
STAB_UNSUP_HVG	3	YX16222T	2	0.642225031605563
STAB_UNSUP_HVG	3	YX16222T	3	0
STAB_UNSUP_HVG	3	YX16224T	1	0
STAB_UNSUP_HVG	3	YX16224T	2	1
STAB_UNSUP_HVG	3	YX16224T	3	0
STAB_UNSUP_HVG	3	YX16227T	1	0.3727959697733
STAB_UNSUP_HVG	3	YX16227T	2	0.6272040302267
STAB_UNSUP_HVG	3	YX16227T	3	0
STAB_UNSUP_HVG	3	YX16236T	1	0.84256926952141
STAB_UNSUP_HVG	3	YX16236T	2	0.141057934508816
STAB_UNSUP_HVG	3	YX16236T	3	0.0163727959697733
STAB_UNSUP_HVG	3	YX15047T	1	0.382316313823163
STAB_UNSUP_HVG	3	YX15047T	2	0.0012453300124533
STAB_UNSUP_HVG	3	YX15047T	3	0.616438356164384
STAB_UNSUP_HVG	3	YX15106T	1	0.00513478818998716
STAB_UNSUP_HVG	3	YX15106T	2	0
STAB_UNSUP_HVG	3	YX15106T	3	0.994865211810013
STAB_UNSUP_HVG	3	YX15166T	1	0.00520833333333333
STAB_UNSUP_HVG	3	YX15166T	2	0
STAB_UNSUP_HVG	3	YX15166T	3	0.994791666666667
STAB_UNSUP_HVG	3	YX15187T	1	0.00505050505050505
STAB_UNSUP_HVG	3	YX15187T	2	0
STAB_UNSUP_HVG	3	YX15187T	3	0.994949494949495
STAB_UNSUP_HVG	3	YX15211T	1	0.593283582089552
STAB_UNSUP_HVG	3	YX15211T	2	0.385572139303483
STAB_UNSUP_HVG	3	YX15211T	3	0.0211442786069652
STAB_UNSUP_HVG	3	YX15214T	1	0.0077720207253886
STAB_UNSUP_HVG	3	YX15214T	2	0
STAB_UNSUP_HVG	3	YX15214T	3	0.992227979274611
STAB_UNSUP_HVG	3	YX16009T	1	0
STAB_UNSUP_HVG	3	YX16009T	2	1
STAB_UNSUP_HVG	3	YX16009T	3	0
STAB_UNSUP_HVG	3	YX16011T	1	0.005249343832021
STAB_UNSUP_HVG	3	YX16011T	2	0
STAB_UNSUP_HVG	3	YX16011T	3	0.994750656167979
STAB_UNSUP_HVG	3	YX16068T	1	0.00639386189258312
STAB_UNSUP_HVG	3	YX16068T	2	0
STAB_UNSUP_HVG	3	YX16068T	3	0.993606138107417
STAB_UNSUP_HVG	3	YX16070T	1	0.585305105853051
STAB_UNSUP_HVG	3	YX16070T	2	0.26027397260274
STAB_UNSUP_HVG	3	YX16070T	3	0.154420921544209
STAB_UNSUP_HVG	3	YX16075T	1	0
STAB_UNSUP_HVG	3	YX16075T	2	1
STAB_UNSUP_HVG	3	YX16075T	3	0
STAB_UNSUP_HVG	3	YX16079T	1	0.0339622641509434
STAB_UNSUP_HVG	3	YX16079T	2	0
STAB_UNSUP_HVG	3	YX16079T	3	0.966037735849057
STAB_UNSUP_HVG	3	YX16087T	1	0.00753768844221105
STAB_UNSUP_HVG	3	YX16087T	2	0
STAB_UNSUP_HVG	3	YX16087T	3	0.992462311557789
STAB_UNSUP_HVG	3	YX16094T	1	0.396745932415519
STAB_UNSUP_HVG	3	YX16094T	2	0.00375469336670839
STAB_UNSUP_HVG	3	YX16094T	3	0.599499374217772
STAB_UNSUP_HVG	3	YX16172T	1	0.666666666666667
STAB_UNSUP_HVG	3	YX16172T	2	0.259119496855346
STAB_UNSUP_HVG	3	YX16172T	3	0.0742138364779874
STAB_UNSUP_HVG	3	YX16295T	1	0.00494437577255871
STAB_UNSUP_HVG	3	YX16295T	2	0
STAB_UNSUP_HVG	3	YX16295T	3	0.995055624227441
STAB_UNSUP_HVG	3	YX16327T	1	0.0267515923566879
STAB_UNSUP_HVG	3	YX16327T	2	0
STAB_UNSUP_HVG	3	YX16327T	3	0.973248407643312
STAB_UNSUP_HVG	3	YX16335T	1	0.948557089084065
STAB_UNSUP_HVG	3	YX16335T	2	0
STAB_UNSUP_HVG	3	YX16335T	3	0.0514429109159348
STAB_UNSUP_HVG	3	YX16341T	1	0.0072992700729927
STAB_UNSUP_HVG	3	YX16341T	2	0
STAB_UNSUP_HVG	3	YX16341T	3	0.992700729927007
STAB_UNSUP_HVG	3	YX16343T	1	0.0397946084724005
STAB_UNSUP_HVG	3	YX16343T	2	0
STAB_UNSUP_HVG	3	YX16343T	3	0.9602053915276
STAB_UNSUP_HVG	3	YX16347T	1	0.948232323232323
STAB_UNSUP_HVG	3	YX16347T	2	0
STAB_UNSUP_HVG	3	YX16347T	3	0.0517676767676768
STAB_UNSUP_HVG	4	YX15261T	1	0.998754669987547
STAB_UNSUP_HVG	4	YX15261T	2	0
STAB_UNSUP_HVG	4	YX15261T	3	0.0012453300124533
STAB_UNSUP_HVG	4	YX15261T	4	0
STAB_UNSUP_HVG	4	YX15263T	1	0.98970398970399
STAB_UNSUP_HVG	4	YX15263T	2	0.00772200772200772
STAB_UNSUP_HVG	4	YX15263T	3	0.00257400257400257
STAB_UNSUP_HVG	4	YX15263T	4	0
STAB_UNSUP_HVG	4	YX15271T	1	0
STAB_UNSUP_HVG	4	YX15271T	2	0.994884910485934
STAB_UNSUP_HVG	4	YX15271T	3	0.0051150895140665
STAB_UNSUP_HVG	4	YX15271T	4	0
STAB_UNSUP_HVG	4	YX16036T	1	0.0256410256410256
STAB_UNSUP_HVG	4	YX16036T	2	0.962820512820513
STAB_UNSUP_HVG	4	YX16036T	3	0.0115384615384615
STAB_UNSUP_HVG	4	YX16036T	4	0
STAB_UNSUP_HVG	4	YX16041T	1	0.341309823677582
STAB_UNSUP_HVG	4	YX16041T	2	0.630982367758186
STAB_UNSUP_HVG	4	YX16041T	3	0.0277078085642317
STAB_UNSUP_HVG	4	YX16041T	4	0
STAB_UNSUP_HVG	4	YX16057T	1	0.0840764331210191
STAB_UNSUP_HVG	4	YX16057T	2	0.898089171974522
STAB_UNSUP_HVG	4	YX16057T	3	0.0178343949044586
STAB_UNSUP_HVG	4	YX16057T	4	0
STAB_UNSUP_HVG	4	YX16062T	1	0.952088452088452
STAB_UNSUP_HVG	4	YX16062T	2	0.0085995085995086
STAB_UNSUP_HVG	4	YX16062T	3	0.0393120393120393
STAB_UNSUP_HVG	4	YX16062T	4	0
STAB_UNSUP_HVG	4	YX16112T	1	0.505761843790013
STAB_UNSUP_HVG	4	YX16112T	2	0.451984635083227
STAB_UNSUP_HVG	4	YX16112T	3	0.0422535211267606
STAB_UNSUP_HVG	4	YX16112T	4	0
STAB_UNSUP_HVG	4	YX16113T	1	0.116751269035533
STAB_UNSUP_HVG	4	YX16113T	2	0.00126903553299492
STAB_UNSUP_HVG	4	YX16113T	3	0.881979695431472
STAB_UNSUP_HVG	4	YX16113T	4	0
STAB_UNSUP_HVG	4	YX16119T	1	0.195652173913043
STAB_UNSUP_HVG	4	YX16119T	2	0.778772378516624
STAB_UNSUP_HVG	4	YX16119T	3	0.0255754475703325
STAB_UNSUP_HVG	4	YX16119T	4	0
STAB_UNSUP_HVG	4	YX16120T	1	0.998759305210918
STAB_UNSUP_HVG	4	YX16120T	2	0
STAB_UNSUP_HVG	4	YX16120T	3	0.00124069478908189
STAB_UNSUP_HVG	4	YX16120T	4	0
STAB_UNSUP_HVG	4	YX16127T	1	0.99873417721519
STAB_UNSUP_HVG	4	YX16127T	2	0
STAB_UNSUP_HVG	4	YX16127T	3	0.00126582278481013
STAB_UNSUP_HVG	4	YX16127T	4	0
STAB_UNSUP_HVG	4	YX16128T	1	0.16375
STAB_UNSUP_HVG	4	YX16128T	2	0.815
STAB_UNSUP_HVG	4	YX16128T	3	0.02125
STAB_UNSUP_HVG	4	YX16128T	4	0
STAB_UNSUP_HVG	4	YX16130T	1	0.00754716981132075
STAB_UNSUP_HVG	4	YX16130T	2	0.987421383647799
STAB_UNSUP_HVG	4	YX16130T	3	0.0050314465408805
STAB_UNSUP_HVG	4	YX16130T	4	0
STAB_UNSUP_HVG	4	YX16132T	1	0.143401015228426
STAB_UNSUP_HVG	4	YX16132T	2	0.83248730964467
STAB_UNSUP_HVG	4	YX16132T	3	0.0241116751269036
STAB_UNSUP_HVG	4	YX16132T	4	0
STAB_UNSUP_HVG	4	YX16135T	1	0
STAB_UNSUP_HVG	4	YX16135T	2	0.99614890885751
STAB_UNSUP_HVG	4	YX16135T	3	0.00385109114249037
STAB_UNSUP_HVG	4	YX16135T	4	0
STAB_UNSUP_HVG	4	YX16139T	1	0.814159292035398
STAB_UNSUP_HVG	4	YX16139T	2	0.00884955752212389
STAB_UNSUP_HVG	4	YX16139T	3	0.176991150442478
STAB_UNSUP_HVG	4	YX16139T	4	0
STAB_UNSUP_HVG	4	YX16141T	1	0.905707196029777
STAB_UNSUP_HVG	4	YX16141T	2	0.0285359801488834
STAB_UNSUP_HVG	4	YX16141T	3	0.0359801488833747
STAB_UNSUP_HVG	4	YX16141T	4	0.0297766749379653
STAB_UNSUP_HVG	4	YX16144T	1	0
STAB_UNSUP_HVG	4	YX16144T	2	0.995037220843672
STAB_UNSUP_HVG	4	YX16144T	3	0.00496277915632754
STAB_UNSUP_HVG	4	YX16144T	4	0
STAB_UNSUP_HVG	4	YX16147T	1	0.0166240409207161
STAB_UNSUP_HVG	4	YX16147T	2	0
STAB_UNSUP_HVG	4	YX16147T	3	0.983375959079284
STAB_UNSUP_HVG	4	YX16147T	4	0
STAB_UNSUP_HVG	4	YX16153T	1	1
STAB_UNSUP_HVG	4	YX16153T	2	0
STAB_UNSUP_HVG	4	YX16153T	3	0
STAB_UNSUP_HVG	4	YX16153T	4	0
STAB_UNSUP_HVG	4	YX16155T	1	0.998697916666667
STAB_UNSUP_HVG	4	YX16155T	2	0
STAB_UNSUP_HVG	4	YX16155T	3	0.00130208333333333
STAB_UNSUP_HVG	4	YX16155T	4	0
STAB_UNSUP_HVG	4	YX16158T	1	0
STAB_UNSUP_HVG	4	YX16158T	2	0
STAB_UNSUP_HVG	4	YX16158T	3	1
STAB_UNSUP_HVG	4	YX16158T	4	0
STAB_UNSUP_HVG	4	YX16159T	1	0
STAB_UNSUP_HVG	4	YX16159T	2	0.994949494949495
STAB_UNSUP_HVG	4	YX16159T	3	0.00505050505050505
STAB_UNSUP_HVG	4	YX16159T	4	0
STAB_UNSUP_HVG	4	YX16160T	1	0.00759493670886076
STAB_UNSUP_HVG	4	YX16160T	2	0
STAB_UNSUP_HVG	4	YX16160T	3	0.988607594936709
STAB_UNSUP_HVG	4	YX16160T	4	0.00379746835443038
STAB_UNSUP_HVG	4	YX16161T	1	0
STAB_UNSUP_HVG	4	YX16161T	2	0.994930291508238
STAB_UNSUP_HVG	4	YX16161T	3	0.00506970849176172
STAB_UNSUP_HVG	4	YX16161T	4	0
STAB_UNSUP_HVG	4	YX16166T	1	0.998757763975155
STAB_UNSUP_HVG	4	YX16166T	2	0
STAB_UNSUP_HVG	4	YX16166T	3	0.00124223602484472
STAB_UNSUP_HVG	4	YX16166T	4	0
STAB_UNSUP_HVG	4	YX16177T	1	0.996216897856242
STAB_UNSUP_HVG	4	YX16177T	2	0.00126103404791929
STAB_UNSUP_HVG	4	YX16177T	3	0.00252206809583859
STAB_UNSUP_HVG	4	YX16177T	4	0
STAB_UNSUP_HVG	4	YX16178T	1	0.985987261146497
STAB_UNSUP_HVG	4	YX16178T	2	0
STAB_UNSUP_HVG	4	YX16178T	3	0.00636942675159236
STAB_UNSUP_HVG	4	YX16178T	4	0.00764331210191083
STAB_UNSUP_HVG	4	YX16180T	1	0
STAB_UNSUP_HVG	4	YX16180T	2	0.99737532808399
STAB_UNSUP_HVG	4	YX16180T	3	0.0026246719160105
STAB_UNSUP_HVG	4	YX16180T	4	0
STAB_UNSUP_HVG	4	YX16185T	1	0.998738965952081
STAB_UNSUP_HVG	4	YX16185T	2	0
STAB_UNSUP_HVG	4	YX16185T	3	0.00126103404791929
STAB_UNSUP_HVG	4	YX16185T	4	0
STAB_UNSUP_HVG	4	YX16188T	1	0.01625
STAB_UNSUP_HVG	4	YX16188T	2	0
STAB_UNSUP_HVG	4	YX16188T	3	0.98375
STAB_UNSUP_HVG	4	YX16188T	4	0
STAB_UNSUP_HVG	4	YX16194T	1	0
STAB_UNSUP_HVG	4	YX16194T	2	0.99873417721519
STAB_UNSUP_HVG	4	YX16194T	3	0.00126582278481013
STAB_UNSUP_HVG	4	YX16194T	4	0
STAB_UNSUP_HVG	4	YX16202T	1	0.038130381303813
STAB_UNSUP_HVG	4	YX16202T	2	0
STAB_UNSUP_HVG	4	YX16202T	3	0.836408364083641
STAB_UNSUP_HVG	4	YX16202T	4	0.125461254612546
STAB_UNSUP_HVG	4	YX16203T	1	0.0350649350649351
STAB_UNSUP_HVG	4	YX16203T	2	0.954545454545455
STAB_UNSUP_HVG	4	YX16203T	3	0.0103896103896104
STAB_UNSUP_HVG	4	YX16203T	4	0
STAB_UNSUP_HVG	4	YX16207T	1	0
STAB_UNSUP_HVG	4	YX16207T	2	0.995085995085995
STAB_UNSUP_HVG	4	YX16207T	3	0.00491400491400491
STAB_UNSUP_HVG	4	YX16207T	4	0
STAB_UNSUP_HVG	4	YX16218T	1	0
STAB_UNSUP_HVG	4	YX16218T	2	0.997405966277562
STAB_UNSUP_HVG	4	YX16218T	3	0.00259403372243839
STAB_UNSUP_HVG	4	YX16218T	4	0
STAB_UNSUP_HVG	4	YX16222T	1	0.348925410872314
STAB_UNSUP_HVG	4	YX16222T	2	0.627054361567636
STAB_UNSUP_HVG	4	YX16222T	3	0.0240202275600506
STAB_UNSUP_HVG	4	YX16222T	4	0
STAB_UNSUP_HVG	4	YX16224T	1	0
STAB_UNSUP_HVG	4	YX16224T	2	0.997347480106101
STAB_UNSUP_HVG	4	YX16224T	3	0.0026525198938992
STAB_UNSUP_HVG	4	YX16224T	4	0
STAB_UNSUP_HVG	4	YX16227T	1	0.36272040302267
STAB_UNSUP_HVG	4	YX16227T	2	0.613350125944584
STAB_UNSUP_HVG	4	YX16227T	3	0.0239294710327456
STAB_UNSUP_HVG	4	YX16227T	4	0
STAB_UNSUP_HVG	4	YX16236T	1	0.851385390428212
STAB_UNSUP_HVG	4	YX16236T	2	0.133501259445844
STAB_UNSUP_HVG	4	YX16236T	3	0.0151133501259446
STAB_UNSUP_HVG	4	YX16236T	4	0
STAB_UNSUP_HVG	4	YX15047T	1	0.391033623910336
STAB_UNSUP_HVG	4	YX15047T	2	0.0012453300124533
STAB_UNSUP_HVG	4	YX15047T	3	0.0149439601494396
STAB_UNSUP_HVG	4	YX15047T	4	0.592777085927771
STAB_UNSUP_HVG	4	YX15106T	1	0
STAB_UNSUP_HVG	4	YX15106T	2	0
STAB_UNSUP_HVG	4	YX15106T	3	0
STAB_UNSUP_HVG	4	YX15106T	4	1
STAB_UNSUP_HVG	4	YX15166T	1	0
STAB_UNSUP_HVG	4	YX15166T	2	0
STAB_UNSUP_HVG	4	YX15166T	3	0
STAB_UNSUP_HVG	4	YX15166T	4	1
STAB_UNSUP_HVG	4	YX15187T	1	0
STAB_UNSUP_HVG	4	YX15187T	2	0
STAB_UNSUP_HVG	4	YX15187T	3	0
STAB_UNSUP_HVG	4	YX15187T	4	1
STAB_UNSUP_HVG	4	YX15211T	1	0.584577114427861
STAB_UNSUP_HVG	4	YX15211T	2	0.376865671641791
STAB_UNSUP_HVG	4	YX15211T	3	0.0335820895522388
STAB_UNSUP_HVG	4	YX15211T	4	0.00497512437810945
STAB_UNSUP_HVG	4	YX15214T	1	0
STAB_UNSUP_HVG	4	YX15214T	2	0
STAB_UNSUP_HVG	4	YX15214T	3	0
STAB_UNSUP_HVG	4	YX15214T	4	1
STAB_UNSUP_HVG	4	YX16009T	1	0
STAB_UNSUP_HVG	4	YX16009T	2	0.997503121098627
STAB_UNSUP_HVG	4	YX16009T	3	0.00249687890137328
STAB_UNSUP_HVG	4	YX16009T	4	0
STAB_UNSUP_HVG	4	YX16011T	1	0
STAB_UNSUP_HVG	4	YX16011T	2	0
STAB_UNSUP_HVG	4	YX16011T	3	0
STAB_UNSUP_HVG	4	YX16011T	4	1
STAB_UNSUP_HVG	4	YX16068T	1	0
STAB_UNSUP_HVG	4	YX16068T	2	0
STAB_UNSUP_HVG	4	YX16068T	3	0
STAB_UNSUP_HVG	4	YX16068T	4	1
STAB_UNSUP_HVG	4	YX16070T	1	0.565379825653798
STAB_UNSUP_HVG	4	YX16070T	2	0.25653798256538
STAB_UNSUP_HVG	4	YX16070T	3	0.0485678704856787
STAB_UNSUP_HVG	4	YX16070T	4	0.129514321295143
STAB_UNSUP_HVG	4	YX16075T	1	0
STAB_UNSUP_HVG	4	YX16075T	2	0.996103896103896
STAB_UNSUP_HVG	4	YX16075T	3	0.0038961038961039
STAB_UNSUP_HVG	4	YX16075T	4	0
STAB_UNSUP_HVG	4	YX16079T	1	0.0289308176100629
STAB_UNSUP_HVG	4	YX16079T	2	0
STAB_UNSUP_HVG	4	YX16079T	3	0.00125786163522013
STAB_UNSUP_HVG	4	YX16079T	4	0.969811320754717
STAB_UNSUP_HVG	4	YX16087T	1	0
STAB_UNSUP_HVG	4	YX16087T	2	0
STAB_UNSUP_HVG	4	YX16087T	3	0
STAB_UNSUP_HVG	4	YX16087T	4	1
STAB_UNSUP_HVG	4	YX16094T	1	0.389236545682103
STAB_UNSUP_HVG	4	YX16094T	2	0.00375469336670839
STAB_UNSUP_HVG	4	YX16094T	3	0.0300375469336671
STAB_UNSUP_HVG	4	YX16094T	4	0.576971214017522
STAB_UNSUP_HVG	4	YX16172T	1	0.647798742138365
STAB_UNSUP_HVG	4	YX16172T	2	0.255345911949686
STAB_UNSUP_HVG	4	YX16172T	3	0.0490566037735849
STAB_UNSUP_HVG	4	YX16172T	4	0.0477987421383648
STAB_UNSUP_HVG	4	YX16295T	1	0
STAB_UNSUP_HVG	4	YX16295T	2	0
STAB_UNSUP_HVG	4	YX16295T	3	0
STAB_UNSUP_HVG	4	YX16295T	4	1
STAB_UNSUP_HVG	4	YX16327T	1	0.0203821656050955
STAB_UNSUP_HVG	4	YX16327T	2	0
STAB_UNSUP_HVG	4	YX16327T	3	0
STAB_UNSUP_HVG	4	YX16327T	4	0.979617834394904
STAB_UNSUP_HVG	4	YX16335T	1	0.998745294855709
STAB_UNSUP_HVG	4	YX16335T	2	0
STAB_UNSUP_HVG	4	YX16335T	3	0.00125470514429109
STAB_UNSUP_HVG	4	YX16335T	4	0
STAB_UNSUP_HVG	4	YX16341T	1	0.00121654501216545
STAB_UNSUP_HVG	4	YX16341T	2	0
STAB_UNSUP_HVG	4	YX16341T	3	0
STAB_UNSUP_HVG	4	YX16341T	4	0.998783454987834
STAB_UNSUP_HVG	4	YX16343T	1	0.0397946084724005
STAB_UNSUP_HVG	4	YX16343T	2	0
STAB_UNSUP_HVG	4	YX16343T	3	0.00128369704749679
STAB_UNSUP_HVG	4	YX16343T	4	0.958921694480103
STAB_UNSUP_HVG	4	YX16347T	1	1
STAB_UNSUP_HVG	4	YX16347T	2	0
STAB_UNSUP_HVG	4	YX16347T	3	0
STAB_UNSUP_HVG	4	YX16347T	4	0
STAB_UNSUP_HVG	5	YX15261T	1	0.998754669987547
STAB_UNSUP_HVG	5	YX15261T	2	0
STAB_UNSUP_HVG	5	YX15261T	3	0.0012453300124533
STAB_UNSUP_HVG	5	YX15261T	4	0
STAB_UNSUP_HVG	5	YX15261T	5	0
STAB_UNSUP_HVG	5	YX15263T	1	0.903474903474903
STAB_UNSUP_HVG	5	YX15263T	2	0
STAB_UNSUP_HVG	5	YX15263T	3	0.0952380952380952
STAB_UNSUP_HVG	5	YX15263T	4	0.00128700128700129
STAB_UNSUP_HVG	5	YX15263T	5	0
STAB_UNSUP_HVG	5	YX15271T	1	0
STAB_UNSUP_HVG	5	YX15271T	2	1
STAB_UNSUP_HVG	5	YX15271T	3	0
STAB_UNSUP_HVG	5	YX15271T	4	0
STAB_UNSUP_HVG	5	YX15271T	5	0
STAB_UNSUP_HVG	5	YX16036T	1	0
STAB_UNSUP_HVG	5	YX16036T	2	0.606410256410256
STAB_UNSUP_HVG	5	YX16036T	3	0.393589743589744
STAB_UNSUP_HVG	5	YX16036T	4	0
STAB_UNSUP_HVG	5	YX16036T	5	0
STAB_UNSUP_HVG	5	YX16041T	1	0.0516372795969773
STAB_UNSUP_HVG	5	YX16041T	2	0.123425692695214
STAB_UNSUP_HVG	5	YX16041T	3	0.824937027707809
STAB_UNSUP_HVG	5	YX16041T	4	0
STAB_UNSUP_HVG	5	YX16041T	5	0
STAB_UNSUP_HVG	5	YX16057T	1	0.00127388535031847
STAB_UNSUP_HVG	5	YX16057T	2	0.445859872611465
STAB_UNSUP_HVG	5	YX16057T	3	0.552866242038217
STAB_UNSUP_HVG	5	YX16057T	4	0
STAB_UNSUP_HVG	5	YX16057T	5	0
STAB_UNSUP_HVG	5	YX16062T	1	0.755528255528256
STAB_UNSUP_HVG	5	YX16062T	2	0
STAB_UNSUP_HVG	5	YX16062T	3	0.203931203931204
STAB_UNSUP_HVG	5	YX16062T	4	0.0405405405405405
STAB_UNSUP_HVG	5	YX16062T	5	0
STAB_UNSUP_HVG	5	YX16112T	1	0.170294494238156
STAB_UNSUP_HVG	5	YX16112T	2	0.060179257362356
STAB_UNSUP_HVG	5	YX16112T	3	0.752880921895006
STAB_UNSUP_HVG	5	YX16112T	4	0.0166453265044814
STAB_UNSUP_HVG	5	YX16112T	5	0
STAB_UNSUP_HVG	5	YX16113T	1	0.0748730964467005
STAB_UNSUP_HVG	5	YX16113T	2	0
STAB_UNSUP_HVG	5	YX16113T	3	0.0279187817258883
STAB_UNSUP_HVG	5	YX16113T	4	0.897208121827411
STAB_UNSUP_HVG	5	YX16113T	5	0
STAB_UNSUP_HVG	5	YX16119T	1	0.00895140664961637
STAB_UNSUP_HVG	5	YX16119T	2	0.289002557544757
STAB_UNSUP_HVG	5	YX16119T	3	0.702046035805627
STAB_UNSUP_HVG	5	YX16119T	4	0
STAB_UNSUP_HVG	5	YX16119T	5	0
STAB_UNSUP_HVG	5	YX16120T	1	0.972704714640198
STAB_UNSUP_HVG	5	YX16120T	2	0
STAB_UNSUP_HVG	5	YX16120T	3	0.0272952853598015
STAB_UNSUP_HVG	5	YX16120T	4	0
STAB_UNSUP_HVG	5	YX16120T	5	0
STAB_UNSUP_HVG	5	YX16127T	1	0.99873417721519
STAB_UNSUP_HVG	5	YX16127T	2	0
STAB_UNSUP_HVG	5	YX16127T	3	0.00126582278481013
STAB_UNSUP_HVG	5	YX16127T	4	0
STAB_UNSUP_HVG	5	YX16127T	5	0
STAB_UNSUP_HVG	5	YX16128T	1	0.00375
STAB_UNSUP_HVG	5	YX16128T	2	0.32125
STAB_UNSUP_HVG	5	YX16128T	3	0.675
STAB_UNSUP_HVG	5	YX16128T	4	0
STAB_UNSUP_HVG	5	YX16128T	5	0
STAB_UNSUP_HVG	5	YX16130T	1	0
STAB_UNSUP_HVG	5	YX16130T	2	0.831446540880503
STAB_UNSUP_HVG	5	YX16130T	3	0.168553459119497
STAB_UNSUP_HVG	5	YX16130T	4	0
STAB_UNSUP_HVG	5	YX16130T	5	0
STAB_UNSUP_HVG	5	YX16132T	1	0.00380710659898477
STAB_UNSUP_HVG	5	YX16132T	2	0.33502538071066
STAB_UNSUP_HVG	5	YX16132T	3	0.661167512690355
STAB_UNSUP_HVG	5	YX16132T	4	0
STAB_UNSUP_HVG	5	YX16132T	5	0
STAB_UNSUP_HVG	5	YX16135T	1	0
STAB_UNSUP_HVG	5	YX16135T	2	1
STAB_UNSUP_HVG	5	YX16135T	3	0
STAB_UNSUP_HVG	5	YX16135T	4	0
STAB_UNSUP_HVG	5	YX16135T	5	0
STAB_UNSUP_HVG	5	YX16139T	1	0.633375474083439
STAB_UNSUP_HVG	5	YX16139T	2	0
STAB_UNSUP_HVG	5	YX16139T	3	0.187104930467762
STAB_UNSUP_HVG	5	YX16139T	4	0.179519595448799
STAB_UNSUP_HVG	5	YX16139T	5	0
STAB_UNSUP_HVG	5	YX16141T	1	0.61166253101737
STAB_UNSUP_HVG	5	YX16141T	2	0
STAB_UNSUP_HVG	5	YX16141T	3	0.351116625310174
STAB_UNSUP_HVG	5	YX16141T	4	0.0272952853598015
STAB_UNSUP_HVG	5	YX16141T	5	0.00992555831265509
STAB_UNSUP_HVG	5	YX16144T	1	0
STAB_UNSUP_HVG	5	YX16144T	2	0.995037220843672
STAB_UNSUP_HVG	5	YX16144T	3	0.00496277915632754
STAB_UNSUP_HVG	5	YX16144T	4	0
STAB_UNSUP_HVG	5	YX16144T	5	0
STAB_UNSUP_HVG	5	YX16147T	1	0
STAB_UNSUP_HVG	5	YX16147T	2	0
STAB_UNSUP_HVG	5	YX16147T	3	0.0051150895140665
STAB_UNSUP_HVG	5	YX16147T	4	0.994884910485934
STAB_UNSUP_HVG	5	YX16147T	5	0
STAB_UNSUP_HVG	5	YX16153T	1	0.998726114649682
STAB_UNSUP_HVG	5	YX16153T	2	0
STAB_UNSUP_HVG	5	YX16153T	3	0.00127388535031847
STAB_UNSUP_HVG	5	YX16153T	4	0
STAB_UNSUP_HVG	5	YX16153T	5	0
STAB_UNSUP_HVG	5	YX16155T	1	0.998697916666667
STAB_UNSUP_HVG	5	YX16155T	2	0
STAB_UNSUP_HVG	5	YX16155T	3	0.00130208333333333
STAB_UNSUP_HVG	5	YX16155T	4	0
STAB_UNSUP_HVG	5	YX16155T	5	0
STAB_UNSUP_HVG	5	YX16158T	1	0
STAB_UNSUP_HVG	5	YX16158T	2	0
STAB_UNSUP_HVG	5	YX16158T	3	0
STAB_UNSUP_HVG	5	YX16158T	4	1
STAB_UNSUP_HVG	5	YX16158T	5	0
STAB_UNSUP_HVG	5	YX16159T	1	0
STAB_UNSUP_HVG	5	YX16159T	2	1
STAB_UNSUP_HVG	5	YX16159T	3	0
STAB_UNSUP_HVG	5	YX16159T	4	0
STAB_UNSUP_HVG	5	YX16159T	5	0
STAB_UNSUP_HVG	5	YX16160T	1	0
STAB_UNSUP_HVG	5	YX16160T	2	0
STAB_UNSUP_HVG	5	YX16160T	3	0
STAB_UNSUP_HVG	5	YX16160T	4	1
STAB_UNSUP_HVG	5	YX16160T	5	0
STAB_UNSUP_HVG	5	YX16161T	1	0
STAB_UNSUP_HVG	5	YX16161T	2	1
STAB_UNSUP_HVG	5	YX16161T	3	0
STAB_UNSUP_HVG	5	YX16161T	4	0
STAB_UNSUP_HVG	5	YX16161T	5	0
STAB_UNSUP_HVG	5	YX16166T	1	0.998757763975155
STAB_UNSUP_HVG	5	YX16166T	2	0
STAB_UNSUP_HVG	5	YX16166T	3	0.00124223602484472
STAB_UNSUP_HVG	5	YX16166T	4	0
STAB_UNSUP_HVG	5	YX16166T	5	0
STAB_UNSUP_HVG	5	YX16177T	1	0.943253467843632
STAB_UNSUP_HVG	5	YX16177T	2	0
STAB_UNSUP_HVG	5	YX16177T	3	0.0529634300126103
STAB_UNSUP_HVG	5	YX16177T	4	0.00378310214375788
STAB_UNSUP_HVG	5	YX16177T	5	0
STAB_UNSUP_HVG	5	YX16178T	1	0.845859872611465
STAB_UNSUP_HVG	5	YX16178T	2	0
STAB_UNSUP_HVG	5	YX16178T	3	0.147770700636943
STAB_UNSUP_HVG	5	YX16178T	4	0.00509554140127389
STAB_UNSUP_HVG	5	YX16178T	5	0.00127388535031847
STAB_UNSUP_HVG	5	YX16180T	1	0
STAB_UNSUP_HVG	5	YX16180T	2	0.994750656167979
STAB_UNSUP_HVG	5	YX16180T	3	0.005249343832021
STAB_UNSUP_HVG	5	YX16180T	4	0
STAB_UNSUP_HVG	5	YX16180T	5	0
STAB_UNSUP_HVG	5	YX16185T	1	0.998738965952081
STAB_UNSUP_HVG	5	YX16185T	2	0
STAB_UNSUP_HVG	5	YX16185T	3	0.00126103404791929
STAB_UNSUP_HVG	5	YX16185T	4	0
STAB_UNSUP_HVG	5	YX16185T	5	0
STAB_UNSUP_HVG	5	YX16188T	1	0
STAB_UNSUP_HVG	5	YX16188T	2	0
STAB_UNSUP_HVG	5	YX16188T	3	0.005
STAB_UNSUP_HVG	5	YX16188T	4	0.995
STAB_UNSUP_HVG	5	YX16188T	5	0
STAB_UNSUP_HVG	5	YX16194T	1	0
STAB_UNSUP_HVG	5	YX16194T	2	0.99746835443038
STAB_UNSUP_HVG	5	YX16194T	3	0.00253164556962025
STAB_UNSUP_HVG	5	YX16194T	4	0
STAB_UNSUP_HVG	5	YX16194T	5	0
STAB_UNSUP_HVG	5	YX16202T	1	0.014760147601476
STAB_UNSUP_HVG	5	YX16202T	2	0
STAB_UNSUP_HVG	5	YX16202T	3	0.033210332103321
STAB_UNSUP_HVG	5	YX16202T	4	0.848708487084871
STAB_UNSUP_HVG	5	YX16202T	5	0.103321033210332
STAB_UNSUP_HVG	5	YX16203T	1	0
STAB_UNSUP_HVG	5	YX16203T	2	0.705194805194805
STAB_UNSUP_HVG	5	YX16203T	3	0.294805194805195
STAB_UNSUP_HVG	5	YX16203T	4	0
STAB_UNSUP_HVG	5	YX16203T	5	0
STAB_UNSUP_HVG	5	YX16207T	1	0
STAB_UNSUP_HVG	5	YX16207T	2	1
STAB_UNSUP_HVG	5	YX16207T	3	0
STAB_UNSUP_HVG	5	YX16207T	4	0
STAB_UNSUP_HVG	5	YX16207T	5	0
STAB_UNSUP_HVG	5	YX16218T	1	0
STAB_UNSUP_HVG	5	YX16218T	2	0.976653696498054
STAB_UNSUP_HVG	5	YX16218T	3	0.0233463035019455
STAB_UNSUP_HVG	5	YX16218T	4	0
STAB_UNSUP_HVG	5	YX16218T	5	0
STAB_UNSUP_HVG	5	YX16222T	1	0.0581542351453856
STAB_UNSUP_HVG	5	YX16222T	2	0.116308470290771
STAB_UNSUP_HVG	5	YX16222T	3	0.824273072060683
STAB_UNSUP_HVG	5	YX16222T	4	0.00126422250316056
STAB_UNSUP_HVG	5	YX16222T	5	0
STAB_UNSUP_HVG	5	YX16224T	1	0
STAB_UNSUP_HVG	5	YX16224T	2	0.99867374005305
STAB_UNSUP_HVG	5	YX16224T	3	0.0013262599469496
STAB_UNSUP_HVG	5	YX16224T	4	0
STAB_UNSUP_HVG	5	YX16224T	5	0
STAB_UNSUP_HVG	5	YX16227T	1	0.0566750629722922
STAB_UNSUP_HVG	5	YX16227T	2	0.109571788413098
STAB_UNSUP_HVG	5	YX16227T	3	0.83375314861461
STAB_UNSUP_HVG	5	YX16227T	4	0
STAB_UNSUP_HVG	5	YX16227T	5	0
STAB_UNSUP_HVG	5	YX16236T	1	0.691435768261965
STAB_UNSUP_HVG	5	YX16236T	2	0.00251889168765743
STAB_UNSUP_HVG	5	YX16236T	3	0.304785894206549
STAB_UNSUP_HVG	5	YX16236T	4	0.00125944584382872
STAB_UNSUP_HVG	5	YX16236T	5	0
STAB_UNSUP_HVG	5	YX15047T	1	0.283935242839352
STAB_UNSUP_HVG	5	YX15047T	2	0
STAB_UNSUP_HVG	5	YX15047T	3	0.123287671232877
STAB_UNSUP_HVG	5	YX15047T	4	0.0149439601494396
STAB_UNSUP_HVG	5	YX15047T	5	0.577833125778331
STAB_UNSUP_HVG	5	YX15106T	1	0
STAB_UNSUP_HVG	5	YX15106T	2	0
STAB_UNSUP_HVG	5	YX15106T	3	0
STAB_UNSUP_HVG	5	YX15106T	4	0
STAB_UNSUP_HVG	5	YX15106T	5	1
STAB_UNSUP_HVG	5	YX15166T	1	0
STAB_UNSUP_HVG	5	YX15166T	2	0
STAB_UNSUP_HVG	5	YX15166T	3	0
STAB_UNSUP_HVG	5	YX15166T	4	0
STAB_UNSUP_HVG	5	YX15166T	5	1
STAB_UNSUP_HVG	5	YX15187T	1	0
STAB_UNSUP_HVG	5	YX15187T	2	0
STAB_UNSUP_HVG	5	YX15187T	3	0
STAB_UNSUP_HVG	5	YX15187T	4	0
STAB_UNSUP_HVG	5	YX15187T	5	1
STAB_UNSUP_HVG	5	YX15211T	1	0.143034825870647
STAB_UNSUP_HVG	5	YX15211T	2	0.00373134328358209
STAB_UNSUP_HVG	5	YX15211T	3	0.835820895522388
STAB_UNSUP_HVG	5	YX15211T	4	0.0174129353233831
STAB_UNSUP_HVG	5	YX15211T	5	0
STAB_UNSUP_HVG	5	YX15214T	1	0
STAB_UNSUP_HVG	5	YX15214T	2	0
STAB_UNSUP_HVG	5	YX15214T	3	0
STAB_UNSUP_HVG	5	YX15214T	4	0
STAB_UNSUP_HVG	5	YX15214T	5	1
STAB_UNSUP_HVG	5	YX16009T	1	0
STAB_UNSUP_HVG	5	YX16009T	2	0.99625468164794
STAB_UNSUP_HVG	5	YX16009T	3	0.00374531835205993
STAB_UNSUP_HVG	5	YX16009T	4	0
STAB_UNSUP_HVG	5	YX16009T	5	0
STAB_UNSUP_HVG	5	YX16011T	1	0
STAB_UNSUP_HVG	5	YX16011T	2	0
STAB_UNSUP_HVG	5	YX16011T	3	0
STAB_UNSUP_HVG	5	YX16011T	4	0
STAB_UNSUP_HVG	5	YX16011T	5	1
STAB_UNSUP_HVG	5	YX16068T	1	0
STAB_UNSUP_HVG	5	YX16068T	2	0
STAB_UNSUP_HVG	5	YX16068T	3	0
STAB_UNSUP_HVG	5	YX16068T	4	0
STAB_UNSUP_HVG	5	YX16068T	5	1
STAB_UNSUP_HVG	5	YX16070T	1	0.176836861768369
STAB_UNSUP_HVG	5	YX16070T	2	0.0099626400996264
STAB_UNSUP_HVG	5	YX16070T	3	0.678704856787049
STAB_UNSUP_HVG	5	YX16070T	4	0.0323785803237858
STAB_UNSUP_HVG	5	YX16070T	5	0.102117061021171
STAB_UNSUP_HVG	5	YX16075T	1	0
STAB_UNSUP_HVG	5	YX16075T	2	1
STAB_UNSUP_HVG	5	YX16075T	3	0
STAB_UNSUP_HVG	5	YX16075T	4	0
STAB_UNSUP_HVG	5	YX16075T	5	0
STAB_UNSUP_HVG	5	YX16079T	1	0.0264150943396226
STAB_UNSUP_HVG	5	YX16079T	2	0
STAB_UNSUP_HVG	5	YX16079T	3	0.0113207547169811
STAB_UNSUP_HVG	5	YX16079T	4	0
STAB_UNSUP_HVG	5	YX16079T	5	0.962264150943396
STAB_UNSUP_HVG	5	YX16087T	1	0
STAB_UNSUP_HVG	5	YX16087T	2	0
STAB_UNSUP_HVG	5	YX16087T	3	0
STAB_UNSUP_HVG	5	YX16087T	4	0
STAB_UNSUP_HVG	5	YX16087T	5	1
STAB_UNSUP_HVG	5	YX16094T	1	0.171464330413016
STAB_UNSUP_HVG	5	YX16094T	2	0
STAB_UNSUP_HVG	5	YX16094T	3	0.259073842302879
STAB_UNSUP_HVG	5	YX16094T	4	0.0237797246558198
STAB_UNSUP_HVG	5	YX16094T	5	0.545682102628285
STAB_UNSUP_HVG	5	YX16172T	1	0.178616352201258
STAB_UNSUP_HVG	5	YX16172T	2	0
STAB_UNSUP_HVG	5	YX16172T	3	0.771069182389937
STAB_UNSUP_HVG	5	YX16172T	4	0.030188679245283
STAB_UNSUP_HVG	5	YX16172T	5	0.020125786163522
STAB_UNSUP_HVG	5	YX16295T	1	0
STAB_UNSUP_HVG	5	YX16295T	2	0
STAB_UNSUP_HVG	5	YX16295T	3	0
STAB_UNSUP_HVG	5	YX16295T	4	0
STAB_UNSUP_HVG	5	YX16295T	5	1
STAB_UNSUP_HVG	5	YX16327T	1	0.0127388535031847
STAB_UNSUP_HVG	5	YX16327T	2	0
STAB_UNSUP_HVG	5	YX16327T	3	0.0229299363057325
STAB_UNSUP_HVG	5	YX16327T	4	0
STAB_UNSUP_HVG	5	YX16327T	5	0.964331210191083
STAB_UNSUP_HVG	5	YX16335T	1	0.998745294855709
STAB_UNSUP_HVG	5	YX16335T	2	0
STAB_UNSUP_HVG	5	YX16335T	3	0.00125470514429109
STAB_UNSUP_HVG	5	YX16335T	4	0
STAB_UNSUP_HVG	5	YX16335T	5	0
STAB_UNSUP_HVG	5	YX16341T	1	0.00121654501216545
STAB_UNSUP_HVG	5	YX16341T	2	0
STAB_UNSUP_HVG	5	YX16341T	3	0.00608272506082725
STAB_UNSUP_HVG	5	YX16341T	4	0
STAB_UNSUP_HVG	5	YX16341T	5	0.992700729927007
STAB_UNSUP_HVG	5	YX16343T	1	0.0179717586649551
STAB_UNSUP_HVG	5	YX16343T	2	0
STAB_UNSUP_HVG	5	YX16343T	3	0.0346598202824134
STAB_UNSUP_HVG	5	YX16343T	4	0.00128369704749679
STAB_UNSUP_HVG	5	YX16343T	5	0.946084724005135
STAB_UNSUP_HVG	5	YX16347T	1	0.996212121212121
STAB_UNSUP_HVG	5	YX16347T	2	0
STAB_UNSUP_HVG	5	YX16347T	3	0.00378787878787879
STAB_UNSUP_HVG	5	YX16347T	4	0
STAB_UNSUP_HVG	5	YX16347T	5	0
STAB_UNSUP_HVG	6	YX15261T	1	0.983810709838107
STAB_UNSUP_HVG	6	YX15261T	2	0
STAB_UNSUP_HVG	6	YX15261T	3	0.0037359900373599
STAB_UNSUP_HVG	6	YX15261T	4	0
STAB_UNSUP_HVG	6	YX15261T	5	0
STAB_UNSUP_HVG	6	YX15261T	6	0.012453300124533
STAB_UNSUP_HVG	6	YX15263T	1	0.841698841698842
STAB_UNSUP_HVG	6	YX15263T	2	0
STAB_UNSUP_HVG	6	YX15263T	3	0.128700128700129
STAB_UNSUP_HVG	6	YX15263T	4	0.00128700128700129
STAB_UNSUP_HVG	6	YX15263T	5	0
STAB_UNSUP_HVG	6	YX15263T	6	0.0283140283140283
STAB_UNSUP_HVG	6	YX15271T	1	0
STAB_UNSUP_HVG	6	YX15271T	2	1
STAB_UNSUP_HVG	6	YX15271T	3	0
STAB_UNSUP_HVG	6	YX15271T	4	0
STAB_UNSUP_HVG	6	YX15271T	5	0
STAB_UNSUP_HVG	6	YX15271T	6	0
STAB_UNSUP_HVG	6	YX16036T	1	0
STAB_UNSUP_HVG	6	YX16036T	2	0.532051282051282
STAB_UNSUP_HVG	6	YX16036T	3	0.467948717948718
STAB_UNSUP_HVG	6	YX16036T	4	0
STAB_UNSUP_HVG	6	YX16036T	5	0
STAB_UNSUP_HVG	6	YX16036T	6	0
STAB_UNSUP_HVG	6	YX16041T	1	0.00755667506297229
STAB_UNSUP_HVG	6	YX16041T	2	0.0125944584382872
STAB_UNSUP_HVG	6	YX16041T	3	0.978589420654912
STAB_UNSUP_HVG	6	YX16041T	4	0
STAB_UNSUP_HVG	6	YX16041T	5	0
STAB_UNSUP_HVG	6	YX16041T	6	0.00125944584382872
STAB_UNSUP_HVG	6	YX16057T	1	0
STAB_UNSUP_HVG	6	YX16057T	2	0.343949044585987
STAB_UNSUP_HVG	6	YX16057T	3	0.654777070063694
STAB_UNSUP_HVG	6	YX16057T	4	0
STAB_UNSUP_HVG	6	YX16057T	5	0
STAB_UNSUP_HVG	6	YX16057T	6	0.00127388535031847
STAB_UNSUP_HVG	6	YX16062T	1	0.578624078624079
STAB_UNSUP_HVG	6	YX16062T	2	0
STAB_UNSUP_HVG	6	YX16062T	3	0.158476658476658
STAB_UNSUP_HVG	6	YX16062T	4	0.0368550368550369
STAB_UNSUP_HVG	6	YX16062T	5	0
STAB_UNSUP_HVG	6	YX16062T	6	0.226044226044226
STAB_UNSUP_HVG	6	YX16112T	1	0.0947503201024328
STAB_UNSUP_HVG	6	YX16112T	2	0.00256081946222791
STAB_UNSUP_HVG	6	YX16112T	3	0.82842509603073
STAB_UNSUP_HVG	6	YX16112T	4	0.0179257362355954
STAB_UNSUP_HVG	6	YX16112T	5	0
STAB_UNSUP_HVG	6	YX16112T	6	0.0563380281690141
STAB_UNSUP_HVG	6	YX16113T	1	0.0558375634517767
STAB_UNSUP_HVG	6	YX16113T	2	0
STAB_UNSUP_HVG	6	YX16113T	3	0.0203045685279188
STAB_UNSUP_HVG	6	YX16113T	4	0.894670050761421
STAB_UNSUP_HVG	6	YX16113T	5	0
STAB_UNSUP_HVG	6	YX16113T	6	0.0291878172588832
STAB_UNSUP_HVG	6	YX16119T	1	0
STAB_UNSUP_HVG	6	YX16119T	2	0.158567774936061
STAB_UNSUP_HVG	6	YX16119T	3	0.841432225063939
STAB_UNSUP_HVG	6	YX16119T	4	0
STAB_UNSUP_HVG	6	YX16119T	5	0
STAB_UNSUP_HVG	6	YX16119T	6	0
STAB_UNSUP_HVG	6	YX16120T	1	0.939205955334988
STAB_UNSUP_HVG	6	YX16120T	2	0
STAB_UNSUP_HVG	6	YX16120T	3	0.0459057071960298
STAB_UNSUP_HVG	6	YX16120T	4	0
STAB_UNSUP_HVG	6	YX16120T	5	0
STAB_UNSUP_HVG	6	YX16120T	6	0.0148883374689826
STAB_UNSUP_HVG	6	YX16127T	1	0.984810126582279
STAB_UNSUP_HVG	6	YX16127T	2	0
STAB_UNSUP_HVG	6	YX16127T	3	0.00379746835443038
STAB_UNSUP_HVG	6	YX16127T	4	0
STAB_UNSUP_HVG	6	YX16127T	5	0
STAB_UNSUP_HVG	6	YX16127T	6	0.0113924050632911
STAB_UNSUP_HVG	6	YX16128T	1	0
STAB_UNSUP_HVG	6	YX16128T	2	0.18875
STAB_UNSUP_HVG	6	YX16128T	3	0.81125
STAB_UNSUP_HVG	6	YX16128T	4	0
STAB_UNSUP_HVG	6	YX16128T	5	0
STAB_UNSUP_HVG	6	YX16128T	6	0
STAB_UNSUP_HVG	6	YX16130T	1	0
STAB_UNSUP_HVG	6	YX16130T	2	0.79496855345912
STAB_UNSUP_HVG	6	YX16130T	3	0.20503144654088
STAB_UNSUP_HVG	6	YX16130T	4	0
STAB_UNSUP_HVG	6	YX16130T	5	0
STAB_UNSUP_HVG	6	YX16130T	6	0
STAB_UNSUP_HVG	6	YX16132T	1	0
STAB_UNSUP_HVG	6	YX16132T	2	0.206852791878173
STAB_UNSUP_HVG	6	YX16132T	3	0.793147208121827
STAB_UNSUP_HVG	6	YX16132T	4	0
STAB_UNSUP_HVG	6	YX16132T	5	0
STAB_UNSUP_HVG	6	YX16132T	6	0
STAB_UNSUP_HVG	6	YX16135T	1	0
STAB_UNSUP_HVG	6	YX16135T	2	1
STAB_UNSUP_HVG	6	YX16135T	3	0
STAB_UNSUP_HVG	6	YX16135T	4	0
STAB_UNSUP_HVG	6	YX16135T	5	0
STAB_UNSUP_HVG	6	YX16135T	6	0
STAB_UNSUP_HVG	6	YX16139T	1	0.49936788874842
STAB_UNSUP_HVG	6	YX16139T	2	0
STAB_UNSUP_HVG	6	YX16139T	3	0.161820480404551
STAB_UNSUP_HVG	6	YX16139T	4	0.176991150442478
STAB_UNSUP_HVG	6	YX16139T	5	0
STAB_UNSUP_HVG	6	YX16139T	6	0.161820480404551
STAB_UNSUP_HVG	6	YX16141T	1	0.392059553349876
STAB_UNSUP_HVG	6	YX16141T	2	0
STAB_UNSUP_HVG	6	YX16141T	3	0.0918114143920596
STAB_UNSUP_HVG	6	YX16141T	4	0.00744416873449132
STAB_UNSUP_HVG	6	YX16141T	5	0
STAB_UNSUP_HVG	6	YX16141T	6	0.508684863523573
STAB_UNSUP_HVG	6	YX16144T	1	0
STAB_UNSUP_HVG	6	YX16144T	2	0.991315136476427
STAB_UNSUP_HVG	6	YX16144T	3	0.0086848635235732
STAB_UNSUP_HVG	6	YX16144T	4	0
STAB_UNSUP_HVG	6	YX16144T	5	0
STAB_UNSUP_HVG	6	YX16144T	6	0
STAB_UNSUP_HVG	6	YX16147T	1	0
STAB_UNSUP_HVG	6	YX16147T	2	0
STAB_UNSUP_HVG	6	YX16147T	3	0.00383631713554987
STAB_UNSUP_HVG	6	YX16147T	4	0.9923273657289
STAB_UNSUP_HVG	6	YX16147T	5	0
STAB_UNSUP_HVG	6	YX16147T	6	0.00383631713554987
STAB_UNSUP_HVG	6	YX16153T	1	0.985987261146497
STAB_UNSUP_HVG	6	YX16153T	2	0
STAB_UNSUP_HVG	6	YX16153T	3	0.00382165605095541
STAB_UNSUP_HVG	6	YX16153T	4	0
STAB_UNSUP_HVG	6	YX16153T	5	0
STAB_UNSUP_HVG	6	YX16153T	6	0.0101910828025478
STAB_UNSUP_HVG	6	YX16155T	1	0.984375
STAB_UNSUP_HVG	6	YX16155T	2	0
STAB_UNSUP_HVG	6	YX16155T	3	0.00130208333333333
STAB_UNSUP_HVG	6	YX16155T	4	0
STAB_UNSUP_HVG	6	YX16155T	5	0
STAB_UNSUP_HVG	6	YX16155T	6	0.0143229166666667
STAB_UNSUP_HVG	6	YX16158T	1	0
STAB_UNSUP_HVG	6	YX16158T	2	0
STAB_UNSUP_HVG	6	YX16158T	3	0.001230012300123
STAB_UNSUP_HVG	6	YX16158T	4	0.991389913899139
STAB_UNSUP_HVG	6	YX16158T	5	0
STAB_UNSUP_HVG	6	YX16158T	6	0.00738007380073801
STAB_UNSUP_HVG	6	YX16159T	1	0
STAB_UNSUP_HVG	6	YX16159T	2	1
STAB_UNSUP_HVG	6	YX16159T	3	0
STAB_UNSUP_HVG	6	YX16159T	4	0
STAB_UNSUP_HVG	6	YX16159T	5	0
STAB_UNSUP_HVG	6	YX16159T	6	0
STAB_UNSUP_HVG	6	YX16160T	1	0
STAB_UNSUP_HVG	6	YX16160T	2	0
STAB_UNSUP_HVG	6	YX16160T	3	0.00886075949367089
STAB_UNSUP_HVG	6	YX16160T	4	0.939240506329114
STAB_UNSUP_HVG	6	YX16160T	5	0
STAB_UNSUP_HVG	6	YX16160T	6	0.0518987341772152
STAB_UNSUP_HVG	6	YX16161T	1	0
STAB_UNSUP_HVG	6	YX16161T	2	1
STAB_UNSUP_HVG	6	YX16161T	3	0
STAB_UNSUP_HVG	6	YX16161T	4	0
STAB_UNSUP_HVG	6	YX16161T	5	0
STAB_UNSUP_HVG	6	YX16161T	6	0
STAB_UNSUP_HVG	6	YX16166T	1	0.986335403726708
STAB_UNSUP_HVG	6	YX16166T	2	0
STAB_UNSUP_HVG	6	YX16166T	3	0.00124223602484472
STAB_UNSUP_HVG	6	YX16166T	4	0
STAB_UNSUP_HVG	6	YX16166T	5	0
STAB_UNSUP_HVG	6	YX16166T	6	0.0124223602484472
STAB_UNSUP_HVG	6	YX16177T	1	0.890290037831021
STAB_UNSUP_HVG	6	YX16177T	2	0
STAB_UNSUP_HVG	6	YX16177T	3	0.085750315258512
STAB_UNSUP_HVG	6	YX16177T	4	0.00252206809583859
STAB_UNSUP_HVG	6	YX16177T	5	0
STAB_UNSUP_HVG	6	YX16177T	6	0.021437578814628
STAB_UNSUP_HVG	6	YX16178T	1	0.689171974522293
STAB_UNSUP_HVG	6	YX16178T	2	0
STAB_UNSUP_HVG	6	YX16178T	3	0.0789808917197452
STAB_UNSUP_HVG	6	YX16178T	4	0.00382165605095541
STAB_UNSUP_HVG	6	YX16178T	5	0
STAB_UNSUP_HVG	6	YX16178T	6	0.228025477707006
STAB_UNSUP_HVG	6	YX16180T	1	0
STAB_UNSUP_HVG	6	YX16180T	2	0.990813648293963
STAB_UNSUP_HVG	6	YX16180T	3	0.00918635170603675
STAB_UNSUP_HVG	6	YX16180T	4	0
STAB_UNSUP_HVG	6	YX16180T	5	0
STAB_UNSUP_HVG	6	YX16180T	6	0
STAB_UNSUP_HVG	6	YX16185T	1	0.986128625472888
STAB_UNSUP_HVG	6	YX16185T	2	0
STAB_UNSUP_HVG	6	YX16185T	3	0.00378310214375788
STAB_UNSUP_HVG	6	YX16185T	4	0
STAB_UNSUP_HVG	6	YX16185T	5	0
STAB_UNSUP_HVG	6	YX16185T	6	0.0100882723833544
STAB_UNSUP_HVG	6	YX16188T	1	0
STAB_UNSUP_HVG	6	YX16188T	2	0
STAB_UNSUP_HVG	6	YX16188T	3	0
STAB_UNSUP_HVG	6	YX16188T	4	0.99
STAB_UNSUP_HVG	6	YX16188T	5	0
STAB_UNSUP_HVG	6	YX16188T	6	0.01
STAB_UNSUP_HVG	6	YX16194T	1	0
STAB_UNSUP_HVG	6	YX16194T	2	0.99746835443038
STAB_UNSUP_HVG	6	YX16194T	3	0.00253164556962025
STAB_UNSUP_HVG	6	YX16194T	4	0
STAB_UNSUP_HVG	6	YX16194T	5	0
STAB_UNSUP_HVG	6	YX16194T	6	0
STAB_UNSUP_HVG	6	YX16202T	1	0
STAB_UNSUP_HVG	6	YX16202T	2	0
STAB_UNSUP_HVG	6	YX16202T	3	0.01230012300123
STAB_UNSUP_HVG	6	YX16202T	4	0.771217712177122
STAB_UNSUP_HVG	6	YX16202T	5	0.050430504305043
STAB_UNSUP_HVG	6	YX16202T	6	0.166051660516605
STAB_UNSUP_HVG	6	YX16203T	1	0
STAB_UNSUP_HVG	6	YX16203T	2	0.646753246753247
STAB_UNSUP_HVG	6	YX16203T	3	0.351948051948052
STAB_UNSUP_HVG	6	YX16203T	4	0
STAB_UNSUP_HVG	6	YX16203T	5	0
STAB_UNSUP_HVG	6	YX16203T	6	0.0012987012987013
STAB_UNSUP_HVG	6	YX16207T	1	0
STAB_UNSUP_HVG	6	YX16207T	2	1
STAB_UNSUP_HVG	6	YX16207T	3	0
STAB_UNSUP_HVG	6	YX16207T	4	0
STAB_UNSUP_HVG	6	YX16207T	5	0
STAB_UNSUP_HVG	6	YX16207T	6	0
STAB_UNSUP_HVG	6	YX16218T	1	0
STAB_UNSUP_HVG	6	YX16218T	2	0.970168612191958
STAB_UNSUP_HVG	6	YX16218T	3	0.0298313878080415
STAB_UNSUP_HVG	6	YX16218T	4	0
STAB_UNSUP_HVG	6	YX16218T	5	0
STAB_UNSUP_HVG	6	YX16218T	6	0
STAB_UNSUP_HVG	6	YX16222T	1	0.0164348925410872
STAB_UNSUP_HVG	6	YX16222T	2	0.0151706700379267
STAB_UNSUP_HVG	6	YX16222T	3	0.943109987357775
STAB_UNSUP_HVG	6	YX16222T	4	0.00252844500632111
STAB_UNSUP_HVG	6	YX16222T	5	0
STAB_UNSUP_HVG	6	YX16222T	6	0.02275600505689
STAB_UNSUP_HVG	6	YX16224T	1	0
STAB_UNSUP_HVG	6	YX16224T	2	0.99867374005305
STAB_UNSUP_HVG	6	YX16224T	3	0.0013262599469496
STAB_UNSUP_HVG	6	YX16224T	4	0
STAB_UNSUP_HVG	6	YX16224T	5	0
STAB_UNSUP_HVG	6	YX16224T	6	0
STAB_UNSUP_HVG	6	YX16227T	1	0.00881612090680101
STAB_UNSUP_HVG	6	YX16227T	2	0.00881612090680101
STAB_UNSUP_HVG	6	YX16227T	3	0.978589420654912
STAB_UNSUP_HVG	6	YX16227T	4	0
STAB_UNSUP_HVG	6	YX16227T	5	0
STAB_UNSUP_HVG	6	YX16227T	6	0.00377833753148615
STAB_UNSUP_HVG	6	YX16236T	1	0.622166246851385
STAB_UNSUP_HVG	6	YX16236T	2	0
STAB_UNSUP_HVG	6	YX16236T	3	0.350125944584383
STAB_UNSUP_HVG	6	YX16236T	4	0.00125944584382872
STAB_UNSUP_HVG	6	YX16236T	5	0
STAB_UNSUP_HVG	6	YX16236T	6	0.026448362720403
STAB_UNSUP_HVG	6	YX15047T	1	0.14321295143213
STAB_UNSUP_HVG	6	YX15047T	2	0
STAB_UNSUP_HVG	6	YX15047T	3	0.0161892901618929
STAB_UNSUP_HVG	6	YX15047T	4	0.0062266500622665
STAB_UNSUP_HVG	6	YX15047T	5	0.506849315068493
STAB_UNSUP_HVG	6	YX15047T	6	0.327521793275218
STAB_UNSUP_HVG	6	YX15106T	1	0
STAB_UNSUP_HVG	6	YX15106T	2	0
STAB_UNSUP_HVG	6	YX15106T	3	0
STAB_UNSUP_HVG	6	YX15106T	4	0
STAB_UNSUP_HVG	6	YX15106T	5	1
STAB_UNSUP_HVG	6	YX15106T	6	0
STAB_UNSUP_HVG	6	YX15166T	1	0
STAB_UNSUP_HVG	6	YX15166T	2	0
STAB_UNSUP_HVG	6	YX15166T	3	0
STAB_UNSUP_HVG	6	YX15166T	4	0
STAB_UNSUP_HVG	6	YX15166T	5	1
STAB_UNSUP_HVG	6	YX15166T	6	0
STAB_UNSUP_HVG	6	YX15187T	1	0
STAB_UNSUP_HVG	6	YX15187T	2	0
STAB_UNSUP_HVG	6	YX15187T	3	0
STAB_UNSUP_HVG	6	YX15187T	4	0
STAB_UNSUP_HVG	6	YX15187T	5	1
STAB_UNSUP_HVG	6	YX15187T	6	0
STAB_UNSUP_HVG	6	YX15211T	1	0.00497512437810945
STAB_UNSUP_HVG	6	YX15211T	2	0
STAB_UNSUP_HVG	6	YX15211T	3	0.240049751243781
STAB_UNSUP_HVG	6	YX15211T	4	0
STAB_UNSUP_HVG	6	YX15211T	5	0
STAB_UNSUP_HVG	6	YX15211T	6	0.754975124378109
STAB_UNSUP_HVG	6	YX15214T	1	0
STAB_UNSUP_HVG	6	YX15214T	2	0
STAB_UNSUP_HVG	6	YX15214T	3	0
STAB_UNSUP_HVG	6	YX15214T	4	0
STAB_UNSUP_HVG	6	YX15214T	5	1
STAB_UNSUP_HVG	6	YX15214T	6	0
STAB_UNSUP_HVG	6	YX16009T	1	0
STAB_UNSUP_HVG	6	YX16009T	2	0.991260923845193
STAB_UNSUP_HVG	6	YX16009T	3	0.00873907615480649
STAB_UNSUP_HVG	6	YX16009T	4	0
STAB_UNSUP_HVG	6	YX16009T	5	0
STAB_UNSUP_HVG	6	YX16009T	6	0
STAB_UNSUP_HVG	6	YX16011T	1	0
STAB_UNSUP_HVG	6	YX16011T	2	0
STAB_UNSUP_HVG	6	YX16011T	3	0
STAB_UNSUP_HVG	6	YX16011T	4	0
STAB_UNSUP_HVG	6	YX16011T	5	1
STAB_UNSUP_HVG	6	YX16011T	6	0
STAB_UNSUP_HVG	6	YX16068T	1	0
STAB_UNSUP_HVG	6	YX16068T	2	0
STAB_UNSUP_HVG	6	YX16068T	3	0
STAB_UNSUP_HVG	6	YX16068T	4	0
STAB_UNSUP_HVG	6	YX16068T	5	1
STAB_UNSUP_HVG	6	YX16068T	6	0
STAB_UNSUP_HVG	6	YX16070T	1	0.0024906600249066
STAB_UNSUP_HVG	6	YX16070T	2	0.0099626400996264
STAB_UNSUP_HVG	6	YX16070T	3	0.037359900373599
STAB_UNSUP_HVG	6	YX16070T	4	0
STAB_UNSUP_HVG	6	YX16070T	5	0.0049813200498132
STAB_UNSUP_HVG	6	YX16070T	6	0.945205479452055
STAB_UNSUP_HVG	6	YX16075T	1	0
STAB_UNSUP_HVG	6	YX16075T	2	0.998701298701299
STAB_UNSUP_HVG	6	YX16075T	3	0.0012987012987013
STAB_UNSUP_HVG	6	YX16075T	4	0
STAB_UNSUP_HVG	6	YX16075T	5	0
STAB_UNSUP_HVG	6	YX16075T	6	0
STAB_UNSUP_HVG	6	YX16079T	1	0.0113207547169811
STAB_UNSUP_HVG	6	YX16079T	2	0
STAB_UNSUP_HVG	6	YX16079T	3	0.00377358490566038
STAB_UNSUP_HVG	6	YX16079T	4	0
STAB_UNSUP_HVG	6	YX16079T	5	0.916981132075472
STAB_UNSUP_HVG	6	YX16079T	6	0.0679245283018868
STAB_UNSUP_HVG	6	YX16087T	1	0
STAB_UNSUP_HVG	6	YX16087T	2	0
STAB_UNSUP_HVG	6	YX16087T	3	0
STAB_UNSUP_HVG	6	YX16087T	4	0
STAB_UNSUP_HVG	6	YX16087T	5	1
STAB_UNSUP_HVG	6	YX16087T	6	0
STAB_UNSUP_HVG	6	YX16094T	1	0.00125156445556946
STAB_UNSUP_HVG	6	YX16094T	2	0
STAB_UNSUP_HVG	6	YX16094T	3	0.00375469336670839
STAB_UNSUP_HVG	6	YX16094T	4	0
STAB_UNSUP_HVG	6	YX16094T	5	0.433041301627034
STAB_UNSUP_HVG	6	YX16094T	6	0.561952440550688
STAB_UNSUP_HVG	6	YX16172T	1	0.00251572327044025
STAB_UNSUP_HVG	6	YX16172T	2	0
STAB_UNSUP_HVG	6	YX16172T	3	0.0490566037735849
STAB_UNSUP_HVG	6	YX16172T	4	0
STAB_UNSUP_HVG	6	YX16172T	5	0
STAB_UNSUP_HVG	6	YX16172T	6	0.948427672955975
STAB_UNSUP_HVG	6	YX16295T	1	0
STAB_UNSUP_HVG	6	YX16295T	2	0
STAB_UNSUP_HVG	6	YX16295T	3	0
STAB_UNSUP_HVG	6	YX16295T	4	0
STAB_UNSUP_HVG	6	YX16295T	5	1
STAB_UNSUP_HVG	6	YX16295T	6	0
STAB_UNSUP_HVG	6	YX16327T	1	0
STAB_UNSUP_HVG	6	YX16327T	2	0
STAB_UNSUP_HVG	6	YX16327T	3	0.00509554140127389
STAB_UNSUP_HVG	6	YX16327T	4	0
STAB_UNSUP_HVG	6	YX16327T	5	0.910828025477707
STAB_UNSUP_HVG	6	YX16327T	6	0.0840764331210191
STAB_UNSUP_HVG	6	YX16335T	1	0.984943538268507
STAB_UNSUP_HVG	6	YX16335T	2	0
STAB_UNSUP_HVG	6	YX16335T	3	0.00250941028858218
STAB_UNSUP_HVG	6	YX16335T	4	0
STAB_UNSUP_HVG	6	YX16335T	5	0
STAB_UNSUP_HVG	6	YX16335T	6	0.0125470514429109
STAB_UNSUP_HVG	6	YX16341T	1	0
STAB_UNSUP_HVG	6	YX16341T	2	0
STAB_UNSUP_HVG	6	YX16341T	3	0.00364963503649635
STAB_UNSUP_HVG	6	YX16341T	4	0
STAB_UNSUP_HVG	6	YX16341T	5	0.967153284671533
STAB_UNSUP_HVG	6	YX16341T	6	0.0291970802919708
STAB_UNSUP_HVG	6	YX16343T	1	0.00256739409499358
STAB_UNSUP_HVG	6	YX16343T	2	0
STAB_UNSUP_HVG	6	YX16343T	3	0.00513478818998716
STAB_UNSUP_HVG	6	YX16343T	4	0
STAB_UNSUP_HVG	6	YX16343T	5	0.897304236200257
STAB_UNSUP_HVG	6	YX16343T	6	0.0949935815147625
STAB_UNSUP_HVG	6	YX16347T	1	0.970959595959596
STAB_UNSUP_HVG	6	YX16347T	2	0
STAB_UNSUP_HVG	6	YX16347T	3	0.0101010101010101
STAB_UNSUP_HVG	6	YX16347T	4	0
STAB_UNSUP_HVG	6	YX16347T	5	0
STAB_UNSUP_HVG	6	YX16347T	6	0.0189393939393939
STAB_CSY_OUTLIER_EXCL	2	YX15261T	1	1
STAB_CSY_OUTLIER_EXCL	2	YX15261T	2	0
STAB_CSY_OUTLIER_EXCL	2	YX15263T	1	1
STAB_CSY_OUTLIER_EXCL	2	YX15263T	2	0
STAB_CSY_OUTLIER_EXCL	2	YX15271T	1	1
STAB_CSY_OUTLIER_EXCL	2	YX15271T	2	0
STAB_CSY_OUTLIER_EXCL	2	YX16036T	1	1
STAB_CSY_OUTLIER_EXCL	2	YX16036T	2	0
STAB_CSY_OUTLIER_EXCL	2	YX16041T	1	1
STAB_CSY_OUTLIER_EXCL	2	YX16041T	2	0
STAB_CSY_OUTLIER_EXCL	2	YX16057T	1	1
STAB_CSY_OUTLIER_EXCL	2	YX16057T	2	0
STAB_CSY_OUTLIER_EXCL	2	YX16062T	1	1
STAB_CSY_OUTLIER_EXCL	2	YX16062T	2	0
STAB_CSY_OUTLIER_EXCL	2	YX16112T	1	1
STAB_CSY_OUTLIER_EXCL	2	YX16112T	2	0
STAB_CSY_OUTLIER_EXCL	2	YX16113T	1	1
STAB_CSY_OUTLIER_EXCL	2	YX16113T	2	0
STAB_CSY_OUTLIER_EXCL	2	YX16119T	1	1
STAB_CSY_OUTLIER_EXCL	2	YX16119T	2	0
STAB_CSY_OUTLIER_EXCL	2	YX16120T	1	1
STAB_CSY_OUTLIER_EXCL	2	YX16120T	2	0
STAB_CSY_OUTLIER_EXCL	2	YX16127T	1	1
STAB_CSY_OUTLIER_EXCL	2	YX16127T	2	0
STAB_CSY_OUTLIER_EXCL	2	YX16128T	1	1
STAB_CSY_OUTLIER_EXCL	2	YX16128T	2	0
STAB_CSY_OUTLIER_EXCL	2	YX16130T	1	1
STAB_CSY_OUTLIER_EXCL	2	YX16130T	2	0
STAB_CSY_OUTLIER_EXCL	2	YX16132T	1	1
STAB_CSY_OUTLIER_EXCL	2	YX16132T	2	0
STAB_CSY_OUTLIER_EXCL	2	YX16139T	1	1
STAB_CSY_OUTLIER_EXCL	2	YX16139T	2	0
STAB_CSY_OUTLIER_EXCL	2	YX16141T	1	1
STAB_CSY_OUTLIER_EXCL	2	YX16141T	2	0
STAB_CSY_OUTLIER_EXCL	2	YX16144T	1	1
STAB_CSY_OUTLIER_EXCL	2	YX16144T	2	0
STAB_CSY_OUTLIER_EXCL	2	YX16147T	1	1
STAB_CSY_OUTLIER_EXCL	2	YX16147T	2	0
STAB_CSY_OUTLIER_EXCL	2	YX16153T	1	1
STAB_CSY_OUTLIER_EXCL	2	YX16153T	2	0
STAB_CSY_OUTLIER_EXCL	2	YX16155T	1	1
STAB_CSY_OUTLIER_EXCL	2	YX16155T	2	0
STAB_CSY_OUTLIER_EXCL	2	YX16159T	1	1
STAB_CSY_OUTLIER_EXCL	2	YX16159T	2	0
STAB_CSY_OUTLIER_EXCL	2	YX16160T	1	0
STAB_CSY_OUTLIER_EXCL	2	YX16160T	2	1
STAB_CSY_OUTLIER_EXCL	2	YX16161T	1	1
STAB_CSY_OUTLIER_EXCL	2	YX16161T	2	0
STAB_CSY_OUTLIER_EXCL	2	YX16166T	1	1
STAB_CSY_OUTLIER_EXCL	2	YX16166T	2	0
STAB_CSY_OUTLIER_EXCL	2	YX16177T	1	1
STAB_CSY_OUTLIER_EXCL	2	YX16177T	2	0
STAB_CSY_OUTLIER_EXCL	2	YX16178T	1	1
STAB_CSY_OUTLIER_EXCL	2	YX16178T	2	0
STAB_CSY_OUTLIER_EXCL	2	YX16180T	1	1
STAB_CSY_OUTLIER_EXCL	2	YX16180T	2	0
STAB_CSY_OUTLIER_EXCL	2	YX16185T	1	1
STAB_CSY_OUTLIER_EXCL	2	YX16185T	2	0
STAB_CSY_OUTLIER_EXCL	2	YX16188T	1	0.601290322580645
STAB_CSY_OUTLIER_EXCL	2	YX16188T	2	0.398709677419355
STAB_CSY_OUTLIER_EXCL	2	YX16202T	1	0
STAB_CSY_OUTLIER_EXCL	2	YX16202T	2	1
STAB_CSY_OUTLIER_EXCL	2	YX16203T	1	1
STAB_CSY_OUTLIER_EXCL	2	YX16203T	2	0
STAB_CSY_OUTLIER_EXCL	2	YX16207T	1	1
STAB_CSY_OUTLIER_EXCL	2	YX16207T	2	0
STAB_CSY_OUTLIER_EXCL	2	YX16218T	1	1
STAB_CSY_OUTLIER_EXCL	2	YX16218T	2	0
STAB_CSY_OUTLIER_EXCL	2	YX16222T	1	1
STAB_CSY_OUTLIER_EXCL	2	YX16222T	2	0
STAB_CSY_OUTLIER_EXCL	2	YX16227T	1	1
STAB_CSY_OUTLIER_EXCL	2	YX16227T	2	0
STAB_CSY_OUTLIER_EXCL	2	YX16236T	1	1
STAB_CSY_OUTLIER_EXCL	2	YX16236T	2	0
STAB_CSY_OUTLIER_EXCL	2	YX15047T	1	0.00248138957816377
STAB_CSY_OUTLIER_EXCL	2	YX15047T	2	0.997518610421836
STAB_CSY_OUTLIER_EXCL	2	YX15106T	1	0
STAB_CSY_OUTLIER_EXCL	2	YX15106T	2	1
STAB_CSY_OUTLIER_EXCL	2	YX15166T	1	0
STAB_CSY_OUTLIER_EXCL	2	YX15166T	2	1
STAB_CSY_OUTLIER_EXCL	2	YX15187T	1	0
STAB_CSY_OUTLIER_EXCL	2	YX15187T	2	1
STAB_CSY_OUTLIER_EXCL	2	YX15211T	1	1
STAB_CSY_OUTLIER_EXCL	2	YX15211T	2	0
STAB_CSY_OUTLIER_EXCL	2	YX15214T	1	0
STAB_CSY_OUTLIER_EXCL	2	YX15214T	2	1
STAB_CSY_OUTLIER_EXCL	2	YX16009T	1	0.912019826517968
STAB_CSY_OUTLIER_EXCL	2	YX16009T	2	0.0879801734820322
STAB_CSY_OUTLIER_EXCL	2	YX16011T	1	0
STAB_CSY_OUTLIER_EXCL	2	YX16011T	2	1
STAB_CSY_OUTLIER_EXCL	2	YX16068T	1	0
STAB_CSY_OUTLIER_EXCL	2	YX16068T	2	1
STAB_CSY_OUTLIER_EXCL	2	YX16070T	1	0
STAB_CSY_OUTLIER_EXCL	2	YX16070T	2	1
STAB_CSY_OUTLIER_EXCL	2	YX16075T	1	1
STAB_CSY_OUTLIER_EXCL	2	YX16075T	2	0
STAB_CSY_OUTLIER_EXCL	2	YX16079T	1	0
STAB_CSY_OUTLIER_EXCL	2	YX16079T	2	1
STAB_CSY_OUTLIER_EXCL	2	YX16087T	1	0
STAB_CSY_OUTLIER_EXCL	2	YX16087T	2	1
STAB_CSY_OUTLIER_EXCL	2	YX16094T	1	0
STAB_CSY_OUTLIER_EXCL	2	YX16094T	2	1
STAB_CSY_OUTLIER_EXCL	2	YX16172T	1	0
STAB_CSY_OUTLIER_EXCL	2	YX16172T	2	1
STAB_CSY_OUTLIER_EXCL	2	YX16295T	1	0
STAB_CSY_OUTLIER_EXCL	2	YX16295T	2	1
STAB_CSY_OUTLIER_EXCL	2	YX16327T	1	0
STAB_CSY_OUTLIER_EXCL	2	YX16327T	2	1
STAB_CSY_OUTLIER_EXCL	2	YX16335T	1	1
STAB_CSY_OUTLIER_EXCL	2	YX16335T	2	0
STAB_CSY_OUTLIER_EXCL	2	YX16341T	1	0
STAB_CSY_OUTLIER_EXCL	2	YX16341T	2	1
STAB_CSY_OUTLIER_EXCL	2	YX16343T	1	1
STAB_CSY_OUTLIER_EXCL	2	YX16343T	2	0
STAB_CSY_OUTLIER_EXCL	2	YX16347T	1	1
STAB_CSY_OUTLIER_EXCL	2	YX16347T	2	0
STAB_CSY_OUTLIER_EXCL	3	YX15261T	1	0.969270166453265
STAB_CSY_OUTLIER_EXCL	3	YX15261T	2	0.030729833546735
STAB_CSY_OUTLIER_EXCL	3	YX15261T	3	0
STAB_CSY_OUTLIER_EXCL	3	YX15263T	1	1
STAB_CSY_OUTLIER_EXCL	3	YX15263T	2	0
STAB_CSY_OUTLIER_EXCL	3	YX15263T	3	0
STAB_CSY_OUTLIER_EXCL	3	YX15271T	1	0.0038560411311054
STAB_CSY_OUTLIER_EXCL	3	YX15271T	2	0.996143958868895
STAB_CSY_OUTLIER_EXCL	3	YX15271T	3	0
STAB_CSY_OUTLIER_EXCL	3	YX16036T	1	0.01625
STAB_CSY_OUTLIER_EXCL	3	YX16036T	2	0.98375
STAB_CSY_OUTLIER_EXCL	3	YX16036T	3	0
STAB_CSY_OUTLIER_EXCL	3	YX16041T	1	0.943960149439601
STAB_CSY_OUTLIER_EXCL	3	YX16041T	2	0.0560398505603985
STAB_CSY_OUTLIER_EXCL	3	YX16041T	3	0
STAB_CSY_OUTLIER_EXCL	3	YX16057T	1	0.610817941952507
STAB_CSY_OUTLIER_EXCL	3	YX16057T	2	0.389182058047493
STAB_CSY_OUTLIER_EXCL	3	YX16057T	3	0
STAB_CSY_OUTLIER_EXCL	3	YX16062T	1	0.998692810457516
STAB_CSY_OUTLIER_EXCL	3	YX16062T	2	0.00130718954248366
STAB_CSY_OUTLIER_EXCL	3	YX16062T	3	0
STAB_CSY_OUTLIER_EXCL	3	YX16112T	1	0.318125770653514
STAB_CSY_OUTLIER_EXCL	3	YX16112T	2	0.681874229346486
STAB_CSY_OUTLIER_EXCL	3	YX16112T	3	0
STAB_CSY_OUTLIER_EXCL	3	YX16113T	1	0.047979797979798
STAB_CSY_OUTLIER_EXCL	3	YX16113T	2	0.952020202020202
STAB_CSY_OUTLIER_EXCL	3	YX16113T	3	0
STAB_CSY_OUTLIER_EXCL	3	YX16119T	1	0.95
STAB_CSY_OUTLIER_EXCL	3	YX16119T	2	0.05
STAB_CSY_OUTLIER_EXCL	3	YX16119T	3	0
STAB_CSY_OUTLIER_EXCL	3	YX16120T	1	0.998738965952081
STAB_CSY_OUTLIER_EXCL	3	YX16120T	2	0.00126103404791929
STAB_CSY_OUTLIER_EXCL	3	YX16120T	3	0
STAB_CSY_OUTLIER_EXCL	3	YX16127T	1	1
STAB_CSY_OUTLIER_EXCL	3	YX16127T	2	0
STAB_CSY_OUTLIER_EXCL	3	YX16127T	3	0
STAB_CSY_OUTLIER_EXCL	3	YX16128T	1	0.238578680203046
STAB_CSY_OUTLIER_EXCL	3	YX16128T	2	0.761421319796954
STAB_CSY_OUTLIER_EXCL	3	YX16128T	3	0
STAB_CSY_OUTLIER_EXCL	3	YX16130T	1	0.0326223337515684
STAB_CSY_OUTLIER_EXCL	3	YX16130T	2	0.967377666248432
STAB_CSY_OUTLIER_EXCL	3	YX16130T	3	0
STAB_CSY_OUTLIER_EXCL	3	YX16132T	1	0.023989898989899
STAB_CSY_OUTLIER_EXCL	3	YX16132T	2	0.976010101010101
STAB_CSY_OUTLIER_EXCL	3	YX16132T	3	0
STAB_CSY_OUTLIER_EXCL	3	YX16139T	1	1
STAB_CSY_OUTLIER_EXCL	3	YX16139T	2	0
STAB_CSY_OUTLIER_EXCL	3	YX16139T	3	0
STAB_CSY_OUTLIER_EXCL	3	YX16141T	1	0.00126582278481013
STAB_CSY_OUTLIER_EXCL	3	YX16141T	2	0.99873417721519
STAB_CSY_OUTLIER_EXCL	3	YX16141T	3	0
STAB_CSY_OUTLIER_EXCL	3	YX16144T	1	0.0330788804071247
STAB_CSY_OUTLIER_EXCL	3	YX16144T	2	0.966921119592875
STAB_CSY_OUTLIER_EXCL	3	YX16144T	3	0
STAB_CSY_OUTLIER_EXCL	3	YX16147T	1	0.111801242236025
STAB_CSY_OUTLIER_EXCL	3	YX16147T	2	0.888198757763975
STAB_CSY_OUTLIER_EXCL	3	YX16147T	3	0
STAB_CSY_OUTLIER_EXCL	3	YX16153T	1	0.996231155778894
STAB_CSY_OUTLIER_EXCL	3	YX16153T	2	0.00376884422110553
STAB_CSY_OUTLIER_EXCL	3	YX16153T	3	0
STAB_CSY_OUTLIER_EXCL	3	YX16155T	1	0.207426376440461
STAB_CSY_OUTLIER_EXCL	3	YX16155T	2	0.792573623559539
STAB_CSY_OUTLIER_EXCL	3	YX16155T	3	0
STAB_CSY_OUTLIER_EXCL	3	YX16159T	1	0.0025
STAB_CSY_OUTLIER_EXCL	3	YX16159T	2	0.9975
STAB_CSY_OUTLIER_EXCL	3	YX16159T	3	0
STAB_CSY_OUTLIER_EXCL	3	YX16160T	1	0
STAB_CSY_OUTLIER_EXCL	3	YX16160T	2	0
STAB_CSY_OUTLIER_EXCL	3	YX16160T	3	1
STAB_CSY_OUTLIER_EXCL	3	YX16161T	1	0.00124688279301746
STAB_CSY_OUTLIER_EXCL	3	YX16161T	2	0.998753117206983
STAB_CSY_OUTLIER_EXCL	3	YX16161T	3	0
STAB_CSY_OUTLIER_EXCL	3	YX16166T	1	0.998745294855709
STAB_CSY_OUTLIER_EXCL	3	YX16166T	2	0.00125470514429109
STAB_CSY_OUTLIER_EXCL	3	YX16166T	3	0
STAB_CSY_OUTLIER_EXCL	3	YX16177T	1	0.998765432098765
STAB_CSY_OUTLIER_EXCL	3	YX16177T	2	0.00123456790123457
STAB_CSY_OUTLIER_EXCL	3	YX16177T	3	0
STAB_CSY_OUTLIER_EXCL	3	YX16178T	1	1
STAB_CSY_OUTLIER_EXCL	3	YX16178T	2	0
STAB_CSY_OUTLIER_EXCL	3	YX16178T	3	0
STAB_CSY_OUTLIER_EXCL	3	YX16180T	1	0.00489596083231334
STAB_CSY_OUTLIER_EXCL	3	YX16180T	2	0.995104039167687
STAB_CSY_OUTLIER_EXCL	3	YX16180T	3	0
STAB_CSY_OUTLIER_EXCL	3	YX16185T	1	1
STAB_CSY_OUTLIER_EXCL	3	YX16185T	2	0
STAB_CSY_OUTLIER_EXCL	3	YX16185T	3	0
STAB_CSY_OUTLIER_EXCL	3	YX16188T	1	0
STAB_CSY_OUTLIER_EXCL	3	YX16188T	2	0.601290322580645
STAB_CSY_OUTLIER_EXCL	3	YX16188T	3	0.398709677419355
STAB_CSY_OUTLIER_EXCL	3	YX16202T	1	0
STAB_CSY_OUTLIER_EXCL	3	YX16202T	2	0
STAB_CSY_OUTLIER_EXCL	3	YX16202T	3	1
STAB_CSY_OUTLIER_EXCL	3	YX16203T	1	0.0089628681177977
STAB_CSY_OUTLIER_EXCL	3	YX16203T	2	0.991037131882202
STAB_CSY_OUTLIER_EXCL	3	YX16203T	3	0
STAB_CSY_OUTLIER_EXCL	3	YX16207T	1	0.00372208436724566
STAB_CSY_OUTLIER_EXCL	3	YX16207T	2	0.996277915632754
STAB_CSY_OUTLIER_EXCL	3	YX16207T	3	0
STAB_CSY_OUTLIER_EXCL	3	YX16218T	1	0.130102040816327
STAB_CSY_OUTLIER_EXCL	3	YX16218T	2	0.869897959183674
STAB_CSY_OUTLIER_EXCL	3	YX16218T	3	0
STAB_CSY_OUTLIER_EXCL	3	YX16222T	1	0.880616174582799
STAB_CSY_OUTLIER_EXCL	3	YX16222T	2	0.119383825417202
STAB_CSY_OUTLIER_EXCL	3	YX16222T	3	0
STAB_CSY_OUTLIER_EXCL	3	YX16227T	1	0.96969696969697
STAB_CSY_OUTLIER_EXCL	3	YX16227T	2	0.0303030303030303
STAB_CSY_OUTLIER_EXCL	3	YX16227T	3	0
STAB_CSY_OUTLIER_EXCL	3	YX16236T	1	0.947761194029851
STAB_CSY_OUTLIER_EXCL	3	YX16236T	2	0.0522388059701493
STAB_CSY_OUTLIER_EXCL	3	YX16236T	3	0
STAB_CSY_OUTLIER_EXCL	3	YX15047T	1	0
STAB_CSY_OUTLIER_EXCL	3	YX15047T	2	0.00248138957816377
STAB_CSY_OUTLIER_EXCL	3	YX15047T	3	0.997518610421836
STAB_CSY_OUTLIER_EXCL	3	YX15106T	1	0
STAB_CSY_OUTLIER_EXCL	3	YX15106T	2	0
STAB_CSY_OUTLIER_EXCL	3	YX15106T	3	1
STAB_CSY_OUTLIER_EXCL	3	YX15166T	1	0
STAB_CSY_OUTLIER_EXCL	3	YX15166T	2	0
STAB_CSY_OUTLIER_EXCL	3	YX15166T	3	1
STAB_CSY_OUTLIER_EXCL	3	YX15187T	1	0
STAB_CSY_OUTLIER_EXCL	3	YX15187T	2	0
STAB_CSY_OUTLIER_EXCL	3	YX15187T	3	1
STAB_CSY_OUTLIER_EXCL	3	YX15211T	1	0.00381194409148666
STAB_CSY_OUTLIER_EXCL	3	YX15211T	2	0.996188055908513
STAB_CSY_OUTLIER_EXCL	3	YX15211T	3	0
STAB_CSY_OUTLIER_EXCL	3	YX15214T	1	0
STAB_CSY_OUTLIER_EXCL	3	YX15214T	2	0
STAB_CSY_OUTLIER_EXCL	3	YX15214T	3	1
STAB_CSY_OUTLIER_EXCL	3	YX16009T	1	0.00371747211895911
STAB_CSY_OUTLIER_EXCL	3	YX16009T	2	0.908302354399009
STAB_CSY_OUTLIER_EXCL	3	YX16009T	3	0.0879801734820322
STAB_CSY_OUTLIER_EXCL	3	YX16011T	1	0
STAB_CSY_OUTLIER_EXCL	3	YX16011T	2	0
STAB_CSY_OUTLIER_EXCL	3	YX16011T	3	1
STAB_CSY_OUTLIER_EXCL	3	YX16068T	1	0
STAB_CSY_OUTLIER_EXCL	3	YX16068T	2	0
STAB_CSY_OUTLIER_EXCL	3	YX16068T	3	1
STAB_CSY_OUTLIER_EXCL	3	YX16070T	1	0
STAB_CSY_OUTLIER_EXCL	3	YX16070T	2	0
STAB_CSY_OUTLIER_EXCL	3	YX16070T	3	1
STAB_CSY_OUTLIER_EXCL	3	YX16075T	1	0.00898587933247754
STAB_CSY_OUTLIER_EXCL	3	YX16075T	2	0.991014120667522
STAB_CSY_OUTLIER_EXCL	3	YX16075T	3	0
STAB_CSY_OUTLIER_EXCL	3	YX16079T	1	0
STAB_CSY_OUTLIER_EXCL	3	YX16079T	2	0
STAB_CSY_OUTLIER_EXCL	3	YX16079T	3	1
STAB_CSY_OUTLIER_EXCL	3	YX16087T	1	0
STAB_CSY_OUTLIER_EXCL	3	YX16087T	2	0
STAB_CSY_OUTLIER_EXCL	3	YX16087T	3	1
STAB_CSY_OUTLIER_EXCL	3	YX16094T	1	0
STAB_CSY_OUTLIER_EXCL	3	YX16094T	2	0
STAB_CSY_OUTLIER_EXCL	3	YX16094T	3	1
STAB_CSY_OUTLIER_EXCL	3	YX16172T	1	0
STAB_CSY_OUTLIER_EXCL	3	YX16172T	2	0
STAB_CSY_OUTLIER_EXCL	3	YX16172T	3	1
STAB_CSY_OUTLIER_EXCL	3	YX16295T	1	0
STAB_CSY_OUTLIER_EXCL	3	YX16295T	2	0
STAB_CSY_OUTLIER_EXCL	3	YX16295T	3	1
STAB_CSY_OUTLIER_EXCL	3	YX16327T	1	0
STAB_CSY_OUTLIER_EXCL	3	YX16327T	2	0
STAB_CSY_OUTLIER_EXCL	3	YX16327T	3	1
STAB_CSY_OUTLIER_EXCL	3	YX16335T	1	0.998769987699877
STAB_CSY_OUTLIER_EXCL	3	YX16335T	2	0.001230012300123
STAB_CSY_OUTLIER_EXCL	3	YX16335T	3	0
STAB_CSY_OUTLIER_EXCL	3	YX16341T	1	0
STAB_CSY_OUTLIER_EXCL	3	YX16341T	2	0
STAB_CSY_OUTLIER_EXCL	3	YX16341T	3	1
STAB_CSY_OUTLIER_EXCL	3	YX16343T	1	0.0452830188679245
STAB_CSY_OUTLIER_EXCL	3	YX16343T	2	0.954716981132075
STAB_CSY_OUTLIER_EXCL	3	YX16343T	3	0
STAB_CSY_OUTLIER_EXCL	3	YX16347T	1	0.959798994974874
STAB_CSY_OUTLIER_EXCL	3	YX16347T	2	0.0402010050251256
STAB_CSY_OUTLIER_EXCL	3	YX16347T	3	0
STAB_CSY_OUTLIER_EXCL	4	YX15261T	1	0.911651728553137
STAB_CSY_OUTLIER_EXCL	4	YX15261T	2	0.00384122919334187
STAB_CSY_OUTLIER_EXCL	4	YX15261T	3	0
STAB_CSY_OUTLIER_EXCL	4	YX15261T	4	0.0845070422535211
STAB_CSY_OUTLIER_EXCL	4	YX15263T	1	0.993678887484197
STAB_CSY_OUTLIER_EXCL	4	YX15263T	2	0
STAB_CSY_OUTLIER_EXCL	4	YX15263T	3	0
STAB_CSY_OUTLIER_EXCL	4	YX15263T	4	0.00632111251580278
STAB_CSY_OUTLIER_EXCL	4	YX15271T	1	0
STAB_CSY_OUTLIER_EXCL	4	YX15271T	2	0.998714652956298
STAB_CSY_OUTLIER_EXCL	4	YX15271T	3	0
STAB_CSY_OUTLIER_EXCL	4	YX15271T	4	0.0012853470437018
STAB_CSY_OUTLIER_EXCL	4	YX16036T	1	0
STAB_CSY_OUTLIER_EXCL	4	YX16036T	2	0.895
STAB_CSY_OUTLIER_EXCL	4	YX16036T	3	0
STAB_CSY_OUTLIER_EXCL	4	YX16036T	4	0.105
STAB_CSY_OUTLIER_EXCL	4	YX16041T	1	0.922789539227895
STAB_CSY_OUTLIER_EXCL	4	YX16041T	2	0.0423412204234122
STAB_CSY_OUTLIER_EXCL	4	YX16041T	3	0
STAB_CSY_OUTLIER_EXCL	4	YX16041T	4	0.0348692403486924
STAB_CSY_OUTLIER_EXCL	4	YX16057T	1	0.559366754617414
STAB_CSY_OUTLIER_EXCL	4	YX16057T	2	0.345646437994723
STAB_CSY_OUTLIER_EXCL	4	YX16057T	3	0
STAB_CSY_OUTLIER_EXCL	4	YX16057T	4	0.0949868073878628
STAB_CSY_OUTLIER_EXCL	4	YX16062T	1	0.994771241830065
STAB_CSY_OUTLIER_EXCL	4	YX16062T	2	0
STAB_CSY_OUTLIER_EXCL	4	YX16062T	3	0
STAB_CSY_OUTLIER_EXCL	4	YX16062T	4	0.00522875816993464
STAB_CSY_OUTLIER_EXCL	4	YX16112T	1	0.270036991368681
STAB_CSY_OUTLIER_EXCL	4	YX16112T	2	0.569667077681874
STAB_CSY_OUTLIER_EXCL	4	YX16112T	3	0
STAB_CSY_OUTLIER_EXCL	4	YX16112T	4	0.160295930949445
STAB_CSY_OUTLIER_EXCL	4	YX16113T	1	0.0252525252525253
STAB_CSY_OUTLIER_EXCL	4	YX16113T	2	0.839646464646465
STAB_CSY_OUTLIER_EXCL	4	YX16113T	3	0
STAB_CSY_OUTLIER_EXCL	4	YX16113T	4	0.13510101010101
STAB_CSY_OUTLIER_EXCL	4	YX16119T	1	0.9225
STAB_CSY_OUTLIER_EXCL	4	YX16119T	2	0.0375
STAB_CSY_OUTLIER_EXCL	4	YX16119T	3	0
STAB_CSY_OUTLIER_EXCL	4	YX16119T	4	0.04
STAB_CSY_OUTLIER_EXCL	4	YX16120T	1	1
STAB_CSY_OUTLIER_EXCL	4	YX16120T	2	0
STAB_CSY_OUTLIER_EXCL	4	YX16120T	3	0
STAB_CSY_OUTLIER_EXCL	4	YX16120T	4	0
STAB_CSY_OUTLIER_EXCL	4	YX16127T	1	0.996305418719212
STAB_CSY_OUTLIER_EXCL	4	YX16127T	2	0
STAB_CSY_OUTLIER_EXCL	4	YX16127T	3	0
STAB_CSY_OUTLIER_EXCL	4	YX16127T	4	0.00369458128078818
STAB_CSY_OUTLIER_EXCL	4	YX16128T	1	0.1751269035533
STAB_CSY_OUTLIER_EXCL	4	YX16128T	2	0.657360406091371
STAB_CSY_OUTLIER_EXCL	4	YX16128T	3	0
STAB_CSY_OUTLIER_EXCL	4	YX16128T	4	0.16751269035533
STAB_CSY_OUTLIER_EXCL	4	YX16130T	1	0
STAB_CSY_OUTLIER_EXCL	4	YX16130T	2	0.803011292346299
STAB_CSY_OUTLIER_EXCL	4	YX16130T	3	0
STAB_CSY_OUTLIER_EXCL	4	YX16130T	4	0.196988707653701
STAB_CSY_OUTLIER_EXCL	4	YX16132T	1	0.0164141414141414
STAB_CSY_OUTLIER_EXCL	4	YX16132T	2	0.928030303030303
STAB_CSY_OUTLIER_EXCL	4	YX16132T	3	0
STAB_CSY_OUTLIER_EXCL	4	YX16132T	4	0.0555555555555556
STAB_CSY_OUTLIER_EXCL	4	YX16139T	1	0.994981179422836
STAB_CSY_OUTLIER_EXCL	4	YX16139T	2	0
STAB_CSY_OUTLIER_EXCL	4	YX16139T	3	0
STAB_CSY_OUTLIER_EXCL	4	YX16139T	4	0.00501882057716437
STAB_CSY_OUTLIER_EXCL	4	YX16141T	1	0
STAB_CSY_OUTLIER_EXCL	4	YX16141T	2	0.89620253164557
STAB_CSY_OUTLIER_EXCL	4	YX16141T	3	0
STAB_CSY_OUTLIER_EXCL	4	YX16141T	4	0.10379746835443
STAB_CSY_OUTLIER_EXCL	4	YX16144T	1	0.0178117048346056
STAB_CSY_OUTLIER_EXCL	4	YX16144T	2	0.930025445292621
STAB_CSY_OUTLIER_EXCL	4	YX16144T	3	0
STAB_CSY_OUTLIER_EXCL	4	YX16144T	4	0.0521628498727735
STAB_CSY_OUTLIER_EXCL	4	YX16147T	1	0.0583850931677019
STAB_CSY_OUTLIER_EXCL	4	YX16147T	2	0.775155279503106
STAB_CSY_OUTLIER_EXCL	4	YX16147T	3	0
STAB_CSY_OUTLIER_EXCL	4	YX16147T	4	0.166459627329193
STAB_CSY_OUTLIER_EXCL	4	YX16153T	1	0.991206030150754
STAB_CSY_OUTLIER_EXCL	4	YX16153T	2	0.00251256281407035
STAB_CSY_OUTLIER_EXCL	4	YX16153T	3	0
STAB_CSY_OUTLIER_EXCL	4	YX16153T	4	0.00628140703517588
STAB_CSY_OUTLIER_EXCL	4	YX16155T	1	0.119078104993598
STAB_CSY_OUTLIER_EXCL	4	YX16155T	2	0.513444302176697
STAB_CSY_OUTLIER_EXCL	4	YX16155T	3	0
STAB_CSY_OUTLIER_EXCL	4	YX16155T	4	0.367477592829705
STAB_CSY_OUTLIER_EXCL	4	YX16159T	1	0
STAB_CSY_OUTLIER_EXCL	4	YX16159T	2	0.9975
STAB_CSY_OUTLIER_EXCL	4	YX16159T	3	0
STAB_CSY_OUTLIER_EXCL	4	YX16159T	4	0.0025
STAB_CSY_OUTLIER_EXCL	4	YX16160T	1	0
STAB_CSY_OUTLIER_EXCL	4	YX16160T	2	0
STAB_CSY_OUTLIER_EXCL	4	YX16160T	3	0.99496855345912
STAB_CSY_OUTLIER_EXCL	4	YX16160T	4	0.0050314465408805
STAB_CSY_OUTLIER_EXCL	4	YX16161T	1	0
STAB_CSY_OUTLIER_EXCL	4	YX16161T	2	1
STAB_CSY_OUTLIER_EXCL	4	YX16161T	3	0
STAB_CSY_OUTLIER_EXCL	4	YX16161T	4	0
STAB_CSY_OUTLIER_EXCL	4	YX16166T	1	1
STAB_CSY_OUTLIER_EXCL	4	YX16166T	2	0
STAB_CSY_OUTLIER_EXCL	4	YX16166T	3	0
STAB_CSY_OUTLIER_EXCL	4	YX16166T	4	0
STAB_CSY_OUTLIER_EXCL	4	YX16177T	1	1
STAB_CSY_OUTLIER_EXCL	4	YX16177T	2	0
STAB_CSY_OUTLIER_EXCL	4	YX16177T	3	0
STAB_CSY_OUTLIER_EXCL	4	YX16177T	4	0
STAB_CSY_OUTLIER_EXCL	4	YX16178T	1	0.97375
STAB_CSY_OUTLIER_EXCL	4	YX16178T	2	0
STAB_CSY_OUTLIER_EXCL	4	YX16178T	3	0
STAB_CSY_OUTLIER_EXCL	4	YX16178T	4	0.02625
STAB_CSY_OUTLIER_EXCL	4	YX16180T	1	0
STAB_CSY_OUTLIER_EXCL	4	YX16180T	2	0.997552019583843
STAB_CSY_OUTLIER_EXCL	4	YX16180T	3	0
STAB_CSY_OUTLIER_EXCL	4	YX16180T	4	0.00244798041615667
STAB_CSY_OUTLIER_EXCL	4	YX16185T	1	0.726932668329177
STAB_CSY_OUTLIER_EXCL	4	YX16185T	2	0
STAB_CSY_OUTLIER_EXCL	4	YX16185T	3	0
STAB_CSY_OUTLIER_EXCL	4	YX16185T	4	0.273067331670823
STAB_CSY_OUTLIER_EXCL	4	YX16188T	1	0
STAB_CSY_OUTLIER_EXCL	4	YX16188T	2	0.518709677419355
STAB_CSY_OUTLIER_EXCL	4	YX16188T	3	0.381935483870968
STAB_CSY_OUTLIER_EXCL	4	YX16188T	4	0.0993548387096774
STAB_CSY_OUTLIER_EXCL	4	YX16202T	1	0
STAB_CSY_OUTLIER_EXCL	4	YX16202T	2	0
STAB_CSY_OUTLIER_EXCL	4	YX16202T	3	0.997452229299363
STAB_CSY_OUTLIER_EXCL	4	YX16202T	4	0.00254777070063694
STAB_CSY_OUTLIER_EXCL	4	YX16203T	1	0.00128040973111396
STAB_CSY_OUTLIER_EXCL	4	YX16203T	2	0.992317541613316
STAB_CSY_OUTLIER_EXCL	4	YX16203T	3	0
STAB_CSY_OUTLIER_EXCL	4	YX16203T	4	0.00640204865556978
STAB_CSY_OUTLIER_EXCL	4	YX16207T	1	0
STAB_CSY_OUTLIER_EXCL	4	YX16207T	2	0.997518610421836
STAB_CSY_OUTLIER_EXCL	4	YX16207T	3	0
STAB_CSY_OUTLIER_EXCL	4	YX16207T	4	0.00248138957816377
STAB_CSY_OUTLIER_EXCL	4	YX16218T	1	0.116071428571429
STAB_CSY_OUTLIER_EXCL	4	YX16218T	2	0.86734693877551
STAB_CSY_OUTLIER_EXCL	4	YX16218T	3	0
STAB_CSY_OUTLIER_EXCL	4	YX16218T	4	0.0165816326530612
STAB_CSY_OUTLIER_EXCL	4	YX16222T	1	0.86392811296534
STAB_CSY_OUTLIER_EXCL	4	YX16222T	2	0.101412066752246
STAB_CSY_OUTLIER_EXCL	4	YX16222T	3	0
STAB_CSY_OUTLIER_EXCL	4	YX16222T	4	0.0346598202824134
STAB_CSY_OUTLIER_EXCL	4	YX16227T	1	0.958333333333333
STAB_CSY_OUTLIER_EXCL	4	YX16227T	2	0.0227272727272727
STAB_CSY_OUTLIER_EXCL	4	YX16227T	3	0
STAB_CSY_OUTLIER_EXCL	4	YX16227T	4	0.0189393939393939
STAB_CSY_OUTLIER_EXCL	4	YX16236T	1	0.898009950248756
STAB_CSY_OUTLIER_EXCL	4	YX16236T	2	0.0161691542288557
STAB_CSY_OUTLIER_EXCL	4	YX16236T	3	0
STAB_CSY_OUTLIER_EXCL	4	YX16236T	4	0.0858208955223881
STAB_CSY_OUTLIER_EXCL	4	YX15047T	1	0
STAB_CSY_OUTLIER_EXCL	4	YX15047T	2	0
STAB_CSY_OUTLIER_EXCL	4	YX15047T	3	0.967741935483871
STAB_CSY_OUTLIER_EXCL	4	YX15047T	4	0.032258064516129
STAB_CSY_OUTLIER_EXCL	4	YX15106T	1	0
STAB_CSY_OUTLIER_EXCL	4	YX15106T	2	0
STAB_CSY_OUTLIER_EXCL	4	YX15106T	3	1
STAB_CSY_OUTLIER_EXCL	4	YX15106T	4	0
STAB_CSY_OUTLIER_EXCL	4	YX15166T	1	0
STAB_CSY_OUTLIER_EXCL	4	YX15166T	2	0
STAB_CSY_OUTLIER_EXCL	4	YX15166T	3	1
STAB_CSY_OUTLIER_EXCL	4	YX15166T	4	0
STAB_CSY_OUTLIER_EXCL	4	YX15187T	1	0
STAB_CSY_OUTLIER_EXCL	4	YX15187T	2	0
STAB_CSY_OUTLIER_EXCL	4	YX15187T	3	1
STAB_CSY_OUTLIER_EXCL	4	YX15187T	4	0
STAB_CSY_OUTLIER_EXCL	4	YX15211T	1	0
STAB_CSY_OUTLIER_EXCL	4	YX15211T	2	0.9428208386277
STAB_CSY_OUTLIER_EXCL	4	YX15211T	3	0
STAB_CSY_OUTLIER_EXCL	4	YX15211T	4	0.0571791613722999
STAB_CSY_OUTLIER_EXCL	4	YX15214T	1	0
STAB_CSY_OUTLIER_EXCL	4	YX15214T	2	0
STAB_CSY_OUTLIER_EXCL	4	YX15214T	3	1
STAB_CSY_OUTLIER_EXCL	4	YX15214T	4	0
STAB_CSY_OUTLIER_EXCL	4	YX16009T	1	0
STAB_CSY_OUTLIER_EXCL	4	YX16009T	2	0.83271375464684
STAB_CSY_OUTLIER_EXCL	4	YX16009T	3	0.0768277571251549
STAB_CSY_OUTLIER_EXCL	4	YX16009T	4	0.090458488228005
STAB_CSY_OUTLIER_EXCL	4	YX16011T	1	0
STAB_CSY_OUTLIER_EXCL	4	YX16011T	2	0
STAB_CSY_OUTLIER_EXCL	4	YX16011T	3	1
STAB_CSY_OUTLIER_EXCL	4	YX16011T	4	0
STAB_CSY_OUTLIER_EXCL	4	YX16068T	1	0
STAB_CSY_OUTLIER_EXCL	4	YX16068T	2	0
STAB_CSY_OUTLIER_EXCL	4	YX16068T	3	1
STAB_CSY_OUTLIER_EXCL	4	YX16068T	4	0
STAB_CSY_OUTLIER_EXCL	4	YX16070T	1	0
STAB_CSY_OUTLIER_EXCL	4	YX16070T	2	0
STAB_CSY_OUTLIER_EXCL	4	YX16070T	3	1
STAB_CSY_OUTLIER_EXCL	4	YX16070T	4	0
STAB_CSY_OUTLIER_EXCL	4	YX16075T	1	0
STAB_CSY_OUTLIER_EXCL	4	YX16075T	2	0.989730423620026
STAB_CSY_OUTLIER_EXCL	4	YX16075T	3	0
STAB_CSY_OUTLIER_EXCL	4	YX16075T	4	0.0102695763799743
STAB_CSY_OUTLIER_EXCL	4	YX16079T	1	0
STAB_CSY_OUTLIER_EXCL	4	YX16079T	2	0
STAB_CSY_OUTLIER_EXCL	4	YX16079T	3	1
STAB_CSY_OUTLIER_EXCL	4	YX16079T	4	0
STAB_CSY_OUTLIER_EXCL	4	YX16087T	1	0
STAB_CSY_OUTLIER_EXCL	4	YX16087T	2	0
STAB_CSY_OUTLIER_EXCL	4	YX16087T	3	1
STAB_CSY_OUTLIER_EXCL	4	YX16087T	4	0
STAB_CSY_OUTLIER_EXCL	4	YX16094T	1	0
STAB_CSY_OUTLIER_EXCL	4	YX16094T	2	0
STAB_CSY_OUTLIER_EXCL	4	YX16094T	3	1
STAB_CSY_OUTLIER_EXCL	4	YX16094T	4	0
STAB_CSY_OUTLIER_EXCL	4	YX16172T	1	0
STAB_CSY_OUTLIER_EXCL	4	YX16172T	2	0
STAB_CSY_OUTLIER_EXCL	4	YX16172T	3	1
STAB_CSY_OUTLIER_EXCL	4	YX16172T	4	0
STAB_CSY_OUTLIER_EXCL	4	YX16295T	1	0
STAB_CSY_OUTLIER_EXCL	4	YX16295T	2	0
STAB_CSY_OUTLIER_EXCL	4	YX16295T	3	1
STAB_CSY_OUTLIER_EXCL	4	YX16295T	4	0
STAB_CSY_OUTLIER_EXCL	4	YX16327T	1	0
STAB_CSY_OUTLIER_EXCL	4	YX16327T	2	0
STAB_CSY_OUTLIER_EXCL	4	YX16327T	3	1
STAB_CSY_OUTLIER_EXCL	4	YX16327T	4	0
STAB_CSY_OUTLIER_EXCL	4	YX16335T	1	1
STAB_CSY_OUTLIER_EXCL	4	YX16335T	2	0
STAB_CSY_OUTLIER_EXCL	4	YX16335T	3	0
STAB_CSY_OUTLIER_EXCL	4	YX16335T	4	0
STAB_CSY_OUTLIER_EXCL	4	YX16341T	1	0
STAB_CSY_OUTLIER_EXCL	4	YX16341T	2	0
STAB_CSY_OUTLIER_EXCL	4	YX16341T	3	1
STAB_CSY_OUTLIER_EXCL	4	YX16341T	4	0
STAB_CSY_OUTLIER_EXCL	4	YX16343T	1	0.00125786163522013
STAB_CSY_OUTLIER_EXCL	4	YX16343T	2	0.689308176100629
STAB_CSY_OUTLIER_EXCL	4	YX16343T	3	0
STAB_CSY_OUTLIER_EXCL	4	YX16343T	4	0.309433962264151
STAB_CSY_OUTLIER_EXCL	4	YX16347T	1	0.591708542713568
STAB_CSY_OUTLIER_EXCL	4	YX16347T	2	0.00251256281407035
STAB_CSY_OUTLIER_EXCL	4	YX16347T	3	0
STAB_CSY_OUTLIER_EXCL	4	YX16347T	4	0.405778894472362
STAB_CSY_OUTLIER_EXCL	5	YX15261T	1	0.892445582586428
STAB_CSY_OUTLIER_EXCL	5	YX15261T	2	0
STAB_CSY_OUTLIER_EXCL	5	YX15261T	3	0
STAB_CSY_OUTLIER_EXCL	5	YX15261T	4	0.0563380281690141
STAB_CSY_OUTLIER_EXCL	5	YX15261T	5	0.0512163892445583
STAB_CSY_OUTLIER_EXCL	5	YX15263T	1	0.986093552465234
STAB_CSY_OUTLIER_EXCL	5	YX15263T	2	0
STAB_CSY_OUTLIER_EXCL	5	YX15263T	3	0
STAB_CSY_OUTLIER_EXCL	5	YX15263T	4	0.011378002528445
STAB_CSY_OUTLIER_EXCL	5	YX15263T	5	0.00252844500632111
STAB_CSY_OUTLIER_EXCL	5	YX15271T	1	0
STAB_CSY_OUTLIER_EXCL	5	YX15271T	2	0.997429305912596
STAB_CSY_OUTLIER_EXCL	5	YX15271T	3	0
STAB_CSY_OUTLIER_EXCL	5	YX15271T	4	0.0025706940874036
STAB_CSY_OUTLIER_EXCL	5	YX15271T	5	0
STAB_CSY_OUTLIER_EXCL	5	YX16036T	1	0
STAB_CSY_OUTLIER_EXCL	5	YX16036T	2	0.82875
STAB_CSY_OUTLIER_EXCL	5	YX16036T	3	0
STAB_CSY_OUTLIER_EXCL	5	YX16036T	4	0.0725
STAB_CSY_OUTLIER_EXCL	5	YX16036T	5	0.09875
STAB_CSY_OUTLIER_EXCL	5	YX16041T	1	0.897882938978829
STAB_CSY_OUTLIER_EXCL	5	YX16041T	2	0.0361145703611457
STAB_CSY_OUTLIER_EXCL	5	YX16041T	3	0
STAB_CSY_OUTLIER_EXCL	5	YX16041T	4	0.0273972602739726
STAB_CSY_OUTLIER_EXCL	5	YX16041T	5	0.0386052303860523
STAB_CSY_OUTLIER_EXCL	5	YX16057T	1	0.5
STAB_CSY_OUTLIER_EXCL	5	YX16057T	2	0.286279683377309
STAB_CSY_OUTLIER_EXCL	5	YX16057T	3	0
STAB_CSY_OUTLIER_EXCL	5	YX16057T	4	0.0910290237467019
STAB_CSY_OUTLIER_EXCL	5	YX16057T	5	0.122691292875989
STAB_CSY_OUTLIER_EXCL	5	YX16062T	1	0.988235294117647
STAB_CSY_OUTLIER_EXCL	5	YX16062T	2	0
STAB_CSY_OUTLIER_EXCL	5	YX16062T	3	0
STAB_CSY_OUTLIER_EXCL	5	YX16062T	4	0.00915032679738562
STAB_CSY_OUTLIER_EXCL	5	YX16062T	5	0.00261437908496732
STAB_CSY_OUTLIER_EXCL	5	YX16112T	1	0.231812577065351
STAB_CSY_OUTLIER_EXCL	5	YX16112T	2	0.425400739827374
STAB_CSY_OUTLIER_EXCL	5	YX16112T	3	0
STAB_CSY_OUTLIER_EXCL	5	YX16112T	4	0.173859432799014
STAB_CSY_OUTLIER_EXCL	5	YX16112T	5	0.168927250308261
STAB_CSY_OUTLIER_EXCL	5	YX16113T	1	0.0101010101010101
STAB_CSY_OUTLIER_EXCL	5	YX16113T	2	0.718434343434343
STAB_CSY_OUTLIER_EXCL	5	YX16113T	3	0
STAB_CSY_OUTLIER_EXCL	5	YX16113T	4	0.169191919191919
STAB_CSY_OUTLIER_EXCL	5	YX16113T	5	0.102272727272727
STAB_CSY_OUTLIER_EXCL	5	YX16119T	1	0.88
STAB_CSY_OUTLIER_EXCL	5	YX16119T	2	0.03125
STAB_CSY_OUTLIER_EXCL	5	YX16119T	3	0
STAB_CSY_OUTLIER_EXCL	5	YX16119T	4	0.0225
STAB_CSY_OUTLIER_EXCL	5	YX16119T	5	0.06625
STAB_CSY_OUTLIER_EXCL	5	YX16120T	1	0.997477931904161
STAB_CSY_OUTLIER_EXCL	5	YX16120T	2	0
STAB_CSY_OUTLIER_EXCL	5	YX16120T	3	0
STAB_CSY_OUTLIER_EXCL	5	YX16120T	4	0
STAB_CSY_OUTLIER_EXCL	5	YX16120T	5	0.00252206809583859
STAB_CSY_OUTLIER_EXCL	5	YX16127T	1	0.995073891625616
STAB_CSY_OUTLIER_EXCL	5	YX16127T	2	0
STAB_CSY_OUTLIER_EXCL	5	YX16127T	3	0
STAB_CSY_OUTLIER_EXCL	5	YX16127T	4	0.00369458128078818
STAB_CSY_OUTLIER_EXCL	5	YX16127T	5	0.00123152709359606
STAB_CSY_OUTLIER_EXCL	5	YX16128T	1	0.115482233502538
STAB_CSY_OUTLIER_EXCL	5	YX16128T	2	0.503807106598985
STAB_CSY_OUTLIER_EXCL	5	YX16128T	3	0
STAB_CSY_OUTLIER_EXCL	5	YX16128T	4	0.181472081218274
STAB_CSY_OUTLIER_EXCL	5	YX16128T	5	0.199238578680203
STAB_CSY_OUTLIER_EXCL	5	YX16130T	1	0
STAB_CSY_OUTLIER_EXCL	5	YX16130T	2	0.720200752823087
STAB_CSY_OUTLIER_EXCL	5	YX16130T	3	0
STAB_CSY_OUTLIER_EXCL	5	YX16130T	4	0.117942283563363
STAB_CSY_OUTLIER_EXCL	5	YX16130T	5	0.161856963613551
STAB_CSY_OUTLIER_EXCL	5	YX16132T	1	0.00631313131313131
STAB_CSY_OUTLIER_EXCL	5	YX16132T	2	0.821969696969697
STAB_CSY_OUTLIER_EXCL	5	YX16132T	3	0
STAB_CSY_OUTLIER_EXCL	5	YX16132T	4	0.0934343434343434
STAB_CSY_OUTLIER_EXCL	5	YX16132T	5	0.0782828282828283
STAB_CSY_OUTLIER_EXCL	5	YX16139T	1	0.978670012547051
STAB_CSY_OUTLIER_EXCL	5	YX16139T	2	0
STAB_CSY_OUTLIER_EXCL	5	YX16139T	3	0
STAB_CSY_OUTLIER_EXCL	5	YX16139T	4	0.0200752823086575
STAB_CSY_OUTLIER_EXCL	5	YX16139T	5	0.00125470514429109
STAB_CSY_OUTLIER_EXCL	5	YX16141T	1	0
STAB_CSY_OUTLIER_EXCL	5	YX16141T	2	0.810126582278481
STAB_CSY_OUTLIER_EXCL	5	YX16141T	3	0
STAB_CSY_OUTLIER_EXCL	5	YX16141T	4	0.0949367088607595
STAB_CSY_OUTLIER_EXCL	5	YX16141T	5	0.0949367088607595
STAB_CSY_OUTLIER_EXCL	5	YX16144T	1	0.00763358778625954
STAB_CSY_OUTLIER_EXCL	5	YX16144T	2	0.877862595419847
STAB_CSY_OUTLIER_EXCL	5	YX16144T	3	0
STAB_CSY_OUTLIER_EXCL	5	YX16144T	4	0.0559796437659033
STAB_CSY_OUTLIER_EXCL	5	YX16144T	5	0.0585241730279898
STAB_CSY_OUTLIER_EXCL	5	YX16147T	1	0.0273291925465838
STAB_CSY_OUTLIER_EXCL	5	YX16147T	2	0.609937888198758
STAB_CSY_OUTLIER_EXCL	5	YX16147T	3	0
STAB_CSY_OUTLIER_EXCL	5	YX16147T	4	0.175155279503106
STAB_CSY_OUTLIER_EXCL	5	YX16147T	5	0.187577639751553
STAB_CSY_OUTLIER_EXCL	5	YX16153T	1	0.982412060301508
STAB_CSY_OUTLIER_EXCL	5	YX16153T	2	0.00125628140703518
STAB_CSY_OUTLIER_EXCL	5	YX16153T	3	0
STAB_CSY_OUTLIER_EXCL	5	YX16153T	4	0.0100502512562814
STAB_CSY_OUTLIER_EXCL	5	YX16153T	5	0.00628140703517588
STAB_CSY_OUTLIER_EXCL	5	YX16155T	1	0.106274007682458
STAB_CSY_OUTLIER_EXCL	5	YX16155T	2	0.416133162612036
STAB_CSY_OUTLIER_EXCL	5	YX16155T	3	0
STAB_CSY_OUTLIER_EXCL	5	YX16155T	4	0.208706786171575
STAB_CSY_OUTLIER_EXCL	5	YX16155T	5	0.268886043533931
STAB_CSY_OUTLIER_EXCL	5	YX16159T	1	0
STAB_CSY_OUTLIER_EXCL	5	YX16159T	2	0.9975
STAB_CSY_OUTLIER_EXCL	5	YX16159T	3	0
STAB_CSY_OUTLIER_EXCL	5	YX16159T	4	0.0025
STAB_CSY_OUTLIER_EXCL	5	YX16159T	5	0
STAB_CSY_OUTLIER_EXCL	5	YX16160T	1	0
STAB_CSY_OUTLIER_EXCL	5	YX16160T	2	0
STAB_CSY_OUTLIER_EXCL	5	YX16160T	3	0.979874213836478
STAB_CSY_OUTLIER_EXCL	5	YX16160T	4	0.0163522012578616
STAB_CSY_OUTLIER_EXCL	5	YX16160T	5	0.00377358490566038
STAB_CSY_OUTLIER_EXCL	5	YX16161T	1	0
STAB_CSY_OUTLIER_EXCL	5	YX16161T	2	0.998753117206983
STAB_CSY_OUTLIER_EXCL	5	YX16161T	3	0
STAB_CSY_OUTLIER_EXCL	5	YX16161T	4	0.00124688279301746
STAB_CSY_OUTLIER_EXCL	5	YX16161T	5	0
STAB_CSY_OUTLIER_EXCL	5	YX16166T	1	0.996235884567127
STAB_CSY_OUTLIER_EXCL	5	YX16166T	2	0
STAB_CSY_OUTLIER_EXCL	5	YX16166T	3	0
STAB_CSY_OUTLIER_EXCL	5	YX16166T	4	0
STAB_CSY_OUTLIER_EXCL	5	YX16166T	5	0.00376411543287327
STAB_CSY_OUTLIER_EXCL	5	YX16177T	1	0.997530864197531
STAB_CSY_OUTLIER_EXCL	5	YX16177T	2	0
STAB_CSY_OUTLIER_EXCL	5	YX16177T	3	0
STAB_CSY_OUTLIER_EXCL	5	YX16177T	4	0
STAB_CSY_OUTLIER_EXCL	5	YX16177T	5	0.00246913580246914
STAB_CSY_OUTLIER_EXCL	5	YX16178T	1	0.95625
STAB_CSY_OUTLIER_EXCL	5	YX16178T	2	0
STAB_CSY_OUTLIER_EXCL	5	YX16178T	3	0
STAB_CSY_OUTLIER_EXCL	5	YX16178T	4	0.035
STAB_CSY_OUTLIER_EXCL	5	YX16178T	5	0.00875
STAB_CSY_OUTLIER_EXCL	5	YX16180T	1	0
STAB_CSY_OUTLIER_EXCL	5	YX16180T	2	0.996328029375765
STAB_CSY_OUTLIER_EXCL	5	YX16180T	3	0
STAB_CSY_OUTLIER_EXCL	5	YX16180T	4	0.00367197062423501
STAB_CSY_OUTLIER_EXCL	5	YX16180T	5	0
STAB_CSY_OUTLIER_EXCL	5	YX16185T	1	0.517456359102244
STAB_CSY_OUTLIER_EXCL	5	YX16185T	2	0
STAB_CSY_OUTLIER_EXCL	5	YX16185T	3	0
STAB_CSY_OUTLIER_EXCL	5	YX16185T	4	0.482543640897756
STAB_CSY_OUTLIER_EXCL	5	YX16185T	5	0
STAB_CSY_OUTLIER_EXCL	5	YX16188T	1	0
STAB_CSY_OUTLIER_EXCL	5	YX16188T	2	0.39741935483871
STAB_CSY_OUTLIER_EXCL	5	YX16188T	3	0.356129032258065
STAB_CSY_OUTLIER_EXCL	5	YX16188T	4	0.143225806451613
STAB_CSY_OUTLIER_EXCL	5	YX16188T	5	0.103225806451613
STAB_CSY_OUTLIER_EXCL	5	YX16202T	1	0
STAB_CSY_OUTLIER_EXCL	5	YX16202T	2	0
STAB_CSY_OUTLIER_EXCL	5	YX16202T	3	0.988535031847134
STAB_CSY_OUTLIER_EXCL	5	YX16202T	4	0.0101910828025478
STAB_CSY_OUTLIER_EXCL	5	YX16202T	5	0.00127388535031847
STAB_CSY_OUTLIER_EXCL	5	YX16203T	1	0.00128040973111396
STAB_CSY_OUTLIER_EXCL	5	YX16203T	2	0.989756722151088
STAB_CSY_OUTLIER_EXCL	5	YX16203T	3	0
STAB_CSY_OUTLIER_EXCL	5	YX16203T	4	0.00640204865556978
STAB_CSY_OUTLIER_EXCL	5	YX16203T	5	0.00256081946222791
STAB_CSY_OUTLIER_EXCL	5	YX16207T	1	0
STAB_CSY_OUTLIER_EXCL	5	YX16207T	2	0.996277915632754
STAB_CSY_OUTLIER_EXCL	5	YX16207T	3	0
STAB_CSY_OUTLIER_EXCL	5	YX16207T	4	0.00372208436724566
STAB_CSY_OUTLIER_EXCL	5	YX16207T	5	0
STAB_CSY_OUTLIER_EXCL	5	YX16218T	1	0.112244897959184
STAB_CSY_OUTLIER_EXCL	5	YX16218T	2	0.852040816326531
STAB_CSY_OUTLIER_EXCL	5	YX16218T	3	0
STAB_CSY_OUTLIER_EXCL	5	YX16218T	4	0.014030612244898
STAB_CSY_OUTLIER_EXCL	5	YX16218T	5	0.0216836734693878
STAB_CSY_OUTLIER_EXCL	5	YX16222T	1	0.838254172015404
STAB_CSY_OUTLIER_EXCL	5	YX16222T	2	0.0847240051347882
STAB_CSY_OUTLIER_EXCL	5	YX16222T	3	0
STAB_CSY_OUTLIER_EXCL	5	YX16222T	4	0.0397946084724005
STAB_CSY_OUTLIER_EXCL	5	YX16222T	5	0.0372272143774069
STAB_CSY_OUTLIER_EXCL	5	YX16227T	1	0.945707070707071
STAB_CSY_OUTLIER_EXCL	5	YX16227T	2	0.0189393939393939
STAB_CSY_OUTLIER_EXCL	5	YX16227T	3	0
STAB_CSY_OUTLIER_EXCL	5	YX16227T	4	0.0176767676767677
STAB_CSY_OUTLIER_EXCL	5	YX16227T	5	0.0176767676767677
STAB_CSY_OUTLIER_EXCL	5	YX16236T	1	0.883084577114428
STAB_CSY_OUTLIER_EXCL	5	YX16236T	2	0.00621890547263682
STAB_CSY_OUTLIER_EXCL	5	YX16236T	3	0
STAB_CSY_OUTLIER_EXCL	5	YX16236T	4	0.0485074626865672
STAB_CSY_OUTLIER_EXCL	5	YX16236T	5	0.0621890547263682
STAB_CSY_OUTLIER_EXCL	5	YX15047T	1	0
STAB_CSY_OUTLIER_EXCL	5	YX15047T	2	0
STAB_CSY_OUTLIER_EXCL	5	YX15047T	3	0.77667493796526
STAB_CSY_OUTLIER_EXCL	5	YX15047T	4	0.192307692307692
STAB_CSY_OUTLIER_EXCL	5	YX15047T	5	0.0310173697270471
STAB_CSY_OUTLIER_EXCL	5	YX15106T	1	0
STAB_CSY_OUTLIER_EXCL	5	YX15106T	2	0
STAB_CSY_OUTLIER_EXCL	5	YX15106T	3	1
STAB_CSY_OUTLIER_EXCL	5	YX15106T	4	0
STAB_CSY_OUTLIER_EXCL	5	YX15106T	5	0
STAB_CSY_OUTLIER_EXCL	5	YX15166T	1	0
STAB_CSY_OUTLIER_EXCL	5	YX15166T	2	0
STAB_CSY_OUTLIER_EXCL	5	YX15166T	3	1
STAB_CSY_OUTLIER_EXCL	5	YX15166T	4	0
STAB_CSY_OUTLIER_EXCL	5	YX15166T	5	0
STAB_CSY_OUTLIER_EXCL	5	YX15187T	1	0
STAB_CSY_OUTLIER_EXCL	5	YX15187T	2	0
STAB_CSY_OUTLIER_EXCL	5	YX15187T	3	1
STAB_CSY_OUTLIER_EXCL	5	YX15187T	4	0
STAB_CSY_OUTLIER_EXCL	5	YX15187T	5	0
STAB_CSY_OUTLIER_EXCL	5	YX15211T	1	0
STAB_CSY_OUTLIER_EXCL	5	YX15211T	2	0.857687420584498
STAB_CSY_OUTLIER_EXCL	5	YX15211T	3	0
STAB_CSY_OUTLIER_EXCL	5	YX15211T	4	0.0864040660736976
STAB_CSY_OUTLIER_EXCL	5	YX15211T	5	0.0559085133418043
STAB_CSY_OUTLIER_EXCL	5	YX15214T	1	0
STAB_CSY_OUTLIER_EXCL	5	YX15214T	2	0
STAB_CSY_OUTLIER_EXCL	5	YX15214T	3	1
STAB_CSY_OUTLIER_EXCL	5	YX15214T	4	0
STAB_CSY_OUTLIER_EXCL	5	YX15214T	5	0
STAB_CSY_OUTLIER_EXCL	5	YX16009T	1	0
STAB_CSY_OUTLIER_EXCL	5	YX16009T	2	0.716232961586121
STAB_CSY_OUTLIER_EXCL	5	YX16009T	3	0.0644361833952912
STAB_CSY_OUTLIER_EXCL	5	YX16009T	4	0.122676579925651
STAB_CSY_OUTLIER_EXCL	5	YX16009T	5	0.0966542750929368
STAB_CSY_OUTLIER_EXCL	5	YX16011T	1	0
STAB_CSY_OUTLIER_EXCL	5	YX16011T	2	0
STAB_CSY_OUTLIER_EXCL	5	YX16011T	3	1
STAB_CSY_OUTLIER_EXCL	5	YX16011T	4	0
STAB_CSY_OUTLIER_EXCL	5	YX16011T	5	0
STAB_CSY_OUTLIER_EXCL	5	YX16068T	1	0
STAB_CSY_OUTLIER_EXCL	5	YX16068T	2	0
STAB_CSY_OUTLIER_EXCL	5	YX16068T	3	1
STAB_CSY_OUTLIER_EXCL	5	YX16068T	4	0
STAB_CSY_OUTLIER_EXCL	5	YX16068T	5	0
STAB_CSY_OUTLIER_EXCL	5	YX16070T	1	0
STAB_CSY_OUTLIER_EXCL	5	YX16070T	2	0
STAB_CSY_OUTLIER_EXCL	5	YX16070T	3	1
STAB_CSY_OUTLIER_EXCL	5	YX16070T	4	0
STAB_CSY_OUTLIER_EXCL	5	YX16070T	5	0
STAB_CSY_OUTLIER_EXCL	5	YX16075T	1	0
STAB_CSY_OUTLIER_EXCL	5	YX16075T	2	0.985879332477535
STAB_CSY_OUTLIER_EXCL	5	YX16075T	3	0
STAB_CSY_OUTLIER_EXCL	5	YX16075T	4	0.00513478818998716
STAB_CSY_OUTLIER_EXCL	5	YX16075T	5	0.00898587933247754
STAB_CSY_OUTLIER_EXCL	5	YX16079T	1	0
STAB_CSY_OUTLIER_EXCL	5	YX16079T	2	0
STAB_CSY_OUTLIER_EXCL	5	YX16079T	3	0.998716302952503
STAB_CSY_OUTLIER_EXCL	5	YX16079T	4	0.00128369704749679
STAB_CSY_OUTLIER_EXCL	5	YX16079T	5	0
STAB_CSY_OUTLIER_EXCL	5	YX16087T	1	0
STAB_CSY_OUTLIER_EXCL	5	YX16087T	2	0
STAB_CSY_OUTLIER_EXCL	5	YX16087T	3	1
STAB_CSY_OUTLIER_EXCL	5	YX16087T	4	0
STAB_CSY_OUTLIER_EXCL	5	YX16087T	5	0
STAB_CSY_OUTLIER_EXCL	5	YX16094T	1	0
STAB_CSY_OUTLIER_EXCL	5	YX16094T	2	0
STAB_CSY_OUTLIER_EXCL	5	YX16094T	3	1
STAB_CSY_OUTLIER_EXCL	5	YX16094T	4	0
STAB_CSY_OUTLIER_EXCL	5	YX16094T	5	0
STAB_CSY_OUTLIER_EXCL	5	YX16172T	1	0
STAB_CSY_OUTLIER_EXCL	5	YX16172T	2	0
STAB_CSY_OUTLIER_EXCL	5	YX16172T	3	1
STAB_CSY_OUTLIER_EXCL	5	YX16172T	4	0
STAB_CSY_OUTLIER_EXCL	5	YX16172T	5	0
STAB_CSY_OUTLIER_EXCL	5	YX16295T	1	0
STAB_CSY_OUTLIER_EXCL	5	YX16295T	2	0
STAB_CSY_OUTLIER_EXCL	5	YX16295T	3	1
STAB_CSY_OUTLIER_EXCL	5	YX16295T	4	0
STAB_CSY_OUTLIER_EXCL	5	YX16295T	5	0
STAB_CSY_OUTLIER_EXCL	5	YX16327T	1	0
STAB_CSY_OUTLIER_EXCL	5	YX16327T	2	0
STAB_CSY_OUTLIER_EXCL	5	YX16327T	3	1
STAB_CSY_OUTLIER_EXCL	5	YX16327T	4	0
STAB_CSY_OUTLIER_EXCL	5	YX16327T	5	0
STAB_CSY_OUTLIER_EXCL	5	YX16335T	1	1
STAB_CSY_OUTLIER_EXCL	5	YX16335T	2	0
STAB_CSY_OUTLIER_EXCL	5	YX16335T	3	0
STAB_CSY_OUTLIER_EXCL	5	YX16335T	4	0
STAB_CSY_OUTLIER_EXCL	5	YX16335T	5	0
STAB_CSY_OUTLIER_EXCL	5	YX16341T	1	0
STAB_CSY_OUTLIER_EXCL	5	YX16341T	2	0
STAB_CSY_OUTLIER_EXCL	5	YX16341T	3	1
STAB_CSY_OUTLIER_EXCL	5	YX16341T	4	0
STAB_CSY_OUTLIER_EXCL	5	YX16341T	5	0
STAB_CSY_OUTLIER_EXCL	5	YX16343T	1	0.00125786163522013
STAB_CSY_OUTLIER_EXCL	5	YX16343T	2	0.583647798742138
STAB_CSY_OUTLIER_EXCL	5	YX16343T	3	0
STAB_CSY_OUTLIER_EXCL	5	YX16343T	4	0.189937106918239
STAB_CSY_OUTLIER_EXCL	5	YX16343T	5	0.225157232704403
STAB_CSY_OUTLIER_EXCL	5	YX16347T	1	0.291457286432161
STAB_CSY_OUTLIER_EXCL	5	YX16347T	2	0
STAB_CSY_OUTLIER_EXCL	5	YX16347T	3	0
STAB_CSY_OUTLIER_EXCL	5	YX16347T	4	0
STAB_CSY_OUTLIER_EXCL	5	YX16347T	5	0.708542713567839
STAB_CSY_OUTLIER_EXCL	6	YX15261T	1	0.874519846350832
STAB_CSY_OUTLIER_EXCL	6	YX15261T	2	0.0128040973111396
STAB_CSY_OUTLIER_EXCL	6	YX15261T	3	0.0140845070422535
STAB_CSY_OUTLIER_EXCL	6	YX15261T	4	0
STAB_CSY_OUTLIER_EXCL	6	YX15261T	5	0.0678617157490397
STAB_CSY_OUTLIER_EXCL	6	YX15261T	6	0.030729833546735
STAB_CSY_OUTLIER_EXCL	6	YX15263T	1	0.978508217446271
STAB_CSY_OUTLIER_EXCL	6	YX15263T	2	0
STAB_CSY_OUTLIER_EXCL	6	YX15263T	3	0
STAB_CSY_OUTLIER_EXCL	6	YX15263T	4	0
STAB_CSY_OUTLIER_EXCL	6	YX15263T	5	0.0176991150442478
STAB_CSY_OUTLIER_EXCL	6	YX15263T	6	0.00379266750948167
STAB_CSY_OUTLIER_EXCL	6	YX15271T	1	0
STAB_CSY_OUTLIER_EXCL	6	YX15271T	2	0.889460154241645
STAB_CSY_OUTLIER_EXCL	6	YX15271T	3	0.109254498714653
STAB_CSY_OUTLIER_EXCL	6	YX15271T	4	0
STAB_CSY_OUTLIER_EXCL	6	YX15271T	5	0.0012853470437018
STAB_CSY_OUTLIER_EXCL	6	YX15271T	6	0
STAB_CSY_OUTLIER_EXCL	6	YX16036T	1	0
STAB_CSY_OUTLIER_EXCL	6	YX16036T	2	0.8375
STAB_CSY_OUTLIER_EXCL	6	YX16036T	3	0.0475
STAB_CSY_OUTLIER_EXCL	6	YX16036T	4	0
STAB_CSY_OUTLIER_EXCL	6	YX16036T	5	0.05875
STAB_CSY_OUTLIER_EXCL	6	YX16036T	6	0.05625
STAB_CSY_OUTLIER_EXCL	6	YX16041T	1	0.863013698630137
STAB_CSY_OUTLIER_EXCL	6	YX16041T	2	0.0224159402241594
STAB_CSY_OUTLIER_EXCL	6	YX16041T	3	0.0485678704856787
STAB_CSY_OUTLIER_EXCL	6	YX16041T	4	0
STAB_CSY_OUTLIER_EXCL	6	YX16041T	5	0.012453300124533
STAB_CSY_OUTLIER_EXCL	6	YX16041T	6	0.0535491905354919
STAB_CSY_OUTLIER_EXCL	6	YX16057T	1	0.45910290237467
STAB_CSY_OUTLIER_EXCL	6	YX16057T	2	0.186015831134565
STAB_CSY_OUTLIER_EXCL	6	YX16057T	3	0.270448548812665
STAB_CSY_OUTLIER_EXCL	6	YX16057T	4	0
STAB_CSY_OUTLIER_EXCL	6	YX16057T	5	0.0277044854881266
STAB_CSY_OUTLIER_EXCL	6	YX16057T	6	0.0567282321899736
STAB_CSY_OUTLIER_EXCL	6	YX16062T	1	0.97516339869281
STAB_CSY_OUTLIER_EXCL	6	YX16062T	2	0
STAB_CSY_OUTLIER_EXCL	6	YX16062T	3	0.00130718954248366
STAB_CSY_OUTLIER_EXCL	6	YX16062T	4	0
STAB_CSY_OUTLIER_EXCL	6	YX16062T	5	0.0196078431372549
STAB_CSY_OUTLIER_EXCL	6	YX16062T	6	0.00392156862745098
STAB_CSY_OUTLIER_EXCL	6	YX16112T	1	0.196054254007398
STAB_CSY_OUTLIER_EXCL	6	YX16112T	2	0.229346485819975
STAB_CSY_OUTLIER_EXCL	6	YX16112T	3	0.506781750924784
STAB_CSY_OUTLIER_EXCL	6	YX16112T	4	0
STAB_CSY_OUTLIER_EXCL	6	YX16112T	5	0.0332922318125771
STAB_CSY_OUTLIER_EXCL	6	YX16112T	6	0.0345252774352651
STAB_CSY_OUTLIER_EXCL	6	YX16113T	1	0.00252525252525253
STAB_CSY_OUTLIER_EXCL	6	YX16113T	2	0.656565656565657
STAB_CSY_OUTLIER_EXCL	6	YX16113T	3	0.0921717171717172
STAB_CSY_OUTLIER_EXCL	6	YX16113T	4	0
STAB_CSY_OUTLIER_EXCL	6	YX16113T	5	0.152777777777778
STAB_CSY_OUTLIER_EXCL	6	YX16113T	6	0.095959595959596
STAB_CSY_OUTLIER_EXCL	6	YX16119T	1	0.82625
STAB_CSY_OUTLIER_EXCL	6	YX16119T	2	0.0175
STAB_CSY_OUTLIER_EXCL	6	YX16119T	3	0.04125
STAB_CSY_OUTLIER_EXCL	6	YX16119T	4	0
STAB_CSY_OUTLIER_EXCL	6	YX16119T	5	0.01
STAB_CSY_OUTLIER_EXCL	6	YX16119T	6	0.105
STAB_CSY_OUTLIER_EXCL	6	YX16120T	1	0.992433795712484
STAB_CSY_OUTLIER_EXCL	6	YX16120T	2	0
STAB_CSY_OUTLIER_EXCL	6	YX16120T	3	0.00126103404791929
STAB_CSY_OUTLIER_EXCL	6	YX16120T	4	0
STAB_CSY_OUTLIER_EXCL	6	YX16120T	5	0
STAB_CSY_OUTLIER_EXCL	6	YX16120T	6	0.00630517023959647
STAB_CSY_OUTLIER_EXCL	6	YX16127T	1	0.99384236453202
STAB_CSY_OUTLIER_EXCL	6	YX16127T	2	0
STAB_CSY_OUTLIER_EXCL	6	YX16127T	3	0
STAB_CSY_OUTLIER_EXCL	6	YX16127T	4	0
STAB_CSY_OUTLIER_EXCL	6	YX16127T	5	0.00492610837438424
STAB_CSY_OUTLIER_EXCL	6	YX16127T	6	0.00123152709359606
STAB_CSY_OUTLIER_EXCL	6	YX16128T	1	0.0723350253807107
STAB_CSY_OUTLIER_EXCL	6	YX16128T	2	0.274111675126904
STAB_CSY_OUTLIER_EXCL	6	YX16128T	3	0.5748730964467
STAB_CSY_OUTLIER_EXCL	6	YX16128T	4	0
STAB_CSY_OUTLIER_EXCL	6	YX16128T	5	0.0355329949238579
STAB_CSY_OUTLIER_EXCL	6	YX16128T	6	0.0431472081218274
STAB_CSY_OUTLIER_EXCL	6	YX16130T	1	0
STAB_CSY_OUTLIER_EXCL	6	YX16130T	2	0.766624843161857
STAB_CSY_OUTLIER_EXCL	6	YX16130T	3	0.0439146800501882
STAB_CSY_OUTLIER_EXCL	6	YX16130T	4	0
STAB_CSY_OUTLIER_EXCL	6	YX16130T	5	0.0840652446675031
STAB_CSY_OUTLIER_EXCL	6	YX16130T	6	0.105395232120452
STAB_CSY_OUTLIER_EXCL	6	YX16132T	1	0.00252525252525253
STAB_CSY_OUTLIER_EXCL	6	YX16132T	2	0.570707070707071
STAB_CSY_OUTLIER_EXCL	6	YX16132T	3	0.42550505050505
STAB_CSY_OUTLIER_EXCL	6	YX16132T	4	0
STAB_CSY_OUTLIER_EXCL	6	YX16132T	5	0.00126262626262626
STAB_CSY_OUTLIER_EXCL	6	YX16132T	6	0
STAB_CSY_OUTLIER_EXCL	6	YX16139T	1	0.937264742785445
STAB_CSY_OUTLIER_EXCL	6	YX16139T	2	0
STAB_CSY_OUTLIER_EXCL	6	YX16139T	3	0.00627352572145546
STAB_CSY_OUTLIER_EXCL	6	YX16139T	4	0
STAB_CSY_OUTLIER_EXCL	6	YX16139T	5	0.055207026348808
STAB_CSY_OUTLIER_EXCL	6	YX16139T	6	0.00125470514429109
STAB_CSY_OUTLIER_EXCL	6	YX16141T	1	0
STAB_CSY_OUTLIER_EXCL	6	YX16141T	2	0.80126582278481
STAB_CSY_OUTLIER_EXCL	6	YX16141T	3	0.0721518987341772
STAB_CSY_OUTLIER_EXCL	6	YX16141T	4	0
STAB_CSY_OUTLIER_EXCL	6	YX16141T	5	0.069620253164557
STAB_CSY_OUTLIER_EXCL	6	YX16141T	6	0.0569620253164557
STAB_CSY_OUTLIER_EXCL	6	YX16144T	1	0.00381679389312977
STAB_CSY_OUTLIER_EXCL	6	YX16144T	2	0.716284987277354
STAB_CSY_OUTLIER_EXCL	6	YX16144T	3	0.253180661577608
STAB_CSY_OUTLIER_EXCL	6	YX16144T	4	0
STAB_CSY_OUTLIER_EXCL	6	YX16144T	5	0.0152671755725191
STAB_CSY_OUTLIER_EXCL	6	YX16144T	6	0.0114503816793893
STAB_CSY_OUTLIER_EXCL	6	YX16147T	1	0.0186335403726708
STAB_CSY_OUTLIER_EXCL	6	YX16147T	2	0.370186335403727
STAB_CSY_OUTLIER_EXCL	6	YX16147T	3	0.554037267080745
STAB_CSY_OUTLIER_EXCL	6	YX16147T	4	0
STAB_CSY_OUTLIER_EXCL	6	YX16147T	5	0.031055900621118
STAB_CSY_OUTLIER_EXCL	6	YX16147T	6	0.0260869565217391
STAB_CSY_OUTLIER_EXCL	6	YX16153T	1	0.96356783919598
STAB_CSY_OUTLIER_EXCL	6	YX16153T	2	0
STAB_CSY_OUTLIER_EXCL	6	YX16153T	3	0.0314070351758794
STAB_CSY_OUTLIER_EXCL	6	YX16153T	4	0
STAB_CSY_OUTLIER_EXCL	6	YX16153T	5	0.00376884422110553
STAB_CSY_OUTLIER_EXCL	6	YX16153T	6	0.00125628140703518
STAB_CSY_OUTLIER_EXCL	6	YX16155T	1	0.0921895006402049
STAB_CSY_OUTLIER_EXCL	6	YX16155T	2	0.471190781049936
STAB_CSY_OUTLIER_EXCL	6	YX16155T	3	0.0909090909090909
STAB_CSY_OUTLIER_EXCL	6	YX16155T	4	0
STAB_CSY_OUTLIER_EXCL	6	YX16155T	5	0.160051216389245
STAB_CSY_OUTLIER_EXCL	6	YX16155T	6	0.185659411011524
STAB_CSY_OUTLIER_EXCL	6	YX16159T	1	0
STAB_CSY_OUTLIER_EXCL	6	YX16159T	2	0.9175
STAB_CSY_OUTLIER_EXCL	6	YX16159T	3	0.08
STAB_CSY_OUTLIER_EXCL	6	YX16159T	4	0
STAB_CSY_OUTLIER_EXCL	6	YX16159T	5	0
STAB_CSY_OUTLIER_EXCL	6	YX16159T	6	0.0025
STAB_CSY_OUTLIER_EXCL	6	YX16160T	1	0
STAB_CSY_OUTLIER_EXCL	6	YX16160T	2	0
STAB_CSY_OUTLIER_EXCL	6	YX16160T	3	0.040251572327044
STAB_CSY_OUTLIER_EXCL	6	YX16160T	4	0.933333333333333
STAB_CSY_OUTLIER_EXCL	6	YX16160T	5	0.0150943396226415
STAB_CSY_OUTLIER_EXCL	6	YX16160T	6	0.0113207547169811
STAB_CSY_OUTLIER_EXCL	6	YX16161T	1	0
STAB_CSY_OUTLIER_EXCL	6	YX16161T	2	0.899002493765586
STAB_CSY_OUTLIER_EXCL	6	YX16161T	3	0.0997506234413965
STAB_CSY_OUTLIER_EXCL	6	YX16161T	4	0
STAB_CSY_OUTLIER_EXCL	6	YX16161T	5	0.00124688279301746
STAB_CSY_OUTLIER_EXCL	6	YX16161T	6	0
STAB_CSY_OUTLIER_EXCL	6	YX16166T	1	0.986198243412798
STAB_CSY_OUTLIER_EXCL	6	YX16166T	2	0
STAB_CSY_OUTLIER_EXCL	6	YX16166T	3	0.00125470514429109
STAB_CSY_OUTLIER_EXCL	6	YX16166T	4	0
STAB_CSY_OUTLIER_EXCL	6	YX16166T	5	0.00250941028858218
STAB_CSY_OUTLIER_EXCL	6	YX16166T	6	0.0100376411543287
STAB_CSY_OUTLIER_EXCL	6	YX16177T	1	0.987654320987654
STAB_CSY_OUTLIER_EXCL	6	YX16177T	2	0
STAB_CSY_OUTLIER_EXCL	6	YX16177T	3	0.00123456790123457
STAB_CSY_OUTLIER_EXCL	6	YX16177T	4	0
STAB_CSY_OUTLIER_EXCL	6	YX16177T	5	0
STAB_CSY_OUTLIER_EXCL	6	YX16177T	6	0.0111111111111111
STAB_CSY_OUTLIER_EXCL	6	YX16178T	1	0.9425
STAB_CSY_OUTLIER_EXCL	6	YX16178T	2	0
STAB_CSY_OUTLIER_EXCL	6	YX16178T	3	0.00375
STAB_CSY_OUTLIER_EXCL	6	YX16178T	4	0
STAB_CSY_OUTLIER_EXCL	6	YX16178T	5	0.04875
STAB_CSY_OUTLIER_EXCL	6	YX16178T	6	0.005
STAB_CSY_OUTLIER_EXCL	6	YX16180T	1	0
STAB_CSY_OUTLIER_EXCL	6	YX16180T	2	0.894736842105263
STAB_CSY_OUTLIER_EXCL	6	YX16180T	3	0.100367197062424
STAB_CSY_OUTLIER_EXCL	6	YX16180T	4	0
STAB_CSY_OUTLIER_EXCL	6	YX16180T	5	0.00244798041615667
STAB_CSY_OUTLIER_EXCL	6	YX16180T	6	0.00244798041615667
STAB_CSY_OUTLIER_EXCL	6	YX16185T	1	0.375311720698254
STAB_CSY_OUTLIER_EXCL	6	YX16185T	2	0
STAB_CSY_OUTLIER_EXCL	6	YX16185T	3	0.00249376558603491
STAB_CSY_OUTLIER_EXCL	6	YX16185T	4	0
STAB_CSY_OUTLIER_EXCL	6	YX16185T	5	0.622194513715711
STAB_CSY_OUTLIER_EXCL	6	YX16185T	6	0
STAB_CSY_OUTLIER_EXCL	6	YX16188T	1	0
STAB_CSY_OUTLIER_EXCL	6	YX16188T	2	0.220645161290323
STAB_CSY_OUTLIER_EXCL	6	YX16188T	3	0.427096774193548
STAB_CSY_OUTLIER_EXCL	6	YX16188T	4	0.301935483870968
STAB_CSY_OUTLIER_EXCL	6	YX16188T	5	0.0296774193548387
STAB_CSY_OUTLIER_EXCL	6	YX16188T	6	0.0206451612903226
STAB_CSY_OUTLIER_EXCL	6	YX16202T	1	0
STAB_CSY_OUTLIER_EXCL	6	YX16202T	2	0
STAB_CSY_OUTLIER_EXCL	6	YX16202T	3	0.0267515923566879
STAB_CSY_OUTLIER_EXCL	6	YX16202T	4	0.956687898089172
STAB_CSY_OUTLIER_EXCL	6	YX16202T	5	0.0101910828025478
STAB_CSY_OUTLIER_EXCL	6	YX16202T	6	0.00636942675159236
STAB_CSY_OUTLIER_EXCL	6	YX16203T	1	0.00128040973111396
STAB_CSY_OUTLIER_EXCL	6	YX16203T	2	0.882202304737516
STAB_CSY_OUTLIER_EXCL	6	YX16203T	3	0.107554417413572
STAB_CSY_OUTLIER_EXCL	6	YX16203T	4	0
STAB_CSY_OUTLIER_EXCL	6	YX16203T	5	0.00384122919334187
STAB_CSY_OUTLIER_EXCL	6	YX16203T	6	0.00512163892445583
STAB_CSY_OUTLIER_EXCL	6	YX16207T	1	0
STAB_CSY_OUTLIER_EXCL	6	YX16207T	2	0.887096774193548
STAB_CSY_OUTLIER_EXCL	6	YX16207T	3	0.107940446650124
STAB_CSY_OUTLIER_EXCL	6	YX16207T	4	0
STAB_CSY_OUTLIER_EXCL	6	YX16207T	5	0.00248138957816377
STAB_CSY_OUTLIER_EXCL	6	YX16207T	6	0.00248138957816377
STAB_CSY_OUTLIER_EXCL	6	YX16218T	1	0.112244897959184
STAB_CSY_OUTLIER_EXCL	6	YX16218T	2	0.725765306122449
STAB_CSY_OUTLIER_EXCL	6	YX16218T	3	0.141581632653061
STAB_CSY_OUTLIER_EXCL	6	YX16218T	4	0
STAB_CSY_OUTLIER_EXCL	6	YX16218T	5	0.0076530612244898
STAB_CSY_OUTLIER_EXCL	6	YX16218T	6	0.0127551020408163
STAB_CSY_OUTLIER_EXCL	6	YX16222T	1	0.807445442875481
STAB_CSY_OUTLIER_EXCL	6	YX16222T	2	0.0474967907573813
STAB_CSY_OUTLIER_EXCL	6	YX16222T	3	0.111681643132221
STAB_CSY_OUTLIER_EXCL	6	YX16222T	4	0
STAB_CSY_OUTLIER_EXCL	6	YX16222T	5	0.0154043645699615
STAB_CSY_OUTLIER_EXCL	6	YX16222T	6	0.0179717586649551
STAB_CSY_OUTLIER_EXCL	6	YX16227T	1	0.92550505050505
STAB_CSY_OUTLIER_EXCL	6	YX16227T	2	0.00631313131313131
STAB_CSY_OUTLIER_EXCL	6	YX16227T	3	0.0378787878787879
STAB_CSY_OUTLIER_EXCL	6	YX16227T	4	0
STAB_CSY_OUTLIER_EXCL	6	YX16227T	5	0.00757575757575758
STAB_CSY_OUTLIER_EXCL	6	YX16227T	6	0.0227272727272727
STAB_CSY_OUTLIER_EXCL	6	YX16236T	1	0.869402985074627
STAB_CSY_OUTLIER_EXCL	6	YX16236T	2	0.0199004975124378
STAB_CSY_OUTLIER_EXCL	6	YX16236T	3	0.0199004975124378
STAB_CSY_OUTLIER_EXCL	6	YX16236T	4	0
STAB_CSY_OUTLIER_EXCL	6	YX16236T	5	0.054726368159204
STAB_CSY_OUTLIER_EXCL	6	YX16236T	6	0.0360696517412935
STAB_CSY_OUTLIER_EXCL	6	YX15047T	1	0
STAB_CSY_OUTLIER_EXCL	6	YX15047T	2	0
STAB_CSY_OUTLIER_EXCL	6	YX15047T	3	0.205955334987593
STAB_CSY_OUTLIER_EXCL	6	YX15047T	4	0.401985111662531
STAB_CSY_OUTLIER_EXCL	6	YX15047T	5	0.291563275434243
STAB_CSY_OUTLIER_EXCL	6	YX15047T	6	0.100496277915633
STAB_CSY_OUTLIER_EXCL	6	YX15106T	1	0
STAB_CSY_OUTLIER_EXCL	6	YX15106T	2	0
STAB_CSY_OUTLIER_EXCL	6	YX15106T	3	0
STAB_CSY_OUTLIER_EXCL	6	YX15106T	4	1
STAB_CSY_OUTLIER_EXCL	6	YX15106T	5	0
STAB_CSY_OUTLIER_EXCL	6	YX15106T	6	0
STAB_CSY_OUTLIER_EXCL	6	YX15166T	1	0
STAB_CSY_OUTLIER_EXCL	6	YX15166T	2	0
STAB_CSY_OUTLIER_EXCL	6	YX15166T	3	0
STAB_CSY_OUTLIER_EXCL	6	YX15166T	4	1
STAB_CSY_OUTLIER_EXCL	6	YX15166T	5	0
STAB_CSY_OUTLIER_EXCL	6	YX15166T	6	0
STAB_CSY_OUTLIER_EXCL	6	YX15187T	1	0
STAB_CSY_OUTLIER_EXCL	6	YX15187T	2	0
STAB_CSY_OUTLIER_EXCL	6	YX15187T	3	0
STAB_CSY_OUTLIER_EXCL	6	YX15187T	4	1
STAB_CSY_OUTLIER_EXCL	6	YX15187T	5	0
STAB_CSY_OUTLIER_EXCL	6	YX15187T	6	0
STAB_CSY_OUTLIER_EXCL	6	YX15211T	1	0
STAB_CSY_OUTLIER_EXCL	6	YX15211T	2	0.773824650571792
STAB_CSY_OUTLIER_EXCL	6	YX15211T	3	0.073697585768742
STAB_CSY_OUTLIER_EXCL	6	YX15211T	4	0
STAB_CSY_OUTLIER_EXCL	6	YX15211T	5	0.0864040660736976
STAB_CSY_OUTLIER_EXCL	6	YX15211T	6	0.0660736975857687
STAB_CSY_OUTLIER_EXCL	6	YX15214T	1	0
STAB_CSY_OUTLIER_EXCL	6	YX15214T	2	0
STAB_CSY_OUTLIER_EXCL	6	YX15214T	3	0
STAB_CSY_OUTLIER_EXCL	6	YX15214T	4	1
STAB_CSY_OUTLIER_EXCL	6	YX15214T	5	0
STAB_CSY_OUTLIER_EXCL	6	YX15214T	6	0
STAB_CSY_OUTLIER_EXCL	6	YX16009T	1	0
STAB_CSY_OUTLIER_EXCL	6	YX16009T	2	0.495662949194548
STAB_CSY_OUTLIER_EXCL	6	YX16009T	3	0.437422552664188
STAB_CSY_OUTLIER_EXCL	6	YX16009T	4	0.0346964064436183
STAB_CSY_OUTLIER_EXCL	6	YX16009T	5	0.0173482032218092
STAB_CSY_OUTLIER_EXCL	6	YX16009T	6	0.0148698884758364
STAB_CSY_OUTLIER_EXCL	6	YX16011T	1	0
STAB_CSY_OUTLIER_EXCL	6	YX16011T	2	0
STAB_CSY_OUTLIER_EXCL	6	YX16011T	3	0
STAB_CSY_OUTLIER_EXCL	6	YX16011T	4	1
STAB_CSY_OUTLIER_EXCL	6	YX16011T	5	0
STAB_CSY_OUTLIER_EXCL	6	YX16011T	6	0
STAB_CSY_OUTLIER_EXCL	6	YX16068T	1	0
STAB_CSY_OUTLIER_EXCL	6	YX16068T	2	0
STAB_CSY_OUTLIER_EXCL	6	YX16068T	3	0
STAB_CSY_OUTLIER_EXCL	6	YX16068T	4	1
STAB_CSY_OUTLIER_EXCL	6	YX16068T	5	0
STAB_CSY_OUTLIER_EXCL	6	YX16068T	6	0
STAB_CSY_OUTLIER_EXCL	6	YX16070T	1	0
STAB_CSY_OUTLIER_EXCL	6	YX16070T	2	0
STAB_CSY_OUTLIER_EXCL	6	YX16070T	3	0
STAB_CSY_OUTLIER_EXCL	6	YX16070T	4	1
STAB_CSY_OUTLIER_EXCL	6	YX16070T	5	0
STAB_CSY_OUTLIER_EXCL	6	YX16070T	6	0
STAB_CSY_OUTLIER_EXCL	6	YX16075T	1	0
STAB_CSY_OUTLIER_EXCL	6	YX16075T	2	0.86392811296534
STAB_CSY_OUTLIER_EXCL	6	YX16075T	3	0.124518613607189
STAB_CSY_OUTLIER_EXCL	6	YX16075T	4	0
STAB_CSY_OUTLIER_EXCL	6	YX16075T	5	0.00513478818998716
STAB_CSY_OUTLIER_EXCL	6	YX16075T	6	0.00641848523748395
STAB_CSY_OUTLIER_EXCL	6	YX16079T	1	0
STAB_CSY_OUTLIER_EXCL	6	YX16079T	2	0
STAB_CSY_OUTLIER_EXCL	6	YX16079T	3	0
STAB_CSY_OUTLIER_EXCL	6	YX16079T	4	0.992297817715019
STAB_CSY_OUTLIER_EXCL	6	YX16079T	5	0.00641848523748395
STAB_CSY_OUTLIER_EXCL	6	YX16079T	6	0.00128369704749679
STAB_CSY_OUTLIER_EXCL	6	YX16087T	1	0
STAB_CSY_OUTLIER_EXCL	6	YX16087T	2	0
STAB_CSY_OUTLIER_EXCL	6	YX16087T	3	0
STAB_CSY_OUTLIER_EXCL	6	YX16087T	4	1
STAB_CSY_OUTLIER_EXCL	6	YX16087T	5	0
STAB_CSY_OUTLIER_EXCL	6	YX16087T	6	0
STAB_CSY_OUTLIER_EXCL	6	YX16094T	1	0
STAB_CSY_OUTLIER_EXCL	6	YX16094T	2	0
STAB_CSY_OUTLIER_EXCL	6	YX16094T	3	0
STAB_CSY_OUTLIER_EXCL	6	YX16094T	4	1
STAB_CSY_OUTLIER_EXCL	6	YX16094T	5	0
STAB_CSY_OUTLIER_EXCL	6	YX16094T	6	0
STAB_CSY_OUTLIER_EXCL	6	YX16172T	1	0
STAB_CSY_OUTLIER_EXCL	6	YX16172T	2	0
STAB_CSY_OUTLIER_EXCL	6	YX16172T	3	0
STAB_CSY_OUTLIER_EXCL	6	YX16172T	4	1
STAB_CSY_OUTLIER_EXCL	6	YX16172T	5	0
STAB_CSY_OUTLIER_EXCL	6	YX16172T	6	0
STAB_CSY_OUTLIER_EXCL	6	YX16295T	1	0
STAB_CSY_OUTLIER_EXCL	6	YX16295T	2	0
STAB_CSY_OUTLIER_EXCL	6	YX16295T	3	0
STAB_CSY_OUTLIER_EXCL	6	YX16295T	4	1
STAB_CSY_OUTLIER_EXCL	6	YX16295T	5	0
STAB_CSY_OUTLIER_EXCL	6	YX16295T	6	0
STAB_CSY_OUTLIER_EXCL	6	YX16327T	1	0
STAB_CSY_OUTLIER_EXCL	6	YX16327T	2	0
STAB_CSY_OUTLIER_EXCL	6	YX16327T	3	0
STAB_CSY_OUTLIER_EXCL	6	YX16327T	4	1
STAB_CSY_OUTLIER_EXCL	6	YX16327T	5	0
STAB_CSY_OUTLIER_EXCL	6	YX16327T	6	0
STAB_CSY_OUTLIER_EXCL	6	YX16335T	1	0.995079950799508
STAB_CSY_OUTLIER_EXCL	6	YX16335T	2	0
STAB_CSY_OUTLIER_EXCL	6	YX16335T	3	0
STAB_CSY_OUTLIER_EXCL	6	YX16335T	4	0
STAB_CSY_OUTLIER_EXCL	6	YX16335T	5	0.001230012300123
STAB_CSY_OUTLIER_EXCL	6	YX16335T	6	0.003690036900369
STAB_CSY_OUTLIER_EXCL	6	YX16341T	1	0
STAB_CSY_OUTLIER_EXCL	6	YX16341T	2	0
STAB_CSY_OUTLIER_EXCL	6	YX16341T	3	0
STAB_CSY_OUTLIER_EXCL	6	YX16341T	4	1
STAB_CSY_OUTLIER_EXCL	6	YX16341T	5	0
STAB_CSY_OUTLIER_EXCL	6	YX16341T	6	0
STAB_CSY_OUTLIER_EXCL	6	YX16343T	1	0
STAB_CSY_OUTLIER_EXCL	6	YX16343T	2	0.644025157232704
STAB_CSY_OUTLIER_EXCL	6	YX16343T	3	0.0880503144654088
STAB_CSY_OUTLIER_EXCL	6	YX16343T	4	0
STAB_CSY_OUTLIER_EXCL	6	YX16343T	5	0.137106918238994
STAB_CSY_OUTLIER_EXCL	6	YX16343T	6	0.130817610062893
STAB_CSY_OUTLIER_EXCL	6	YX16347T	1	0.119346733668342
STAB_CSY_OUTLIER_EXCL	6	YX16347T	2	0
STAB_CSY_OUTLIER_EXCL	6	YX16347T	3	0.0188442211055276
STAB_CSY_OUTLIER_EXCL	6	YX16347T	4	0
STAB_CSY_OUTLIER_EXCL	6	YX16347T	5	0
STAB_CSY_OUTLIER_EXCL	6	YX16347T	6	0.861809045226131
STAB_HVG_OUTLIER_EXCL	2	YX15261T	1	0.748419721871049
STAB_HVG_OUTLIER_EXCL	2	YX15261T	2	0.251580278128951
STAB_HVG_OUTLIER_EXCL	2	YX15263T	1	0.717691342534504
STAB_HVG_OUTLIER_EXCL	2	YX15263T	2	0.282308657465496
STAB_HVG_OUTLIER_EXCL	2	YX15271T	1	0
STAB_HVG_OUTLIER_EXCL	2	YX15271T	2	1
STAB_HVG_OUTLIER_EXCL	2	YX16036T	1	0
STAB_HVG_OUTLIER_EXCL	2	YX16036T	2	1
STAB_HVG_OUTLIER_EXCL	2	YX16041T	1	0.0701754385964912
STAB_HVG_OUTLIER_EXCL	2	YX16041T	2	0.929824561403509
STAB_HVG_OUTLIER_EXCL	2	YX16057T	1	0.00125786163522013
STAB_HVG_OUTLIER_EXCL	2	YX16057T	2	0.99874213836478
STAB_HVG_OUTLIER_EXCL	2	YX16062T	1	0.71611253196931
STAB_HVG_OUTLIER_EXCL	2	YX16062T	2	0.283887468030691
STAB_HVG_OUTLIER_EXCL	2	YX16112T	1	0.243933588761175
STAB_HVG_OUTLIER_EXCL	2	YX16112T	2	0.756066411238825
STAB_HVG_OUTLIER_EXCL	2	YX16113T	1	0.732142857142857
STAB_HVG_OUTLIER_EXCL	2	YX16113T	2	0.267857142857143
STAB_HVG_OUTLIER_EXCL	2	YX16119T	1	0.00254777070063694
STAB_HVG_OUTLIER_EXCL	2	YX16119T	2	0.997452229299363
STAB_HVG_OUTLIER_EXCL	2	YX16120T	1	0.733247422680412
STAB_HVG_OUTLIER_EXCL	2	YX16120T	2	0.266752577319588
STAB_HVG_OUTLIER_EXCL	2	YX16127T	1	0.759379042690815
STAB_HVG_OUTLIER_EXCL	2	YX16127T	2	0.240620957309185
STAB_HVG_OUTLIER_EXCL	2	YX16128T	1	0.00123456790123457
STAB_HVG_OUTLIER_EXCL	2	YX16128T	2	0.998765432098765
STAB_HVG_OUTLIER_EXCL	2	YX16130T	1	0
STAB_HVG_OUTLIER_EXCL	2	YX16130T	2	1
STAB_HVG_OUTLIER_EXCL	2	YX16132T	1	0
STAB_HVG_OUTLIER_EXCL	2	YX16132T	2	1
STAB_HVG_OUTLIER_EXCL	2	YX16139T	1	0.709346991037132
STAB_HVG_OUTLIER_EXCL	2	YX16139T	2	0.290653008962868
STAB_HVG_OUTLIER_EXCL	2	YX16141T	1	0.668360864040661
STAB_HVG_OUTLIER_EXCL	2	YX16141T	2	0.331639135959339
STAB_HVG_OUTLIER_EXCL	2	YX16144T	1	0
STAB_HVG_OUTLIER_EXCL	2	YX16144T	2	1
STAB_HVG_OUTLIER_EXCL	2	YX16147T	1	0.717661691542289
STAB_HVG_OUTLIER_EXCL	2	YX16147T	2	0.282338308457711
STAB_HVG_OUTLIER_EXCL	2	YX16153T	1	0.72625
STAB_HVG_OUTLIER_EXCL	2	YX16153T	2	0.27375
STAB_HVG_OUTLIER_EXCL	2	YX16155T	1	0.75125
STAB_HVG_OUTLIER_EXCL	2	YX16155T	2	0.24875
STAB_HVG_OUTLIER_EXCL	2	YX16159T	1	0
STAB_HVG_OUTLIER_EXCL	2	YX16159T	2	1
STAB_HVG_OUTLIER_EXCL	2	YX16160T	1	0.754077791718946
STAB_HVG_OUTLIER_EXCL	2	YX16160T	2	0.245922208281054
STAB_HVG_OUTLIER_EXCL	2	YX16161T	1	0
STAB_HVG_OUTLIER_EXCL	2	YX16161T	2	1
STAB_HVG_OUTLIER_EXCL	2	YX16166T	1	0.743329097839898
STAB_HVG_OUTLIER_EXCL	2	YX16166T	2	0.256670902160102
STAB_HVG_OUTLIER_EXCL	2	YX16177T	1	0.728900255754476
STAB_HVG_OUTLIER_EXCL	2	YX16177T	2	0.271099744245524
STAB_HVG_OUTLIER_EXCL	2	YX16178T	1	0.745547073791349
STAB_HVG_OUTLIER_EXCL	2	YX16178T	2	0.254452926208651
STAB_HVG_OUTLIER_EXCL	2	YX16180T	1	0
STAB_HVG_OUTLIER_EXCL	2	YX16180T	2	1
STAB_HVG_OUTLIER_EXCL	2	YX16185T	1	0.746231155778894
STAB_HVG_OUTLIER_EXCL	2	YX16185T	2	0.253768844221106
STAB_HVG_OUTLIER_EXCL	2	YX16188T	1	0.735602094240838
STAB_HVG_OUTLIER_EXCL	2	YX16188T	2	0.264397905759162
STAB_HVG_OUTLIER_EXCL	2	YX16202T	1	0.787688442211055
STAB_HVG_OUTLIER_EXCL	2	YX16202T	2	0.212311557788945
STAB_HVG_OUTLIER_EXCL	2	YX16203T	1	0.00125
STAB_HVG_OUTLIER_EXCL	2	YX16203T	2	0.99875
STAB_HVG_OUTLIER_EXCL	2	YX16207T	1	0
STAB_HVG_OUTLIER_EXCL	2	YX16207T	2	1
STAB_HVG_OUTLIER_EXCL	2	YX16218T	1	0
STAB_HVG_OUTLIER_EXCL	2	YX16218T	2	1
STAB_HVG_OUTLIER_EXCL	2	YX16222T	1	0.042713567839196
STAB_HVG_OUTLIER_EXCL	2	YX16222T	2	0.957286432160804
STAB_HVG_OUTLIER_EXCL	2	YX16227T	1	0.0442260442260442
STAB_HVG_OUTLIER_EXCL	2	YX16227T	2	0.955773955773956
STAB_HVG_OUTLIER_EXCL	2	YX16236T	1	0.546035805626598
STAB_HVG_OUTLIER_EXCL	2	YX16236T	2	0.453964194373402
STAB_HVG_OUTLIER_EXCL	2	YX15047T	1	0.940731399747793
STAB_HVG_OUTLIER_EXCL	2	YX15047T	2	0.0592686002522068
STAB_HVG_OUTLIER_EXCL	2	YX15106T	1	1
STAB_HVG_OUTLIER_EXCL	2	YX15106T	2	0
STAB_HVG_OUTLIER_EXCL	2	YX15166T	1	1
STAB_HVG_OUTLIER_EXCL	2	YX15166T	2	0
STAB_HVG_OUTLIER_EXCL	2	YX15187T	1	1
STAB_HVG_OUTLIER_EXCL	2	YX15187T	2	0
STAB_HVG_OUTLIER_EXCL	2	YX15211T	1	0.367447595561036
STAB_HVG_OUTLIER_EXCL	2	YX15211T	2	0.632552404438964
STAB_HVG_OUTLIER_EXCL	2	YX15214T	1	1
STAB_HVG_OUTLIER_EXCL	2	YX15214T	2	0
STAB_HVG_OUTLIER_EXCL	2	YX16009T	1	0
STAB_HVG_OUTLIER_EXCL	2	YX16009T	2	1
STAB_HVG_OUTLIER_EXCL	2	YX16011T	1	1
STAB_HVG_OUTLIER_EXCL	2	YX16011T	2	0
STAB_HVG_OUTLIER_EXCL	2	YX16068T	1	1
STAB_HVG_OUTLIER_EXCL	2	YX16068T	2	0
STAB_HVG_OUTLIER_EXCL	2	YX16070T	1	0.53375
STAB_HVG_OUTLIER_EXCL	2	YX16070T	2	0.46625
STAB_HVG_OUTLIER_EXCL	2	YX16075T	1	0
STAB_HVG_OUTLIER_EXCL	2	YX16075T	2	1
STAB_HVG_OUTLIER_EXCL	2	YX16079T	1	1
STAB_HVG_OUTLIER_EXCL	2	YX16079T	2	0
STAB_HVG_OUTLIER_EXCL	2	YX16087T	1	1
STAB_HVG_OUTLIER_EXCL	2	YX16087T	2	0
STAB_HVG_OUTLIER_EXCL	2	YX16094T	1	0.90314465408805
STAB_HVG_OUTLIER_EXCL	2	YX16094T	2	0.0968553459119497
STAB_HVG_OUTLIER_EXCL	2	YX16172T	1	0.484116899618806
STAB_HVG_OUTLIER_EXCL	2	YX16172T	2	0.515883100381194
STAB_HVG_OUTLIER_EXCL	2	YX16295T	1	1
STAB_HVG_OUTLIER_EXCL	2	YX16295T	2	0
STAB_HVG_OUTLIER_EXCL	2	YX16327T	1	1
STAB_HVG_OUTLIER_EXCL	2	YX16327T	2	0
STAB_HVG_OUTLIER_EXCL	2	YX16335T	1	0.749058971141782
STAB_HVG_OUTLIER_EXCL	2	YX16335T	2	0.250941028858218
STAB_HVG_OUTLIER_EXCL	2	YX16341T	1	1
STAB_HVG_OUTLIER_EXCL	2	YX16341T	2	0
STAB_HVG_OUTLIER_EXCL	2	YX16343T	1	1
STAB_HVG_OUTLIER_EXCL	2	YX16343T	2	0
STAB_HVG_OUTLIER_EXCL	2	YX16347T	1	0.756188118811881
STAB_HVG_OUTLIER_EXCL	2	YX16347T	2	0.243811881188119
STAB_HVG_OUTLIER_EXCL	3	YX15261T	1	1
STAB_HVG_OUTLIER_EXCL	3	YX15261T	2	0
STAB_HVG_OUTLIER_EXCL	3	YX15261T	3	0
STAB_HVG_OUTLIER_EXCL	3	YX15263T	1	0.991217063989962
STAB_HVG_OUTLIER_EXCL	3	YX15263T	2	0.00878293601003764
STAB_HVG_OUTLIER_EXCL	3	YX15263T	3	0
STAB_HVG_OUTLIER_EXCL	3	YX15271T	1	0
STAB_HVG_OUTLIER_EXCL	3	YX15271T	2	1
STAB_HVG_OUTLIER_EXCL	3	YX15271T	3	0
STAB_HVG_OUTLIER_EXCL	3	YX16036T	1	0.0061576354679803
STAB_HVG_OUTLIER_EXCL	3	YX16036T	2	0.99384236453202
STAB_HVG_OUTLIER_EXCL	3	YX16036T	3	0
STAB_HVG_OUTLIER_EXCL	3	YX16041T	1	0.228070175438596
STAB_HVG_OUTLIER_EXCL	3	YX16041T	2	0.771929824561403
STAB_HVG_OUTLIER_EXCL	3	YX16041T	3	0
STAB_HVG_OUTLIER_EXCL	3	YX16057T	1	0.0125786163522013
STAB_HVG_OUTLIER_EXCL	3	YX16057T	2	0.987421383647799
STAB_HVG_OUTLIER_EXCL	3	YX16057T	3	0
STAB_HVG_OUTLIER_EXCL	3	YX16062T	1	0.99616368286445
STAB_HVG_OUTLIER_EXCL	3	YX16062T	2	0.00255754475703325
STAB_HVG_OUTLIER_EXCL	3	YX16062T	3	0.00127877237851662
STAB_HVG_OUTLIER_EXCL	3	YX16112T	1	0.469987228607918
STAB_HVG_OUTLIER_EXCL	3	YX16112T	2	0.530012771392082
STAB_HVG_OUTLIER_EXCL	3	YX16112T	3	0
STAB_HVG_OUTLIER_EXCL	3	YX16113T	1	0.994897959183674
STAB_HVG_OUTLIER_EXCL	3	YX16113T	2	0
STAB_HVG_OUTLIER_EXCL	3	YX16113T	3	0.00510204081632653
STAB_HVG_OUTLIER_EXCL	3	YX16119T	1	0.0165605095541401
STAB_HVG_OUTLIER_EXCL	3	YX16119T	2	0.98343949044586
STAB_HVG_OUTLIER_EXCL	3	YX16119T	3	0
STAB_HVG_OUTLIER_EXCL	3	YX16120T	1	1
STAB_HVG_OUTLIER_EXCL	3	YX16120T	2	0
STAB_HVG_OUTLIER_EXCL	3	YX16120T	3	0
STAB_HVG_OUTLIER_EXCL	3	YX16127T	1	1
STAB_HVG_OUTLIER_EXCL	3	YX16127T	2	0
STAB_HVG_OUTLIER_EXCL	3	YX16127T	3	0
STAB_HVG_OUTLIER_EXCL	3	YX16128T	1	0.0135802469135802
STAB_HVG_OUTLIER_EXCL	3	YX16128T	2	0.98641975308642
STAB_HVG_OUTLIER_EXCL	3	YX16128T	3	0
STAB_HVG_OUTLIER_EXCL	3	YX16130T	1	0.00125944584382872
STAB_HVG_OUTLIER_EXCL	3	YX16130T	2	0.998740554156171
STAB_HVG_OUTLIER_EXCL	3	YX16130T	3	0
STAB_HVG_OUTLIER_EXCL	3	YX16132T	1	0.00748129675810474
STAB_HVG_OUTLIER_EXCL	3	YX16132T	2	0.992518703241895
STAB_HVG_OUTLIER_EXCL	3	YX16132T	3	0
STAB_HVG_OUTLIER_EXCL	3	YX16139T	1	0.985915492957746
STAB_HVG_OUTLIER_EXCL	3	YX16139T	2	0.0115236875800256
STAB_HVG_OUTLIER_EXCL	3	YX16139T	3	0.00256081946222791
STAB_HVG_OUTLIER_EXCL	3	YX16141T	1	0.926302414231258
STAB_HVG_OUTLIER_EXCL	3	YX16141T	2	0.0635324015247776
STAB_HVG_OUTLIER_EXCL	3	YX16141T	3	0.0101651842439644
STAB_HVG_OUTLIER_EXCL	3	YX16144T	1	0
STAB_HVG_OUTLIER_EXCL	3	YX16144T	2	1
STAB_HVG_OUTLIER_EXCL	3	YX16144T	3	0
STAB_HVG_OUTLIER_EXCL	3	YX16147T	1	0.990049751243781
STAB_HVG_OUTLIER_EXCL	3	YX16147T	2	0.00746268656716418
STAB_HVG_OUTLIER_EXCL	3	YX16147T	3	0.00248756218905473
STAB_HVG_OUTLIER_EXCL	3	YX16153T	1	1
STAB_HVG_OUTLIER_EXCL	3	YX16153T	2	0
STAB_HVG_OUTLIER_EXCL	3	YX16153T	3	0
STAB_HVG_OUTLIER_EXCL	3	YX16155T	1	1
STAB_HVG_OUTLIER_EXCL	3	YX16155T	2	0
STAB_HVG_OUTLIER_EXCL	3	YX16155T	3	0
STAB_HVG_OUTLIER_EXCL	3	YX16159T	1	0
STAB_HVG_OUTLIER_EXCL	3	YX16159T	2	1
STAB_HVG_OUTLIER_EXCL	3	YX16159T	3	0
STAB_HVG_OUTLIER_EXCL	3	YX16160T	1	0.954830614805521
STAB_HVG_OUTLIER_EXCL	3	YX16160T	2	0.00376411543287327
STAB_HVG_OUTLIER_EXCL	3	YX16160T	3	0.041405269761606
STAB_HVG_OUTLIER_EXCL	3	YX16161T	1	0
STAB_HVG_OUTLIER_EXCL	3	YX16161T	2	1
STAB_HVG_OUTLIER_EXCL	3	YX16161T	3	0
STAB_HVG_OUTLIER_EXCL	3	YX16166T	1	1
STAB_HVG_OUTLIER_EXCL	3	YX16166T	2	0
STAB_HVG_OUTLIER_EXCL	3	YX16166T	3	0
STAB_HVG_OUTLIER_EXCL	3	YX16177T	1	1
STAB_HVG_OUTLIER_EXCL	3	YX16177T	2	0
STAB_HVG_OUTLIER_EXCL	3	YX16177T	3	0
STAB_HVG_OUTLIER_EXCL	3	YX16178T	1	0.99236641221374
STAB_HVG_OUTLIER_EXCL	3	YX16178T	2	0.00636132315521628
STAB_HVG_OUTLIER_EXCL	3	YX16178T	3	0.00127226463104326
STAB_HVG_OUTLIER_EXCL	3	YX16180T	1	0
STAB_HVG_OUTLIER_EXCL	3	YX16180T	2	1
STAB_HVG_OUTLIER_EXCL	3	YX16180T	3	0
STAB_HVG_OUTLIER_EXCL	3	YX16185T	1	1
STAB_HVG_OUTLIER_EXCL	3	YX16185T	2	0
STAB_HVG_OUTLIER_EXCL	3	YX16185T	3	0
STAB_HVG_OUTLIER_EXCL	3	YX16188T	1	0.982984293193717
STAB_HVG_OUTLIER_EXCL	3	YX16188T	2	0.00523560209424084
STAB_HVG_OUTLIER_EXCL	3	YX16188T	3	0.0117801047120419
STAB_HVG_OUTLIER_EXCL	3	YX16202T	1	0.922110552763819
STAB_HVG_OUTLIER_EXCL	3	YX16202T	2	0
STAB_HVG_OUTLIER_EXCL	3	YX16202T	3	0.0778894472361809
STAB_HVG_OUTLIER_EXCL	3	YX16203T	1	0.0225
STAB_HVG_OUTLIER_EXCL	3	YX16203T	2	0.9775
STAB_HVG_OUTLIER_EXCL	3	YX16203T	3	0
STAB_HVG_OUTLIER_EXCL	3	YX16207T	1	0
STAB_HVG_OUTLIER_EXCL	3	YX16207T	2	1
STAB_HVG_OUTLIER_EXCL	3	YX16207T	3	0
STAB_HVG_OUTLIER_EXCL	3	YX16218T	1	0
STAB_HVG_OUTLIER_EXCL	3	YX16218T	2	1
STAB_HVG_OUTLIER_EXCL	3	YX16218T	3	0
STAB_HVG_OUTLIER_EXCL	3	YX16222T	1	0.190954773869347
STAB_HVG_OUTLIER_EXCL	3	YX16222T	2	0.809045226130653
STAB_HVG_OUTLIER_EXCL	3	YX16222T	3	0
STAB_HVG_OUTLIER_EXCL	3	YX16227T	1	0.185503685503686
STAB_HVG_OUTLIER_EXCL	3	YX16227T	2	0.814496314496315
STAB_HVG_OUTLIER_EXCL	3	YX16227T	3	0
STAB_HVG_OUTLIER_EXCL	3	YX16236T	1	0.817135549872123
STAB_HVG_OUTLIER_EXCL	3	YX16236T	2	0.182864450127877
STAB_HVG_OUTLIER_EXCL	3	YX16236T	3	0
STAB_HVG_OUTLIER_EXCL	3	YX15047T	1	0.421185372005044
STAB_HVG_OUTLIER_EXCL	3	YX15047T	2	0
STAB_HVG_OUTLIER_EXCL	3	YX15047T	3	0.578814627994956
STAB_HVG_OUTLIER_EXCL	3	YX15106T	1	0
STAB_HVG_OUTLIER_EXCL	3	YX15106T	2	0
STAB_HVG_OUTLIER_EXCL	3	YX15106T	3	1
STAB_HVG_OUTLIER_EXCL	3	YX15166T	1	0
STAB_HVG_OUTLIER_EXCL	3	YX15166T	2	0
STAB_HVG_OUTLIER_EXCL	3	YX15166T	3	1
STAB_HVG_OUTLIER_EXCL	3	YX15187T	1	0
STAB_HVG_OUTLIER_EXCL	3	YX15187T	2	0
STAB_HVG_OUTLIER_EXCL	3	YX15187T	3	1
STAB_HVG_OUTLIER_EXCL	3	YX15211T	1	0.585696670776819
STAB_HVG_OUTLIER_EXCL	3	YX15211T	2	0.410604192355117
STAB_HVG_OUTLIER_EXCL	3	YX15211T	3	0.00369913686806412
STAB_HVG_OUTLIER_EXCL	3	YX15214T	1	0.00126742712294043
STAB_HVG_OUTLIER_EXCL	3	YX15214T	2	0
STAB_HVG_OUTLIER_EXCL	3	YX15214T	3	0.99873257287706
STAB_HVG_OUTLIER_EXCL	3	YX16009T	1	0
STAB_HVG_OUTLIER_EXCL	3	YX16009T	2	1
STAB_HVG_OUTLIER_EXCL	3	YX16009T	3	0
STAB_HVG_OUTLIER_EXCL	3	YX16011T	1	0.00127064803049555
STAB_HVG_OUTLIER_EXCL	3	YX16011T	2	0
STAB_HVG_OUTLIER_EXCL	3	YX16011T	3	0.998729351969504
STAB_HVG_OUTLIER_EXCL	3	YX16068T	1	0
STAB_HVG_OUTLIER_EXCL	3	YX16068T	2	0
STAB_HVG_OUTLIER_EXCL	3	YX16068T	3	1
STAB_HVG_OUTLIER_EXCL	3	YX16070T	1	0.6425
STAB_HVG_OUTLIER_EXCL	3	YX16070T	2	0.27875
STAB_HVG_OUTLIER_EXCL	3	YX16070T	3	0.07875
STAB_HVG_OUTLIER_EXCL	3	YX16075T	1	0
STAB_HVG_OUTLIER_EXCL	3	YX16075T	2	1
STAB_HVG_OUTLIER_EXCL	3	YX16075T	3	0
STAB_HVG_OUTLIER_EXCL	3	YX16079T	1	0.0112781954887218
STAB_HVG_OUTLIER_EXCL	3	YX16079T	2	0
STAB_HVG_OUTLIER_EXCL	3	YX16079T	3	0.988721804511278
STAB_HVG_OUTLIER_EXCL	3	YX16087T	1	0
STAB_HVG_OUTLIER_EXCL	3	YX16087T	2	0
STAB_HVG_OUTLIER_EXCL	3	YX16087T	3	1
STAB_HVG_OUTLIER_EXCL	3	YX16094T	1	0.49559748427673
STAB_HVG_OUTLIER_EXCL	3	YX16094T	2	0.00377358490566038
STAB_HVG_OUTLIER_EXCL	3	YX16094T	3	0.50062893081761
STAB_HVG_OUTLIER_EXCL	3	YX16172T	1	0.691232528589581
STAB_HVG_OUTLIER_EXCL	3	YX16172T	2	0.289707750952986
STAB_HVG_OUTLIER_EXCL	3	YX16172T	3	0.0190597204574333
STAB_HVG_OUTLIER_EXCL	3	YX16295T	1	0.00122249388753056
STAB_HVG_OUTLIER_EXCL	3	YX16295T	2	0
STAB_HVG_OUTLIER_EXCL	3	YX16295T	3	0.998777506112469
STAB_HVG_OUTLIER_EXCL	3	YX16327T	1	0.0102564102564103
STAB_HVG_OUTLIER_EXCL	3	YX16327T	2	0
STAB_HVG_OUTLIER_EXCL	3	YX16327T	3	0.98974358974359
STAB_HVG_OUTLIER_EXCL	3	YX16335T	1	1
STAB_HVG_OUTLIER_EXCL	3	YX16335T	2	0
STAB_HVG_OUTLIER_EXCL	3	YX16335T	3	0
STAB_HVG_OUTLIER_EXCL	3	YX16341T	1	0.00128040973111396
STAB_HVG_OUTLIER_EXCL	3	YX16341T	2	0
STAB_HVG_OUTLIER_EXCL	3	YX16341T	3	0.998719590268886
STAB_HVG_OUTLIER_EXCL	3	YX16343T	1	0.0467532467532468
STAB_HVG_OUTLIER_EXCL	3	YX16343T	2	0
STAB_HVG_OUTLIER_EXCL	3	YX16343T	3	0.953246753246753
STAB_HVG_OUTLIER_EXCL	3	YX16347T	1	1
STAB_HVG_OUTLIER_EXCL	3	YX16347T	2	0
STAB_HVG_OUTLIER_EXCL	3	YX16347T	3	0
STAB_HVG_OUTLIER_EXCL	4	YX15261T	1	1
STAB_HVG_OUTLIER_EXCL	4	YX15261T	2	0
STAB_HVG_OUTLIER_EXCL	4	YX15261T	3	0
STAB_HVG_OUTLIER_EXCL	4	YX15261T	4	0
STAB_HVG_OUTLIER_EXCL	4	YX15263T	1	0.987452948557089
STAB_HVG_OUTLIER_EXCL	4	YX15263T	2	0.00878293601003764
STAB_HVG_OUTLIER_EXCL	4	YX15263T	3	0.00376411543287327
STAB_HVG_OUTLIER_EXCL	4	YX15263T	4	0
STAB_HVG_OUTLIER_EXCL	4	YX15271T	1	0
STAB_HVG_OUTLIER_EXCL	4	YX15271T	2	0.981084489281211
STAB_HVG_OUTLIER_EXCL	4	YX15271T	3	0.0189155107187894
STAB_HVG_OUTLIER_EXCL	4	YX15271T	4	0
STAB_HVG_OUTLIER_EXCL	4	YX16036T	1	0.00246305418719212
STAB_HVG_OUTLIER_EXCL	4	YX16036T	2	0.992610837438424
STAB_HVG_OUTLIER_EXCL	4	YX16036T	3	0.00492610837438424
STAB_HVG_OUTLIER_EXCL	4	YX16036T	4	0
STAB_HVG_OUTLIER_EXCL	4	YX16041T	1	0.205513784461153
STAB_HVG_OUTLIER_EXCL	4	YX16041T	2	0.768170426065163
STAB_HVG_OUTLIER_EXCL	4	YX16041T	3	0.0263157894736842
STAB_HVG_OUTLIER_EXCL	4	YX16041T	4	0
STAB_HVG_OUTLIER_EXCL	4	YX16057T	1	0.00754716981132075
STAB_HVG_OUTLIER_EXCL	4	YX16057T	2	0.986163522012579
STAB_HVG_OUTLIER_EXCL	4	YX16057T	3	0.00628930817610063
STAB_HVG_OUTLIER_EXCL	4	YX16057T	4	0
STAB_HVG_OUTLIER_EXCL	4	YX16062T	1	0.615089514066496
STAB_HVG_OUTLIER_EXCL	4	YX16062T	2	0.00127877237851662
STAB_HVG_OUTLIER_EXCL	4	YX16062T	3	0.383631713554987
STAB_HVG_OUTLIER_EXCL	4	YX16062T	4	0
STAB_HVG_OUTLIER_EXCL	4	YX16112T	1	0.318007662835249
STAB_HVG_OUTLIER_EXCL	4	YX16112T	2	0.524904214559387
STAB_HVG_OUTLIER_EXCL	4	YX16112T	3	0.157088122605364
STAB_HVG_OUTLIER_EXCL	4	YX16112T	4	0
STAB_HVG_OUTLIER_EXCL	4	YX16113T	1	0.048469387755102
STAB_HVG_OUTLIER_EXCL	4	YX16113T	2	0
STAB_HVG_OUTLIER_EXCL	4	YX16113T	3	0.951530612244898
STAB_HVG_OUTLIER_EXCL	4	YX16113T	4	0
STAB_HVG_OUTLIER_EXCL	4	YX16119T	1	0.0114649681528662
STAB_HVG_OUTLIER_EXCL	4	YX16119T	2	0.982165605095541
STAB_HVG_OUTLIER_EXCL	4	YX16119T	3	0.00636942675159236
STAB_HVG_OUTLIER_EXCL	4	YX16119T	4	0
STAB_HVG_OUTLIER_EXCL	4	YX16120T	1	0.998711340206186
STAB_HVG_OUTLIER_EXCL	4	YX16120T	2	0
STAB_HVG_OUTLIER_EXCL	4	YX16120T	3	0.00128865979381443
STAB_HVG_OUTLIER_EXCL	4	YX16120T	4	0
STAB_HVG_OUTLIER_EXCL	4	YX16127T	1	1
STAB_HVG_OUTLIER_EXCL	4	YX16127T	2	0
STAB_HVG_OUTLIER_EXCL	4	YX16127T	3	0
STAB_HVG_OUTLIER_EXCL	4	YX16127T	4	0
STAB_HVG_OUTLIER_EXCL	4	YX16128T	1	0.00864197530864197
STAB_HVG_OUTLIER_EXCL	4	YX16128T	2	0.985185185185185
STAB_HVG_OUTLIER_EXCL	4	YX16128T	3	0.00617283950617284
STAB_HVG_OUTLIER_EXCL	4	YX16128T	4	0
STAB_HVG_OUTLIER_EXCL	4	YX16130T	1	0.00125944584382872
STAB_HVG_OUTLIER_EXCL	4	YX16130T	2	0.998740554156171
STAB_HVG_OUTLIER_EXCL	4	YX16130T	3	0
STAB_HVG_OUTLIER_EXCL	4	YX16130T	4	0
STAB_HVG_OUTLIER_EXCL	4	YX16132T	1	0.00623441396508728
STAB_HVG_OUTLIER_EXCL	4	YX16132T	2	0.988778054862843
STAB_HVG_OUTLIER_EXCL	4	YX16132T	3	0.00498753117206983
STAB_HVG_OUTLIER_EXCL	4	YX16132T	4	0
STAB_HVG_OUTLIER_EXCL	4	YX16139T	1	0.432778489116517
STAB_HVG_OUTLIER_EXCL	4	YX16139T	2	0.0102432778489117
STAB_HVG_OUTLIER_EXCL	4	YX16139T	3	0.556978233034571
STAB_HVG_OUTLIER_EXCL	4	YX16139T	4	0
STAB_HVG_OUTLIER_EXCL	4	YX16141T	1	0.743329097839898
STAB_HVG_OUTLIER_EXCL	4	YX16141T	2	0.0635324015247776
STAB_HVG_OUTLIER_EXCL	4	YX16141T	3	0.184243964421855
STAB_HVG_OUTLIER_EXCL	4	YX16141T	4	0.00889453621346887
STAB_HVG_OUTLIER_EXCL	4	YX16144T	1	0
STAB_HVG_OUTLIER_EXCL	4	YX16144T	2	0.980867346938776
STAB_HVG_OUTLIER_EXCL	4	YX16144T	3	0.0191326530612245
STAB_HVG_OUTLIER_EXCL	4	YX16144T	4	0
STAB_HVG_OUTLIER_EXCL	4	YX16147T	1	0.0223880597014925
STAB_HVG_OUTLIER_EXCL	4	YX16147T	2	0.00124378109452736
STAB_HVG_OUTLIER_EXCL	4	YX16147T	3	0.97636815920398
STAB_HVG_OUTLIER_EXCL	4	YX16147T	4	0
STAB_HVG_OUTLIER_EXCL	4	YX16153T	1	1
STAB_HVG_OUTLIER_EXCL	4	YX16153T	2	0
STAB_HVG_OUTLIER_EXCL	4	YX16153T	3	0
STAB_HVG_OUTLIER_EXCL	4	YX16153T	4	0
STAB_HVG_OUTLIER_EXCL	4	YX16155T	1	1
STAB_HVG_OUTLIER_EXCL	4	YX16155T	2	0
STAB_HVG_OUTLIER_EXCL	4	YX16155T	3	0
STAB_HVG_OUTLIER_EXCL	4	YX16155T	4	0
STAB_HVG_OUTLIER_EXCL	4	YX16159T	1	0
STAB_HVG_OUTLIER_EXCL	4	YX16159T	2	0.981296758104738
STAB_HVG_OUTLIER_EXCL	4	YX16159T	3	0.0187032418952618
STAB_HVG_OUTLIER_EXCL	4	YX16159T	4	0
STAB_HVG_OUTLIER_EXCL	4	YX16160T	1	0.00878293601003764
STAB_HVG_OUTLIER_EXCL	4	YX16160T	2	0
STAB_HVG_OUTLIER_EXCL	4	YX16160T	3	0.984943538268507
STAB_HVG_OUTLIER_EXCL	4	YX16160T	4	0.00627352572145546
STAB_HVG_OUTLIER_EXCL	4	YX16161T	1	0
STAB_HVG_OUTLIER_EXCL	4	YX16161T	2	0.980769230769231
STAB_HVG_OUTLIER_EXCL	4	YX16161T	3	0.0192307692307692
STAB_HVG_OUTLIER_EXCL	4	YX16161T	4	0
STAB_HVG_OUTLIER_EXCL	4	YX16166T	1	1
STAB_HVG_OUTLIER_EXCL	4	YX16166T	2	0
STAB_HVG_OUTLIER_EXCL	4	YX16166T	3	0
STAB_HVG_OUTLIER_EXCL	4	YX16166T	4	0
STAB_HVG_OUTLIER_EXCL	4	YX16177T	1	0.974424552429668
STAB_HVG_OUTLIER_EXCL	4	YX16177T	2	0
STAB_HVG_OUTLIER_EXCL	4	YX16177T	3	0.0255754475703325
STAB_HVG_OUTLIER_EXCL	4	YX16177T	4	0
STAB_HVG_OUTLIER_EXCL	4	YX16178T	1	0.94529262086514
STAB_HVG_OUTLIER_EXCL	4	YX16178T	2	0.00636132315521628
STAB_HVG_OUTLIER_EXCL	4	YX16178T	3	0.0470737913486005
STAB_HVG_OUTLIER_EXCL	4	YX16178T	4	0.00127226463104326
STAB_HVG_OUTLIER_EXCL	4	YX16180T	1	0
STAB_HVG_OUTLIER_EXCL	4	YX16180T	2	0.984886649874055
STAB_HVG_OUTLIER_EXCL	4	YX16180T	3	0.0151133501259446
STAB_HVG_OUTLIER_EXCL	4	YX16180T	4	0
STAB_HVG_OUTLIER_EXCL	4	YX16185T	1	1
STAB_HVG_OUTLIER_EXCL	4	YX16185T	2	0
STAB_HVG_OUTLIER_EXCL	4	YX16185T	3	0
STAB_HVG_OUTLIER_EXCL	4	YX16185T	4	0
STAB_HVG_OUTLIER_EXCL	4	YX16188T	1	0.0104712041884817
STAB_HVG_OUTLIER_EXCL	4	YX16188T	2	0
STAB_HVG_OUTLIER_EXCL	4	YX16188T	3	0.989528795811518
STAB_HVG_OUTLIER_EXCL	4	YX16188T	4	0
STAB_HVG_OUTLIER_EXCL	4	YX16202T	1	0.00879396984924623
STAB_HVG_OUTLIER_EXCL	4	YX16202T	2	0
STAB_HVG_OUTLIER_EXCL	4	YX16202T	3	0.951005025125628
STAB_HVG_OUTLIER_EXCL	4	YX16202T	4	0.0402010050251256
STAB_HVG_OUTLIER_EXCL	4	YX16203T	1	0.0175
STAB_HVG_OUTLIER_EXCL	4	YX16203T	2	0.97125
STAB_HVG_OUTLIER_EXCL	4	YX16203T	3	0.01125
STAB_HVG_OUTLIER_EXCL	4	YX16203T	4	0
STAB_HVG_OUTLIER_EXCL	4	YX16207T	1	0
STAB_HVG_OUTLIER_EXCL	4	YX16207T	2	0.9825
STAB_HVG_OUTLIER_EXCL	4	YX16207T	3	0.0175
STAB_HVG_OUTLIER_EXCL	4	YX16207T	4	0
STAB_HVG_OUTLIER_EXCL	4	YX16218T	1	0
STAB_HVG_OUTLIER_EXCL	4	YX16218T	2	0.987421383647799
STAB_HVG_OUTLIER_EXCL	4	YX16218T	3	0.0125786163522013
STAB_HVG_OUTLIER_EXCL	4	YX16218T	4	0
STAB_HVG_OUTLIER_EXCL	4	YX16222T	1	0.162060301507538
STAB_HVG_OUTLIER_EXCL	4	YX16222T	2	0.804020100502513
STAB_HVG_OUTLIER_EXCL	4	YX16222T	3	0.0339195979899497
STAB_HVG_OUTLIER_EXCL	4	YX16222T	4	0
STAB_HVG_OUTLIER_EXCL	4	YX16227T	1	0.164619164619165
STAB_HVG_OUTLIER_EXCL	4	YX16227T	2	0.80958230958231
STAB_HVG_OUTLIER_EXCL	4	YX16227T	3	0.0257985257985258
STAB_HVG_OUTLIER_EXCL	4	YX16227T	4	0
STAB_HVG_OUTLIER_EXCL	4	YX16236T	1	0.80690537084399
STAB_HVG_OUTLIER_EXCL	4	YX16236T	2	0.179028132992327
STAB_HVG_OUTLIER_EXCL	4	YX16236T	3	0.0140664961636829
STAB_HVG_OUTLIER_EXCL	4	YX16236T	4	0
STAB_HVG_OUTLIER_EXCL	4	YX15047T	1	0.319041614123581
STAB_HVG_OUTLIER_EXCL	4	YX15047T	2	0
STAB_HVG_OUTLIER_EXCL	4	YX15047T	3	0.10718789407314
STAB_HVG_OUTLIER_EXCL	4	YX15047T	4	0.573770491803279
STAB_HVG_OUTLIER_EXCL	4	YX15106T	1	0
STAB_HVG_OUTLIER_EXCL	4	YX15106T	2	0
STAB_HVG_OUTLIER_EXCL	4	YX15106T	3	0
STAB_HVG_OUTLIER_EXCL	4	YX15106T	4	1
STAB_HVG_OUTLIER_EXCL	4	YX15166T	1	0
STAB_HVG_OUTLIER_EXCL	4	YX15166T	2	0
STAB_HVG_OUTLIER_EXCL	4	YX15166T	3	0
STAB_HVG_OUTLIER_EXCL	4	YX15166T	4	1
STAB_HVG_OUTLIER_EXCL	4	YX15187T	1	0
STAB_HVG_OUTLIER_EXCL	4	YX15187T	2	0
STAB_HVG_OUTLIER_EXCL	4	YX15187T	3	0
STAB_HVG_OUTLIER_EXCL	4	YX15187T	4	1
STAB_HVG_OUTLIER_EXCL	4	YX15211T	1	0.435265104808878
STAB_HVG_OUTLIER_EXCL	4	YX15211T	2	0.408138101109741
STAB_HVG_OUTLIER_EXCL	4	YX15211T	3	0.155363748458693
STAB_HVG_OUTLIER_EXCL	4	YX15211T	4	0.00123304562268804
STAB_HVG_OUTLIER_EXCL	4	YX15214T	1	0
STAB_HVG_OUTLIER_EXCL	4	YX15214T	2	0
STAB_HVG_OUTLIER_EXCL	4	YX15214T	3	0
STAB_HVG_OUTLIER_EXCL	4	YX15214T	4	1
STAB_HVG_OUTLIER_EXCL	4	YX16009T	1	0
STAB_HVG_OUTLIER_EXCL	4	YX16009T	2	0.982389937106918
STAB_HVG_OUTLIER_EXCL	4	YX16009T	3	0.0176100628930818
STAB_HVG_OUTLIER_EXCL	4	YX16009T	4	0
STAB_HVG_OUTLIER_EXCL	4	YX16011T	1	0
STAB_HVG_OUTLIER_EXCL	4	YX16011T	2	0
STAB_HVG_OUTLIER_EXCL	4	YX16011T	3	0
STAB_HVG_OUTLIER_EXCL	4	YX16011T	4	1
STAB_HVG_OUTLIER_EXCL	4	YX16068T	1	0
STAB_HVG_OUTLIER_EXCL	4	YX16068T	2	0
STAB_HVG_OUTLIER_EXCL	4	YX16068T	3	0
STAB_HVG_OUTLIER_EXCL	4	YX16068T	4	1
STAB_HVG_OUTLIER_EXCL	4	YX16070T	1	0.41
STAB_HVG_OUTLIER_EXCL	4	YX16070T	2	0.2775
STAB_HVG_OUTLIER_EXCL	4	YX16070T	3	0.24125
STAB_HVG_OUTLIER_EXCL	4	YX16070T	4	0.07125
STAB_HVG_OUTLIER_EXCL	4	YX16075T	1	0
STAB_HVG_OUTLIER_EXCL	4	YX16075T	2	0.978802992518703
STAB_HVG_OUTLIER_EXCL	4	YX16075T	3	0.0211970074812968
STAB_HVG_OUTLIER_EXCL	4	YX16075T	4	0
STAB_HVG_OUTLIER_EXCL	4	YX16079T	1	0.0100250626566416
STAB_HVG_OUTLIER_EXCL	4	YX16079T	2	0
STAB_HVG_OUTLIER_EXCL	4	YX16079T	3	0.0012531328320802
STAB_HVG_OUTLIER_EXCL	4	YX16079T	4	0.988721804511278
STAB_HVG_OUTLIER_EXCL	4	YX16087T	1	0
STAB_HVG_OUTLIER_EXCL	4	YX16087T	2	0
STAB_HVG_OUTLIER_EXCL	4	YX16087T	3	0
STAB_HVG_OUTLIER_EXCL	4	YX16087T	4	1
STAB_HVG_OUTLIER_EXCL	4	YX16094T	1	0.308176100628931
STAB_HVG_OUTLIER_EXCL	4	YX16094T	2	0.00377358490566038
STAB_HVG_OUTLIER_EXCL	4	YX16094T	3	0.19496855345912
STAB_HVG_OUTLIER_EXCL	4	YX16094T	4	0.493081761006289
STAB_HVG_OUTLIER_EXCL	4	YX16172T	1	0.440914866581957
STAB_HVG_OUTLIER_EXCL	4	YX16172T	2	0.28843710292249
STAB_HVG_OUTLIER_EXCL	4	YX16172T	3	0.257941550190597
STAB_HVG_OUTLIER_EXCL	4	YX16172T	4	0.0127064803049555
STAB_HVG_OUTLIER_EXCL	4	YX16295T	1	0
STAB_HVG_OUTLIER_EXCL	4	YX16295T	2	0
STAB_HVG_OUTLIER_EXCL	4	YX16295T	3	0
STAB_HVG_OUTLIER_EXCL	4	YX16295T	4	1
STAB_HVG_OUTLIER_EXCL	4	YX16327T	1	0.00512820512820513
STAB_HVG_OUTLIER_EXCL	4	YX16327T	2	0
STAB_HVG_OUTLIER_EXCL	4	YX16327T	3	0.00769230769230769
STAB_HVG_OUTLIER_EXCL	4	YX16327T	4	0.987179487179487
STAB_HVG_OUTLIER_EXCL	4	YX16335T	1	1
STAB_HVG_OUTLIER_EXCL	4	YX16335T	2	0
STAB_HVG_OUTLIER_EXCL	4	YX16335T	3	0
STAB_HVG_OUTLIER_EXCL	4	YX16335T	4	0
STAB_HVG_OUTLIER_EXCL	4	YX16341T	1	0.00128040973111396
STAB_HVG_OUTLIER_EXCL	4	YX16341T	2	0
STAB_HVG_OUTLIER_EXCL	4	YX16341T	3	0.00128040973111396
STAB_HVG_OUTLIER_EXCL	4	YX16341T	4	0.997439180537772
STAB_HVG_OUTLIER_EXCL	4	YX16343T	1	0.0324675324675325
STAB_HVG_OUTLIER_EXCL	4	YX16343T	2	0
STAB_HVG_OUTLIER_EXCL	4	YX16343T	3	0.0181818181818182
STAB_HVG_OUTLIER_EXCL	4	YX16343T	4	0.949350649350649
STAB_HVG_OUTLIER_EXCL	4	YX16347T	1	0.998762376237624
STAB_HVG_OUTLIER_EXCL	4	YX16347T	2	0
STAB_HVG_OUTLIER_EXCL	4	YX16347T	3	0.00123762376237624
STAB_HVG_OUTLIER_EXCL	4	YX16347T	4	0
STAB_HVG_OUTLIER_EXCL	5	YX15261T	1	0.998735777496839
STAB_HVG_OUTLIER_EXCL	5	YX15261T	2	0
STAB_HVG_OUTLIER_EXCL	5	YX15261T	3	0.00126422250316056
STAB_HVG_OUTLIER_EXCL	5	YX15261T	4	0
STAB_HVG_OUTLIER_EXCL	5	YX15261T	5	0
STAB_HVG_OUTLIER_EXCL	5	YX15263T	1	0.893350062735257
STAB_HVG_OUTLIER_EXCL	5	YX15263T	2	0.00125470514429109
STAB_HVG_OUTLIER_EXCL	5	YX15263T	3	0.096612296110414
STAB_HVG_OUTLIER_EXCL	5	YX15263T	4	0.00878293601003764
STAB_HVG_OUTLIER_EXCL	5	YX15263T	5	0
STAB_HVG_OUTLIER_EXCL	5	YX15271T	1	0
STAB_HVG_OUTLIER_EXCL	5	YX15271T	2	0.907944514501892
STAB_HVG_OUTLIER_EXCL	5	YX15271T	3	0.0920554854981084
STAB_HVG_OUTLIER_EXCL	5	YX15271T	4	0
STAB_HVG_OUTLIER_EXCL	5	YX15271T	5	0
STAB_HVG_OUTLIER_EXCL	5	YX16036T	1	0
STAB_HVG_OUTLIER_EXCL	5	YX16036T	2	0.566502463054187
STAB_HVG_OUTLIER_EXCL	5	YX16036T	3	0.433497536945813
STAB_HVG_OUTLIER_EXCL	5	YX16036T	4	0
STAB_HVG_OUTLIER_EXCL	5	YX16036T	5	0
STAB_HVG_OUTLIER_EXCL	5	YX16041T	1	0.0263157894736842
STAB_HVG_OUTLIER_EXCL	5	YX16041T	2	0.206766917293233
STAB_HVG_OUTLIER_EXCL	5	YX16041T	3	0.763157894736842
STAB_HVG_OUTLIER_EXCL	5	YX16041T	4	0.0037593984962406
STAB_HVG_OUTLIER_EXCL	5	YX16041T	5	0
STAB_HVG_OUTLIER_EXCL	5	YX16057T	1	0
STAB_HVG_OUTLIER_EXCL	5	YX16057T	2	0.475471698113208
STAB_HVG_OUTLIER_EXCL	5	YX16057T	3	0.524528301886792
STAB_HVG_OUTLIER_EXCL	5	YX16057T	4	0
STAB_HVG_OUTLIER_EXCL	5	YX16057T	5	0
STAB_HVG_OUTLIER_EXCL	5	YX16062T	1	0.38618925831202
STAB_HVG_OUTLIER_EXCL	5	YX16062T	2	0.0345268542199488
STAB_HVG_OUTLIER_EXCL	5	YX16062T	3	0.202046035805627
STAB_HVG_OUTLIER_EXCL	5	YX16062T	4	0.377237851662404
STAB_HVG_OUTLIER_EXCL	5	YX16062T	5	0
STAB_HVG_OUTLIER_EXCL	5	YX16112T	1	0.116219667943806
STAB_HVG_OUTLIER_EXCL	5	YX16112T	2	0.108556832694764
STAB_HVG_OUTLIER_EXCL	5	YX16112T	3	0.642401021711367
STAB_HVG_OUTLIER_EXCL	5	YX16112T	4	0.132822477650064
STAB_HVG_OUTLIER_EXCL	5	YX16112T	5	0
STAB_HVG_OUTLIER_EXCL	5	YX16113T	1	0.0216836734693878
STAB_HVG_OUTLIER_EXCL	5	YX16113T	2	0
STAB_HVG_OUTLIER_EXCL	5	YX16113T	3	0.0102040816326531
STAB_HVG_OUTLIER_EXCL	5	YX16113T	4	0.968112244897959
STAB_HVG_OUTLIER_EXCL	5	YX16113T	5	0
STAB_HVG_OUTLIER_EXCL	5	YX16119T	1	0.00127388535031847
STAB_HVG_OUTLIER_EXCL	5	YX16119T	2	0.468789808917197
STAB_HVG_OUTLIER_EXCL	5	YX16119T	3	0.529936305732484
STAB_HVG_OUTLIER_EXCL	5	YX16119T	4	0
STAB_HVG_OUTLIER_EXCL	5	YX16119T	5	0
STAB_HVG_OUTLIER_EXCL	5	YX16120T	1	0.960051546391753
STAB_HVG_OUTLIER_EXCL	5	YX16120T	2	0
STAB_HVG_OUTLIER_EXCL	5	YX16120T	3	0.0399484536082474
STAB_HVG_OUTLIER_EXCL	5	YX16120T	4	0
STAB_HVG_OUTLIER_EXCL	5	YX16120T	5	0
STAB_HVG_OUTLIER_EXCL	5	YX16127T	1	1
STAB_HVG_OUTLIER_EXCL	5	YX16127T	2	0
STAB_HVG_OUTLIER_EXCL	5	YX16127T	3	0
STAB_HVG_OUTLIER_EXCL	5	YX16127T	4	0
STAB_HVG_OUTLIER_EXCL	5	YX16127T	5	0
STAB_HVG_OUTLIER_EXCL	5	YX16128T	1	0
STAB_HVG_OUTLIER_EXCL	5	YX16128T	2	0.476543209876543
STAB_HVG_OUTLIER_EXCL	5	YX16128T	3	0.523456790123457
STAB_HVG_OUTLIER_EXCL	5	YX16128T	4	0
STAB_HVG_OUTLIER_EXCL	5	YX16128T	5	0
STAB_HVG_OUTLIER_EXCL	5	YX16130T	1	0
STAB_HVG_OUTLIER_EXCL	5	YX16130T	2	0.556675062972292
STAB_HVG_OUTLIER_EXCL	5	YX16130T	3	0.443324937027708
STAB_HVG_OUTLIER_EXCL	5	YX16130T	4	0
STAB_HVG_OUTLIER_EXCL	5	YX16130T	5	0
STAB_HVG_OUTLIER_EXCL	5	YX16132T	1	0
STAB_HVG_OUTLIER_EXCL	5	YX16132T	2	0.518703241895262
STAB_HVG_OUTLIER_EXCL	5	YX16132T	3	0.481296758104738
STAB_HVG_OUTLIER_EXCL	5	YX16132T	4	0
STAB_HVG_OUTLIER_EXCL	5	YX16132T	5	0
STAB_HVG_OUTLIER_EXCL	5	YX16139T	1	0.259923175416133
STAB_HVG_OUTLIER_EXCL	5	YX16139T	2	0.0179257362355954
STAB_HVG_OUTLIER_EXCL	5	YX16139T	3	0.161331626120359
STAB_HVG_OUTLIER_EXCL	5	YX16139T	4	0.560819462227913
STAB_HVG_OUTLIER_EXCL	5	YX16139T	5	0
STAB_HVG_OUTLIER_EXCL	5	YX16141T	1	0.439644218551461
STAB_HVG_OUTLIER_EXCL	5	YX16141T	2	0.073697585768742
STAB_HVG_OUTLIER_EXCL	5	YX16141T	3	0.400254129606099
STAB_HVG_OUTLIER_EXCL	5	YX16141T	4	0.0825921219822109
STAB_HVG_OUTLIER_EXCL	5	YX16141T	5	0.00381194409148666
STAB_HVG_OUTLIER_EXCL	5	YX16144T	1	0
STAB_HVG_OUTLIER_EXCL	5	YX16144T	2	0.887755102040816
STAB_HVG_OUTLIER_EXCL	5	YX16144T	3	0.112244897959184
STAB_HVG_OUTLIER_EXCL	5	YX16144T	4	0
STAB_HVG_OUTLIER_EXCL	5	YX16144T	5	0
STAB_HVG_OUTLIER_EXCL	5	YX16147T	1	0.00248756218905473
STAB_HVG_OUTLIER_EXCL	5	YX16147T	2	0.00248756218905473
STAB_HVG_OUTLIER_EXCL	5	YX16147T	3	0.0124378109452736
STAB_HVG_OUTLIER_EXCL	5	YX16147T	4	0.982587064676617
STAB_HVG_OUTLIER_EXCL	5	YX16147T	5	0
STAB_HVG_OUTLIER_EXCL	5	YX16153T	1	1
STAB_HVG_OUTLIER_EXCL	5	YX16153T	2	0
STAB_HVG_OUTLIER_EXCL	5	YX16153T	3	0
STAB_HVG_OUTLIER_EXCL	5	YX16153T	4	0
STAB_HVG_OUTLIER_EXCL	5	YX16153T	5	0
STAB_HVG_OUTLIER_EXCL	5	YX16155T	1	1
STAB_HVG_OUTLIER_EXCL	5	YX16155T	2	0
STAB_HVG_OUTLIER_EXCL	5	YX16155T	3	0
STAB_HVG_OUTLIER_EXCL	5	YX16155T	4	0
STAB_HVG_OUTLIER_EXCL	5	YX16155T	5	0
STAB_HVG_OUTLIER_EXCL	5	YX16159T	1	0
STAB_HVG_OUTLIER_EXCL	5	YX16159T	2	0.908977556109726
STAB_HVG_OUTLIER_EXCL	5	YX16159T	3	0.0910224438902743
STAB_HVG_OUTLIER_EXCL	5	YX16159T	4	0
STAB_HVG_OUTLIER_EXCL	5	YX16159T	5	0
STAB_HVG_OUTLIER_EXCL	5	YX16160T	1	0
STAB_HVG_OUTLIER_EXCL	5	YX16160T	2	0.0188205771643664
STAB_HVG_OUTLIER_EXCL	5	YX16160T	3	0.0313676286072773
STAB_HVG_OUTLIER_EXCL	5	YX16160T	4	0.949811794228356
STAB_HVG_OUTLIER_EXCL	5	YX16160T	5	0
STAB_HVG_OUTLIER_EXCL	5	YX16161T	1	0
STAB_HVG_OUTLIER_EXCL	5	YX16161T	2	0.902564102564103
STAB_HVG_OUTLIER_EXCL	5	YX16161T	3	0.0974358974358974
STAB_HVG_OUTLIER_EXCL	5	YX16161T	4	0
STAB_HVG_OUTLIER_EXCL	5	YX16161T	5	0
STAB_HVG_OUTLIER_EXCL	5	YX16166T	1	1
STAB_HVG_OUTLIER_EXCL	5	YX16166T	2	0
STAB_HVG_OUTLIER_EXCL	5	YX16166T	3	0
STAB_HVG_OUTLIER_EXCL	5	YX16166T	4	0
STAB_HVG_OUTLIER_EXCL	5	YX16166T	5	0
STAB_HVG_OUTLIER_EXCL	5	YX16177T	1	0.904092071611253
STAB_HVG_OUTLIER_EXCL	5	YX16177T	2	0
STAB_HVG_OUTLIER_EXCL	5	YX16177T	3	0.0626598465473146
STAB_HVG_OUTLIER_EXCL	5	YX16177T	4	0.0332480818414322
STAB_HVG_OUTLIER_EXCL	5	YX16177T	5	0
STAB_HVG_OUTLIER_EXCL	5	YX16178T	1	0.737913486005089
STAB_HVG_OUTLIER_EXCL	5	YX16178T	2	0.0343511450381679
STAB_HVG_OUTLIER_EXCL	5	YX16178T	3	0.193384223918575
STAB_HVG_OUTLIER_EXCL	5	YX16178T	4	0.0330788804071247
STAB_HVG_OUTLIER_EXCL	5	YX16178T	5	0.00127226463104326
STAB_HVG_OUTLIER_EXCL	5	YX16180T	1	0
STAB_HVG_OUTLIER_EXCL	5	YX16180T	2	0.900503778337531
STAB_HVG_OUTLIER_EXCL	5	YX16180T	3	0.0994962216624685
STAB_HVG_OUTLIER_EXCL	5	YX16180T	4	0
STAB_HVG_OUTLIER_EXCL	5	YX16180T	5	0
STAB_HVG_OUTLIER_EXCL	5	YX16185T	1	0.998743718592965
STAB_HVG_OUTLIER_EXCL	5	YX16185T	2	0
STAB_HVG_OUTLIER_EXCL	5	YX16185T	3	0.00125628140703518
STAB_HVG_OUTLIER_EXCL	5	YX16185T	4	0
STAB_HVG_OUTLIER_EXCL	5	YX16185T	5	0
STAB_HVG_OUTLIER_EXCL	5	YX16188T	1	0
STAB_HVG_OUTLIER_EXCL	5	YX16188T	2	0
STAB_HVG_OUTLIER_EXCL	5	YX16188T	3	0
STAB_HVG_OUTLIER_EXCL	5	YX16188T	4	1
STAB_HVG_OUTLIER_EXCL	5	YX16188T	5	0
STAB_HVG_OUTLIER_EXCL	5	YX16202T	1	0
STAB_HVG_OUTLIER_EXCL	5	YX16202T	2	0.028894472361809
STAB_HVG_OUTLIER_EXCL	5	YX16202T	3	0.0402010050251256
STAB_HVG_OUTLIER_EXCL	5	YX16202T	4	0.903266331658292
STAB_HVG_OUTLIER_EXCL	5	YX16202T	5	0.0276381909547739
STAB_HVG_OUTLIER_EXCL	5	YX16203T	1	0
STAB_HVG_OUTLIER_EXCL	5	YX16203T	2	0.5325
STAB_HVG_OUTLIER_EXCL	5	YX16203T	3	0.4675
STAB_HVG_OUTLIER_EXCL	5	YX16203T	4	0
STAB_HVG_OUTLIER_EXCL	5	YX16203T	5	0
STAB_HVG_OUTLIER_EXCL	5	YX16207T	1	0
STAB_HVG_OUTLIER_EXCL	5	YX16207T	2	0.9125
STAB_HVG_OUTLIER_EXCL	5	YX16207T	3	0.0875
STAB_HVG_OUTLIER_EXCL	5	YX16207T	4	0
STAB_HVG_OUTLIER_EXCL	5	YX16207T	5	0
STAB_HVG_OUTLIER_EXCL	5	YX16218T	1	0
STAB_HVG_OUTLIER_EXCL	5	YX16218T	2	0.860377358490566
STAB_HVG_OUTLIER_EXCL	5	YX16218T	3	0.139622641509434
STAB_HVG_OUTLIER_EXCL	5	YX16218T	4	0
STAB_HVG_OUTLIER_EXCL	5	YX16218T	5	0
STAB_HVG_OUTLIER_EXCL	5	YX16222T	1	0.0251256281407035
STAB_HVG_OUTLIER_EXCL	5	YX16222T	2	0.209798994974874
STAB_HVG_OUTLIER_EXCL	5	YX16222T	3	0.756281407035176
STAB_HVG_OUTLIER_EXCL	5	YX16222T	4	0.00879396984924623
STAB_HVG_OUTLIER_EXCL	5	YX16222T	5	0
STAB_HVG_OUTLIER_EXCL	5	YX16227T	1	0.0171990171990172
STAB_HVG_OUTLIER_EXCL	5	YX16227T	2	0.223587223587224
STAB_HVG_OUTLIER_EXCL	5	YX16227T	3	0.754299754299754
STAB_HVG_OUTLIER_EXCL	5	YX16227T	4	0.00491400491400491
STAB_HVG_OUTLIER_EXCL	5	YX16227T	5	0
STAB_HVG_OUTLIER_EXCL	5	YX16236T	1	0.676470588235294
STAB_HVG_OUTLIER_EXCL	5	YX16236T	2	0.0383631713554987
STAB_HVG_OUTLIER_EXCL	5	YX16236T	3	0.276214833759591
STAB_HVG_OUTLIER_EXCL	5	YX16236T	4	0.00895140664961637
STAB_HVG_OUTLIER_EXCL	5	YX16236T	5	0
STAB_HVG_OUTLIER_EXCL	5	YX15047T	1	0.162673392181589
STAB_HVG_OUTLIER_EXCL	5	YX15047T	2	0.0605296343001261
STAB_HVG_OUTLIER_EXCL	5	YX15047T	3	0.171500630517024
STAB_HVG_OUTLIER_EXCL	5	YX15047T	4	0.0466582597730139
STAB_HVG_OUTLIER_EXCL	5	YX15047T	5	0.558638083228247
STAB_HVG_OUTLIER_EXCL	5	YX15106T	1	0
STAB_HVG_OUTLIER_EXCL	5	YX15106T	2	0
STAB_HVG_OUTLIER_EXCL	5	YX15106T	3	0
STAB_HVG_OUTLIER_EXCL	5	YX15106T	4	0
STAB_HVG_OUTLIER_EXCL	5	YX15106T	5	1
STAB_HVG_OUTLIER_EXCL	5	YX15166T	1	0
STAB_HVG_OUTLIER_EXCL	5	YX15166T	2	0
STAB_HVG_OUTLIER_EXCL	5	YX15166T	3	0
STAB_HVG_OUTLIER_EXCL	5	YX15166T	4	0
STAB_HVG_OUTLIER_EXCL	5	YX15166T	5	1
STAB_HVG_OUTLIER_EXCL	5	YX15187T	1	0
STAB_HVG_OUTLIER_EXCL	5	YX15187T	2	0
STAB_HVG_OUTLIER_EXCL	5	YX15187T	3	0
STAB_HVG_OUTLIER_EXCL	5	YX15187T	4	0
STAB_HVG_OUTLIER_EXCL	5	YX15187T	5	1
STAB_HVG_OUTLIER_EXCL	5	YX15211T	1	0.0715166461159063
STAB_HVG_OUTLIER_EXCL	5	YX15211T	2	0.0863131935881628
STAB_HVG_OUTLIER_EXCL	5	YX15211T	3	0.806411837237978
STAB_HVG_OUTLIER_EXCL	5	YX15211T	4	0.0357583230579531
STAB_HVG_OUTLIER_EXCL	5	YX15211T	5	0
STAB_HVG_OUTLIER_EXCL	5	YX15214T	1	0
STAB_HVG_OUTLIER_EXCL	5	YX15214T	2	0
STAB_HVG_OUTLIER_EXCL	5	YX15214T	3	0
STAB_HVG_OUTLIER_EXCL	5	YX15214T	4	0
STAB_HVG_OUTLIER_EXCL	5	YX15214T	5	1
STAB_HVG_OUTLIER_EXCL	5	YX16009T	1	0
STAB_HVG_OUTLIER_EXCL	5	YX16009T	2	0.89811320754717
STAB_HVG_OUTLIER_EXCL	5	YX16009T	3	0.10188679245283
STAB_HVG_OUTLIER_EXCL	5	YX16009T	4	0
STAB_HVG_OUTLIER_EXCL	5	YX16009T	5	0
STAB_HVG_OUTLIER_EXCL	5	YX16011T	1	0
STAB_HVG_OUTLIER_EXCL	5	YX16011T	2	0
STAB_HVG_OUTLIER_EXCL	5	YX16011T	3	0
STAB_HVG_OUTLIER_EXCL	5	YX16011T	4	0
STAB_HVG_OUTLIER_EXCL	5	YX16011T	5	1
STAB_HVG_OUTLIER_EXCL	5	YX16068T	1	0
STAB_HVG_OUTLIER_EXCL	5	YX16068T	2	0
STAB_HVG_OUTLIER_EXCL	5	YX16068T	3	0
STAB_HVG_OUTLIER_EXCL	5	YX16068T	4	0
STAB_HVG_OUTLIER_EXCL	5	YX16068T	5	1
STAB_HVG_OUTLIER_EXCL	5	YX16070T	1	0.07875
STAB_HVG_OUTLIER_EXCL	5	YX16070T	2	0.11125
STAB_HVG_OUTLIER_EXCL	5	YX16070T	3	0.68125
STAB_HVG_OUTLIER_EXCL	5	YX16070T	4	0.07
STAB_HVG_OUTLIER_EXCL	5	YX16070T	5	0.05875
STAB_HVG_OUTLIER_EXCL	5	YX16075T	1	0
STAB_HVG_OUTLIER_EXCL	5	YX16075T	2	0.899002493765586
STAB_HVG_OUTLIER_EXCL	5	YX16075T	3	0.100997506234414
STAB_HVG_OUTLIER_EXCL	5	YX16075T	4	0
STAB_HVG_OUTLIER_EXCL	5	YX16075T	5	0
STAB_HVG_OUTLIER_EXCL	5	YX16079T	1	0.0037593984962406
STAB_HVG_OUTLIER_EXCL	5	YX16079T	2	0.0050125313283208
STAB_HVG_OUTLIER_EXCL	5	YX16079T	3	0.0100250626566416
STAB_HVG_OUTLIER_EXCL	5	YX16079T	4	0.0012531328320802
STAB_HVG_OUTLIER_EXCL	5	YX16079T	5	0.979949874686717
STAB_HVG_OUTLIER_EXCL	5	YX16087T	1	0
STAB_HVG_OUTLIER_EXCL	5	YX16087T	2	0
STAB_HVG_OUTLIER_EXCL	5	YX16087T	3	0
STAB_HVG_OUTLIER_EXCL	5	YX16087T	4	0
STAB_HVG_OUTLIER_EXCL	5	YX16087T	5	1
STAB_HVG_OUTLIER_EXCL	5	YX16094T	1	0.0767295597484277
STAB_HVG_OUTLIER_EXCL	5	YX16094T	2	0.0943396226415094
STAB_HVG_OUTLIER_EXCL	5	YX16094T	3	0.29559748427673
STAB_HVG_OUTLIER_EXCL	5	YX16094T	4	0.0578616352201258
STAB_HVG_OUTLIER_EXCL	5	YX16094T	5	0.475471698113208
STAB_HVG_OUTLIER_EXCL	5	YX16172T	1	0.0686149936467599
STAB_HVG_OUTLIER_EXCL	5	YX16172T	2	0.10292249047014
STAB_HVG_OUTLIER_EXCL	5	YX16172T	3	0.748411689961881
STAB_HVG_OUTLIER_EXCL	5	YX16172T	4	0.073697585768742
STAB_HVG_OUTLIER_EXCL	5	YX16172T	5	0.00635324015247776
STAB_HVG_OUTLIER_EXCL	5	YX16295T	1	0
STAB_HVG_OUTLIER_EXCL	5	YX16295T	2	0
STAB_HVG_OUTLIER_EXCL	5	YX16295T	3	0
STAB_HVG_OUTLIER_EXCL	5	YX16295T	4	0
STAB_HVG_OUTLIER_EXCL	5	YX16295T	5	1
STAB_HVG_OUTLIER_EXCL	5	YX16327T	1	0.00256410256410256
STAB_HVG_OUTLIER_EXCL	5	YX16327T	2	0.00641025641025641
STAB_HVG_OUTLIER_EXCL	5	YX16327T	3	0.0166666666666667
STAB_HVG_OUTLIER_EXCL	5	YX16327T	4	0
STAB_HVG_OUTLIER_EXCL	5	YX16327T	5	0.974358974358974
STAB_HVG_OUTLIER_EXCL	5	YX16335T	1	0.998745294855709
STAB_HVG_OUTLIER_EXCL	5	YX16335T	2	0
STAB_HVG_OUTLIER_EXCL	5	YX16335T	3	0.00125470514429109
STAB_HVG_OUTLIER_EXCL	5	YX16335T	4	0
STAB_HVG_OUTLIER_EXCL	5	YX16335T	5	0
STAB_HVG_OUTLIER_EXCL	5	YX16341T	1	0.00128040973111396
STAB_HVG_OUTLIER_EXCL	5	YX16341T	2	0.00256081946222791
STAB_HVG_OUTLIER_EXCL	5	YX16341T	3	0.00128040973111396
STAB_HVG_OUTLIER_EXCL	5	YX16341T	4	0
STAB_HVG_OUTLIER_EXCL	5	YX16341T	5	0.994878361075544
STAB_HVG_OUTLIER_EXCL	5	YX16343T	1	0.0142857142857143
STAB_HVG_OUTLIER_EXCL	5	YX16343T	2	0.0155844155844156
STAB_HVG_OUTLIER_EXCL	5	YX16343T	3	0.0298701298701299
STAB_HVG_OUTLIER_EXCL	5	YX16343T	4	0.0012987012987013
STAB_HVG_OUTLIER_EXCL	5	YX16343T	5	0.938961038961039
STAB_HVG_OUTLIER_EXCL	5	YX16347T	1	0.981435643564356
STAB_HVG_OUTLIER_EXCL	5	YX16347T	2	0
STAB_HVG_OUTLIER_EXCL	5	YX16347T	3	0.0185643564356436
STAB_HVG_OUTLIER_EXCL	5	YX16347T	4	0
STAB_HVG_OUTLIER_EXCL	5	YX16347T	5	0
STAB_HVG_OUTLIER_EXCL	6	YX15261T	1	0.993678887484197
STAB_HVG_OUTLIER_EXCL	6	YX15261T	2	0.00252844500632111
STAB_HVG_OUTLIER_EXCL	6	YX15261T	3	0
STAB_HVG_OUTLIER_EXCL	6	YX15261T	4	0
STAB_HVG_OUTLIER_EXCL	6	YX15261T	5	0
STAB_HVG_OUTLIER_EXCL	6	YX15261T	6	0.00379266750948167
STAB_HVG_OUTLIER_EXCL	6	YX15263T	1	0.823086574654956
STAB_HVG_OUTLIER_EXCL	6	YX15263T	2	0.013801756587202
STAB_HVG_OUTLIER_EXCL	6	YX15263T	3	0.111668757841907
STAB_HVG_OUTLIER_EXCL	6	YX15263T	4	0.00878293601003764
STAB_HVG_OUTLIER_EXCL	6	YX15263T	5	0
STAB_HVG_OUTLIER_EXCL	6	YX15263T	6	0.0426599749058971
STAB_HVG_OUTLIER_EXCL	6	YX15271T	1	0
STAB_HVG_OUTLIER_EXCL	6	YX15271T	2	0.954602774274905
STAB_HVG_OUTLIER_EXCL	6	YX15271T	3	0.0453972257250946
STAB_HVG_OUTLIER_EXCL	6	YX15271T	4	0
STAB_HVG_OUTLIER_EXCL	6	YX15271T	5	0
STAB_HVG_OUTLIER_EXCL	6	YX15271T	6	0
STAB_HVG_OUTLIER_EXCL	6	YX16036T	1	0
STAB_HVG_OUTLIER_EXCL	6	YX16036T	2	0.405172413793103
STAB_HVG_OUTLIER_EXCL	6	YX16036T	3	0.594827586206897
STAB_HVG_OUTLIER_EXCL	6	YX16036T	4	0
STAB_HVG_OUTLIER_EXCL	6	YX16036T	5	0
STAB_HVG_OUTLIER_EXCL	6	YX16036T	6	0
STAB_HVG_OUTLIER_EXCL	6	YX16041T	1	0.006265664160401
STAB_HVG_OUTLIER_EXCL	6	YX16041T	2	0.025062656641604
STAB_HVG_OUTLIER_EXCL	6	YX16041T	3	0.951127819548872
STAB_HVG_OUTLIER_EXCL	6	YX16041T	4	0.0012531328320802
STAB_HVG_OUTLIER_EXCL	6	YX16041T	5	0
STAB_HVG_OUTLIER_EXCL	6	YX16041T	6	0.0162907268170426
STAB_HVG_OUTLIER_EXCL	6	YX16057T	1	0
STAB_HVG_OUTLIER_EXCL	6	YX16057T	2	0.29559748427673
STAB_HVG_OUTLIER_EXCL	6	YX16057T	3	0.70440251572327
STAB_HVG_OUTLIER_EXCL	6	YX16057T	4	0
STAB_HVG_OUTLIER_EXCL	6	YX16057T	5	0
STAB_HVG_OUTLIER_EXCL	6	YX16057T	6	0
STAB_HVG_OUTLIER_EXCL	6	YX16062T	1	0.258312020460358
STAB_HVG_OUTLIER_EXCL	6	YX16062T	2	0.0115089514066496
STAB_HVG_OUTLIER_EXCL	6	YX16062T	3	0.131713554987212
STAB_HVG_OUTLIER_EXCL	6	YX16062T	4	0.381074168797954
STAB_HVG_OUTLIER_EXCL	6	YX16062T	5	0
STAB_HVG_OUTLIER_EXCL	6	YX16062T	6	0.217391304347826
STAB_HVG_OUTLIER_EXCL	6	YX16112T	1	0.0498084291187739
STAB_HVG_OUTLIER_EXCL	6	YX16112T	2	0.00893997445721584
STAB_HVG_OUTLIER_EXCL	6	YX16112T	3	0.735632183908046
STAB_HVG_OUTLIER_EXCL	6	YX16112T	4	0.134099616858238
STAB_HVG_OUTLIER_EXCL	6	YX16112T	5	0
STAB_HVG_OUTLIER_EXCL	6	YX16112T	6	0.0715197956577267
STAB_HVG_OUTLIER_EXCL	6	YX16113T	1	0.00892857142857143
STAB_HVG_OUTLIER_EXCL	6	YX16113T	2	0.00127551020408163
STAB_HVG_OUTLIER_EXCL	6	YX16113T	3	0.0038265306122449
STAB_HVG_OUTLIER_EXCL	6	YX16113T	4	0.977040816326531
STAB_HVG_OUTLIER_EXCL	6	YX16113T	5	0
STAB_HVG_OUTLIER_EXCL	6	YX16113T	6	0.00892857142857143
STAB_HVG_OUTLIER_EXCL	6	YX16119T	1	0
STAB_HVG_OUTLIER_EXCL	6	YX16119T	2	0.286624203821656
STAB_HVG_OUTLIER_EXCL	6	YX16119T	3	0.712101910828025
STAB_HVG_OUTLIER_EXCL	6	YX16119T	4	0
STAB_HVG_OUTLIER_EXCL	6	YX16119T	5	0
STAB_HVG_OUTLIER_EXCL	6	YX16119T	6	0.00127388535031847
STAB_HVG_OUTLIER_EXCL	6	YX16120T	1	0.92139175257732
STAB_HVG_OUTLIER_EXCL	6	YX16120T	2	0.0077319587628866
STAB_HVG_OUTLIER_EXCL	6	YX16120T	3	0.0489690721649485
STAB_HVG_OUTLIER_EXCL	6	YX16120T	4	0.00128865979381443
STAB_HVG_OUTLIER_EXCL	6	YX16120T	5	0
STAB_HVG_OUTLIER_EXCL	6	YX16120T	6	0.0206185567010309
STAB_HVG_OUTLIER_EXCL	6	YX16127T	1	0.989650711513583
STAB_HVG_OUTLIER_EXCL	6	YX16127T	2	0.00388098318240621
STAB_HVG_OUTLIER_EXCL	6	YX16127T	3	0
STAB_HVG_OUTLIER_EXCL	6	YX16127T	4	0
STAB_HVG_OUTLIER_EXCL	6	YX16127T	5	0
STAB_HVG_OUTLIER_EXCL	6	YX16127T	6	0.00646830530401035
STAB_HVG_OUTLIER_EXCL	6	YX16128T	1	0
STAB_HVG_OUTLIER_EXCL	6	YX16128T	2	0.295061728395062
STAB_HVG_OUTLIER_EXCL	6	YX16128T	3	0.704938271604938
STAB_HVG_OUTLIER_EXCL	6	YX16128T	4	0
STAB_HVG_OUTLIER_EXCL	6	YX16128T	5	0
STAB_HVG_OUTLIER_EXCL	6	YX16128T	6	0
STAB_HVG_OUTLIER_EXCL	6	YX16130T	1	0
STAB_HVG_OUTLIER_EXCL	6	YX16130T	2	0.410579345088161
STAB_HVG_OUTLIER_EXCL	6	YX16130T	3	0.589420654911839
STAB_HVG_OUTLIER_EXCL	6	YX16130T	4	0
STAB_HVG_OUTLIER_EXCL	6	YX16130T	5	0
STAB_HVG_OUTLIER_EXCL	6	YX16130T	6	0
STAB_HVG_OUTLIER_EXCL	6	YX16132T	1	0
STAB_HVG_OUTLIER_EXCL	6	YX16132T	2	0.354114713216958
STAB_HVG_OUTLIER_EXCL	6	YX16132T	3	0.645885286783042
STAB_HVG_OUTLIER_EXCL	6	YX16132T	4	0
STAB_HVG_OUTLIER_EXCL	6	YX16132T	5	0
STAB_HVG_OUTLIER_EXCL	6	YX16132T	6	0
STAB_HVG_OUTLIER_EXCL	6	YX16139T	1	0.17157490396927
STAB_HVG_OUTLIER_EXCL	6	YX16139T	2	0.00640204865556978
STAB_HVG_OUTLIER_EXCL	6	YX16139T	3	0.117797695262484
STAB_HVG_OUTLIER_EXCL	6	YX16139T	4	0.564660691421255
STAB_HVG_OUTLIER_EXCL	6	YX16139T	5	0
STAB_HVG_OUTLIER_EXCL	6	YX16139T	6	0.139564660691421
STAB_HVG_OUTLIER_EXCL	6	YX16141T	1	0.294790343074968
STAB_HVG_OUTLIER_EXCL	6	YX16141T	2	0.0165184243964422
STAB_HVG_OUTLIER_EXCL	6	YX16141T	3	0.12579415501906
STAB_HVG_OUTLIER_EXCL	6	YX16141T	4	0.0393900889453621
STAB_HVG_OUTLIER_EXCL	6	YX16141T	5	0
STAB_HVG_OUTLIER_EXCL	6	YX16141T	6	0.523506988564168
STAB_HVG_OUTLIER_EXCL	6	YX16144T	1	0
STAB_HVG_OUTLIER_EXCL	6	YX16144T	2	0.933673469387755
STAB_HVG_OUTLIER_EXCL	6	YX16144T	3	0.0663265306122449
STAB_HVG_OUTLIER_EXCL	6	YX16144T	4	0
STAB_HVG_OUTLIER_EXCL	6	YX16144T	5	0
STAB_HVG_OUTLIER_EXCL	6	YX16144T	6	0
STAB_HVG_OUTLIER_EXCL	6	YX16147T	1	0
STAB_HVG_OUTLIER_EXCL	6	YX16147T	2	0
STAB_HVG_OUTLIER_EXCL	6	YX16147T	3	0.00870646766169154
STAB_HVG_OUTLIER_EXCL	6	YX16147T	4	0.983830845771144
STAB_HVG_OUTLIER_EXCL	6	YX16147T	5	0
STAB_HVG_OUTLIER_EXCL	6	YX16147T	6	0.00746268656716418
STAB_HVG_OUTLIER_EXCL	6	YX16153T	1	0.99375
STAB_HVG_OUTLIER_EXCL	6	YX16153T	2	0.0025
STAB_HVG_OUTLIER_EXCL	6	YX16153T	3	0
STAB_HVG_OUTLIER_EXCL	6	YX16153T	4	0
STAB_HVG_OUTLIER_EXCL	6	YX16153T	5	0
STAB_HVG_OUTLIER_EXCL	6	YX16153T	6	0.00375
STAB_HVG_OUTLIER_EXCL	6	YX16155T	1	0.99125
STAB_HVG_OUTLIER_EXCL	6	YX16155T	2	0.0025
STAB_HVG_OUTLIER_EXCL	6	YX16155T	3	0
STAB_HVG_OUTLIER_EXCL	6	YX16155T	4	0
STAB_HVG_OUTLIER_EXCL	6	YX16155T	5	0
STAB_HVG_OUTLIER_EXCL	6	YX16155T	6	0.00625
STAB_HVG_OUTLIER_EXCL	6	YX16159T	1	0
STAB_HVG_OUTLIER_EXCL	6	YX16159T	2	0.956359102244389
STAB_HVG_OUTLIER_EXCL	6	YX16159T	3	0.043640897755611
STAB_HVG_OUTLIER_EXCL	6	YX16159T	4	0
STAB_HVG_OUTLIER_EXCL	6	YX16159T	5	0
STAB_HVG_OUTLIER_EXCL	6	YX16159T	6	0
STAB_HVG_OUTLIER_EXCL	6	YX16160T	1	0
STAB_HVG_OUTLIER_EXCL	6	YX16160T	2	0.0526976160602258
STAB_HVG_OUTLIER_EXCL	6	YX16160T	3	0.0451693851944793
STAB_HVG_OUTLIER_EXCL	6	YX16160T	4	0.760351317440402
STAB_HVG_OUTLIER_EXCL	6	YX16160T	5	0
STAB_HVG_OUTLIER_EXCL	6	YX16160T	6	0.141781681304893
STAB_HVG_OUTLIER_EXCL	6	YX16161T	1	0
STAB_HVG_OUTLIER_EXCL	6	YX16161T	2	0.951282051282051
STAB_HVG_OUTLIER_EXCL	6	YX16161T	3	0.0487179487179487
STAB_HVG_OUTLIER_EXCL	6	YX16161T	4	0
STAB_HVG_OUTLIER_EXCL	6	YX16161T	5	0
STAB_HVG_OUTLIER_EXCL	6	YX16161T	6	0
STAB_HVG_OUTLIER_EXCL	6	YX16166T	1	0.991105463786531
STAB_HVG_OUTLIER_EXCL	6	YX16166T	2	0.00254129606099111
STAB_HVG_OUTLIER_EXCL	6	YX16166T	3	0
STAB_HVG_OUTLIER_EXCL	6	YX16166T	4	0
STAB_HVG_OUTLIER_EXCL	6	YX16166T	5	0
STAB_HVG_OUTLIER_EXCL	6	YX16166T	6	0.00635324015247776
STAB_HVG_OUTLIER_EXCL	6	YX16177T	1	0.840153452685422
STAB_HVG_OUTLIER_EXCL	6	YX16177T	2	0.0140664961636829
STAB_HVG_OUTLIER_EXCL	6	YX16177T	3	0.0843989769820972
STAB_HVG_OUTLIER_EXCL	6	YX16177T	4	0.0358056265984655
STAB_HVG_OUTLIER_EXCL	6	YX16177T	5	0
STAB_HVG_OUTLIER_EXCL	6	YX16177T	6	0.0255754475703325
STAB_HVG_OUTLIER_EXCL	6	YX16178T	1	0.594147582697201
STAB_HVG_OUTLIER_EXCL	6	YX16178T	2	0.0178117048346056
STAB_HVG_OUTLIER_EXCL	6	YX16178T	3	0.0966921119592875
STAB_HVG_OUTLIER_EXCL	6	YX16178T	4	0.0203562340966921
STAB_HVG_OUTLIER_EXCL	6	YX16178T	5	0
STAB_HVG_OUTLIER_EXCL	6	YX16178T	6	0.270992366412214
STAB_HVG_OUTLIER_EXCL	6	YX16180T	1	0
STAB_HVG_OUTLIER_EXCL	6	YX16180T	2	0.945843828715365
STAB_HVG_OUTLIER_EXCL	6	YX16180T	3	0.0541561712846348
STAB_HVG_OUTLIER_EXCL	6	YX16180T	4	0
STAB_HVG_OUTLIER_EXCL	6	YX16180T	5	0
STAB_HVG_OUTLIER_EXCL	6	YX16180T	6	0
STAB_HVG_OUTLIER_EXCL	6	YX16185T	1	0.993718592964824
STAB_HVG_OUTLIER_EXCL	6	YX16185T	2	0.00251256281407035
STAB_HVG_OUTLIER_EXCL	6	YX16185T	3	0
STAB_HVG_OUTLIER_EXCL	6	YX16185T	4	0
STAB_HVG_OUTLIER_EXCL	6	YX16185T	5	0
STAB_HVG_OUTLIER_EXCL	6	YX16185T	6	0.00376884422110553
STAB_HVG_OUTLIER_EXCL	6	YX16188T	1	0
STAB_HVG_OUTLIER_EXCL	6	YX16188T	2	0
STAB_HVG_OUTLIER_EXCL	6	YX16188T	3	0
STAB_HVG_OUTLIER_EXCL	6	YX16188T	4	1
STAB_HVG_OUTLIER_EXCL	6	YX16188T	5	0
STAB_HVG_OUTLIER_EXCL	6	YX16188T	6	0
STAB_HVG_OUTLIER_EXCL	6	YX16202T	1	0
STAB_HVG_OUTLIER_EXCL	6	YX16202T	2	0.0552763819095477
STAB_HVG_OUTLIER_EXCL	6	YX16202T	3	0.0464824120603015
STAB_HVG_OUTLIER_EXCL	6	YX16202T	4	0.702261306532663
STAB_HVG_OUTLIER_EXCL	6	YX16202T	5	0.0113065326633166
STAB_HVG_OUTLIER_EXCL	6	YX16202T	6	0.184673366834171
STAB_HVG_OUTLIER_EXCL	6	YX16203T	1	0
STAB_HVG_OUTLIER_EXCL	6	YX16203T	2	0.4275
STAB_HVG_OUTLIER_EXCL	6	YX16203T	3	0.5725
STAB_HVG_OUTLIER_EXCL	6	YX16203T	4	0
STAB_HVG_OUTLIER_EXCL	6	YX16203T	5	0
STAB_HVG_OUTLIER_EXCL	6	YX16203T	6	0
STAB_HVG_OUTLIER_EXCL	6	YX16207T	1	0
STAB_HVG_OUTLIER_EXCL	6	YX16207T	2	0.95375
STAB_HVG_OUTLIER_EXCL	6	YX16207T	3	0.04625
STAB_HVG_OUTLIER_EXCL	6	YX16207T	4	0
STAB_HVG_OUTLIER_EXCL	6	YX16207T	5	0
STAB_HVG_OUTLIER_EXCL	6	YX16207T	6	0
STAB_HVG_OUTLIER_EXCL	6	YX16218T	1	0
STAB_HVG_OUTLIER_EXCL	6	YX16218T	2	0.857861635220126
STAB_HVG_OUTLIER_EXCL	6	YX16218T	3	0.142138364779874
STAB_HVG_OUTLIER_EXCL	6	YX16218T	4	0
STAB_HVG_OUTLIER_EXCL	6	YX16218T	5	0
STAB_HVG_OUTLIER_EXCL	6	YX16218T	6	0
STAB_HVG_OUTLIER_EXCL	6	YX16222T	1	0.00251256281407035
STAB_HVG_OUTLIER_EXCL	6	YX16222T	2	0.0263819095477387
STAB_HVG_OUTLIER_EXCL	6	YX16222T	3	0.948492462311558
STAB_HVG_OUTLIER_EXCL	6	YX16222T	4	0.00628140703517588
STAB_HVG_OUTLIER_EXCL	6	YX16222T	5	0
STAB_HVG_OUTLIER_EXCL	6	YX16222T	6	0.0163316582914573
STAB_HVG_OUTLIER_EXCL	6	YX16227T	1	0.00245700245700246
STAB_HVG_OUTLIER_EXCL	6	YX16227T	2	0.0331695331695332
STAB_HVG_OUTLIER_EXCL	6	YX16227T	3	0.953316953316953
STAB_HVG_OUTLIER_EXCL	6	YX16227T	4	0.00122850122850123
STAB_HVG_OUTLIER_EXCL	6	YX16227T	5	0
STAB_HVG_OUTLIER_EXCL	6	YX16227T	6	0.00982800982800983
STAB_HVG_OUTLIER_EXCL	6	YX16236T	1	0.607416879795396
STAB_HVG_OUTLIER_EXCL	6	YX16236T	2	0.0166240409207161
STAB_HVG_OUTLIER_EXCL	6	YX16236T	3	0.327365728900256
STAB_HVG_OUTLIER_EXCL	6	YX16236T	4	0.00895140664961637
STAB_HVG_OUTLIER_EXCL	6	YX16236T	5	0
STAB_HVG_OUTLIER_EXCL	6	YX16236T	6	0.0396419437340153
STAB_HVG_OUTLIER_EXCL	6	YX15047T	1	0.073139974779319
STAB_HVG_OUTLIER_EXCL	6	YX15047T	2	0.00630517023959647
STAB_HVG_OUTLIER_EXCL	6	YX15047T	3	0.0163934426229508
STAB_HVG_OUTLIER_EXCL	6	YX15047T	4	0.0353089533417402
STAB_HVG_OUTLIER_EXCL	6	YX15047T	5	0.513240857503153
STAB_HVG_OUTLIER_EXCL	6	YX15047T	6	0.355611601513241
STAB_HVG_OUTLIER_EXCL	6	YX15106T	1	0
STAB_HVG_OUTLIER_EXCL	6	YX15106T	2	0
STAB_HVG_OUTLIER_EXCL	6	YX15106T	3	0
STAB_HVG_OUTLIER_EXCL	6	YX15106T	4	0
STAB_HVG_OUTLIER_EXCL	6	YX15106T	5	1
STAB_HVG_OUTLIER_EXCL	6	YX15106T	6	0
STAB_HVG_OUTLIER_EXCL	6	YX15166T	1	0
STAB_HVG_OUTLIER_EXCL	6	YX15166T	2	0
STAB_HVG_OUTLIER_EXCL	6	YX15166T	3	0
STAB_HVG_OUTLIER_EXCL	6	YX15166T	4	0
STAB_HVG_OUTLIER_EXCL	6	YX15166T	5	1
STAB_HVG_OUTLIER_EXCL	6	YX15166T	6	0
STAB_HVG_OUTLIER_EXCL	6	YX15187T	1	0
STAB_HVG_OUTLIER_EXCL	6	YX15187T	2	0
STAB_HVG_OUTLIER_EXCL	6	YX15187T	3	0
STAB_HVG_OUTLIER_EXCL	6	YX15187T	4	0
STAB_HVG_OUTLIER_EXCL	6	YX15187T	5	0.998735777496839
STAB_HVG_OUTLIER_EXCL	6	YX15187T	6	0.00126422250316056
STAB_HVG_OUTLIER_EXCL	6	YX15211T	1	0.00986436498150432
STAB_HVG_OUTLIER_EXCL	6	YX15211T	2	0.00246609124537608
STAB_HVG_OUTLIER_EXCL	6	YX15211T	3	0.258939580764488
STAB_HVG_OUTLIER_EXCL	6	YX15211T	4	0.00123304562268804
STAB_HVG_OUTLIER_EXCL	6	YX15211T	5	0
STAB_HVG_OUTLIER_EXCL	6	YX15211T	6	0.727496917385943
STAB_HVG_OUTLIER_EXCL	6	YX15214T	1	0
STAB_HVG_OUTLIER_EXCL	6	YX15214T	2	0
STAB_HVG_OUTLIER_EXCL	6	YX15214T	3	0
STAB_HVG_OUTLIER_EXCL	6	YX15214T	4	0
STAB_HVG_OUTLIER_EXCL	6	YX15214T	5	0.99873257287706
STAB_HVG_OUTLIER_EXCL	6	YX15214T	6	0.00126742712294043
STAB_HVG_OUTLIER_EXCL	6	YX16009T	1	0
STAB_HVG_OUTLIER_EXCL	6	YX16009T	2	0.948427672955975
STAB_HVG_OUTLIER_EXCL	6	YX16009T	3	0.0515723270440252
STAB_HVG_OUTLIER_EXCL	6	YX16009T	4	0
STAB_HVG_OUTLIER_EXCL	6	YX16009T	5	0
STAB_HVG_OUTLIER_EXCL	6	YX16009T	6	0
STAB_HVG_OUTLIER_EXCL	6	YX16011T	1	0
STAB_HVG_OUTLIER_EXCL	6	YX16011T	2	0
STAB_HVG_OUTLIER_EXCL	6	YX16011T	3	0
STAB_HVG_OUTLIER_EXCL	6	YX16011T	4	0
STAB_HVG_OUTLIER_EXCL	6	YX16011T	5	0.998729351969504
STAB_HVG_OUTLIER_EXCL	6	YX16011T	6	0.00127064803049555
STAB_HVG_OUTLIER_EXCL	6	YX16068T	1	0
STAB_HVG_OUTLIER_EXCL	6	YX16068T	2	0
STAB_HVG_OUTLIER_EXCL	6	YX16068T	3	0
STAB_HVG_OUTLIER_EXCL	6	YX16068T	4	0
STAB_HVG_OUTLIER_EXCL	6	YX16068T	5	0.998745294855709
STAB_HVG_OUTLIER_EXCL	6	YX16068T	6	0.00125470514429109
STAB_HVG_OUTLIER_EXCL	6	YX16070T	1	0.01
STAB_HVG_OUTLIER_EXCL	6	YX16070T	2	0.00625
STAB_HVG_OUTLIER_EXCL	6	YX16070T	3	0.06875
STAB_HVG_OUTLIER_EXCL	6	YX16070T	4	0.005
STAB_HVG_OUTLIER_EXCL	6	YX16070T	5	0.01375
STAB_HVG_OUTLIER_EXCL	6	YX16070T	6	0.89625
STAB_HVG_OUTLIER_EXCL	6	YX16075T	1	0
STAB_HVG_OUTLIER_EXCL	6	YX16075T	2	0.940149625935162
STAB_HVG_OUTLIER_EXCL	6	YX16075T	3	0.0598503740648379
STAB_HVG_OUTLIER_EXCL	6	YX16075T	4	0
STAB_HVG_OUTLIER_EXCL	6	YX16075T	5	0
STAB_HVG_OUTLIER_EXCL	6	YX16075T	6	0
STAB_HVG_OUTLIER_EXCL	6	YX16079T	1	0.0012531328320802
STAB_HVG_OUTLIER_EXCL	6	YX16079T	2	0.0012531328320802
STAB_HVG_OUTLIER_EXCL	6	YX16079T	3	0.0037593984962406
STAB_HVG_OUTLIER_EXCL	6	YX16079T	4	0.0012531328320802
STAB_HVG_OUTLIER_EXCL	6	YX16079T	5	0.942355889724311
STAB_HVG_OUTLIER_EXCL	6	YX16079T	6	0.050125313283208
STAB_HVG_OUTLIER_EXCL	6	YX16087T	1	0
STAB_HVG_OUTLIER_EXCL	6	YX16087T	2	0
STAB_HVG_OUTLIER_EXCL	6	YX16087T	3	0
STAB_HVG_OUTLIER_EXCL	6	YX16087T	4	0
STAB_HVG_OUTLIER_EXCL	6	YX16087T	5	1
STAB_HVG_OUTLIER_EXCL	6	YX16087T	6	0
STAB_HVG_OUTLIER_EXCL	6	YX16094T	1	0.00377358490566038
STAB_HVG_OUTLIER_EXCL	6	YX16094T	2	0.00251572327044025
STAB_HVG_OUTLIER_EXCL	6	YX16094T	3	0.00754716981132075
STAB_HVG_OUTLIER_EXCL	6	YX16094T	4	0.00377358490566038
STAB_HVG_OUTLIER_EXCL	6	YX16094T	5	0.415094339622642
STAB_HVG_OUTLIER_EXCL	6	YX16094T	6	0.567295597484277
STAB_HVG_OUTLIER_EXCL	6	YX16172T	1	0.00254129606099111
STAB_HVG_OUTLIER_EXCL	6	YX16172T	2	0
STAB_HVG_OUTLIER_EXCL	6	YX16172T	3	0.0838627700127065
STAB_HVG_OUTLIER_EXCL	6	YX16172T	4	0.00508259212198221
STAB_HVG_OUTLIER_EXCL	6	YX16172T	5	0.00127064803049555
STAB_HVG_OUTLIER_EXCL	6	YX16172T	6	0.907242693773825
STAB_HVG_OUTLIER_EXCL	6	YX16295T	1	0
STAB_HVG_OUTLIER_EXCL	6	YX16295T	2	0
STAB_HVG_OUTLIER_EXCL	6	YX16295T	3	0
STAB_HVG_OUTLIER_EXCL	6	YX16295T	4	0
STAB_HVG_OUTLIER_EXCL	6	YX16295T	5	0.998777506112469
STAB_HVG_OUTLIER_EXCL	6	YX16295T	6	0.00122249388753056
STAB_HVG_OUTLIER_EXCL	6	YX16327T	1	0
STAB_HVG_OUTLIER_EXCL	6	YX16327T	2	0.00256410256410256
STAB_HVG_OUTLIER_EXCL	6	YX16327T	3	0.00256410256410256
STAB_HVG_OUTLIER_EXCL	6	YX16327T	4	0.00128205128205128
STAB_HVG_OUTLIER_EXCL	6	YX16327T	5	0.941025641025641
STAB_HVG_OUTLIER_EXCL	6	YX16327T	6	0.0525641025641026
STAB_HVG_OUTLIER_EXCL	6	YX16335T	1	0.993726474278545
STAB_HVG_OUTLIER_EXCL	6	YX16335T	2	0.00125470514429109
STAB_HVG_OUTLIER_EXCL	6	YX16335T	3	0
STAB_HVG_OUTLIER_EXCL	6	YX16335T	4	0
STAB_HVG_OUTLIER_EXCL	6	YX16335T	5	0
STAB_HVG_OUTLIER_EXCL	6	YX16335T	6	0.00501882057716437
STAB_HVG_OUTLIER_EXCL	6	YX16341T	1	0
STAB_HVG_OUTLIER_EXCL	6	YX16341T	2	0.00128040973111396
STAB_HVG_OUTLIER_EXCL	6	YX16341T	3	0
STAB_HVG_OUTLIER_EXCL	6	YX16341T	4	0.00128040973111396
STAB_HVG_OUTLIER_EXCL	6	YX16341T	5	0.982074263764405
STAB_HVG_OUTLIER_EXCL	6	YX16341T	6	0.0153649167733675
STAB_HVG_OUTLIER_EXCL	6	YX16343T	1	0.0012987012987013
STAB_HVG_OUTLIER_EXCL	6	YX16343T	2	0.0012987012987013
STAB_HVG_OUTLIER_EXCL	6	YX16343T	3	0
STAB_HVG_OUTLIER_EXCL	6	YX16343T	4	0.0012987012987013
STAB_HVG_OUTLIER_EXCL	6	YX16343T	5	0.907792207792208
STAB_HVG_OUTLIER_EXCL	6	YX16343T	6	0.0883116883116883
STAB_HVG_OUTLIER_EXCL	6	YX16347T	1	0.962871287128713
STAB_HVG_OUTLIER_EXCL	6	YX16347T	2	0.00495049504950495
STAB_HVG_OUTLIER_EXCL	6	YX16347T	3	0.021039603960396
STAB_HVG_OUTLIER_EXCL	6	YX16347T	4	0
STAB_HVG_OUTLIER_EXCL	6	YX16347T	5	0
STAB_HVG_OUTLIER_EXCL	6	YX16347T	6	0.0111386138613861
STAB_CSY_FEAT_RESAMP	2	YX15261T	1	1
STAB_CSY_FEAT_RESAMP	2	YX15261T	2	0
STAB_CSY_FEAT_RESAMP	2	YX15263T	1	1
STAB_CSY_FEAT_RESAMP	2	YX15263T	2	0
STAB_CSY_FEAT_RESAMP	2	YX15271T	1	0.993718592964824
STAB_CSY_FEAT_RESAMP	2	YX15271T	2	0.00628140703517588
STAB_CSY_FEAT_RESAMP	2	YX16036T	1	0.99236641221374
STAB_CSY_FEAT_RESAMP	2	YX16036T	2	0.00763358778625954
STAB_CSY_FEAT_RESAMP	2	YX16041T	1	1
STAB_CSY_FEAT_RESAMP	2	YX16041T	2	0
STAB_CSY_FEAT_RESAMP	2	YX16057T	1	1
STAB_CSY_FEAT_RESAMP	2	YX16057T	2	0
STAB_CSY_FEAT_RESAMP	2	YX16062T	1	1
STAB_CSY_FEAT_RESAMP	2	YX16062T	2	0
STAB_CSY_FEAT_RESAMP	2	YX16112T	1	1
STAB_CSY_FEAT_RESAMP	2	YX16112T	2	0
STAB_CSY_FEAT_RESAMP	2	YX16113T	1	0.994987468671679
STAB_CSY_FEAT_RESAMP	2	YX16113T	2	0.0050125313283208
STAB_CSY_FEAT_RESAMP	2	YX16119T	1	1
STAB_CSY_FEAT_RESAMP	2	YX16119T	2	0
STAB_CSY_FEAT_RESAMP	2	YX16120T	1	1
STAB_CSY_FEAT_RESAMP	2	YX16120T	2	0
STAB_CSY_FEAT_RESAMP	2	YX16127T	1	1
STAB_CSY_FEAT_RESAMP	2	YX16127T	2	0
STAB_CSY_FEAT_RESAMP	2	YX16128T	1	1
STAB_CSY_FEAT_RESAMP	2	YX16128T	2	0
STAB_CSY_FEAT_RESAMP	2	YX16130T	1	0.992462311557789
STAB_CSY_FEAT_RESAMP	2	YX16130T	2	0.00753768844221105
STAB_CSY_FEAT_RESAMP	2	YX16132T	1	0.997442455242967
STAB_CSY_FEAT_RESAMP	2	YX16132T	2	0.00255754475703325
STAB_CSY_FEAT_RESAMP	2	YX16135T	1	0.99125
STAB_CSY_FEAT_RESAMP	2	YX16135T	2	0.00875
STAB_CSY_FEAT_RESAMP	2	YX16139T	1	0.979539641943734
STAB_CSY_FEAT_RESAMP	2	YX16139T	2	0.020460358056266
STAB_CSY_FEAT_RESAMP	2	YX16141T	1	0.98870765370138
STAB_CSY_FEAT_RESAMP	2	YX16141T	2	0.0112923462986198
STAB_CSY_FEAT_RESAMP	2	YX16144T	1	0.901015228426396
STAB_CSY_FEAT_RESAMP	2	YX16144T	2	0.0989847715736041
STAB_CSY_FEAT_RESAMP	2	YX16147T	1	0.979407979407979
STAB_CSY_FEAT_RESAMP	2	YX16147T	2	0.0205920205920206
STAB_CSY_FEAT_RESAMP	2	YX16153T	1	1
STAB_CSY_FEAT_RESAMP	2	YX16153T	2	0
STAB_CSY_FEAT_RESAMP	2	YX16155T	1	0.997474747474748
STAB_CSY_FEAT_RESAMP	2	YX16155T	2	0.00252525252525253
STAB_CSY_FEAT_RESAMP	2	YX16158T	1	0.778195488721805
STAB_CSY_FEAT_RESAMP	2	YX16158T	2	0.221804511278195
STAB_CSY_FEAT_RESAMP	2	YX16159T	1	0.989937106918239
STAB_CSY_FEAT_RESAMP	2	YX16159T	2	0.010062893081761
STAB_CSY_FEAT_RESAMP	2	YX16160T	1	0.028894472361809
STAB_CSY_FEAT_RESAMP	2	YX16160T	2	0.971105527638191
STAB_CSY_FEAT_RESAMP	2	YX16161T	1	0.991128010139417
STAB_CSY_FEAT_RESAMP	2	YX16161T	2	0.00887198986058302
STAB_CSY_FEAT_RESAMP	2	YX16166T	1	1
STAB_CSY_FEAT_RESAMP	2	YX16166T	2	0
STAB_CSY_FEAT_RESAMP	2	YX16177T	1	1
STAB_CSY_FEAT_RESAMP	2	YX16177T	2	0
STAB_CSY_FEAT_RESAMP	2	YX16178T	1	1
STAB_CSY_FEAT_RESAMP	2	YX16178T	2	0
STAB_CSY_FEAT_RESAMP	2	YX16180T	1	0.988535031847134
STAB_CSY_FEAT_RESAMP	2	YX16180T	2	0.0114649681528662
STAB_CSY_FEAT_RESAMP	2	YX16185T	1	0.994871794871795
STAB_CSY_FEAT_RESAMP	2	YX16185T	2	0.00512820512820513
STAB_CSY_FEAT_RESAMP	2	YX16188T	1	0.538364779874214
STAB_CSY_FEAT_RESAMP	2	YX16188T	2	0.461635220125786
STAB_CSY_FEAT_RESAMP	2	YX16194T	1	0.990885416666667
STAB_CSY_FEAT_RESAMP	2	YX16194T	2	0.00911458333333333
STAB_CSY_FEAT_RESAMP	2	YX16202T	1	0.0275344180225282
STAB_CSY_FEAT_RESAMP	2	YX16202T	2	0.972465581977472
STAB_CSY_FEAT_RESAMP	2	YX16203T	1	0.99238578680203
STAB_CSY_FEAT_RESAMP	2	YX16203T	2	0.00761421319796954
STAB_CSY_FEAT_RESAMP	2	YX16207T	1	1
STAB_CSY_FEAT_RESAMP	2	YX16207T	2	0
STAB_CSY_FEAT_RESAMP	2	YX16218T	1	1
STAB_CSY_FEAT_RESAMP	2	YX16218T	2	0
STAB_CSY_FEAT_RESAMP	2	YX16222T	1	1
STAB_CSY_FEAT_RESAMP	2	YX16222T	2	0
STAB_CSY_FEAT_RESAMP	2	YX16224T	1	0.99874843554443
STAB_CSY_FEAT_RESAMP	2	YX16224T	2	0.00125156445556946
STAB_CSY_FEAT_RESAMP	2	YX16227T	1	1
STAB_CSY_FEAT_RESAMP	2	YX16227T	2	0
STAB_CSY_FEAT_RESAMP	2	YX16236T	1	1
STAB_CSY_FEAT_RESAMP	2	YX16236T	2	0
STAB_CSY_FEAT_RESAMP	2	YX15047T	1	0.0818639798488665
STAB_CSY_FEAT_RESAMP	2	YX15047T	2	0.918136020151133
STAB_CSY_FEAT_RESAMP	2	YX15106T	1	0
STAB_CSY_FEAT_RESAMP	2	YX15106T	2	1
STAB_CSY_FEAT_RESAMP	2	YX15166T	1	0
STAB_CSY_FEAT_RESAMP	2	YX15166T	2	1
STAB_CSY_FEAT_RESAMP	2	YX15187T	1	0
STAB_CSY_FEAT_RESAMP	2	YX15187T	2	1
STAB_CSY_FEAT_RESAMP	2	YX15211T	1	0.986267166042447
STAB_CSY_FEAT_RESAMP	2	YX15211T	2	0.0137328339575531
STAB_CSY_FEAT_RESAMP	2	YX15214T	1	0
STAB_CSY_FEAT_RESAMP	2	YX15214T	2	1
STAB_CSY_FEAT_RESAMP	2	YX16009T	1	0.886107634543179
STAB_CSY_FEAT_RESAMP	2	YX16009T	2	0.113892365456821
STAB_CSY_FEAT_RESAMP	2	YX16011T	1	0
STAB_CSY_FEAT_RESAMP	2	YX16011T	2	1
STAB_CSY_FEAT_RESAMP	2	YX16068T	1	0
STAB_CSY_FEAT_RESAMP	2	YX16068T	2	1
STAB_CSY_FEAT_RESAMP	2	YX16070T	1	0
STAB_CSY_FEAT_RESAMP	2	YX16070T	2	1
STAB_CSY_FEAT_RESAMP	2	YX16075T	1	0.991304347826087
STAB_CSY_FEAT_RESAMP	2	YX16075T	2	0.00869565217391304
STAB_CSY_FEAT_RESAMP	2	YX16079T	1	0
STAB_CSY_FEAT_RESAMP	2	YX16079T	2	1
STAB_CSY_FEAT_RESAMP	2	YX16087T	1	0
STAB_CSY_FEAT_RESAMP	2	YX16087T	2	1
STAB_CSY_FEAT_RESAMP	2	YX16094T	1	0
STAB_CSY_FEAT_RESAMP	2	YX16094T	2	1
STAB_CSY_FEAT_RESAMP	2	YX16172T	1	0.00390117035110533
STAB_CSY_FEAT_RESAMP	2	YX16172T	2	0.996098829648895
STAB_CSY_FEAT_RESAMP	2	YX16295T	1	0
STAB_CSY_FEAT_RESAMP	2	YX16295T	2	1
STAB_CSY_FEAT_RESAMP	2	YX16327T	1	0.0226415094339623
STAB_CSY_FEAT_RESAMP	2	YX16327T	2	0.977358490566038
STAB_CSY_FEAT_RESAMP	2	YX16335T	1	1
STAB_CSY_FEAT_RESAMP	2	YX16335T	2	0
STAB_CSY_FEAT_RESAMP	2	YX16341T	1	0
STAB_CSY_FEAT_RESAMP	2	YX16341T	2	1
STAB_CSY_FEAT_RESAMP	2	YX16343T	1	0.987389659520807
STAB_CSY_FEAT_RESAMP	2	YX16343T	2	0.0126103404791929
STAB_CSY_FEAT_RESAMP	2	YX16347T	1	0.966623876765083
STAB_CSY_FEAT_RESAMP	2	YX16347T	2	0.0333761232349166
STAB_CSY_FEAT_RESAMP	3	YX15261T	1	0.960609911054638
STAB_CSY_FEAT_RESAMP	3	YX15261T	2	0.0393900889453621
STAB_CSY_FEAT_RESAMP	3	YX15261T	3	0
STAB_CSY_FEAT_RESAMP	3	YX15263T	1	0.998762376237624
STAB_CSY_FEAT_RESAMP	3	YX15263T	2	0.00123762376237624
STAB_CSY_FEAT_RESAMP	3	YX15263T	3	0
STAB_CSY_FEAT_RESAMP	3	YX15271T	1	0.0251256281407035
STAB_CSY_FEAT_RESAMP	3	YX15271T	2	0.974874371859296
STAB_CSY_FEAT_RESAMP	3	YX15271T	3	0
STAB_CSY_FEAT_RESAMP	3	YX16036T	1	0.0419847328244275
STAB_CSY_FEAT_RESAMP	3	YX16036T	2	0.958015267175573
STAB_CSY_FEAT_RESAMP	3	YX16036T	3	0
STAB_CSY_FEAT_RESAMP	3	YX16041T	1	0.846540880503145
STAB_CSY_FEAT_RESAMP	3	YX16041T	2	0.153459119496855
STAB_CSY_FEAT_RESAMP	3	YX16041T	3	0
STAB_CSY_FEAT_RESAMP	3	YX16057T	1	0.608158220024722
STAB_CSY_FEAT_RESAMP	3	YX16057T	2	0.391841779975278
STAB_CSY_FEAT_RESAMP	3	YX16057T	3	0
STAB_CSY_FEAT_RESAMP	3	YX16062T	1	0.996021220159151
STAB_CSY_FEAT_RESAMP	3	YX16062T	2	0.00397877984084881
STAB_CSY_FEAT_RESAMP	3	YX16062T	3	0
STAB_CSY_FEAT_RESAMP	3	YX16112T	1	0.500611995104039
STAB_CSY_FEAT_RESAMP	3	YX16112T	2	0.499388004895961
STAB_CSY_FEAT_RESAMP	3	YX16112T	3	0
STAB_CSY_FEAT_RESAMP	3	YX16113T	1	0.259398496240602
STAB_CSY_FEAT_RESAMP	3	YX16113T	2	0.740601503759398
STAB_CSY_FEAT_RESAMP	3	YX16113T	3	0
STAB_CSY_FEAT_RESAMP	3	YX16119T	1	0.904516129032258
STAB_CSY_FEAT_RESAMP	3	YX16119T	2	0.0954838709677419
STAB_CSY_FEAT_RESAMP	3	YX16119T	3	0
STAB_CSY_FEAT_RESAMP	3	YX16120T	1	0.997471554993679
STAB_CSY_FEAT_RESAMP	3	YX16120T	2	0.00252844500632111
STAB_CSY_FEAT_RESAMP	3	YX16120T	3	0
STAB_CSY_FEAT_RESAMP	3	YX16127T	1	0.998738965952081
STAB_CSY_FEAT_RESAMP	3	YX16127T	2	0.00126103404791929
STAB_CSY_FEAT_RESAMP	3	YX16127T	3	0
STAB_CSY_FEAT_RESAMP	3	YX16128T	1	0.478260869565217
STAB_CSY_FEAT_RESAMP	3	YX16128T	2	0.521739130434783
STAB_CSY_FEAT_RESAMP	3	YX16128T	3	0
STAB_CSY_FEAT_RESAMP	3	YX16130T	1	0.0389447236180905
STAB_CSY_FEAT_RESAMP	3	YX16130T	2	0.959798994974874
STAB_CSY_FEAT_RESAMP	3	YX16130T	3	0.00125628140703518
STAB_CSY_FEAT_RESAMP	3	YX16132T	1	0.157289002557545
STAB_CSY_FEAT_RESAMP	3	YX16132T	2	0.842710997442455
STAB_CSY_FEAT_RESAMP	3	YX16132T	3	0
STAB_CSY_FEAT_RESAMP	3	YX16135T	1	0.02125
STAB_CSY_FEAT_RESAMP	3	YX16135T	2	0.97875
STAB_CSY_FEAT_RESAMP	3	YX16135T	3	0
STAB_CSY_FEAT_RESAMP	3	YX16139T	1	0.974424552429668
STAB_CSY_FEAT_RESAMP	3	YX16139T	2	0.00767263427109974
STAB_CSY_FEAT_RESAMP	3	YX16139T	3	0.0179028132992327
STAB_CSY_FEAT_RESAMP	3	YX16141T	1	0.0150564617314931
STAB_CSY_FEAT_RESAMP	3	YX16141T	2	0.984943538268507
STAB_CSY_FEAT_RESAMP	3	YX16141T	3	0
STAB_CSY_FEAT_RESAMP	3	YX16144T	1	0.0406091370558376
STAB_CSY_FEAT_RESAMP	3	YX16144T	2	0.875634517766497
STAB_CSY_FEAT_RESAMP	3	YX16144T	3	0.083756345177665
STAB_CSY_FEAT_RESAMP	3	YX16147T	1	0.239382239382239
STAB_CSY_FEAT_RESAMP	3	YX16147T	2	0.745173745173745
STAB_CSY_FEAT_RESAMP	3	YX16147T	3	0.0154440154440154
STAB_CSY_FEAT_RESAMP	3	YX16153T	1	0.976600985221675
STAB_CSY_FEAT_RESAMP	3	YX16153T	2	0.0233990147783251
STAB_CSY_FEAT_RESAMP	3	YX16153T	3	0
STAB_CSY_FEAT_RESAMP	3	YX16155T	1	0.323232323232323
STAB_CSY_FEAT_RESAMP	3	YX16155T	2	0.676767676767677
STAB_CSY_FEAT_RESAMP	3	YX16155T	3	0
STAB_CSY_FEAT_RESAMP	3	YX16158T	1	0.0150375939849624
STAB_CSY_FEAT_RESAMP	3	YX16158T	2	0.780701754385965
STAB_CSY_FEAT_RESAMP	3	YX16158T	3	0.204260651629073
STAB_CSY_FEAT_RESAMP	3	YX16159T	1	0.010062893081761
STAB_CSY_FEAT_RESAMP	3	YX16159T	2	0.989937106918239
STAB_CSY_FEAT_RESAMP	3	YX16159T	3	0
STAB_CSY_FEAT_RESAMP	3	YX16160T	1	0.00879396984924623
STAB_CSY_FEAT_RESAMP	3	YX16160T	2	0.0226130653266332
STAB_CSY_FEAT_RESAMP	3	YX16160T	3	0.968592964824121
STAB_CSY_FEAT_RESAMP	3	YX16161T	1	0.0164765525982256
STAB_CSY_FEAT_RESAMP	3	YX16161T	2	0.983523447401774
STAB_CSY_FEAT_RESAMP	3	YX16161T	3	0
STAB_CSY_FEAT_RESAMP	3	YX16166T	1	0.997509339975093
STAB_CSY_FEAT_RESAMP	3	YX16166T	2	0.0024906600249066
STAB_CSY_FEAT_RESAMP	3	YX16166T	3	0
STAB_CSY_FEAT_RESAMP	3	YX16177T	1	0.99618320610687
STAB_CSY_FEAT_RESAMP	3	YX16177T	2	0.00381679389312977
STAB_CSY_FEAT_RESAMP	3	YX16177T	3	0
STAB_CSY_FEAT_RESAMP	3	YX16178T	1	0.997435897435897
STAB_CSY_FEAT_RESAMP	3	YX16178T	2	0.00256410256410256
STAB_CSY_FEAT_RESAMP	3	YX16178T	3	0
STAB_CSY_FEAT_RESAMP	3	YX16180T	1	0.0229299363057325
STAB_CSY_FEAT_RESAMP	3	YX16180T	2	0.977070063694268
STAB_CSY_FEAT_RESAMP	3	YX16180T	3	0
STAB_CSY_FEAT_RESAMP	3	YX16185T	1	0.98974358974359
STAB_CSY_FEAT_RESAMP	3	YX16185T	2	0.00641025641025641
STAB_CSY_FEAT_RESAMP	3	YX16185T	3	0.00384615384615385
STAB_CSY_FEAT_RESAMP	3	YX16188T	1	0.00880503144654088
STAB_CSY_FEAT_RESAMP	3	YX16188T	2	0.543396226415094
STAB_CSY_FEAT_RESAMP	3	YX16188T	3	0.447798742138365
STAB_CSY_FEAT_RESAMP	3	YX16194T	1	0.0182291666666667
STAB_CSY_FEAT_RESAMP	3	YX16194T	2	0.98046875
STAB_CSY_FEAT_RESAMP	3	YX16194T	3	0.00130208333333333
STAB_CSY_FEAT_RESAMP	3	YX16202T	1	0
STAB_CSY_FEAT_RESAMP	3	YX16202T	2	0.0312891113892365
STAB_CSY_FEAT_RESAMP	3	YX16202T	3	0.968710888610763
STAB_CSY_FEAT_RESAMP	3	YX16203T	1	0.0532994923857868
STAB_CSY_FEAT_RESAMP	3	YX16203T	2	0.946700507614213
STAB_CSY_FEAT_RESAMP	3	YX16203T	3	0
STAB_CSY_FEAT_RESAMP	3	YX16207T	1	0.0267175572519084
STAB_CSY_FEAT_RESAMP	3	YX16207T	2	0.973282442748092
STAB_CSY_FEAT_RESAMP	3	YX16207T	3	0
STAB_CSY_FEAT_RESAMP	3	YX16218T	1	0.459143968871595
STAB_CSY_FEAT_RESAMP	3	YX16218T	2	0.540856031128405
STAB_CSY_FEAT_RESAMP	3	YX16218T	3	0
STAB_CSY_FEAT_RESAMP	3	YX16222T	1	0.8727959697733
STAB_CSY_FEAT_RESAMP	3	YX16222T	2	0.1272040302267
STAB_CSY_FEAT_RESAMP	3	YX16222T	3	0
STAB_CSY_FEAT_RESAMP	3	YX16224T	1	0.369211514392991
STAB_CSY_FEAT_RESAMP	3	YX16224T	2	0.630788485607009
STAB_CSY_FEAT_RESAMP	3	YX16224T	3	0
STAB_CSY_FEAT_RESAMP	3	YX16227T	1	0.886934673366834
STAB_CSY_FEAT_RESAMP	3	YX16227T	2	0.113065326633166
STAB_CSY_FEAT_RESAMP	3	YX16227T	3	0
STAB_CSY_FEAT_RESAMP	3	YX16236T	1	0.890274314214464
STAB_CSY_FEAT_RESAMP	3	YX16236T	2	0.109725685785536
STAB_CSY_FEAT_RESAMP	3	YX16236T	3	0
STAB_CSY_FEAT_RESAMP	3	YX15047T	1	0
STAB_CSY_FEAT_RESAMP	3	YX15047T	2	0.0856423173803526
STAB_CSY_FEAT_RESAMP	3	YX15047T	3	0.914357682619647
STAB_CSY_FEAT_RESAMP	3	YX15106T	1	0
STAB_CSY_FEAT_RESAMP	3	YX15106T	2	0
STAB_CSY_FEAT_RESAMP	3	YX15106T	3	1
STAB_CSY_FEAT_RESAMP	3	YX15166T	1	0
STAB_CSY_FEAT_RESAMP	3	YX15166T	2	0
STAB_CSY_FEAT_RESAMP	3	YX15166T	3	1
STAB_CSY_FEAT_RESAMP	3	YX15187T	1	0
STAB_CSY_FEAT_RESAMP	3	YX15187T	2	0
STAB_CSY_FEAT_RESAMP	3	YX15187T	3	1
STAB_CSY_FEAT_RESAMP	3	YX15211T	1	0.0187265917602996
STAB_CSY_FEAT_RESAMP	3	YX15211T	2	0.978776529338327
STAB_CSY_FEAT_RESAMP	3	YX15211T	3	0.00249687890137328
STAB_CSY_FEAT_RESAMP	3	YX15214T	1	0
STAB_CSY_FEAT_RESAMP	3	YX15214T	2	0
STAB_CSY_FEAT_RESAMP	3	YX15214T	3	1
STAB_CSY_FEAT_RESAMP	3	YX16009T	1	0.0100125156445557
STAB_CSY_FEAT_RESAMP	3	YX16009T	2	0.888610763454318
STAB_CSY_FEAT_RESAMP	3	YX16009T	3	0.101376720901126
STAB_CSY_FEAT_RESAMP	3	YX16011T	1	0
STAB_CSY_FEAT_RESAMP	3	YX16011T	2	0
STAB_CSY_FEAT_RESAMP	3	YX16011T	3	1
STAB_CSY_FEAT_RESAMP	3	YX16068T	1	0
STAB_CSY_FEAT_RESAMP	3	YX16068T	2	0
STAB_CSY_FEAT_RESAMP	3	YX16068T	3	1
STAB_CSY_FEAT_RESAMP	3	YX16070T	1	0
STAB_CSY_FEAT_RESAMP	3	YX16070T	2	0
STAB_CSY_FEAT_RESAMP	3	YX16070T	3	1
STAB_CSY_FEAT_RESAMP	3	YX16075T	1	0.0298136645962733
STAB_CSY_FEAT_RESAMP	3	YX16075T	2	0.970186335403727
STAB_CSY_FEAT_RESAMP	3	YX16075T	3	0
STAB_CSY_FEAT_RESAMP	3	YX16079T	1	0
STAB_CSY_FEAT_RESAMP	3	YX16079T	2	0
STAB_CSY_FEAT_RESAMP	3	YX16079T	3	1
STAB_CSY_FEAT_RESAMP	3	YX16087T	1	0
STAB_CSY_FEAT_RESAMP	3	YX16087T	2	0
STAB_CSY_FEAT_RESAMP	3	YX16087T	3	1
STAB_CSY_FEAT_RESAMP	3	YX16094T	1	0
STAB_CSY_FEAT_RESAMP	3	YX16094T	2	0
STAB_CSY_FEAT_RESAMP	3	YX16094T	3	1
STAB_CSY_FEAT_RESAMP	3	YX16172T	1	0
STAB_CSY_FEAT_RESAMP	3	YX16172T	2	0.00390117035110533
STAB_CSY_FEAT_RESAMP	3	YX16172T	3	0.996098829648895
STAB_CSY_FEAT_RESAMP	3	YX16295T	1	0
STAB_CSY_FEAT_RESAMP	3	YX16295T	2	0
STAB_CSY_FEAT_RESAMP	3	YX16295T	3	1
STAB_CSY_FEAT_RESAMP	3	YX16327T	1	0.020125786163522
STAB_CSY_FEAT_RESAMP	3	YX16327T	2	0.0050314465408805
STAB_CSY_FEAT_RESAMP	3	YX16327T	3	0.974842767295597
STAB_CSY_FEAT_RESAMP	3	YX16335T	1	0.997405966277562
STAB_CSY_FEAT_RESAMP	3	YX16335T	2	0.00259403372243839
STAB_CSY_FEAT_RESAMP	3	YX16335T	3	0
STAB_CSY_FEAT_RESAMP	3	YX16341T	1	0
STAB_CSY_FEAT_RESAMP	3	YX16341T	2	0
STAB_CSY_FEAT_RESAMP	3	YX16341T	3	1
STAB_CSY_FEAT_RESAMP	3	YX16343T	1	0.0453972257250946
STAB_CSY_FEAT_RESAMP	3	YX16343T	2	0.952080706179067
STAB_CSY_FEAT_RESAMP	3	YX16343T	3	0.00252206809583859
STAB_CSY_FEAT_RESAMP	3	YX16347T	1	0.906290115532734
STAB_CSY_FEAT_RESAMP	3	YX16347T	2	0.061617458279846
STAB_CSY_FEAT_RESAMP	3	YX16347T	3	0.0320924261874198
STAB_CSY_FEAT_RESAMP	4	YX15261T	1	0.927573062261754
STAB_CSY_FEAT_RESAMP	4	YX15261T	2	0.0165184243964422
STAB_CSY_FEAT_RESAMP	4	YX15261T	3	0.0559085133418043
STAB_CSY_FEAT_RESAMP	4	YX15261T	4	0
STAB_CSY_FEAT_RESAMP	4	YX15263T	1	0.997524752475248
STAB_CSY_FEAT_RESAMP	4	YX15263T	2	0
STAB_CSY_FEAT_RESAMP	4	YX15263T	3	0.00247524752475248
STAB_CSY_FEAT_RESAMP	4	YX15263T	4	0
STAB_CSY_FEAT_RESAMP	4	YX15271T	1	0.00125628140703518
STAB_CSY_FEAT_RESAMP	4	YX15271T	2	0.976130653266332
STAB_CSY_FEAT_RESAMP	4	YX15271T	3	0.0226130653266332
STAB_CSY_FEAT_RESAMP	4	YX15271T	4	0
STAB_CSY_FEAT_RESAMP	4	YX16036T	1	0.0203562340966921
STAB_CSY_FEAT_RESAMP	4	YX16036T	2	0.89440203562341
STAB_CSY_FEAT_RESAMP	4	YX16036T	3	0.0852417302798982
STAB_CSY_FEAT_RESAMP	4	YX16036T	4	0
STAB_CSY_FEAT_RESAMP	4	YX16041T	1	0.816352201257862
STAB_CSY_FEAT_RESAMP	4	YX16041T	2	0.116981132075472
STAB_CSY_FEAT_RESAMP	4	YX16041T	3	0.0666666666666667
STAB_CSY_FEAT_RESAMP	4	YX16041T	4	0
STAB_CSY_FEAT_RESAMP	4	YX16057T	1	0.542645241038319
STAB_CSY_FEAT_RESAMP	4	YX16057T	2	0.330037082818294
STAB_CSY_FEAT_RESAMP	4	YX16057T	3	0.127317676143387
STAB_CSY_FEAT_RESAMP	4	YX16057T	4	0
STAB_CSY_FEAT_RESAMP	4	YX16062T	1	0.997347480106101
STAB_CSY_FEAT_RESAMP	4	YX16062T	2	0.0013262599469496
STAB_CSY_FEAT_RESAMP	4	YX16062T	3	0.0013262599469496
STAB_CSY_FEAT_RESAMP	4	YX16062T	4	0
STAB_CSY_FEAT_RESAMP	4	YX16112T	1	0.424724602203182
STAB_CSY_FEAT_RESAMP	4	YX16112T	2	0.386780905752754
STAB_CSY_FEAT_RESAMP	4	YX16112T	3	0.188494492044064
STAB_CSY_FEAT_RESAMP	4	YX16112T	4	0
STAB_CSY_FEAT_RESAMP	4	YX16113T	1	0.203007518796992
STAB_CSY_FEAT_RESAMP	4	YX16113T	2	0.632832080200501
STAB_CSY_FEAT_RESAMP	4	YX16113T	3	0.164160401002506
STAB_CSY_FEAT_RESAMP	4	YX16113T	4	0
STAB_CSY_FEAT_RESAMP	4	YX16119T	1	0.870967741935484
STAB_CSY_FEAT_RESAMP	4	YX16119T	2	0.0658064516129032
STAB_CSY_FEAT_RESAMP	4	YX16119T	3	0.0632258064516129
STAB_CSY_FEAT_RESAMP	4	YX16119T	4	0
STAB_CSY_FEAT_RESAMP	4	YX16120T	1	0.998735777496839
STAB_CSY_FEAT_RESAMP	4	YX16120T	2	0
STAB_CSY_FEAT_RESAMP	4	YX16120T	3	0.00126422250316056
STAB_CSY_FEAT_RESAMP	4	YX16120T	4	0
STAB_CSY_FEAT_RESAMP	4	YX16127T	1	0.993694829760404
STAB_CSY_FEAT_RESAMP	4	YX16127T	2	0
STAB_CSY_FEAT_RESAMP	4	YX16127T	3	0.00630517023959647
STAB_CSY_FEAT_RESAMP	4	YX16127T	4	0
STAB_CSY_FEAT_RESAMP	4	YX16128T	1	0.398976982097187
STAB_CSY_FEAT_RESAMP	4	YX16128T	2	0.411764705882353
STAB_CSY_FEAT_RESAMP	4	YX16128T	3	0.18925831202046
STAB_CSY_FEAT_RESAMP	4	YX16128T	4	0
STAB_CSY_FEAT_RESAMP	4	YX16130T	1	0.00753768844221105
STAB_CSY_FEAT_RESAMP	4	YX16130T	2	0.85678391959799
STAB_CSY_FEAT_RESAMP	4	YX16130T	3	0.135678391959799
STAB_CSY_FEAT_RESAMP	4	YX16130T	4	0
STAB_CSY_FEAT_RESAMP	4	YX16132T	1	0.134271099744246
STAB_CSY_FEAT_RESAMP	4	YX16132T	2	0.728900255754476
STAB_CSY_FEAT_RESAMP	4	YX16132T	3	0.136828644501279
STAB_CSY_FEAT_RESAMP	4	YX16132T	4	0
STAB_CSY_FEAT_RESAMP	4	YX16135T	1	0
STAB_CSY_FEAT_RESAMP	4	YX16135T	2	0.97
STAB_CSY_FEAT_RESAMP	4	YX16135T	3	0.03
STAB_CSY_FEAT_RESAMP	4	YX16135T	4	0
STAB_CSY_FEAT_RESAMP	4	YX16139T	1	0.960358056265985
STAB_CSY_FEAT_RESAMP	4	YX16139T	2	0
STAB_CSY_FEAT_RESAMP	4	YX16139T	3	0.0345268542199488
STAB_CSY_FEAT_RESAMP	4	YX16139T	4	0.0051150895140665
STAB_CSY_FEAT_RESAMP	4	YX16141T	1	0.00125470514429109
STAB_CSY_FEAT_RESAMP	4	YX16141T	2	0.890840652446675
STAB_CSY_FEAT_RESAMP	4	YX16141T	3	0.107904642409034
STAB_CSY_FEAT_RESAMP	4	YX16141T	4	0
STAB_CSY_FEAT_RESAMP	4	YX16144T	1	0.0152284263959391
STAB_CSY_FEAT_RESAMP	4	YX16144T	2	0.560913705583756
STAB_CSY_FEAT_RESAMP	4	YX16144T	3	0.404822335025381
STAB_CSY_FEAT_RESAMP	4	YX16144T	4	0.0190355329949239
STAB_CSY_FEAT_RESAMP	4	YX16147T	1	0.172458172458172
STAB_CSY_FEAT_RESAMP	4	YX16147T	2	0.476190476190476
STAB_CSY_FEAT_RESAMP	4	YX16147T	3	0.351351351351351
STAB_CSY_FEAT_RESAMP	4	YX16147T	4	0
STAB_CSY_FEAT_RESAMP	4	YX16153T	1	0.969211822660099
STAB_CSY_FEAT_RESAMP	4	YX16153T	2	0.0147783251231527
STAB_CSY_FEAT_RESAMP	4	YX16153T	3	0.0160098522167488
STAB_CSY_FEAT_RESAMP	4	YX16153T	4	0
STAB_CSY_FEAT_RESAMP	4	YX16155T	1	0.261363636363636
STAB_CSY_FEAT_RESAMP	4	YX16155T	2	0.55050505050505
STAB_CSY_FEAT_RESAMP	4	YX16155T	3	0.188131313131313
STAB_CSY_FEAT_RESAMP	4	YX16155T	4	0
STAB_CSY_FEAT_RESAMP	4	YX16158T	1	0
STAB_CSY_FEAT_RESAMP	4	YX16158T	2	0.459899749373434
STAB_CSY_FEAT_RESAMP	4	YX16158T	3	0.43483709273183
STAB_CSY_FEAT_RESAMP	4	YX16158T	4	0.105263157894737
STAB_CSY_FEAT_RESAMP	4	YX16159T	1	0
STAB_CSY_FEAT_RESAMP	4	YX16159T	2	0.972327044025157
STAB_CSY_FEAT_RESAMP	4	YX16159T	3	0.0276729559748428
STAB_CSY_FEAT_RESAMP	4	YX16159T	4	0
STAB_CSY_FEAT_RESAMP	4	YX16160T	1	0.00125628140703518
STAB_CSY_FEAT_RESAMP	4	YX16160T	2	0.0050251256281407
STAB_CSY_FEAT_RESAMP	4	YX16160T	3	0.0753768844221105
STAB_CSY_FEAT_RESAMP	4	YX16160T	4	0.918341708542714
STAB_CSY_FEAT_RESAMP	4	YX16161T	1	0
STAB_CSY_FEAT_RESAMP	4	YX16161T	2	0.982256020278834
STAB_CSY_FEAT_RESAMP	4	YX16161T	3	0.017743979721166
STAB_CSY_FEAT_RESAMP	4	YX16161T	4	0
STAB_CSY_FEAT_RESAMP	4	YX16166T	1	0.991282689912827
STAB_CSY_FEAT_RESAMP	4	YX16166T	2	0
STAB_CSY_FEAT_RESAMP	4	YX16166T	3	0.0087173100871731
STAB_CSY_FEAT_RESAMP	4	YX16166T	4	0
STAB_CSY_FEAT_RESAMP	4	YX16177T	1	0.99236641221374
STAB_CSY_FEAT_RESAMP	4	YX16177T	2	0.00127226463104326
STAB_CSY_FEAT_RESAMP	4	YX16177T	3	0.00636132315521628
STAB_CSY_FEAT_RESAMP	4	YX16177T	4	0
STAB_CSY_FEAT_RESAMP	4	YX16178T	1	0.985897435897436
STAB_CSY_FEAT_RESAMP	4	YX16178T	2	0.00128205128205128
STAB_CSY_FEAT_RESAMP	4	YX16178T	3	0.0128205128205128
STAB_CSY_FEAT_RESAMP	4	YX16178T	4	0
STAB_CSY_FEAT_RESAMP	4	YX16180T	1	0.00636942675159236
STAB_CSY_FEAT_RESAMP	4	YX16180T	2	0.963057324840764
STAB_CSY_FEAT_RESAMP	4	YX16180T	3	0.0305732484076433
STAB_CSY_FEAT_RESAMP	4	YX16180T	4	0
STAB_CSY_FEAT_RESAMP	4	YX16185T	1	0.847435897435897
STAB_CSY_FEAT_RESAMP	4	YX16185T	2	0.00128205128205128
STAB_CSY_FEAT_RESAMP	4	YX16185T	3	0.151282051282051
STAB_CSY_FEAT_RESAMP	4	YX16185T	4	0
STAB_CSY_FEAT_RESAMP	4	YX16188T	1	0
STAB_CSY_FEAT_RESAMP	4	YX16188T	2	0.29559748427673
STAB_CSY_FEAT_RESAMP	4	YX16188T	3	0.362264150943396
STAB_CSY_FEAT_RESAMP	4	YX16188T	4	0.342138364779874
STAB_CSY_FEAT_RESAMP	4	YX16194T	1	0
STAB_CSY_FEAT_RESAMP	4	YX16194T	2	0.94140625
STAB_CSY_FEAT_RESAMP	4	YX16194T	3	0.05859375
STAB_CSY_FEAT_RESAMP	4	YX16194T	4	0
STAB_CSY_FEAT_RESAMP	4	YX16202T	1	0
STAB_CSY_FEAT_RESAMP	4	YX16202T	2	0.0112640801001252
STAB_CSY_FEAT_RESAMP	4	YX16202T	3	0.065081351689612
STAB_CSY_FEAT_RESAMP	4	YX16202T	4	0.923654568210263
STAB_CSY_FEAT_RESAMP	4	YX16203T	1	0.0253807106598985
STAB_CSY_FEAT_RESAMP	4	YX16203T	2	0.91243654822335
STAB_CSY_FEAT_RESAMP	4	YX16203T	3	0.0621827411167513
STAB_CSY_FEAT_RESAMP	4	YX16203T	4	0
STAB_CSY_FEAT_RESAMP	4	YX16207T	1	0.00381679389312977
STAB_CSY_FEAT_RESAMP	4	YX16207T	2	0.964376590330789
STAB_CSY_FEAT_RESAMP	4	YX16207T	3	0.0318066157760814
STAB_CSY_FEAT_RESAMP	4	YX16207T	4	0
STAB_CSY_FEAT_RESAMP	4	YX16218T	1	0.43579766536965
STAB_CSY_FEAT_RESAMP	4	YX16218T	2	0.523994811932555
STAB_CSY_FEAT_RESAMP	4	YX16218T	3	0.0402075226977951
STAB_CSY_FEAT_RESAMP	4	YX16218T	4	0
STAB_CSY_FEAT_RESAMP	4	YX16222T	1	0.845088161209068
STAB_CSY_FEAT_RESAMP	4	YX16222T	2	0.0957178841309824
STAB_CSY_FEAT_RESAMP	4	YX16222T	3	0.0591939546599496
STAB_CSY_FEAT_RESAMP	4	YX16222T	4	0
STAB_CSY_FEAT_RESAMP	4	YX16224T	1	0.304130162703379
STAB_CSY_FEAT_RESAMP	4	YX16224T	2	0.583229036295369
STAB_CSY_FEAT_RESAMP	4	YX16224T	3	0.112640801001252
STAB_CSY_FEAT_RESAMP	4	YX16224T	4	0
STAB_CSY_FEAT_RESAMP	4	YX16227T	1	0.868090452261307
STAB_CSY_FEAT_RESAMP	4	YX16227T	2	0.0829145728643216
STAB_CSY_FEAT_RESAMP	4	YX16227T	3	0.0489949748743719
STAB_CSY_FEAT_RESAMP	4	YX16227T	4	0
STAB_CSY_FEAT_RESAMP	4	YX16236T	1	0.856608478802993
STAB_CSY_FEAT_RESAMP	4	YX16236T	2	0.0735660847880299
STAB_CSY_FEAT_RESAMP	4	YX16236T	3	0.0698254364089776
STAB_CSY_FEAT_RESAMP	4	YX16236T	4	0
STAB_CSY_FEAT_RESAMP	4	YX15047T	1	0
STAB_CSY_FEAT_RESAMP	4	YX15047T	2	0.026448362720403
STAB_CSY_FEAT_RESAMP	4	YX15047T	3	0.114609571788413
STAB_CSY_FEAT_RESAMP	4	YX15047T	4	0.858942065491184
STAB_CSY_FEAT_RESAMP	4	YX15106T	1	0
STAB_CSY_FEAT_RESAMP	4	YX15106T	2	0
STAB_CSY_FEAT_RESAMP	4	YX15106T	3	0
STAB_CSY_FEAT_RESAMP	4	YX15106T	4	1
STAB_CSY_FEAT_RESAMP	4	YX15166T	1	0
STAB_CSY_FEAT_RESAMP	4	YX15166T	2	0
STAB_CSY_FEAT_RESAMP	4	YX15166T	3	0
STAB_CSY_FEAT_RESAMP	4	YX15166T	4	1
STAB_CSY_FEAT_RESAMP	4	YX15187T	1	0
STAB_CSY_FEAT_RESAMP	4	YX15187T	2	0
STAB_CSY_FEAT_RESAMP	4	YX15187T	3	0
STAB_CSY_FEAT_RESAMP	4	YX15187T	4	1
STAB_CSY_FEAT_RESAMP	4	YX15211T	1	0.00249687890137328
STAB_CSY_FEAT_RESAMP	4	YX15211T	2	0.901373283395755
STAB_CSY_FEAT_RESAMP	4	YX15211T	3	0.0948813982521848
STAB_CSY_FEAT_RESAMP	4	YX15211T	4	0.00124843945068664
STAB_CSY_FEAT_RESAMP	4	YX15214T	1	0
STAB_CSY_FEAT_RESAMP	4	YX15214T	2	0
STAB_CSY_FEAT_RESAMP	4	YX15214T	3	0
STAB_CSY_FEAT_RESAMP	4	YX15214T	4	1
STAB_CSY_FEAT_RESAMP	4	YX16009T	1	0
STAB_CSY_FEAT_RESAMP	4	YX16009T	2	0.69837296620776
STAB_CSY_FEAT_RESAMP	4	YX16009T	3	0.240300375469337
STAB_CSY_FEAT_RESAMP	4	YX16009T	4	0.0613266583229036
STAB_CSY_FEAT_RESAMP	4	YX16011T	1	0
STAB_CSY_FEAT_RESAMP	4	YX16011T	2	0
STAB_CSY_FEAT_RESAMP	4	YX16011T	3	0
STAB_CSY_FEAT_RESAMP	4	YX16011T	4	1
STAB_CSY_FEAT_RESAMP	4	YX16068T	1	0
STAB_CSY_FEAT_RESAMP	4	YX16068T	2	0
STAB_CSY_FEAT_RESAMP	4	YX16068T	3	0
STAB_CSY_FEAT_RESAMP	4	YX16068T	4	1
STAB_CSY_FEAT_RESAMP	4	YX16070T	1	0
STAB_CSY_FEAT_RESAMP	4	YX16070T	2	0
STAB_CSY_FEAT_RESAMP	4	YX16070T	3	0
STAB_CSY_FEAT_RESAMP	4	YX16070T	4	1
STAB_CSY_FEAT_RESAMP	4	YX16075T	1	0.0062111801242236
STAB_CSY_FEAT_RESAMP	4	YX16075T	2	0.924223602484472
STAB_CSY_FEAT_RESAMP	4	YX16075T	3	0.0695652173913043
STAB_CSY_FEAT_RESAMP	4	YX16075T	4	0
STAB_CSY_FEAT_RESAMP	4	YX16079T	1	0
STAB_CSY_FEAT_RESAMP	4	YX16079T	2	0
STAB_CSY_FEAT_RESAMP	4	YX16079T	3	0
STAB_CSY_FEAT_RESAMP	4	YX16079T	4	1
STAB_CSY_FEAT_RESAMP	4	YX16087T	1	0
STAB_CSY_FEAT_RESAMP	4	YX16087T	2	0
STAB_CSY_FEAT_RESAMP	4	YX16087T	3	0
STAB_CSY_FEAT_RESAMP	4	YX16087T	4	1
STAB_CSY_FEAT_RESAMP	4	YX16094T	1	0
STAB_CSY_FEAT_RESAMP	4	YX16094T	2	0
STAB_CSY_FEAT_RESAMP	4	YX16094T	3	0
STAB_CSY_FEAT_RESAMP	4	YX16094T	4	1
STAB_CSY_FEAT_RESAMP	4	YX16172T	1	0
STAB_CSY_FEAT_RESAMP	4	YX16172T	2	0.00260078023407022
STAB_CSY_FEAT_RESAMP	4	YX16172T	3	0.00260078023407022
STAB_CSY_FEAT_RESAMP	4	YX16172T	4	0.99479843953186
STAB_CSY_FEAT_RESAMP	4	YX16295T	1	0
STAB_CSY_FEAT_RESAMP	4	YX16295T	2	0
STAB_CSY_FEAT_RESAMP	4	YX16295T	3	0
STAB_CSY_FEAT_RESAMP	4	YX16295T	4	1
STAB_CSY_FEAT_RESAMP	4	YX16327T	1	0.00754716981132075
STAB_CSY_FEAT_RESAMP	4	YX16327T	2	0
STAB_CSY_FEAT_RESAMP	4	YX16327T	3	0.0289308176100629
STAB_CSY_FEAT_RESAMP	4	YX16327T	4	0.963522012578616
STAB_CSY_FEAT_RESAMP	4	YX16335T	1	0.996108949416342
STAB_CSY_FEAT_RESAMP	4	YX16335T	2	0
STAB_CSY_FEAT_RESAMP	4	YX16335T	3	0.00389105058365759
STAB_CSY_FEAT_RESAMP	4	YX16335T	4	0
STAB_CSY_FEAT_RESAMP	4	YX16341T	1	0
STAB_CSY_FEAT_RESAMP	4	YX16341T	2	0
STAB_CSY_FEAT_RESAMP	4	YX16341T	3	0
STAB_CSY_FEAT_RESAMP	4	YX16341T	4	1
STAB_CSY_FEAT_RESAMP	4	YX16343T	1	0.00630517023959647
STAB_CSY_FEAT_RESAMP	4	YX16343T	2	0.818411097099622
STAB_CSY_FEAT_RESAMP	4	YX16343T	3	0.174022698612863
STAB_CSY_FEAT_RESAMP	4	YX16343T	4	0.00126103404791929
STAB_CSY_FEAT_RESAMP	4	YX16347T	1	0.690629011553273
STAB_CSY_FEAT_RESAMP	4	YX16347T	2	0.0205391527599487
STAB_CSY_FEAT_RESAMP	4	YX16347T	3	0.278562259306804
STAB_CSY_FEAT_RESAMP	4	YX16347T	4	0.0102695763799743
STAB_CSY_FEAT_RESAMP	5	YX15261T	1	0.898348157560356
STAB_CSY_FEAT_RESAMP	5	YX15261T	2	0.0381194409148666
STAB_CSY_FEAT_RESAMP	5	YX15261T	3	0.0355781448538755
STAB_CSY_FEAT_RESAMP	5	YX15261T	4	0.0279542566709022
STAB_CSY_FEAT_RESAMP	5	YX15261T	5	0
STAB_CSY_FEAT_RESAMP	5	YX15263T	1	0.995049504950495
STAB_CSY_FEAT_RESAMP	5	YX15263T	2	0
STAB_CSY_FEAT_RESAMP	5	YX15263T	3	0.00247524752475248
STAB_CSY_FEAT_RESAMP	5	YX15263T	4	0.00247524752475248
STAB_CSY_FEAT_RESAMP	5	YX15263T	5	0
STAB_CSY_FEAT_RESAMP	5	YX15271T	1	0
STAB_CSY_FEAT_RESAMP	5	YX15271T	2	0.905778894472362
STAB_CSY_FEAT_RESAMP	5	YX15271T	3	0.0125628140703518
STAB_CSY_FEAT_RESAMP	5	YX15271T	4	0.0816582914572864
STAB_CSY_FEAT_RESAMP	5	YX15271T	5	0
STAB_CSY_FEAT_RESAMP	5	YX16036T	1	0.0152671755725191
STAB_CSY_FEAT_RESAMP	5	YX16036T	2	0.870229007633588
STAB_CSY_FEAT_RESAMP	5	YX16036T	3	0.0356234096692112
STAB_CSY_FEAT_RESAMP	5	YX16036T	4	0.0788804071246819
STAB_CSY_FEAT_RESAMP	5	YX16036T	5	0
STAB_CSY_FEAT_RESAMP	5	YX16041T	1	0.772327044025157
STAB_CSY_FEAT_RESAMP	5	YX16041T	2	0.108176100628931
STAB_CSY_FEAT_RESAMP	5	YX16041T	3	0.0729559748427673
STAB_CSY_FEAT_RESAMP	5	YX16041T	4	0.0465408805031447
STAB_CSY_FEAT_RESAMP	5	YX16041T	5	0
STAB_CSY_FEAT_RESAMP	5	YX16057T	1	0.454882571075402
STAB_CSY_FEAT_RESAMP	5	YX16057T	2	0.258343634116193
STAB_CSY_FEAT_RESAMP	5	YX16057T	3	0.228677379480841
STAB_CSY_FEAT_RESAMP	5	YX16057T	4	0.0580964153275649
STAB_CSY_FEAT_RESAMP	5	YX16057T	5	0
STAB_CSY_FEAT_RESAMP	5	YX16062T	1	0.990716180371353
STAB_CSY_FEAT_RESAMP	5	YX16062T	2	0.0013262599469496
STAB_CSY_FEAT_RESAMP	5	YX16062T	3	0.0026525198938992
STAB_CSY_FEAT_RESAMP	5	YX16062T	4	0.00530503978779841
STAB_CSY_FEAT_RESAMP	5	YX16062T	5	0
STAB_CSY_FEAT_RESAMP	5	YX16112T	1	0.335373317013464
STAB_CSY_FEAT_RESAMP	5	YX16112T	2	0.260709914320685
STAB_CSY_FEAT_RESAMP	5	YX16112T	3	0.269277845777234
STAB_CSY_FEAT_RESAMP	5	YX16112T	4	0.134638922888617
STAB_CSY_FEAT_RESAMP	5	YX16112T	5	0
STAB_CSY_FEAT_RESAMP	5	YX16113T	1	0.141604010025063
STAB_CSY_FEAT_RESAMP	5	YX16113T	2	0.402255639097744
STAB_CSY_FEAT_RESAMP	5	YX16113T	3	0.101503759398496
STAB_CSY_FEAT_RESAMP	5	YX16113T	4	0.354636591478697
STAB_CSY_FEAT_RESAMP	5	YX16113T	5	0
STAB_CSY_FEAT_RESAMP	5	YX16119T	1	0.812903225806452
STAB_CSY_FEAT_RESAMP	5	YX16119T	2	0.0632258064516129
STAB_CSY_FEAT_RESAMP	5	YX16119T	3	0.0916129032258065
STAB_CSY_FEAT_RESAMP	5	YX16119T	4	0.032258064516129
STAB_CSY_FEAT_RESAMP	5	YX16119T	5	0
STAB_CSY_FEAT_RESAMP	5	YX16120T	1	0.987357774968394
STAB_CSY_FEAT_RESAMP	5	YX16120T	2	0
STAB_CSY_FEAT_RESAMP	5	YX16120T	3	0.00884955752212389
STAB_CSY_FEAT_RESAMP	5	YX16120T	4	0.00379266750948167
STAB_CSY_FEAT_RESAMP	5	YX16120T	5	0
STAB_CSY_FEAT_RESAMP	5	YX16127T	1	0.984867591424968
STAB_CSY_FEAT_RESAMP	5	YX16127T	2	0.00126103404791929
STAB_CSY_FEAT_RESAMP	5	YX16127T	3	0.00630517023959647
STAB_CSY_FEAT_RESAMP	5	YX16127T	4	0.00756620428751576
STAB_CSY_FEAT_RESAMP	5	YX16127T	5	0
STAB_CSY_FEAT_RESAMP	5	YX16128T	1	0.277493606138107
STAB_CSY_FEAT_RESAMP	5	YX16128T	2	0.271099744245524
STAB_CSY_FEAT_RESAMP	5	YX16128T	3	0.318414322250639
STAB_CSY_FEAT_RESAMP	5	YX16128T	4	0.132992327365729
STAB_CSY_FEAT_RESAMP	5	YX16128T	5	0
STAB_CSY_FEAT_RESAMP	5	YX16130T	1	0.00251256281407035
STAB_CSY_FEAT_RESAMP	5	YX16130T	2	0.89321608040201
STAB_CSY_FEAT_RESAMP	5	YX16130T	3	0.0603015075376884
STAB_CSY_FEAT_RESAMP	5	YX16130T	4	0.0439698492462312
STAB_CSY_FEAT_RESAMP	5	YX16130T	5	0
STAB_CSY_FEAT_RESAMP	5	YX16132T	1	0.11381074168798
STAB_CSY_FEAT_RESAMP	5	YX16132T	2	0.485933503836317
STAB_CSY_FEAT_RESAMP	5	YX16132T	3	0.0677749360613811
STAB_CSY_FEAT_RESAMP	5	YX16132T	4	0.332480818414322
STAB_CSY_FEAT_RESAMP	5	YX16132T	5	0
STAB_CSY_FEAT_RESAMP	5	YX16135T	1	0
STAB_CSY_FEAT_RESAMP	5	YX16135T	2	0.90875
STAB_CSY_FEAT_RESAMP	5	YX16135T	3	0.01125
STAB_CSY_FEAT_RESAMP	5	YX16135T	4	0.08
STAB_CSY_FEAT_RESAMP	5	YX16135T	5	0
STAB_CSY_FEAT_RESAMP	5	YX16139T	1	0.945012787723785
STAB_CSY_FEAT_RESAMP	5	YX16139T	2	0
STAB_CSY_FEAT_RESAMP	5	YX16139T	3	0.0319693094629156
STAB_CSY_FEAT_RESAMP	5	YX16139T	4	0.0217391304347826
STAB_CSY_FEAT_RESAMP	5	YX16139T	5	0.00127877237851662
STAB_CSY_FEAT_RESAMP	5	YX16141T	1	0.00125470514429109
STAB_CSY_FEAT_RESAMP	5	YX16141T	2	0.670012547051443
STAB_CSY_FEAT_RESAMP	5	YX16141T	3	0.0451693851944793
STAB_CSY_FEAT_RESAMP	5	YX16141T	4	0.283563362609787
STAB_CSY_FEAT_RESAMP	5	YX16141T	5	0
STAB_CSY_FEAT_RESAMP	5	YX16144T	1	0.0101522842639594
STAB_CSY_FEAT_RESAMP	5	YX16144T	2	0.284263959390863
STAB_CSY_FEAT_RESAMP	5	YX16144T	3	0.0761421319796954
STAB_CSY_FEAT_RESAMP	5	YX16144T	4	0.626903553299492
STAB_CSY_FEAT_RESAMP	5	YX16144T	5	0.00253807106598985
STAB_CSY_FEAT_RESAMP	5	YX16147T	1	0.102960102960103
STAB_CSY_FEAT_RESAMP	5	YX16147T	2	0.266409266409266
STAB_CSY_FEAT_RESAMP	5	YX16147T	3	0.277992277992278
STAB_CSY_FEAT_RESAMP	5	YX16147T	4	0.352638352638353
STAB_CSY_FEAT_RESAMP	5	YX16147T	5	0
STAB_CSY_FEAT_RESAMP	5	YX16153T	1	0.944581280788177
STAB_CSY_FEAT_RESAMP	5	YX16153T	2	0.0135467980295567
STAB_CSY_FEAT_RESAMP	5	YX16153T	3	0.0381773399014778
STAB_CSY_FEAT_RESAMP	5	YX16153T	4	0.00369458128078818
STAB_CSY_FEAT_RESAMP	5	YX16153T	5	0
STAB_CSY_FEAT_RESAMP	5	YX16155T	1	0.237373737373737
STAB_CSY_FEAT_RESAMP	5	YX16155T	2	0.585858585858586
STAB_CSY_FEAT_RESAMP	5	YX16155T	3	0.102272727272727
STAB_CSY_FEAT_RESAMP	5	YX16155T	4	0.0744949494949495
STAB_CSY_FEAT_RESAMP	5	YX16155T	5	0
STAB_CSY_FEAT_RESAMP	5	YX16158T	1	0
STAB_CSY_FEAT_RESAMP	5	YX16158T	2	0.176691729323308
STAB_CSY_FEAT_RESAMP	5	YX16158T	3	0.0488721804511278
STAB_CSY_FEAT_RESAMP	5	YX16158T	4	0.711779448621554
STAB_CSY_FEAT_RESAMP	5	YX16158T	5	0.06265664160401
STAB_CSY_FEAT_RESAMP	5	YX16159T	1	0
STAB_CSY_FEAT_RESAMP	5	YX16159T	2	0.914465408805031
STAB_CSY_FEAT_RESAMP	5	YX16159T	3	0.0050314465408805
STAB_CSY_FEAT_RESAMP	5	YX16159T	4	0.080503144654088
STAB_CSY_FEAT_RESAMP	5	YX16159T	5	0
STAB_CSY_FEAT_RESAMP	5	YX16160T	1	0
STAB_CSY_FEAT_RESAMP	5	YX16160T	2	0.00251256281407035
STAB_CSY_FEAT_RESAMP	5	YX16160T	3	0.0464824120603015
STAB_CSY_FEAT_RESAMP	5	YX16160T	4	0.0766331658291457
STAB_CSY_FEAT_RESAMP	5	YX16160T	5	0.874371859296482
STAB_CSY_FEAT_RESAMP	5	YX16161T	1	0
STAB_CSY_FEAT_RESAMP	5	YX16161T	2	0.907477820025348
STAB_CSY_FEAT_RESAMP	5	YX16161T	3	0.00760456273764259
STAB_CSY_FEAT_RESAMP	5	YX16161T	4	0.0849176172370089
STAB_CSY_FEAT_RESAMP	5	YX16161T	5	0
STAB_CSY_FEAT_RESAMP	5	YX16166T	1	0.980074719800747
STAB_CSY_FEAT_RESAMP	5	YX16166T	2	0
STAB_CSY_FEAT_RESAMP	5	YX16166T	3	0.0161892901618929
STAB_CSY_FEAT_RESAMP	5	YX16166T	4	0.0037359900373599
STAB_CSY_FEAT_RESAMP	5	YX16166T	5	0
STAB_CSY_FEAT_RESAMP	5	YX16177T	1	0.983460559796438
STAB_CSY_FEAT_RESAMP	5	YX16177T	2	0.00127226463104326
STAB_CSY_FEAT_RESAMP	5	YX16177T	3	0.0139949109414758
STAB_CSY_FEAT_RESAMP	5	YX16177T	4	0.00127226463104326
STAB_CSY_FEAT_RESAMP	5	YX16177T	5	0
STAB_CSY_FEAT_RESAMP	5	YX16178T	1	0.964102564102564
STAB_CSY_FEAT_RESAMP	5	YX16178T	2	0.00128205128205128
STAB_CSY_FEAT_RESAMP	5	YX16178T	3	0.0230769230769231
STAB_CSY_FEAT_RESAMP	5	YX16178T	4	0.0115384615384615
STAB_CSY_FEAT_RESAMP	5	YX16178T	5	0
STAB_CSY_FEAT_RESAMP	5	YX16180T	1	0.00127388535031847
STAB_CSY_FEAT_RESAMP	5	YX16180T	2	0.863694267515924
STAB_CSY_FEAT_RESAMP	5	YX16180T	3	0.021656050955414
STAB_CSY_FEAT_RESAMP	5	YX16180T	4	0.113375796178344
STAB_CSY_FEAT_RESAMP	5	YX16180T	5	0
STAB_CSY_FEAT_RESAMP	5	YX16185T	1	0.623076923076923
STAB_CSY_FEAT_RESAMP	5	YX16185T	2	0.00128205128205128
STAB_CSY_FEAT_RESAMP	5	YX16185T	3	0.25
STAB_CSY_FEAT_RESAMP	5	YX16185T	4	0.125641025641026
STAB_CSY_FEAT_RESAMP	5	YX16185T	5	0
STAB_CSY_FEAT_RESAMP	5	YX16188T	1	0
STAB_CSY_FEAT_RESAMP	5	YX16188T	2	0.0616352201257862
STAB_CSY_FEAT_RESAMP	5	YX16188T	3	0.020125786163522
STAB_CSY_FEAT_RESAMP	5	YX16188T	4	0.632704402515723
STAB_CSY_FEAT_RESAMP	5	YX16188T	5	0.285534591194969
STAB_CSY_FEAT_RESAMP	5	YX16194T	1	0
STAB_CSY_FEAT_RESAMP	5	YX16194T	2	0.93359375
STAB_CSY_FEAT_RESAMP	5	YX16194T	3	0.01171875
STAB_CSY_FEAT_RESAMP	5	YX16194T	4	0.0546875
STAB_CSY_FEAT_RESAMP	5	YX16194T	5	0
STAB_CSY_FEAT_RESAMP	5	YX16202T	1	0
STAB_CSY_FEAT_RESAMP	5	YX16202T	2	0.00250312891113892
STAB_CSY_FEAT_RESAMP	5	YX16202T	3	0.00750938673341677
STAB_CSY_FEAT_RESAMP	5	YX16202T	4	0.105131414267835
STAB_CSY_FEAT_RESAMP	5	YX16202T	5	0.88485607008761
STAB_CSY_FEAT_RESAMP	5	YX16203T	1	0.0177664974619289
STAB_CSY_FEAT_RESAMP	5	YX16203T	2	0.802030456852792
STAB_CSY_FEAT_RESAMP	5	YX16203T	3	0.0380710659898477
STAB_CSY_FEAT_RESAMP	5	YX16203T	4	0.142131979695431
STAB_CSY_FEAT_RESAMP	5	YX16203T	5	0
STAB_CSY_FEAT_RESAMP	5	YX16207T	1	0.00381679389312977
STAB_CSY_FEAT_RESAMP	5	YX16207T	2	0.902035623409669
STAB_CSY_FEAT_RESAMP	5	YX16207T	3	0.00763358778625954
STAB_CSY_FEAT_RESAMP	5	YX16207T	4	0.0865139949109415
STAB_CSY_FEAT_RESAMP	5	YX16207T	5	0
STAB_CSY_FEAT_RESAMP	5	YX16218T	1	0.420233463035019
STAB_CSY_FEAT_RESAMP	5	YX16218T	2	0.509727626459144
STAB_CSY_FEAT_RESAMP	5	YX16218T	3	0.0376134889753567
STAB_CSY_FEAT_RESAMP	5	YX16218T	4	0.0324254215304799
STAB_CSY_FEAT_RESAMP	5	YX16218T	5	0
STAB_CSY_FEAT_RESAMP	5	YX16222T	1	0.809823677581864
STAB_CSY_FEAT_RESAMP	5	YX16222T	2	0.0768261964735516
STAB_CSY_FEAT_RESAMP	5	YX16222T	3	0.0780856423173804
STAB_CSY_FEAT_RESAMP	5	YX16222T	4	0.035264483627204
STAB_CSY_FEAT_RESAMP	5	YX16222T	5	0
STAB_CSY_FEAT_RESAMP	5	YX16224T	1	0.229036295369212
STAB_CSY_FEAT_RESAMP	5	YX16224T	2	0.501877346683354
STAB_CSY_FEAT_RESAMP	5	YX16224T	3	0.191489361702128
STAB_CSY_FEAT_RESAMP	5	YX16224T	4	0.0775969962453066
STAB_CSY_FEAT_RESAMP	5	YX16224T	5	0
STAB_CSY_FEAT_RESAMP	5	YX16227T	1	0.835427135678392
STAB_CSY_FEAT_RESAMP	5	YX16227T	2	0.0753768844221105
STAB_CSY_FEAT_RESAMP	5	YX16227T	3	0.0540201005025126
STAB_CSY_FEAT_RESAMP	5	YX16227T	4	0.0351758793969849
STAB_CSY_FEAT_RESAMP	5	YX16227T	5	0
STAB_CSY_FEAT_RESAMP	5	YX16236T	1	0.824189526184539
STAB_CSY_FEAT_RESAMP	5	YX16236T	2	0.0960099750623441
STAB_CSY_FEAT_RESAMP	5	YX16236T	3	0.043640897755611
STAB_CSY_FEAT_RESAMP	5	YX16236T	4	0.0361596009975062
STAB_CSY_FEAT_RESAMP	5	YX16236T	5	0
STAB_CSY_FEAT_RESAMP	5	YX15047T	1	0
STAB_CSY_FEAT_RESAMP	5	YX15047T	2	0.0151133501259446
STAB_CSY_FEAT_RESAMP	5	YX15047T	3	0.0994962216624685
STAB_CSY_FEAT_RESAMP	5	YX15047T	4	0.120906801007557
STAB_CSY_FEAT_RESAMP	5	YX15047T	5	0.76448362720403
STAB_CSY_FEAT_RESAMP	5	YX15106T	1	0
STAB_CSY_FEAT_RESAMP	5	YX15106T	2	0
STAB_CSY_FEAT_RESAMP	5	YX15106T	3	0
STAB_CSY_FEAT_RESAMP	5	YX15106T	4	0
STAB_CSY_FEAT_RESAMP	5	YX15106T	5	1
STAB_CSY_FEAT_RESAMP	5	YX15166T	1	0
STAB_CSY_FEAT_RESAMP	5	YX15166T	2	0
STAB_CSY_FEAT_RESAMP	5	YX15166T	3	0
STAB_CSY_FEAT_RESAMP	5	YX15166T	4	0
STAB_CSY_FEAT_RESAMP	5	YX15166T	5	1
STAB_CSY_FEAT_RESAMP	5	YX15187T	1	0
STAB_CSY_FEAT_RESAMP	5	YX15187T	2	0
STAB_CSY_FEAT_RESAMP	5	YX15187T	3	0
STAB_CSY_FEAT_RESAMP	5	YX15187T	4	0
STAB_CSY_FEAT_RESAMP	5	YX15187T	5	1
STAB_CSY_FEAT_RESAMP	5	YX15211T	1	0
STAB_CSY_FEAT_RESAMP	5	YX15211T	2	0.656679151061174
STAB_CSY_FEAT_RESAMP	5	YX15211T	3	0.0461922596754057
STAB_CSY_FEAT_RESAMP	5	YX15211T	4	0.295880149812734
STAB_CSY_FEAT_RESAMP	5	YX15211T	5	0.00124843945068664
STAB_CSY_FEAT_RESAMP	5	YX15214T	1	0
STAB_CSY_FEAT_RESAMP	5	YX15214T	2	0
STAB_CSY_FEAT_RESAMP	5	YX15214T	3	0
STAB_CSY_FEAT_RESAMP	5	YX15214T	4	0
STAB_CSY_FEAT_RESAMP	5	YX15214T	5	1
STAB_CSY_FEAT_RESAMP	5	YX16009T	1	0
STAB_CSY_FEAT_RESAMP	5	YX16009T	2	0.387984981226533
STAB_CSY_FEAT_RESAMP	5	YX16009T	3	0.0250312891113892
STAB_CSY_FEAT_RESAMP	5	YX16009T	4	0.550688360450563
STAB_CSY_FEAT_RESAMP	5	YX16009T	5	0.0362953692115144
STAB_CSY_FEAT_RESAMP	5	YX16011T	1	0
STAB_CSY_FEAT_RESAMP	5	YX16011T	2	0
STAB_CSY_FEAT_RESAMP	5	YX16011T	3	0
STAB_CSY_FEAT_RESAMP	5	YX16011T	4	0
STAB_CSY_FEAT_RESAMP	5	YX16011T	5	1
STAB_CSY_FEAT_RESAMP	5	YX16068T	1	0
STAB_CSY_FEAT_RESAMP	5	YX16068T	2	0
STAB_CSY_FEAT_RESAMP	5	YX16068T	3	0
STAB_CSY_FEAT_RESAMP	5	YX16068T	4	0
STAB_CSY_FEAT_RESAMP	5	YX16068T	5	1
STAB_CSY_FEAT_RESAMP	5	YX16070T	1	0
STAB_CSY_FEAT_RESAMP	5	YX16070T	2	0
STAB_CSY_FEAT_RESAMP	5	YX16070T	3	0
STAB_CSY_FEAT_RESAMP	5	YX16070T	4	0
STAB_CSY_FEAT_RESAMP	5	YX16070T	5	1
STAB_CSY_FEAT_RESAMP	5	YX16075T	1	0.00124223602484472
STAB_CSY_FEAT_RESAMP	5	YX16075T	2	0.754037267080745
STAB_CSY_FEAT_RESAMP	5	YX16075T	3	0.0248447204968944
STAB_CSY_FEAT_RESAMP	5	YX16075T	4	0.219875776397516
STAB_CSY_FEAT_RESAMP	5	YX16075T	5	0
STAB_CSY_FEAT_RESAMP	5	YX16079T	1	0
STAB_CSY_FEAT_RESAMP	5	YX16079T	2	0
STAB_CSY_FEAT_RESAMP	5	YX16079T	3	0.00123762376237624
STAB_CSY_FEAT_RESAMP	5	YX16079T	4	0
STAB_CSY_FEAT_RESAMP	5	YX16079T	5	0.998762376237624
STAB_CSY_FEAT_RESAMP	5	YX16087T	1	0
STAB_CSY_FEAT_RESAMP	5	YX16087T	2	0
STAB_CSY_FEAT_RESAMP	5	YX16087T	3	0
STAB_CSY_FEAT_RESAMP	5	YX16087T	4	0
STAB_CSY_FEAT_RESAMP	5	YX16087T	5	1
STAB_CSY_FEAT_RESAMP	5	YX16094T	1	0
STAB_CSY_FEAT_RESAMP	5	YX16094T	2	0
STAB_CSY_FEAT_RESAMP	5	YX16094T	3	0
STAB_CSY_FEAT_RESAMP	5	YX16094T	4	0
STAB_CSY_FEAT_RESAMP	5	YX16094T	5	1
STAB_CSY_FEAT_RESAMP	5	YX16172T	1	0
STAB_CSY_FEAT_RESAMP	5	YX16172T	2	0.00130039011703511
STAB_CSY_FEAT_RESAMP	5	YX16172T	3	0
STAB_CSY_FEAT_RESAMP	5	YX16172T	4	0.00390117035110533
STAB_CSY_FEAT_RESAMP	5	YX16172T	5	0.99479843953186
STAB_CSY_FEAT_RESAMP	5	YX16295T	1	0
STAB_CSY_FEAT_RESAMP	5	YX16295T	2	0
STAB_CSY_FEAT_RESAMP	5	YX16295T	3	0
STAB_CSY_FEAT_RESAMP	5	YX16295T	4	0
STAB_CSY_FEAT_RESAMP	5	YX16295T	5	1
STAB_CSY_FEAT_RESAMP	5	YX16327T	1	0.00251572327044025
STAB_CSY_FEAT_RESAMP	5	YX16327T	2	0
STAB_CSY_FEAT_RESAMP	5	YX16327T	3	0.020125786163522
STAB_CSY_FEAT_RESAMP	5	YX16327T	4	0.0176100628930818
STAB_CSY_FEAT_RESAMP	5	YX16327T	5	0.959748427672956
STAB_CSY_FEAT_RESAMP	5	YX16335T	1	0.985732814526589
STAB_CSY_FEAT_RESAMP	5	YX16335T	2	0
STAB_CSY_FEAT_RESAMP	5	YX16335T	3	0.0116731517509728
STAB_CSY_FEAT_RESAMP	5	YX16335T	4	0.00259403372243839
STAB_CSY_FEAT_RESAMP	5	YX16335T	5	0
STAB_CSY_FEAT_RESAMP	5	YX16341T	1	0
STAB_CSY_FEAT_RESAMP	5	YX16341T	2	0
STAB_CSY_FEAT_RESAMP	5	YX16341T	3	0
STAB_CSY_FEAT_RESAMP	5	YX16341T	4	0
STAB_CSY_FEAT_RESAMP	5	YX16341T	5	1
STAB_CSY_FEAT_RESAMP	5	YX16343T	1	0.00126103404791929
STAB_CSY_FEAT_RESAMP	5	YX16343T	2	0.828499369482976
STAB_CSY_FEAT_RESAMP	5	YX16343T	3	0.0882723833543506
STAB_CSY_FEAT_RESAMP	5	YX16343T	4	0.0819672131147541
STAB_CSY_FEAT_RESAMP	5	YX16343T	5	0
STAB_CSY_FEAT_RESAMP	5	YX16347T	1	0.462130937098845
STAB_CSY_FEAT_RESAMP	5	YX16347T	2	0.0205391527599487
STAB_CSY_FEAT_RESAMP	5	YX16347T	3	0.469833119383825
STAB_CSY_FEAT_RESAMP	5	YX16347T	4	0.0474967907573813
STAB_CSY_FEAT_RESAMP	5	YX16347T	5	0
STAB_CSY_FEAT_RESAMP	6	YX15261T	1	0.864040660736976
STAB_CSY_FEAT_RESAMP	6	YX15261T	2	0.0254129606099111
STAB_CSY_FEAT_RESAMP	6	YX15261T	3	0.0279542566709022
STAB_CSY_FEAT_RESAMP	6	YX15261T	4	0.0165184243964422
STAB_CSY_FEAT_RESAMP	6	YX15261T	5	0
STAB_CSY_FEAT_RESAMP	6	YX15261T	6	0.0660736975857687
STAB_CSY_FEAT_RESAMP	6	YX15263T	1	0.976485148514851
STAB_CSY_FEAT_RESAMP	6	YX15263T	2	0
STAB_CSY_FEAT_RESAMP	6	YX15263T	3	0.00371287128712871
STAB_CSY_FEAT_RESAMP	6	YX15263T	4	0.00247524752475248
STAB_CSY_FEAT_RESAMP	6	YX15263T	5	0
STAB_CSY_FEAT_RESAMP	6	YX15263T	6	0.0173267326732673
STAB_CSY_FEAT_RESAMP	6	YX15271T	1	0
STAB_CSY_FEAT_RESAMP	6	YX15271T	2	0.909547738693467
STAB_CSY_FEAT_RESAMP	6	YX15271T	3	0.0138190954773869
STAB_CSY_FEAT_RESAMP	6	YX15271T	4	0.0753768844221105
STAB_CSY_FEAT_RESAMP	6	YX15271T	5	0
STAB_CSY_FEAT_RESAMP	6	YX15271T	6	0.00125628140703518
STAB_CSY_FEAT_RESAMP	6	YX16036T	1	0.0114503816793893
STAB_CSY_FEAT_RESAMP	6	YX16036T	2	0.823155216284987
STAB_CSY_FEAT_RESAMP	6	YX16036T	3	0.0458015267175573
STAB_CSY_FEAT_RESAMP	6	YX16036T	4	0.0597964376590331
STAB_CSY_FEAT_RESAMP	6	YX16036T	5	0
STAB_CSY_FEAT_RESAMP	6	YX16036T	6	0.0597964376590331
STAB_CSY_FEAT_RESAMP	6	YX16041T	1	0.744654088050314
STAB_CSY_FEAT_RESAMP	6	YX16041T	2	0.0893081761006289
STAB_CSY_FEAT_RESAMP	6	YX16041T	3	0.0779874213836478
STAB_CSY_FEAT_RESAMP	6	YX16041T	4	0.0289308176100629
STAB_CSY_FEAT_RESAMP	6	YX16041T	5	0
STAB_CSY_FEAT_RESAMP	6	YX16041T	6	0.0591194968553459
STAB_CSY_FEAT_RESAMP	6	YX16057T	1	0.358467243510507
STAB_CSY_FEAT_RESAMP	6	YX16057T	2	0.201483312731768
STAB_CSY_FEAT_RESAMP	6	YX16057T	3	0.394313967861557
STAB_CSY_FEAT_RESAMP	6	YX16057T	4	0.0296662546353523
STAB_CSY_FEAT_RESAMP	6	YX16057T	5	0
STAB_CSY_FEAT_RESAMP	6	YX16057T	6	0.0160692212608158
STAB_CSY_FEAT_RESAMP	6	YX16062T	1	0.977453580901857
STAB_CSY_FEAT_RESAMP	6	YX16062T	2	0.0013262599469496
STAB_CSY_FEAT_RESAMP	6	YX16062T	3	0.00397877984084881
STAB_CSY_FEAT_RESAMP	6	YX16062T	4	0.00397877984084881
STAB_CSY_FEAT_RESAMP	6	YX16062T	5	0
STAB_CSY_FEAT_RESAMP	6	YX16062T	6	0.013262599469496
STAB_CSY_FEAT_RESAMP	6	YX16112T	1	0.239902080783354
STAB_CSY_FEAT_RESAMP	6	YX16112T	2	0.18359853121175
STAB_CSY_FEAT_RESAMP	6	YX16112T	3	0.466340269277846
STAB_CSY_FEAT_RESAMP	6	YX16112T	4	0.0746634026927785
STAB_CSY_FEAT_RESAMP	6	YX16112T	5	0
STAB_CSY_FEAT_RESAMP	6	YX16112T	6	0.0354957160342717
STAB_CSY_FEAT_RESAMP	6	YX16113T	1	0.0789473684210526
STAB_CSY_FEAT_RESAMP	6	YX16113T	2	0.281954887218045
STAB_CSY_FEAT_RESAMP	6	YX16113T	3	0.0977443609022556
STAB_CSY_FEAT_RESAMP	6	YX16113T	4	0.426065162907268
STAB_CSY_FEAT_RESAMP	6	YX16113T	5	0
STAB_CSY_FEAT_RESAMP	6	YX16113T	6	0.115288220551378
STAB_CSY_FEAT_RESAMP	6	YX16119T	1	0.76258064516129
STAB_CSY_FEAT_RESAMP	6	YX16119T	2	0.0529032258064516
STAB_CSY_FEAT_RESAMP	6	YX16119T	3	0.047741935483871
STAB_CSY_FEAT_RESAMP	6	YX16119T	4	0.0167741935483871
STAB_CSY_FEAT_RESAMP	6	YX16119T	5	0
STAB_CSY_FEAT_RESAMP	6	YX16119T	6	0.12
STAB_CSY_FEAT_RESAMP	6	YX16120T	1	0.979772439949431
STAB_CSY_FEAT_RESAMP	6	YX16120T	2	0
STAB_CSY_FEAT_RESAMP	6	YX16120T	3	0.00126422250316056
STAB_CSY_FEAT_RESAMP	6	YX16120T	4	0
STAB_CSY_FEAT_RESAMP	6	YX16120T	5	0
STAB_CSY_FEAT_RESAMP	6	YX16120T	6	0.0189633375474083
STAB_CSY_FEAT_RESAMP	6	YX16127T	1	0.977301387137453
STAB_CSY_FEAT_RESAMP	6	YX16127T	2	0
STAB_CSY_FEAT_RESAMP	6	YX16127T	3	0.00630517023959647
STAB_CSY_FEAT_RESAMP	6	YX16127T	4	0.00378310214375788
STAB_CSY_FEAT_RESAMP	6	YX16127T	5	0
STAB_CSY_FEAT_RESAMP	6	YX16127T	6	0.0126103404791929
STAB_CSY_FEAT_RESAMP	6	YX16128T	1	0.164961636828645
STAB_CSY_FEAT_RESAMP	6	YX16128T	2	0.20460358056266
STAB_CSY_FEAT_RESAMP	6	YX16128T	3	0.553708439897698
STAB_CSY_FEAT_RESAMP	6	YX16128T	4	0.0741687979539642
STAB_CSY_FEAT_RESAMP	6	YX16128T	5	0
STAB_CSY_FEAT_RESAMP	6	YX16128T	6	0.00255754475703325
STAB_CSY_FEAT_RESAMP	6	YX16130T	1	0.00125628140703518
STAB_CSY_FEAT_RESAMP	6	YX16130T	2	0.835427135678392
STAB_CSY_FEAT_RESAMP	6	YX16130T	3	0.0565326633165829
STAB_CSY_FEAT_RESAMP	6	YX16130T	4	0.0238693467336683
STAB_CSY_FEAT_RESAMP	6	YX16130T	5	0
STAB_CSY_FEAT_RESAMP	6	YX16130T	6	0.0829145728643216
STAB_CSY_FEAT_RESAMP	6	YX16132T	1	0.0805626598465473
STAB_CSY_FEAT_RESAMP	6	YX16132T	2	0.400255754475703
STAB_CSY_FEAT_RESAMP	6	YX16132T	3	0.139386189258312
STAB_CSY_FEAT_RESAMP	6	YX16132T	4	0.375959079283887
STAB_CSY_FEAT_RESAMP	6	YX16132T	5	0
STAB_CSY_FEAT_RESAMP	6	YX16132T	6	0.00383631713554987
STAB_CSY_FEAT_RESAMP	6	YX16135T	1	0
STAB_CSY_FEAT_RESAMP	6	YX16135T	2	0.915
STAB_CSY_FEAT_RESAMP	6	YX16135T	3	0.00875
STAB_CSY_FEAT_RESAMP	6	YX16135T	4	0.075
STAB_CSY_FEAT_RESAMP	6	YX16135T	5	0
STAB_CSY_FEAT_RESAMP	6	YX16135T	6	0.00125
STAB_CSY_FEAT_RESAMP	6	YX16139T	1	0.896419437340154
STAB_CSY_FEAT_RESAMP	6	YX16139T	2	0
STAB_CSY_FEAT_RESAMP	6	YX16139T	3	0.0421994884910486
STAB_CSY_FEAT_RESAMP	6	YX16139T	4	0.010230179028133
STAB_CSY_FEAT_RESAMP	6	YX16139T	5	0
STAB_CSY_FEAT_RESAMP	6	YX16139T	6	0.051150895140665
STAB_CSY_FEAT_RESAMP	6	YX16141T	1	0.00125470514429109
STAB_CSY_FEAT_RESAMP	6	YX16141T	2	0.554579673776663
STAB_CSY_FEAT_RESAMP	6	YX16141T	3	0.0363864491844417
STAB_CSY_FEAT_RESAMP	6	YX16141T	4	0.351317440401506
STAB_CSY_FEAT_RESAMP	6	YX16141T	5	0
STAB_CSY_FEAT_RESAMP	6	YX16141T	6	0.0564617314930991
STAB_CSY_FEAT_RESAMP	6	YX16144T	1	0.0050761421319797
STAB_CSY_FEAT_RESAMP	6	YX16144T	2	0.215736040609137
STAB_CSY_FEAT_RESAMP	6	YX16144T	3	0.152284263959391
STAB_CSY_FEAT_RESAMP	6	YX16144T	4	0.614213197969543
STAB_CSY_FEAT_RESAMP	6	YX16144T	5	0
STAB_CSY_FEAT_RESAMP	6	YX16144T	6	0.0126903553299492
STAB_CSY_FEAT_RESAMP	6	YX16147T	1	0.0398970398970399
STAB_CSY_FEAT_RESAMP	6	YX16147T	2	0.200772200772201
STAB_CSY_FEAT_RESAMP	6	YX16147T	3	0.481338481338481
STAB_CSY_FEAT_RESAMP	6	YX16147T	4	0.274131274131274
STAB_CSY_FEAT_RESAMP	6	YX16147T	5	0
STAB_CSY_FEAT_RESAMP	6	YX16147T	6	0.00386100386100386
STAB_CSY_FEAT_RESAMP	6	YX16153T	1	0.917487684729064
STAB_CSY_FEAT_RESAMP	6	YX16153T	2	0.00985221674876847
STAB_CSY_FEAT_RESAMP	6	YX16153T	3	0.0541871921182266
STAB_CSY_FEAT_RESAMP	6	YX16153T	4	0.00123152709359606
STAB_CSY_FEAT_RESAMP	6	YX16153T	5	0
STAB_CSY_FEAT_RESAMP	6	YX16153T	6	0.0172413793103448
STAB_CSY_FEAT_RESAMP	6	YX16155T	1	0.204545454545455
STAB_CSY_FEAT_RESAMP	6	YX16155T	2	0.512626262626263
STAB_CSY_FEAT_RESAMP	6	YX16155T	3	0.0883838383838384
STAB_CSY_FEAT_RESAMP	6	YX16155T	4	0.047979797979798
STAB_CSY_FEAT_RESAMP	6	YX16155T	5	0
STAB_CSY_FEAT_RESAMP	6	YX16155T	6	0.146464646464646
STAB_CSY_FEAT_RESAMP	6	YX16158T	1	0
STAB_CSY_FEAT_RESAMP	6	YX16158T	2	0.110275689223058
STAB_CSY_FEAT_RESAMP	6	YX16158T	3	0.117794486215539
STAB_CSY_FEAT_RESAMP	6	YX16158T	4	0.714285714285714
STAB_CSY_FEAT_RESAMP	6	YX16158T	5	0.0325814536340852
STAB_CSY_FEAT_RESAMP	6	YX16158T	6	0.025062656641604
STAB_CSY_FEAT_RESAMP	6	YX16159T	1	0
STAB_CSY_FEAT_RESAMP	6	YX16159T	2	0.929559748427673
STAB_CSY_FEAT_RESAMP	6	YX16159T	3	0.00754716981132075
STAB_CSY_FEAT_RESAMP	6	YX16159T	4	0.0628930817610063
STAB_CSY_FEAT_RESAMP	6	YX16159T	5	0
STAB_CSY_FEAT_RESAMP	6	YX16159T	6	0
STAB_CSY_FEAT_RESAMP	6	YX16160T	1	0
STAB_CSY_FEAT_RESAMP	6	YX16160T	2	0
STAB_CSY_FEAT_RESAMP	6	YX16160T	3	0.0163316582914573
STAB_CSY_FEAT_RESAMP	6	YX16160T	4	0.0829145728643216
STAB_CSY_FEAT_RESAMP	6	YX16160T	5	0.841708542713568
STAB_CSY_FEAT_RESAMP	6	YX16160T	6	0.0590452261306533
STAB_CSY_FEAT_RESAMP	6	YX16161T	1	0
STAB_CSY_FEAT_RESAMP	6	YX16161T	2	0.91128010139417
STAB_CSY_FEAT_RESAMP	6	YX16161T	3	0.0101394169835234
STAB_CSY_FEAT_RESAMP	6	YX16161T	4	0.0773130544993663
STAB_CSY_FEAT_RESAMP	6	YX16161T	5	0
STAB_CSY_FEAT_RESAMP	6	YX16161T	6	0.00126742712294043
STAB_CSY_FEAT_RESAMP	6	YX16166T	1	0.968866749688667
STAB_CSY_FEAT_RESAMP	6	YX16166T	2	0
STAB_CSY_FEAT_RESAMP	6	YX16166T	3	0.0074719800747198
STAB_CSY_FEAT_RESAMP	6	YX16166T	4	0
STAB_CSY_FEAT_RESAMP	6	YX16166T	5	0
STAB_CSY_FEAT_RESAMP	6	YX16166T	6	0.0236612702366127
STAB_CSY_FEAT_RESAMP	6	YX16177T	1	0.972010178117048
STAB_CSY_FEAT_RESAMP	6	YX16177T	2	0.00127226463104326
STAB_CSY_FEAT_RESAMP	6	YX16177T	3	0.0101781170483461
STAB_CSY_FEAT_RESAMP	6	YX16177T	4	0
STAB_CSY_FEAT_RESAMP	6	YX16177T	5	0
STAB_CSY_FEAT_RESAMP	6	YX16177T	6	0.0165394402035623
STAB_CSY_FEAT_RESAMP	6	YX16178T	1	0.933333333333333
STAB_CSY_FEAT_RESAMP	6	YX16178T	2	0
STAB_CSY_FEAT_RESAMP	6	YX16178T	3	0.0141025641025641
STAB_CSY_FEAT_RESAMP	6	YX16178T	4	0.0115384615384615
STAB_CSY_FEAT_RESAMP	6	YX16178T	5	0
STAB_CSY_FEAT_RESAMP	6	YX16178T	6	0.041025641025641
STAB_CSY_FEAT_RESAMP	6	YX16180T	1	0.00254777070063694
STAB_CSY_FEAT_RESAMP	6	YX16180T	2	0.840764331210191
STAB_CSY_FEAT_RESAMP	6	YX16180T	3	0.0343949044585987
STAB_CSY_FEAT_RESAMP	6	YX16180T	4	0.117197452229299
STAB_CSY_FEAT_RESAMP	6	YX16180T	5	0
STAB_CSY_FEAT_RESAMP	6	YX16180T	6	0.00509554140127389
STAB_CSY_FEAT_RESAMP	6	YX16185T	1	0.456410256410256
STAB_CSY_FEAT_RESAMP	6	YX16185T	2	0.00128205128205128
STAB_CSY_FEAT_RESAMP	6	YX16185T	3	0.228205128205128
STAB_CSY_FEAT_RESAMP	6	YX16185T	4	0.0705128205128205
STAB_CSY_FEAT_RESAMP	6	YX16185T	5	0
STAB_CSY_FEAT_RESAMP	6	YX16185T	6	0.243589743589744
STAB_CSY_FEAT_RESAMP	6	YX16188T	1	0
STAB_CSY_FEAT_RESAMP	6	YX16188T	2	0.0163522012578616
STAB_CSY_FEAT_RESAMP	6	YX16188T	3	0.0515723270440252
STAB_CSY_FEAT_RESAMP	6	YX16188T	4	0.657861635220126
STAB_CSY_FEAT_RESAMP	6	YX16188T	5	0.238993710691824
STAB_CSY_FEAT_RESAMP	6	YX16188T	6	0.0352201257861635
STAB_CSY_FEAT_RESAMP	6	YX16194T	1	0
STAB_CSY_FEAT_RESAMP	6	YX16194T	2	0.9375
STAB_CSY_FEAT_RESAMP	6	YX16194T	3	0.0104166666666667
STAB_CSY_FEAT_RESAMP	6	YX16194T	4	0.0338541666666667
STAB_CSY_FEAT_RESAMP	6	YX16194T	5	0
STAB_CSY_FEAT_RESAMP	6	YX16194T	6	0.0182291666666667
STAB_CSY_FEAT_RESAMP	6	YX16202T	1	0
STAB_CSY_FEAT_RESAMP	6	YX16202T	2	0
STAB_CSY_FEAT_RESAMP	6	YX16202T	3	0.0150187734668335
STAB_CSY_FEAT_RESAMP	6	YX16202T	4	0.11639549436796
STAB_CSY_FEAT_RESAMP	6	YX16202T	5	0.849812265331665
STAB_CSY_FEAT_RESAMP	6	YX16202T	6	0.0187734668335419
STAB_CSY_FEAT_RESAMP	6	YX16203T	1	0.0114213197969543
STAB_CSY_FEAT_RESAMP	6	YX16203T	2	0.765228426395939
STAB_CSY_FEAT_RESAMP	6	YX16203T	3	0.065989847715736
STAB_CSY_FEAT_RESAMP	6	YX16203T	4	0.142131979695431
STAB_CSY_FEAT_RESAMP	6	YX16203T	5	0
STAB_CSY_FEAT_RESAMP	6	YX16203T	6	0.0152284263959391
STAB_CSY_FEAT_RESAMP	6	YX16207T	1	0.00381679389312977
STAB_CSY_FEAT_RESAMP	6	YX16207T	2	0.917302798982188
STAB_CSY_FEAT_RESAMP	6	YX16207T	3	0.0114503816793893
STAB_CSY_FEAT_RESAMP	6	YX16207T	4	0.0661577608142494
STAB_CSY_FEAT_RESAMP	6	YX16207T	5	0
STAB_CSY_FEAT_RESAMP	6	YX16207T	6	0.00127226463104326
STAB_CSY_FEAT_RESAMP	6	YX16218T	1	0.404669260700389
STAB_CSY_FEAT_RESAMP	6	YX16218T	2	0.505836575875486
STAB_CSY_FEAT_RESAMP	6	YX16218T	3	0.0557717250324254
STAB_CSY_FEAT_RESAMP	6	YX16218T	4	0.0220492866407263
STAB_CSY_FEAT_RESAMP	6	YX16218T	5	0
STAB_CSY_FEAT_RESAMP	6	YX16218T	6	0.0116731517509728
STAB_CSY_FEAT_RESAMP	6	YX16222T	1	0.767002518891688
STAB_CSY_FEAT_RESAMP	6	YX16222T	2	0.0591939546599496
STAB_CSY_FEAT_RESAMP	6	YX16222T	3	0.128463476070529
STAB_CSY_FEAT_RESAMP	6	YX16222T	4	0.0163727959697733
STAB_CSY_FEAT_RESAMP	6	YX16222T	5	0
STAB_CSY_FEAT_RESAMP	6	YX16222T	6	0.0289672544080605
STAB_CSY_FEAT_RESAMP	6	YX16224T	1	0.167709637046308
STAB_CSY_FEAT_RESAMP	6	YX16224T	2	0.445556946182728
STAB_CSY_FEAT_RESAMP	6	YX16224T	3	0.339173967459324
STAB_CSY_FEAT_RESAMP	6	YX16224T	4	0.0337922403003755
STAB_CSY_FEAT_RESAMP	6	YX16224T	5	0
STAB_CSY_FEAT_RESAMP	6	YX16224T	6	0.0137672090112641
STAB_CSY_FEAT_RESAMP	6	YX16227T	1	0.816582914572864
STAB_CSY_FEAT_RESAMP	6	YX16227T	2	0.064070351758794
STAB_CSY_FEAT_RESAMP	6	YX16227T	3	0.064070351758794
STAB_CSY_FEAT_RESAMP	6	YX16227T	4	0.0188442211055276
STAB_CSY_FEAT_RESAMP	6	YX16227T	5	0
STAB_CSY_FEAT_RESAMP	6	YX16227T	6	0.0364321608040201
STAB_CSY_FEAT_RESAMP	6	YX16236T	1	0.786783042394015
STAB_CSY_FEAT_RESAMP	6	YX16236T	2	0.071072319201995
STAB_CSY_FEAT_RESAMP	6	YX16236T	3	0.0399002493765586
STAB_CSY_FEAT_RESAMP	6	YX16236T	4	0.0187032418952618
STAB_CSY_FEAT_RESAMP	6	YX16236T	5	0
STAB_CSY_FEAT_RESAMP	6	YX16236T	6	0.0835411471321696
STAB_CSY_FEAT_RESAMP	6	YX15047T	1	0
STAB_CSY_FEAT_RESAMP	6	YX15047T	2	0.0113350125944584
STAB_CSY_FEAT_RESAMP	6	YX15047T	3	0.191435768261965
STAB_CSY_FEAT_RESAMP	6	YX15047T	4	0.0906801007556675
STAB_CSY_FEAT_RESAMP	6	YX15047T	5	0.584382871536524
STAB_CSY_FEAT_RESAMP	6	YX15047T	6	0.122166246851385
STAB_CSY_FEAT_RESAMP	6	YX15106T	1	0
STAB_CSY_FEAT_RESAMP	6	YX15106T	2	0
STAB_CSY_FEAT_RESAMP	6	YX15106T	3	0
STAB_CSY_FEAT_RESAMP	6	YX15106T	4	0
STAB_CSY_FEAT_RESAMP	6	YX15106T	5	1
STAB_CSY_FEAT_RESAMP	6	YX15106T	6	0
STAB_CSY_FEAT_RESAMP	6	YX15166T	1	0
STAB_CSY_FEAT_RESAMP	6	YX15166T	2	0
STAB_CSY_FEAT_RESAMP	6	YX15166T	3	0
STAB_CSY_FEAT_RESAMP	6	YX15166T	4	0
STAB_CSY_FEAT_RESAMP	6	YX15166T	5	1
STAB_CSY_FEAT_RESAMP	6	YX15166T	6	0
STAB_CSY_FEAT_RESAMP	6	YX15187T	1	0
STAB_CSY_FEAT_RESAMP	6	YX15187T	2	0
STAB_CSY_FEAT_RESAMP	6	YX15187T	3	0
STAB_CSY_FEAT_RESAMP	6	YX15187T	4	0
STAB_CSY_FEAT_RESAMP	6	YX15187T	5	1
STAB_CSY_FEAT_RESAMP	6	YX15187T	6	0
STAB_CSY_FEAT_RESAMP	6	YX15211T	1	0
STAB_CSY_FEAT_RESAMP	6	YX15211T	2	0.529338327091136
STAB_CSY_FEAT_RESAMP	6	YX15211T	3	0.034956304619226
STAB_CSY_FEAT_RESAMP	6	YX15211T	4	0.393258426966292
STAB_CSY_FEAT_RESAMP	6	YX15211T	5	0
STAB_CSY_FEAT_RESAMP	6	YX15211T	6	0.0424469413233458
STAB_CSY_FEAT_RESAMP	6	YX15214T	1	0
STAB_CSY_FEAT_RESAMP	6	YX15214T	2	0
STAB_CSY_FEAT_RESAMP	6	YX15214T	3	0
STAB_CSY_FEAT_RESAMP	6	YX15214T	4	0
STAB_CSY_FEAT_RESAMP	6	YX15214T	5	1
STAB_CSY_FEAT_RESAMP	6	YX15214T	6	0
STAB_CSY_FEAT_RESAMP	6	YX16009T	1	0
STAB_CSY_FEAT_RESAMP	6	YX16009T	2	0.289111389236546
STAB_CSY_FEAT_RESAMP	6	YX16009T	3	0.0475594493116396
STAB_CSY_FEAT_RESAMP	6	YX16009T	4	0.622027534418022
STAB_CSY_FEAT_RESAMP	6	YX16009T	5	0.0250312891113892
STAB_CSY_FEAT_RESAMP	6	YX16009T	6	0.016270337922403
STAB_CSY_FEAT_RESAMP	6	YX16011T	1	0
STAB_CSY_FEAT_RESAMP	6	YX16011T	2	0
STAB_CSY_FEAT_RESAMP	6	YX16011T	3	0
STAB_CSY_FEAT_RESAMP	6	YX16011T	4	0
STAB_CSY_FEAT_RESAMP	6	YX16011T	5	1
STAB_CSY_FEAT_RESAMP	6	YX16011T	6	0
STAB_CSY_FEAT_RESAMP	6	YX16068T	1	0
STAB_CSY_FEAT_RESAMP	6	YX16068T	2	0
STAB_CSY_FEAT_RESAMP	6	YX16068T	3	0
STAB_CSY_FEAT_RESAMP	6	YX16068T	4	0
STAB_CSY_FEAT_RESAMP	6	YX16068T	5	1
STAB_CSY_FEAT_RESAMP	6	YX16068T	6	0
STAB_CSY_FEAT_RESAMP	6	YX16070T	1	0
STAB_CSY_FEAT_RESAMP	6	YX16070T	2	0
STAB_CSY_FEAT_RESAMP	6	YX16070T	3	0
STAB_CSY_FEAT_RESAMP	6	YX16070T	4	0
STAB_CSY_FEAT_RESAMP	6	YX16070T	5	1
STAB_CSY_FEAT_RESAMP	6	YX16070T	6	0
STAB_CSY_FEAT_RESAMP	6	YX16075T	1	0.00124223602484472
STAB_CSY_FEAT_RESAMP	6	YX16075T	2	0.698136645962733
STAB_CSY_FEAT_RESAMP	6	YX16075T	3	0.0409937888198758
STAB_CSY_FEAT_RESAMP	6	YX16075T	4	0.249689440993789
STAB_CSY_FEAT_RESAMP	6	YX16075T	5	0
STAB_CSY_FEAT_RESAMP	6	YX16075T	6	0.00993788819875776
STAB_CSY_FEAT_RESAMP	6	YX16079T	1	0
STAB_CSY_FEAT_RESAMP	6	YX16079T	2	0
STAB_CSY_FEAT_RESAMP	6	YX16079T	3	0.00123762376237624
STAB_CSY_FEAT_RESAMP	6	YX16079T	4	0.00123762376237624
STAB_CSY_FEAT_RESAMP	6	YX16079T	5	0.991336633663366
STAB_CSY_FEAT_RESAMP	6	YX16079T	6	0.00618811881188119
STAB_CSY_FEAT_RESAMP	6	YX16087T	1	0
STAB_CSY_FEAT_RESAMP	6	YX16087T	2	0
STAB_CSY_FEAT_RESAMP	6	YX16087T	3	0
STAB_CSY_FEAT_RESAMP	6	YX16087T	4	0
STAB_CSY_FEAT_RESAMP	6	YX16087T	5	1
STAB_CSY_FEAT_RESAMP	6	YX16087T	6	0
STAB_CSY_FEAT_RESAMP	6	YX16094T	1	0
STAB_CSY_FEAT_RESAMP	6	YX16094T	2	0
STAB_CSY_FEAT_RESAMP	6	YX16094T	3	0
STAB_CSY_FEAT_RESAMP	6	YX16094T	4	0
STAB_CSY_FEAT_RESAMP	6	YX16094T	5	1
STAB_CSY_FEAT_RESAMP	6	YX16094T	6	0
STAB_CSY_FEAT_RESAMP	6	YX16172T	1	0
STAB_CSY_FEAT_RESAMP	6	YX16172T	2	0
STAB_CSY_FEAT_RESAMP	6	YX16172T	3	0
STAB_CSY_FEAT_RESAMP	6	YX16172T	4	0.00520156046814044
STAB_CSY_FEAT_RESAMP	6	YX16172T	5	0.99479843953186
STAB_CSY_FEAT_RESAMP	6	YX16172T	6	0
STAB_CSY_FEAT_RESAMP	6	YX16295T	1	0
STAB_CSY_FEAT_RESAMP	6	YX16295T	2	0
STAB_CSY_FEAT_RESAMP	6	YX16295T	3	0
STAB_CSY_FEAT_RESAMP	6	YX16295T	4	0
STAB_CSY_FEAT_RESAMP	6	YX16295T	5	1
STAB_CSY_FEAT_RESAMP	6	YX16295T	6	0
STAB_CSY_FEAT_RESAMP	6	YX16327T	1	0.00251572327044025
STAB_CSY_FEAT_RESAMP	6	YX16327T	2	0
STAB_CSY_FEAT_RESAMP	6	YX16327T	3	0.0176100628930818
STAB_CSY_FEAT_RESAMP	6	YX16327T	4	0.0050314465408805
STAB_CSY_FEAT_RESAMP	6	YX16327T	5	0.955974842767296
STAB_CSY_FEAT_RESAMP	6	YX16327T	6	0.0188679245283019
STAB_CSY_FEAT_RESAMP	6	YX16335T	1	0.98313878080415
STAB_CSY_FEAT_RESAMP	6	YX16335T	2	0
STAB_CSY_FEAT_RESAMP	6	YX16335T	3	0.00389105058365759
STAB_CSY_FEAT_RESAMP	6	YX16335T	4	0
STAB_CSY_FEAT_RESAMP	6	YX16335T	5	0
STAB_CSY_FEAT_RESAMP	6	YX16335T	6	0.012970168612192
STAB_CSY_FEAT_RESAMP	6	YX16341T	1	0
STAB_CSY_FEAT_RESAMP	6	YX16341T	2	0
STAB_CSY_FEAT_RESAMP	6	YX16341T	3	0
STAB_CSY_FEAT_RESAMP	6	YX16341T	4	0
STAB_CSY_FEAT_RESAMP	6	YX16341T	5	1
STAB_CSY_FEAT_RESAMP	6	YX16341T	6	0
STAB_CSY_FEAT_RESAMP	6	YX16343T	1	0.00126103404791929
STAB_CSY_FEAT_RESAMP	6	YX16343T	2	0.75031525851198
STAB_CSY_FEAT_RESAMP	6	YX16343T	3	0.0756620428751576
STAB_CSY_FEAT_RESAMP	6	YX16343T	4	0.0605296343001261
STAB_CSY_FEAT_RESAMP	6	YX16343T	5	0
STAB_CSY_FEAT_RESAMP	6	YX16343T	6	0.112232030264817
STAB_CSY_FEAT_RESAMP	6	YX16347T	1	0.304236200256739
STAB_CSY_FEAT_RESAMP	6	YX16347T	2	0.00641848523748395
STAB_CSY_FEAT_RESAMP	6	YX16347T	3	0.0680359435173299
STAB_CSY_FEAT_RESAMP	6	YX16347T	4	0.00128369704749679
STAB_CSY_FEAT_RESAMP	6	YX16347T	5	0
STAB_CSY_FEAT_RESAMP	6	YX16347T	6	0.62002567394095
STAB_CSY_IMPUTED	2	YX15261T	1	1
STAB_CSY_IMPUTED	2	YX15261T	2	0
STAB_CSY_IMPUTED	2	YX15263T	1	1
STAB_CSY_IMPUTED	2	YX15263T	2	0
STAB_CSY_IMPUTED	2	YX15271T	1	1
STAB_CSY_IMPUTED	2	YX15271T	2	0
STAB_CSY_IMPUTED	2	YX16036T	1	1
STAB_CSY_IMPUTED	2	YX16036T	2	0
STAB_CSY_IMPUTED	2	YX16041T	1	1
STAB_CSY_IMPUTED	2	YX16041T	2	0
STAB_CSY_IMPUTED	2	YX16057T	1	1
STAB_CSY_IMPUTED	2	YX16057T	2	0
STAB_CSY_IMPUTED	2	YX16062T	1	1
STAB_CSY_IMPUTED	2	YX16062T	2	0
STAB_CSY_IMPUTED	2	YX16112T	1	1
STAB_CSY_IMPUTED	2	YX16112T	2	0
STAB_CSY_IMPUTED	2	YX16113T	1	1
STAB_CSY_IMPUTED	2	YX16113T	2	0
STAB_CSY_IMPUTED	2	YX16119T	1	1
STAB_CSY_IMPUTED	2	YX16119T	2	0
STAB_CSY_IMPUTED	2	YX16120T	1	1
STAB_CSY_IMPUTED	2	YX16120T	2	0
STAB_CSY_IMPUTED	2	YX16127T	1	1
STAB_CSY_IMPUTED	2	YX16127T	2	0
STAB_CSY_IMPUTED	2	YX16128T	1	1
STAB_CSY_IMPUTED	2	YX16128T	2	0
STAB_CSY_IMPUTED	2	YX16130T	1	1
STAB_CSY_IMPUTED	2	YX16130T	2	0
STAB_CSY_IMPUTED	2	YX16132T	1	1
STAB_CSY_IMPUTED	2	YX16132T	2	0
STAB_CSY_IMPUTED	2	YX16135T	1	1
STAB_CSY_IMPUTED	2	YX16135T	2	0
STAB_CSY_IMPUTED	2	YX16139T	1	1
STAB_CSY_IMPUTED	2	YX16139T	2	0
STAB_CSY_IMPUTED	2	YX16141T	1	1
STAB_CSY_IMPUTED	2	YX16141T	2	0
STAB_CSY_IMPUTED	2	YX16144T	1	0.981527093596059
STAB_CSY_IMPUTED	2	YX16144T	2	0.0184729064039409
STAB_CSY_IMPUTED	2	YX16147T	1	0.998709677419355
STAB_CSY_IMPUTED	2	YX16147T	2	0.00129032258064516
STAB_CSY_IMPUTED	2	YX16153T	1	1
STAB_CSY_IMPUTED	2	YX16153T	2	0
STAB_CSY_IMPUTED	2	YX16155T	1	1
STAB_CSY_IMPUTED	2	YX16155T	2	0
STAB_CSY_IMPUTED	2	YX16158T	1	0.89493670886076
STAB_CSY_IMPUTED	2	YX16158T	2	0.105063291139241
STAB_CSY_IMPUTED	2	YX16159T	1	1
STAB_CSY_IMPUTED	2	YX16159T	2	0
STAB_CSY_IMPUTED	2	YX16160T	1	0.00121951219512195
STAB_CSY_IMPUTED	2	YX16160T	2	0.998780487804878
STAB_CSY_IMPUTED	2	YX16161T	1	1
STAB_CSY_IMPUTED	2	YX16161T	2	0
STAB_CSY_IMPUTED	2	YX16166T	1	1
STAB_CSY_IMPUTED	2	YX16166T	2	0
STAB_CSY_IMPUTED	2	YX16177T	1	1
STAB_CSY_IMPUTED	2	YX16177T	2	0
STAB_CSY_IMPUTED	2	YX16178T	1	1
STAB_CSY_IMPUTED	2	YX16178T	2	0
STAB_CSY_IMPUTED	2	YX16180T	1	1
STAB_CSY_IMPUTED	2	YX16180T	2	0
STAB_CSY_IMPUTED	2	YX16185T	1	1
STAB_CSY_IMPUTED	2	YX16185T	2	0
STAB_CSY_IMPUTED	2	YX16188T	1	0.719948849104859
STAB_CSY_IMPUTED	2	YX16188T	2	0.280051150895141
STAB_CSY_IMPUTED	2	YX16194T	1	1
STAB_CSY_IMPUTED	2	YX16194T	2	0
STAB_CSY_IMPUTED	2	YX16202T	1	0.00124378109452736
STAB_CSY_IMPUTED	2	YX16202T	2	0.998756218905473
STAB_CSY_IMPUTED	2	YX16203T	1	1
STAB_CSY_IMPUTED	2	YX16203T	2	0
STAB_CSY_IMPUTED	2	YX16207T	1	1
STAB_CSY_IMPUTED	2	YX16207T	2	0
STAB_CSY_IMPUTED	2	YX16218T	1	1
STAB_CSY_IMPUTED	2	YX16218T	2	0
STAB_CSY_IMPUTED	2	YX16222T	1	1
STAB_CSY_IMPUTED	2	YX16222T	2	0
STAB_CSY_IMPUTED	2	YX16224T	1	1
STAB_CSY_IMPUTED	2	YX16224T	2	0
STAB_CSY_IMPUTED	2	YX16227T	1	1
STAB_CSY_IMPUTED	2	YX16227T	2	0
STAB_CSY_IMPUTED	2	YX16236T	1	1
STAB_CSY_IMPUTED	2	YX16236T	2	0
STAB_CSY_IMPUTED	2	YX15047T	1	0.00861008610086101
STAB_CSY_IMPUTED	2	YX15047T	2	0.991389913899139
STAB_CSY_IMPUTED	2	YX15106T	1	0
STAB_CSY_IMPUTED	2	YX15106T	2	1
STAB_CSY_IMPUTED	2	YX15166T	1	0
STAB_CSY_IMPUTED	2	YX15166T	2	1
STAB_CSY_IMPUTED	2	YX15187T	1	0
STAB_CSY_IMPUTED	2	YX15187T	2	1
STAB_CSY_IMPUTED	2	YX15211T	1	1
STAB_CSY_IMPUTED	2	YX15211T	2	0
STAB_CSY_IMPUTED	2	YX15214T	1	0
STAB_CSY_IMPUTED	2	YX15214T	2	1
STAB_CSY_IMPUTED	2	YX16009T	1	0.958495460440986
STAB_CSY_IMPUTED	2	YX16009T	2	0.0415045395590143
STAB_CSY_IMPUTED	2	YX16011T	1	0
STAB_CSY_IMPUTED	2	YX16011T	2	1
STAB_CSY_IMPUTED	2	YX16068T	1	0
STAB_CSY_IMPUTED	2	YX16068T	2	1
STAB_CSY_IMPUTED	2	YX16070T	1	0
STAB_CSY_IMPUTED	2	YX16070T	2	1
STAB_CSY_IMPUTED	2	YX16075T	1	1
STAB_CSY_IMPUTED	2	YX16075T	2	0
STAB_CSY_IMPUTED	2	YX16079T	1	0
STAB_CSY_IMPUTED	2	YX16079T	2	1
STAB_CSY_IMPUTED	2	YX16087T	1	0
STAB_CSY_IMPUTED	2	YX16087T	2	1
STAB_CSY_IMPUTED	2	YX16094T	1	0
STAB_CSY_IMPUTED	2	YX16094T	2	1
STAB_CSY_IMPUTED	2	YX16172T	1	0
STAB_CSY_IMPUTED	2	YX16172T	2	1
STAB_CSY_IMPUTED	2	YX16295T	1	0
STAB_CSY_IMPUTED	2	YX16295T	2	1
STAB_CSY_IMPUTED	2	YX16327T	1	0
STAB_CSY_IMPUTED	2	YX16327T	2	1
STAB_CSY_IMPUTED	2	YX16335T	1	1
STAB_CSY_IMPUTED	2	YX16335T	2	0
STAB_CSY_IMPUTED	2	YX16341T	1	0
STAB_CSY_IMPUTED	2	YX16341T	2	1
STAB_CSY_IMPUTED	2	YX16343T	1	1
STAB_CSY_IMPUTED	2	YX16343T	2	0
STAB_CSY_IMPUTED	2	YX16347T	1	1
STAB_CSY_IMPUTED	2	YX16347T	2	0
STAB_CSY_IMPUTED	3	YX15261T	1	0.97747183979975
STAB_CSY_IMPUTED	3	YX15261T	2	0.0225281602002503
STAB_CSY_IMPUTED	3	YX15261T	3	0
STAB_CSY_IMPUTED	3	YX15263T	1	1
STAB_CSY_IMPUTED	3	YX15263T	2	0
STAB_CSY_IMPUTED	3	YX15263T	3	0
STAB_CSY_IMPUTED	3	YX15271T	1	0.00254777070063694
STAB_CSY_IMPUTED	3	YX15271T	2	0.997452229299363
STAB_CSY_IMPUTED	3	YX15271T	3	0
STAB_CSY_IMPUTED	3	YX16036T	1	0.0139771283354511
STAB_CSY_IMPUTED	3	YX16036T	2	0.986022871664549
STAB_CSY_IMPUTED	3	YX16036T	3	0
STAB_CSY_IMPUTED	3	YX16041T	1	0.961538461538462
STAB_CSY_IMPUTED	3	YX16041T	2	0.0384615384615385
STAB_CSY_IMPUTED	3	YX16041T	3	0
STAB_CSY_IMPUTED	3	YX16057T	1	0.5925
STAB_CSY_IMPUTED	3	YX16057T	2	0.4075
STAB_CSY_IMPUTED	3	YX16057T	3	0
STAB_CSY_IMPUTED	3	YX16062T	1	1
STAB_CSY_IMPUTED	3	YX16062T	2	0
STAB_CSY_IMPUTED	3	YX16062T	3	0
STAB_CSY_IMPUTED	3	YX16112T	1	0.566131025957973
STAB_CSY_IMPUTED	3	YX16112T	2	0.433868974042027
STAB_CSY_IMPUTED	3	YX16112T	3	0
STAB_CSY_IMPUTED	3	YX16113T	1	0.0901234567901235
STAB_CSY_IMPUTED	3	YX16113T	2	0.909876543209877
STAB_CSY_IMPUTED	3	YX16113T	3	0
STAB_CSY_IMPUTED	3	YX16119T	1	0.987163029525032
STAB_CSY_IMPUTED	3	YX16119T	2	0.0128369704749679
STAB_CSY_IMPUTED	3	YX16119T	3	0
STAB_CSY_IMPUTED	3	YX16120T	1	1
STAB_CSY_IMPUTED	3	YX16120T	2	0
STAB_CSY_IMPUTED	3	YX16120T	3	0
STAB_CSY_IMPUTED	3	YX16127T	1	1
STAB_CSY_IMPUTED	3	YX16127T	2	0
STAB_CSY_IMPUTED	3	YX16127T	3	0
STAB_CSY_IMPUTED	3	YX16128T	1	0.459119496855346
STAB_CSY_IMPUTED	3	YX16128T	2	0.540880503144654
STAB_CSY_IMPUTED	3	YX16128T	3	0
STAB_CSY_IMPUTED	3	YX16130T	1	0.0140485312899106
STAB_CSY_IMPUTED	3	YX16130T	2	0.985951468710089
STAB_CSY_IMPUTED	3	YX16130T	3	0
STAB_CSY_IMPUTED	3	YX16132T	1	0.064070351758794
STAB_CSY_IMPUTED	3	YX16132T	2	0.935929648241206
STAB_CSY_IMPUTED	3	YX16132T	3	0
STAB_CSY_IMPUTED	3	YX16135T	1	0.0037037037037037
STAB_CSY_IMPUTED	3	YX16135T	2	0.996296296296296
STAB_CSY_IMPUTED	3	YX16135T	3	0
STAB_CSY_IMPUTED	3	YX16139T	1	1
STAB_CSY_IMPUTED	3	YX16139T	2	0
STAB_CSY_IMPUTED	3	YX16139T	3	0
STAB_CSY_IMPUTED	3	YX16141T	1	0.00756620428751576
STAB_CSY_IMPUTED	3	YX16141T	2	0.992433795712484
STAB_CSY_IMPUTED	3	YX16141T	3	0
STAB_CSY_IMPUTED	3	YX16144T	1	0.00862068965517241
STAB_CSY_IMPUTED	3	YX16144T	2	0.975369458128079
STAB_CSY_IMPUTED	3	YX16144T	3	0.0160098522167488
STAB_CSY_IMPUTED	3	YX16147T	1	0.331612903225806
STAB_CSY_IMPUTED	3	YX16147T	2	0.667096774193548
STAB_CSY_IMPUTED	3	YX16147T	3	0.00129032258064516
STAB_CSY_IMPUTED	3	YX16153T	1	0.997455470737914
STAB_CSY_IMPUTED	3	YX16153T	2	0.00254452926208651
STAB_CSY_IMPUTED	3	YX16153T	3	0
STAB_CSY_IMPUTED	3	YX16155T	1	0.141414141414141
STAB_CSY_IMPUTED	3	YX16155T	2	0.858585858585859
STAB_CSY_IMPUTED	3	YX16155T	3	0
STAB_CSY_IMPUTED	3	YX16158T	1	0
STAB_CSY_IMPUTED	3	YX16158T	2	0.89746835443038
STAB_CSY_IMPUTED	3	YX16158T	3	0.10253164556962
STAB_CSY_IMPUTED	3	YX16159T	1	0.0012853470437018
STAB_CSY_IMPUTED	3	YX16159T	2	0.998714652956298
STAB_CSY_IMPUTED	3	YX16159T	3	0
STAB_CSY_IMPUTED	3	YX16160T	1	0
STAB_CSY_IMPUTED	3	YX16160T	2	0.00121951219512195
STAB_CSY_IMPUTED	3	YX16160T	3	0.998780487804878
STAB_CSY_IMPUTED	3	YX16161T	1	0.00248447204968944
STAB_CSY_IMPUTED	3	YX16161T	2	0.99751552795031
STAB_CSY_IMPUTED	3	YX16161T	3	0
STAB_CSY_IMPUTED	3	YX16166T	1	1
STAB_CSY_IMPUTED	3	YX16166T	2	0
STAB_CSY_IMPUTED	3	YX16166T	3	0
STAB_CSY_IMPUTED	3	YX16177T	1	1
STAB_CSY_IMPUTED	3	YX16177T	2	0
STAB_CSY_IMPUTED	3	YX16177T	3	0
STAB_CSY_IMPUTED	3	YX16178T	1	1
STAB_CSY_IMPUTED	3	YX16178T	2	0
STAB_CSY_IMPUTED	3	YX16178T	3	0
STAB_CSY_IMPUTED	3	YX16180T	1	0
STAB_CSY_IMPUTED	3	YX16180T	2	1
STAB_CSY_IMPUTED	3	YX16180T	3	0
STAB_CSY_IMPUTED	3	YX16185T	1	1
STAB_CSY_IMPUTED	3	YX16185T	2	0
STAB_CSY_IMPUTED	3	YX16185T	3	0
STAB_CSY_IMPUTED	3	YX16188T	1	0
STAB_CSY_IMPUTED	3	YX16188T	2	0.722506393861893
STAB_CSY_IMPUTED	3	YX16188T	3	0.277493606138107
STAB_CSY_IMPUTED	3	YX16194T	1	0.00257400257400257
STAB_CSY_IMPUTED	3	YX16194T	2	0.997425997425997
STAB_CSY_IMPUTED	3	YX16194T	3	0
STAB_CSY_IMPUTED	3	YX16202T	1	0
STAB_CSY_IMPUTED	3	YX16202T	2	0.00124378109452736
STAB_CSY_IMPUTED	3	YX16202T	3	0.998756218905473
STAB_CSY_IMPUTED	3	YX16203T	1	0.0366161616161616
STAB_CSY_IMPUTED	3	YX16203T	2	0.963383838383838
STAB_CSY_IMPUTED	3	YX16203T	3	0
STAB_CSY_IMPUTED	3	YX16207T	1	0.00382165605095541
STAB_CSY_IMPUTED	3	YX16207T	2	0.996178343949045
STAB_CSY_IMPUTED	3	YX16207T	3	0
STAB_CSY_IMPUTED	3	YX16218T	1	0.28625
STAB_CSY_IMPUTED	3	YX16218T	2	0.71375
STAB_CSY_IMPUTED	3	YX16218T	3	0
STAB_CSY_IMPUTED	3	YX16222T	1	0.917205692108668
STAB_CSY_IMPUTED	3	YX16222T	2	0.0827943078913325
STAB_CSY_IMPUTED	3	YX16222T	3	0
STAB_CSY_IMPUTED	3	YX16224T	1	0.317073170731707
STAB_CSY_IMPUTED	3	YX16224T	2	0.682926829268293
STAB_CSY_IMPUTED	3	YX16224T	3	0
STAB_CSY_IMPUTED	3	YX16227T	1	0.970588235294118
STAB_CSY_IMPUTED	3	YX16227T	2	0.0294117647058824
STAB_CSY_IMPUTED	3	YX16227T	3	0
STAB_CSY_IMPUTED	3	YX16236T	1	0.950570342205323
STAB_CSY_IMPUTED	3	YX16236T	2	0.0494296577946768
STAB_CSY_IMPUTED	3	YX16236T	3	0
STAB_CSY_IMPUTED	3	YX15047T	1	0
STAB_CSY_IMPUTED	3	YX15047T	2	0.00861008610086101
STAB_CSY_IMPUTED	3	YX15047T	3	0.991389913899139
STAB_CSY_IMPUTED	3	YX15106T	1	0
STAB_CSY_IMPUTED	3	YX15106T	2	0
STAB_CSY_IMPUTED	3	YX15106T	3	1
STAB_CSY_IMPUTED	3	YX15166T	1	0
STAB_CSY_IMPUTED	3	YX15166T	2	0
STAB_CSY_IMPUTED	3	YX15166T	3	1
STAB_CSY_IMPUTED	3	YX15187T	1	0
STAB_CSY_IMPUTED	3	YX15187T	2	0
STAB_CSY_IMPUTED	3	YX15187T	3	1
STAB_CSY_IMPUTED	3	YX15211T	1	0.0012453300124533
STAB_CSY_IMPUTED	3	YX15211T	2	0.998754669987547
STAB_CSY_IMPUTED	3	YX15211T	3	0
STAB_CSY_IMPUTED	3	YX15214T	1	0
STAB_CSY_IMPUTED	3	YX15214T	2	0
STAB_CSY_IMPUTED	3	YX15214T	3	1
STAB_CSY_IMPUTED	3	YX16009T	1	0.0012970168612192
STAB_CSY_IMPUTED	3	YX16009T	2	0.957198443579767
STAB_CSY_IMPUTED	3	YX16009T	3	0.0415045395590143
STAB_CSY_IMPUTED	3	YX16011T	1	0
STAB_CSY_IMPUTED	3	YX16011T	2	0
STAB_CSY_IMPUTED	3	YX16011T	3	1
STAB_CSY_IMPUTED	3	YX16068T	1	0
STAB_CSY_IMPUTED	3	YX16068T	2	0
STAB_CSY_IMPUTED	3	YX16068T	3	1
STAB_CSY_IMPUTED	3	YX16070T	1	0
STAB_CSY_IMPUTED	3	YX16070T	2	0
STAB_CSY_IMPUTED	3	YX16070T	3	1
STAB_CSY_IMPUTED	3	YX16075T	1	0.00123304562268804
STAB_CSY_IMPUTED	3	YX16075T	2	0.998766954377312
STAB_CSY_IMPUTED	3	YX16075T	3	0
STAB_CSY_IMPUTED	3	YX16079T	1	0
STAB_CSY_IMPUTED	3	YX16079T	2	0
STAB_CSY_IMPUTED	3	YX16079T	3	1
STAB_CSY_IMPUTED	3	YX16087T	1	0
STAB_CSY_IMPUTED	3	YX16087T	2	0
STAB_CSY_IMPUTED	3	YX16087T	3	1
STAB_CSY_IMPUTED	3	YX16094T	1	0
STAB_CSY_IMPUTED	3	YX16094T	2	0
STAB_CSY_IMPUTED	3	YX16094T	3	1
STAB_CSY_IMPUTED	3	YX16172T	1	0
STAB_CSY_IMPUTED	3	YX16172T	2	0
STAB_CSY_IMPUTED	3	YX16172T	3	1
STAB_CSY_IMPUTED	3	YX16295T	1	0
STAB_CSY_IMPUTED	3	YX16295T	2	0
STAB_CSY_IMPUTED	3	YX16295T	3	1
STAB_CSY_IMPUTED	3	YX16327T	1	0
STAB_CSY_IMPUTED	3	YX16327T	2	0
STAB_CSY_IMPUTED	3	YX16327T	3	1
STAB_CSY_IMPUTED	3	YX16335T	1	1
STAB_CSY_IMPUTED	3	YX16335T	2	0
STAB_CSY_IMPUTED	3	YX16335T	3	0
STAB_CSY_IMPUTED	3	YX16341T	1	0
STAB_CSY_IMPUTED	3	YX16341T	2	0
STAB_CSY_IMPUTED	3	YX16341T	3	1
STAB_CSY_IMPUTED	3	YX16343T	1	0.0204865556978233
STAB_CSY_IMPUTED	3	YX16343T	2	0.979513444302177
STAB_CSY_IMPUTED	3	YX16343T	3	0
STAB_CSY_IMPUTED	3	YX16347T	1	0.987437185929648
STAB_CSY_IMPUTED	3	YX16347T	2	0.0125628140703518
STAB_CSY_IMPUTED	3	YX16347T	3	0
STAB_CSY_IMPUTED	4	YX15261T	1	0.951188986232791
STAB_CSY_IMPUTED	4	YX15261T	2	0.00375469336670839
STAB_CSY_IMPUTED	4	YX15261T	3	0.0450563204005006
STAB_CSY_IMPUTED	4	YX15261T	4	0
STAB_CSY_IMPUTED	4	YX15263T	1	1
STAB_CSY_IMPUTED	4	YX15263T	2	0
STAB_CSY_IMPUTED	4	YX15263T	3	0
STAB_CSY_IMPUTED	4	YX15263T	4	0
STAB_CSY_IMPUTED	4	YX15271T	1	0
STAB_CSY_IMPUTED	4	YX15271T	2	0.979617834394904
STAB_CSY_IMPUTED	4	YX15271T	3	0.0203821656050955
STAB_CSY_IMPUTED	4	YX15271T	4	0
STAB_CSY_IMPUTED	4	YX16036T	1	0.00127064803049555
STAB_CSY_IMPUTED	4	YX16036T	2	0.903430749682338
STAB_CSY_IMPUTED	4	YX16036T	3	0.0952986022871665
STAB_CSY_IMPUTED	4	YX16036T	4	0
STAB_CSY_IMPUTED	4	YX16041T	1	0.937179487179487
STAB_CSY_IMPUTED	4	YX16041T	2	0.0282051282051282
STAB_CSY_IMPUTED	4	YX16041T	3	0.0346153846153846
STAB_CSY_IMPUTED	4	YX16041T	4	0
STAB_CSY_IMPUTED	4	YX16057T	1	0.51625
STAB_CSY_IMPUTED	4	YX16057T	2	0.31375
STAB_CSY_IMPUTED	4	YX16057T	3	0.17
STAB_CSY_IMPUTED	4	YX16057T	4	0
STAB_CSY_IMPUTED	4	YX16062T	1	1
STAB_CSY_IMPUTED	4	YX16062T	2	0
STAB_CSY_IMPUTED	4	YX16062T	3	0
STAB_CSY_IMPUTED	4	YX16062T	4	0
STAB_CSY_IMPUTED	4	YX16112T	1	0.503090234857849
STAB_CSY_IMPUTED	4	YX16112T	2	0.294190358467244
STAB_CSY_IMPUTED	4	YX16112T	3	0.202719406674907
STAB_CSY_IMPUTED	4	YX16112T	4	0
STAB_CSY_IMPUTED	4	YX16113T	1	0.0604938271604938
STAB_CSY_IMPUTED	4	YX16113T	2	0.68641975308642
STAB_CSY_IMPUTED	4	YX16113T	3	0.253086419753086
STAB_CSY_IMPUTED	4	YX16113T	4	0
STAB_CSY_IMPUTED	4	YX16119T	1	0.956354300385109
STAB_CSY_IMPUTED	4	YX16119T	2	0.0102695763799743
STAB_CSY_IMPUTED	4	YX16119T	3	0.0333761232349166
STAB_CSY_IMPUTED	4	YX16119T	4	0
STAB_CSY_IMPUTED	4	YX16120T	1	0.99746835443038
STAB_CSY_IMPUTED	4	YX16120T	2	0
STAB_CSY_IMPUTED	4	YX16120T	3	0.00253164556962025
STAB_CSY_IMPUTED	4	YX16120T	4	0
STAB_CSY_IMPUTED	4	YX16127T	1	1
STAB_CSY_IMPUTED	4	YX16127T	2	0
STAB_CSY_IMPUTED	4	YX16127T	3	0
STAB_CSY_IMPUTED	4	YX16127T	4	0
STAB_CSY_IMPUTED	4	YX16128T	1	0.371069182389937
STAB_CSY_IMPUTED	4	YX16128T	2	0.383647798742138
STAB_CSY_IMPUTED	4	YX16128T	3	0.245283018867925
STAB_CSY_IMPUTED	4	YX16128T	4	0
STAB_CSY_IMPUTED	4	YX16130T	1	0.00127713920817369
STAB_CSY_IMPUTED	4	YX16130T	2	0.908045977011494
STAB_CSY_IMPUTED	4	YX16130T	3	0.0906768837803321
STAB_CSY_IMPUTED	4	YX16130T	4	0
STAB_CSY_IMPUTED	4	YX16132T	1	0.0577889447236181
STAB_CSY_IMPUTED	4	YX16132T	2	0.701005025125628
STAB_CSY_IMPUTED	4	YX16132T	3	0.241206030150754
STAB_CSY_IMPUTED	4	YX16132T	4	0
STAB_CSY_IMPUTED	4	YX16135T	1	0.00123456790123457
STAB_CSY_IMPUTED	4	YX16135T	2	0.977777777777778
STAB_CSY_IMPUTED	4	YX16135T	3	0.0209876543209877
STAB_CSY_IMPUTED	4	YX16135T	4	0
STAB_CSY_IMPUTED	4	YX16139T	1	1
STAB_CSY_IMPUTED	4	YX16139T	2	0
STAB_CSY_IMPUTED	4	YX16139T	3	0
STAB_CSY_IMPUTED	4	YX16139T	4	0
STAB_CSY_IMPUTED	4	YX16141T	1	0.00126103404791929
STAB_CSY_IMPUTED	4	YX16141T	2	0.853720050441362
STAB_CSY_IMPUTED	4	YX16141T	3	0.145018915510719
STAB_CSY_IMPUTED	4	YX16141T	4	0
STAB_CSY_IMPUTED	4	YX16144T	1	0.00369458128078818
STAB_CSY_IMPUTED	4	YX16144T	2	0.657635467980296
STAB_CSY_IMPUTED	4	YX16144T	3	0.336206896551724
STAB_CSY_IMPUTED	4	YX16144T	4	0.00246305418719212
STAB_CSY_IMPUTED	4	YX16147T	1	0.252903225806452
STAB_CSY_IMPUTED	4	YX16147T	2	0.436129032258065
STAB_CSY_IMPUTED	4	YX16147T	3	0.310967741935484
STAB_CSY_IMPUTED	4	YX16147T	4	0
STAB_CSY_IMPUTED	4	YX16153T	1	0.988549618320611
STAB_CSY_IMPUTED	4	YX16153T	2	0.00127226463104326
STAB_CSY_IMPUTED	4	YX16153T	3	0.0101781170483461
STAB_CSY_IMPUTED	4	YX16153T	4	0
STAB_CSY_IMPUTED	4	YX16155T	1	0.106060606060606
STAB_CSY_IMPUTED	4	YX16155T	2	0.736111111111111
STAB_CSY_IMPUTED	4	YX16155T	3	0.157828282828283
STAB_CSY_IMPUTED	4	YX16155T	4	0
STAB_CSY_IMPUTED	4	YX16158T	1	0
STAB_CSY_IMPUTED	4	YX16158T	2	0.527848101265823
STAB_CSY_IMPUTED	4	YX16158T	3	0.406329113924051
STAB_CSY_IMPUTED	4	YX16158T	4	0.0658227848101266
STAB_CSY_IMPUTED	4	YX16159T	1	0
STAB_CSY_IMPUTED	4	YX16159T	2	0.987146529562982
STAB_CSY_IMPUTED	4	YX16159T	3	0.012853470437018
STAB_CSY_IMPUTED	4	YX16159T	4	0
STAB_CSY_IMPUTED	4	YX16160T	1	0
STAB_CSY_IMPUTED	4	YX16160T	2	0.00121951219512195
STAB_CSY_IMPUTED	4	YX16160T	3	0.0024390243902439
STAB_CSY_IMPUTED	4	YX16160T	4	0.996341463414634
STAB_CSY_IMPUTED	4	YX16161T	1	0
STAB_CSY_IMPUTED	4	YX16161T	2	0.980124223602485
STAB_CSY_IMPUTED	4	YX16161T	3	0.0198757763975155
STAB_CSY_IMPUTED	4	YX16161T	4	0
STAB_CSY_IMPUTED	4	YX16166T	1	0.997455470737914
STAB_CSY_IMPUTED	4	YX16166T	2	0
STAB_CSY_IMPUTED	4	YX16166T	3	0.00254452926208651
STAB_CSY_IMPUTED	4	YX16166T	4	0
STAB_CSY_IMPUTED	4	YX16177T	1	0.993581514762516
STAB_CSY_IMPUTED	4	YX16177T	2	0
STAB_CSY_IMPUTED	4	YX16177T	3	0.00641848523748395
STAB_CSY_IMPUTED	4	YX16177T	4	0
STAB_CSY_IMPUTED	4	YX16178T	1	0.99618320610687
STAB_CSY_IMPUTED	4	YX16178T	2	0
STAB_CSY_IMPUTED	4	YX16178T	3	0.00381679389312977
STAB_CSY_IMPUTED	4	YX16178T	4	0
STAB_CSY_IMPUTED	4	YX16180T	1	0
STAB_CSY_IMPUTED	4	YX16180T	2	0.987468671679198
STAB_CSY_IMPUTED	4	YX16180T	3	0.012531328320802
STAB_CSY_IMPUTED	4	YX16180T	4	0
STAB_CSY_IMPUTED	4	YX16185T	1	0.85823754789272
STAB_CSY_IMPUTED	4	YX16185T	2	0.00127713920817369
STAB_CSY_IMPUTED	4	YX16185T	3	0.140485312899106
STAB_CSY_IMPUTED	4	YX16185T	4	0
STAB_CSY_IMPUTED	4	YX16188T	1	0
STAB_CSY_IMPUTED	4	YX16188T	2	0.364450127877238
STAB_CSY_IMPUTED	4	YX16188T	3	0.410485933503836
STAB_CSY_IMPUTED	4	YX16188T	4	0.225063938618926
STAB_CSY_IMPUTED	4	YX16194T	1	0
STAB_CSY_IMPUTED	4	YX16194T	2	0.966537966537967
STAB_CSY_IMPUTED	4	YX16194T	3	0.0334620334620335
STAB_CSY_IMPUTED	4	YX16194T	4	0
STAB_CSY_IMPUTED	4	YX16202T	1	0
STAB_CSY_IMPUTED	4	YX16202T	2	0
STAB_CSY_IMPUTED	4	YX16202T	3	0.0124378109452736
STAB_CSY_IMPUTED	4	YX16202T	4	0.987562189054726
STAB_CSY_IMPUTED	4	YX16203T	1	0.0303030303030303
STAB_CSY_IMPUTED	4	YX16203T	2	0.922979797979798
STAB_CSY_IMPUTED	4	YX16203T	3	0.0467171717171717
STAB_CSY_IMPUTED	4	YX16203T	4	0
STAB_CSY_IMPUTED	4	YX16207T	1	0.00127388535031847
STAB_CSY_IMPUTED	4	YX16207T	2	0.978343949044586
STAB_CSY_IMPUTED	4	YX16207T	3	0.0203821656050955
STAB_CSY_IMPUTED	4	YX16207T	4	0
STAB_CSY_IMPUTED	4	YX16218T	1	0.27125
STAB_CSY_IMPUTED	4	YX16218T	2	0.69125
STAB_CSY_IMPUTED	4	YX16218T	3	0.0375
STAB_CSY_IMPUTED	4	YX16218T	4	0
STAB_CSY_IMPUTED	4	YX16222T	1	0.890038809831824
STAB_CSY_IMPUTED	4	YX16222T	2	0.0595084087968952
STAB_CSY_IMPUTED	4	YX16222T	3	0.0504527813712807
STAB_CSY_IMPUTED	4	YX16222T	4	0
STAB_CSY_IMPUTED	4	YX16224T	1	0.274711168164313
STAB_CSY_IMPUTED	4	YX16224T	2	0.636713735558408
STAB_CSY_IMPUTED	4	YX16224T	3	0.0885750962772786
STAB_CSY_IMPUTED	4	YX16224T	4	0
STAB_CSY_IMPUTED	4	YX16227T	1	0.956521739130435
STAB_CSY_IMPUTED	4	YX16227T	2	0.0217391304347826
STAB_CSY_IMPUTED	4	YX16227T	3	0.0217391304347826
STAB_CSY_IMPUTED	4	YX16227T	4	0
STAB_CSY_IMPUTED	4	YX16236T	1	0.929024081115336
STAB_CSY_IMPUTED	4	YX16236T	2	0.0240811153358682
STAB_CSY_IMPUTED	4	YX16236T	3	0.0468948035487959
STAB_CSY_IMPUTED	4	YX16236T	4	0
STAB_CSY_IMPUTED	4	YX15047T	1	0
STAB_CSY_IMPUTED	4	YX15047T	2	0.001230012300123
STAB_CSY_IMPUTED	4	YX15047T	3	0.015990159901599
STAB_CSY_IMPUTED	4	YX15047T	4	0.982779827798278
STAB_CSY_IMPUTED	4	YX15106T	1	0
STAB_CSY_IMPUTED	4	YX15106T	2	0
STAB_CSY_IMPUTED	4	YX15106T	3	0
STAB_CSY_IMPUTED	4	YX15106T	4	1
STAB_CSY_IMPUTED	4	YX15166T	1	0
STAB_CSY_IMPUTED	4	YX15166T	2	0
STAB_CSY_IMPUTED	4	YX15166T	3	0
STAB_CSY_IMPUTED	4	YX15166T	4	1
STAB_CSY_IMPUTED	4	YX15187T	1	0
STAB_CSY_IMPUTED	4	YX15187T	2	0
STAB_CSY_IMPUTED	4	YX15187T	3	0
STAB_CSY_IMPUTED	4	YX15187T	4	1
STAB_CSY_IMPUTED	4	YX15211T	1	0.0012453300124533
STAB_CSY_IMPUTED	4	YX15211T	2	0.790784557907846
STAB_CSY_IMPUTED	4	YX15211T	3	0.207970112079701
STAB_CSY_IMPUTED	4	YX15211T	4	0
STAB_CSY_IMPUTED	4	YX15214T	1	0
STAB_CSY_IMPUTED	4	YX15214T	2	0
STAB_CSY_IMPUTED	4	YX15214T	3	0
STAB_CSY_IMPUTED	4	YX15214T	4	1
STAB_CSY_IMPUTED	4	YX16009T	1	0
STAB_CSY_IMPUTED	4	YX16009T	2	0.64461738002594
STAB_CSY_IMPUTED	4	YX16009T	3	0.339818417639429
STAB_CSY_IMPUTED	4	YX16009T	4	0.0155642023346304
STAB_CSY_IMPUTED	4	YX16011T	1	0
STAB_CSY_IMPUTED	4	YX16011T	2	0
STAB_CSY_IMPUTED	4	YX16011T	3	0
STAB_CSY_IMPUTED	4	YX16011T	4	1
STAB_CSY_IMPUTED	4	YX16068T	1	0
STAB_CSY_IMPUTED	4	YX16068T	2	0
STAB_CSY_IMPUTED	4	YX16068T	3	0
STAB_CSY_IMPUTED	4	YX16068T	4	1
STAB_CSY_IMPUTED	4	YX16070T	1	0
STAB_CSY_IMPUTED	4	YX16070T	2	0
STAB_CSY_IMPUTED	4	YX16070T	3	0
STAB_CSY_IMPUTED	4	YX16070T	4	1
STAB_CSY_IMPUTED	4	YX16075T	1	0
STAB_CSY_IMPUTED	4	YX16075T	2	0.917385943279901
STAB_CSY_IMPUTED	4	YX16075T	3	0.0826140567200986
STAB_CSY_IMPUTED	4	YX16075T	4	0
STAB_CSY_IMPUTED	4	YX16079T	1	0
STAB_CSY_IMPUTED	4	YX16079T	2	0
STAB_CSY_IMPUTED	4	YX16079T	3	0
STAB_CSY_IMPUTED	4	YX16079T	4	1
STAB_CSY_IMPUTED	4	YX16087T	1	0
STAB_CSY_IMPUTED	4	YX16087T	2	0
STAB_CSY_IMPUTED	4	YX16087T	3	0
STAB_CSY_IMPUTED	4	YX16087T	4	1
STAB_CSY_IMPUTED	4	YX16094T	1	0
STAB_CSY_IMPUTED	4	YX16094T	2	0
STAB_CSY_IMPUTED	4	YX16094T	3	0
STAB_CSY_IMPUTED	4	YX16094T	4	1
STAB_CSY_IMPUTED	4	YX16172T	1	0
STAB_CSY_IMPUTED	4	YX16172T	2	0
STAB_CSY_IMPUTED	4	YX16172T	3	0
STAB_CSY_IMPUTED	4	YX16172T	4	1
STAB_CSY_IMPUTED	4	YX16295T	1	0
STAB_CSY_IMPUTED	4	YX16295T	2	0
STAB_CSY_IMPUTED	4	YX16295T	3	0
STAB_CSY_IMPUTED	4	YX16295T	4	1
STAB_CSY_IMPUTED	4	YX16327T	1	0
STAB_CSY_IMPUTED	4	YX16327T	2	0
STAB_CSY_IMPUTED	4	YX16327T	3	0
STAB_CSY_IMPUTED	4	YX16327T	4	1
STAB_CSY_IMPUTED	4	YX16335T	1	0.998717948717949
STAB_CSY_IMPUTED	4	YX16335T	2	0
STAB_CSY_IMPUTED	4	YX16335T	3	0.00128205128205128
STAB_CSY_IMPUTED	4	YX16335T	4	0
STAB_CSY_IMPUTED	4	YX16341T	1	0
STAB_CSY_IMPUTED	4	YX16341T	2	0
STAB_CSY_IMPUTED	4	YX16341T	3	0
STAB_CSY_IMPUTED	4	YX16341T	4	1
STAB_CSY_IMPUTED	4	YX16343T	1	0.00128040973111396
STAB_CSY_IMPUTED	4	YX16343T	2	0.855313700384123
STAB_CSY_IMPUTED	4	YX16343T	3	0.143405889884763
STAB_CSY_IMPUTED	4	YX16343T	4	0
STAB_CSY_IMPUTED	4	YX16347T	1	0.67713567839196
STAB_CSY_IMPUTED	4	YX16347T	2	0.00125628140703518
STAB_CSY_IMPUTED	4	YX16347T	3	0.321608040201005
STAB_CSY_IMPUTED	4	YX16347T	4	0
STAB_CSY_IMPUTED	5	YX15261T	1	0.937421777221527
STAB_CSY_IMPUTED	5	YX15261T	2	0.016270337922403
STAB_CSY_IMPUTED	5	YX15261T	3	0.0362953692115144
STAB_CSY_IMPUTED	5	YX15261T	4	0.0100125156445557
STAB_CSY_IMPUTED	5	YX15261T	5	0
STAB_CSY_IMPUTED	5	YX15263T	1	0.998712998712999
STAB_CSY_IMPUTED	5	YX15263T	2	0
STAB_CSY_IMPUTED	5	YX15263T	3	0.00128700128700129
STAB_CSY_IMPUTED	5	YX15263T	4	0
STAB_CSY_IMPUTED	5	YX15263T	5	0
STAB_CSY_IMPUTED	5	YX15271T	1	0
STAB_CSY_IMPUTED	5	YX15271T	2	0.929936305732484
STAB_CSY_IMPUTED	5	YX15271T	3	0.00382165605095541
STAB_CSY_IMPUTED	5	YX15271T	4	0.0662420382165605
STAB_CSY_IMPUTED	5	YX15271T	5	0
STAB_CSY_IMPUTED	5	YX16036T	1	0
STAB_CSY_IMPUTED	5	YX16036T	2	0.89707750952986
STAB_CSY_IMPUTED	5	YX16036T	3	0.0495552731893266
STAB_CSY_IMPUTED	5	YX16036T	4	0.0533672172808132
STAB_CSY_IMPUTED	5	YX16036T	5	0
STAB_CSY_IMPUTED	5	YX16041T	1	0.9
STAB_CSY_IMPUTED	5	YX16041T	2	0.0243589743589744
STAB_CSY_IMPUTED	5	YX16041T	3	0.0615384615384615
STAB_CSY_IMPUTED	5	YX16041T	4	0.0141025641025641
STAB_CSY_IMPUTED	5	YX16041T	5	0
STAB_CSY_IMPUTED	5	YX16057T	1	0.42
STAB_CSY_IMPUTED	5	YX16057T	2	0.2425
STAB_CSY_IMPUTED	5	YX16057T	3	0.26625
STAB_CSY_IMPUTED	5	YX16057T	4	0.07125
STAB_CSY_IMPUTED	5	YX16057T	5	0
STAB_CSY_IMPUTED	5	YX16062T	1	0.99873257287706
STAB_CSY_IMPUTED	5	YX16062T	2	0
STAB_CSY_IMPUTED	5	YX16062T	3	0.00126742712294043
STAB_CSY_IMPUTED	5	YX16062T	4	0
STAB_CSY_IMPUTED	5	YX16062T	5	0
STAB_CSY_IMPUTED	5	YX16112T	1	0.411619283065513
STAB_CSY_IMPUTED	5	YX16112T	2	0.180469715698393
STAB_CSY_IMPUTED	5	YX16112T	3	0.257107540173053
STAB_CSY_IMPUTED	5	YX16112T	4	0.150803461063041
STAB_CSY_IMPUTED	5	YX16112T	5	0
STAB_CSY_IMPUTED	5	YX16113T	1	0.0320987654320988
STAB_CSY_IMPUTED	5	YX16113T	2	0.423456790123457
STAB_CSY_IMPUTED	5	YX16113T	3	0.106172839506173
STAB_CSY_IMPUTED	5	YX16113T	4	0.438271604938272
STAB_CSY_IMPUTED	5	YX16113T	5	0
STAB_CSY_IMPUTED	5	YX16119T	1	0.905006418485237
STAB_CSY_IMPUTED	5	YX16119T	2	0.0115532734274711
STAB_CSY_IMPUTED	5	YX16119T	3	0.0744544287548139
STAB_CSY_IMPUTED	5	YX16119T	4	0.00898587933247754
STAB_CSY_IMPUTED	5	YX16119T	5	0
STAB_CSY_IMPUTED	5	YX16120T	1	0.991139240506329
STAB_CSY_IMPUTED	5	YX16120T	2	0
STAB_CSY_IMPUTED	5	YX16120T	3	0.00886075949367089
STAB_CSY_IMPUTED	5	YX16120T	4	0
STAB_CSY_IMPUTED	5	YX16120T	5	0
STAB_CSY_IMPUTED	5	YX16127T	1	1
STAB_CSY_IMPUTED	5	YX16127T	2	0
STAB_CSY_IMPUTED	5	YX16127T	3	0
STAB_CSY_IMPUTED	5	YX16127T	4	0
STAB_CSY_IMPUTED	5	YX16127T	5	0
STAB_CSY_IMPUTED	5	YX16128T	1	0.261635220125786
STAB_CSY_IMPUTED	5	YX16128T	2	0.265408805031447
STAB_CSY_IMPUTED	5	YX16128T	3	0.316981132075472
STAB_CSY_IMPUTED	5	YX16128T	4	0.155974842767296
STAB_CSY_IMPUTED	5	YX16128T	5	0
STAB_CSY_IMPUTED	5	YX16130T	1	0.00127713920817369
STAB_CSY_IMPUTED	5	YX16130T	2	0.933588761174968
STAB_CSY_IMPUTED	5	YX16130T	3	0.0319284802043423
STAB_CSY_IMPUTED	5	YX16130T	4	0.033205619412516
STAB_CSY_IMPUTED	5	YX16130T	5	0
STAB_CSY_IMPUTED	5	YX16132T	1	0.042713567839196
STAB_CSY_IMPUTED	5	YX16132T	2	0.413316582914573
STAB_CSY_IMPUTED	5	YX16132T	3	0.0565326633165829
STAB_CSY_IMPUTED	5	YX16132T	4	0.487437185929648
STAB_CSY_IMPUTED	5	YX16132T	5	0
STAB_CSY_IMPUTED	5	YX16135T	1	0
STAB_CSY_IMPUTED	5	YX16135T	2	0.937037037037037
STAB_CSY_IMPUTED	5	YX16135T	3	0.00864197530864197
STAB_CSY_IMPUTED	5	YX16135T	4	0.054320987654321
STAB_CSY_IMPUTED	5	YX16135T	5	0
STAB_CSY_IMPUTED	5	YX16139T	1	0.998724489795918
STAB_CSY_IMPUTED	5	YX16139T	2	0
STAB_CSY_IMPUTED	5	YX16139T	3	0
STAB_CSY_IMPUTED	5	YX16139T	4	0.00127551020408163
STAB_CSY_IMPUTED	5	YX16139T	5	0
STAB_CSY_IMPUTED	5	YX16141T	1	0
STAB_CSY_IMPUTED	5	YX16141T	2	0.648171500630517
STAB_CSY_IMPUTED	5	YX16141T	3	0.0479192938209332
STAB_CSY_IMPUTED	5	YX16141T	4	0.30390920554855
STAB_CSY_IMPUTED	5	YX16141T	5	0
STAB_CSY_IMPUTED	5	YX16144T	1	0.00123152709359606
STAB_CSY_IMPUTED	5	YX16144T	2	0.396551724137931
STAB_CSY_IMPUTED	5	YX16144T	3	0.041871921182266
STAB_CSY_IMPUTED	5	YX16144T	4	0.560344827586207
STAB_CSY_IMPUTED	5	YX16144T	5	0
STAB_CSY_IMPUTED	5	YX16147T	1	0.16
STAB_CSY_IMPUTED	5	YX16147T	2	0.272258064516129
STAB_CSY_IMPUTED	5	YX16147T	3	0.305806451612903
STAB_CSY_IMPUTED	5	YX16147T	4	0.261935483870968
STAB_CSY_IMPUTED	5	YX16147T	5	0
STAB_CSY_IMPUTED	5	YX16153T	1	0.970737913486005
STAB_CSY_IMPUTED	5	YX16153T	2	0.00381679389312977
STAB_CSY_IMPUTED	5	YX16153T	3	0.0229007633587786
STAB_CSY_IMPUTED	5	YX16153T	4	0.00254452926208651
STAB_CSY_IMPUTED	5	YX16153T	5	0
STAB_CSY_IMPUTED	5	YX16155T	1	0.0946969696969697
STAB_CSY_IMPUTED	5	YX16155T	2	0.756313131313131
STAB_CSY_IMPUTED	5	YX16155T	3	0.0845959595959596
STAB_CSY_IMPUTED	5	YX16155T	4	0.0643939393939394
STAB_CSY_IMPUTED	5	YX16155T	5	0
STAB_CSY_IMPUTED	5	YX16158T	1	0
STAB_CSY_IMPUTED	5	YX16158T	2	0.250632911392405
STAB_CSY_IMPUTED	5	YX16158T	3	0.0379746835443038
STAB_CSY_IMPUTED	5	YX16158T	4	0.670886075949367
STAB_CSY_IMPUTED	5	YX16158T	5	0.040506329113924
STAB_CSY_IMPUTED	5	YX16159T	1	0
STAB_CSY_IMPUTED	5	YX16159T	2	0.944730077120823
STAB_CSY_IMPUTED	5	YX16159T	3	0.0012853470437018
STAB_CSY_IMPUTED	5	YX16159T	4	0.0539845758354756
STAB_CSY_IMPUTED	5	YX16159T	5	0
STAB_CSY_IMPUTED	5	YX16160T	1	0
STAB_CSY_IMPUTED	5	YX16160T	2	0
STAB_CSY_IMPUTED	5	YX16160T	3	0.00121951219512195
STAB_CSY_IMPUTED	5	YX16160T	4	0.0170731707317073
STAB_CSY_IMPUTED	5	YX16160T	5	0.981707317073171
STAB_CSY_IMPUTED	5	YX16161T	1	0
STAB_CSY_IMPUTED	5	YX16161T	2	0.914285714285714
STAB_CSY_IMPUTED	5	YX16161T	3	0.00745341614906832
STAB_CSY_IMPUTED	5	YX16161T	4	0.0782608695652174
STAB_CSY_IMPUTED	5	YX16161T	5	0
STAB_CSY_IMPUTED	5	YX16166T	1	0.99236641221374
STAB_CSY_IMPUTED	5	YX16166T	2	0
STAB_CSY_IMPUTED	5	YX16166T	3	0.00763358778625954
STAB_CSY_IMPUTED	5	YX16166T	4	0
STAB_CSY_IMPUTED	5	YX16166T	5	0
STAB_CSY_IMPUTED	5	YX16177T	1	0.983311938382542
STAB_CSY_IMPUTED	5	YX16177T	2	0
STAB_CSY_IMPUTED	5	YX16177T	3	0.0154043645699615
STAB_CSY_IMPUTED	5	YX16177T	4	0.00128369704749679
STAB_CSY_IMPUTED	5	YX16177T	5	0
STAB_CSY_IMPUTED	5	YX16178T	1	0.979643765903308
STAB_CSY_IMPUTED	5	YX16178T	2	0
STAB_CSY_IMPUTED	5	YX16178T	3	0.0178117048346056
STAB_CSY_IMPUTED	5	YX16178T	4	0.00254452926208651
STAB_CSY_IMPUTED	5	YX16178T	5	0
STAB_CSY_IMPUTED	5	YX16180T	1	0
STAB_CSY_IMPUTED	5	YX16180T	2	0.911027568922306
STAB_CSY_IMPUTED	5	YX16180T	3	0.006265664160401
STAB_CSY_IMPUTED	5	YX16180T	4	0.0827067669172932
STAB_CSY_IMPUTED	5	YX16180T	5	0
STAB_CSY_IMPUTED	5	YX16185T	1	0.639846743295019
STAB_CSY_IMPUTED	5	YX16185T	2	0.00766283524904215
STAB_CSY_IMPUTED	5	YX16185T	3	0.21455938697318
STAB_CSY_IMPUTED	5	YX16185T	4	0.137931034482759
STAB_CSY_IMPUTED	5	YX16185T	5	0
STAB_CSY_IMPUTED	5	YX16188T	1	0
STAB_CSY_IMPUTED	5	YX16188T	2	0.10613810741688
STAB_CSY_IMPUTED	5	YX16188T	3	0.0179028132992327
STAB_CSY_IMPUTED	5	YX16188T	4	0.677749360613811
STAB_CSY_IMPUTED	5	YX16188T	5	0.198209718670077
STAB_CSY_IMPUTED	5	YX16194T	1	0
STAB_CSY_IMPUTED	5	YX16194T	2	0.953667953667954
STAB_CSY_IMPUTED	5	YX16194T	3	0.00386100386100386
STAB_CSY_IMPUTED	5	YX16194T	4	0.0424710424710425
STAB_CSY_IMPUTED	5	YX16194T	5	0
STAB_CSY_IMPUTED	5	YX16202T	1	0
STAB_CSY_IMPUTED	5	YX16202T	2	0
STAB_CSY_IMPUTED	5	YX16202T	3	0.00373134328358209
STAB_CSY_IMPUTED	5	YX16202T	4	0.0310945273631841
STAB_CSY_IMPUTED	5	YX16202T	5	0.965174129353234
STAB_CSY_IMPUTED	5	YX16203T	1	0.0252525252525253
STAB_CSY_IMPUTED	5	YX16203T	2	0.840909090909091
STAB_CSY_IMPUTED	5	YX16203T	3	0.023989898989899
STAB_CSY_IMPUTED	5	YX16203T	4	0.109848484848485
STAB_CSY_IMPUTED	5	YX16203T	5	0
STAB_CSY_IMPUTED	5	YX16207T	1	0
STAB_CSY_IMPUTED	5	YX16207T	2	0.940127388535032
STAB_CSY_IMPUTED	5	YX16207T	3	0.00764331210191083
STAB_CSY_IMPUTED	5	YX16207T	4	0.0522292993630573
STAB_CSY_IMPUTED	5	YX16207T	5	0
STAB_CSY_IMPUTED	5	YX16218T	1	0.255
STAB_CSY_IMPUTED	5	YX16218T	2	0.67125
STAB_CSY_IMPUTED	5	YX16218T	3	0.04625
STAB_CSY_IMPUTED	5	YX16218T	4	0.0275
STAB_CSY_IMPUTED	5	YX16218T	5	0
STAB_CSY_IMPUTED	5	YX16222T	1	0.839586028460543
STAB_CSY_IMPUTED	5	YX16222T	2	0.0465717981888745
STAB_CSY_IMPUTED	5	YX16222T	3	0.0905562742561449
STAB_CSY_IMPUTED	5	YX16222T	4	0.0232858990944373
STAB_CSY_IMPUTED	5	YX16222T	5	0
STAB_CSY_IMPUTED	5	YX16224T	1	0.215661103979461
STAB_CSY_IMPUTED	5	YX16224T	2	0.595635430038511
STAB_CSY_IMPUTED	5	YX16224T	3	0.142490372272144
STAB_CSY_IMPUTED	5	YX16224T	4	0.0462130937098845
STAB_CSY_IMPUTED	5	YX16224T	5	0
STAB_CSY_IMPUTED	5	YX16227T	1	0.938618925831202
STAB_CSY_IMPUTED	5	YX16227T	2	0.0179028132992327
STAB_CSY_IMPUTED	5	YX16227T	3	0.0345268542199488
STAB_CSY_IMPUTED	5	YX16227T	4	0.00895140664961637
STAB_CSY_IMPUTED	5	YX16227T	5	0
STAB_CSY_IMPUTED	5	YX16236T	1	0.916349809885932
STAB_CSY_IMPUTED	5	YX16236T	2	0.0380228136882129
STAB_CSY_IMPUTED	5	YX16236T	3	0.0392902408111534
STAB_CSY_IMPUTED	5	YX16236T	4	0.00633713561470215
STAB_CSY_IMPUTED	5	YX16236T	5	0
STAB_CSY_IMPUTED	5	YX15047T	1	0
STAB_CSY_IMPUTED	5	YX15047T	2	0.003690036900369
STAB_CSY_IMPUTED	5	YX15047T	3	0.03690036900369
STAB_CSY_IMPUTED	5	YX15047T	4	0.03690036900369
STAB_CSY_IMPUTED	5	YX15047T	5	0.922509225092251
STAB_CSY_IMPUTED	5	YX15106T	1	0
STAB_CSY_IMPUTED	5	YX15106T	2	0
STAB_CSY_IMPUTED	5	YX15106T	3	0
STAB_CSY_IMPUTED	5	YX15106T	4	0
STAB_CSY_IMPUTED	5	YX15106T	5	1
STAB_CSY_IMPUTED	5	YX15166T	1	0
STAB_CSY_IMPUTED	5	YX15166T	2	0
STAB_CSY_IMPUTED	5	YX15166T	3	0
STAB_CSY_IMPUTED	5	YX15166T	4	0
STAB_CSY_IMPUTED	5	YX15166T	5	1
STAB_CSY_IMPUTED	5	YX15187T	1	0
STAB_CSY_IMPUTED	5	YX15187T	2	0
STAB_CSY_IMPUTED	5	YX15187T	3	0
STAB_CSY_IMPUTED	5	YX15187T	4	0
STAB_CSY_IMPUTED	5	YX15187T	5	1
STAB_CSY_IMPUTED	5	YX15211T	1	0.0012453300124533
STAB_CSY_IMPUTED	5	YX15211T	2	0.525529265255293
STAB_CSY_IMPUTED	5	YX15211T	3	0.0846824408468244
STAB_CSY_IMPUTED	5	YX15211T	4	0.38854296388543
STAB_CSY_IMPUTED	5	YX15211T	5	0
STAB_CSY_IMPUTED	5	YX15214T	1	0
STAB_CSY_IMPUTED	5	YX15214T	2	0
STAB_CSY_IMPUTED	5	YX15214T	3	0
STAB_CSY_IMPUTED	5	YX15214T	4	0
STAB_CSY_IMPUTED	5	YX15214T	5	1
STAB_CSY_IMPUTED	5	YX16009T	1	0
STAB_CSY_IMPUTED	5	YX16009T	2	0.335927367055772
STAB_CSY_IMPUTED	5	YX16009T	3	0.0103761348897536
STAB_CSY_IMPUTED	5	YX16009T	4	0.643320363164721
STAB_CSY_IMPUTED	5	YX16009T	5	0.0103761348897536
STAB_CSY_IMPUTED	5	YX16011T	1	0
STAB_CSY_IMPUTED	5	YX16011T	2	0
STAB_CSY_IMPUTED	5	YX16011T	3	0
STAB_CSY_IMPUTED	5	YX16011T	4	0
STAB_CSY_IMPUTED	5	YX16011T	5	1
STAB_CSY_IMPUTED	5	YX16068T	1	0
STAB_CSY_IMPUTED	5	YX16068T	2	0
STAB_CSY_IMPUTED	5	YX16068T	3	0
STAB_CSY_IMPUTED	5	YX16068T	4	0
STAB_CSY_IMPUTED	5	YX16068T	5	1
STAB_CSY_IMPUTED	5	YX16070T	1	0
STAB_CSY_IMPUTED	5	YX16070T	2	0
STAB_CSY_IMPUTED	5	YX16070T	3	0
STAB_CSY_IMPUTED	5	YX16070T	4	0
STAB_CSY_IMPUTED	5	YX16070T	5	1
STAB_CSY_IMPUTED	5	YX16075T	1	0
STAB_CSY_IMPUTED	5	YX16075T	2	0.734895191122071
STAB_CSY_IMPUTED	5	YX16075T	3	0.00986436498150432
STAB_CSY_IMPUTED	5	YX16075T	4	0.255240443896424
STAB_CSY_IMPUTED	5	YX16075T	5	0
STAB_CSY_IMPUTED	5	YX16079T	1	0
STAB_CSY_IMPUTED	5	YX16079T	2	0
STAB_CSY_IMPUTED	5	YX16079T	3	0
STAB_CSY_IMPUTED	5	YX16079T	4	0
STAB_CSY_IMPUTED	5	YX16079T	5	1
STAB_CSY_IMPUTED	5	YX16087T	1	0
STAB_CSY_IMPUTED	5	YX16087T	2	0
STAB_CSY_IMPUTED	5	YX16087T	3	0
STAB_CSY_IMPUTED	5	YX16087T	4	0
STAB_CSY_IMPUTED	5	YX16087T	5	1
STAB_CSY_IMPUTED	5	YX16094T	1	0
STAB_CSY_IMPUTED	5	YX16094T	2	0
STAB_CSY_IMPUTED	5	YX16094T	3	0
STAB_CSY_IMPUTED	5	YX16094T	4	0
STAB_CSY_IMPUTED	5	YX16094T	5	1
STAB_CSY_IMPUTED	5	YX16172T	1	0
STAB_CSY_IMPUTED	5	YX16172T	2	0
STAB_CSY_IMPUTED	5	YX16172T	3	0
STAB_CSY_IMPUTED	5	YX16172T	4	0
STAB_CSY_IMPUTED	5	YX16172T	5	1
STAB_CSY_IMPUTED	5	YX16295T	1	0
STAB_CSY_IMPUTED	5	YX16295T	2	0
STAB_CSY_IMPUTED	5	YX16295T	3	0
STAB_CSY_IMPUTED	5	YX16295T	4	0
STAB_CSY_IMPUTED	5	YX16295T	5	1
STAB_CSY_IMPUTED	5	YX16327T	1	0
STAB_CSY_IMPUTED	5	YX16327T	2	0
STAB_CSY_IMPUTED	5	YX16327T	3	0
STAB_CSY_IMPUTED	5	YX16327T	4	0
STAB_CSY_IMPUTED	5	YX16327T	5	1
STAB_CSY_IMPUTED	5	YX16335T	1	0.997435897435897
STAB_CSY_IMPUTED	5	YX16335T	2	0
STAB_CSY_IMPUTED	5	YX16335T	3	0.00256410256410256
STAB_CSY_IMPUTED	5	YX16335T	4	0
STAB_CSY_IMPUTED	5	YX16335T	5	0
STAB_CSY_IMPUTED	5	YX16341T	1	0
STAB_CSY_IMPUTED	5	YX16341T	2	0
STAB_CSY_IMPUTED	5	YX16341T	3	0
STAB_CSY_IMPUTED	5	YX16341T	4	0
STAB_CSY_IMPUTED	5	YX16341T	5	1
STAB_CSY_IMPUTED	5	YX16343T	1	0
STAB_CSY_IMPUTED	5	YX16343T	2	0.865556978233035
STAB_CSY_IMPUTED	5	YX16343T	3	0.0691421254801537
STAB_CSY_IMPUTED	5	YX16343T	4	0.0653008962868118
STAB_CSY_IMPUTED	5	YX16343T	5	0
STAB_CSY_IMPUTED	5	YX16347T	1	0.353015075376884
STAB_CSY_IMPUTED	5	YX16347T	2	0.0050251256281407
STAB_CSY_IMPUTED	5	YX16347T	3	0.557788944723618
STAB_CSY_IMPUTED	5	YX16347T	4	0.0841708542713568
STAB_CSY_IMPUTED	5	YX16347T	5	0
STAB_CSY_IMPUTED	6	YX15261T	1	0.928660826032541
STAB_CSY_IMPUTED	6	YX15261T	2	0.00750938673341677
STAB_CSY_IMPUTED	6	YX15261T	3	0.0112640801001252
STAB_CSY_IMPUTED	6	YX15261T	4	0.00500625782227785
STAB_CSY_IMPUTED	6	YX15261T	5	0
STAB_CSY_IMPUTED	6	YX15261T	6	0.0475594493116396
STAB_CSY_IMPUTED	6	YX15263T	1	0.994851994851995
STAB_CSY_IMPUTED	6	YX15263T	2	0
STAB_CSY_IMPUTED	6	YX15263T	3	0
STAB_CSY_IMPUTED	6	YX15263T	4	0
STAB_CSY_IMPUTED	6	YX15263T	5	0
STAB_CSY_IMPUTED	6	YX15263T	6	0.00514800514800515
STAB_CSY_IMPUTED	6	YX15271T	1	0
STAB_CSY_IMPUTED	6	YX15271T	2	0.94140127388535
STAB_CSY_IMPUTED	6	YX15271T	3	0.0114649681528662
STAB_CSY_IMPUTED	6	YX15271T	4	0.0471337579617834
STAB_CSY_IMPUTED	6	YX15271T	5	0
STAB_CSY_IMPUTED	6	YX15271T	6	0
STAB_CSY_IMPUTED	6	YX16036T	1	0
STAB_CSY_IMPUTED	6	YX16036T	2	0.860228716645489
STAB_CSY_IMPUTED	6	YX16036T	3	0.048284625158831
STAB_CSY_IMPUTED	6	YX16036T	4	0.0381194409148666
STAB_CSY_IMPUTED	6	YX16036T	5	0
STAB_CSY_IMPUTED	6	YX16036T	6	0.0533672172808132
STAB_CSY_IMPUTED	6	YX16041T	1	0.847435897435897
STAB_CSY_IMPUTED	6	YX16041T	2	0.0141025641025641
STAB_CSY_IMPUTED	6	YX16041T	3	0.0833333333333333
STAB_CSY_IMPUTED	6	YX16041T	4	0.00128205128205128
STAB_CSY_IMPUTED	6	YX16041T	5	0
STAB_CSY_IMPUTED	6	YX16041T	6	0.0538461538461538
STAB_CSY_IMPUTED	6	YX16057T	1	0.3175
STAB_CSY_IMPUTED	6	YX16057T	2	0.18125
STAB_CSY_IMPUTED	6	YX16057T	3	0.4575
STAB_CSY_IMPUTED	6	YX16057T	4	0.04
STAB_CSY_IMPUTED	6	YX16057T	5	0
STAB_CSY_IMPUTED	6	YX16057T	6	0.00375
STAB_CSY_IMPUTED	6	YX16062T	1	0.997465145754119
STAB_CSY_IMPUTED	6	YX16062T	2	0
STAB_CSY_IMPUTED	6	YX16062T	3	0.00126742712294043
STAB_CSY_IMPUTED	6	YX16062T	4	0
STAB_CSY_IMPUTED	6	YX16062T	5	0
STAB_CSY_IMPUTED	6	YX16062T	6	0.00126742712294043
STAB_CSY_IMPUTED	6	YX16112T	1	0.325092707045735
STAB_CSY_IMPUTED	6	YX16112T	2	0.122373300370828
STAB_CSY_IMPUTED	6	YX16112T	3	0.466007416563659
STAB_CSY_IMPUTED	6	YX16112T	4	0.0778739184177998
STAB_CSY_IMPUTED	6	YX16112T	5	0
STAB_CSY_IMPUTED	6	YX16112T	6	0.00865265760197775
STAB_CSY_IMPUTED	6	YX16113T	1	0.0123456790123457
STAB_CSY_IMPUTED	6	YX16113T	2	0.312345679012346
STAB_CSY_IMPUTED	6	YX16113T	3	0.108641975308642
STAB_CSY_IMPUTED	6	YX16113T	4	0.462962962962963
STAB_CSY_IMPUTED	6	YX16113T	5	0
STAB_CSY_IMPUTED	6	YX16113T	6	0.103703703703704
STAB_CSY_IMPUTED	6	YX16119T	1	0.85622593068036
STAB_CSY_IMPUTED	6	YX16119T	2	0.00513478818998716
STAB_CSY_IMPUTED	6	YX16119T	3	0.0474967907573813
STAB_CSY_IMPUTED	6	YX16119T	4	0.00128369704749679
STAB_CSY_IMPUTED	6	YX16119T	5	0
STAB_CSY_IMPUTED	6	YX16119T	6	0.0898587933247754
STAB_CSY_IMPUTED	6	YX16120T	1	0.992405063291139
STAB_CSY_IMPUTED	6	YX16120T	2	0
STAB_CSY_IMPUTED	6	YX16120T	3	0.00506329113924051
STAB_CSY_IMPUTED	6	YX16120T	4	0
STAB_CSY_IMPUTED	6	YX16120T	5	0
STAB_CSY_IMPUTED	6	YX16120T	6	0.00253164556962025
STAB_CSY_IMPUTED	6	YX16127T	1	1
STAB_CSY_IMPUTED	6	YX16127T	2	0
STAB_CSY_IMPUTED	6	YX16127T	3	0
STAB_CSY_IMPUTED	6	YX16127T	4	0
STAB_CSY_IMPUTED	6	YX16127T	5	0
STAB_CSY_IMPUTED	6	YX16127T	6	0
STAB_CSY_IMPUTED	6	YX16128T	1	0.149685534591195
STAB_CSY_IMPUTED	6	YX16128T	2	0.183647798742138
STAB_CSY_IMPUTED	6	YX16128T	3	0.566037735849057
STAB_CSY_IMPUTED	6	YX16128T	4	0.0993710691823899
STAB_CSY_IMPUTED	6	YX16128T	5	0
STAB_CSY_IMPUTED	6	YX16128T	6	0.00125786163522013
STAB_CSY_IMPUTED	6	YX16130T	1	0
STAB_CSY_IMPUTED	6	YX16130T	2	0.891443167305236
STAB_CSY_IMPUTED	6	YX16130T	3	0.0408684546615581
STAB_CSY_IMPUTED	6	YX16130T	4	0.0229885057471264
STAB_CSY_IMPUTED	6	YX16130T	5	0
STAB_CSY_IMPUTED	6	YX16130T	6	0.0446998722860792
STAB_CSY_IMPUTED	6	YX16132T	1	0.0238693467336683
STAB_CSY_IMPUTED	6	YX16132T	2	0.298994974874372
STAB_CSY_IMPUTED	6	YX16132T	3	0.120603015075377
STAB_CSY_IMPUTED	6	YX16132T	4	0.548994974874372
STAB_CSY_IMPUTED	6	YX16132T	5	0
STAB_CSY_IMPUTED	6	YX16132T	6	0.00753768844221105
STAB_CSY_IMPUTED	6	YX16135T	1	0
STAB_CSY_IMPUTED	6	YX16135T	2	0.951851851851852
STAB_CSY_IMPUTED	6	YX16135T	3	0.0111111111111111
STAB_CSY_IMPUTED	6	YX16135T	4	0.037037037037037
STAB_CSY_IMPUTED	6	YX16135T	5	0
STAB_CSY_IMPUTED	6	YX16135T	6	0
STAB_CSY_IMPUTED	6	YX16139T	1	0.98469387755102
STAB_CSY_IMPUTED	6	YX16139T	2	0
STAB_CSY_IMPUTED	6	YX16139T	3	0.0038265306122449
STAB_CSY_IMPUTED	6	YX16139T	4	0.00127551020408163
STAB_CSY_IMPUTED	6	YX16139T	5	0
STAB_CSY_IMPUTED	6	YX16139T	6	0.0102040816326531
STAB_CSY_IMPUTED	6	YX16141T	1	0
STAB_CSY_IMPUTED	6	YX16141T	2	0.533417402269861
STAB_CSY_IMPUTED	6	YX16141T	3	0.0466582597730139
STAB_CSY_IMPUTED	6	YX16141T	4	0.351828499369483
STAB_CSY_IMPUTED	6	YX16141T	5	0
STAB_CSY_IMPUTED	6	YX16141T	6	0.0680958385876419
STAB_CSY_IMPUTED	6	YX16144T	1	0.00123152709359606
STAB_CSY_IMPUTED	6	YX16144T	2	0.299261083743842
STAB_CSY_IMPUTED	6	YX16144T	3	0.0960591133004926
STAB_CSY_IMPUTED	6	YX16144T	4	0.597290640394089
STAB_CSY_IMPUTED	6	YX16144T	5	0
STAB_CSY_IMPUTED	6	YX16144T	6	0.0061576354679803
STAB_CSY_IMPUTED	6	YX16147T	1	0.0748387096774194
STAB_CSY_IMPUTED	6	YX16147T	2	0.178064516129032
STAB_CSY_IMPUTED	6	YX16147T	3	0.541935483870968
STAB_CSY_IMPUTED	6	YX16147T	4	0.205161290322581
STAB_CSY_IMPUTED	6	YX16147T	5	0
STAB_CSY_IMPUTED	6	YX16147T	6	0
STAB_CSY_IMPUTED	6	YX16153T	1	0.9529262086514
STAB_CSY_IMPUTED	6	YX16153T	2	0.00254452926208651
STAB_CSY_IMPUTED	6	YX16153T	3	0.0419847328244275
STAB_CSY_IMPUTED	6	YX16153T	4	0
STAB_CSY_IMPUTED	6	YX16153T	5	0
STAB_CSY_IMPUTED	6	YX16153T	6	0.00254452926208651
STAB_CSY_IMPUTED	6	YX16155T	1	0.0921717171717172
STAB_CSY_IMPUTED	6	YX16155T	2	0.69949494949495
STAB_CSY_IMPUTED	6	YX16155T	3	0.0744949494949495
STAB_CSY_IMPUTED	6	YX16155T	4	0.0454545454545455
STAB_CSY_IMPUTED	6	YX16155T	5	0
STAB_CSY_IMPUTED	6	YX16155T	6	0.0883838383838384
STAB_CSY_IMPUTED	6	YX16158T	1	0
STAB_CSY_IMPUTED	6	YX16158T	2	0.154430379746835
STAB_CSY_IMPUTED	6	YX16158T	3	0.0835443037974684
STAB_CSY_IMPUTED	6	YX16158T	4	0.717721518987342
STAB_CSY_IMPUTED	6	YX16158T	5	0.0227848101265823
STAB_CSY_IMPUTED	6	YX16158T	6	0.0215189873417722
STAB_CSY_IMPUTED	6	YX16159T	1	0
STAB_CSY_IMPUTED	6	YX16159T	2	0.958868894601542
STAB_CSY_IMPUTED	6	YX16159T	3	0.0038560411311054
STAB_CSY_IMPUTED	6	YX16159T	4	0.0372750642673522
STAB_CSY_IMPUTED	6	YX16159T	5	0
STAB_CSY_IMPUTED	6	YX16159T	6	0
STAB_CSY_IMPUTED	6	YX16160T	1	0
STAB_CSY_IMPUTED	6	YX16160T	2	0
STAB_CSY_IMPUTED	6	YX16160T	3	0.00365853658536585
STAB_CSY_IMPUTED	6	YX16160T	4	0.0268292682926829
STAB_CSY_IMPUTED	6	YX16160T	5	0.960975609756098
STAB_CSY_IMPUTED	6	YX16160T	6	0.00853658536585366
STAB_CSY_IMPUTED	6	YX16161T	1	0
STAB_CSY_IMPUTED	6	YX16161T	2	0.925465838509317
STAB_CSY_IMPUTED	6	YX16161T	3	0.0149068322981366
STAB_CSY_IMPUTED	6	YX16161T	4	0.0596273291925466
STAB_CSY_IMPUTED	6	YX16161T	5	0
STAB_CSY_IMPUTED	6	YX16161T	6	0
STAB_CSY_IMPUTED	6	YX16166T	1	0.991094147582697
STAB_CSY_IMPUTED	6	YX16166T	2	0
STAB_CSY_IMPUTED	6	YX16166T	3	0.00508905852417303
STAB_CSY_IMPUTED	6	YX16166T	4	0
STAB_CSY_IMPUTED	6	YX16166T	5	0
STAB_CSY_IMPUTED	6	YX16166T	6	0.00381679389312977
STAB_CSY_IMPUTED	6	YX16177T	1	0.982028241335045
STAB_CSY_IMPUTED	6	YX16177T	2	0
STAB_CSY_IMPUTED	6	YX16177T	3	0.0102695763799743
STAB_CSY_IMPUTED	6	YX16177T	4	0
STAB_CSY_IMPUTED	6	YX16177T	5	0
STAB_CSY_IMPUTED	6	YX16177T	6	0.00770218228498074
STAB_CSY_IMPUTED	6	YX16178T	1	0.969465648854962
STAB_CSY_IMPUTED	6	YX16178T	2	0
STAB_CSY_IMPUTED	6	YX16178T	3	0.00636132315521628
STAB_CSY_IMPUTED	6	YX16178T	4	0.00127226463104326
STAB_CSY_IMPUTED	6	YX16178T	5	0
STAB_CSY_IMPUTED	6	YX16178T	6	0.0229007633587786
STAB_CSY_IMPUTED	6	YX16180T	1	0
STAB_CSY_IMPUTED	6	YX16180T	2	0.927318295739348
STAB_CSY_IMPUTED	6	YX16180T	3	0.012531328320802
STAB_CSY_IMPUTED	6	YX16180T	4	0.0601503759398496
STAB_CSY_IMPUTED	6	YX16180T	5	0
STAB_CSY_IMPUTED	6	YX16180T	6	0
STAB_CSY_IMPUTED	6	YX16185T	1	0.482758620689655
STAB_CSY_IMPUTED	6	YX16185T	2	0.00510855683269476
STAB_CSY_IMPUTED	6	YX16185T	3	0.259259259259259
STAB_CSY_IMPUTED	6	YX16185T	4	0.0804597701149425
STAB_CSY_IMPUTED	6	YX16185T	5	0
STAB_CSY_IMPUTED	6	YX16185T	6	0.172413793103448
STAB_CSY_IMPUTED	6	YX16188T	1	0
STAB_CSY_IMPUTED	6	YX16188T	2	0.0358056265984655
STAB_CSY_IMPUTED	6	YX16188T	3	0.0498721227621483
STAB_CSY_IMPUTED	6	YX16188T	4	0.71227621483376
STAB_CSY_IMPUTED	6	YX16188T	5	0.173913043478261
STAB_CSY_IMPUTED	6	YX16188T	6	0.0281329923273657
STAB_CSY_IMPUTED	6	YX16194T	1	0
STAB_CSY_IMPUTED	6	YX16194T	2	0.957528957528958
STAB_CSY_IMPUTED	6	YX16194T	3	0.00386100386100386
STAB_CSY_IMPUTED	6	YX16194T	4	0.027027027027027
STAB_CSY_IMPUTED	6	YX16194T	5	0
STAB_CSY_IMPUTED	6	YX16194T	6	0.0115830115830116
STAB_CSY_IMPUTED	6	YX16202T	1	0
STAB_CSY_IMPUTED	6	YX16202T	2	0
STAB_CSY_IMPUTED	6	YX16202T	3	0.00621890547263682
STAB_CSY_IMPUTED	6	YX16202T	4	0.0398009950248756
STAB_CSY_IMPUTED	6	YX16202T	5	0.942786069651741
STAB_CSY_IMPUTED	6	YX16202T	6	0.0111940298507463
STAB_CSY_IMPUTED	6	YX16203T	1	0.0138888888888889
STAB_CSY_IMPUTED	6	YX16203T	2	0.823232323232323
STAB_CSY_IMPUTED	6	YX16203T	3	0.0593434343434343
STAB_CSY_IMPUTED	6	YX16203T	4	0.0984848484848485
STAB_CSY_IMPUTED	6	YX16203T	5	0
STAB_CSY_IMPUTED	6	YX16203T	6	0.00505050505050505
STAB_CSY_IMPUTED	6	YX16207T	1	0
STAB_CSY_IMPUTED	6	YX16207T	2	0.946496815286624
STAB_CSY_IMPUTED	6	YX16207T	3	0.0165605095541401
STAB_CSY_IMPUTED	6	YX16207T	4	0.0369426751592357
STAB_CSY_IMPUTED	6	YX16207T	5	0
STAB_CSY_IMPUTED	6	YX16207T	6	0
STAB_CSY_IMPUTED	6	YX16218T	1	0.22625
STAB_CSY_IMPUTED	6	YX16218T	2	0.665
STAB_CSY_IMPUTED	6	YX16218T	3	0.0925
STAB_CSY_IMPUTED	6	YX16218T	4	0.015
STAB_CSY_IMPUTED	6	YX16218T	5	0
STAB_CSY_IMPUTED	6	YX16218T	6	0.00125
STAB_CSY_IMPUTED	6	YX16222T	1	0.794307891332471
STAB_CSY_IMPUTED	6	YX16222T	2	0.0297542043984476
STAB_CSY_IMPUTED	6	YX16222T	3	0.160413971539457
STAB_CSY_IMPUTED	6	YX16222T	4	0.00646830530401035
STAB_CSY_IMPUTED	6	YX16222T	5	0
STAB_CSY_IMPUTED	6	YX16222T	6	0.00905562742561449
STAB_CSY_IMPUTED	6	YX16224T	1	0.147625160462131
STAB_CSY_IMPUTED	6	YX16224T	2	0.563543003851091
STAB_CSY_IMPUTED	6	YX16224T	3	0.261874197689345
STAB_CSY_IMPUTED	6	YX16224T	4	0.024390243902439
STAB_CSY_IMPUTED	6	YX16224T	5	0
STAB_CSY_IMPUTED	6	YX16224T	6	0.00256739409499358
STAB_CSY_IMPUTED	6	YX16227T	1	0.911764705882353
STAB_CSY_IMPUTED	6	YX16227T	2	0.0127877237851662
STAB_CSY_IMPUTED	6	YX16227T	3	0.0588235294117647
STAB_CSY_IMPUTED	6	YX16227T	4	0
STAB_CSY_IMPUTED	6	YX16227T	5	0
STAB_CSY_IMPUTED	6	YX16227T	6	0.0166240409207161
STAB_CSY_IMPUTED	6	YX16236T	1	0.908745247148289
STAB_CSY_IMPUTED	6	YX16236T	2	0.0253485424588086
STAB_CSY_IMPUTED	6	YX16236T	3	0.0126742712294043
STAB_CSY_IMPUTED	6	YX16236T	4	0.00253485424588086
STAB_CSY_IMPUTED	6	YX16236T	5	0
STAB_CSY_IMPUTED	6	YX16236T	6	0.0506970849176172
STAB_CSY_IMPUTED	6	YX15047T	1	0
STAB_CSY_IMPUTED	6	YX15047T	2	0.002460024600246
STAB_CSY_IMPUTED	6	YX15047T	3	0.169741697416974
STAB_CSY_IMPUTED	6	YX15047T	4	0.0541205412054121
STAB_CSY_IMPUTED	6	YX15047T	5	0.68019680196802
STAB_CSY_IMPUTED	6	YX15047T	6	0.0934809348093481
STAB_CSY_IMPUTED	6	YX15106T	1	0
STAB_CSY_IMPUTED	6	YX15106T	2	0
STAB_CSY_IMPUTED	6	YX15106T	3	0
STAB_CSY_IMPUTED	6	YX15106T	4	0
STAB_CSY_IMPUTED	6	YX15106T	5	1
STAB_CSY_IMPUTED	6	YX15106T	6	0
STAB_CSY_IMPUTED	6	YX15166T	1	0
STAB_CSY_IMPUTED	6	YX15166T	2	0
STAB_CSY_IMPUTED	6	YX15166T	3	0
STAB_CSY_IMPUTED	6	YX15166T	4	0
STAB_CSY_IMPUTED	6	YX15166T	5	1
STAB_CSY_IMPUTED	6	YX15166T	6	0
STAB_CSY_IMPUTED	6	YX15187T	1	0
STAB_CSY_IMPUTED	6	YX15187T	2	0
STAB_CSY_IMPUTED	6	YX15187T	3	0
STAB_CSY_IMPUTED	6	YX15187T	4	0
STAB_CSY_IMPUTED	6	YX15187T	5	1
STAB_CSY_IMPUTED	6	YX15187T	6	0
STAB_CSY_IMPUTED	6	YX15211T	1	0
STAB_CSY_IMPUTED	6	YX15211T	2	0.424657534246575
STAB_CSY_IMPUTED	6	YX15211T	3	0.0722291407222914
STAB_CSY_IMPUTED	6	YX15211T	4	0.417185554171856
STAB_CSY_IMPUTED	6	YX15211T	5	0
STAB_CSY_IMPUTED	6	YX15211T	6	0.0859277708592777
STAB_CSY_IMPUTED	6	YX15214T	1	0
STAB_CSY_IMPUTED	6	YX15214T	2	0
STAB_CSY_IMPUTED	6	YX15214T	3	0
STAB_CSY_IMPUTED	6	YX15214T	4	0
STAB_CSY_IMPUTED	6	YX15214T	5	1
STAB_CSY_IMPUTED	6	YX15214T	6	0
STAB_CSY_IMPUTED	6	YX16009T	1	0
STAB_CSY_IMPUTED	6	YX16009T	2	0.22568093385214
STAB_CSY_IMPUTED	6	YX16009T	3	0.0453955901426719
STAB_CSY_IMPUTED	6	YX16009T	4	0.710765239948119
STAB_CSY_IMPUTED	6	YX16009T	5	0.00259403372243839
STAB_CSY_IMPUTED	6	YX16009T	6	0.0155642023346304
STAB_CSY_IMPUTED	6	YX16011T	1	0
STAB_CSY_IMPUTED	6	YX16011T	2	0
STAB_CSY_IMPUTED	6	YX16011T	3	0
STAB_CSY_IMPUTED	6	YX16011T	4	0
STAB_CSY_IMPUTED	6	YX16011T	5	1
STAB_CSY_IMPUTED	6	YX16011T	6	0
STAB_CSY_IMPUTED	6	YX16068T	1	0
STAB_CSY_IMPUTED	6	YX16068T	2	0
STAB_CSY_IMPUTED	6	YX16068T	3	0
STAB_CSY_IMPUTED	6	YX16068T	4	0
STAB_CSY_IMPUTED	6	YX16068T	5	1
STAB_CSY_IMPUTED	6	YX16068T	6	0
STAB_CSY_IMPUTED	6	YX16070T	1	0
STAB_CSY_IMPUTED	6	YX16070T	2	0
STAB_CSY_IMPUTED	6	YX16070T	3	0
STAB_CSY_IMPUTED	6	YX16070T	4	0
STAB_CSY_IMPUTED	6	YX16070T	5	1
STAB_CSY_IMPUTED	6	YX16070T	6	0
STAB_CSY_IMPUTED	6	YX16075T	1	0
STAB_CSY_IMPUTED	6	YX16075T	2	0.672009864364982
STAB_CSY_IMPUTED	6	YX16075T	3	0.0394574599260173
STAB_CSY_IMPUTED	6	YX16075T	4	0.287299630086313
STAB_CSY_IMPUTED	6	YX16075T	5	0
STAB_CSY_IMPUTED	6	YX16075T	6	0.00123304562268804
STAB_CSY_IMPUTED	6	YX16079T	1	0
STAB_CSY_IMPUTED	6	YX16079T	2	0
STAB_CSY_IMPUTED	6	YX16079T	3	0
STAB_CSY_IMPUTED	6	YX16079T	4	0.00125470514429109
STAB_CSY_IMPUTED	6	YX16079T	5	0.998745294855709
STAB_CSY_IMPUTED	6	YX16079T	6	0
STAB_CSY_IMPUTED	6	YX16087T	1	0
STAB_CSY_IMPUTED	6	YX16087T	2	0
STAB_CSY_IMPUTED	6	YX16087T	3	0
STAB_CSY_IMPUTED	6	YX16087T	4	0
STAB_CSY_IMPUTED	6	YX16087T	5	1
STAB_CSY_IMPUTED	6	YX16087T	6	0
STAB_CSY_IMPUTED	6	YX16094T	1	0
STAB_CSY_IMPUTED	6	YX16094T	2	0
STAB_CSY_IMPUTED	6	YX16094T	3	0
STAB_CSY_IMPUTED	6	YX16094T	4	0
STAB_CSY_IMPUTED	6	YX16094T	5	1
STAB_CSY_IMPUTED	6	YX16094T	6	0
STAB_CSY_IMPUTED	6	YX16172T	1	0
STAB_CSY_IMPUTED	6	YX16172T	2	0
STAB_CSY_IMPUTED	6	YX16172T	3	0
STAB_CSY_IMPUTED	6	YX16172T	4	0
STAB_CSY_IMPUTED	6	YX16172T	5	1
STAB_CSY_IMPUTED	6	YX16172T	6	0
STAB_CSY_IMPUTED	6	YX16295T	1	0
STAB_CSY_IMPUTED	6	YX16295T	2	0
STAB_CSY_IMPUTED	6	YX16295T	3	0
STAB_CSY_IMPUTED	6	YX16295T	4	0
STAB_CSY_IMPUTED	6	YX16295T	5	1
STAB_CSY_IMPUTED	6	YX16295T	6	0
STAB_CSY_IMPUTED	6	YX16327T	1	0
STAB_CSY_IMPUTED	6	YX16327T	2	0
STAB_CSY_IMPUTED	6	YX16327T	3	0
STAB_CSY_IMPUTED	6	YX16327T	4	0
STAB_CSY_IMPUTED	6	YX16327T	5	1
STAB_CSY_IMPUTED	6	YX16327T	6	0
STAB_CSY_IMPUTED	6	YX16335T	1	0.998717948717949
STAB_CSY_IMPUTED	6	YX16335T	2	0
STAB_CSY_IMPUTED	6	YX16335T	3	0.00128205128205128
STAB_CSY_IMPUTED	6	YX16335T	4	0
STAB_CSY_IMPUTED	6	YX16335T	5	0
STAB_CSY_IMPUTED	6	YX16335T	6	0
STAB_CSY_IMPUTED	6	YX16341T	1	0
STAB_CSY_IMPUTED	6	YX16341T	2	0
STAB_CSY_IMPUTED	6	YX16341T	3	0
STAB_CSY_IMPUTED	6	YX16341T	4	0
STAB_CSY_IMPUTED	6	YX16341T	5	1
STAB_CSY_IMPUTED	6	YX16341T	6	0
STAB_CSY_IMPUTED	6	YX16343T	1	0
STAB_CSY_IMPUTED	6	YX16343T	2	0.804097311139565
STAB_CSY_IMPUTED	6	YX16343T	3	0.0640204865556978
STAB_CSY_IMPUTED	6	YX16343T	4	0.0512163892445583
STAB_CSY_IMPUTED	6	YX16343T	5	0
STAB_CSY_IMPUTED	6	YX16343T	6	0.0806658130601793
STAB_CSY_IMPUTED	6	YX16347T	1	0.169597989949749
STAB_CSY_IMPUTED	6	YX16347T	2	0.00125628140703518
STAB_CSY_IMPUTED	6	YX16347T	3	0.0402010050251256
STAB_CSY_IMPUTED	6	YX16347T	4	0
STAB_CSY_IMPUTED	6	YX16347T	5	0
STAB_CSY_IMPUTED	6	YX16347T	6	0.78894472361809
STAB_HVG_VAR_FILTER	2	YX15261T	1	0.940880503144654
STAB_HVG_VAR_FILTER	2	YX15261T	2	0.0591194968553459
STAB_HVG_VAR_FILTER	2	YX15263T	1	0.936548223350254
STAB_HVG_VAR_FILTER	2	YX15263T	2	0.0634517766497462
STAB_HVG_VAR_FILTER	2	YX15271T	1	0.00631313131313131
STAB_HVG_VAR_FILTER	2	YX15271T	2	0.993686868686869
STAB_HVG_VAR_FILTER	2	YX16036T	1	0.011166253101737
STAB_HVG_VAR_FILTER	2	YX16036T	2	0.988833746898263
STAB_HVG_VAR_FILTER	2	YX16041T	1	0.696382428940568
STAB_HVG_VAR_FILTER	2	YX16041T	2	0.303617571059432
STAB_HVG_VAR_FILTER	2	YX16057T	1	0.0317662007623888
STAB_HVG_VAR_FILTER	2	YX16057T	2	0.968233799237611
STAB_HVG_VAR_FILTER	2	YX16062T	1	0.947096774193548
STAB_HVG_VAR_FILTER	2	YX16062T	2	0.0529032258064516
STAB_HVG_VAR_FILTER	2	YX16112T	1	0.88621997471555
STAB_HVG_VAR_FILTER	2	YX16112T	2	0.11378002528445
STAB_HVG_VAR_FILTER	2	YX16113T	1	0.940414507772021
STAB_HVG_VAR_FILTER	2	YX16113T	2	0.0595854922279793
STAB_HVG_VAR_FILTER	2	YX16119T	1	0.121175030599755
STAB_HVG_VAR_FILTER	2	YX16119T	2	0.878824969400245
STAB_HVG_VAR_FILTER	2	YX16120T	1	0.924528301886792
STAB_HVG_VAR_FILTER	2	YX16120T	2	0.0754716981132075
STAB_HVG_VAR_FILTER	2	YX16127T	1	0.946450809464508
STAB_HVG_VAR_FILTER	2	YX16127T	2	0.0535491905354919
STAB_HVG_VAR_FILTER	2	YX16128T	1	0.0334620334620335
STAB_HVG_VAR_FILTER	2	YX16128T	2	0.966537966537967
STAB_HVG_VAR_FILTER	2	YX16130T	1	0.00497512437810945
STAB_HVG_VAR_FILTER	2	YX16130T	2	0.995024875621891
STAB_HVG_VAR_FILTER	2	YX16132T	1	0.03
STAB_HVG_VAR_FILTER	2	YX16132T	2	0.97
STAB_HVG_VAR_FILTER	2	YX16135T	1	0.00750938673341677
STAB_HVG_VAR_FILTER	2	YX16135T	2	0.992490613266583
STAB_HVG_VAR_FILTER	2	YX16139T	1	0.944091486658196
STAB_HVG_VAR_FILTER	2	YX16139T	2	0.0559085133418043
STAB_HVG_VAR_FILTER	2	YX16141T	1	0.951282051282051
STAB_HVG_VAR_FILTER	2	YX16141T	2	0.0487179487179487
STAB_HVG_VAR_FILTER	2	YX16144T	1	0.00503778337531486
STAB_HVG_VAR_FILTER	2	YX16144T	2	0.994962216624685
STAB_HVG_VAR_FILTER	2	YX16147T	1	0.942675159235669
STAB_HVG_VAR_FILTER	2	YX16147T	2	0.0573248407643312
STAB_HVG_VAR_FILTER	2	YX16153T	1	0.941935483870968
STAB_HVG_VAR_FILTER	2	YX16153T	2	0.0580645161290323
STAB_HVG_VAR_FILTER	2	YX16155T	1	0.941326530612245
STAB_HVG_VAR_FILTER	2	YX16155T	2	0.0586734693877551
STAB_HVG_VAR_FILTER	2	YX16158T	1	0.93974358974359
STAB_HVG_VAR_FILTER	2	YX16158T	2	0.0602564102564103
STAB_HVG_VAR_FILTER	2	YX16159T	1	0.00506970849176172
STAB_HVG_VAR_FILTER	2	YX16159T	2	0.994930291508238
STAB_HVG_VAR_FILTER	2	YX16160T	1	0.953164556962025
STAB_HVG_VAR_FILTER	2	YX16160T	2	0.0468354430379747
STAB_HVG_VAR_FILTER	2	YX16161T	1	0.00633713561470215
STAB_HVG_VAR_FILTER	2	YX16161T	2	0.993662864385298
STAB_HVG_VAR_FILTER	2	YX16166T	1	0.940667490729295
STAB_HVG_VAR_FILTER	2	YX16166T	2	0.0593325092707046
STAB_HVG_VAR_FILTER	2	YX16177T	1	0.930261519302615
STAB_HVG_VAR_FILTER	2	YX16177T	2	0.0697384806973848
STAB_HVG_VAR_FILTER	2	YX16178T	1	0.951492537313433
STAB_HVG_VAR_FILTER	2	YX16178T	2	0.0485074626865672
STAB_HVG_VAR_FILTER	2	YX16180T	1	0.00496277915632754
STAB_HVG_VAR_FILTER	2	YX16180T	2	0.995037220843672
STAB_HVG_VAR_FILTER	2	YX16185T	1	0.945569620253165
STAB_HVG_VAR_FILTER	2	YX16185T	2	0.0544303797468354
STAB_HVG_VAR_FILTER	2	YX16188T	1	0.941028858218319
STAB_HVG_VAR_FILTER	2	YX16188T	2	0.0589711417816813
STAB_HVG_VAR_FILTER	2	YX16194T	1	0.0037037037037037
STAB_HVG_VAR_FILTER	2	YX16194T	2	0.996296296296296
STAB_HVG_VAR_FILTER	2	YX16202T	1	0.987789987789988
STAB_HVG_VAR_FILTER	2	YX16202T	2	0.0122100122100122
STAB_HVG_VAR_FILTER	2	YX16203T	1	0.0102564102564103
STAB_HVG_VAR_FILTER	2	YX16203T	2	0.98974358974359
STAB_HVG_VAR_FILTER	2	YX16207T	1	0.00632111251580278
STAB_HVG_VAR_FILTER	2	YX16207T	2	0.993678887484197
STAB_HVG_VAR_FILTER	2	YX16218T	1	0.0038659793814433
STAB_HVG_VAR_FILTER	2	YX16218T	2	0.996134020618557
STAB_HVG_VAR_FILTER	2	YX16222T	1	0.188369152970923
STAB_HVG_VAR_FILTER	2	YX16222T	2	0.811630847029077
STAB_HVG_VAR_FILTER	2	YX16224T	1	0.00379746835443038
STAB_HVG_VAR_FILTER	2	YX16224T	2	0.99620253164557
STAB_HVG_VAR_FILTER	2	YX16227T	1	0.672611464968153
STAB_HVG_VAR_FILTER	2	YX16227T	2	0.327388535031847
STAB_HVG_VAR_FILTER	2	YX16236T	1	0.888466413181242
STAB_HVG_VAR_FILTER	2	YX16236T	2	0.111533586818758
STAB_HVG_VAR_FILTER	2	YX15047T	1	0.989730423620026
STAB_HVG_VAR_FILTER	2	YX15047T	2	0.0102695763799743
STAB_HVG_VAR_FILTER	2	YX15106T	1	0.991139240506329
STAB_HVG_VAR_FILTER	2	YX15106T	2	0.00886075949367089
STAB_HVG_VAR_FILTER	2	YX15166T	1	0.991150442477876
STAB_HVG_VAR_FILTER	2	YX15166T	2	0.00884955752212389
STAB_HVG_VAR_FILTER	2	YX15187T	1	0.99234693877551
STAB_HVG_VAR_FILTER	2	YX15187T	2	0.0076530612244898
STAB_HVG_VAR_FILTER	2	YX15211T	1	0.71039603960396
STAB_HVG_VAR_FILTER	2	YX15211T	2	0.28960396039604
STAB_HVG_VAR_FILTER	2	YX15214T	1	0.990967741935484
STAB_HVG_VAR_FILTER	2	YX15214T	2	0.00903225806451613
STAB_HVG_VAR_FILTER	2	YX16009T	1	0.00497512437810945
STAB_HVG_VAR_FILTER	2	YX16009T	2	0.995024875621891
STAB_HVG_VAR_FILTER	2	YX16011T	1	0.991325898389095
STAB_HVG_VAR_FILTER	2	YX16011T	2	0.00867410161090459
STAB_HVG_VAR_FILTER	2	YX16068T	1	0.992405063291139
STAB_HVG_VAR_FILTER	2	YX16068T	2	0.00759493670886076
STAB_HVG_VAR_FILTER	2	YX16070T	1	0.716129032258065
STAB_HVG_VAR_FILTER	2	YX16070T	2	0.283870967741935
STAB_HVG_VAR_FILTER	2	YX16075T	1	0.00378310214375788
STAB_HVG_VAR_FILTER	2	YX16075T	2	0.996216897856242
STAB_HVG_VAR_FILTER	2	YX16079T	1	0.99078947368421
STAB_HVG_VAR_FILTER	2	YX16079T	2	0.00921052631578947
STAB_HVG_VAR_FILTER	2	YX16087T	1	0.991060025542784
STAB_HVG_VAR_FILTER	2	YX16087T	2	0.00893997445721584
STAB_HVG_VAR_FILTER	2	YX16094T	1	0.963197969543147
STAB_HVG_VAR_FILTER	2	YX16094T	2	0.0368020304568528
STAB_HVG_VAR_FILTER	2	YX16172T	1	0.789539227895392
STAB_HVG_VAR_FILTER	2	YX16172T	2	0.210460772104608
STAB_HVG_VAR_FILTER	2	YX16295T	1	0.99234693877551
STAB_HVG_VAR_FILTER	2	YX16295T	2	0.0076530612244898
STAB_HVG_VAR_FILTER	2	YX16327T	1	0.997496871088861
STAB_HVG_VAR_FILTER	2	YX16327T	2	0.00250312891113892
STAB_HVG_VAR_FILTER	2	YX16335T	1	0.938802083333333
STAB_HVG_VAR_FILTER	2	YX16335T	2	0.0611979166666667
STAB_HVG_VAR_FILTER	2	YX16341T	1	0.992395437262357
STAB_HVG_VAR_FILTER	2	YX16341T	2	0.00760456273764259
STAB_HVG_VAR_FILTER	2	YX16343T	1	0.991183879093199
STAB_HVG_VAR_FILTER	2	YX16343T	2	0.00881612090680101
STAB_HVG_VAR_FILTER	2	YX16347T	1	0.947916666666667
STAB_HVG_VAR_FILTER	2	YX16347T	2	0.0520833333333333
STAB_HVG_VAR_FILTER	3	YX15261T	1	0.99622641509434
STAB_HVG_VAR_FILTER	3	YX15261T	2	0
STAB_HVG_VAR_FILTER	3	YX15261T	3	0.00377358490566038
STAB_HVG_VAR_FILTER	3	YX15263T	1	0.99746192893401
STAB_HVG_VAR_FILTER	3	YX15263T	2	0.00253807106598985
STAB_HVG_VAR_FILTER	3	YX15263T	3	0
STAB_HVG_VAR_FILTER	3	YX15271T	1	0
STAB_HVG_VAR_FILTER	3	YX15271T	2	1
STAB_HVG_VAR_FILTER	3	YX15271T	3	0
STAB_HVG_VAR_FILTER	3	YX16036T	1	0.0086848635235732
STAB_HVG_VAR_FILTER	3	YX16036T	2	0.991315136476427
STAB_HVG_VAR_FILTER	3	YX16036T	3	0
STAB_HVG_VAR_FILTER	3	YX16041T	1	0.760981912144703
STAB_HVG_VAR_FILTER	3	YX16041T	2	0.239018087855297
STAB_HVG_VAR_FILTER	3	YX16041T	3	0
STAB_HVG_VAR_FILTER	3	YX16057T	1	0.0457433290978399
STAB_HVG_VAR_FILTER	3	YX16057T	2	0.95425667090216
STAB_HVG_VAR_FILTER	3	YX16057T	3	0
STAB_HVG_VAR_FILTER	3	YX16062T	1	0.998709677419355
STAB_HVG_VAR_FILTER	3	YX16062T	2	0
STAB_HVG_VAR_FILTER	3	YX16062T	3	0.00129032258064516
STAB_HVG_VAR_FILTER	3	YX16112T	1	0.950695322376738
STAB_HVG_VAR_FILTER	3	YX16112T	2	0.0480404551201011
STAB_HVG_VAR_FILTER	3	YX16112T	3	0.00126422250316056
STAB_HVG_VAR_FILTER	3	YX16113T	1	0.94300518134715
STAB_HVG_VAR_FILTER	3	YX16113T	2	0
STAB_HVG_VAR_FILTER	3	YX16113T	3	0.0569948186528497
STAB_HVG_VAR_FILTER	3	YX16119T	1	0.160342717258262
STAB_HVG_VAR_FILTER	3	YX16119T	2	0.839657282741738
STAB_HVG_VAR_FILTER	3	YX16119T	3	0
STAB_HVG_VAR_FILTER	3	YX16120T	1	0.988679245283019
STAB_HVG_VAR_FILTER	3	YX16120T	2	0.0113207547169811
STAB_HVG_VAR_FILTER	3	YX16120T	3	0
STAB_HVG_VAR_FILTER	3	YX16127T	1	0.998754669987547
STAB_HVG_VAR_FILTER	3	YX16127T	2	0
STAB_HVG_VAR_FILTER	3	YX16127T	3	0.0012453300124533
STAB_HVG_VAR_FILTER	3	YX16128T	1	0.0592020592020592
STAB_HVG_VAR_FILTER	3	YX16128T	2	0.940797940797941
STAB_HVG_VAR_FILTER	3	YX16128T	3	0
STAB_HVG_VAR_FILTER	3	YX16130T	1	0.00248756218905473
STAB_HVG_VAR_FILTER	3	YX16130T	2	0.997512437810945
STAB_HVG_VAR_FILTER	3	YX16130T	3	0
STAB_HVG_VAR_FILTER	3	YX16132T	1	0.05375
STAB_HVG_VAR_FILTER	3	YX16132T	2	0.94625
STAB_HVG_VAR_FILTER	3	YX16132T	3	0
STAB_HVG_VAR_FILTER	3	YX16135T	1	0
STAB_HVG_VAR_FILTER	3	YX16135T	2	1
STAB_HVG_VAR_FILTER	3	YX16135T	3	0
STAB_HVG_VAR_FILTER	3	YX16139T	1	1
STAB_HVG_VAR_FILTER	3	YX16139T	2	0
STAB_HVG_VAR_FILTER	3	YX16139T	3	0
STAB_HVG_VAR_FILTER	3	YX16141T	1	0.951282051282051
STAB_HVG_VAR_FILTER	3	YX16141T	2	0
STAB_HVG_VAR_FILTER	3	YX16141T	3	0.0487179487179487
STAB_HVG_VAR_FILTER	3	YX16144T	1	0
STAB_HVG_VAR_FILTER	3	YX16144T	2	1
STAB_HVG_VAR_FILTER	3	YX16144T	3	0
STAB_HVG_VAR_FILTER	3	YX16147T	1	0.927388535031847
STAB_HVG_VAR_FILTER	3	YX16147T	2	0
STAB_HVG_VAR_FILTER	3	YX16147T	3	0.0726114649681529
STAB_HVG_VAR_FILTER	3	YX16153T	1	1
STAB_HVG_VAR_FILTER	3	YX16153T	2	0
STAB_HVG_VAR_FILTER	3	YX16153T	3	0
STAB_HVG_VAR_FILTER	3	YX16155T	1	0.998724489795918
STAB_HVG_VAR_FILTER	3	YX16155T	2	0
STAB_HVG_VAR_FILTER	3	YX16155T	3	0.00127551020408163
STAB_HVG_VAR_FILTER	3	YX16158T	1	0.869230769230769
STAB_HVG_VAR_FILTER	3	YX16158T	2	0.00128205128205128
STAB_HVG_VAR_FILTER	3	YX16158T	3	0.12948717948718
STAB_HVG_VAR_FILTER	3	YX16159T	1	0
STAB_HVG_VAR_FILTER	3	YX16159T	2	1
STAB_HVG_VAR_FILTER	3	YX16159T	3	0
STAB_HVG_VAR_FILTER	3	YX16160T	1	0.874683544303797
STAB_HVG_VAR_FILTER	3	YX16160T	2	0
STAB_HVG_VAR_FILTER	3	YX16160T	3	0.125316455696203
STAB_HVG_VAR_FILTER	3	YX16161T	1	0
STAB_HVG_VAR_FILTER	3	YX16161T	2	1
STAB_HVG_VAR_FILTER	3	YX16161T	3	0
STAB_HVG_VAR_FILTER	3	YX16166T	1	1
STAB_HVG_VAR_FILTER	3	YX16166T	2	0
STAB_HVG_VAR_FILTER	3	YX16166T	3	0
STAB_HVG_VAR_FILTER	3	YX16177T	1	0.993773349937733
STAB_HVG_VAR_FILTER	3	YX16177T	2	0.0062266500622665
STAB_HVG_VAR_FILTER	3	YX16177T	3	0
STAB_HVG_VAR_FILTER	3	YX16178T	1	0.982587064676617
STAB_HVG_VAR_FILTER	3	YX16178T	2	0
STAB_HVG_VAR_FILTER	3	YX16178T	3	0.0174129353233831
STAB_HVG_VAR_FILTER	3	YX16180T	1	0
STAB_HVG_VAR_FILTER	3	YX16180T	2	1
STAB_HVG_VAR_FILTER	3	YX16180T	3	0
STAB_HVG_VAR_FILTER	3	YX16185T	1	0.99873417721519
STAB_HVG_VAR_FILTER	3	YX16185T	2	0
STAB_HVG_VAR_FILTER	3	YX16185T	3	0.00126582278481013
STAB_HVG_VAR_FILTER	3	YX16188T	1	0.900878293601004
STAB_HVG_VAR_FILTER	3	YX16188T	2	0
STAB_HVG_VAR_FILTER	3	YX16188T	3	0.0991217063989962
STAB_HVG_VAR_FILTER	3	YX16194T	1	0
STAB_HVG_VAR_FILTER	3	YX16194T	2	1
STAB_HVG_VAR_FILTER	3	YX16194T	3	0
STAB_HVG_VAR_FILTER	3	YX16202T	1	0.443223443223443
STAB_HVG_VAR_FILTER	3	YX16202T	2	0
STAB_HVG_VAR_FILTER	3	YX16202T	3	0.556776556776557
STAB_HVG_VAR_FILTER	3	YX16203T	1	0.0192307692307692
STAB_HVG_VAR_FILTER	3	YX16203T	2	0.980769230769231
STAB_HVG_VAR_FILTER	3	YX16203T	3	0
STAB_HVG_VAR_FILTER	3	YX16207T	1	0
STAB_HVG_VAR_FILTER	3	YX16207T	2	1
STAB_HVG_VAR_FILTER	3	YX16207T	3	0
STAB_HVG_VAR_FILTER	3	YX16218T	1	0
STAB_HVG_VAR_FILTER	3	YX16218T	2	1
STAB_HVG_VAR_FILTER	3	YX16218T	3	0
STAB_HVG_VAR_FILTER	3	YX16222T	1	0.219974715549937
STAB_HVG_VAR_FILTER	3	YX16222T	2	0.780025284450063
STAB_HVG_VAR_FILTER	3	YX16222T	3	0
STAB_HVG_VAR_FILTER	3	YX16224T	1	0
STAB_HVG_VAR_FILTER	3	YX16224T	2	1
STAB_HVG_VAR_FILTER	3	YX16224T	3	0
STAB_HVG_VAR_FILTER	3	YX16227T	1	0.74140127388535
STAB_HVG_VAR_FILTER	3	YX16227T	2	0.25859872611465
STAB_HVG_VAR_FILTER	3	YX16227T	3	0
STAB_HVG_VAR_FILTER	3	YX16236T	1	0.961977186311787
STAB_HVG_VAR_FILTER	3	YX16236T	2	0.0380228136882129
STAB_HVG_VAR_FILTER	3	YX16236T	3	0
STAB_HVG_VAR_FILTER	3	YX15047T	1	0.323491655969191
STAB_HVG_VAR_FILTER	3	YX15047T	2	0
STAB_HVG_VAR_FILTER	3	YX15047T	3	0.676508344030809
STAB_HVG_VAR_FILTER	3	YX15106T	1	0.00126582278481013
STAB_HVG_VAR_FILTER	3	YX15106T	2	0
STAB_HVG_VAR_FILTER	3	YX15106T	3	0.99873417721519
STAB_HVG_VAR_FILTER	3	YX15166T	1	0
STAB_HVG_VAR_FILTER	3	YX15166T	2	0
STAB_HVG_VAR_FILTER	3	YX15166T	3	1
STAB_HVG_VAR_FILTER	3	YX15187T	1	0
STAB_HVG_VAR_FILTER	3	YX15187T	2	0
STAB_HVG_VAR_FILTER	3	YX15187T	3	1
STAB_HVG_VAR_FILTER	3	YX15211T	1	0.725247524752475
STAB_HVG_VAR_FILTER	3	YX15211T	2	0.251237623762376
STAB_HVG_VAR_FILTER	3	YX15211T	3	0.0235148514851485
STAB_HVG_VAR_FILTER	3	YX15214T	1	0.00129032258064516
STAB_HVG_VAR_FILTER	3	YX15214T	2	0
STAB_HVG_VAR_FILTER	3	YX15214T	3	0.998709677419355
STAB_HVG_VAR_FILTER	3	YX16009T	1	0
STAB_HVG_VAR_FILTER	3	YX16009T	2	1
STAB_HVG_VAR_FILTER	3	YX16009T	3	0
STAB_HVG_VAR_FILTER	3	YX16011T	1	0.00123915737298637
STAB_HVG_VAR_FILTER	3	YX16011T	2	0
STAB_HVG_VAR_FILTER	3	YX16011T	3	0.998760842627014
STAB_HVG_VAR_FILTER	3	YX16068T	1	0
STAB_HVG_VAR_FILTER	3	YX16068T	2	0
STAB_HVG_VAR_FILTER	3	YX16068T	3	1
STAB_HVG_VAR_FILTER	3	YX16070T	1	0.668387096774194
STAB_HVG_VAR_FILTER	3	YX16070T	2	0.243870967741935
STAB_HVG_VAR_FILTER	3	YX16070T	3	0.087741935483871
STAB_HVG_VAR_FILTER	3	YX16075T	1	0
STAB_HVG_VAR_FILTER	3	YX16075T	2	1
STAB_HVG_VAR_FILTER	3	YX16075T	3	0
STAB_HVG_VAR_FILTER	3	YX16079T	1	0.00131578947368421
STAB_HVG_VAR_FILTER	3	YX16079T	2	0
STAB_HVG_VAR_FILTER	3	YX16079T	3	0.998684210526316
STAB_HVG_VAR_FILTER	3	YX16087T	1	0
STAB_HVG_VAR_FILTER	3	YX16087T	2	0
STAB_HVG_VAR_FILTER	3	YX16087T	3	1
STAB_HVG_VAR_FILTER	3	YX16094T	1	0.656091370558376
STAB_HVG_VAR_FILTER	3	YX16094T	2	0.00634517766497462
STAB_HVG_VAR_FILTER	3	YX16094T	3	0.33756345177665
STAB_HVG_VAR_FILTER	3	YX16172T	1	0.738480697384807
STAB_HVG_VAR_FILTER	3	YX16172T	2	0.169364881693649
STAB_HVG_VAR_FILTER	3	YX16172T	3	0.0921544209215442
STAB_HVG_VAR_FILTER	3	YX16295T	1	0.00127551020408163
STAB_HVG_VAR_FILTER	3	YX16295T	2	0
STAB_HVG_VAR_FILTER	3	YX16295T	3	0.998724489795918
STAB_HVG_VAR_FILTER	3	YX16327T	1	0.212765957446809
STAB_HVG_VAR_FILTER	3	YX16327T	2	0
STAB_HVG_VAR_FILTER	3	YX16327T	3	0.787234042553192
STAB_HVG_VAR_FILTER	3	YX16335T	1	0.998697916666667
STAB_HVG_VAR_FILTER	3	YX16335T	2	0
STAB_HVG_VAR_FILTER	3	YX16335T	3	0.00130208333333333
STAB_HVG_VAR_FILTER	3	YX16341T	1	0.00126742712294043
STAB_HVG_VAR_FILTER	3	YX16341T	2	0
STAB_HVG_VAR_FILTER	3	YX16341T	3	0.99873257287706
STAB_HVG_VAR_FILTER	3	YX16343T	1	0.026448362720403
STAB_HVG_VAR_FILTER	3	YX16343T	2	0
STAB_HVG_VAR_FILTER	3	YX16343T	3	0.973551637279597
STAB_HVG_VAR_FILTER	3	YX16347T	1	0.997395833333333
STAB_HVG_VAR_FILTER	3	YX16347T	2	0
STAB_HVG_VAR_FILTER	3	YX16347T	3	0.00260416666666667
STAB_HVG_VAR_FILTER	4	YX15261T	1	0.828930817610063
STAB_HVG_VAR_FILTER	4	YX15261T	2	0
STAB_HVG_VAR_FILTER	4	YX15261T	3	0.171069182389937
STAB_HVG_VAR_FILTER	4	YX15261T	4	0
STAB_HVG_VAR_FILTER	4	YX15263T	1	0.987309644670051
STAB_HVG_VAR_FILTER	4	YX15263T	2	0
STAB_HVG_VAR_FILTER	4	YX15263T	3	0.0126903553299492
STAB_HVG_VAR_FILTER	4	YX15263T	4	0
STAB_HVG_VAR_FILTER	4	YX15271T	1	0
STAB_HVG_VAR_FILTER	4	YX15271T	2	0.998737373737374
STAB_HVG_VAR_FILTER	4	YX15271T	3	0.00126262626262626
STAB_HVG_VAR_FILTER	4	YX15271T	4	0
STAB_HVG_VAR_FILTER	4	YX16036T	1	0.0086848635235732
STAB_HVG_VAR_FILTER	4	YX16036T	2	0.988833746898263
STAB_HVG_VAR_FILTER	4	YX16036T	3	0.00248138957816377
STAB_HVG_VAR_FILTER	4	YX16036T	4	0
STAB_HVG_VAR_FILTER	4	YX16041T	1	0.745478036175711
STAB_HVG_VAR_FILTER	4	YX16041T	2	0.231266149870801
STAB_HVG_VAR_FILTER	4	YX16041T	3	0.0232558139534884
STAB_HVG_VAR_FILTER	4	YX16041T	4	0
STAB_HVG_VAR_FILTER	4	YX16057T	1	0.0444726810673443
STAB_HVG_VAR_FILTER	4	YX16057T	2	0.950444726810673
STAB_HVG_VAR_FILTER	4	YX16057T	3	0.00508259212198221
STAB_HVG_VAR_FILTER	4	YX16057T	4	0
STAB_HVG_VAR_FILTER	4	YX16062T	1	0.992258064516129
STAB_HVG_VAR_FILTER	4	YX16062T	2	0
STAB_HVG_VAR_FILTER	4	YX16062T	3	0.00774193548387097
STAB_HVG_VAR_FILTER	4	YX16062T	4	0
STAB_HVG_VAR_FILTER	4	YX16112T	1	0.943109987357775
STAB_HVG_VAR_FILTER	4	YX16112T	2	0.04551201011378
STAB_HVG_VAR_FILTER	4	YX16112T	3	0.011378002528445
STAB_HVG_VAR_FILTER	4	YX16112T	4	0
STAB_HVG_VAR_FILTER	4	YX16113T	1	0.251295336787565
STAB_HVG_VAR_FILTER	4	YX16113T	2	0
STAB_HVG_VAR_FILTER	4	YX16113T	3	0.748704663212435
STAB_HVG_VAR_FILTER	4	YX16113T	4	0
STAB_HVG_VAR_FILTER	4	YX16119T	1	0.15422276621787
STAB_HVG_VAR_FILTER	4	YX16119T	2	0.829865361077111
STAB_HVG_VAR_FILTER	4	YX16119T	3	0.0159118727050184
STAB_HVG_VAR_FILTER	4	YX16119T	4	0
STAB_HVG_VAR_FILTER	4	YX16120T	1	0.969811320754717
STAB_HVG_VAR_FILTER	4	YX16120T	2	0.00377358490566038
STAB_HVG_VAR_FILTER	4	YX16120T	3	0.0264150943396226
STAB_HVG_VAR_FILTER	4	YX16120T	4	0
STAB_HVG_VAR_FILTER	4	YX16127T	1	0.993773349937733
STAB_HVG_VAR_FILTER	4	YX16127T	2	0
STAB_HVG_VAR_FILTER	4	YX16127T	3	0.0062266500622665
STAB_HVG_VAR_FILTER	4	YX16127T	4	0
STAB_HVG_VAR_FILTER	4	YX16128T	1	0.0579150579150579
STAB_HVG_VAR_FILTER	4	YX16128T	2	0.931788931788932
STAB_HVG_VAR_FILTER	4	YX16128T	3	0.0102960102960103
STAB_HVG_VAR_FILTER	4	YX16128T	4	0
STAB_HVG_VAR_FILTER	4	YX16130T	1	0.00248756218905473
STAB_HVG_VAR_FILTER	4	YX16130T	2	0.993781094527363
STAB_HVG_VAR_FILTER	4	YX16130T	3	0.00373134328358209
STAB_HVG_VAR_FILTER	4	YX16130T	4	0
STAB_HVG_VAR_FILTER	4	YX16132T	1	0.05
STAB_HVG_VAR_FILTER	4	YX16132T	2	0.935
STAB_HVG_VAR_FILTER	4	YX16132T	3	0.015
STAB_HVG_VAR_FILTER	4	YX16132T	4	0
STAB_HVG_VAR_FILTER	4	YX16135T	1	0
STAB_HVG_VAR_FILTER	4	YX16135T	2	0.99874843554443
STAB_HVG_VAR_FILTER	4	YX16135T	3	0.00125156445556946
STAB_HVG_VAR_FILTER	4	YX16135T	4	0
STAB_HVG_VAR_FILTER	4	YX16139T	1	0.991105463786531
STAB_HVG_VAR_FILTER	4	YX16139T	2	0
STAB_HVG_VAR_FILTER	4	YX16139T	3	0.00889453621346887
STAB_HVG_VAR_FILTER	4	YX16139T	4	0
STAB_HVG_VAR_FILTER	4	YX16141T	1	0.883333333333333
STAB_HVG_VAR_FILTER	4	YX16141T	2	0
STAB_HVG_VAR_FILTER	4	YX16141T	3	0.0756410256410256
STAB_HVG_VAR_FILTER	4	YX16141T	4	0.041025641025641
STAB_HVG_VAR_FILTER	4	YX16144T	1	0
STAB_HVG_VAR_FILTER	4	YX16144T	2	0.997481108312343
STAB_HVG_VAR_FILTER	4	YX16144T	3	0.00251889168765743
STAB_HVG_VAR_FILTER	4	YX16144T	4	0
STAB_HVG_VAR_FILTER	4	YX16147T	1	0.0254777070063694
STAB_HVG_VAR_FILTER	4	YX16147T	2	0
STAB_HVG_VAR_FILTER	4	YX16147T	3	0.974522292993631
STAB_HVG_VAR_FILTER	4	YX16147T	4	0
STAB_HVG_VAR_FILTER	4	YX16153T	1	0.993548387096774
STAB_HVG_VAR_FILTER	4	YX16153T	2	0
STAB_HVG_VAR_FILTER	4	YX16153T	3	0.00645161290322581
STAB_HVG_VAR_FILTER	4	YX16153T	4	0
STAB_HVG_VAR_FILTER	4	YX16155T	1	0.993622448979592
STAB_HVG_VAR_FILTER	4	YX16155T	2	0
STAB_HVG_VAR_FILTER	4	YX16155T	3	0.00637755102040816
STAB_HVG_VAR_FILTER	4	YX16155T	4	0
STAB_HVG_VAR_FILTER	4	YX16158T	1	0.00641025641025641
STAB_HVG_VAR_FILTER	4	YX16158T	2	0
STAB_HVG_VAR_FILTER	4	YX16158T	3	0.993589743589744
STAB_HVG_VAR_FILTER	4	YX16158T	4	0
STAB_HVG_VAR_FILTER	4	YX16159T	1	0
STAB_HVG_VAR_FILTER	4	YX16159T	2	1
STAB_HVG_VAR_FILTER	4	YX16159T	3	0
STAB_HVG_VAR_FILTER	4	YX16159T	4	0
STAB_HVG_VAR_FILTER	4	YX16160T	1	0.00759493670886076
STAB_HVG_VAR_FILTER	4	YX16160T	2	0
STAB_HVG_VAR_FILTER	4	YX16160T	3	0.992405063291139
STAB_HVG_VAR_FILTER	4	YX16160T	4	0
STAB_HVG_VAR_FILTER	4	YX16161T	1	0
STAB_HVG_VAR_FILTER	4	YX16161T	2	0.99873257287706
STAB_HVG_VAR_FILTER	4	YX16161T	3	0.00126742712294043
STAB_HVG_VAR_FILTER	4	YX16161T	4	0
STAB_HVG_VAR_FILTER	4	YX16166T	1	0.995055624227441
STAB_HVG_VAR_FILTER	4	YX16166T	2	0
STAB_HVG_VAR_FILTER	4	YX16166T	3	0.00494437577255871
STAB_HVG_VAR_FILTER	4	YX16166T	4	0
STAB_HVG_VAR_FILTER	4	YX16177T	1	0.960149439601494
STAB_HVG_VAR_FILTER	4	YX16177T	2	0.0024906600249066
STAB_HVG_VAR_FILTER	4	YX16177T	3	0.037359900373599
STAB_HVG_VAR_FILTER	4	YX16177T	4	0
STAB_HVG_VAR_FILTER	4	YX16178T	1	0.967661691542289
STAB_HVG_VAR_FILTER	4	YX16178T	2	0
STAB_HVG_VAR_FILTER	4	YX16178T	3	0.0161691542288557
STAB_HVG_VAR_FILTER	4	YX16178T	4	0.0161691542288557
STAB_HVG_VAR_FILTER	4	YX16180T	1	0
STAB_HVG_VAR_FILTER	4	YX16180T	2	0.998759305210918
STAB_HVG_VAR_FILTER	4	YX16180T	3	0.00124069478908189
STAB_HVG_VAR_FILTER	4	YX16180T	4	0
STAB_HVG_VAR_FILTER	4	YX16185T	1	0.993670886075949
STAB_HVG_VAR_FILTER	4	YX16185T	2	0
STAB_HVG_VAR_FILTER	4	YX16185T	3	0.00632911392405063
STAB_HVG_VAR_FILTER	4	YX16185T	4	0
STAB_HVG_VAR_FILTER	4	YX16188T	1	0.156838143036386
STAB_HVG_VAR_FILTER	4	YX16188T	2	0
STAB_HVG_VAR_FILTER	4	YX16188T	3	0.843161856963614
STAB_HVG_VAR_FILTER	4	YX16188T	4	0
STAB_HVG_VAR_FILTER	4	YX16194T	1	0
STAB_HVG_VAR_FILTER	4	YX16194T	2	0.998765432098765
STAB_HVG_VAR_FILTER	4	YX16194T	3	0.00123456790123457
STAB_HVG_VAR_FILTER	4	YX16194T	4	0
STAB_HVG_VAR_FILTER	4	YX16202T	1	0.0158730158730159
STAB_HVG_VAR_FILTER	4	YX16202T	2	0
STAB_HVG_VAR_FILTER	4	YX16202T	3	0.51037851037851
STAB_HVG_VAR_FILTER	4	YX16202T	4	0.473748473748474
STAB_HVG_VAR_FILTER	4	YX16203T	1	0.0166666666666667
STAB_HVG_VAR_FILTER	4	YX16203T	2	0.97948717948718
STAB_HVG_VAR_FILTER	4	YX16203T	3	0.00384615384615385
STAB_HVG_VAR_FILTER	4	YX16203T	4	0
STAB_HVG_VAR_FILTER	4	YX16207T	1	0
STAB_HVG_VAR_FILTER	4	YX16207T	2	1
STAB_HVG_VAR_FILTER	4	YX16207T	3	0
STAB_HVG_VAR_FILTER	4	YX16207T	4	0
STAB_HVG_VAR_FILTER	4	YX16218T	1	0
STAB_HVG_VAR_FILTER	4	YX16218T	2	0.996134020618557
STAB_HVG_VAR_FILTER	4	YX16218T	3	0.0038659793814433
STAB_HVG_VAR_FILTER	4	YX16218T	4	0
STAB_HVG_VAR_FILTER	4	YX16222T	1	0.217446270543616
STAB_HVG_VAR_FILTER	4	YX16222T	2	0.776232616940582
STAB_HVG_VAR_FILTER	4	YX16222T	3	0.00632111251580278
STAB_HVG_VAR_FILTER	4	YX16222T	4	0
STAB_HVG_VAR_FILTER	4	YX16224T	1	0
STAB_HVG_VAR_FILTER	4	YX16224T	2	1
STAB_HVG_VAR_FILTER	4	YX16224T	3	0
STAB_HVG_VAR_FILTER	4	YX16224T	4	0
STAB_HVG_VAR_FILTER	4	YX16227T	1	0.728662420382166
STAB_HVG_VAR_FILTER	4	YX16227T	2	0.248407643312102
STAB_HVG_VAR_FILTER	4	YX16227T	3	0.0229299363057325
STAB_HVG_VAR_FILTER	4	YX16227T	4	0
STAB_HVG_VAR_FILTER	4	YX16236T	1	0.950570342205323
STAB_HVG_VAR_FILTER	4	YX16236T	2	0.0291508238276299
STAB_HVG_VAR_FILTER	4	YX16236T	3	0.0202788339670469
STAB_HVG_VAR_FILTER	4	YX16236T	4	0
STAB_HVG_VAR_FILTER	4	YX15047T	1	0.304236200256739
STAB_HVG_VAR_FILTER	4	YX15047T	2	0
STAB_HVG_VAR_FILTER	4	YX15047T	3	0.024390243902439
STAB_HVG_VAR_FILTER	4	YX15047T	4	0.671373555840822
STAB_HVG_VAR_FILTER	4	YX15106T	1	0
STAB_HVG_VAR_FILTER	4	YX15106T	2	0
STAB_HVG_VAR_FILTER	4	YX15106T	3	0
STAB_HVG_VAR_FILTER	4	YX15106T	4	1
STAB_HVG_VAR_FILTER	4	YX15166T	1	0
STAB_HVG_VAR_FILTER	4	YX15166T	2	0
STAB_HVG_VAR_FILTER	4	YX15166T	3	0
STAB_HVG_VAR_FILTER	4	YX15166T	4	1
STAB_HVG_VAR_FILTER	4	YX15187T	1	0
STAB_HVG_VAR_FILTER	4	YX15187T	2	0
STAB_HVG_VAR_FILTER	4	YX15187T	3	0
STAB_HVG_VAR_FILTER	4	YX15187T	4	1
STAB_HVG_VAR_FILTER	4	YX15211T	1	0.689356435643564
STAB_HVG_VAR_FILTER	4	YX15211T	2	0.248762376237624
STAB_HVG_VAR_FILTER	4	YX15211T	3	0.0433168316831683
STAB_HVG_VAR_FILTER	4	YX15211T	4	0.0185643564356436
STAB_HVG_VAR_FILTER	4	YX15214T	1	0
STAB_HVG_VAR_FILTER	4	YX15214T	2	0
STAB_HVG_VAR_FILTER	4	YX15214T	3	0
STAB_HVG_VAR_FILTER	4	YX15214T	4	1
STAB_HVG_VAR_FILTER	4	YX16009T	1	0
STAB_HVG_VAR_FILTER	4	YX16009T	2	0.998756218905473
STAB_HVG_VAR_FILTER	4	YX16009T	3	0.00124378109452736
STAB_HVG_VAR_FILTER	4	YX16009T	4	0
STAB_HVG_VAR_FILTER	4	YX16011T	1	0
STAB_HVG_VAR_FILTER	4	YX16011T	2	0
STAB_HVG_VAR_FILTER	4	YX16011T	3	0
STAB_HVG_VAR_FILTER	4	YX16011T	4	1
STAB_HVG_VAR_FILTER	4	YX16068T	1	0
STAB_HVG_VAR_FILTER	4	YX16068T	2	0
STAB_HVG_VAR_FILTER	4	YX16068T	3	0
STAB_HVG_VAR_FILTER	4	YX16068T	4	1
STAB_HVG_VAR_FILTER	4	YX16070T	1	0.623225806451613
STAB_HVG_VAR_FILTER	4	YX16070T	2	0.241290322580645
STAB_HVG_VAR_FILTER	4	YX16070T	3	0.0554838709677419
STAB_HVG_VAR_FILTER	4	YX16070T	4	0.08
STAB_HVG_VAR_FILTER	4	YX16075T	1	0
STAB_HVG_VAR_FILTER	4	YX16075T	2	0.998738965952081
STAB_HVG_VAR_FILTER	4	YX16075T	3	0.00126103404791929
STAB_HVG_VAR_FILTER	4	YX16075T	4	0
STAB_HVG_VAR_FILTER	4	YX16079T	1	0
STAB_HVG_VAR_FILTER	4	YX16079T	2	0
STAB_HVG_VAR_FILTER	4	YX16079T	3	0
STAB_HVG_VAR_FILTER	4	YX16079T	4	1
STAB_HVG_VAR_FILTER	4	YX16087T	1	0
STAB_HVG_VAR_FILTER	4	YX16087T	2	0
STAB_HVG_VAR_FILTER	4	YX16087T	3	0
STAB_HVG_VAR_FILTER	4	YX16087T	4	1
STAB_HVG_VAR_FILTER	4	YX16094T	1	0.621827411167513
STAB_HVG_VAR_FILTER	4	YX16094T	2	0.00634517766497462
STAB_HVG_VAR_FILTER	4	YX16094T	3	0.0406091370558376
STAB_HVG_VAR_FILTER	4	YX16094T	4	0.331218274111675
STAB_HVG_VAR_FILTER	4	YX16172T	1	0.689912826899128
STAB_HVG_VAR_FILTER	4	YX16172T	2	0.169364881693649
STAB_HVG_VAR_FILTER	4	YX16172T	3	0.0560398505603985
STAB_HVG_VAR_FILTER	4	YX16172T	4	0.0846824408468244
STAB_HVG_VAR_FILTER	4	YX16295T	1	0
STAB_HVG_VAR_FILTER	4	YX16295T	2	0
STAB_HVG_VAR_FILTER	4	YX16295T	3	0
STAB_HVG_VAR_FILTER	4	YX16295T	4	1
STAB_HVG_VAR_FILTER	4	YX16327T	1	0.204005006257822
STAB_HVG_VAR_FILTER	4	YX16327T	2	0
STAB_HVG_VAR_FILTER	4	YX16327T	3	0.0112640801001252
STAB_HVG_VAR_FILTER	4	YX16327T	4	0.784730913642053
STAB_HVG_VAR_FILTER	4	YX16335T	1	0.993489583333333
STAB_HVG_VAR_FILTER	4	YX16335T	2	0
STAB_HVG_VAR_FILTER	4	YX16335T	3	0.00651041666666667
STAB_HVG_VAR_FILTER	4	YX16335T	4	0
STAB_HVG_VAR_FILTER	4	YX16341T	1	0
STAB_HVG_VAR_FILTER	4	YX16341T	2	0
STAB_HVG_VAR_FILTER	4	YX16341T	3	0.00253485424588086
STAB_HVG_VAR_FILTER	4	YX16341T	4	0.997465145754119
STAB_HVG_VAR_FILTER	4	YX16343T	1	0.0226700251889169
STAB_HVG_VAR_FILTER	4	YX16343T	2	0
STAB_HVG_VAR_FILTER	4	YX16343T	3	0.00503778337531486
STAB_HVG_VAR_FILTER	4	YX16343T	4	0.972292191435768
STAB_HVG_VAR_FILTER	4	YX16347T	1	0.986979166666667
STAB_HVG_VAR_FILTER	4	YX16347T	2	0
STAB_HVG_VAR_FILTER	4	YX16347T	3	0.01171875
STAB_HVG_VAR_FILTER	4	YX16347T	4	0.00130208333333333
STAB_HVG_VAR_FILTER	5	YX15261T	1	0.563522012578616
STAB_HVG_VAR_FILTER	5	YX15261T	2	0.286792452830189
STAB_HVG_VAR_FILTER	5	YX15261T	3	0
STAB_HVG_VAR_FILTER	5	YX15261T	4	0.149685534591195
STAB_HVG_VAR_FILTER	5	YX15261T	5	0
STAB_HVG_VAR_FILTER	5	YX15263T	1	0.274111675126904
STAB_HVG_VAR_FILTER	5	YX15263T	2	0.725888324873096
STAB_HVG_VAR_FILTER	5	YX15263T	3	0
STAB_HVG_VAR_FILTER	5	YX15263T	4	0
STAB_HVG_VAR_FILTER	5	YX15263T	5	0
STAB_HVG_VAR_FILTER	5	YX15271T	1	0.0202020202020202
STAB_HVG_VAR_FILTER	5	YX15271T	2	0.00631313131313131
STAB_HVG_VAR_FILTER	5	YX15271T	3	0.96969696969697
STAB_HVG_VAR_FILTER	5	YX15271T	4	0.00378787878787879
STAB_HVG_VAR_FILTER	5	YX15271T	5	0
STAB_HVG_VAR_FILTER	5	YX16036T	1	0.0471464019851117
STAB_HVG_VAR_FILTER	5	YX16036T	2	0.0384615384615385
STAB_HVG_VAR_FILTER	5	YX16036T	3	0.906947890818859
STAB_HVG_VAR_FILTER	5	YX16036T	4	0.00744416873449132
STAB_HVG_VAR_FILTER	5	YX16036T	5	0
STAB_HVG_VAR_FILTER	5	YX16041T	1	0.121447028423773
STAB_HVG_VAR_FILTER	5	YX16041T	2	0.767441860465116
STAB_HVG_VAR_FILTER	5	YX16041T	3	0.10077519379845
STAB_HVG_VAR_FILTER	5	YX16041T	4	0.0103359173126615
STAB_HVG_VAR_FILTER	5	YX16041T	5	0
STAB_HVG_VAR_FILTER	5	YX16057T	1	0.0648030495552732
STAB_HVG_VAR_FILTER	5	YX16057T	2	0.0787801778907243
STAB_HVG_VAR_FILTER	5	YX16057T	3	0.848792884371029
STAB_HVG_VAR_FILTER	5	YX16057T	4	0.00762388818297332
STAB_HVG_VAR_FILTER	5	YX16057T	5	0
STAB_HVG_VAR_FILTER	5	YX16062T	1	0.660645161290323
STAB_HVG_VAR_FILTER	5	YX16062T	2	0.338064516129032
STAB_HVG_VAR_FILTER	5	YX16062T	3	0
STAB_HVG_VAR_FILTER	5	YX16062T	4	0.00129032258064516
STAB_HVG_VAR_FILTER	5	YX16062T	5	0
STAB_HVG_VAR_FILTER	5	YX16112T	1	0.601769911504425
STAB_HVG_VAR_FILTER	5	YX16112T	2	0.374209860935525
STAB_HVG_VAR_FILTER	5	YX16112T	3	0.0214917825537295
STAB_HVG_VAR_FILTER	5	YX16112T	4	0.00252844500632111
STAB_HVG_VAR_FILTER	5	YX16112T	5	0
STAB_HVG_VAR_FILTER	5	YX16113T	1	0.0569948186528497
STAB_HVG_VAR_FILTER	5	YX16113T	2	0.24740932642487
STAB_HVG_VAR_FILTER	5	YX16113T	3	0
STAB_HVG_VAR_FILTER	5	YX16113T	4	0.69559585492228
STAB_HVG_VAR_FILTER	5	YX16113T	5	0
STAB_HVG_VAR_FILTER	5	YX16119T	1	0.0367197062423501
STAB_HVG_VAR_FILTER	5	YX16119T	2	0.310893512851897
STAB_HVG_VAR_FILTER	5	YX16119T	3	0.624235006119951
STAB_HVG_VAR_FILTER	5	YX16119T	4	0.0281517747858017
STAB_HVG_VAR_FILTER	5	YX16119T	5	0
STAB_HVG_VAR_FILTER	5	YX16120T	1	0.259119496855346
STAB_HVG_VAR_FILTER	5	YX16120T	2	0.735849056603774
STAB_HVG_VAR_FILTER	5	YX16120T	3	0
STAB_HVG_VAR_FILTER	5	YX16120T	4	0.0050314465408805
STAB_HVG_VAR_FILTER	5	YX16120T	5	0
STAB_HVG_VAR_FILTER	5	YX16127T	1	0.658779576587796
STAB_HVG_VAR_FILTER	5	YX16127T	2	0.339975093399751
STAB_HVG_VAR_FILTER	5	YX16127T	3	0
STAB_HVG_VAR_FILTER	5	YX16127T	4	0.0012453300124533
STAB_HVG_VAR_FILTER	5	YX16127T	5	0
STAB_HVG_VAR_FILTER	5	YX16128T	1	0.0218790218790219
STAB_HVG_VAR_FILTER	5	YX16128T	2	0.207207207207207
STAB_HVG_VAR_FILTER	5	YX16128T	3	0.746460746460746
STAB_HVG_VAR_FILTER	5	YX16128T	4	0.0244530244530245
STAB_HVG_VAR_FILTER	5	YX16128T	5	0
STAB_HVG_VAR_FILTER	5	YX16130T	1	0.0099502487562189
STAB_HVG_VAR_FILTER	5	YX16130T	2	0.1181592039801
STAB_HVG_VAR_FILTER	5	YX16130T	3	0.850746268656716
STAB_HVG_VAR_FILTER	5	YX16130T	4	0.0211442786069652
STAB_HVG_VAR_FILTER	5	YX16130T	5	0
STAB_HVG_VAR_FILTER	5	YX16132T	1	0.01875
STAB_HVG_VAR_FILTER	5	YX16132T	2	0.20625
STAB_HVG_VAR_FILTER	5	YX16132T	3	0.75125
STAB_HVG_VAR_FILTER	5	YX16132T	4	0.02375
STAB_HVG_VAR_FILTER	5	YX16132T	5	0
STAB_HVG_VAR_FILTER	5	YX16135T	1	0.00500625782227785
STAB_HVG_VAR_FILTER	5	YX16135T	2	0.0775969962453066
STAB_HVG_VAR_FILTER	5	YX16135T	3	0.897371714643304
STAB_HVG_VAR_FILTER	5	YX16135T	4	0.0200250312891114
STAB_HVG_VAR_FILTER	5	YX16135T	5	0
STAB_HVG_VAR_FILTER	5	YX16139T	1	0.664548919949174
STAB_HVG_VAR_FILTER	5	YX16139T	2	0.330368487928844
STAB_HVG_VAR_FILTER	5	YX16139T	3	0
STAB_HVG_VAR_FILTER	5	YX16139T	4	0.00508259212198221
STAB_HVG_VAR_FILTER	5	YX16139T	5	0
STAB_HVG_VAR_FILTER	5	YX16141T	1	0.303846153846154
STAB_HVG_VAR_FILTER	5	YX16141T	2	0.624358974358974
STAB_HVG_VAR_FILTER	5	YX16141T	3	0
STAB_HVG_VAR_FILTER	5	YX16141T	4	0.0538461538461538
STAB_HVG_VAR_FILTER	5	YX16141T	5	0.0179487179487179
STAB_HVG_VAR_FILTER	5	YX16144T	1	0.00629722921914358
STAB_HVG_VAR_FILTER	5	YX16144T	2	0.0906801007556675
STAB_HVG_VAR_FILTER	5	YX16144T	3	0.881612090680101
STAB_HVG_VAR_FILTER	5	YX16144T	4	0.0214105793450882
STAB_HVG_VAR_FILTER	5	YX16144T	5	0
STAB_HVG_VAR_FILTER	5	YX16147T	1	0.00636942675159236
STAB_HVG_VAR_FILTER	5	YX16147T	2	0.0356687898089172
STAB_HVG_VAR_FILTER	5	YX16147T	3	0
STAB_HVG_VAR_FILTER	5	YX16147T	4	0.95796178343949
STAB_HVG_VAR_FILTER	5	YX16147T	5	0
STAB_HVG_VAR_FILTER	5	YX16153T	1	0.643870967741936
STAB_HVG_VAR_FILTER	5	YX16153T	2	0.356129032258065
STAB_HVG_VAR_FILTER	5	YX16153T	3	0
STAB_HVG_VAR_FILTER	5	YX16153T	4	0
STAB_HVG_VAR_FILTER	5	YX16153T	5	0
STAB_HVG_VAR_FILTER	5	YX16155T	1	0.647959183673469
STAB_HVG_VAR_FILTER	5	YX16155T	2	0.352040816326531
STAB_HVG_VAR_FILTER	5	YX16155T	3	0
STAB_HVG_VAR_FILTER	5	YX16155T	4	0
STAB_HVG_VAR_FILTER	5	YX16155T	5	0
STAB_HVG_VAR_FILTER	5	YX16158T	1	0.00128205128205128
STAB_HVG_VAR_FILTER	5	YX16158T	2	0.0358974358974359
STAB_HVG_VAR_FILTER	5	YX16158T	3	0
STAB_HVG_VAR_FILTER	5	YX16158T	4	0.962820512820513
STAB_HVG_VAR_FILTER	5	YX16158T	5	0
STAB_HVG_VAR_FILTER	5	YX16159T	1	0.0215462610899873
STAB_HVG_VAR_FILTER	5	YX16159T	2	0.00887198986058302
STAB_HVG_VAR_FILTER	5	YX16159T	3	0.964512040557668
STAB_HVG_VAR_FILTER	5	YX16159T	4	0.00506970849176172
STAB_HVG_VAR_FILTER	5	YX16159T	5	0
STAB_HVG_VAR_FILTER	5	YX16160T	1	0.00632911392405063
STAB_HVG_VAR_FILTER	5	YX16160T	2	0.030379746835443
STAB_HVG_VAR_FILTER	5	YX16160T	3	0
STAB_HVG_VAR_FILTER	5	YX16160T	4	0.963291139240506
STAB_HVG_VAR_FILTER	5	YX16160T	5	0
STAB_HVG_VAR_FILTER	5	YX16161T	1	0.00633713561470215
STAB_HVG_VAR_FILTER	5	YX16161T	2	0.0684410646387833
STAB_HVG_VAR_FILTER	5	YX16161T	3	0.907477820025348
STAB_HVG_VAR_FILTER	5	YX16161T	4	0.017743979721166
STAB_HVG_VAR_FILTER	5	YX16161T	5	0
STAB_HVG_VAR_FILTER	5	YX16166T	1	0.65265760197775
STAB_HVG_VAR_FILTER	5	YX16166T	2	0.34734239802225
STAB_HVG_VAR_FILTER	5	YX16166T	3	0
STAB_HVG_VAR_FILTER	5	YX16166T	4	0
STAB_HVG_VAR_FILTER	5	YX16166T	5	0
STAB_HVG_VAR_FILTER	5	YX16177T	1	0.259028642590286
STAB_HVG_VAR_FILTER	5	YX16177T	2	0.723536737235367
STAB_HVG_VAR_FILTER	5	YX16177T	3	0
STAB_HVG_VAR_FILTER	5	YX16177T	4	0.0174346201743462
STAB_HVG_VAR_FILTER	5	YX16177T	5	0
STAB_HVG_VAR_FILTER	5	YX16178T	1	0.299751243781095
STAB_HVG_VAR_FILTER	5	YX16178T	2	0.677860696517413
STAB_HVG_VAR_FILTER	5	YX16178T	3	0
STAB_HVG_VAR_FILTER	5	YX16178T	4	0.00746268656716418
STAB_HVG_VAR_FILTER	5	YX16178T	5	0.0149253731343284
STAB_HVG_VAR_FILTER	5	YX16180T	1	0.00496277915632754
STAB_HVG_VAR_FILTER	5	YX16180T	2	0.0794044665012407
STAB_HVG_VAR_FILTER	5	YX16180T	3	0.895781637717122
STAB_HVG_VAR_FILTER	5	YX16180T	4	0.0198511166253102
STAB_HVG_VAR_FILTER	5	YX16180T	5	0
STAB_HVG_VAR_FILTER	5	YX16185T	1	0.650632911392405
STAB_HVG_VAR_FILTER	5	YX16185T	2	0.349367088607595
STAB_HVG_VAR_FILTER	5	YX16185T	3	0
STAB_HVG_VAR_FILTER	5	YX16185T	4	0
STAB_HVG_VAR_FILTER	5	YX16185T	5	0
STAB_HVG_VAR_FILTER	5	YX16188T	1	0.0351317440401506
STAB_HVG_VAR_FILTER	5	YX16188T	2	0.178168130489335
STAB_HVG_VAR_FILTER	5	YX16188T	3	0
STAB_HVG_VAR_FILTER	5	YX16188T	4	0.786700125470514
STAB_HVG_VAR_FILTER	5	YX16188T	5	0
STAB_HVG_VAR_FILTER	5	YX16194T	1	0.0246913580246914
STAB_HVG_VAR_FILTER	5	YX16194T	2	0.00987654320987654
STAB_HVG_VAR_FILTER	5	YX16194T	3	0.959259259259259
STAB_HVG_VAR_FILTER	5	YX16194T	4	0.00617283950617284
STAB_HVG_VAR_FILTER	5	YX16194T	5	0
STAB_HVG_VAR_FILTER	5	YX16202T	1	0.0122100122100122
STAB_HVG_VAR_FILTER	5	YX16202T	2	0.032967032967033
STAB_HVG_VAR_FILTER	5	YX16202T	3	0
STAB_HVG_VAR_FILTER	5	YX16202T	4	0.487179487179487
STAB_HVG_VAR_FILTER	5	YX16202T	5	0.467643467643468
STAB_HVG_VAR_FILTER	5	YX16203T	1	0.05
STAB_HVG_VAR_FILTER	5	YX16203T	2	0.0692307692307692
STAB_HVG_VAR_FILTER	5	YX16203T	3	0.873076923076923
STAB_HVG_VAR_FILTER	5	YX16203T	4	0.00769230769230769
STAB_HVG_VAR_FILTER	5	YX16203T	5	0
STAB_HVG_VAR_FILTER	5	YX16207T	1	0.0202275600505689
STAB_HVG_VAR_FILTER	5	YX16207T	2	0.00758533501896334
STAB_HVG_VAR_FILTER	5	YX16207T	3	0.967130214917826
STAB_HVG_VAR_FILTER	5	YX16207T	4	0.00505689001264223
STAB_HVG_VAR_FILTER	5	YX16207T	5	0
STAB_HVG_VAR_FILTER	5	YX16218T	1	0.00515463917525773
STAB_HVG_VAR_FILTER	5	YX16218T	2	0.106958762886598
STAB_HVG_VAR_FILTER	5	YX16218T	3	0.867268041237113
STAB_HVG_VAR_FILTER	5	YX16218T	4	0.0206185567010309
STAB_HVG_VAR_FILTER	5	YX16218T	5	0
STAB_HVG_VAR_FILTER	5	YX16222T	1	0.11251580278129
STAB_HVG_VAR_FILTER	5	YX16222T	2	0.216182048040455
STAB_HVG_VAR_FILTER	5	YX16222T	3	0.663716814159292
STAB_HVG_VAR_FILTER	5	YX16222T	4	0.00758533501896334
STAB_HVG_VAR_FILTER	5	YX16222T	5	0
STAB_HVG_VAR_FILTER	5	YX16224T	1	0.0164556962025316
STAB_HVG_VAR_FILTER	5	YX16224T	2	0.00632911392405063
STAB_HVG_VAR_FILTER	5	YX16224T	3	0.973417721518987
STAB_HVG_VAR_FILTER	5	YX16224T	4	0.00379746835443038
STAB_HVG_VAR_FILTER	5	YX16224T	5	0
STAB_HVG_VAR_FILTER	5	YX16227T	1	0.12484076433121
STAB_HVG_VAR_FILTER	5	YX16227T	2	0.760509554140127
STAB_HVG_VAR_FILTER	5	YX16227T	3	0.107006369426752
STAB_HVG_VAR_FILTER	5	YX16227T	4	0.00764331210191083
STAB_HVG_VAR_FILTER	5	YX16227T	5	0
STAB_HVG_VAR_FILTER	5	YX16236T	1	0.210392902408112
STAB_HVG_VAR_FILTER	5	YX16236T	2	0.780735107731305
STAB_HVG_VAR_FILTER	5	YX16236T	3	0.00633713561470215
STAB_HVG_VAR_FILTER	5	YX16236T	4	0.00253485424588086
STAB_HVG_VAR_FILTER	5	YX16236T	5	0
STAB_HVG_VAR_FILTER	5	YX15047T	1	0.201540436456996
STAB_HVG_VAR_FILTER	5	YX15047T	2	0.129653401797176
STAB_HVG_VAR_FILTER	5	YX15047T	3	0
STAB_HVG_VAR_FILTER	5	YX15047T	4	0.0141206675224647
STAB_HVG_VAR_FILTER	5	YX15047T	5	0.654685494223363
STAB_HVG_VAR_FILTER	5	YX15106T	1	0
STAB_HVG_VAR_FILTER	5	YX15106T	2	0
STAB_HVG_VAR_FILTER	5	YX15106T	3	0
STAB_HVG_VAR_FILTER	5	YX15106T	4	0
STAB_HVG_VAR_FILTER	5	YX15106T	5	1
STAB_HVG_VAR_FILTER	5	YX15166T	1	0
STAB_HVG_VAR_FILTER	5	YX15166T	2	0
STAB_HVG_VAR_FILTER	5	YX15166T	3	0
STAB_HVG_VAR_FILTER	5	YX15166T	4	0
STAB_HVG_VAR_FILTER	5	YX15166T	5	1
STAB_HVG_VAR_FILTER	5	YX15187T	1	0
STAB_HVG_VAR_FILTER	5	YX15187T	2	0
STAB_HVG_VAR_FILTER	5	YX15187T	3	0
STAB_HVG_VAR_FILTER	5	YX15187T	4	0
STAB_HVG_VAR_FILTER	5	YX15187T	5	1
STAB_HVG_VAR_FILTER	5	YX15211T	1	0.607673267326733
STAB_HVG_VAR_FILTER	5	YX15211T	2	0.196782178217822
STAB_HVG_VAR_FILTER	5	YX15211T	3	0.142326732673267
STAB_HVG_VAR_FILTER	5	YX15211T	4	0.0495049504950495
STAB_HVG_VAR_FILTER	5	YX15211T	5	0.00371287128712871
STAB_HVG_VAR_FILTER	5	YX15214T	1	0.00258064516129032
STAB_HVG_VAR_FILTER	5	YX15214T	2	0.00258064516129032
STAB_HVG_VAR_FILTER	5	YX15214T	3	0
STAB_HVG_VAR_FILTER	5	YX15214T	4	0.00129032258064516
STAB_HVG_VAR_FILTER	5	YX15214T	5	0.993548387096774
STAB_HVG_VAR_FILTER	5	YX16009T	1	0.0248756218905473
STAB_HVG_VAR_FILTER	5	YX16009T	2	0.00746268656716418
STAB_HVG_VAR_FILTER	5	YX16009T	3	0.963930348258706
STAB_HVG_VAR_FILTER	5	YX16009T	4	0.00373134328358209
STAB_HVG_VAR_FILTER	5	YX16009T	5	0
STAB_HVG_VAR_FILTER	5	YX16011T	1	0
STAB_HVG_VAR_FILTER	5	YX16011T	2	0
STAB_HVG_VAR_FILTER	5	YX16011T	3	0
STAB_HVG_VAR_FILTER	5	YX16011T	4	0
STAB_HVG_VAR_FILTER	5	YX16011T	5	1
STAB_HVG_VAR_FILTER	5	YX16068T	1	0
STAB_HVG_VAR_FILTER	5	YX16068T	2	0
STAB_HVG_VAR_FILTER	5	YX16068T	3	0
STAB_HVG_VAR_FILTER	5	YX16068T	4	0
STAB_HVG_VAR_FILTER	5	YX16068T	5	1
STAB_HVG_VAR_FILTER	5	YX16070T	1	0.596129032258064
STAB_HVG_VAR_FILTER	5	YX16070T	2	0.175483870967742
STAB_HVG_VAR_FILTER	5	YX16070T	3	0.140645161290323
STAB_HVG_VAR_FILTER	5	YX16070T	4	0.0567741935483871
STAB_HVG_VAR_FILTER	5	YX16070T	5	0.0309677419354839
STAB_HVG_VAR_FILTER	5	YX16075T	1	0.0189155107187894
STAB_HVG_VAR_FILTER	5	YX16075T	2	0.0100882723833544
STAB_HVG_VAR_FILTER	5	YX16075T	3	0.96469104665826
STAB_HVG_VAR_FILTER	5	YX16075T	4	0.00630517023959647
STAB_HVG_VAR_FILTER	5	YX16075T	5	0
STAB_HVG_VAR_FILTER	5	YX16079T	1	0
STAB_HVG_VAR_FILTER	5	YX16079T	2	0
STAB_HVG_VAR_FILTER	5	YX16079T	3	0
STAB_HVG_VAR_FILTER	5	YX16079T	4	0
STAB_HVG_VAR_FILTER	5	YX16079T	5	1
STAB_HVG_VAR_FILTER	5	YX16087T	1	0
STAB_HVG_VAR_FILTER	5	YX16087T	2	0
STAB_HVG_VAR_FILTER	5	YX16087T	3	0
STAB_HVG_VAR_FILTER	5	YX16087T	4	0
STAB_HVG_VAR_FILTER	5	YX16087T	5	1
STAB_HVG_VAR_FILTER	5	YX16094T	1	0.543147208121827
STAB_HVG_VAR_FILTER	5	YX16094T	2	0.135786802030457
STAB_HVG_VAR_FILTER	5	YX16094T	3	0
STAB_HVG_VAR_FILTER	5	YX16094T	4	0.0469543147208122
STAB_HVG_VAR_FILTER	5	YX16094T	5	0.274111675126904
STAB_HVG_VAR_FILTER	5	YX16172T	1	0.596513075965131
STAB_HVG_VAR_FILTER	5	YX16172T	2	0.227895392278954
STAB_HVG_VAR_FILTER	5	YX16172T	3	0.087173100871731
STAB_HVG_VAR_FILTER	5	YX16172T	4	0.062266500622665
STAB_HVG_VAR_FILTER	5	YX16172T	5	0.0261519302615193
STAB_HVG_VAR_FILTER	5	YX16295T	1	0
STAB_HVG_VAR_FILTER	5	YX16295T	2	0
STAB_HVG_VAR_FILTER	5	YX16295T	3	0
STAB_HVG_VAR_FILTER	5	YX16295T	4	0
STAB_HVG_VAR_FILTER	5	YX16295T	5	1
STAB_HVG_VAR_FILTER	5	YX16327T	1	0.157697121401752
STAB_HVG_VAR_FILTER	5	YX16327T	2	0.0775969962453066
STAB_HVG_VAR_FILTER	5	YX16327T	3	0
STAB_HVG_VAR_FILTER	5	YX16327T	4	0.0137672090112641
STAB_HVG_VAR_FILTER	5	YX16327T	5	0.750938673341677
STAB_HVG_VAR_FILTER	5	YX16335T	1	0.653645833333333
STAB_HVG_VAR_FILTER	5	YX16335T	2	0.346354166666667
STAB_HVG_VAR_FILTER	5	YX16335T	3	0
STAB_HVG_VAR_FILTER	5	YX16335T	4	0
STAB_HVG_VAR_FILTER	5	YX16335T	5	0
STAB_HVG_VAR_FILTER	5	YX16341T	1	0.00506970849176172
STAB_HVG_VAR_FILTER	5	YX16341T	2	0.00253485424588086
STAB_HVG_VAR_FILTER	5	YX16341T	3	0
STAB_HVG_VAR_FILTER	5	YX16341T	4	0
STAB_HVG_VAR_FILTER	5	YX16341T	5	0.992395437262357
STAB_HVG_VAR_FILTER	5	YX16343T	1	0.0289672544080605
STAB_HVG_VAR_FILTER	5	YX16343T	2	0.00629722921914358
STAB_HVG_VAR_FILTER	5	YX16343T	3	0
STAB_HVG_VAR_FILTER	5	YX16343T	4	0.00125944584382872
STAB_HVG_VAR_FILTER	5	YX16343T	5	0.963476070528967
STAB_HVG_VAR_FILTER	5	YX16347T	1	0.29296875
STAB_HVG_VAR_FILTER	5	YX16347T	2	0.704427083333333
STAB_HVG_VAR_FILTER	5	YX16347T	3	0
STAB_HVG_VAR_FILTER	5	YX16347T	4	0.00130208333333333
STAB_HVG_VAR_FILTER	5	YX16347T	5	0.00130208333333333
STAB_HVG_VAR_FILTER	6	YX15261T	1	0.807547169811321
STAB_HVG_VAR_FILTER	6	YX15261T	2	0.0327044025157233
STAB_HVG_VAR_FILTER	6	YX15261T	3	0
STAB_HVG_VAR_FILTER	6	YX15261T	4	0.158490566037736
STAB_HVG_VAR_FILTER	6	YX15261T	5	0
STAB_HVG_VAR_FILTER	6	YX15261T	6	0.00125786163522013
STAB_HVG_VAR_FILTER	6	YX15263T	1	0.25253807106599
STAB_HVG_VAR_FILTER	6	YX15263T	2	0.74238578680203
STAB_HVG_VAR_FILTER	6	YX15263T	3	0
STAB_HVG_VAR_FILTER	6	YX15263T	4	0
STAB_HVG_VAR_FILTER	6	YX15263T	5	0
STAB_HVG_VAR_FILTER	6	YX15263T	6	0.0050761421319797
STAB_HVG_VAR_FILTER	6	YX15271T	1	0.00505050505050505
STAB_HVG_VAR_FILTER	6	YX15271T	2	0.0176767676767677
STAB_HVG_VAR_FILTER	6	YX15271T	3	0.891414141414141
STAB_HVG_VAR_FILTER	6	YX15271T	4	0.0164141414141414
STAB_HVG_VAR_FILTER	6	YX15271T	5	0
STAB_HVG_VAR_FILTER	6	YX15271T	6	0.0694444444444444
STAB_HVG_VAR_FILTER	6	YX16036T	1	0.00496277915632754
STAB_HVG_VAR_FILTER	6	YX16036T	2	0.043424317617866
STAB_HVG_VAR_FILTER	6	YX16036T	3	0.807692307692308
STAB_HVG_VAR_FILTER	6	YX16036T	4	0.0136476426799007
STAB_HVG_VAR_FILTER	6	YX16036T	5	0
STAB_HVG_VAR_FILTER	6	YX16036T	6	0.130272952853598
STAB_HVG_VAR_FILTER	6	YX16041T	1	0.0400516795865633
STAB_HVG_VAR_FILTER	6	YX16041T	2	0.842377260981912
STAB_HVG_VAR_FILTER	6	YX16041T	3	0.0374677002583979
STAB_HVG_VAR_FILTER	6	YX16041T	4	0.00904392764857881
STAB_HVG_VAR_FILTER	6	YX16041T	5	0
STAB_HVG_VAR_FILTER	6	YX16041T	6	0.0710594315245478
STAB_HVG_VAR_FILTER	6	YX16057T	1	0.00889453621346887
STAB_HVG_VAR_FILTER	6	YX16057T	2	0.071156289707751
STAB_HVG_VAR_FILTER	6	YX16057T	3	0.753494282083863
STAB_HVG_VAR_FILTER	6	YX16057T	4	0.00508259212198221
STAB_HVG_VAR_FILTER	6	YX16057T	5	0
STAB_HVG_VAR_FILTER	6	YX16057T	6	0.161372299872935
STAB_HVG_VAR_FILTER	6	YX16062T	1	0.971612903225806
STAB_HVG_VAR_FILTER	6	YX16062T	2	0.0283870967741936
STAB_HVG_VAR_FILTER	6	YX16062T	3	0
STAB_HVG_VAR_FILTER	6	YX16062T	4	0
STAB_HVG_VAR_FILTER	6	YX16062T	5	0
STAB_HVG_VAR_FILTER	6	YX16062T	6	0
STAB_HVG_VAR_FILTER	6	YX16112T	1	0.809102402022756
STAB_HVG_VAR_FILTER	6	YX16112T	2	0.137800252844501
STAB_HVG_VAR_FILTER	6	YX16112T	3	0.0151706700379267
STAB_HVG_VAR_FILTER	6	YX16112T	4	0.00379266750948167
STAB_HVG_VAR_FILTER	6	YX16112T	5	0
STAB_HVG_VAR_FILTER	6	YX16112T	6	0.034134007585335
STAB_HVG_VAR_FILTER	6	YX16113T	1	0.0375647668393782
STAB_HVG_VAR_FILTER	6	YX16113T	2	0.208549222797927
STAB_HVG_VAR_FILTER	6	YX16113T	3	0
STAB_HVG_VAR_FILTER	6	YX16113T	4	0.708549222797927
STAB_HVG_VAR_FILTER	6	YX16113T	5	0
STAB_HVG_VAR_FILTER	6	YX16113T	6	0.0453367875647668
STAB_HVG_VAR_FILTER	6	YX16119T	1	0.0318237454100367
STAB_HVG_VAR_FILTER	6	YX16119T	2	0.353733170134639
STAB_HVG_VAR_FILTER	6	YX16119T	3	0.425948592411261
STAB_HVG_VAR_FILTER	6	YX16119T	4	0.0318237454100367
STAB_HVG_VAR_FILTER	6	YX16119T	5	0
STAB_HVG_VAR_FILTER	6	YX16119T	6	0.156670746634027
STAB_HVG_VAR_FILTER	6	YX16120T	1	0.241509433962264
STAB_HVG_VAR_FILTER	6	YX16120T	2	0.754716981132076
STAB_HVG_VAR_FILTER	6	YX16120T	3	0
STAB_HVG_VAR_FILTER	6	YX16120T	4	0
STAB_HVG_VAR_FILTER	6	YX16120T	5	0
STAB_HVG_VAR_FILTER	6	YX16120T	6	0.00377358490566038
STAB_HVG_VAR_FILTER	6	YX16127T	1	0.975093399750934
STAB_HVG_VAR_FILTER	6	YX16127T	2	0.024906600249066
STAB_HVG_VAR_FILTER	6	YX16127T	3	0
STAB_HVG_VAR_FILTER	6	YX16127T	4	0
STAB_HVG_VAR_FILTER	6	YX16127T	5	0
STAB_HVG_VAR_FILTER	6	YX16127T	6	0
STAB_HVG_VAR_FILTER	6	YX16128T	1	0.036036036036036
STAB_HVG_VAR_FILTER	6	YX16128T	2	0.252252252252252
STAB_HVG_VAR_FILTER	6	YX16128T	3	0.528957528957529
STAB_HVG_VAR_FILTER	6	YX16128T	4	0.0321750321750322
STAB_HVG_VAR_FILTER	6	YX16128T	5	0
STAB_HVG_VAR_FILTER	6	YX16128T	6	0.150579150579151
STAB_HVG_VAR_FILTER	6	YX16130T	1	0.0286069651741294
STAB_HVG_VAR_FILTER	6	YX16130T	2	0.149253731343284
STAB_HVG_VAR_FILTER	6	YX16130T	3	0.65547263681592
STAB_HVG_VAR_FILTER	6	YX16130T	4	0.0323383084577114
STAB_HVG_VAR_FILTER	6	YX16130T	5	0
STAB_HVG_VAR_FILTER	6	YX16130T	6	0.134328358208955
STAB_HVG_VAR_FILTER	6	YX16132T	1	0.03125
STAB_HVG_VAR_FILTER	6	YX16132T	2	0.2425
STAB_HVG_VAR_FILTER	6	YX16132T	3	0.54
STAB_HVG_VAR_FILTER	6	YX16132T	4	0.035
STAB_HVG_VAR_FILTER	6	YX16132T	5	0
STAB_HVG_VAR_FILTER	6	YX16132T	6	0.15125
STAB_HVG_VAR_FILTER	6	YX16135T	1	0.0237797246558198
STAB_HVG_VAR_FILTER	6	YX16135T	2	0.108886107634543
STAB_HVG_VAR_FILTER	6	YX16135T	3	0.730913642052566
STAB_HVG_VAR_FILTER	6	YX16135T	4	0.0300375469336671
STAB_HVG_VAR_FILTER	6	YX16135T	5	0
STAB_HVG_VAR_FILTER	6	YX16135T	6	0.106382978723404
STAB_HVG_VAR_FILTER	6	YX16139T	1	0.97712833545108
STAB_HVG_VAR_FILTER	6	YX16139T	2	0.0203303684879288
STAB_HVG_VAR_FILTER	6	YX16139T	3	0
STAB_HVG_VAR_FILTER	6	YX16139T	4	0.00254129606099111
STAB_HVG_VAR_FILTER	6	YX16139T	5	0
STAB_HVG_VAR_FILTER	6	YX16139T	6	0
STAB_HVG_VAR_FILTER	6	YX16141T	1	0.223076923076923
STAB_HVG_VAR_FILTER	6	YX16141T	2	0.493589743589744
STAB_HVG_VAR_FILTER	6	YX16141T	3	0
STAB_HVG_VAR_FILTER	6	YX16141T	4	0.0487179487179487
STAB_HVG_VAR_FILTER	6	YX16141T	5	0.00897435897435897
STAB_HVG_VAR_FILTER	6	YX16141T	6	0.225641025641026
STAB_HVG_VAR_FILTER	6	YX16144T	1	0.0251889168765743
STAB_HVG_VAR_FILTER	6	YX16144T	2	0.119647355163728
STAB_HVG_VAR_FILTER	6	YX16144T	3	0.721662468513854
STAB_HVG_VAR_FILTER	6	YX16144T	4	0.026448362720403
STAB_HVG_VAR_FILTER	6	YX16144T	5	0
STAB_HVG_VAR_FILTER	6	YX16144T	6	0.107052896725441
STAB_HVG_VAR_FILTER	6	YX16147T	1	0.00509554140127389
STAB_HVG_VAR_FILTER	6	YX16147T	2	0.0280254777070064
STAB_HVG_VAR_FILTER	6	YX16147T	3	0
STAB_HVG_VAR_FILTER	6	YX16147T	4	0.96687898089172
STAB_HVG_VAR_FILTER	6	YX16147T	5	0
STAB_HVG_VAR_FILTER	6	YX16147T	6	0
STAB_HVG_VAR_FILTER	6	YX16153T	1	0.96
STAB_HVG_VAR_FILTER	6	YX16153T	2	0.04
STAB_HVG_VAR_FILTER	6	YX16153T	3	0
STAB_HVG_VAR_FILTER	6	YX16153T	4	0
STAB_HVG_VAR_FILTER	6	YX16153T	5	0
STAB_HVG_VAR_FILTER	6	YX16153T	6	0
STAB_HVG_VAR_FILTER	6	YX16155T	1	0.973214285714286
STAB_HVG_VAR_FILTER	6	YX16155T	2	0.0267857142857143
STAB_HVG_VAR_FILTER	6	YX16155T	3	0
STAB_HVG_VAR_FILTER	6	YX16155T	4	0
STAB_HVG_VAR_FILTER	6	YX16155T	5	0
STAB_HVG_VAR_FILTER	6	YX16155T	6	0
STAB_HVG_VAR_FILTER	6	YX16158T	1	0
STAB_HVG_VAR_FILTER	6	YX16158T	2	0.0243589743589744
STAB_HVG_VAR_FILTER	6	YX16158T	3	0
STAB_HVG_VAR_FILTER	6	YX16158T	4	0.975641025641026
STAB_HVG_VAR_FILTER	6	YX16158T	5	0
STAB_HVG_VAR_FILTER	6	YX16158T	6	0
STAB_HVG_VAR_FILTER	6	YX16159T	1	0.00633713561470215
STAB_HVG_VAR_FILTER	6	YX16159T	2	0.0202788339670469
STAB_HVG_VAR_FILTER	6	YX16159T	3	0.888466413181242
STAB_HVG_VAR_FILTER	6	YX16159T	4	0.017743979721166
STAB_HVG_VAR_FILTER	6	YX16159T	5	0
STAB_HVG_VAR_FILTER	6	YX16159T	6	0.0671736375158428
STAB_HVG_VAR_FILTER	6	YX16160T	1	0.00379746835443038
STAB_HVG_VAR_FILTER	6	YX16160T	2	0.0189873417721519
STAB_HVG_VAR_FILTER	6	YX16160T	3	0
STAB_HVG_VAR_FILTER	6	YX16160T	4	0.977215189873418
STAB_HVG_VAR_FILTER	6	YX16160T	5	0
STAB_HVG_VAR_FILTER	6	YX16160T	6	0
STAB_HVG_VAR_FILTER	6	YX16161T	1	0.0278833967046895
STAB_HVG_VAR_FILTER	6	YX16161T	2	0.0925221799746515
STAB_HVG_VAR_FILTER	6	YX16161T	3	0.742712294043092
STAB_HVG_VAR_FILTER	6	YX16161T	4	0.0316856780735108
STAB_HVG_VAR_FILTER	6	YX16161T	5	0
STAB_HVG_VAR_FILTER	6	YX16161T	6	0.105196451204056
STAB_HVG_VAR_FILTER	6	YX16166T	1	0.96168108776267
STAB_HVG_VAR_FILTER	6	YX16166T	2	0.03831891223733
STAB_HVG_VAR_FILTER	6	YX16166T	3	0
STAB_HVG_VAR_FILTER	6	YX16166T	4	0
STAB_HVG_VAR_FILTER	6	YX16166T	5	0
STAB_HVG_VAR_FILTER	6	YX16166T	6	0
STAB_HVG_VAR_FILTER	6	YX16177T	1	0.231631382316314
STAB_HVG_VAR_FILTER	6	YX16177T	2	0.748443337484433
STAB_HVG_VAR_FILTER	6	YX16177T	3	0
STAB_HVG_VAR_FILTER	6	YX16177T	4	0.0174346201743462
STAB_HVG_VAR_FILTER	6	YX16177T	5	0
STAB_HVG_VAR_FILTER	6	YX16177T	6	0.0024906600249066
STAB_HVG_VAR_FILTER	6	YX16178T	1	0.287313432835821
STAB_HVG_VAR_FILTER	6	YX16178T	2	0.592039800995025
STAB_HVG_VAR_FILTER	6	YX16178T	3	0
STAB_HVG_VAR_FILTER	6	YX16178T	4	0.00746268656716418
STAB_HVG_VAR_FILTER	6	YX16178T	5	0.0149253731343284
STAB_HVG_VAR_FILTER	6	YX16178T	6	0.0982587064676617
STAB_HVG_VAR_FILTER	6	YX16180T	1	0.0297766749379653
STAB_HVG_VAR_FILTER	6	YX16180T	2	0.106699751861042
STAB_HVG_VAR_FILTER	6	YX16180T	3	0.72332506203474
STAB_HVG_VAR_FILTER	6	YX16180T	4	0.0310173697270471
STAB_HVG_VAR_FILTER	6	YX16180T	5	0
STAB_HVG_VAR_FILTER	6	YX16180T	6	0.109181141439206
STAB_HVG_VAR_FILTER	6	YX16185T	1	0.964556962025316
STAB_HVG_VAR_FILTER	6	YX16185T	2	0.030379746835443
STAB_HVG_VAR_FILTER	6	YX16185T	3	0
STAB_HVG_VAR_FILTER	6	YX16185T	4	0
STAB_HVG_VAR_FILTER	6	YX16185T	5	0
STAB_HVG_VAR_FILTER	6	YX16185T	6	0.00506329113924051
STAB_HVG_VAR_FILTER	6	YX16188T	1	0.0100376411543287
STAB_HVG_VAR_FILTER	6	YX16188T	2	0.134253450439147
STAB_HVG_VAR_FILTER	6	YX16188T	3	0
STAB_HVG_VAR_FILTER	6	YX16188T	4	0.800501882057716
STAB_HVG_VAR_FILTER	6	YX16188T	5	0
STAB_HVG_VAR_FILTER	6	YX16188T	6	0.055207026348808
STAB_HVG_VAR_FILTER	6	YX16194T	1	0.00617283950617284
STAB_HVG_VAR_FILTER	6	YX16194T	2	0.0160493827160494
STAB_HVG_VAR_FILTER	6	YX16194T	3	0.877777777777778
STAB_HVG_VAR_FILTER	6	YX16194T	4	0.0160493827160494
STAB_HVG_VAR_FILTER	6	YX16194T	5	0
STAB_HVG_VAR_FILTER	6	YX16194T	6	0.0839506172839506
STAB_HVG_VAR_FILTER	6	YX16202T	1	0.00366300366300366
STAB_HVG_VAR_FILTER	6	YX16202T	2	0.0158730158730159
STAB_HVG_VAR_FILTER	6	YX16202T	3	0
STAB_HVG_VAR_FILTER	6	YX16202T	4	0.493284493284493
STAB_HVG_VAR_FILTER	6	YX16202T	5	0.452991452991453
STAB_HVG_VAR_FILTER	6	YX16202T	6	0.0341880341880342
STAB_HVG_VAR_FILTER	6	YX16203T	1	0.00512820512820513
STAB_HVG_VAR_FILTER	6	YX16203T	2	0.0615384615384615
STAB_HVG_VAR_FILTER	6	YX16203T	3	0.762820512820513
STAB_HVG_VAR_FILTER	6	YX16203T	4	0.0115384615384615
STAB_HVG_VAR_FILTER	6	YX16203T	5	0
STAB_HVG_VAR_FILTER	6	YX16203T	6	0.158974358974359
STAB_HVG_VAR_FILTER	6	YX16207T	1	0.00758533501896334
STAB_HVG_VAR_FILTER	6	YX16207T	2	0.0164348925410872
STAB_HVG_VAR_FILTER	6	YX16207T	3	0.884955752212389
STAB_HVG_VAR_FILTER	6	YX16207T	4	0.0126422250316056
STAB_HVG_VAR_FILTER	6	YX16207T	5	0
STAB_HVG_VAR_FILTER	6	YX16207T	6	0.0783817951959545
STAB_HVG_VAR_FILTER	6	YX16218T	1	0.0231958762886598
STAB_HVG_VAR_FILTER	6	YX16218T	2	0.143041237113402
STAB_HVG_VAR_FILTER	6	YX16218T	3	0.684278350515464
STAB_HVG_VAR_FILTER	6	YX16218T	4	0.0283505154639175
STAB_HVG_VAR_FILTER	6	YX16218T	5	0
STAB_HVG_VAR_FILTER	6	YX16218T	6	0.121134020618557
STAB_HVG_VAR_FILTER	6	YX16222T	1	0.0695322376738306
STAB_HVG_VAR_FILTER	6	YX16222T	2	0.195954487989886
STAB_HVG_VAR_FILTER	6	YX16222T	3	0.565107458912769
STAB_HVG_VAR_FILTER	6	YX16222T	4	0.011378002528445
STAB_HVG_VAR_FILTER	6	YX16222T	5	0
STAB_HVG_VAR_FILTER	6	YX16222T	6	0.15802781289507
STAB_HVG_VAR_FILTER	6	YX16224T	1	0.00506329113924051
STAB_HVG_VAR_FILTER	6	YX16224T	2	0.0177215189873418
STAB_HVG_VAR_FILTER	6	YX16224T	3	0.908860759493671
STAB_HVG_VAR_FILTER	6	YX16224T	4	0.0139240506329114
STAB_HVG_VAR_FILTER	6	YX16224T	5	0
STAB_HVG_VAR_FILTER	6	YX16224T	6	0.0544303797468354
STAB_HVG_VAR_FILTER	6	YX16227T	1	0.043312101910828
STAB_HVG_VAR_FILTER	6	YX16227T	2	0.84203821656051
STAB_HVG_VAR_FILTER	6	YX16227T	3	0.0369426751592357
STAB_HVG_VAR_FILTER	6	YX16227T	4	0.00636942675159236
STAB_HVG_VAR_FILTER	6	YX16227T	5	0
STAB_HVG_VAR_FILTER	6	YX16227T	6	0.0713375796178344
STAB_HVG_VAR_FILTER	6	YX16236T	1	0.178707224334601
STAB_HVG_VAR_FILTER	6	YX16236T	2	0.807351077313055
STAB_HVG_VAR_FILTER	6	YX16236T	3	0.00253485424588086
STAB_HVG_VAR_FILTER	6	YX16236T	4	0.00126742712294043
STAB_HVG_VAR_FILTER	6	YX16236T	5	0
STAB_HVG_VAR_FILTER	6	YX16236T	6	0.0101394169835234
STAB_HVG_VAR_FILTER	6	YX15047T	1	0.222079589216945
STAB_HVG_VAR_FILTER	6	YX15047T	2	0.0269576379974326
STAB_HVG_VAR_FILTER	6	YX15047T	3	0
STAB_HVG_VAR_FILTER	6	YX15047T	4	0.00898587933247754
STAB_HVG_VAR_FILTER	6	YX15047T	5	0.641848523748395
STAB_HVG_VAR_FILTER	6	YX15047T	6	0.10012836970475
STAB_HVG_VAR_FILTER	6	YX15106T	1	0
STAB_HVG_VAR_FILTER	6	YX15106T	2	0
STAB_HVG_VAR_FILTER	6	YX15106T	3	0
STAB_HVG_VAR_FILTER	6	YX15106T	4	0
STAB_HVG_VAR_FILTER	6	YX15106T	5	1
STAB_HVG_VAR_FILTER	6	YX15106T	6	0
STAB_HVG_VAR_FILTER	6	YX15166T	1	0
STAB_HVG_VAR_FILTER	6	YX15166T	2	0
STAB_HVG_VAR_FILTER	6	YX15166T	3	0
STAB_HVG_VAR_FILTER	6	YX15166T	4	0
STAB_HVG_VAR_FILTER	6	YX15166T	5	0.998735777496839
STAB_HVG_VAR_FILTER	6	YX15166T	6	0.00126422250316056
STAB_HVG_VAR_FILTER	6	YX15187T	1	0
STAB_HVG_VAR_FILTER	6	YX15187T	2	0
STAB_HVG_VAR_FILTER	6	YX15187T	3	0
STAB_HVG_VAR_FILTER	6	YX15187T	4	0
STAB_HVG_VAR_FILTER	6	YX15187T	5	1
STAB_HVG_VAR_FILTER	6	YX15187T	6	0
STAB_HVG_VAR_FILTER	6	YX15211T	1	0.0556930693069307
STAB_HVG_VAR_FILTER	6	YX15211T	2	0.0346534653465347
STAB_HVG_VAR_FILTER	6	YX15211T	3	0.0594059405940594
STAB_HVG_VAR_FILTER	6	YX15211T	4	0
STAB_HVG_VAR_FILTER	6	YX15211T	5	0
STAB_HVG_VAR_FILTER	6	YX15211T	6	0.850247524752475
STAB_HVG_VAR_FILTER	6	YX15214T	1	0
STAB_HVG_VAR_FILTER	6	YX15214T	2	0
STAB_HVG_VAR_FILTER	6	YX15214T	3	0
STAB_HVG_VAR_FILTER	6	YX15214T	4	0
STAB_HVG_VAR_FILTER	6	YX15214T	5	0.990967741935484
STAB_HVG_VAR_FILTER	6	YX15214T	6	0.00903225806451613
STAB_HVG_VAR_FILTER	6	YX16009T	1	0.00870646766169154
STAB_HVG_VAR_FILTER	6	YX16009T	2	0.0186567164179104
STAB_HVG_VAR_FILTER	6	YX16009T	3	0.888059701492537
STAB_HVG_VAR_FILTER	6	YX16009T	4	0.0124378109452736
STAB_HVG_VAR_FILTER	6	YX16009T	5	0
STAB_HVG_VAR_FILTER	6	YX16009T	6	0.0721393034825871
STAB_HVG_VAR_FILTER	6	YX16011T	1	0
STAB_HVG_VAR_FILTER	6	YX16011T	2	0
STAB_HVG_VAR_FILTER	6	YX16011T	3	0
STAB_HVG_VAR_FILTER	6	YX16011T	4	0
STAB_HVG_VAR_FILTER	6	YX16011T	5	1
STAB_HVG_VAR_FILTER	6	YX16011T	6	0
STAB_HVG_VAR_FILTER	6	YX16068T	1	0
STAB_HVG_VAR_FILTER	6	YX16068T	2	0
STAB_HVG_VAR_FILTER	6	YX16068T	3	0
STAB_HVG_VAR_FILTER	6	YX16068T	4	0
STAB_HVG_VAR_FILTER	6	YX16068T	5	1
STAB_HVG_VAR_FILTER	6	YX16068T	6	0
STAB_HVG_VAR_FILTER	6	YX16070T	1	0.032258064516129
STAB_HVG_VAR_FILTER	6	YX16070T	2	0.0103225806451613
STAB_HVG_VAR_FILTER	6	YX16070T	3	0.0516129032258065
STAB_HVG_VAR_FILTER	6	YX16070T	4	0
STAB_HVG_VAR_FILTER	6	YX16070T	5	0.00516129032258065
STAB_HVG_VAR_FILTER	6	YX16070T	6	0.900645161290323
STAB_HVG_VAR_FILTER	6	YX16075T	1	0.00756620428751576
STAB_HVG_VAR_FILTER	6	YX16075T	2	0.0126103404791929
STAB_HVG_VAR_FILTER	6	YX16075T	3	0.89281210592686
STAB_HVG_VAR_FILTER	6	YX16075T	4	0.0163934426229508
STAB_HVG_VAR_FILTER	6	YX16075T	5	0
STAB_HVG_VAR_FILTER	6	YX16075T	6	0.0706179066834805
STAB_HVG_VAR_FILTER	6	YX16079T	1	0
STAB_HVG_VAR_FILTER	6	YX16079T	2	0
STAB_HVG_VAR_FILTER	6	YX16079T	3	0
STAB_HVG_VAR_FILTER	6	YX16079T	4	0
STAB_HVG_VAR_FILTER	6	YX16079T	5	1
STAB_HVG_VAR_FILTER	6	YX16079T	6	0
STAB_HVG_VAR_FILTER	6	YX16087T	1	0
STAB_HVG_VAR_FILTER	6	YX16087T	2	0
STAB_HVG_VAR_FILTER	6	YX16087T	3	0
STAB_HVG_VAR_FILTER	6	YX16087T	4	0
STAB_HVG_VAR_FILTER	6	YX16087T	5	1
STAB_HVG_VAR_FILTER	6	YX16087T	6	0
STAB_HVG_VAR_FILTER	6	YX16094T	1	0.0482233502538071
STAB_HVG_VAR_FILTER	6	YX16094T	2	0.0203045685279188
STAB_HVG_VAR_FILTER	6	YX16094T	3	0
STAB_HVG_VAR_FILTER	6	YX16094T	4	0
STAB_HVG_VAR_FILTER	6	YX16094T	5	0.238578680203046
STAB_HVG_VAR_FILTER	6	YX16094T	6	0.692893401015228
STAB_HVG_VAR_FILTER	6	YX16172T	1	0.0161892901618929
STAB_HVG_VAR_FILTER	6	YX16172T	2	0.0473225404732254
STAB_HVG_VAR_FILTER	6	YX16172T	3	0.0211706102117061
STAB_HVG_VAR_FILTER	6	YX16172T	4	0.0012453300124533
STAB_HVG_VAR_FILTER	6	YX16172T	5	0.0037359900373599
STAB_HVG_VAR_FILTER	6	YX16172T	6	0.910336239103362
STAB_HVG_VAR_FILTER	6	YX16295T	1	0
STAB_HVG_VAR_FILTER	6	YX16295T	2	0
STAB_HVG_VAR_FILTER	6	YX16295T	3	0
STAB_HVG_VAR_FILTER	6	YX16295T	4	0
STAB_HVG_VAR_FILTER	6	YX16295T	5	1
STAB_HVG_VAR_FILTER	6	YX16295T	6	0
STAB_HVG_VAR_FILTER	6	YX16327T	1	0.00876095118898623
STAB_HVG_VAR_FILTER	6	YX16327T	2	0.0312891113892365
STAB_HVG_VAR_FILTER	6	YX16327T	3	0
STAB_HVG_VAR_FILTER	6	YX16327T	4	0
STAB_HVG_VAR_FILTER	6	YX16327T	5	0.732165206508135
STAB_HVG_VAR_FILTER	6	YX16327T	6	0.227784730913642
STAB_HVG_VAR_FILTER	6	YX16335T	1	0.967447916666667
STAB_HVG_VAR_FILTER	6	YX16335T	2	0.0325520833333333
STAB_HVG_VAR_FILTER	6	YX16335T	3	0
STAB_HVG_VAR_FILTER	6	YX16335T	4	0
STAB_HVG_VAR_FILTER	6	YX16335T	5	0
STAB_HVG_VAR_FILTER	6	YX16335T	6	0
STAB_HVG_VAR_FILTER	6	YX16341T	1	0
STAB_HVG_VAR_FILTER	6	YX16341T	2	0
STAB_HVG_VAR_FILTER	6	YX16341T	3	0
STAB_HVG_VAR_FILTER	6	YX16341T	4	0
STAB_HVG_VAR_FILTER	6	YX16341T	5	0.984790874524715
STAB_HVG_VAR_FILTER	6	YX16341T	6	0.0152091254752852
STAB_HVG_VAR_FILTER	6	YX16343T	1	0.0100755667506297
STAB_HVG_VAR_FILTER	6	YX16343T	2	0
STAB_HVG_VAR_FILTER	6	YX16343T	3	0
STAB_HVG_VAR_FILTER	6	YX16343T	4	0
STAB_HVG_VAR_FILTER	6	YX16343T	5	0.95088161209068
STAB_HVG_VAR_FILTER	6	YX16343T	6	0.0390428211586902
STAB_HVG_VAR_FILTER	6	YX16347T	1	0.25390625
STAB_HVG_VAR_FILTER	6	YX16347T	2	0.647135416666667
STAB_HVG_VAR_FILTER	6	YX16347T	3	0
STAB_HVG_VAR_FILTER	6	YX16347T	4	0
STAB_HVG_VAR_FILTER	6	YX16347T	5	0.00130208333333333
STAB_HVG_VAR_FILTER	6	YX16347T	6	0.09765625
