genus	left_out_patient_id	coefficient	p_value	direction	left_out_extreme_sample
Lysobacter	PDAC_001	-0.059313598407993606	0.8027426607011294	negative	False
Lysobacter	PDAC_002	-0.036475537611499534	0.8785696216968586	negative	False
Lysobacter	PDAC_003	-0.08432918812997443	0.7245711694049322	negative	False
Lysobacter	PDAC_004	-0.06756690367686724	0.7770608931352339	negative	False
Lysobacter	PDAC_005	-0.11201305469473709	0.6414344731131951	negative	False
Lysobacter	PDAC_006	-0.043719278678134334	0.8538130276382633	negative	False
Lysobacter	PDAC_007	-0.04083882721436033	0.8633349257610504	negative	False
Lysobacter	PDAC_008	-0.08774026743489982	0.7164546745969753	negative	False
Lysobacter	PDAC_009	-0.09445871105097997	0.6929527842765137	negative	False
Lysobacter	PDAC_010	-0.03264016950243549	0.8928193623590523	negative	False
Lysobacter	PDAC_011	-0.04209890396783982	0.8588737226520472	negative	False
Lysobacter	PDAC_012	-0.05555841638747986	0.8156616540936604	negative	False
Lysobacter	PDAC_013	-0.0923563335529228	0.7016766955541933	negative	False
Lysobacter	PDAC_014	-0.06550894793957915	0.7835826718006292	negative	False
Lysobacter	PDAC_015	-0.05974433412828833	0.8013800965971999	negative	False
Lysobacter	PDAC_016	-0.05383636043782996	0.8215082588465682	negative	False
Lysobacter	PDAC_017	-0.05442458282691918	0.8192553521066208	negative	False
Lysobacter	PDAC_018	-0.06959310510783541	0.7715033165892778	negative	False
Lysobacter	PDAC_019	-0.019444218376767672	0.934890334754158	negative	False
Lysobacter	PDAC_020	-0.11747289122887064	0.6275760156137677	negative	False
Lysobacter	PDAC_021	-0.03724112630044651	0.8759803851551502	negative	False
Lysobacter	PDAC_022	-0.04680088741848785	0.8437950340285767	negative	False
Lysobacter	PDAC_023	-0.09183656183125515	0.7023832090213684	negative	False
Lysobacter	PDAC_024	-0.07326952596519493	0.7578066869449056	negative	False
Lysobacter	PDAC_025	-0.05676457570333434	0.8118319409885597	negative	False
Lysobacter	PDAC_026	-0.07160955094411223	0.7642103081679563	negative	False
Lysobacter	PDAC_027	-0.07179711171691884	0.763591168325582	negative	False
Lysobacter	PDAC_028	-0.10578766179209835	0.6644577203557271	negative	False
Lysobacter	PDAC_029	-0.06217498925084257	0.7942334069238194	negative	False
Lysobacter	PDAC_030	-0.08554136635600575	0.7208888639292823	negative	False
Lysobacter	PDAC_031	-0.061727760808747756	0.7952529105162272	negative	False
Lysobacter	PDAC_032	-0.04579307385100705	0.8489023093008043	negative	False
Lysobacter	PDAC_033	-0.0645272108939174	0.7861804495194897	negative	False
Lysobacter	PDAC_034	-0.007216404113221966	0.9765342439391055	negative	False
Lysobacter	PDAC_035	-0.06538181464379889	0.7839245568605722	negative	False
Lysobacter	PDAC_036	-0.08326561789477764	0.7285324235766273	negative	False
Lysobacter	PDAC_037	-0.021417805531729714	0.9275707877457574	negative	False
Lysobacter	PDAC_038	-0.060473991201827094	0.8035039325676546	negative	False
Lysobacter	PDAC_039	-0.03695106873008821	0.8781573933449771	negative	False
Lysobacter	PDAC_040	-0.05230450829410209	0.8267386184689653	negative	False
Lysobacter	PDAC_041	-0.047609039130514265	0.8415491398350959	negative	False
Lysobacter	PDAC_042	-0.03732380076357213	0.8756259134921907	negative	False
Lysobacter	PDAC_043	-0.05834103083132551	0.8218545256964971	negative	False
Lysobacter	PDAC_044	-0.029776610454472902	0.9040318838018166	negative	False
Lysobacter	PDAC_045	0.010688837105651581	0.9634818367877422	positive	False
Lysobacter	PDAC_046	-0.07248344988682341	0.7603459047508365	negative	False
Lysobacter	PDAC_047	-0.05679998709582562	0.8228490443791252	negative	False
Lysobacter	PDAC_048	-0.06741881280783708	0.7762584909020582	negative	False
Lysobacter	PDAC_049	-0.1710554112292986	0.4381391051581207	negative	False
Lysobacter	PDAC_050	-0.055017833077905344	0.8229214682453246	negative	False
Lysobacter	PDAC_051	-0.06509684576694458	0.7888113468944342	negative	False
Lysobacter	PDAC_052	-0.06625119076729263	0.7865050109340512	negative	False
Lysobacter	PDAC_053	-0.06135937948050016	0.7963308573998622	negative	False
Lysobacter	PDAC_054	-0.09191594550385215	0.7107248443821605	negative	False
Lysobacter	PDAC_055	-0.053214333087086924	0.8270767101937336	negative	False
Lysobacter	PDAC_056	-0.007569820625681558	0.9745527985097004	negative	False
Lysobacter	PDAC_057	-0.07232643570761144	0.7684123490605224	negative	False
Lysobacter	PDAC_058	0.007139153368650302	0.9756752013297908	positive	False
Lysobacter	PDAC_059	-0.06126043185277162	0.7968088113205052	negative	False
Lysobacter	PDAC_060	-0.11398505183622575	0.6406468846074541	negative	False
Lysobacter	PDAC_061	-0.0954083698661734	0.693313578340861	negative	False
Lysobacter	PDAC_062	-0.06159885911627184	0.7956888296380058	negative	False
Brevundimonas	PDAC_001	-0.27972468916531223	9.109953087585207e-05	negative	False
Brevundimonas	PDAC_002	-0.27209197839063726	0.00014687920000169347	negative	False
Brevundimonas	PDAC_003	-0.2832135693522959	8.333174118734485e-05	negative	False
Brevundimonas	PDAC_004	-0.28065166354453724	8.7260936935047e-05	negative	False
Brevundimonas	PDAC_005	-0.2916196352498741	6.122046718393208e-05	negative	False
Brevundimonas	PDAC_006	-0.2758562226791871	0.0001146647484681776	negative	False
Brevundimonas	PDAC_007	-0.27645105381268326	0.00011411385293947092	negative	False
Brevundimonas	PDAC_008	-0.26773065982641847	0.00016887832954276836	negative	False
Brevundimonas	PDAC_009	-0.2826419464910611	9.126264936414783e-05	negative	False
Brevundimonas	PDAC_010	-0.26393990829869973	0.00019765853634869492	negative	False
Brevundimonas	PDAC_011	-0.27505516723579826	0.00011644338672088967	negative	False
Brevundimonas	PDAC_012	-0.28237637139971783	8.31452030067315e-05	negative	False
Brevundimonas	PDAC_013	-0.2768642281858733	0.00013544592475454303	negative	False
Brevundimonas	PDAC_014	-0.2781427627084358	9.902703150620577e-05	negative	False
Brevundimonas	PDAC_015	-0.2790014983897555	9.473993570165856e-05	negative	False
Brevundimonas	PDAC_016	-0.28057378801757243	9.440146675469134e-05	negative	False
Brevundimonas	PDAC_017	-0.2826726207473366	8.146370667018438e-05	negative	False
Brevundimonas	PDAC_018	-0.2814988732284461	9.210871605695049e-05	negative	False
Brevundimonas	PDAC_019	-0.2753374863214056	0.00015445666035434022	negative	False
Brevundimonas	PDAC_020	-0.29439989613115963	5.5956445073452646e-05	negative	False
Brevundimonas	PDAC_021	-0.2813520501778828	0.00010084636319145256	negative	False
Brevundimonas	PDAC_022	-0.27882039512790935	0.00010051666437315824	negative	False
Brevundimonas	PDAC_023	-0.2790851393645856	0.00011682422416885113	negative	False
Brevundimonas	PDAC_024	-0.28197122190972207	8.265724106614967e-05	negative	False
Brevundimonas	PDAC_025	-0.28006155531580673	9.025859476069752e-05	negative	False
Brevundimonas	PDAC_026	-0.2792708818695785	9.581548922583659e-05	negative	False
Brevundimonas	PDAC_027	-0.28063772903196765	8.891849699362912e-05	negative	False
Brevundimonas	PDAC_028	-0.27547407477875596	0.00019042697484182382	negative	False
Brevundimonas	PDAC_029	-0.2794136198310469	9.262895268781463e-05	negative	False
Brevundimonas	PDAC_030	-0.28042363882988325	9.894446427451864e-05	negative	False
Brevundimonas	PDAC_031	-0.2796102446409941	9.169504301411421e-05	negative	False
Brevundimonas	PDAC_032	-0.29418096865320253	3.645039295965846e-05	negative	False
Brevundimonas	PDAC_033	-0.2800581628814659	9.031574279215567e-05	negative	False
Brevundimonas	PDAC_034	-0.31795910262993315	4.633693964024595e-07	negative	False
Brevundimonas	PDAC_035	-0.27765854332823636	0.0001014197540632885	negative	False
Brevundimonas	PDAC_036	-0.2719518326452805	0.00013955590275502435	negative	False
Brevundimonas	PDAC_037	-0.2717907110907385	0.00014525092817936673	negative	False
Brevundimonas	PDAC_038	-0.2830261780973445	0.0001049110823954838	negative	False
Brevundimonas	PDAC_039	-0.26566484895909964	0.00017970320997044785	negative	False
Brevundimonas	PDAC_040	-0.2882043505122807	5.8506126880886804e-05	negative	False
Brevundimonas	PDAC_041	-0.2854773350663523	7.0291440881299e-05	negative	False
Brevundimonas	PDAC_042	-0.27685690744252345	0.00011204269797952281	negative	False
Brevundimonas	PDAC_043	-0.27354125184873634	0.00034372443932655187	negative	False
Brevundimonas	PDAC_044	-0.27433578108318746	0.00021209895862345674	negative	False
Brevundimonas	PDAC_045	-0.2651692315952483	0.00020480019460302103	negative	False
Brevundimonas	PDAC_046	-0.27633761577102695	0.00010771275787018703	negative	False
Brevundimonas	PDAC_047	-0.27196885892766187	0.0002754444702551475	negative	False
Brevundimonas	PDAC_048	-0.278031566273057	9.918673770763162e-05	negative	False
Brevundimonas	PDAC_049	-0.26982387627133536	0.0002570173529800727	negative	False
Brevundimonas	PDAC_050	-0.2737798995372203	0.00017777159569838677	negative	False
Brevundimonas	PDAC_051	-0.28129135838152663	0.00011173982067977234	negative	False
Brevundimonas	PDAC_052	-0.3005928280853039	2.0174106610956754e-05	negative	False
Brevundimonas	PDAC_053	-0.27966238379808156	9.134419920593197e-05	negative	False
Brevundimonas	PDAC_054	-0.2725342297079601	0.0002239396680792432	negative	False
Brevundimonas	PDAC_055	-0.27320458005859705	0.00016075937571331385	negative	False
Brevundimonas	PDAC_056	-0.28270251744134295	0.00011038124248509522	negative	False
Brevundimonas	PDAC_057	-0.2710884581433022	0.00018800864305397696	negative	False
Brevundimonas	PDAC_058	-0.2785109133862291	0.00014794024106722808	negative	False
Brevundimonas	PDAC_059	-0.28202344321799894	8.107730916366315e-05	negative	False
Brevundimonas	PDAC_060	-0.2952256041592445	5.604881982189924e-05	negative	False
Brevundimonas	PDAC_061	-0.28235853747379713	0.00011354346580110349	negative	False
Brevundimonas	PDAC_062	-0.27955269923085324	9.189876252183469e-05	negative	False
Paraburkholderia	PDAC_001	-0.21035178905102794	0.19926278368768763	negative	False
Paraburkholderia	PDAC_002	-0.21617071073174277	0.19262846040272896	negative	False
Paraburkholderia	PDAC_003	-0.2193851724253049	0.18386483192595154	negative	False
Paraburkholderia	PDAC_004	-0.2042266836509874	0.21080701124439868	negative	False
Paraburkholderia	PDAC_005	-0.23270168465092356	0.16398618076592075	negative	False
Paraburkholderia	PDAC_006	-0.21315143264168332	0.1955493026465477	negative	False
Paraburkholderia	PDAC_007	-0.21601555289129765	0.19017828224515845	negative	False
Paraburkholderia	PDAC_008	-0.21422435853487046	0.19853805541051997	negative	False
Paraburkholderia	PDAC_009	-0.22615375259138285	0.17115971784095682	negative	False
Paraburkholderia	PDAC_010	-0.220384683968538	0.19020492239056117	negative	False
Paraburkholderia	PDAC_011	-0.17839773290622687	0.26294855105155407	negative	False
Paraburkholderia	PDAC_012	-0.2090975180689099	0.2034475921716162	negative	False
Paraburkholderia	PDAC_013	-0.21889121785839621	0.18881448872556714	negative	False
Paraburkholderia	PDAC_014	-0.2130658316217775	0.19519689082525096	negative	False
Paraburkholderia	PDAC_015	-0.2124544543933807	0.19640260648506053	negative	False
Paraburkholderia	PDAC_016	-0.1807560115902509	0.25991782704196886	negative	False
Paraburkholderia	PDAC_017	-0.21886703922605577	0.18398784138779672	negative	False
Paraburkholderia	PDAC_018	-0.20730083423408105	0.21229079655226227	negative	False
Paraburkholderia	PDAC_019	-0.2163318539880976	0.19621332496750565	negative	False
Paraburkholderia	PDAC_020	-0.23300771788335423	0.1681246645482225	negative	False
Paraburkholderia	PDAC_021	-0.2200000889860553	0.18440685124393774	negative	False
Paraburkholderia	PDAC_022	-0.21712914300965316	0.18750191416493397	negative	False
Paraburkholderia	PDAC_023	-0.22065636626514945	0.1838178387125322	negative	False
Paraburkholderia	PDAC_024	-0.21133880627328291	0.19990296532380333	negative	False
Paraburkholderia	PDAC_025	-0.21135039090160787	0.19940541217092775	negative	False
Paraburkholderia	PDAC_026	-0.19386546322123321	0.23233842900721205	negative	False
Paraburkholderia	PDAC_027	-0.2146786119381945	0.19196792538204552	negative	False
Paraburkholderia	PDAC_028	-0.22272996422819027	0.18879651960630497	negative	False
Paraburkholderia	PDAC_029	-0.21216298410281684	0.1969605665126847	negative	False
Paraburkholderia	PDAC_030	-0.1807715113176143	0.2612739140521226	negative	False
Paraburkholderia	PDAC_031	-0.21158118842067236	0.19892969387058698	negative	False
Paraburkholderia	PDAC_032	-0.2967928940688432	0.035235261153030224	negative	False
Paraburkholderia	PDAC_033	-0.21108356457258423	0.20008132831484218	negative	False
Paraburkholderia	PDAC_034	-0.2157250094971903	0.22101108439478778	negative	False
Paraburkholderia	PDAC_035	-0.2124845084250254	0.1961156740913865	negative	False
Paraburkholderia	PDAC_036	-0.21599467547799436	0.19158402407100564	negative	False
Paraburkholderia	PDAC_037	-0.2147073474101092	0.19515583817641574	negative	False
Paraburkholderia	PDAC_038	-0.22651358767069202	0.1741242865736947	negative	False
Paraburkholderia	PDAC_039	-0.22049737768407657	0.18697699364755194	negative	False
Paraburkholderia	PDAC_040	-0.22248770141918509	0.1775749324104299	negative	False
Paraburkholderia	PDAC_041	-0.22177554322892687	0.1786426767154815	negative	False
Paraburkholderia	PDAC_042	-0.20271667559250126	0.22161966541174016	negative	False
Paraburkholderia	PDAC_043	-0.17706319511205854	0.3140653050116519	negative	False
Paraburkholderia	PDAC_044	-0.24977853698420638	0.1370717055751049	negative	False
Paraburkholderia	PDAC_045	-0.18011200296423233	0.2840881111047505	negative	False
Paraburkholderia	PDAC_046	-0.20565358938295938	0.21322408190202868	negative	False
Paraburkholderia	PDAC_047	-0.22795864256299392	0.19379577841161325	negative	False
Paraburkholderia	PDAC_048	-0.2093514863591035	0.20484045540173912	negative	False
Paraburkholderia	PDAC_049	-0.17307480430415642	0.30835198004116715	negative	False
Paraburkholderia	PDAC_050	-0.23207096016779744	0.1701712447811677	negative	False
Paraburkholderia	PDAC_051	-0.2367227602130128	0.15442293422690226	negative	False
Paraburkholderia	PDAC_052	-0.18643134544853118	0.2588835602212554	negative	False
Paraburkholderia	PDAC_053	-0.21249277530260616	0.19773122311989672	negative	False
Paraburkholderia	PDAC_054	-0.24490796479025984	0.14829176179040923	negative	False
Paraburkholderia	PDAC_055	-0.23954539283919687	0.149640180175043	negative	False
Paraburkholderia	PDAC_056	-0.19191711120059737	0.25475658449732397	negative	False
Paraburkholderia	PDAC_057	-0.17996200474918642	0.28326565342840726	negative	False
Paraburkholderia	PDAC_058	-0.1815982694765801	0.27957405823464676	negative	False
Paraburkholderia	PDAC_059	-0.21135133655094104	0.1980499124476945	negative	False
Paraburkholderia	PDAC_060	-0.17827406238015722	0.2959078326698122	negative	False
Paraburkholderia	PDAC_061	-0.18077016401782575	0.27878741949188485	negative	False
Paraburkholderia	PDAC_062	-0.2115388844179569	0.19968323194838652	negative	False
Aerococcus	PDAC_001	0.18448739112007032	0.2100963657516898	positive	False
Aerococcus	PDAC_002	0.186502645294106	0.21071993444061438	positive	False
Aerococcus	PDAC_003	0.18077680284211983	0.22176391709064344	positive	False
Aerococcus	PDAC_004	0.1901351801699532	0.19888988727889212	positive	False
Aerococcus	PDAC_005	0.17651405416558752	0.24192182495840114	positive	False
Aerococcus	PDAC_006	0.1858682560549195	0.20861263835471314	positive	False
Aerococcus	PDAC_007	0.1834886532382055	0.21467178887684987	positive	False
Aerococcus	PDAC_008	0.19041660901278257	0.20325966327680758	positive	False
Aerococcus	PDAC_009	0.17546736337124857	0.23595792831245638	positive	False
Aerococcus	PDAC_010	0.1889055140966796	0.2118057214701558	positive	False
Aerococcus	PDAC_011	0.18668277946302542	0.20638105614875182	positive	False
Aerococcus	PDAC_012	0.17503740549479446	0.23361152271054828	positive	False
Aerococcus	PDAC_013	0.1857155518081789	0.21463988634007894	positive	False
Aerococcus	PDAC_014	0.18450629044578368	0.21033574730323684	positive	False
Aerococcus	PDAC_015	0.18507000708975274	0.20910890351047645	positive	False
Aerococcus	PDAC_016	0.20816991052592992	0.15644958974128242	positive	False
Aerococcus	PDAC_017	0.20426771962677304	0.1655456269172088	positive	False
Aerococcus	PDAC_018	0.19315992184468214	0.19323842528287355	positive	False
Aerococcus	PDAC_019	0.1904051154762421	0.20544551799083635	positive	False
Aerococcus	PDAC_020	0.18149991424539091	0.23565246301672896	positive	False
Aerococcus	PDAC_021	0.182311115349817	0.2204090201685219	positive	False
Aerococcus	PDAC_022	0.18172568441551315	0.21812233361034186	positive	False
Aerococcus	PDAC_023	0.18251124294600357	0.2208434396744612	positive	False
Aerococcus	PDAC_024	0.18672381604572025	0.20620183388565771	positive	False
Aerococcus	PDAC_025	0.18639787775816677	0.20641490506080193	positive	False
Aerococcus	PDAC_026	0.1843976138125208	0.21125732652886237	positive	False
Aerococcus	PDAC_027	0.18338506369965074	0.2134380739512591	positive	False
Aerococcus	PDAC_028	0.19020943511505212	0.21245083796665923	positive	False
Aerococcus	PDAC_029	0.1853527662968631	0.20859839091035884	positive	False
Aerococcus	PDAC_030	0.18078084563608138	0.22212546658742105	positive	False
Aerococcus	PDAC_031	0.18596431302684988	0.2066014200473597	positive	False
Aerococcus	PDAC_032	0.18394309729778752	0.21911782814837003	positive	False
Aerococcus	PDAC_033	0.1866806648618291	0.20565890271440154	positive	False
Aerococcus	PDAC_034	0.20643070643622677	0.18501087076256634	positive	False
Aerococcus	PDAC_035	0.18511274183366455	0.20917069155489315	positive	False
Aerococcus	PDAC_036	0.18513878032195233	0.21241262729034127	positive	False
Aerococcus	PDAC_037	0.1874496184042351	0.20791333108867766	positive	False
Aerococcus	PDAC_038	0.17943148504212791	0.23127387988050907	positive	False
Aerococcus	PDAC_039	0.1857029545927316	0.21636028413280695	positive	False
Aerococcus	PDAC_040	0.177692605670912	0.22906579820292505	positive	False
Aerococcus	PDAC_041	0.1778471725707744	0.2280640040031734	positive	False
Aerococcus	PDAC_042	0.1970982676612289	0.18218553217330374	positive	False
Aerococcus	PDAC_043	0.16390007430941306	0.30520372759965997	positive	False
Aerococcus	PDAC_044	0.199545766251191	0.1962516100033599	positive	False
Aerococcus	PDAC_045	0.23078955666662548	0.11011167491555679	positive	False
Aerococcus	PDAC_046	0.18340454325876443	0.215167122618069	positive	False
Aerococcus	PDAC_047	0.14775928355430193	0.33353707971396207	positive	False
Aerococcus	PDAC_048	0.18826128240945678	0.20022211281021277	positive	False
Aerococcus	PDAC_049	0.13070571625015345	0.36810253831212547	positive	False
Aerococcus	PDAC_050	0.18665440476208311	0.2225159390270043	positive	False
Aerococcus	PDAC_051	0.1615682401407245	0.28024506539719923	positive	False
Aerococcus	PDAC_052	0.24780664595564916	0.06861014190235795	positive	False
Aerococcus	PDAC_053	0.18575308397199478	0.20931166785803806	positive	False
Aerococcus	PDAC_054	0.16229898075408458	0.29152584356407657	positive	False
Aerococcus	PDAC_055	0.16474213140115454	0.2737192368022261	positive	False
Aerococcus	PDAC_056	0.16330138076238213	0.2781836790705296	positive	False
Aerococcus	PDAC_057	0.15719078491227445	0.2963786407202616	positive	False
Aerococcus	PDAC_058	0.22815041128569385	0.11562365447670624	positive	False
Aerococcus	PDAC_059	0.18549953141105713	0.20839078215789192	positive	False
Aerococcus	PDAC_060	0.23929264448179713	0.09431744971750781	positive	False
Aerococcus	PDAC_061	0.16281880923675454	0.2796824705668779	positive	False
Aerococcus	PDAC_062	0.18599375059530457	0.20584722851643658	positive	False
Acidovorax	PDAC_001	-0.19182162268616157	0.02271895545247213	negative	False
Acidovorax	PDAC_002	-0.19043819786626245	0.02573562545245212	negative	False
Acidovorax	PDAC_003	-0.188148461463049	0.026171320502325304	negative	False
Acidovorax	PDAC_004	-0.19125645733284966	0.022860525051564377	negative	False
Acidovorax	PDAC_005	-0.2128791297063475	0.01139083820662596	negative	False
Acidovorax	PDAC_006	-0.1926944617756705	0.022606593751281476	negative	False
Acidovorax	PDAC_007	-0.1943029265466936	0.02172100573225737	negative	False
Acidovorax	PDAC_008	-0.18152690682288256	0.032894320684305624	negative	False
Acidovorax	PDAC_009	-0.20162204574360765	0.017350262835466746	negative	False
Acidovorax	PDAC_010	-0.2041439792449023	0.017724023722405686	negative	False
Acidovorax	PDAC_011	-0.18758379501325192	0.02570708371431911	negative	False
Acidovorax	PDAC_012	-0.1960445427242344	0.020327258182983327	negative	False
Acidovorax	PDAC_013	-0.1714865989877542	0.038609167517726646	negative	False
Acidovorax	PDAC_014	-0.19056571451942125	0.023117148547829976	negative	False
Acidovorax	PDAC_015	-0.19068242293270157	0.022930080446802704	negative	False
Acidovorax	PDAC_016	-0.19555587746041533	0.02086898538988362	negative	False
Acidovorax	PDAC_017	-0.1948244839970116	0.021104249002133486	negative	False
Acidovorax	PDAC_018	-0.19766273174747687	0.01827973791250768	negative	False
Acidovorax	PDAC_019	-0.1785887115542933	0.035896668383767705	negative	False
Acidovorax	PDAC_020	-0.15646023731500627	0.04705965019143229	negative	False
Acidovorax	PDAC_021	-0.1972607363795958	0.020659227370495956	negative	False
Acidovorax	PDAC_022	-0.19163080476848188	0.02323387481652028	negative	False
Acidovorax	PDAC_023	-0.20262495415094478	0.017083797153168694	negative	False
Acidovorax	PDAC_024	-0.19201600944093564	0.02197877294959089	negative	False
Acidovorax	PDAC_025	-0.19175338371282805	0.0221033905735028	negative	False
Acidovorax	PDAC_026	-0.18637252956541184	0.026109590918149395	negative	False
Acidovorax	PDAC_027	-0.18666218502301393	0.025827265665960795	negative	False
Acidovorax	PDAC_028	-0.20032734828379056	0.021942376518486947	negative	False
Acidovorax	PDAC_029	-0.19070943383072397	0.02259799349107697	negative	False
Acidovorax	PDAC_030	-0.18936101134876596	0.025517250576145338	negative	False
Acidovorax	PDAC_031	-0.19116759085792734	0.022557385052548947	negative	False
Acidovorax	PDAC_032	-0.20097343211405747	0.01626565775076266	negative	False
Acidovorax	PDAC_033	-0.19203833545345625	0.021851657257422216	negative	False
Acidovorax	PDAC_034	-0.22325798287802126	0.005067799400742724	negative	False
Acidovorax	PDAC_035	-0.18898557177309064	0.02388167828137873	negative	False
Acidovorax	PDAC_036	-0.17865345532424384	0.03273644248922837	negative	False
Acidovorax	PDAC_037	-0.19133749666698166	0.02486829681473992	negative	False
Acidovorax	PDAC_038	-0.20732721722524156	0.014490495267583134	negative	False
Acidovorax	PDAC_039	-0.2012663822358492	0.018984537624672577	negative	False
Acidovorax	PDAC_040	-0.1872648732624859	0.026770046477042383	negative	False
Acidovorax	PDAC_041	-0.19398590329228582	0.021980644384369676	negative	False
Acidovorax	PDAC_042	-0.19914479111370256	0.017010608452725468	negative	False
Acidovorax	PDAC_043	-0.18006999712579502	0.043521046197583575	negative	False
Acidovorax	PDAC_044	-0.18271820966487706	0.035166348101038684	negative	False
Acidovorax	PDAC_045	-0.18120336158159814	0.03436545030185259	negative	False
Acidovorax	PDAC_046	-0.18827035819360213	0.02521537331945495	negative	False
Acidovorax	PDAC_047	-0.18101923710161866	0.039129010818535696	negative	False
Acidovorax	PDAC_048	-0.19018189104919211	0.02372929809348737	negative	False
Acidovorax	PDAC_049	-0.1734491251193282	0.04303033873453209	negative	False
Acidovorax	PDAC_050	-0.1772011381023243	0.03700690580936587	negative	False
Acidovorax	PDAC_051	-0.1902772099473914	0.02542883781157763	negative	False
Acidovorax	PDAC_052	-0.215200397744719	0.009728895489211091	negative	False
Acidovorax	PDAC_053	-0.1911326478752992	0.0230563598016009	negative	False
Acidovorax	PDAC_054	-0.17786506517336165	0.03892303589697115	negative	False
Acidovorax	PDAC_055	-0.1867780124946254	0.028572646368084282	negative	False
Acidovorax	PDAC_056	-0.19512816430127392	0.022129398427789063	negative	False
Acidovorax	PDAC_057	-0.18271726789223894	0.032868091514683284	negative	False
Acidovorax	PDAC_058	-0.18900925469798194	0.027799938806816974	negative	False
Acidovorax	PDAC_059	-0.19136482406193744	0.02279294743103168	negative	False
Acidovorax	PDAC_060	-0.2000640374643862	0.020947803423644006	negative	False
Acidovorax	PDAC_061	-0.18407447344241168	0.031007198797134525	negative	False
Acidovorax	PDAC_062	-0.1913912765179219	0.021988605442167568	negative	False
Cupriavidus	PDAC_001	-0.29596316326270394	0.00021269640685521996	negative	False
Cupriavidus	PDAC_002	-0.29143125029926975	0.00032250245367046335	negative	False
Cupriavidus	PDAC_003	-0.29305688594506174	0.00027554081721484637	negative	False
Cupriavidus	PDAC_004	-0.29685736404402696	0.00020424374580145296	negative	False
Cupriavidus	PDAC_005	-0.2980848008248295	0.0003184722226515945	negative	False
Cupriavidus	PDAC_006	-0.2939238865984903	0.0002534819158558652	negative	False
Cupriavidus	PDAC_007	-0.29115939930388685	0.00028675728498694713	negative	False
Cupriavidus	PDAC_008	-0.2876709644869817	0.00038481476224542447	negative	False
Cupriavidus	PDAC_009	-0.29700844446785596	0.00024876022446058016	negative	False
Cupriavidus	PDAC_010	-0.29635868883094113	0.00034452304212900635	negative	False
Cupriavidus	PDAC_011	-0.3245338182712054	1.719712955235509e-05	negative	False
Cupriavidus	PDAC_012	-0.3022096032787352	0.000164608646112251	negative	False
Cupriavidus	PDAC_013	-0.2842643589208852	0.00040982140726925244	negative	False
Cupriavidus	PDAC_014	-0.2959535678651571	0.00021371276802706582	negative	False
Cupriavidus	PDAC_015	-0.295957525566907	0.00021271816275759506	negative	False
Cupriavidus	PDAC_016	-0.2958012714677968	0.00023913661370428995	negative	False
Cupriavidus	PDAC_017	-0.2958947211953315	0.0002298058497573432	negative	False
Cupriavidus	PDAC_018	-0.29879048630987515	0.00019441157891237983	negative	False
Cupriavidus	PDAC_019	-0.27769230776248044	0.0004599465328061635	negative	False
Cupriavidus	PDAC_020	-0.29347106261441824	0.0004609517217944543	negative	False
Cupriavidus	PDAC_021	-0.292256547515043	0.0003093917898462401	negative	False
Cupriavidus	PDAC_022	-0.2929785557309232	0.00026125529936164187	negative	False
Cupriavidus	PDAC_023	-0.2897004696708483	0.00034618110803374545	negative	False
Cupriavidus	PDAC_024	-0.2998336430166521	0.00018088363872463455	negative	False
Cupriavidus	PDAC_025	-0.29774947454709444	0.00019762046053338041	negative	False
Cupriavidus	PDAC_026	-0.2909535364617186	0.0002745355792731027	negative	False
Cupriavidus	PDAC_027	-0.2945050302113799	0.0002364180040946877	negative	False
Cupriavidus	PDAC_028	-0.2909049943248464	0.0004733655294899174	negative	False
Cupriavidus	PDAC_029	-0.29580642521355205	0.00021911480382066903	negative	False
Cupriavidus	PDAC_030	-0.29668877135455407	0.00024054999278761918	negative	False
Cupriavidus	PDAC_031	-0.2961655457306611	0.00020830949599745627	negative	False
Cupriavidus	PDAC_032	-0.304825591625509	0.00014666344458208778	negative	False
Cupriavidus	PDAC_033	-0.2972962068735283	0.00020013352778924857	negative	False
Cupriavidus	PDAC_034	-0.3381828450664389	1.622294627460306e-06	negative	False
Cupriavidus	PDAC_035	-0.295160289625245	0.000224030924892837	negative	False
Cupriavidus	PDAC_036	-0.29272045010262504	0.00029039751399146925	negative	False
Cupriavidus	PDAC_037	-0.29240056910121215	0.0003059951286543796	negative	False
Cupriavidus	PDAC_038	-0.29883870406010143	0.00027160941262631725	negative	False
Cupriavidus	PDAC_039	-0.28728771325561514	0.00041033611747978764	negative	False
Cupriavidus	PDAC_040	-0.29906000654623105	0.00021112492314686522	negative	False
Cupriavidus	PDAC_041	-0.2988438405497857	0.00020789537749258533	negative	False
Cupriavidus	PDAC_042	-0.29892225859589117	0.00019069388259071487	negative	False
Cupriavidus	PDAC_043	-0.29846017098260963	0.00044918837501097285	negative	False
Cupriavidus	PDAC_044	-0.30186507713095145	0.000253365383579437	negative	False
Cupriavidus	PDAC_045	-0.29956084789719123	0.0002467236784066692	negative	False
Cupriavidus	PDAC_046	-0.2942834721264635	0.000220132075898341	negative	False
Cupriavidus	PDAC_047	-0.28340816776373345	0.0005191480750641853	negative	False
Cupriavidus	PDAC_048	-0.29577261249198217	0.0002090462862670932	negative	False
Cupriavidus	PDAC_049	-0.30560755827621144	0.00022149061833384704	negative	False
Cupriavidus	PDAC_050	-0.28723665793204173	0.00036094877152354377	negative	False
Cupriavidus	PDAC_051	-0.285580949767399	0.00032811080676849966	negative	False
Cupriavidus	PDAC_052	-0.33177646998949717	7.703892463275969e-06	negative	False
Cupriavidus	PDAC_053	-0.2963185580552264	0.00020222469365933148	negative	False
Cupriavidus	PDAC_054	-0.28761358682712024	0.00042136631525075123	negative	False
Cupriavidus	PDAC_055	-0.2886728088669359	0.0003201083512228584	negative	False
Cupriavidus	PDAC_056	-0.2950813227896731	0.0002708591681634891	negative	False
Cupriavidus	PDAC_057	-0.2902540866311243	0.00033650431289731396	negative	False
Cupriavidus	PDAC_058	-0.2897368504956172	0.0003387849429110554	negative	False
Cupriavidus	PDAC_059	-0.29928166760295655	0.000176223639826767	negative	False
Cupriavidus	PDAC_060	-0.2907843012833413	0.0004070782489543733	negative	False
Cupriavidus	PDAC_061	-0.295964003524936	0.00026371866311418663	negative	False
Cupriavidus	PDAC_062	-0.2958757098669587	0.00020623568035417405	negative	False
Staphylococcus	PDAC_001	-0.450020464353388	0.007859197364803406	negative	False
Staphylococcus	PDAC_002	-0.4336732941194797	0.011212748084437162	negative	False
Staphylococcus	PDAC_003	-0.4355433678755589	0.010368109315212991	negative	False
Staphylococcus	PDAC_004	-0.4498906674443088	0.007932765080318066	negative	False
Staphylococcus	PDAC_005	-0.4422700977464589	0.011589755633599264	negative	False
Staphylococcus	PDAC_006	-0.47258500927970765	0.005377097217844744	negative	False
Staphylococcus	PDAC_007	-0.4785728302543727	0.004701203646641804	negative	False
Staphylococcus	PDAC_008	-0.4277574122425834	0.012398730564353947	negative	False
Staphylococcus	PDAC_009	-0.45494115270109803	0.008151255818068059	negative	False
Staphylococcus	PDAC_010	-0.5205154863344011	0.001190514427802687	negative	False
Staphylococcus	PDAC_011	-0.43149473586585685	0.010420331599710547	negative	False
Staphylococcus	PDAC_012	-0.4619655096702989	0.00669299790296349	negative	False
Staphylococcus	PDAC_013	-0.5040158094398096	0.002334667540281106	negative	False
Staphylococcus	PDAC_014	-0.44411765590450974	0.008583001579488306	negative	False
Staphylococcus	PDAC_015	-0.44919178431639617	0.007940166806086732	negative	False
Staphylococcus	PDAC_016	-0.45063160185785184	0.008302691960591918	negative	False
Staphylococcus	PDAC_017	-0.45305340868728516	0.007828387468792207	negative	False
Staphylococcus	PDAC_018	-0.4640908016403457	0.00618015366887876	negative	False
Staphylococcus	PDAC_019	-0.41197250410986375	0.014412260648225336	negative	False
Staphylococcus	PDAC_020	-0.47241839121412244	0.007645244512868311	negative	False
Staphylococcus	PDAC_021	-0.4394597926548499	0.010398099106297723	negative	False
Staphylococcus	PDAC_022	-0.44874416703005776	0.008405016113243874	negative	False
Staphylococcus	PDAC_023	-0.438439291528538	0.010729997737281489	negative	False
Staphylococcus	PDAC_024	-0.4400658273614616	0.009214697671095293	negative	False
Staphylococcus	PDAC_025	-0.455090618484962	0.007133064129160391	negative	False
Staphylococcus	PDAC_026	-0.46643621387598355	0.0060355833317825075	negative	False
Staphylococcus	PDAC_027	-0.447547423580502	0.008356093926714143	negative	False
Staphylococcus	PDAC_028	-0.4553314386964586	0.010309436485109779	negative	False
Staphylococcus	PDAC_029	-0.45164221535765614	0.007767762531226478	negative	False
Staphylococcus	PDAC_030	-0.4397781146900177	0.009933716812683015	negative	False
Staphylococcus	PDAC_031	-0.4502250375190197	0.007837233791825791	negative	False
Staphylococcus	PDAC_032	-0.4277057638265585	0.011084835854785728	negative	False
Staphylococcus	PDAC_033	-0.45297330776920225	0.007418718913494042	negative	False
Staphylococcus	PDAC_034	-0.3921051035334338	0.016331495720786744	negative	False
Staphylococcus	PDAC_035	-0.45663026594486195	0.007169325977873585	negative	False
Staphylococcus	PDAC_036	-0.4282805648408901	0.011447929787686332	negative	False
Staphylococcus	PDAC_037	-0.4401865312830921	0.010268020838690125	negative	False
Staphylococcus	PDAC_038	-0.43419837798358957	0.01193983120047359	negative	False
Staphylococcus	PDAC_039	-0.41691765401843	0.01388964548929346	negative	False
Staphylococcus	PDAC_040	-0.44304897369296037	0.00944185218285461	negative	False
Staphylococcus	PDAC_041	-0.4480160715119075	0.008673000995385673	negative	False
Staphylococcus	PDAC_042	-0.460045857720732	0.006649902950545696	negative	False
Staphylococcus	PDAC_043	-0.477047505454317	0.0075682464397037845	negative	False
Staphylococcus	PDAC_044	-0.4342752260034318	0.012578936575610516	negative	False
Staphylococcus	PDAC_045	-0.454186445504483	0.008812596832940136	negative	False
Staphylococcus	PDAC_046	-0.4460562410706289	0.008378529139419279	negative	False
Staphylococcus	PDAC_047	-0.42302869244000557	0.01524240741852042	negative	False
Staphylococcus	PDAC_048	-0.451443887848529	0.007627722846219785	negative	False
Staphylococcus	PDAC_049	-0.4421610488589296	0.011998885882800967	negative	False
Staphylococcus	PDAC_050	-0.4362734490729049	0.011284034419846505	negative	False
Staphylococcus	PDAC_051	-0.45232370544188266	0.008357591661944679	negative	False
Staphylococcus	PDAC_052	-0.4765752146539244	0.006065780877009348	negative	False
Staphylococcus	PDAC_053	-0.4509770528168879	0.007778645408650515	negative	False
Staphylococcus	PDAC_054	-0.4453902696701924	0.011001609687807026	negative	False
Staphylococcus	PDAC_055	-0.43788853655572774	0.01051301608122165	negative	False
Staphylococcus	PDAC_056	-0.48122627438569104	0.004562349236686538	negative	False
Staphylococcus	PDAC_057	-0.448127796324744	0.009579052858850114	negative	False
Staphylococcus	PDAC_058	-0.486812167789432	0.004029735594998567	negative	False
Staphylococcus	PDAC_059	-0.45025069105605636	0.007876001189199696	negative	False
Staphylococcus	PDAC_060	-0.48964609779370705	0.004215141561431364	negative	False
Staphylococcus	PDAC_061	-0.4664212707951175	0.006599545404386337	negative	False
Staphylococcus	PDAC_062	-0.4509926101101722	0.0076909360665855745	negative	False
Luteimonas	PDAC_001	0.077825031447292	0.6306822264625487	positive	False
Luteimonas	PDAC_002	0.0807173739291602	0.6197411902239232	positive	False
Luteimonas	PDAC_003	0.07498589210726192	0.6433741045389862	positive	False
Luteimonas	PDAC_004	0.07698448474259584	0.6341435774707314	positive	False
Luteimonas	PDAC_005	0.07020487618155977	0.6693925907949702	positive	False
Luteimonas	PDAC_006	0.0799643692829527	0.6211081634378803	positive	False
Luteimonas	PDAC_007	0.0776470852569589	0.6314429401342856	positive	False
Luteimonas	PDAC_008	0.08452690225205893	0.6044149239457317	positive	False
Luteimonas	PDAC_009	0.06970544985331083	0.6671574912088786	positive	False
Luteimonas	PDAC_010	0.08258814624996492	0.6160603746087381	positive	False
Luteimonas	PDAC_011	0.08070687803133691	0.6177307998671742	positive	False
Luteimonas	PDAC_012	0.08460603934313121	0.6006980828104	positive	False
Luteimonas	PDAC_013	0.07982817668728052	0.624832048074599	positive	False
Luteimonas	PDAC_014	0.0779604814610385	0.629928326862782	positive	False
Luteimonas	PDAC_015	0.07838794632672691	0.6281971505634655	positive	False
Luteimonas	PDAC_016	0.07422553143313566	0.6464102473471209	positive	False
Luteimonas	PDAC_017	0.07392709935677773	0.6474696382352553	positive	False
Luteimonas	PDAC_018	0.08379974652691508	0.6099080055953516	positive	False
Luteimonas	PDAC_019	0.08434649021499152	0.6066423553997449	positive	False
Luteimonas	PDAC_020	0.07453866662957896	0.6542361869446224	positive	False
Luteimonas	PDAC_021	0.07653704314112987	0.6377407604090599	positive	False
Luteimonas	PDAC_022	0.0757937345388865	0.6393193649834854	positive	False
Luteimonas	PDAC_023	0.07670612887103405	0.6375085642329941	positive	False
Luteimonas	PDAC_024	0.07902902107194723	0.6270067052458128	positive	False
Luteimonas	PDAC_025	0.07905536053219837	0.626268299663147	positive	False
Luteimonas	PDAC_026	0.0782912423342466	0.6282314559258473	positive	False
Luteimonas	PDAC_027	0.0772303804745447	0.6328824216390252	positive	False
Luteimonas	PDAC_028	0.08345432394588595	0.6149475936643225	positive	False
Luteimonas	PDAC_029	0.07855814679295789	0.627582214910495	positive	False
Luteimonas	PDAC_030	0.07500533594454462	0.6434532324350417	positive	False
Luteimonas	PDAC_031	0.07899799936888927	0.6259738934339041	positive	False
Luteimonas	PDAC_032	0.07369467827532164	0.6553748155745562	positive	False
Luteimonas	PDAC_033	0.07931692988825981	0.6251747838220763	positive	False
Luteimonas	PDAC_034	0.08771839066890601	0.6172191633413174	positive	False
Luteimonas	PDAC_035	0.0786100879543296	0.6270175645341293	positive	False
Luteimonas	PDAC_036	0.07937678140805145	0.6246891076455555	positive	False
Luteimonas	PDAC_037	0.08167936746430808	0.6152316676856274	positive	False
Luteimonas	PDAC_038	0.07344219380494908	0.6533786481806141	positive	False
Luteimonas	PDAC_039	0.07969197731805525	0.6264696137961075	positive	False
Luteimonas	PDAC_040	0.07190268259819546	0.6568648207942712	positive	False
Luteimonas	PDAC_041	0.072017194843122	0.6561300148927295	positive	False
Luteimonas	PDAC_042	0.08812127051603663	0.5903902797704247	positive	False
Luteimonas	PDAC_043	0.13193420389999821	0.43482769308567715	positive	False
Luteimonas	PDAC_044	0.12100947849030007	0.4675625208088334	positive	False
Luteimonas	PDAC_045	0.11654960888285276	0.48106506538229843	positive	False
Luteimonas	PDAC_046	0.06720494381807386	0.6784979327104781	positive	False
Luteimonas	PDAC_047	0.08038053125731774	0.6477897885889833	positive	False
Luteimonas	PDAC_048	0.07273821854169231	0.6536045738217773	positive	False
Luteimonas	PDAC_049	-0.02059656241307068	0.8768047734873055	negative	False
Luteimonas	PDAC_050	0.08350771907205867	0.6224664433221553	positive	False
Luteimonas	PDAC_051	0.10254055109214848	0.535643246255358	positive	False
Luteimonas	PDAC_052	0.08602576886943537	0.600421248131542	positive	False
Luteimonas	PDAC_053	0.07890496533833848	0.6260288473483142	positive	False
Luteimonas	PDAC_054	0.05275636018058004	0.756575693319434	positive	False
Luteimonas	PDAC_055	0.10816119632874548	0.5126668478959812	positive	False
Luteimonas	PDAC_056	0.10275520216845513	0.5370895412271	positive	False
Luteimonas	PDAC_057	0.1161558878671118	0.48162488373702117	positive	False
Luteimonas	PDAC_058	0.04791770301920903	0.7727664509477714	positive	False
Luteimonas	PDAC_059	0.08233724661880605	0.6106626680513683	positive	False
Luteimonas	PDAC_060	0.024994442645092194	0.8776424185344557	positive	False
Luteimonas	PDAC_061	0.045820404786738475	0.7805047746413201	positive	False
Luteimonas	PDAC_062	0.07907489758581546	0.6256803104458479	positive	False
Rhodopseudomonas	PDAC_001	0.40870821845512845	0.04511060364320907	positive	False
Rhodopseudomonas	PDAC_002	0.38088330758828237	0.06322797691515007	positive	False
Rhodopseudomonas	PDAC_003	0.422973930334346	0.03944555213080103	positive	False
Rhodopseudomonas	PDAC_004	0.40760983199831824	0.04584780551892937	positive	False
Rhodopseudomonas	PDAC_005	0.3586908438468813	0.0779516106422793	positive	False
Rhodopseudomonas	PDAC_006	0.4247596827119346	0.03780918840856228	positive	False
Rhodopseudomonas	PDAC_007	0.4236032745422373	0.038715877558021486	positive	False
Rhodopseudomonas	PDAC_008	0.38044389197296025	0.06484459814055366	positive	False
Rhodopseudomonas	PDAC_009	0.4148422465292175	0.04468569617762112	positive	False
Rhodopseudomonas	PDAC_010	0.3709720468528083	0.07274170834632503	positive	False
Rhodopseudomonas	PDAC_011	0.3951959019117987	0.05316670869899431	positive	False
Rhodopseudomonas	PDAC_012	0.4055553543806639	0.04782533288340092	positive	False
Rhodopseudomonas	PDAC_013	0.3758118574045787	0.06707054745114492	positive	False
Rhodopseudomonas	PDAC_014	0.4105140278974795	0.04417871505160896	positive	False
Rhodopseudomonas	PDAC_015	0.40588656839900294	0.04687234880189908	positive	False
Rhodopseudomonas	PDAC_016	0.3844069493757886	0.05926638167744137	positive	False
Rhodopseudomonas	PDAC_017	0.4062923387509975	0.04738527505557838	positive	False
Rhodopseudomonas	PDAC_018	0.43990898671556034	0.030554029508013662	positive	False
Rhodopseudomonas	PDAC_019	0.3765364049869663	0.06825808046301489	positive	False
Rhodopseudomonas	PDAC_020	0.35674073552704677	0.08257895671837585	positive	False
Rhodopseudomonas	PDAC_021	0.4403497824125632	0.03146668340667421	positive	False
Rhodopseudomonas	PDAC_022	0.38904663040642673	0.056497844833871096	positive	False
Rhodopseudomonas	PDAC_023	0.42485593052383425	0.0401651338152673	positive	False
Rhodopseudomonas	PDAC_024	0.41900330286461723	0.040213443791166474	positive	False
Rhodopseudomonas	PDAC_025	0.4027355711844294	0.047939552453210715	positive	False
Rhodopseudomonas	PDAC_026	0.3959023222709283	0.05251405306533775	positive	False
Rhodopseudomonas	PDAC_027	0.4112882955695824	0.044238518459568096	positive	False
Rhodopseudomonas	PDAC_028	0.46689755773501146	0.021966505178003207	positive	False
Rhodopseudomonas	PDAC_029	0.4090241034401603	0.04480255997545957	positive	False
Rhodopseudomonas	PDAC_030	0.41804915649271973	0.042277031540830394	positive	False
Rhodopseudomonas	PDAC_031	0.4081882930362977	0.045266666443567555	positive	False
Rhodopseudomonas	PDAC_032	0.4373666694331874	0.032287305772476294	positive	False
Rhodopseudomonas	PDAC_033	0.4155674955096775	0.04190745496076298	positive	False
Rhodopseudomonas	PDAC_034	0.5106159486479892	0.005319690548496877	positive	False
Rhodopseudomonas	PDAC_035	0.4129169566598643	0.042918723192977654	positive	False
Rhodopseudomonas	PDAC_036	0.4331455896448152	0.034626983415274266	positive	False
Rhodopseudomonas	PDAC_037	0.43402881322889614	0.03469759084618435	positive	False
Rhodopseudomonas	PDAC_038	0.4302930065775381	0.03869407842588702	positive	False
Rhodopseudomonas	PDAC_039	0.45823860820865586	0.024017698902972458	positive	False
Rhodopseudomonas	PDAC_040	0.41855364249597055	0.04180721380653861	positive	False
Rhodopseudomonas	PDAC_041	0.4070313154415547	0.04758821438302369	positive	False
Rhodopseudomonas	PDAC_042	0.39155975283496985	0.05443257118456737	positive	False
Rhodopseudomonas	PDAC_043	0.39901367304092955	0.06868520393669411	positive	False
Rhodopseudomonas	PDAC_044	0.41066649607331845	0.05310221904120437	positive	False
Rhodopseudomonas	PDAC_045	0.39621539650419646	0.05817287705359661	positive	False
Rhodopseudomonas	PDAC_046	0.40623158168317064	0.04635406587773161	positive	False
Rhodopseudomonas	PDAC_047	0.4200215589310731	0.05105920043444703	positive	False
Rhodopseudomonas	PDAC_048	0.40667552230512594	0.04597437593067478	positive	False
Rhodopseudomonas	PDAC_049	0.39559962596150144	0.0633686017973336	positive	False
Rhodopseudomonas	PDAC_050	0.40978020256016007	0.050466082983585014	positive	False
Rhodopseudomonas	PDAC_051	0.3830100986616437	0.06175834899891804	positive	False
Rhodopseudomonas	PDAC_052	0.4234101774062458	0.04382323655341433	positive	False
Rhodopseudomonas	PDAC_053	0.40865895584701745	0.045037849813075695	positive	False
Rhodopseudomonas	PDAC_054	0.4100086547164896	0.053618368179208134	positive	False
Rhodopseudomonas	PDAC_055	0.413405787493471	0.0467282241762046	positive	False
Rhodopseudomonas	PDAC_056	0.3971397869778914	0.055726522694344936	positive	False
Rhodopseudomonas	PDAC_057	0.4028716309208561	0.054094102249875306	positive	False
Rhodopseudomonas	PDAC_058	0.37117947270706425	0.06974961463085563	positive	False
Rhodopseudomonas	PDAC_059	0.4084664417817144	0.045339599277611484	positive	False
Rhodopseudomonas	PDAC_060	0.35688218778199843	0.08035100611607837	positive	False
Rhodopseudomonas	PDAC_061	0.4139558970940725	0.04690117019561761	positive	False
Rhodopseudomonas	PDAC_062	0.4084501857783494	0.04517228249505095	positive	False
Rhodoferax	PDAC_001	0.019824216194035925	0.8745150871259156	positive	False
Rhodoferax	PDAC_002	-0.005162174175192003	0.9671064621537193	negative	False
Rhodoferax	PDAC_003	0.02877042438199348	0.8207650232958502	positive	False
Rhodoferax	PDAC_004	0.021251832845985044	0.8658337327012013	positive	False
Rhodoferax	PDAC_005	0.03303993239782805	0.7999841437586401	positive	False
Rhodoferax	PDAC_006	0.006190844746475662	0.9605689077210741	positive	False
Rhodoferax	PDAC_007	0.030939430021142893	0.8069234460643389	positive	False
Rhodoferax	PDAC_008	-0.006104357593345105	0.9613237861288177	negative	False
Rhodoferax	PDAC_009	0.029879813274590945	0.8147917598043228	positive	False
Rhodoferax	PDAC_010	-0.017370970350133155	0.8890113166000908	negative	False
Rhodoferax	PDAC_011	0.008823609858161963	0.9438574940350295	positive	False
Rhodoferax	PDAC_012	0.021088549723628915	0.8675143135239375	positive	False
Rhodoferax	PDAC_013	0.04269332846932456	0.7370326362179689	positive	False
Rhodoferax	PDAC_014	0.01523167575359937	0.9027299756063658	positive	False
Rhodoferax	PDAC_015	0.01723182483463849	0.8900247981280205	positive	False
Rhodoferax	PDAC_016	0.022611746562391708	0.8584613258940326	positive	False
Rhodoferax	PDAC_017	0.02603466099495328	0.8368681837791327	positive	False
Rhodoferax	PDAC_018	0.006270599881458721	0.960056483432475	positive	False
Rhodoferax	PDAC_019	0.056507081175059926	0.6495958297744862	positive	False
Rhodoferax	PDAC_020	0.05088259848789366	0.6928405534548756	positive	False
Rhodoferax	PDAC_021	-0.008383659554467291	0.9461824500651346	negative	False
Rhodoferax	PDAC_022	0.028319587391397377	0.8227880820870123	positive	False
Rhodoferax	PDAC_023	-0.01043414488695482	0.9329731957401626	negative	False
Rhodoferax	PDAC_024	0.02690974245982363	0.8282938117402809	positive	False
Rhodoferax	PDAC_025	0.02417059195133509	0.8457552930796144	positive	False
Rhodoferax	PDAC_026	0.025659041723307328	0.838901737763069	positive	False
Rhodoferax	PDAC_027	0.025740478737333174	0.8383537562646621	positive	False
Rhodoferax	PDAC_028	0.0626580272756311	0.6136782939980445	positive	False
Rhodoferax	PDAC_029	0.019767660033177644	0.8751844054514758	positive	False
Rhodoferax	PDAC_030	0.025901539575062936	0.8387021425733883	positive	False
Rhodoferax	PDAC_031	0.018424726890605196	0.8835129973156013	positive	False
Rhodoferax	PDAC_032	0.03639440013964041	0.7685121244329284	positive	False
Rhodoferax	PDAC_033	0.01641478672348344	0.8959416605601834	positive	False
Rhodoferax	PDAC_034	-0.018033147615734702	0.8845974637492415	negative	False
Rhodoferax	PDAC_035	0.015353343868158294	0.9020733105456842	positive	False
Rhodoferax	PDAC_036	-0.002169959674049706	0.9861548632602055	negative	False
Rhodoferax	PDAC_037	0.04510785569559159	0.7198378077184957	positive	False
Rhodoferax	PDAC_038	0.024268368091057133	0.8515400509033656	positive	False
Rhodoferax	PDAC_039	-0.014300698141494976	0.9083749494941479	negative	False
Rhodoferax	PDAC_040	0.027707355259682168	0.827353456525427	positive	False
Rhodoferax	PDAC_041	0.030913171644114074	0.8071576595617442	positive	False
Rhodoferax	PDAC_042	0.016323082802575592	0.8963323019343107	positive	False
Rhodoferax	PDAC_043	0.017681268571404753	0.894118960223718	positive	False
Rhodoferax	PDAC_044	0.01893612318773447	0.8831544115223575	positive	False
Rhodoferax	PDAC_045	0.026070772284621457	0.8375202688873293	positive	False
Rhodoferax	PDAC_046	0.020747511253272132	0.8680309254114281	positive	False
Rhodoferax	PDAC_047	0.006149675109107243	0.9622681031281812	positive	False
Rhodoferax	PDAC_048	0.024404209270741176	0.8437747373506017	positive	False
Rhodoferax	PDAC_049	0.029343267428195843	0.8199165785014507	positive	False
Rhodoferax	PDAC_050	0.025342067298657397	0.8418648269677338	positive	False
Rhodoferax	PDAC_051	0.019580226240521276	0.8767575683908113	positive	False
Rhodoferax	PDAC_052	0.023873374553937742	0.855003118832433	positive	False
Rhodoferax	PDAC_053	0.019254960905138667	0.8778150492967031	positive	False
Rhodoferax	PDAC_054	0.027199914639046543	0.8322297415788706	positive	False
Rhodoferax	PDAC_055	0.014465311731528397	0.9090202323532756	positive	False
Rhodoferax	PDAC_056	0.009854712247436583	0.937953407521531	positive	False
Rhodoferax	PDAC_057	0.015450781385680927	0.9034313232508275	positive	False
Rhodoferax	PDAC_058	0.017226258008290342	0.8923513902509221	positive	False
Rhodoferax	PDAC_059	0.020091004179147706	0.8729102818154191	positive	False
Rhodoferax	PDAC_060	0.005330611743932089	0.9669473200189269	positive	False
Rhodoferax	PDAC_061	0.007621267597990432	0.9519639777177109	positive	False
Rhodoferax	PDAC_062	0.0190637212651849	0.8791920212650117	positive	False
Blastomonas	PDAC_001	-0.11669246700588244	0.019606816828147126	negative	False
Blastomonas	PDAC_002	-0.10801840200279328	0.0299742629117789	negative	False
Blastomonas	PDAC_003	-0.11760008780128431	0.019535349143547424	negative	False
Blastomonas	PDAC_004	-0.11850167158378774	0.017299990159825557	negative	False
Blastomonas	PDAC_005	-0.11660528215263687	0.023725667671306815	negative	False
Blastomonas	PDAC_006	-0.11368884364996891	0.02337858783751446	negative	False
Blastomonas	PDAC_007	-0.1147019059826023	0.022428921275007882	negative	False
Blastomonas	PDAC_008	-0.09987213165133932	0.03532028119750632	negative	False
Blastomonas	PDAC_009	-0.11963084166951528	0.01784126549835689	negative	False
Blastomonas	PDAC_010	-0.1164615250618535	0.023915051198851955	negative	False
Blastomonas	PDAC_011	-0.11572593796384512	0.02105802459905769	negative	False
Blastomonas	PDAC_012	-0.12292011758909767	0.013422877386815116	negative	False
Blastomonas	PDAC_013	-0.1129358974558556	0.026021961432585696	negative	False
Blastomonas	PDAC_014	-0.11743411544550131	0.018555593943228442	negative	False
Blastomonas	PDAC_015	-0.1166650594208937	0.01966030577868994	negative	False
Blastomonas	PDAC_016	-0.11499001100347028	0.022116136104668623	negative	False
Blastomonas	PDAC_017	-0.11680573803745087	0.019905438758343438	negative	False
Blastomonas	PDAC_018	-0.11754082945622112	0.019604738386040363	negative	False
Blastomonas	PDAC_019	-0.10269466931208798	0.03500732026634035	negative	False
Blastomonas	PDAC_020	-0.11697743767230348	0.025192557484956787	negative	False
Blastomonas	PDAC_021	-0.11510719780678956	0.022934373495893525	negative	False
Blastomonas	PDAC_022	-0.11927846727461339	0.017256422802372398	negative	False
Blastomonas	PDAC_023	-0.1155786637820342	0.022728754988200064	negative	False
Blastomonas	PDAC_024	-0.11596292689599241	0.020175329584811004	negative	False
Blastomonas	PDAC_025	-0.11673775438448666	0.0195566879136586	negative	False
Blastomonas	PDAC_026	-0.11588934615232484	0.02074808193647738	negative	False
Blastomonas	PDAC_027	-0.1160309530897146	0.020555130647360823	negative	False
Blastomonas	PDAC_028	-0.11253546765056682	0.029638047171909418	negative	False
Blastomonas	PDAC_029	-0.11649259710102054	0.020465325386890353	negative	False
Blastomonas	PDAC_030	-0.11867363640594897	0.018499534602965464	negative	False
Blastomonas	PDAC_031	-0.11661508020354869	0.01944594486003742	negative	False
Blastomonas	PDAC_032	-0.13245925194458819	0.007045928749782368	negative	False
Blastomonas	PDAC_033	-0.11746503460104421	0.019150771065855453	negative	False
Blastomonas	PDAC_034	-0.1254654524193405	0.016902877628236085	negative	False
Blastomonas	PDAC_035	-0.11642694701413317	0.019996686779336977	negative	False
Blastomonas	PDAC_036	-0.11708667312209704	0.0204160506559248	negative	False
Blastomonas	PDAC_037	-0.11279778923740348	0.0252868142060778	negative	False
Blastomonas	PDAC_038	-0.1170466983291886	0.022091075370487073	negative	False
Blastomonas	PDAC_039	-0.11613745888424148	0.02318332458426979	negative	False
Blastomonas	PDAC_040	-0.11940839846300863	0.01760253316972863	negative	False
Blastomonas	PDAC_041	-0.11699043776933987	0.020006882513587388	negative	False
Blastomonas	PDAC_042	-0.11692649617540124	0.019957776002850133	negative	False
Blastomonas	PDAC_043	-0.1375395745006629	0.005277109649896631	negative	False
Blastomonas	PDAC_044	-0.12654192232980133	0.01430935512464562	negative	False
Blastomonas	PDAC_045	-0.11318273465110819	0.02704802281423122	negative	False
Blastomonas	PDAC_046	-0.11658221669831953	0.019733295463556375	negative	False
Blastomonas	PDAC_047	-0.10834400739296246	0.03579350025503809	negative	False
Blastomonas	PDAC_048	-0.11618113621848096	0.019688120341146195	negative	False
Blastomonas	PDAC_049	-0.11962139900507408	0.023087327806108306	negative	False
Blastomonas	PDAC_050	-0.1186618871666917	0.02135683993306214	negative	False
Blastomonas	PDAC_051	-0.11438405030124496	0.024043742065790928	negative	False
Blastomonas	PDAC_052	-0.13488496270710532	0.004921836697419031	negative	False
Blastomonas	PDAC_053	-0.11684285371068981	0.018969499672528485	negative	False
Blastomonas	PDAC_054	-0.10495593503725087	0.03517896973879388	negative	False
Blastomonas	PDAC_055	-0.11064504734965808	0.02765338167809829	negative	False
Blastomonas	PDAC_056	-0.12489649600875995	0.014237247309660535	negative	False
Blastomonas	PDAC_057	-0.10995180430877316	0.029450769304246154	negative	False
Blastomonas	PDAC_058	-0.10902189269897948	0.030064231823663495	negative	False
Blastomonas	PDAC_059	-0.11982243804443314	0.015564154004871048	negative	False
Blastomonas	PDAC_060	-0.12117979107242312	0.020775856347343424	negative	False
Blastomonas	PDAC_061	-0.11489535523036115	0.024295845161751824	negative	False
Blastomonas	PDAC_062	-0.11664283649976319	0.019360810532400616	negative	False
Aeromonas	PDAC_001	0.3562919907293746	0.029594711737243148	positive	False
Aeromonas	PDAC_002	0.352698079885911	0.033418093056665044	positive	False
Aeromonas	PDAC_003	0.3482443937200417	0.034162974013232004	positive	False
Aeromonas	PDAC_004	0.3624839959961291	0.027398560834680397	positive	False
Aeromonas	PDAC_005	0.34126413290267155	0.04140680383085143	positive	False
Aeromonas	PDAC_006	0.3542975641496	0.031150318040343416	positive	False
Aeromonas	PDAC_007	0.3514600781226825	0.032538016364884646	positive	False
Aeromonas	PDAC_008	0.3559930184873586	0.03282990169700174	positive	False
Aeromonas	PDAC_009	0.38301829897157597	0.019805551095029104	positive	False
Aeromonas	PDAC_010	0.35364687087023977	0.035958913316291925	positive	False
Aeromonas	PDAC_011	0.35555221793149266	0.030468459560606218	positive	False
Aeromonas	PDAC_012	0.36394707273209165	0.02704636881861674	positive	False
Aeromonas	PDAC_013	0.35130092809199454	0.03488894216091195	positive	False
Aeromonas	PDAC_014	0.35588482248633124	0.0298176336741573	positive	False
Aeromonas	PDAC_015	0.35694505282862904	0.02936416550990958	positive	False
Aeromonas	PDAC_016	0.34805204649840144	0.03392773278839424	positive	False
Aeromonas	PDAC_017	0.3486147148601592	0.03334469198549966	positive	False
Aeromonas	PDAC_018	0.37286249223590506	0.023576564212621113	positive	False
Aeromonas	PDAC_019	0.3555221951855143	0.0339561295265383	positive	False
Aeromonas	PDAC_020	0.4400667029642316	0.0027316418289241545	positive	False
Aeromonas	PDAC_021	0.34864832182455513	0.034983313944013154	positive	False
Aeromonas	PDAC_022	0.35033458798835543	0.03270140235102599	positive	False
Aeromonas	PDAC_023	0.34852900787061036	0.03542718267589593	positive	False
Aeromonas	PDAC_024	0.36184425128530256	0.027498374625050684	positive	False
Aeromonas	PDAC_025	0.36045283088971913	0.02796089829204815	positive	False
Aeromonas	PDAC_026	0.3539461409197091	0.03092245447606644	positive	False
Aeromonas	PDAC_027	0.3693243962076764	0.024651143121653767	positive	False
Aeromonas	PDAC_028	0.354649500715668	0.037160874667188606	positive	False
Aeromonas	PDAC_029	0.35762269317317513	0.029088480960419195	positive	False
Aeromonas	PDAC_030	0.3480233795802569	0.034413190108834375	positive	False
Aeromonas	PDAC_031	0.3572849704588221	0.029501240344093915	positive	False
Aeromonas	PDAC_032	0.3659098960937051	0.027348047430726812	positive	False
Aeromonas	PDAC_033	0.3608012748878805	0.027808674751570794	positive	False
Aeromonas	PDAC_034	0.29061775890339653	0.06166450009186314	positive	False
Aeromonas	PDAC_035	0.3692926688288006	0.02507404937730283	positive	False
Aeromonas	PDAC_036	0.35202151722695707	0.03302746084002742	positive	False
Aeromonas	PDAC_037	0.35385049535473057	0.032694357213191395	positive	False
Aeromonas	PDAC_038	0.3447029725462507	0.038356578453151914	positive	False
Aeromonas	PDAC_039	0.35092236982680686	0.035780219057365684	positive	False
Aeromonas	PDAC_040	0.3451476264552866	0.03543056280796953	positive	False
Aeromonas	PDAC_041	0.37158646821792096	0.024078609165377716	positive	False
Aeromonas	PDAC_042	0.346322761910686	0.03529913617426078	positive	False
Aeromonas	PDAC_043	0.3458162857577863	0.05129218202878982	positive	False
Aeromonas	PDAC_044	0.3485201940879898	0.042026378236116796	positive	False
Aeromonas	PDAC_045	0.3441444639564614	0.041525199662336615	positive	False
Aeromonas	PDAC_046	0.3541866444367739	0.03104171836622626	positive	False
Aeromonas	PDAC_047	0.35903061886886684	0.03977266049440872	positive	False
Aeromonas	PDAC_048	0.356405287720861	0.029912829287902978	positive	False
Aeromonas	PDAC_049	0.3493823146113916	0.04317113532891636	positive	False
Aeromonas	PDAC_050	0.3483434147204681	0.03921291396191302	positive	False
Aeromonas	PDAC_051	0.3493842484543181	0.036513248687288447	positive	False
Aeromonas	PDAC_052	0.3729385671484626	0.026428327888202267	positive	False
Aeromonas	PDAC_053	0.357948552316467	0.02907117769391814	positive	False
Aeromonas	PDAC_054	0.3710354321105355	0.030538377385207108	positive	False
Aeromonas	PDAC_055	0.35910797071403044	0.03246737124315007	positive	False
Aeromonas	PDAC_056	0.3374343906609064	0.04277504325070093	positive	False
Aeromonas	PDAC_057	0.3567709908621151	0.0350432787532045	positive	False
Aeromonas	PDAC_058	0.3432679329370318	0.041352348565413234	positive	False
Aeromonas	PDAC_059	0.3579107459161222	0.029088044604213933	positive	False
Aeromonas	PDAC_060	0.4367397535818222	0.003536300892213514	positive	False
Aeromonas	PDAC_061	0.41514359429290726	0.008567861368194893	positive	False
Aeromonas	PDAC_062	0.357444899017111	0.029476415232100782	positive	False
Achromobacter	PDAC_001	-0.24115639174049242	0.04525332084717827	negative	False
Achromobacter	PDAC_002	-0.3044170060921573	0.003629797891756817	negative	False
Achromobacter	PDAC_003	-0.24217238406981775	0.046458417668636946	negative	False
Achromobacter	PDAC_004	-0.23708499577953587	0.04826974340550535	negative	False
Achromobacter	PDAC_005	-0.21476985058550435	0.07634816094519599	negative	False
Achromobacter	PDAC_006	-0.22217840325036825	0.06185327285937531	negative	False
Achromobacter	PDAC_007	-0.24526603139899825	0.04333348504901543	negative	False
Achromobacter	PDAC_008	-0.23261208850049114	0.0581488827199004	negative	False
Achromobacter	PDAC_009	-0.25428397790326035	0.03663009947937086	negative	False
Achromobacter	PDAC_010	-0.24096418515694226	0.05366683178149377	negative	False
Achromobacter	PDAC_011	-0.23624010519969083	0.05030936362889033	negative	False
Achromobacter	PDAC_012	-0.24677649262158566	0.04162020615380886	negative	False
Achromobacter	PDAC_013	-0.24069950648698565	0.050791230158324166	negative	False
Achromobacter	PDAC_014	-0.24127165306316048	0.045217748977266645	negative	False
Achromobacter	PDAC_015	-0.2401721482804911	0.04570565475059397	negative	False
Achromobacter	PDAC_016	-0.2355016874770024	0.05167844745869239	negative	False
Achromobacter	PDAC_017	-0.2439715910397616	0.04394299081347491	negative	False
Achromobacter	PDAC_018	-0.25097887586484546	0.03669198747071868	negative	False
Achromobacter	PDAC_019	-0.23449832427474307	0.05798152680989472	negative	False
Achromobacter	PDAC_020	-0.24972542277130413	0.04821547056808223	negative	False
Achromobacter	PDAC_021	-0.24157221404384108	0.048452711778627325	negative	False
Achromobacter	PDAC_022	-0.24119904590261773	0.04635728180357461	negative	False
Achromobacter	PDAC_023	-0.24812965928933925	0.04303705873945056	negative	False
Achromobacter	PDAC_024	-0.2417529823343174	0.044397707079216364	negative	False
Achromobacter	PDAC_025	-0.24443898278366247	0.04152002431356452	negative	False
Achromobacter	PDAC_026	-0.24034609851752722	0.046523720167520946	negative	False
Achromobacter	PDAC_027	-0.24210336992790188	0.045001413574156754	negative	False
Achromobacter	PDAC_028	-0.23566481205026782	0.06129742878847932	negative	False
Achromobacter	PDAC_029	-0.24061458117091133	0.04523251054777014	negative	False
Achromobacter	PDAC_030	-0.24459475479763523	0.04456464223583434	negative	False
Achromobacter	PDAC_031	-0.24080956799358755	0.045373942215067194	negative	False
Achromobacter	PDAC_032	-0.2560192763184764	0.0327698641295464	negative	False
Achromobacter	PDAC_033	-0.24327059232944376	0.04272658860740312	negative	False
Achromobacter	PDAC_034	-0.29577671048911464	0.006821206357599147	negative	False
Achromobacter	PDAC_035	-0.23641746513481127	0.04861863552169797	negative	False
Achromobacter	PDAC_036	-0.21676865321338007	0.0680049545550274	negative	False
Achromobacter	PDAC_037	-0.23699060821078446	0.052438025685398564	negative	False
Achromobacter	PDAC_038	-0.25353517529425573	0.03960490142090131	negative	False
Achromobacter	PDAC_039	-0.23223206418471196	0.05964299458856114	negative	False
Achromobacter	PDAC_040	-0.23029738983760575	0.05662232229193589	negative	False
Achromobacter	PDAC_041	-0.2448539342088441	0.04376586784196503	negative	False
Achromobacter	PDAC_042	-0.2403634458300347	0.046339225889764184	negative	False
Achromobacter	PDAC_043	-0.21210426089494375	0.08863293633789884	negative	False
Achromobacter	PDAC_044	-0.22718760403673796	0.06702058146462676	negative	False
Achromobacter	PDAC_045	-0.2372467827812044	0.05455318307814067	negative	False
Achromobacter	PDAC_046	-0.23568300300730388	0.05057132080744803	negative	False
Achromobacter	PDAC_047	-0.22540015659293158	0.0725370557344547	negative	False
Achromobacter	PDAC_048	-0.23908622608086563	0.047446184059283095	negative	False
Achromobacter	PDAC_049	-0.2291015454978815	0.06704327184028727	negative	False
Achromobacter	PDAC_050	-0.22560559668892363	0.06513580124564004	negative	False
Achromobacter	PDAC_051	-0.2362960347581339	0.05275174528521887	negative	False
Achromobacter	PDAC_052	-0.2708876918685273	0.024874257896065483	negative	False
Achromobacter	PDAC_053	-0.24106122002273128	0.045527675813985535	negative	False
Achromobacter	PDAC_054	-0.22393504580732165	0.07013128681152231	negative	False
Achromobacter	PDAC_055	-0.22895818421959252	0.060217011342844476	negative	False
Achromobacter	PDAC_056	-0.24162501541561845	0.048561022979863845	negative	False
Achromobacter	PDAC_057	-0.22404686875647145	0.06640080076474356	negative	False
Achromobacter	PDAC_058	-0.26339446676265754	0.02884775690949393	negative	False
Achromobacter	PDAC_059	-0.24313468655355155	0.04398745212566427	negative	False
Achromobacter	PDAC_060	-0.2467129308377491	0.048456677030659104	negative	False
Achromobacter	PDAC_061	-0.2384968740986025	0.05169488342822454	negative	False
Achromobacter	PDAC_062	-0.24065756404735383	0.04577319645756435	negative	False
Azoarcus	PDAC_001	-0.2001797220287579	0.010999655270728208	negative	False
Azoarcus	PDAC_002	-0.20425330402106912	0.010333969628086713	negative	False
Azoarcus	PDAC_003	-0.20535061812603544	0.009501515110481517	negative	False
Azoarcus	PDAC_004	-0.20086004168738136	0.010746340564128166	negative	False
Azoarcus	PDAC_005	-0.21030693266252226	0.008993618665742704	negative	False
Azoarcus	PDAC_006	-0.20096109970555748	0.010925942364232968	negative	False
Azoarcus	PDAC_007	-0.20194613874778977	0.010649715474005134	negative	False
Azoarcus	PDAC_008	-0.19039697806367703	0.015700402083025956	negative	False
Azoarcus	PDAC_009	-0.2031097111862933	0.010585509447494989	negative	False
Azoarcus	PDAC_010	-0.17949015971150495	0.019140093777104385	negative	False
Azoarcus	PDAC_011	-0.19454438126458024	0.01311644089982749	negative	False
Azoarcus	PDAC_012	-0.20389221157554954	0.00982535132296312	negative	False
Azoarcus	PDAC_013	-0.19097835850129719	0.01551440654572254	negative	False
Azoarcus	PDAC_014	-0.2000145888733839	0.011054333438186854	negative	False
Azoarcus	PDAC_015	-0.2003161394772572	0.010948104111220967	negative	False
Azoarcus	PDAC_016	-0.20499236499766685	0.009527849169874971	negative	False
Azoarcus	PDAC_017	-0.20443304006377547	0.009617308480916261	negative	False
Azoarcus	PDAC_018	-0.2055469030369978	0.009717514429933662	negative	False
Azoarcus	PDAC_019	-0.19357899774569703	0.01515469761848622	negative	False
Azoarcus	PDAC_020	-0.2199895211937699	0.005771700923029197	negative	False
Azoarcus	PDAC_021	-0.1944483338052834	0.013873475041170586	negative	False
Azoarcus	PDAC_022	-0.19497912415449614	0.0130060712786104	negative	False
Azoarcus	PDAC_023	-0.19413719595612858	0.01416317788651539	negative	False
Azoarcus	PDAC_024	-0.20580844038904667	0.009202038668393357	negative	False
Azoarcus	PDAC_025	-0.200479195906663	0.01095941005654864	negative	False
Azoarcus	PDAC_026	-0.19903167897985263	0.011481432682649412	negative	False
Azoarcus	PDAC_027	-0.20279752932396117	0.01010689932198031	negative	False
Azoarcus	PDAC_028	-0.20694425264766228	0.011064437894621389	negative	False
Azoarcus	PDAC_029	-0.2007274697705937	0.010791656510192258	negative	False
Azoarcus	PDAC_030	-0.20314246982516804	0.010379575750802917	negative	False
Azoarcus	PDAC_031	-0.20031846878366283	0.010950270287516226	negative	False
Azoarcus	PDAC_032	-0.21318183590768927	0.007188465085253127	negative	False
Azoarcus	PDAC_033	-0.20166080937267813	0.010560377176340837	negative	False
Azoarcus	PDAC_034	-0.2112216737447763	0.011423401239929807	negative	False
Azoarcus	PDAC_035	-0.20081899711655227	0.010758151762994701	negative	False
Azoarcus	PDAC_036	-0.20099350426270882	0.011290747386757683	negative	False
Azoarcus	PDAC_037	-0.19995922418577905	0.01186793399691178	negative	False
Azoarcus	PDAC_038	-0.1995056951055082	0.012795841730323634	negative	False
Azoarcus	PDAC_039	-0.18990212424581446	0.016215487838033307	negative	False
Azoarcus	PDAC_040	-0.2070338586916833	0.00888147853846401	negative	False
Azoarcus	PDAC_041	-0.19873813784306635	0.011834926744936388	negative	False
Azoarcus	PDAC_042	-0.20249587365013275	0.010711131022293487	negative	False
Azoarcus	PDAC_043	-0.21939117460435759	0.008663415757435235	negative	False
Azoarcus	PDAC_044	-0.21669308594706035	0.007799401187918976	negative	False
Azoarcus	PDAC_045	-0.20328724253905112	0.012811887469679878	negative	False
Azoarcus	PDAC_046	-0.20152249775317665	0.010668032849323899	negative	False
Azoarcus	PDAC_047	-0.19196826997224195	0.02081160462802099	negative	False
Azoarcus	PDAC_048	-0.20148589747532716	0.010591662390322124	negative	False
Azoarcus	PDAC_049	-0.2195205546095688	0.006994594874292662	negative	False
Azoarcus	PDAC_050	-0.1866145781167796	0.018857960944554077	negative	False
Azoarcus	PDAC_051	-0.19432066343602125	0.015093803850266563	negative	False
Azoarcus	PDAC_052	-0.2168734161219817	0.006276593595971188	negative	False
Azoarcus	PDAC_053	-0.20072505262522894	0.010792632148935648	negative	False
Azoarcus	PDAC_054	-0.174158273100764	0.022208014325572595	negative	False
Azoarcus	PDAC_055	-0.1869125116499407	0.01777925503523582	negative	False
Azoarcus	PDAC_056	-0.20008413676489487	0.013352186050092182	negative	False
Azoarcus	PDAC_057	-0.17826561642533595	0.020335986452259938	negative	False
Azoarcus	PDAC_058	-0.17632876505173967	0.020397434703290463	negative	False
Azoarcus	PDAC_059	-0.20426901064257988	0.009548522881861936	negative	False
Azoarcus	PDAC_060	-0.21681725743808788	0.007960769634876007	negative	False
Azoarcus	PDAC_061	-0.20861906843339048	0.009867746238626556	negative	False
Azoarcus	PDAC_062	-0.20051254727186624	0.010876465517031286	negative	False
Enterobacter	PDAC_001	0.25477532103609124	0.2405378600828005	positive	False
Enterobacter	PDAC_002	0.2727268294628857	0.21686212098617313	positive	False
Enterobacter	PDAC_003	0.253266973650104	0.24920130502157511	positive	False
Enterobacter	PDAC_004	0.256898081986263	0.23700268105274494	positive	False
Enterobacter	PDAC_005	0.28725431027498993	0.19869125377110947	positive	False
Enterobacter	PDAC_006	0.2702908661073282	0.21527900281702939	positive	False
Enterobacter	PDAC_007	0.22793931599442216	0.29521496839803896	positive	False
Enterobacter	PDAC_008	0.21405084354438694	0.3287174833557368	positive	False
Enterobacter	PDAC_009	0.2676214021361113	0.2247846970022792	positive	False
Enterobacter	PDAC_010	0.3350887476852523	0.10837434883473199	positive	False
Enterobacter	PDAC_011	0.2833484144592242	0.19020936122570584	positive	False
Enterobacter	PDAC_012	0.2695200734182717	0.21632317401387863	positive	False
Enterobacter	PDAC_013	0.2841188533346715	0.19827804575704874	positive	False
Enterobacter	PDAC_014	0.2555140118105931	0.23938164406530077	positive	False
Enterobacter	PDAC_015	0.25153941088115384	0.24721431789227083	positive	False
Enterobacter	PDAC_016	0.26534057483938284	0.22542037030432957	positive	False
Enterobacter	PDAC_017	0.2542111338647187	0.24482143474047463	positive	False
Enterobacter	PDAC_018	0.24584981740204645	0.2571644484693393	positive	False
Enterobacter	PDAC_019	0.20797749138290506	0.34270557039629457	positive	False
Enterobacter	PDAC_020	0.3063328638972905	0.1685099365944231	positive	False
Enterobacter	PDAC_021	0.2756089755359825	0.210884184367983	positive	False
Enterobacter	PDAC_022	0.26256163518578407	0.22940677872506895	positive	False
Enterobacter	PDAC_023	0.2109629139024748	0.33211961016656644	positive	False
Enterobacter	PDAC_024	0.2505280380835923	0.24734955653932655	positive	False
Enterobacter	PDAC_025	0.25258829244651043	0.2436497710189895	positive	False
Enterobacter	PDAC_026	0.2635258486760578	0.2261605934661108	positive	False
Enterobacter	PDAC_027	0.2605464590859529	0.23144828730655664	positive	False
Enterobacter	PDAC_028	0.19304726105348896	0.3773710843000433	positive	False
Enterobacter	PDAC_029	0.25369265626342746	0.24300908744966715	positive	False
Enterobacter	PDAC_030	0.21994230735787668	0.31161608229090476	positive	False
Enterobacter	PDAC_031	0.25697641043870684	0.23694641858633123	positive	False
Enterobacter	PDAC_032	0.2892760466593292	0.17899847059697535	positive	False
Enterobacter	PDAC_033	0.25131325697372353	0.24593247467207413	positive	False
Enterobacter	PDAC_034	0.22730752603906615	0.31101357844485317	positive	False
Enterobacter	PDAC_035	0.26025117647418144	0.23050499070631697	positive	False
Enterobacter	PDAC_036	0.285873357151071	0.18979776672988868	positive	False
Enterobacter	PDAC_037	0.21958316648984316	0.31487711873827146	positive	False
Enterobacter	PDAC_038	0.1992042665961929	0.3572477563553468	positive	False
Enterobacter	PDAC_039	0.20475565584464847	0.3477114744308172	positive	False
Enterobacter	PDAC_040	0.2772949648461712	0.2042812553156045	positive	False
Enterobacter	PDAC_041	0.24916206630584306	0.25591286442330186	positive	False
Enterobacter	PDAC_042	0.25533129574137914	0.23942394730662414	positive	False
Enterobacter	PDAC_043	0.2773402551572856	0.22662255558655559	positive	False
Enterobacter	PDAC_044	0.28484094198024884	0.19834881609091382	positive	False
Enterobacter	PDAC_045	0.27515748873872825	0.2120270641723795	positive	False
Enterobacter	PDAC_046	0.25613157405627207	0.23725096007119348	positive	False
Enterobacter	PDAC_047	0.24123794506698315	0.28634403514239076	positive	False
Enterobacter	PDAC_048	0.2548457144783828	0.2397738273538521	positive	False
Enterobacter	PDAC_049	0.24555160536637607	0.27506767568464874	positive	False
Enterobacter	PDAC_050	0.280843825282744	0.2007664433052837	positive	False
Enterobacter	PDAC_051	0.25458198831697293	0.2453790021266259	positive	False
Enterobacter	PDAC_052	0.23316086324567334	0.29914070203199034	positive	False
Enterobacter	PDAC_053	0.25478685715455207	0.240214868873204	positive	False
Enterobacter	PDAC_054	0.2680195305741483	0.23043879732432065	positive	False
Enterobacter	PDAC_055	0.2739613474413813	0.21060458522365666	positive	False
Enterobacter	PDAC_056	0.2674050039465216	0.22336910409658198	positive	False
Enterobacter	PDAC_057	0.27187231361044323	0.2173264665303996	positive	False
Enterobacter	PDAC_058	0.21272700496094665	0.32502366287326423	positive	False
Enterobacter	PDAC_059	0.25967189139656266	0.23157942590213093	positive	False
Enterobacter	PDAC_060	0.1870233065476172	0.3757804485943331	positive	False
Enterobacter	PDAC_061	0.25590072567087807	0.2448629166036875	positive	False
Enterobacter	PDAC_062	0.2549057676026988	0.23995427509193695	positive	False
Methyloversatilis	PDAC_001	-0.07632722431674108	0.15886869345489907	negative	False
Methyloversatilis	PDAC_002	-0.07525317530360771	0.17122580414010594	negative	False
Methyloversatilis	PDAC_003	-0.07626387895024415	0.16288713173734679	negative	False
Methyloversatilis	PDAC_004	-0.07578699081451931	0.16282495739500502	negative	False
Methyloversatilis	PDAC_005	-0.07775240179978589	0.16433264596923963	negative	False
Methyloversatilis	PDAC_006	-0.06775348072905035	0.20919863249870668	negative	False
Methyloversatilis	PDAC_007	-0.07394545571643595	0.17513662752578185	negative	False
Methyloversatilis	PDAC_008	-0.05891652030130049	0.2585066063085902	negative	False
Methyloversatilis	PDAC_009	-0.07224406512034112	0.18671200784767578	negative	False
Methyloversatilis	PDAC_010	-0.061593232790455234	0.2502196296243704	negative	False
Methyloversatilis	PDAC_011	-0.07030506318170743	0.19489810657982085	negative	False
Methyloversatilis	PDAC_012	-0.078499414460784	0.14881280469653094	negative	False
Methyloversatilis	PDAC_013	-0.06935005684417035	0.20558820781756995	negative	False
Methyloversatilis	PDAC_014	-0.07521453457578975	0.16649874183206295	negative	False
Methyloversatilis	PDAC_015	-0.07520009989678142	0.16717386655660565	negative	False
Methyloversatilis	PDAC_016	-0.07854198334405156	0.14939683954361468	negative	False
Methyloversatilis	PDAC_017	-0.08023165233422316	0.1389900818330386	negative	False
Methyloversatilis	PDAC_018	-0.0707859529778799	0.19156018733863767	negative	False
Methyloversatilis	PDAC_019	-0.07398418276725201	0.1826680733506124	negative	False
Methyloversatilis	PDAC_020	-0.08863096187683671	0.10735527983708167	negative	False
Methyloversatilis	PDAC_021	-0.07788919814100859	0.15617418985086612	negative	False
Methyloversatilis	PDAC_022	-0.07667658272974638	0.159123003128542	negative	False
Methyloversatilis	PDAC_023	-0.0751277155948126	0.17245645686716993	negative	False
Methyloversatilis	PDAC_024	-0.07680671166960398	0.15850567809610763	negative	False
Methyloversatilis	PDAC_025	-0.07631462266610528	0.1606937200893575	negative	False
Methyloversatilis	PDAC_026	-0.07446345318782187	0.17102585043117555	negative	False
Methyloversatilis	PDAC_027	-0.07625240637397829	0.16060305086553162	negative	False
Methyloversatilis	PDAC_028	-0.06922596527356795	0.2153734068654179	negative	False
Methyloversatilis	PDAC_029	-0.07564418445065559	0.16430262663906434	negative	False
Methyloversatilis	PDAC_030	-0.078963129219039	0.1482096369455402	negative	False
Methyloversatilis	PDAC_031	-0.07564584365829209	0.16309203198684502	negative	False
Methyloversatilis	PDAC_032	-0.08504680083585164	0.11958095918716034	negative	False
Methyloversatilis	PDAC_033	-0.07511394049782148	0.16607305341716025	negative	False
Methyloversatilis	PDAC_034	-0.07282335965452592	0.2061017756343056	negative	False
Methyloversatilis	PDAC_035	-0.07637771448318317	0.15907456679861048	negative	False
Methyloversatilis	PDAC_036	-0.07822841622131768	0.15300079893669494	negative	False
Methyloversatilis	PDAC_037	-0.07675172893320864	0.1623411972703977	negative	False
Methyloversatilis	PDAC_038	-0.07990224075155627	0.14878859714942325	negative	False
Methyloversatilis	PDAC_039	-0.07840085629839982	0.15748162945958513	negative	False
Methyloversatilis	PDAC_040	-0.08045971064446965	0.1395016365242799	negative	False
Methyloversatilis	PDAC_041	-0.07913025200401708	0.14626445095285154	negative	False
Methyloversatilis	PDAC_042	-0.08145565026484705	0.13640681607846	negative	False
Methyloversatilis	PDAC_043	-0.09563961087462226	0.08187024992151858	negative	False
Methyloversatilis	PDAC_044	-0.09169322598326461	0.09469404726868211	negative	False
Methyloversatilis	PDAC_045	-0.0817458541027344	0.14511769391518836	negative	False
Methyloversatilis	PDAC_046	-0.07527108712911533	0.1658037045780291	negative	False
Methyloversatilis	PDAC_047	-0.09248264689231825	0.0947742514881097	negative	False
Methyloversatilis	PDAC_048	-0.07523974369286404	0.16500407015593963	negative	False
Methyloversatilis	PDAC_049	-0.05895664620944594	0.2699769251060695	negative	False
Methyloversatilis	PDAC_050	-0.07463949371063151	0.1829329128527567	negative	False
Methyloversatilis	PDAC_051	-0.07620485879325982	0.16945334204682055	negative	False
Methyloversatilis	PDAC_052	-0.07255278726085808	0.19219590214973764	negative	False
Methyloversatilis	PDAC_053	-0.07577702013342949	0.16270573954405068	negative	False
Methyloversatilis	PDAC_054	-0.06959774105581734	0.21645969984667368	negative	False
Methyloversatilis	PDAC_055	-0.07692487924836527	0.16689478540445948	negative	False
Methyloversatilis	PDAC_056	-0.08325118792552784	0.13360770567867059	negative	False
Methyloversatilis	PDAC_057	-0.07688742093020216	0.17060679202819443	negative	False
Methyloversatilis	PDAC_058	-0.06545635961055574	0.22961657990930207	negative	False
Methyloversatilis	PDAC_059	-0.07913106324854069	0.1422985986221695	negative	False
Methyloversatilis	PDAC_060	-0.06347589727329968	0.24812744983205615	negative	False
Methyloversatilis	PDAC_061	-0.0646043528043113	0.23129060570859247	negative	False
Methyloversatilis	PDAC_062	-0.07564601546549782	0.16277105219300914	negative	False
Mycobacterium	PDAC_001	-0.15881757643436267	0.4274983991369421	negative	False
Mycobacterium	PDAC_002	-0.16355452781254998	0.41755706105253976	negative	False
Mycobacterium	PDAC_003	-0.16641648800974984	0.4069838058249058	negative	False
Mycobacterium	PDAC_004	-0.16018599022641894	0.42341975922739883	negative	False
Mycobacterium	PDAC_005	-0.18045285249647947	0.37518219035313516	negative	False
Mycobacterium	PDAC_006	-0.12477993971484268	0.5248761767737609	negative	False
Mycobacterium	PDAC_007	-0.1363613567946949	0.49223606102617035	negative	False
Mycobacterium	PDAC_008	-0.16177300284121449	0.424679182967558	negative	False
Mycobacterium	PDAC_009	-0.13973654867052276	0.48486948999716817	negative	False
Mycobacterium	PDAC_010	-0.16813775432988695	0.41113065424008843	negative	False
Mycobacterium	PDAC_011	-0.15858713903875538	0.4280538726369363	negative	False
Mycobacterium	PDAC_012	-0.15354059990720514	0.44249852393374745	negative	False
Mycobacterium	PDAC_013	-0.16643752575625073	0.41118696842097213	negative	False
Mycobacterium	PDAC_014	-0.15896737067423633	0.426754024236941	negative	False
Mycobacterium	PDAC_015	-0.1582100369228699	0.4289146826478051	negative	False
Mycobacterium	PDAC_016	-0.1663068508586288	0.40676406244553254	negative	False
Mycobacterium	PDAC_017	-0.16553744041992594	0.40847455597637805	negative	False
Mycobacterium	PDAC_018	-0.1507222864691191	0.45595451361490247	negative	False
Mycobacterium	PDAC_019	-0.1639970898684698	0.42043098031946147	negative	False
Mycobacterium	PDAC_020	-0.18082248612428775	0.3796388597023971	negative	False
Mycobacterium	PDAC_021	-0.10783166858696944	0.5780084912369949	negative	False
Mycobacterium	PDAC_022	-0.1638357143073498	0.41335407568503235	negative	False
Mycobacterium	PDAC_023	-0.16808812447931218	0.4049744369732725	negative	False
Mycobacterium	PDAC_024	-0.15613273169391206	0.4362253341229858	negative	False
Mycobacterium	PDAC_025	-0.15646127133340199	0.43475904681249744	negative	False
Mycobacterium	PDAC_026	-0.16022223593450244	0.42316188107237585	negative	False
Mycobacterium	PDAC_027	-0.1464738080188483	0.461489745868886	negative	False
Mycobacterium	PDAC_028	-0.17053907855672581	0.40802140043219226	negative	False
Mycobacterium	PDAC_029	-0.15780222401946953	0.43007402622303703	negative	False
Mycobacterium	PDAC_030	-0.16681979823724744	0.40612198400314237	negative	False
Mycobacterium	PDAC_031	-0.1570489044863361	0.4329720464123936	negative	False
Mycobacterium	PDAC_032	-0.16089616388519803	0.4277330274087323	negative	False
Mycobacterium	PDAC_033	-0.15617494431280285	0.43570553273150925	negative	False
Mycobacterium	PDAC_034	-0.15257516562008236	0.4771507908889294	negative	False
Mycobacterium	PDAC_035	-0.15843366152300087	0.4280486169383668	negative	False
Mycobacterium	PDAC_036	-0.1631896929657663	0.4171119219431022	negative	False
Mycobacterium	PDAC_037	-0.16203523414877086	0.4214188042545639	negative	False
Mycobacterium	PDAC_038	-0.17414041461598057	0.3902351978732219	negative	False
Mycobacterium	PDAC_039	-0.1681372636031968	0.40790750419727806	negative	False
Mycobacterium	PDAC_040	-0.1359795658085591	0.4941115284063028	negative	False
Mycobacterium	PDAC_041	-0.16869244329417937	0.4000507120768729	negative	False
Mycobacterium	PDAC_042	-0.14644092908673076	0.4680457841564223	negative	False
Mycobacterium	PDAC_043	-0.11172649290303634	0.6009409290057308	negative	False
Mycobacterium	PDAC_044	-0.17975765238736827	0.3902329728317633	negative	False
Mycobacterium	PDAC_045	-0.119983286018521	0.5586557964832625	negative	False
Mycobacterium	PDAC_046	-0.15944782711444244	0.425794682687767	negative	False
Mycobacterium	PDAC_047	-0.10111616352918437	0.623761132602261	negative	False
Mycobacterium	PDAC_048	-0.1601074628060307	0.4221363569873876	negative	False
Mycobacterium	PDAC_049	-0.11068746326450452	0.5934452898226836	negative	False
Mycobacterium	PDAC_050	-0.12345517069423095	0.5477980504402569	negative	False
Mycobacterium	PDAC_051	-0.19361145330433224	0.3344930189232975	negative	False
Mycobacterium	PDAC_052	-0.16314806702568324	0.4244541825381877	negative	False
Mycobacterium	PDAC_053	-0.15810990347449724	0.4304691090280909	negative	False
Mycobacterium	PDAC_054	-0.1096461607375282	0.5938730072349517	negative	False
Mycobacterium	PDAC_055	-0.12725291546458012	0.5329959196392207	negative	False
Mycobacterium	PDAC_056	-0.13282995107522805	0.5173694844967751	negative	False
Mycobacterium	PDAC_057	-0.18564714410425284	0.36463086807306144	negative	False
Mycobacterium	PDAC_058	-0.225969424948979	0.24045022973168556	negative	False
Mycobacterium	PDAC_059	-0.15356651357518744	0.440706555012331	negative	False
Mycobacterium	PDAC_060	-0.24294272611690013	0.1948112582865732	negative	False
Mycobacterium	PDAC_061	-0.21414802171973588	0.2745782742305153	negative	False
Mycobacterium	PDAC_062	-0.158724627210363	0.4250660025701932	negative	False
Rubrivivax	PDAC_001	0.4359716042146447	0.0007568902313247143	positive	False
Rubrivivax	PDAC_002	0.42283977983146276	0.0012195692219138105	positive	False
Rubrivivax	PDAC_003	0.41999132359634106	0.001179988678547243	positive	False
Rubrivivax	PDAC_004	0.4298838460666615	0.0009022501529967974	positive	False
Rubrivivax	PDAC_005	0.4784397553069604	0.0001493730200671153	positive	False
Rubrivivax	PDAC_006	0.42711357123891536	0.0010027998827566234	positive	False
Rubrivivax	PDAC_007	0.42377841941654043	0.0010862074397697758	positive	False
Rubrivivax	PDAC_008	0.42521122340521605	0.0012430173008201562	positive	False
Rubrivivax	PDAC_009	0.44766387392548723	0.0006177502081690649	positive	False
Rubrivivax	PDAC_010	0.42123828563733995	0.0015156549115108119	positive	False
Rubrivivax	PDAC_011	0.4288305035477642	0.0009543008884054779	positive	False
Rubrivivax	PDAC_012	0.43932846487871346	0.0007333263808143552	positive	False
Rubrivivax	PDAC_013	0.42053359810282875	0.001339052665318137	positive	False
Rubrivivax	PDAC_014	0.4315867304142893	0.0008626689145675654	positive	False
Rubrivivax	PDAC_015	0.4330953718944605	0.0008278859361127779	positive	False
Rubrivivax	PDAC_016	0.4516455843443885	0.0004895318233880567	positive	False
Rubrivivax	PDAC_017	0.4452340915160618	0.0006046343956954558	positive	False
Rubrivivax	PDAC_018	0.4553777014130494	0.000415471387873253	positive	False
Rubrivivax	PDAC_019	0.42393368032674844	0.0013518230508655588	positive	False
Rubrivivax	PDAC_020	0.41214213546158496	0.0019194975774344746	positive	False
Rubrivivax	PDAC_021	0.4189846261988536	0.0012782944934240025	positive	False
Rubrivivax	PDAC_022	0.44999576993442186	0.0005096248855467723	positive	False
Rubrivivax	PDAC_023	0.418419111726604	0.0013213477386805935	positive	False
Rubrivivax	PDAC_024	0.4407632644471898	0.000671318054804709	positive	False
Rubrivivax	PDAC_025	0.43848915778465236	0.0007153122469202906	positive	False
Rubrivivax	PDAC_026	0.427911970903297	0.000958362385043191	positive	False
Rubrivivax	PDAC_027	0.4422263297409339	0.0006489312915287391	positive	False
Rubrivivax	PDAC_028	0.4212773837610139	0.0016741980617534693	positive	False
Rubrivivax	PDAC_029	0.4341240613899414	0.0008041444186832746	positive	False
Rubrivivax	PDAC_030	0.45574647302922233	0.0004272757635752982	positive	False
Rubrivivax	PDAC_031	0.43384078627682787	0.0007950498332265921	positive	False
Rubrivivax	PDAC_032	0.45011537103700666	0.0005305318762770674	positive	False
Rubrivivax	PDAC_033	0.4296785547203161	0.0008755096421801666	positive	False
Rubrivivax	PDAC_034	0.5052686092842879	6.01908131631229e-06	positive	False
Rubrivivax	PDAC_035	0.43188254776279283	0.0008553087371433075	positive	False
Rubrivivax	PDAC_036	0.42306543523512946	0.0011584039662165928	positive	False
Rubrivivax	PDAC_037	0.42427259219294805	0.001171481094361099	positive	False
Rubrivivax	PDAC_038	0.46537158182403804	0.0003197421736427666	positive	False
Rubrivivax	PDAC_039	0.41952689126987347	0.0014222634760367272	positive	False
Rubrivivax	PDAC_040	0.45076915859056577	0.0005207407024395113	positive	False
Rubrivivax	PDAC_041	0.4446721533331183	0.0006381656289324777	positive	False
Rubrivivax	PDAC_042	0.42456984421554694	0.0010050557137514177	positive	False
Rubrivivax	PDAC_043	0.4213319057366282	0.002139396644614999	positive	False
Rubrivivax	PDAC_044	0.4186229820697998	0.0015892715866553026	positive	False
Rubrivivax	PDAC_045	0.424931965233004	0.0012912059493407934	positive	False
Rubrivivax	PDAC_046	0.4310210633169789	0.000853125540177219	positive	False
Rubrivivax	PDAC_047	0.4304132988124098	0.0015342094484016376	positive	False
Rubrivivax	PDAC_048	0.433119553734655	0.0008089507984149651	positive	False
Rubrivivax	PDAC_049	0.42540736427925496	0.0015530702210574793	positive	False
Rubrivivax	PDAC_050	0.43121279914235994	0.0011262155898850623	positive	False
Rubrivivax	PDAC_051	0.43472397172815774	0.0009280714486773987	positive	False
Rubrivivax	PDAC_052	0.4588127607812043	0.00048487818074664454	positive	False
Rubrivivax	PDAC_053	0.4348076646964807	0.0007781146760289116	positive	False
Rubrivivax	PDAC_054	0.4427223316642895	0.000970642043915617	positive	False
Rubrivivax	PDAC_055	0.4296546356992799	0.001070417944604175	positive	False
Rubrivivax	PDAC_056	0.42466653706110846	0.0011951339396253802	positive	False
Rubrivivax	PDAC_057	0.4345398862686995	0.0010380350215794464	positive	False
Rubrivivax	PDAC_058	0.41947933503565726	0.0013623913106046864	positive	False
Rubrivivax	PDAC_059	0.43540976280032023	0.0007747874157340004	positive	False
Rubrivivax	PDAC_060	0.42772194384237455	0.0014376624916295473	positive	False
Rubrivivax	PDAC_061	0.42728589116001164	0.0011471964424928	positive	False
Rubrivivax	PDAC_062	0.4343525533307647	0.0007865360882056908	positive	False
Mesorhizobium	PDAC_001	0.3324939381826198	0.03701038705825437	positive	False
Mesorhizobium	PDAC_002	0.32467736680410203	0.04319622518896952	positive	False
Mesorhizobium	PDAC_003	0.3206611101682384	0.04374545546204548	positive	False
Mesorhizobium	PDAC_004	0.327606657395834	0.03827478829677241	positive	False
Mesorhizobium	PDAC_005	0.3786853571177978	0.015823758056568927	positive	False
Mesorhizobium	PDAC_006	0.32695682839826173	0.03991594547663663	positive	False
Mesorhizobium	PDAC_007	0.3240107783362721	0.041666280803548505	positive	False
Mesorhizobium	PDAC_008	0.32767255983672156	0.042649733478648845	positive	False
Mesorhizobium	PDAC_009	0.346023432677482	0.031114504090464314	positive	False
Mesorhizobium	PDAC_010	0.32468955810895817	0.04687829257314265	positive	False
Mesorhizobium	PDAC_011	0.32830601731134057	0.039026728428969475	positive	False
Mesorhizobium	PDAC_012	0.3370720235668479	0.034837549517269986	positive	False
Mesorhizobium	PDAC_013	0.3229854752436378	0.04519556065419322	positive	False
Mesorhizobium	PDAC_014	0.33515701923449853	0.03611514486793392	positive	False
Mesorhizobium	PDAC_015	0.3301706187954351	0.03703450781842374	positive	False
Mesorhizobium	PDAC_016	0.3206057567838112	0.04330702146235772	positive	False
Mesorhizobium	PDAC_017	0.3213405400557515	0.04237673145453336	positive	False
Mesorhizobium	PDAC_018	0.3466364266409588	0.028707234226266264	positive	False
Mesorhizobium	PDAC_019	0.326905197076315	0.044209911848800174	positive	False
Mesorhizobium	PDAC_020	0.3162657369964983	0.05470705916327021	positive	False
Mesorhizobium	PDAC_021	0.3206859459470792	0.04507490238223577	positive	False
Mesorhizobium	PDAC_022	0.3468472263121856	0.02996599012521955	positive	False
Mesorhizobium	PDAC_023	0.32043047750035514	0.045717962385667756	positive	False
Mesorhizobium	PDAC_024	0.33537634259200877	0.034315157136412124	positive	False
Mesorhizobium	PDAC_025	0.3259308976131037	0.04154239226162964	positive	False
Mesorhizobium	PDAC_026	0.3268301077709914	0.03938168900202266	positive	False
Mesorhizobium	PDAC_027	0.3392515169120841	0.03371247537442697	positive	False
Mesorhizobium	PDAC_028	0.40294341610136797	0.006192105155058248	positive	False
Mesorhizobium	PDAC_029	0.33089420212653725	0.036693955855947494	positive	False
Mesorhizobium	PDAC_030	0.32037438781940786	0.04411308234728371	positive	False
Mesorhizobium	PDAC_031	0.3304623319207202	0.03823635716262787	positive	False
Mesorhizobium	PDAC_032	0.3397503876177409	0.03373347251267935	positive	False
Mesorhizobium	PDAC_033	0.3342543869709435	0.03473950966726875	positive	False
Mesorhizobium	PDAC_034	0.2837355752180753	0.07697130834615594	positive	False
Mesorhizobium	PDAC_035	0.329471138858614	0.03759646070783843	positive	False
Mesorhizobium	PDAC_036	0.32425847026349763	0.04253550000607097	positive	False
Mesorhizobium	PDAC_037	0.3259133393748478	0.042251944363754346	positive	False
Mesorhizobium	PDAC_038	0.3652345995655788	0.0220102673594518	positive	False
Mesorhizobium	PDAC_039	0.32237955748899927	0.04643165156650221	positive	False
Mesorhizobium	PDAC_040	0.34687347226808646	0.03019617541715305	positive	False
Mesorhizobium	PDAC_041	0.31824486316823875	0.044529716537639645	positive	False
Mesorhizobium	PDAC_042	0.322773855547771	0.04354795599927248	positive	False
Mesorhizobium	PDAC_043	0.3100431705334698	0.06906362531681855	positive	False
Mesorhizobium	PDAC_044	0.3155418378124457	0.05654437287604711	positive	False
Mesorhizobium	PDAC_045	0.3162147611759949	0.05321090142510777	positive	False
Mesorhizobium	PDAC_046	0.3275486663960666	0.03991903851060078	positive	False
Mesorhizobium	PDAC_047	0.33968311152375563	0.043489740466070785	positive	False
Mesorhizobium	PDAC_048	0.3350282454051141	0.03350339740224154	positive	False
Mesorhizobium	PDAC_049	0.3209907819237461	0.05476122249057722	positive	False
Mesorhizobium	PDAC_050	0.31467700489100586	0.05378852023382878	positive	False
Mesorhizobium	PDAC_051	0.30903853544505766	0.05475863210815357	positive	False
Mesorhizobium	PDAC_052	0.35080474057897854	0.030923375126764765	positive	False
Mesorhizobium	PDAC_053	0.33141248716648924	0.03747878997876979	positive	False
Mesorhizobium	PDAC_054	0.3204393234574471	0.05351063452247329	positive	False
Mesorhizobium	PDAC_055	0.32295375238529567	0.0466916654092458	positive	False
Mesorhizobium	PDAC_056	0.3088313174589892	0.05586006652145396	positive	False
Mesorhizobium	PDAC_057	0.3121014953794486	0.0552557813805928	positive	False
Mesorhizobium	PDAC_058	0.3923679761251364	0.00823116074774218	positive	False
Mesorhizobium	PDAC_059	0.330776307981663	0.037213734969055716	positive	False
Mesorhizobium	PDAC_060	0.32171882476807717	0.05336079457351818	positive	False
Mesorhizobium	PDAC_061	0.38904983201543936	0.009198329579561574	positive	False
Mesorhizobium	PDAC_062	0.33200392448973237	0.03530606578518475	positive	False
Nocardioides	PDAC_001	0.6274695053944748	0.0001588510499755802	positive	False
Nocardioides	PDAC_002	0.6190361233125342	0.00022123005538861998	positive	False
Nocardioides	PDAC_003	0.6143891769753289	0.00021334097728591388	positive	False
Nocardioides	PDAC_004	0.6218964827648291	0.00016840746650109196	positive	False
Nocardioides	PDAC_005	0.6092937525476553	0.0003137716563408644	positive	False
Nocardioides	PDAC_006	0.6205980044399735	0.00018677489227447006	positive	False
Nocardioides	PDAC_007	0.6176627322646987	0.00019895566246808233	positive	False
Nocardioides	PDAC_008	0.6227226019934425	0.0002243239015471442	positive	False
Nocardioides	PDAC_009	0.6378435583793888	0.000145429925536334	positive	False
Nocardioides	PDAC_010	0.7049672408242056	3.5790043845442455e-06	positive	False
Nocardioides	PDAC_011	0.6219802727918403	0.00017975175098661	positive	False
Nocardioides	PDAC_012	0.644164115343992	0.0001117431774488577	positive	False
Nocardioides	PDAC_013	0.6180225670813677	0.00024108203195288797	positive	False
Nocardioides	PDAC_014	0.6295914161892422	0.00015460135029667682	positive	False
Nocardioides	PDAC_015	0.6248396298778575	0.00015918944366232342	positive	False
Nocardioides	PDAC_016	0.614256765172868	0.00020754617270271356	positive	False
Nocardioides	PDAC_017	0.635732662442352	0.0001386040186904421	positive	False
Nocardioides	PDAC_018	0.6469053385481944	9.38637152732124e-05	positive	False
Nocardioides	PDAC_019	0.622796080866047	0.00024148434867167674	positive	False
Nocardioides	PDAC_020	0.615774507166867	0.0003485386633570465	positive	False
Nocardioides	PDAC_021	0.6149319977123304	0.00023078093382032598	positive	False
Nocardioides	PDAC_022	0.6166834305270935	0.0001956178079381045	positive	False
Nocardioides	PDAC_023	0.6149513060849283	0.0002382770961080938	positive	False
Nocardioides	PDAC_024	0.6320169405649746	0.00013637799929738613	positive	False
Nocardioides	PDAC_025	0.6298226680369048	0.00014253401736121665	positive	False
Nocardioides	PDAC_026	0.6206248246117895	0.00017917834519040564	positive	False
Nocardioides	PDAC_027	0.6199367453841876	0.00017955295801489105	positive	False
Nocardioides	PDAC_028	0.6239678179119469	0.0002928233079139068	positive	False
Nocardioides	PDAC_029	0.6257648547782989	0.00015626205373529343	positive	False
Nocardioides	PDAC_030	0.6141623726477754	0.00021699357814168265	positive	False
Nocardioides	PDAC_031	0.6273384608079452	0.00014907007189312224	positive	False
Nocardioides	PDAC_032	0.6420464296938263	0.00011751748407139819	positive	False
Nocardioides	PDAC_033	0.6302192244593523	0.0001410277578590834	positive	False
Nocardioides	PDAC_034	0.7042110800219115	3.701911196136298e-06	positive	False
Nocardioides	PDAC_035	0.6238337866668343	0.00016400238961226872	positive	False
Nocardioides	PDAC_036	0.6656081625698924	5.3217149975259136e-05	positive	False
Nocardioides	PDAC_037	0.6201131084918444	0.00021346807754204182	positive	False
Nocardioides	PDAC_038	0.6560469230013254	9.427365627180633e-05	positive	False
Nocardioides	PDAC_039	0.6180471923344695	0.00025515276020508836	positive	False
Nocardioides	PDAC_040	0.6112917324943524	0.0002209419903666123	positive	False
Nocardioides	PDAC_041	0.6390625015152855	0.0001313069912854402	positive	False
Nocardioides	PDAC_042	0.6489381442173201	8.493926153963433e-05	positive	False
Nocardioides	PDAC_043	0.6131241795129788	0.0005279213453655084	positive	False
Nocardioides	PDAC_044	0.6293580004277664	0.00026062676106998744	positive	False
Nocardioides	PDAC_045	0.6177305008616135	0.00027856550490341664	positive	False
Nocardioides	PDAC_046	0.6214851695770226	0.0001804235070235622	positive	False
Nocardioides	PDAC_047	0.646792224174343	0.00019560874087887306	positive	False
Nocardioides	PDAC_048	0.6238815932733596	0.0001725861739031628	positive	False
Nocardioides	PDAC_049	0.6150816235506515	0.0003697855139427988	positive	False
Nocardioides	PDAC_050	0.6160757059531845	0.00027992695258729393	positive	False
Nocardioides	PDAC_051	0.6009194003135343	0.0002913224043959843	positive	False
Nocardioides	PDAC_052	0.651248928686751	0.000122331736798579	positive	False
Nocardioides	PDAC_053	0.6266114246492135	0.00016439242020210073	positive	False
Nocardioides	PDAC_054	0.6062773877747075	0.00037651088847973785	positive	False
Nocardioides	PDAC_055	0.6098861093426577	0.0002752087693299508	positive	False
Nocardioides	PDAC_056	0.6025241340833103	0.0003027052653193486	positive	False
Nocardioides	PDAC_057	0.6064830289331415	0.0003137069575204357	positive	False
Nocardioides	PDAC_058	0.6173463296723773	0.00027075749757947924	positive	False
Nocardioides	PDAC_059	0.6287532339543757	0.0001554223801971144	positive	False
Nocardioides	PDAC_060	0.5977350623494238	0.00041154966774781325	positive	False
Nocardioides	PDAC_061	0.5984435176725752	0.00031348137127299255	positive	False
Nocardioides	PDAC_062	0.6253437749831017	0.0001713326086972506	positive	False
Comamonas	PDAC_001	-0.17412863236320908	0.0011981518808711115	negative	False
Comamonas	PDAC_002	-0.17145918287889614	0.0016222913841212312	negative	False
Comamonas	PDAC_003	-0.1736705517404125	0.0013447537010702706	negative	False
Comamonas	PDAC_004	-0.17396919849838746	0.0012286822649493607	negative	False
Comamonas	PDAC_005	-0.18155718663503692	0.0009381739863642802	negative	False
Comamonas	PDAC_006	-0.16859792393832415	0.0017115612818418343	negative	False
Comamonas	PDAC_007	-0.17205045377260086	0.0014547745637603859	negative	False
Comamonas	PDAC_008	-0.16260567787362684	0.002252608920919125	negative	False
Comamonas	PDAC_009	-0.17753954773776728	0.0010706632336644406	negative	False
Comamonas	PDAC_010	-0.17279344182028475	0.0017866523491352276	negative	False
Comamonas	PDAC_011	-0.17880034887292762	0.0008730032724434127	negative	False
Comamonas	PDAC_012	-0.1793707664777383	0.0008360574525913362	negative	False
Comamonas	PDAC_013	-0.16408860280944	0.002195370872055783	negative	False
Comamonas	PDAC_014	-0.1733665903178874	0.001292292757728075	negative	False
Comamonas	PDAC_015	-0.17338918431560837	0.001302760406289726	negative	False
Comamonas	PDAC_016	-0.17506337562920735	0.0012053897699889735	negative	False
Comamonas	PDAC_017	-0.1757972226490261	0.0011180237527321885	negative	False
Comamonas	PDAC_018	-0.1764267271584551	0.0011635542506989041	negative	False
Comamonas	PDAC_019	-0.16548503768799755	0.0022289439486534056	negative	False
Comamonas	PDAC_020	-0.16399793012902952	0.002719725739351122	negative	False
Comamonas	PDAC_021	-0.17009301686162617	0.0017162591376683317	negative	False
Comamonas	PDAC_022	-0.17373359453323126	0.0012935640861624685	negative	False
Comamonas	PDAC_023	-0.16955726849218353	0.0017930272349960539	negative	False
Comamonas	PDAC_024	-0.17460817526374944	0.0012184792512243705	negative	False
Comamonas	PDAC_025	-0.17420638691122342	0.001234518251808882	negative	False
Comamonas	PDAC_026	-0.171041713141591	0.0015030891048440605	negative	False
Comamonas	PDAC_027	-0.172568442074703	0.0013685995649282978	negative	False
Comamonas	PDAC_028	-0.1722521009252797	0.002008581829975372	negative	False
Comamonas	PDAC_029	-0.1736298330397424	0.0012890873061371815	negative	False
Comamonas	PDAC_030	-0.17350043619429145	0.0013712267748514063	negative	False
Comamonas	PDAC_031	-0.17365785791331653	0.001238686041889198	negative	False
Comamonas	PDAC_032	-0.18914691452285876	0.0003712741689396079	negative	False
Comamonas	PDAC_033	-0.17414058840243068	0.0012372925701188786	negative	False
Comamonas	PDAC_034	-0.19537878195204988	0.00020348568042252916	negative	False
Comamonas	PDAC_035	-0.1728992668469404	0.0013420485550648409	negative	False
Comamonas	PDAC_036	-0.17075886139036436	0.00161757869046307	negative	False
Comamonas	PDAC_037	-0.16517235503320893	0.0020361576223212005	negative	False
Comamonas	PDAC_038	-0.1809792538443057	0.0009041351457467037	negative	False
Comamonas	PDAC_039	-0.17365650907957636	0.0015756341778329777	negative	False
Comamonas	PDAC_040	-0.17733715122902846	0.0010416013111675755	negative	False
Comamonas	PDAC_041	-0.17494558548566563	0.001219806984448442	negative	False
Comamonas	PDAC_042	-0.17401147085647004	0.0013085579667726113	negative	False
Comamonas	PDAC_043	-0.18057078871545496	0.0018400019937841756	negative	False
Comamonas	PDAC_044	-0.17715021111535129	0.0016495459165543256	negative	False
Comamonas	PDAC_045	-0.17187913903113544	0.0019293489339811658	negative	False
Comamonas	PDAC_046	-0.1723418536874038	0.0013351329613168173	negative	False
Comamonas	PDAC_047	-0.18127995340077152	0.0014211573294661184	negative	False
Comamonas	PDAC_048	-0.17271078105443774	0.0012709764493320638	negative	False
Comamonas	PDAC_049	-0.1695259518341916	0.0025712570566298804	negative	False
Comamonas	PDAC_050	-0.17274508739273195	0.0018231584115804085	negative	False
Comamonas	PDAC_051	-0.17704562695558784	0.0012734019042604378	negative	False
Comamonas	PDAC_052	-0.18884236729387274	0.0003781035727053198	negative	False
Comamonas	PDAC_053	-0.17381337165977714	0.001231065401209314	negative	False
Comamonas	PDAC_054	-0.17213031507741067	0.0021772631638095983	negative	False
Comamonas	PDAC_055	-0.17553735020768735	0.0014405131125854362	negative	False
Comamonas	PDAC_056	-0.18434062355387548	0.0007304113413462627	negative	False
Comamonas	PDAC_057	-0.17453713968729503	0.0016554896587430631	negative	False
Comamonas	PDAC_058	-0.15637775621258015	0.0022614572077502564	negative	False
Comamonas	PDAC_059	-0.1779919432776037	0.0008572416577581666	negative	False
Comamonas	PDAC_060	-0.1607714030280167	0.002831836249967275	negative	False
Comamonas	PDAC_061	-0.16043375290120515	0.0022690492633784852	negative	False
Comamonas	PDAC_062	-0.17353313531736084	0.001213732240356469	negative	False
Dechloromonas	PDAC_001	-0.41423662352332585	0.0001574446324750209	negative	False
Dechloromonas	PDAC_002	-0.4066169535482624	0.00022095926436068518	negative	False
Dechloromonas	PDAC_003	-0.41297471874151315	0.00017667338390299017	negative	False
Dechloromonas	PDAC_004	-0.4142644260591741	0.00015754822487739186	negative	False
Dechloromonas	PDAC_005	-0.4201959783092378	0.000189780559105218	negative	False
Dechloromonas	PDAC_006	-0.4080513206613266	0.00019146573882194878	negative	False
Dechloromonas	PDAC_007	-0.4096855822037894	0.00018761941716891734	negative	False
Dechloromonas	PDAC_008	-0.40568739973646456	0.00023903347320536797	negative	False
Dechloromonas	PDAC_009	-0.41964841500165917	0.00015052100815359708	negative	False
Dechloromonas	PDAC_010	-0.40889333641065007	0.00026097406415519355	negative	False
Dechloromonas	PDAC_011	-0.40897115842914494	0.00018558832528711792	negative	False
Dechloromonas	PDAC_012	-0.42095607354251446	0.0001308900409224815	negative	False
Dechloromonas	PDAC_013	-0.4130650331339231	0.0002037623354964195	negative	False
Dechloromonas	PDAC_014	-0.41403437442449825	0.00015842100193100416	negative	False
Dechloromonas	PDAC_015	-0.4142180169912549	0.0001575533564119593	negative	False
Dechloromonas	PDAC_016	-0.4112468866018404	0.00018074248773742603	negative	False
Dechloromonas	PDAC_017	-0.4146396115408977	0.0001611240677391307	negative	False
Dechloromonas	PDAC_018	-0.42030338413178514	0.0001457130926724535	negative	False
Dechloromonas	PDAC_019	-0.4062526685761894	0.00025296915002932194	negative	False
Dechloromonas	PDAC_020	-0.42992258431931824	0.00014814039414232783	negative	False
Dechloromonas	PDAC_021	-0.4133385596723187	0.0001876673132888613	negative	False
Dechloromonas	PDAC_022	-0.415618841638224	0.00015703784447609653	negative	False
Dechloromonas	PDAC_023	-0.41258341777381996	0.00019688932508545213	negative	False
Dechloromonas	PDAC_024	-0.4176634488584422	0.0001454944731082418	negative	False
Dechloromonas	PDAC_025	-0.4160177213390488	0.00015124053887331028	negative	False
Dechloromonas	PDAC_026	-0.41237208754726495	0.00016861024206747913	negative	False
Dechloromonas	PDAC_027	-0.41426020948640846	0.00015948415204580896	negative	False
Dechloromonas	PDAC_028	-0.4038582774070147	0.0003177031076489943	negative	False
Dechloromonas	PDAC_029	-0.41451023432983786	0.00015640185596867403	negative	False
Dechloromonas	PDAC_030	-0.4109999387506333	0.00018786842924928713	negative	False
Dechloromonas	PDAC_031	-0.41465297455319783	0.00015602695754501013	negative	False
Dechloromonas	PDAC_032	-0.4343191131021083	8.091595288830967e-05	negative	False
Dechloromonas	PDAC_033	-0.41572762630544435	0.00015267005331397285	negative	False
Dechloromonas	PDAC_034	-0.4582503014668908	2.057658700104227e-05	negative	False
Dechloromonas	PDAC_035	-0.41409366764566535	0.000158218590440909	negative	False
Dechloromonas	PDAC_036	-0.40972216639629744	0.00019749638657893105	negative	False
Dechloromonas	PDAC_037	-0.41040613779342827	0.00020098003188591488	negative	False
Dechloromonas	PDAC_038	-0.4186122911929821	0.00018013891613704905	negative	False
Dechloromonas	PDAC_039	-0.410362371278056	0.00022922088403327416	negative	False
Dechloromonas	PDAC_040	-0.41791091824468046	0.00015239455995560018	negative	False
Dechloromonas	PDAC_041	-0.41723383899785427	0.00015301294644577706	negative	False
Dechloromonas	PDAC_042	-0.41189958329442056	0.0001844182782738504	negative	False
Dechloromonas	PDAC_043	-0.4443477812932343	0.00011014432593923449	negative	False
Dechloromonas	PDAC_044	-0.4285967142778376	0.00017972185870971966	negative	False
Dechloromonas	PDAC_045	-0.4146425322554517	0.0002536058054496327	negative	False
Dechloromonas	PDAC_046	-0.4130613342969864	0.00016693224193827715	negative	False
Dechloromonas	PDAC_047	-0.36590398866688295	0.0002255250842883768	negative	False
Dechloromonas	PDAC_048	-0.41230276016916656	0.000168776334665796	negative	False
Dechloromonas	PDAC_049	-0.4310903762169177	0.0001764436250405564	negative	False
Dechloromonas	PDAC_050	-0.4117477280672984	0.0002669583575241794	negative	False
Dechloromonas	PDAC_051	-0.40651589139589694	0.0002546036582173217	negative	False
Dechloromonas	PDAC_052	-0.4641184901240136	4.881756066125536e-06	negative	False
Dechloromonas	PDAC_053	-0.4150105900694443	0.00015464358100382005	negative	False
Dechloromonas	PDAC_054	-0.3958673865594456	0.0004024297979804635	negative	False
Dechloromonas	PDAC_055	-0.4065757380660801	0.00026464754398402413	negative	False
Dechloromonas	PDAC_056	-0.40895926510035385	0.00025877122562032584	negative	False
Dechloromonas	PDAC_057	-0.3962678284902623	0.000330385255224726	negative	False
Dechloromonas	PDAC_058	-0.40258249839596427	0.0003110992339856738	negative	False
Dechloromonas	PDAC_059	-0.4192293635837493	0.00013579691962202755	negative	False
Dechloromonas	PDAC_060	-0.4183424547155534	0.00028339330857959997	negative	False
Dechloromonas	PDAC_061	-0.409315681798537	0.0002589549758566292	negative	False
Dechloromonas	PDAC_062	-0.41459269463984594	0.00015630030004606179	negative	False
Chelatococcus	PDAC_001	0.1960781145803232	0.15849020293495447	positive	False
Chelatococcus	PDAC_002	0.20156649066359844	0.15018835556647062	positive	False
Chelatococcus	PDAC_003	0.19476720235639625	0.16207320790234234	positive	False
Chelatococcus	PDAC_004	0.19537667854967003	0.15972785706300893	positive	False
Chelatococcus	PDAC_005	0.19358148612094958	0.17163885299523418	positive	False
Chelatococcus	PDAC_006	0.19920787502232795	0.1527324267102572	positive	False
Chelatococcus	PDAC_007	0.1971255052801612	0.15703780477739324	positive	False
Chelatococcus	PDAC_008	0.20616123787074675	0.14223971246322112	positive	False
Chelatococcus	PDAC_009	0.19011930912604721	0.1722943488327497	positive	False
Chelatococcus	PDAC_010	0.20599247037526913	0.14610508755091695	positive	False
Chelatococcus	PDAC_011	0.19975459553591798	0.15155344165705426	positive	False
Chelatococcus	PDAC_012	0.20058077525179824	0.14999053268568968	positive	False
Chelatococcus	PDAC_013	0.20144910870221017	0.15183256245852123	positive	False
Chelatococcus	PDAC_014	0.19628701814027164	0.15819666977974897	positive	False
Chelatococcus	PDAC_015	0.19662995173102232	0.15776608583954177	positive	False
Chelatococcus	PDAC_016	0.19369730460839996	0.163749335664858	positive	False
Chelatococcus	PDAC_017	0.19303183801210808	0.16460277475614787	positive	False
Chelatococcus	PDAC_018	0.20202292003440603	0.1520044128678586	positive	False
Chelatococcus	PDAC_019	0.2067900595496697	0.14248385824082827	positive	False
Chelatococcus	PDAC_020	0.1998519045331768	0.16328675946223625	positive	False
Chelatococcus	PDAC_021	0.19723784807685601	0.15864321043266	positive	False
Chelatococcus	PDAC_022	0.19495407107645016	0.16094140542374832	positive	False
Chelatococcus	PDAC_023	0.1977555050613537	0.15823394257965917	positive	False
Chelatococcus	PDAC_024	0.19702121770044098	0.15879713496809156	positive	False
Chelatococcus	PDAC_025	0.19708052264899778	0.15789807729334027	positive	False
Chelatococcus	PDAC_026	0.19708484606257776	0.15660445994627412	positive	False
Chelatococcus	PDAC_027	0.19595002773143771	0.15873367023752594	positive	False
Chelatococcus	PDAC_028	0.20819973787318038	0.14437981361017074	positive	False
Chelatococcus	PDAC_029	0.19674332466627353	0.15780046392399288	positive	False
Chelatococcus	PDAC_030	0.19493985486657858	0.16195879119865234	positive	False
Chelatococcus	PDAC_031	0.1971147478937833	0.1567522327869002	positive	False
Chelatococcus	PDAC_032	0.19219384468853432	0.17573665895089205	positive	False
Chelatococcus	PDAC_033	0.19733884564390128	0.15732817469681964	positive	False
Chelatococcus	PDAC_034	0.21072834059864204	0.1599846106983483	positive	False
Chelatococcus	PDAC_035	0.19696765338164282	0.15704037068873664	positive	False
Chelatococcus	PDAC_036	0.19958377051739554	0.15313613651070515	positive	False
Chelatococcus	PDAC_037	0.202316559490589	0.14832317860700034	positive	False
Chelatococcus	PDAC_038	0.19558262719075797	0.16481274296987433	positive	False
Chelatococcus	PDAC_039	0.20193043637114116	0.15207165155471414	positive	False
Chelatococcus	PDAC_040	0.19169223409084166	0.16813451610991162	positive	False
Chelatococcus	PDAC_041	0.1915513491549073	0.1680272612887754	positive	False
Chelatococcus	PDAC_042	0.2062514151507902	0.14182546734282633	positive	False
Chelatococcus	PDAC_043	0.1606615527023794	0.2777963900293841	positive	False
Chelatococcus	PDAC_044	0.19315905607071832	0.19216594546520024	positive	False
Chelatococcus	PDAC_045	0.17689214220025623	0.22037662384700582	positive	False
Chelatococcus	PDAC_046	0.19271707258596532	0.16862670810088448	positive	False
Chelatococcus	PDAC_047	0.2624401061852504	0.04559929522803128	positive	False
Chelatococcus	PDAC_048	0.19920131550942222	0.15196198387700763	positive	False
Chelatococcus	PDAC_049	0.17105480734483489	0.2431249344384383	positive	False
Chelatococcus	PDAC_050	0.17329440670564464	0.22693517948802083	positive	False
Chelatococcus	PDAC_051	0.165703982905399	0.23639944966603701	positive	False
Chelatococcus	PDAC_052	0.21609687568722444	0.12426868365720782	positive	False
Chelatococcus	PDAC_053	0.1970232485521526	0.15838346520501667	positive	False
Chelatococcus	PDAC_054	0.16381554467972037	0.25393202684435173	positive	False
Chelatococcus	PDAC_055	0.1704005430118949	0.22832120275982454	positive	False
Chelatococcus	PDAC_056	0.16158039233571464	0.24705688443989313	positive	False
Chelatococcus	PDAC_057	0.1622696361265983	0.24891989983490945	positive	False
Chelatococcus	PDAC_058	0.2344833570764553	0.0936666167379139	positive	False
Chelatococcus	PDAC_059	0.1918482716735423	0.16570660673306967	positive	False
Chelatococcus	PDAC_060	0.24426253273396512	0.07957206966723847	positive	False
Chelatococcus	PDAC_061	0.23366599590237988	0.09336907940861236	positive	False
Chelatococcus	PDAC_062	0.1972085927266805	0.15592597466958946	positive	False
Bordetella	PDAC_001	-0.06436823706562443	0.5819493790020942	negative	False
Bordetella	PDAC_002	-0.10233265873774149	0.361674400454424	negative	False
Bordetella	PDAC_003	-0.06298878969042837	0.595443665584827	negative	False
Bordetella	PDAC_004	-0.06320682969816319	0.5900617264461757	negative	False
Bordetella	PDAC_005	-0.054669154236964924	0.6540223973933745	negative	False
Bordetella	PDAC_006	-0.053141798108278904	0.6525483320418028	negative	False
Bordetella	PDAC_007	-0.0592390129767613	0.6167473634996514	negative	False
Bordetella	PDAC_008	-0.034147394653424604	0.7698012349797025	negative	False
Bordetella	PDAC_009	-0.06122198197790763	0.6077953791209028	negative	False
Bordetella	PDAC_010	-0.04148949490394868	0.7296021006864616	negative	False
Bordetella	PDAC_011	-0.0809729584519772	0.48385325435926274	negative	False
Bordetella	PDAC_012	-0.06615545850135747	0.574413407353852	negative	False
Bordetella	PDAC_013	-0.036125173568179285	0.7579033683563007	negative	False
Bordetella	PDAC_014	-0.06254905576313757	0.5944880742455931	negative	False
Bordetella	PDAC_015	-0.06345583560509763	0.5887432548995631	negative	False
Bordetella	PDAC_016	-0.0934130672356151	0.4096601618609663	negative	False
Bordetella	PDAC_017	-0.06188072755892467	0.5999555999558772	negative	False
Bordetella	PDAC_018	-0.06573749331654326	0.5740627066595043	negative	False
Bordetella	PDAC_019	-0.050420633180682115	0.6759284338560612	negative	False
Bordetella	PDAC_020	-0.04170237669371336	0.7322205909337571	negative	False
Bordetella	PDAC_021	-0.061218846860912626	0.6086890326877685	negative	False
Bordetella	PDAC_022	-0.060145576713991185	0.6105053319597281	negative	False
Bordetella	PDAC_023	-0.04336236771077172	0.7139083954782539	negative	False
Bordetella	PDAC_024	-0.05317801210356014	0.6425082646293858	negative	False
Bordetella	PDAC_025	-0.05722141717159542	0.6186934783484384	negative	False
Bordetella	PDAC_026	-0.05984653561320352	0.6114937000430982	negative	False
Bordetella	PDAC_027	-0.06066573914974017	0.6063742491647998	negative	False
Bordetella	PDAC_028	-0.0445245220024187	0.714975621981722	negative	False
Bordetella	PDAC_029	-0.06401135261065653	0.5851860959756086	negative	False
Bordetella	PDAC_030	-0.05750266938543643	0.6282354276213571	negative	False
Bordetella	PDAC_031	-0.06428587466416939	0.5821701067127107	negative	False
Bordetella	PDAC_032	-0.03702774650210809	0.7408552139833409	negative	False
Bordetella	PDAC_033	-0.06618589343893193	0.5720646242005161	negative	False
Bordetella	PDAC_034	-0.07994448087326518	0.5086930426805975	negative	False
Bordetella	PDAC_035	-0.0700970437554975	0.54468530767354	negative	False
Bordetella	PDAC_036	-0.09701776388035088	0.3917270315325123	negative	False
Bordetella	PDAC_037	-0.04769918382883918	0.6875263767616427	negative	False
Bordetella	PDAC_038	-0.0619172837571609	0.6090486821431423	negative	False
Bordetella	PDAC_039	-0.11590879344459176	0.28021355014690363	negative	False
Bordetella	PDAC_040	-0.06582192271241195	0.5787228824405883	negative	False
Bordetella	PDAC_041	-0.06119122938595679	0.6053219801535932	negative	False
Bordetella	PDAC_042	-0.07511480694437474	0.5215546568414009	negative	False
Bordetella	PDAC_043	-0.08804155866620418	0.4687894971755252	negative	False
Bordetella	PDAC_044	-0.0758488291189012	0.5272713246749381	negative	False
Bordetella	PDAC_045	-0.06526828545566903	0.5832753563284105	negative	False
Bordetella	PDAC_046	-0.06551843591840069	0.5750264890123284	negative	False
Bordetella	PDAC_047	-0.07702211519246675	0.5257190649290675	negative	False
Bordetella	PDAC_048	-0.0648837645156063	0.5792130798607709	negative	False
Bordetella	PDAC_049	-0.06599387592747076	0.5852433061512237	negative	False
Bordetella	PDAC_050	-0.06696022944112395	0.5732223884010408	negative	False
Bordetella	PDAC_051	-0.06874178389768398	0.5599593976295927	negative	False
Bordetella	PDAC_052	-0.06825961885485564	0.5754015494982838	negative	False
Bordetella	PDAC_053	-0.06419230310491916	0.5833797655010562	negative	False
Bordetella	PDAC_054	-0.06618430146142014	0.5820542780971283	negative	False
Bordetella	PDAC_055	-0.06898336916752358	0.5593635182102269	negative	False
Bordetella	PDAC_056	-0.0770465562158811	0.5140808223930727	negative	False
Bordetella	PDAC_057	-0.07541876423384829	0.5251282563914293	negative	False
Bordetella	PDAC_058	-0.05038000839028244	0.6668401956624697	negative	False
Bordetella	PDAC_059	-0.06627582712029191	0.569794115825969	negative	False
Bordetella	PDAC_060	-0.06475386511735749	0.5909951523253818	negative	False
Bordetella	PDAC_061	-0.05845517625741903	0.6195790330090141	negative	False
Bordetella	PDAC_062	-0.06450258693321764	0.582144909152994	negative	False
Kocuria	PDAC_001	0.03431017422820939	0.8756944897791478	positive	False
Kocuria	PDAC_002	0.01916632942126305	0.9306143588629113	positive	False
Kocuria	PDAC_003	0.018968940186193682	0.9309660331392565	positive	False
Kocuria	PDAC_004	0.03166781029197989	0.8851130181672193	positive	False
Kocuria	PDAC_005	0.06796804482931078	0.7608228746692776	positive	False
Kocuria	PDAC_006	0.027319153341344604	0.9007688963857419	positive	False
Kocuria	PDAC_007	0.0583319083424365	0.7894453652155676	positive	False
Kocuria	PDAC_008	0.019482551544639373	0.9297993052512035	positive	False
Kocuria	PDAC_009	0.010274047989631425	0.9624986857911023	positive	False
Kocuria	PDAC_010	0.010689650442773941	0.9616525304963536	positive	False
Kocuria	PDAC_011	0.02945305022137106	0.8930307142915939	positive	False
Kocuria	PDAC_012	0.04056048923765084	0.8531151928869719	positive	False
Kocuria	PDAC_013	0.014840543230373843	0.9463534773887142	positive	False
Kocuria	PDAC_014	0.03982656992478708	0.8549947059524261	positive	False
Kocuria	PDAC_015	0.039112453287237614	0.857336995596742	positive	False
Kocuria	PDAC_016	0.020080697801907993	0.9268837045995373	positive	False
Kocuria	PDAC_017	0.02225642993565028	0.9189743970663691	positive	False
Kocuria	PDAC_018	0.017451625227186636	0.936107321117285	positive	False
Kocuria	PDAC_019	0.01602724561614931	0.9423974789143303	positive	False
Kocuria	PDAC_020	0.06754046099267598	0.7653785663603853	positive	False
Kocuria	PDAC_021	0.06993935530150491	0.7494036316525738	positive	False
Kocuria	PDAC_022	0.02372615234134227	0.9136828900566301	positive	False
Kocuria	PDAC_023	0.06800807214492956	0.7569617147442228	positive	False
Kocuria	PDAC_024	0.04233789091084043	0.8472949971067952	positive	False
Kocuria	PDAC_025	0.0273976207814399	0.8992977714438154	positive	False
Kocuria	PDAC_026	0.029039662499749715	0.8944757826022784	positive	False
Kocuria	PDAC_027	0.04742176270819256	0.827863954831707	positive	False
Kocuria	PDAC_028	0.0069660090689672265	0.9751420661668941	positive	False
Kocuria	PDAC_029	0.03759734287217875	0.8626664391302148	positive	False
Kocuria	PDAC_030	0.06577847314058283	0.7631983850226669	positive	False
Kocuria	PDAC_031	0.03779892828398769	0.8633401990709091	positive	False
Kocuria	PDAC_032	0.047941923312134115	0.8291878168269058	positive	False
Kocuria	PDAC_033	0.040715731991770476	0.8529664970010716	positive	False
Kocuria	PDAC_034	0.0836305232373756	0.7172236987481118	positive	False
Kocuria	PDAC_035	0.03370913135213864	0.8776635498006573	positive	False
Kocuria	PDAC_036	0.021012175385732298	0.923761039039307	positive	False
Kocuria	PDAC_037	0.02114100930518185	0.9234681448169794	positive	False
Kocuria	PDAC_038	0.006317564757795423	0.9770765457036772	positive	False
Kocuria	PDAC_039	0.012177144479324744	0.9560542163474639	positive	False
Kocuria	PDAC_040	0.04287162304240578	0.8453776503267886	positive	False
Kocuria	PDAC_041	0.06335277550257519	0.7713278106621816	positive	False
Kocuria	PDAC_042	0.05752348435850726	0.7949569942964203	positive	False
Kocuria	PDAC_043	0.1342426087019207	0.5353910569621624	positive	False
Kocuria	PDAC_044	0.03716722765597229	0.8715829877820447	positive	False
Kocuria	PDAC_045	0.015975910003411132	0.9431587322736719	positive	False
Kocuria	PDAC_046	0.034716072173773004	0.873819867059226	positive	False
Kocuria	PDAC_047	0.030784241484336266	0.8949962143316121	positive	False
Kocuria	PDAC_048	0.03226054260350406	0.8818635528368157	positive	False
Kocuria	PDAC_049	0.12207850185785125	0.5754385811464005	positive	False
Kocuria	PDAC_050	0.03486357352896339	0.8775199280929302	positive	False
Kocuria	PDAC_051	0.021127034889123358	0.924075046176722	positive	False
Kocuria	PDAC_052	0.06374472862610407	0.7752325358333383	positive	False
Kocuria	PDAC_053	0.03674643114720458	0.8662726014588442	positive	False
Kocuria	PDAC_054	0.00815496722871244	0.9711721405918603	positive	False
Kocuria	PDAC_055	0.024432945131034844	0.9127177327910374	positive	False
Kocuria	PDAC_056	0.014465279952655615	0.9479698417190245	positive	False
Kocuria	PDAC_057	-0.011951548304849364	0.9559182867444858	negative	False
Kocuria	PDAC_058	0.004748228423721393	0.9828550157298525	positive	False
Kocuria	PDAC_059	0.03635175012463368	0.8679152244825514	positive	False
Kocuria	PDAC_060	0.11453540000727613	0.6029581531965105	positive	False
Kocuria	PDAC_061	-0.004128022449875886	0.9848450706352561	negative	False
Kocuria	PDAC_062	0.03606361326526194	0.8685343638618128	positive	False
Bosea	PDAC_001	0.36663420345068354	0.050620476871070304	positive	False
Bosea	PDAC_002	0.3910271327129108	0.038189004594894715	positive	False
Bosea	PDAC_003	0.35703740713469945	0.05760415102485999	positive	False
Bosea	PDAC_004	0.3658272825758885	0.051038243271127194	positive	False
Bosea	PDAC_005	0.38366691175123013	0.04586541040524619	positive	False
Bosea	PDAC_006	0.37287621344870553	0.04762494967276797	positive	False
Bosea	PDAC_007	0.3662108524911495	0.051805562369163116	positive	False
Bosea	PDAC_008	0.3900458764101267	0.03961908153644174	positive	False
Bosea	PDAC_009	0.3699027199146836	0.050709245255241016	positive	False
Bosea	PDAC_010	0.3969948790142539	0.037191467116707386	positive	False
Bosea	PDAC_011	0.3744744414877309	0.0465390820425137	positive	False
Bosea	PDAC_012	0.3627836249008361	0.05343350375366523	positive	False
Bosea	PDAC_013	0.38421499883463206	0.043270889580642694	positive	False
Bosea	PDAC_014	0.3675459713106134	0.05019272744779097	positive	False
Bosea	PDAC_015	0.36739942925676755	0.05037143599995329	positive	False
Bosea	PDAC_016	0.35298089521373166	0.05951508137652141	positive	False
Bosea	PDAC_017	0.36164554701731244	0.05404913943752174	positive	False
Bosea	PDAC_018	0.3755939117017102	0.046710493651470515	positive	False
Bosea	PDAC_019	0.37714614517591954	0.04885604213452831	positive	False
Bosea	PDAC_020	0.36482542076076313	0.0614631897005151	positive	False
Bosea	PDAC_021	0.36091056205619676	0.056594447137276786	positive	False
Bosea	PDAC_022	0.3628473979956567	0.05341781991210977	positive	False
Bosea	PDAC_023	0.36565048311369286	0.054186233897874234	positive	False
Bosea	PDAC_024	0.37124057977507813	0.047885240798540486	positive	False
Bosea	PDAC_025	0.3771924860177409	0.04343678754923354	positive	False
Bosea	PDAC_026	0.36546406612216625	0.05153742243287129	positive	False
Bosea	PDAC_027	0.36244293272717015	0.05316504789009276	positive	False
Bosea	PDAC_028	0.2826303098687514	0.0943112309422963	positive	False
Bosea	PDAC_029	0.3663268223144427	0.05063324320554041	positive	False
Bosea	PDAC_030	0.3520383144183917	0.06073279921263783	positive	False
Bosea	PDAC_031	0.3666521956836408	0.050589454662420784	positive	False
Bosea	PDAC_032	0.3665631426609104	0.053724236815578384	positive	False
Bosea	PDAC_033	0.3685568454541876	0.04943172859241633	positive	False
Bosea	PDAC_034	0.3984117213604726	0.04274978159280444	positive	False
Bosea	PDAC_035	0.36671285091985584	0.05058381274130606	positive	False
Bosea	PDAC_036	0.37957548818127707	0.044538413236063716	positive	False
Bosea	PDAC_037	0.37917212563133856	0.045263529985855734	positive	False
Bosea	PDAC_038	0.37312085217444946	0.05102466423830928	positive	False
Bosea	PDAC_039	0.3886661066114907	0.04118181257942702	positive	False
Bosea	PDAC_040	0.35884834280154776	0.05655138078786416	positive	False
Bosea	PDAC_041	0.3577391360776588	0.05685696771740599	positive	False
Bosea	PDAC_042	0.35666550121919804	0.0588379612834434	positive	False
Bosea	PDAC_043	0.3342797555532829	0.09587176571842557	positive	False
Bosea	PDAC_044	0.35430096177286036	0.07145399921513738	positive	False
Bosea	PDAC_045	0.34170163426834793	0.07614151314132706	positive	False
Bosea	PDAC_046	0.3605043659490199	0.0553306131869471	positive	False
Bosea	PDAC_047	0.38701538977504923	0.0515836211681251	positive	False
Bosea	PDAC_048	0.36620381795145784	0.051048274731735184	positive	False
Bosea	PDAC_049	0.3434024048043358	0.08109086385857042	positive	False
Bosea	PDAC_050	0.33786319102037216	0.07804723852073762	positive	False
Bosea	PDAC_051	0.3284131403857895	0.08039993025881749	positive	False
Bosea	PDAC_052	0.40274009509197584	0.03313776200533296	positive	False
Bosea	PDAC_053	0.3669664527477734	0.05099010997918003	positive	False
Bosea	PDAC_054	0.3270132716264398	0.08899909580339145	positive	False
Bosea	PDAC_055	0.34084870261473765	0.07369643549558835	positive	False
Bosea	PDAC_056	0.32754388699698145	0.08220674865836802	positive	False
Bosea	PDAC_057	0.3319849634483788	0.08144604187873154	positive	False
Bosea	PDAC_058	0.42498841128220827	0.0204716292862176	positive	False
Bosea	PDAC_059	0.3617854634926416	0.053009282619608314	positive	False
Bosea	PDAC_060	0.4258834416881976	0.022230613118763898	positive	False
Bosea	PDAC_061	0.4173234294580476	0.02411725312728053	positive	False
Bosea	PDAC_062	0.3673739618298625	0.04958464873786093	positive	False
Phenylobacterium	PDAC_001	-0.011775660344513196	0.9487584664814999	negative	False
Phenylobacterium	PDAC_002	-0.02736749130187317	0.8823055681788451	negative	False
Phenylobacterium	PDAC_003	-0.02818946995987814	0.8779601203225353	negative	False
Phenylobacterium	PDAC_004	-0.010047557627860216	0.9562832986336962	negative	False
Phenylobacterium	PDAC_005	0.017956107630491915	0.9232151922171663	positive	False
Phenylobacterium	PDAC_006	-0.02027514417668504	0.9120928753032527	negative	False
Phenylobacterium	PDAC_007	0.0019923748703813225	0.9913481321043793	positive	False
Phenylobacterium	PDAC_008	-0.02671157270885726	0.8857240970111591	negative	False
Phenylobacterium	PDAC_009	-0.00405301455897325	0.9825269251900488	negative	False
Phenylobacterium	PDAC_010	-0.034950508872012495	0.851779572726544	negative	False
Phenylobacterium	PDAC_011	-0.018333951948393053	0.9204428127244095	negative	False
Phenylobacterium	PDAC_012	-0.007131216242384469	0.9690520111950648	negative	False
Phenylobacterium	PDAC_013	-0.031358774969319256	0.8656363794996396	negative	False
Phenylobacterium	PDAC_014	-0.015383895354361191	0.9330680412067354	negative	False
Phenylobacterium	PDAC_015	-0.013996667367717076	0.9390945216273285	negative	False
Phenylobacterium	PDAC_016	0.0027178165203663	0.9881943756258503	positive	False
Phenylobacterium	PDAC_017	-0.004207933533377953	0.9817249603199356	negative	False
Phenylobacterium	PDAC_018	-0.02780582608934644	0.8798229859588638	negative	False
Phenylobacterium	PDAC_019	-0.02988430082896131	0.8727106677378734	negative	False
Phenylobacterium	PDAC_020	-0.049026549857025044	0.7927657696961751	negative	False
Phenylobacterium	PDAC_021	-0.030916312468038405	0.8667768984678241	negative	False
Phenylobacterium	PDAC_022	-0.023947219862483646	0.8960761487711861	negative	False
Phenylobacterium	PDAC_023	0.016004762434770274	0.9306256731672772	positive	False
Phenylobacterium	PDAC_024	-0.007953675925818025	0.9654224071760673	negative	False
Phenylobacterium	PDAC_025	-0.009559624471120277	0.958414716866238	negative	False
Phenylobacterium	PDAC_026	-0.019038207828482485	0.9172863736571758	negative	False
Phenylobacterium	PDAC_027	-0.0031706533942940252	0.9862042482197395	negative	False
Phenylobacterium	PDAC_028	0.047032607595962624	0.793491483642661	positive	False
Phenylobacterium	PDAC_029	-0.011935534302726423	0.948081278682079	negative	False
Phenylobacterium	PDAC_030	0.005070309090157695	0.9780110121367442	positive	False
Phenylobacterium	PDAC_031	-0.013614476842474653	0.9407786136765	negative	False
Phenylobacterium	PDAC_032	-0.00486878024454064	0.9790478924878179	negative	False
Phenylobacterium	PDAC_033	-0.009193973096658235	0.9600056206026991	negative	False
Phenylobacterium	PDAC_034	-0.0831421998542283	0.6387857781501918	negative	False
Phenylobacterium	PDAC_035	-0.015057744597526478	0.9344894721841271	negative	False
Phenylobacterium	PDAC_036	-0.025867874333887292	0.888354474632961	negative	False
Phenylobacterium	PDAC_037	-0.025498994746360217	0.8902455062454407	negative	False
Phenylobacterium	PDAC_038	0.011347368466353485	0.9513038053566076	positive	False
Phenylobacterium	PDAC_039	-0.03380070086294515	0.8556161884586095	negative	False
Phenylobacterium	PDAC_040	-0.002001845032054672	0.9913329660009109	negative	False
Phenylobacterium	PDAC_041	-0.005478285377797345	0.9762673995470925	negative	False
Phenylobacterium	PDAC_042	0.0058995034884200825	0.9743707444808847	positive	False
Phenylobacterium	PDAC_043	0.07231631211885561	0.6760948701408545	positive	False
Phenylobacterium	PDAC_044	-0.02101235853407286	0.9128709683764806	negative	False
Phenylobacterium	PDAC_045	-0.009220686358521626	0.9612554206246374	negative	False
Phenylobacterium	PDAC_046	-0.01335860118906332	0.9419533707527501	negative	False
Phenylobacterium	PDAC_047	-0.032366583985091756	0.867516352990715	negative	False
Phenylobacterium	PDAC_048	-0.00858083966429702	0.9626655170817883	negative	False
Phenylobacterium	PDAC_049	0.06340366865457135	0.717152614271678	positive	False
Phenylobacterium	PDAC_050	-0.026614141511756843	0.8878516994625885	negative	False
Phenylobacterium	PDAC_051	-0.02500985302165388	0.8933824759777081	negative	False
Phenylobacterium	PDAC_052	-0.001887801928505567	0.9919945523699597	negative	False
Phenylobacterium	PDAC_053	-0.012756779850814134	0.9444853782553	negative	False
Phenylobacterium	PDAC_054	-0.015368899334177335	0.936341460340187	negative	False
Phenylobacterium	PDAC_055	-0.014176415874177947	0.9398042958490728	negative	False
Phenylobacterium	PDAC_056	-0.02604997996703903	0.8894598731664123	negative	False
Phenylobacterium	PDAC_057	-0.013341000525437574	0.9438267237849434	negative	False
Phenylobacterium	PDAC_058	-0.03189184265623568	0.8652368994522402	negative	False
Phenylobacterium	PDAC_059	-0.011804313585395515	0.9486388799472973	negative	False
Phenylobacterium	PDAC_060	-0.050978913335611435	0.7861254762916111	negative	False
Phenylobacterium	PDAC_061	-0.016053635539300865	0.9320028316324325	negative	False
Phenylobacterium	PDAC_062	-0.01296339089318464	0.9435966585203672	negative	False
Xanthomonas	PDAC_001	0.08543477845821257	0.6537022161550949	positive	False
Xanthomonas	PDAC_002	0.11282794689350178	0.5552395009801279	positive	False
Xanthomonas	PDAC_003	0.0870877123180483	0.6506070699980173	positive	False
Xanthomonas	PDAC_004	0.08493956761762915	0.656023244265773	positive	False
Xanthomonas	PDAC_005	0.03214320127845773	0.8650698127623055	positive	False
Xanthomonas	PDAC_006	0.11012391008988275	0.5605548368347115	positive	False
Xanthomonas	PDAC_007	0.09396820459206993	0.6236498076709776	positive	False
Xanthomonas	PDAC_008	0.05616537790654536	0.7707375115548871	positive	False
Xanthomonas	PDAC_009	0.09010148859138008	0.6406677836622465	positive	False
Xanthomonas	PDAC_010	0.044385024107209195	0.8177915759562236	positive	False
Xanthomonas	PDAC_011	0.07275118704176628	0.7039675593741235	positive	False
Xanthomonas	PDAC_012	0.08820940867633296	0.644882009811043	positive	False
Xanthomonas	PDAC_013	0.10807864824640957	0.5757371666650015	positive	False
Xanthomonas	PDAC_014	0.08714609032015673	0.6469627558163769	positive	False
Xanthomonas	PDAC_015	0.0873847917782902	0.6453055662312087	positive	False
Xanthomonas	PDAC_016	0.09195088809879516	0.6313478146718521	positive	False
Xanthomonas	PDAC_017	0.09154876720207847	0.631973025639875	positive	False
Xanthomonas	PDAC_018	0.06914033438610288	0.7161852662507902	positive	False
Xanthomonas	PDAC_019	0.05126005581462552	0.7904567977981074	positive	False
Xanthomonas	PDAC_020	0.13544776730763422	0.4806845232972421	positive	False
Xanthomonas	PDAC_021	0.05429723794683085	0.7765493818367655	positive	False
Xanthomonas	PDAC_022	0.09114719300103868	0.6336547767739749	positive	False
Xanthomonas	PDAC_023	0.05207775098085841	0.7854835951444579	positive	False
Xanthomonas	PDAC_024	0.07614482393161665	0.6880574148099827	positive	False
Xanthomonas	PDAC_025	0.09045317047893678	0.6364325760401477	positive	False
Xanthomonas	PDAC_026	0.07337360773693366	0.7013884604811707	positive	False
Xanthomonas	PDAC_027	0.07328451287241891	0.7017236793984141	positive	False
Xanthomonas	PDAC_028	0.03875752714855731	0.8407489534877531	positive	False
Xanthomonas	PDAC_029	0.08409808751764286	0.6602082745651652	positive	False
Xanthomonas	PDAC_030	0.0898490829732021	0.640475544524954	positive	False
Xanthomonas	PDAC_031	0.08480622018613632	0.6562070456800546	positive	False
Xanthomonas	PDAC_032	0.059519935262291115	0.7534514483645471	positive	False
Xanthomonas	PDAC_033	0.09091914745969219	0.634753836192282	positive	False
Xanthomonas	PDAC_034	0.15749981886485082	0.3968802810708444	positive	False
Xanthomonas	PDAC_035	0.08934386281884091	0.638262795790576	positive	False
Xanthomonas	PDAC_036	0.06079105161299535	0.7511132267757236	positive	False
Xanthomonas	PDAC_037	0.11267202249184284	0.5551929348101581	positive	False
Xanthomonas	PDAC_038	0.10590352227331487	0.585485894205374	positive	False
Xanthomonas	PDAC_039	0.115262274706266	0.5500630681935608	positive	False
Xanthomonas	PDAC_040	0.09027180701554947	0.6385227129281779	positive	False
Xanthomonas	PDAC_041	0.09828582827195993	0.6072574043728818	positive	False
Xanthomonas	PDAC_042	0.08062146802981744	0.6729986298425823	positive	False
Xanthomonas	PDAC_043	0.08738532441138452	0.6711592166326159	positive	False
Xanthomonas	PDAC_044	0.10712078679775594	0.5881122929954417	positive	False
Xanthomonas	PDAC_045	0.08359006404148996	0.6701009891501022	positive	False
Xanthomonas	PDAC_046	0.07865946252037448	0.6787819210138916	positive	False
Xanthomonas	PDAC_047	0.123523802524823	0.5325775979843321	positive	False
Xanthomonas	PDAC_048	0.07996198069743977	0.672902982380383	positive	False
Xanthomonas	PDAC_049	0.0038800749716521826	0.982379242963078	positive	False
Xanthomonas	PDAC_050	0.09626695503240812	0.623160052455117	positive	False
Xanthomonas	PDAC_051	0.09958892580960513	0.6071893355089225	positive	False
Xanthomonas	PDAC_052	0.07440788593866188	0.7050553256338503	positive	False
Xanthomonas	PDAC_053	0.08481699504060841	0.6562984554136981	positive	False
Xanthomonas	PDAC_054	0.07653371173140029	0.6995869354809305	positive	False
Xanthomonas	PDAC_055	0.09623913587673899	0.6204823118781311	positive	False
Xanthomonas	PDAC_056	0.09882983736887126	0.611493526025448	positive	False
Xanthomonas	PDAC_057	0.11474074178512639	0.554556756668803	positive	False
Xanthomonas	PDAC_058	0.09463966073560792	0.6287755914202839	positive	False
Xanthomonas	PDAC_059	0.08442931467297585	0.6580192171927879	positive	False
Xanthomonas	PDAC_060	0.07614506780744582	0.7018300921800523	positive	False
Xanthomonas	PDAC_061	0.06552733885413924	0.734300790378595	positive	False
Xanthomonas	PDAC_062	0.08605870692411086	0.6537532958058567	positive	False
Azospira	PDAC_001	-0.05122859920967497	0.7305331867238744	negative	False
Azospira	PDAC_002	-0.08926715341597671	0.5438186636715319	negative	False
Azospira	PDAC_003	-0.045361116386315	0.7626569111839039	negative	False
Azospira	PDAC_004	-0.05075203566747965	0.733131496996096	negative	False
Azospira	PDAC_005	-0.028139001419086398	0.8534404866911963	negative	False
Azospira	PDAC_006	-0.0720175752820946	0.6278804365785893	negative	False
Azospira	PDAC_007	-0.03972743315684054	0.7903640935692686	negative	False
Azospira	PDAC_008	-0.030157526333776847	0.8413369851793969	negative	False
Azospira	PDAC_009	-0.05010843015690958	0.7402437287544047	negative	False
Azospira	PDAC_010	-0.025332850013858134	0.8674403393338825	negative	False
Azospira	PDAC_011	-0.06848531986568494	0.645256094020817	negative	False
Azospira	PDAC_012	-0.05161689892021836	0.7301884329173527	negative	False
Azospira	PDAC_013	-0.040636617937548386	0.7892502658001791	negative	False
Azospira	PDAC_014	-0.05224857907452045	0.7254329253095685	negative	False
Azospira	PDAC_015	-0.05081809949982362	0.7326540055711962	negative	False
Azospira	PDAC_016	-0.04364580800942585	0.7706953132785668	negative	False
Azospira	PDAC_017	-0.048312464926095304	0.746670623153894	negative	False
Azospira	PDAC_018	-0.0604596816691529	0.6847597732326771	negative	False
Azospira	PDAC_019	-0.0994748947750154	0.4945600026647189	negative	False
Azospira	PDAC_020	-0.05325639889581308	0.7347882491636878	negative	False
Azospira	PDAC_021	-0.02302652876426024	0.8765052369170211	negative	False
Azospira	PDAC_022	-0.04106675122505974	0.7831478643711391	negative	False
Azospira	PDAC_023	-0.02865117659644714	0.84822426595452	negative	False
Azospira	PDAC_024	-0.04137733799541285	0.7796882537147427	negative	False
Azospira	PDAC_025	-0.057752421905013854	0.697715640836358	negative	False
Azospira	PDAC_026	-0.04438908319109167	0.7658651951251864	negative	False
Azospira	PDAC_027	-0.05030005129176588	0.7359818339993226	negative	False
Azospira	PDAC_028	-0.02926648297419187	0.8494391130951797	negative	False
Azospira	PDAC_029	-0.053163712366888806	0.7204853901413888	negative	False
Azospira	PDAC_030	-0.044368070959573215	0.7678812701962345	negative	False
Azospira	PDAC_031	-0.05246568496135407	0.7240329055027499	negative	False
Azospira	PDAC_032	-0.025629580358436852	0.8610981582806921	negative	False
Azospira	PDAC_033	-0.05421732521807087	0.7151685920242572	negative	False
Azospira	PDAC_034	-0.11968688268012528	0.3817236803494468	negative	False
Azospira	PDAC_035	-0.048169092210453616	0.7462231232113632	negative	False
Azospira	PDAC_036	-0.08413847190118956	0.5685645347742674	negative	False
Azospira	PDAC_037	-0.08624589253643236	0.558931502507624	negative	False
Azospira	PDAC_038	-0.03746816311870363	0.8056952962080451	negative	False
Azospira	PDAC_039	-0.10247839516403148	0.4775802564240821	negative	False
Azospira	PDAC_040	-0.046750657969019734	0.7557406283180489	negative	False
Azospira	PDAC_041	-0.04907673532432905	0.7436556296120116	negative	False
Azospira	PDAC_042	-0.04841800438460923	0.7447209697534877	negative	False
Azospira	PDAC_043	-0.06596433355312768	0.6768963511224231	negative	False
Azospira	PDAC_044	-0.06913354492137527	0.6513135797080565	negative	False
Azospira	PDAC_045	-0.05247228900312445	0.7301523428797424	negative	False
Azospira	PDAC_046	-0.05267936847840488	0.7228116871878576	negative	False
Azospira	PDAC_047	-0.0268434898935564	0.8605877192981031	negative	False
Azospira	PDAC_048	-0.05136632869388708	0.7293916153363259	negative	False
Azospira	PDAC_049	-0.039901133439217355	0.7956018788300967	negative	False
Azospira	PDAC_050	-0.05107861407494632	0.7366239881779857	negative	False
Azospira	PDAC_051	-0.06798335011934335	0.6500088202997113	negative	False
Azospira	PDAC_052	-0.0721881367167974	0.6371733474775307	negative	False
Azospira	PDAC_053	-0.052093213479393385	0.7260229639793543	negative	False
Azospira	PDAC_054	-0.028403349360692765	0.8510136792087422	negative	False
Azospira	PDAC_055	-0.046440274544854186	0.7577593021831572	negative	False
Azospira	PDAC_056	-0.05167628258812189	0.7321887626830961	negative	False
Azospira	PDAC_057	-0.04543480412965276	0.764300690371958	negative	False
Azospira	PDAC_058	-0.046775987443717505	0.7575828617068827	negative	False
Azospira	PDAC_059	-0.055199670326333015	0.7105665410489309	negative	False
Azospira	PDAC_060	-0.050789567243606365	0.7420134374243981	negative	False
Azospira	PDAC_061	-0.04177404657291995	0.7813545791006749	negative	False
Azospira	PDAC_062	-0.05226053425163938	0.7250535461727619	negative	False
Deinococcus	PDAC_001	-0.041567872805879105	0.7968162506376171	negative	False
Deinococcus	PDAC_002	-0.04505083632107557	0.7819301160373915	negative	False
Deinococcus	PDAC_003	-0.023045847334475435	0.8861839576745068	negative	False
Deinococcus	PDAC_004	-0.035452642076460573	0.8256035045893972	negative	False
Deinococcus	PDAC_005	0.011305358140060211	0.9422963453789286	positive	False
Deinococcus	PDAC_006	-0.042355181940769336	0.7932254645055599	negative	False
Deinococcus	PDAC_007	-0.04522947991898468	0.7796674735975361	negative	False
Deinococcus	PDAC_008	-0.04273838930653164	0.7938423081261878	negative	False
Deinococcus	PDAC_009	-0.021512992385537496	0.8939568444251449	negative	False
Deinococcus	PDAC_010	-0.04782752727493446	0.7720147252647427	negative	False
Deinococcus	PDAC_011	-0.041125016608569306	0.798966610969388	negative	False
Deinococcus	PDAC_012	-0.03139926046556654	0.8455720682322226	negative	False
Deinococcus	PDAC_013	-0.04741220013195524	0.7716154741114197	negative	False
Deinococcus	PDAC_014	-0.04171980732720767	0.7959746172477644	negative	False
Deinococcus	PDAC_015	-0.0409591395289006	0.799622275496367	negative	False
Deinococcus	PDAC_016	-0.04863562976457253	0.7633530822054635	negative	False
Deinococcus	PDAC_017	-0.04804937279598537	0.7658992928156827	negative	False
Deinococcus	PDAC_018	-0.03238476489813911	0.8426567497462568	negative	False
Deinococcus	PDAC_019	-0.04439018131066784	0.7869967757932496	negative	False
Deinococcus	PDAC_020	-0.059061615530023294	0.7217246773849377	negative	False
Deinococcus	PDAC_021	-0.04893845368711118	0.7631926471175735	negative	False
Deinococcus	PDAC_022	-0.0463216130480993	0.7742003543131087	negative	False
Deinococcus	PDAC_023	-0.04945181404177967	0.7611643044075596	negative	False
Deinococcus	PDAC_024	-0.05069220180781616	0.7524702107564454	negative	False
Deinococcus	PDAC_025	-0.039074301730889674	0.8089913711415717	negative	False
Deinococcus	PDAC_026	-0.042864563029516245	0.7905195169556793	negative	False
Deinococcus	PDAC_027	-0.043716597258506296	0.7864329524044588	negative	False
Deinococcus	PDAC_028	-0.049215706368446896	0.7673652003828644	negative	False
Deinococcus	PDAC_029	-0.04054048877048099	0.8016326969362928	negative	False
Deinococcus	PDAC_030	-0.04888862373215118	0.7625742929847513	negative	False
Deinococcus	PDAC_031	-0.03975929085458366	0.8056378863580679	negative	False
Deinococcus	PDAC_032	-0.042022804796044845	0.797460094464683	negative	False
Deinococcus	PDAC_033	-0.03878129096901424	0.8104375019939911	negative	False
Deinococcus	PDAC_034	-0.027426749886245133	0.8740213723914714	negative	False
Deinococcus	PDAC_035	-0.041184509197398314	0.7984607276607247	negative	False
Deinococcus	PDAC_036	-0.04509469206079028	0.7810124679154389	negative	False
Deinococcus	PDAC_037	-0.0436694350363701	0.7882784702922617	negative	False
Deinococcus	PDAC_038	-0.05475037002692576	0.7372968990429314	negative	False
Deinococcus	PDAC_039	-0.04867739257294781	0.7664041726074893	negative	False
Deinococcus	PDAC_040	-0.05167558435791008	0.7490557887362405	negative	False
Deinococcus	PDAC_041	-0.050987797194156755	0.7521234144650806	negative	False
Deinococcus	PDAC_042	-0.05679496036815646	0.7244659060703745	negative	False
Deinococcus	PDAC_043	0.01615568604685637	0.9223550683194264	positive	False
Deinococcus	PDAC_044	0.006114094178501781	0.9702666111983018	positive	False
Deinococcus	PDAC_045	0.0016762375331673507	0.9918079918443679	positive	False
Deinococcus	PDAC_046	-0.04765532327095561	0.7672901282579708	negative	False
Deinococcus	PDAC_047	-0.09686349214506544	0.5423457157561492	negative	False
Deinococcus	PDAC_048	-0.0436519385722659	0.7861728288769919	negative	False
Deinococcus	PDAC_049	-0.08311665670532933	0.6113878458873461	negative	False
Deinococcus	PDAC_050	-0.05070794482992977	0.7613582559559227	negative	False
Deinococcus	PDAC_051	-0.012633115337697488	0.9385767296660344	negative	False
Deinococcus	PDAC_052	-0.007498225677486896	0.9629621895810272	negative	False
Deinococcus	PDAC_053	-0.040075353046034844	0.8034599778796494	negative	False
Deinococcus	PDAC_054	-0.06420063354731831	0.7018509100607435	negative	False
Deinococcus	PDAC_055	-0.04760500459356436	0.7737756259616994	negative	False
Deinococcus	PDAC_056	-0.06309049288492942	0.7002332387476395	negative	False
Deinococcus	PDAC_057	-0.06249840240048524	0.7051156477759388	negative	False
Deinococcus	PDAC_058	-0.0005075120496373043	0.9975209861246062	negative	False
Deinococcus	PDAC_059	-0.03989252012724913	0.8045404467750117	negative	False
Deinococcus	PDAC_060	0.007420706964896285	0.9639525211743539	positive	False
Deinococcus	PDAC_061	-0.06260534183272623	0.702778631551701	negative	False
Deinococcus	PDAC_062	-0.040817090089381086	0.7999635727060799	negative	False
Hydrogenophaga	PDAC_001	-0.27012990025625144	0.0005759642941806234	negative	False
Hydrogenophaga	PDAC_002	-0.2725391224814556	0.0006070645856439536	negative	False
Hydrogenophaga	PDAC_003	-0.2689083686374433	0.0006569279608374606	negative	False
Hydrogenophaga	PDAC_004	-0.26998295750534074	0.0005752911726077241	negative	False
Hydrogenophaga	PDAC_005	-0.2883267038467862	0.0002458493021999911	negative	False
Hydrogenophaga	PDAC_006	-0.2606494353637779	0.0008189143972860493	negative	False
Hydrogenophaga	PDAC_007	-0.26808764685641884	0.0006633791702912255	negative	False
Hydrogenophaga	PDAC_008	-0.26140165840972757	0.0009660945394854988	negative	False
Hydrogenophaga	PDAC_009	-0.2714188487839922	0.0006186450137857972	negative	False
Hydrogenophaga	PDAC_010	-0.2744939402522624	0.000676177762702224	negative	False
Hydrogenophaga	PDAC_011	-0.29153270554755756	0.0001330207744769353	negative	False
Hydrogenophaga	PDAC_012	-0.2728413099274258	0.000526951085363764	negative	False
Hydrogenophaga	PDAC_013	-0.2629899923669169	0.0009263252512388786	negative	False
Hydrogenophaga	PDAC_014	-0.26738497204029577	0.0006268840991280624	negative	False
Hydrogenophaga	PDAC_015	-0.2692012369350455	0.0005890032168862865	negative	False
Hydrogenophaga	PDAC_016	-0.2712386679843854	0.0005810762248368438	negative	False
Hydrogenophaga	PDAC_017	-0.2661773143245234	0.0006918546596840505	negative	False
Hydrogenophaga	PDAC_018	-0.27565402012060974	0.00044732916084120705	negative	False
Hydrogenophaga	PDAC_019	-0.25664672252278736	0.0011250104969400328	negative	False
Hydrogenophaga	PDAC_020	-0.276902185025222	0.000691466935314205	negative	False
Hydrogenophaga	PDAC_021	-0.2724141909392846	0.0006036438043593846	negative	False
Hydrogenophaga	PDAC_022	-0.2646135046297668	0.0007310535754876988	negative	False
Hydrogenophaga	PDAC_023	-0.2665554143837184	0.0007921577360945479	negative	False
Hydrogenophaga	PDAC_024	-0.2705072418175896	0.000553245564798598	negative	False
Hydrogenophaga	PDAC_025	-0.26998139408843513	0.0005631124408538867	negative	False
Hydrogenophaga	PDAC_026	-0.2643152054239716	0.0007179799228969096	negative	False
Hydrogenophaga	PDAC_027	-0.26653431071351097	0.0006647553762976353	negative	False
Hydrogenophaga	PDAC_028	-0.25566969663785616	0.0013515388258800189	negative	False
Hydrogenophaga	PDAC_029	-0.26872782330007955	0.0005904908962944502	negative	False
Hydrogenophaga	PDAC_030	-0.26832955435658096	0.0006800586586430885	negative	False
Hydrogenophaga	PDAC_031	-0.26939677404293655	0.0005750603265769671	negative	False
Hydrogenophaga	PDAC_032	-0.28121922903637664	0.0003231241981055808	negative	False
Hydrogenophaga	PDAC_033	-0.27096082476284006	0.0005357669499800973	negative	False
Hydrogenophaga	PDAC_034	-0.3058350109966664	2.0283739827681596e-05	negative	False
Hydrogenophaga	PDAC_035	-0.26750410360134164	0.0006261018447827844	negative	False
Hydrogenophaga	PDAC_036	-0.2599849320587663	0.0008941376064050889	negative	False
Hydrogenophaga	PDAC_037	-0.2617355283472354	0.0008870911863657631	negative	False
Hydrogenophaga	PDAC_038	-0.2748802523739724	0.0005972584463566627	negative	False
Hydrogenophaga	PDAC_039	-0.2613739292917077	0.0010130289867605635	negative	False
Hydrogenophaga	PDAC_040	-0.2693655899417341	0.0006451684913878286	negative	False
Hydrogenophaga	PDAC_041	-0.26647806877378205	0.0007067426856177741	negative	False
Hydrogenophaga	PDAC_042	-0.26983520678324957	0.000597926824484185	negative	False
Hydrogenophaga	PDAC_043	-0.24843752637514827	0.0019051468083591478	negative	False
Hydrogenophaga	PDAC_044	-0.25956807489632283	0.001274571575980015	negative	False
Hydrogenophaga	PDAC_045	-0.25630190225112204	0.0011936472029811052	negative	False
Hydrogenophaga	PDAC_046	-0.26423388978195905	0.0007341992246992401	negative	False
Hydrogenophaga	PDAC_047	-0.2745256389060348	0.0008715579698300349	negative	False
Hydrogenophaga	PDAC_048	-0.2678033965972363	0.0006329433608048934	negative	False
Hydrogenophaga	PDAC_049	-0.256696904527398	0.0014413011408262817	negative	False
Hydrogenophaga	PDAC_050	-0.25524377948245436	0.0011914104517303946	negative	False
Hydrogenophaga	PDAC_051	-0.27029849737028094	0.0006827543858216302	negative	False
Hydrogenophaga	PDAC_052	-0.2908432438763701	0.0001844001737280014	negative	False
Hydrogenophaga	PDAC_053	-0.2691645960019954	0.000593777672731893	negative	False
Hydrogenophaga	PDAC_054	-0.2560282902822742	0.0013608166831870778	negative	False
Hydrogenophaga	PDAC_055	-0.2609407167503203	0.000981753916082649	negative	False
Hydrogenophaga	PDAC_056	-0.2687323816924188	0.0007690584197825148	negative	False
Hydrogenophaga	PDAC_057	-0.268297603166042	0.0008375173274095391	negative	False
Hydrogenophaga	PDAC_058	-0.27252921643793654	0.0006874092724988564	negative	False
Hydrogenophaga	PDAC_059	-0.2706964360569299	0.000560812281567133	negative	False
Hydrogenophaga	PDAC_060	-0.2862940883111277	0.0003298687269147862	negative	False
Hydrogenophaga	PDAC_061	-0.27205477774860576	0.0006650862719698385	negative	False
Hydrogenophaga	PDAC_062	-0.26889942159548014	0.0005981453458023488	negative	False
Porphyrobacter	PDAC_001	-0.1339401818264764	0.06043741805995771	negative	False
Porphyrobacter	PDAC_002	-0.12115572240724992	0.09072339074347939	negative	False
Porphyrobacter	PDAC_003	-0.13122998920480244	0.06912081052790371	negative	False
Porphyrobacter	PDAC_004	-0.13438841837139984	0.059924734724239	negative	False
Porphyrobacter	PDAC_005	-0.13309871556489417	0.07389123026245953	negative	False
Porphyrobacter	PDAC_006	-0.1577736316383385	0.020494492078376402	negative	False
Porphyrobacter	PDAC_007	-0.13124611912937792	0.06836395452420473	negative	False
Porphyrobacter	PDAC_008	-0.12233294012856447	0.0907397817435301	negative	False
Porphyrobacter	PDAC_009	-0.13445368238279973	0.0642637308515681	negative	False
Porphyrobacter	PDAC_010	-0.12821596403042004	0.0840569366902659	negative	False
Porphyrobacter	PDAC_011	-0.12820964599879137	0.07305029572413467	negative	False
Porphyrobacter	PDAC_012	-0.1395991791593762	0.05160221725772035	negative	False
Porphyrobacter	PDAC_013	-0.12767509987709444	0.08059714407899124	negative	False
Porphyrobacter	PDAC_014	-0.13369440879866287	0.06102301490467222	negative	False
Porphyrobacter	PDAC_015	-0.1329947378306469	0.06202377507296916	negative	False
Porphyrobacter	PDAC_016	-0.12982904319151428	0.07106049399391778	negative	False
Porphyrobacter	PDAC_017	-0.13423206962759082	0.06176686829579552	negative	False
Porphyrobacter	PDAC_018	-0.13705942508932736	0.05419207611544578	negative	False
Porphyrobacter	PDAC_019	-0.1280910041204486	0.08186483113136274	negative	False
Porphyrobacter	PDAC_020	-0.1393444353185616	0.06472705874438077	negative	False
Porphyrobacter	PDAC_021	-0.12654269924937853	0.08043004940846885	negative	False
Porphyrobacter	PDAC_022	-0.1301418719770356	0.0696966203269168	negative	False
Porphyrobacter	PDAC_023	-0.1328771765036951	0.06886783055173937	negative	False
Porphyrobacter	PDAC_024	-0.13708800003368682	0.053663552084753555	negative	False
Porphyrobacter	PDAC_025	-0.1341525303239988	0.05942766032638175	negative	False
Porphyrobacter	PDAC_026	-0.132937931717007	0.06351691608147005	negative	False
Porphyrobacter	PDAC_027	-0.13322931803090235	0.06279613043330173	negative	False
Porphyrobacter	PDAC_028	-0.12498363886014507	0.09401715036079969	negative	False
Porphyrobacter	PDAC_029	-0.13346144053570888	0.06098906224714432	negative	False
Porphyrobacter	PDAC_030	-0.1333643091327014	0.06532392229838188	negative	False
Porphyrobacter	PDAC_031	-0.13387943339285557	0.06016281275263785	negative	False
Porphyrobacter	PDAC_032	-0.15122409457771716	0.028773155177585556	negative	False
Porphyrobacter	PDAC_033	-0.1345600171207755	0.058609568129820794	negative	False
Porphyrobacter	PDAC_034	-0.14846394499299206	0.03971751056794579	negative	False
Porphyrobacter	PDAC_035	-0.13264990373190166	0.06298701113269209	negative	False
Porphyrobacter	PDAC_036	-0.12422200475219512	0.08347756776536597	negative	False
Porphyrobacter	PDAC_037	-0.17544811974210145	0.002907975647529437	negative	False
Porphyrobacter	PDAC_038	-0.12871388555286417	0.07985860176656223	negative	False
Porphyrobacter	PDAC_039	-0.13405917831601719	0.06922210485920124	negative	False
Porphyrobacter	PDAC_040	-0.14028906344230188	0.051483845282050154	negative	False
Porphyrobacter	PDAC_041	-0.1339087820622262	0.06335244102914793	negative	False
Porphyrobacter	PDAC_042	-0.1381554041365713	0.05190424931160774	negative	False
Porphyrobacter	PDAC_043	-0.14451622451015403	0.05187014198160891	negative	False
Porphyrobacter	PDAC_044	-0.13619399695974518	0.06281681486750447	negative	False
Porphyrobacter	PDAC_045	-0.12368165514191834	0.08472091219368125	negative	False
Porphyrobacter	PDAC_046	-0.13191738947762627	0.06380862381119726	negative	False
Porphyrobacter	PDAC_047	-0.12084211505206612	0.0966038263936876	negative	False
Porphyrobacter	PDAC_048	-0.13340749013698655	0.06107389010923609	negative	False
Porphyrobacter	PDAC_049	-0.11913594233847064	0.09738594538130983	negative	False
Porphyrobacter	PDAC_050	-0.13446552685355495	0.06341440939953981	negative	False
Porphyrobacter	PDAC_051	-0.1314240528547857	0.06720832736775718	negative	False
Porphyrobacter	PDAC_052	-0.14846776821602745	0.04097662234489805	negative	False
Porphyrobacter	PDAC_053	-0.13383727675333754	0.060482327331312924	negative	False
Porphyrobacter	PDAC_054	-0.1239687023300813	0.08729340535878925	negative	False
Porphyrobacter	PDAC_055	-0.13062711045638747	0.0693239430815826	negative	False
Porphyrobacter	PDAC_056	-0.1420266668697261	0.047102384569478954	negative	False
Porphyrobacter	PDAC_057	-0.12178897379854398	0.087597481957089	negative	False
Porphyrobacter	PDAC_058	-0.13059442918616265	0.07091237602758535	negative	False
Porphyrobacter	PDAC_059	-0.13676783550299637	0.055739076524941505	negative	False
Porphyrobacter	PDAC_060	-0.13424397521108536	0.06766156077756431	negative	False
Porphyrobacter	PDAC_061	-0.12944171593367698	0.0721048442007123	negative	False
Porphyrobacter	PDAC_062	-0.13377237408328263	0.0604600554591219	negative	False
Aromatoleum	PDAC_001	0.25850829274711273	0.08846608820253656	positive	False
Aromatoleum	PDAC_002	0.24613559811755947	0.10910515249514892	positive	False
Aromatoleum	PDAC_003	0.24301039724413462	0.11085648089624693	positive	False
Aromatoleum	PDAC_004	0.26031614825162586	0.0859097684287589	positive	False
Aromatoleum	PDAC_005	0.23177819114140055	0.1344711403107567	positive	False
Aromatoleum	PDAC_006	0.2497779804111888	0.10079444348711708	positive	False
Aromatoleum	PDAC_007	0.2466231003327209	0.10543852475541841	positive	False
Aromatoleum	PDAC_008	0.24849830313350907	0.10774671589807698	positive	False
Aromatoleum	PDAC_009	0.2891708669858107	0.05139771611918602	positive	False
Aromatoleum	PDAC_010	0.24412987920556756	0.11804487527088728	positive	False
Aromatoleum	PDAC_011	0.2513054250104134	0.098408145646608	positive	False
Aromatoleum	PDAC_012	0.27050882306228824	0.07338704670749042	positive	False
Aromatoleum	PDAC_013	0.24382190000125933	0.1140406839419047	positive	False
Aromatoleum	PDAC_014	0.2527681958918251	0.09534079733486785	positive	False
Aromatoleum	PDAC_015	0.2539894721810387	0.09366519781898039	positive	False
Aromatoleum	PDAC_016	0.28337091304945455	0.05745482436756498	positive	False
Aromatoleum	PDAC_017	0.2764711367496575	0.06573733292865619	positive	False
Aromatoleum	PDAC_018	0.2710322362004177	0.07305023033601785	positive	False
Aromatoleum	PDAC_019	0.24709195316704546	0.11160419075670289	positive	False
Aromatoleum	PDAC_020	0.2342501740023927	0.1363968608190782	positive	False
Aromatoleum	PDAC_021	0.2422654282614858	0.11392947651969469	positive	False
Aromatoleum	PDAC_022	0.24592984328434023	0.10571205511002293	positive	False
Aromatoleum	PDAC_023	0.24172597784931782	0.11547144142702404	positive	False
Aromatoleum	PDAC_024	0.25961562061251314	0.08650210003446601	positive	False
Aromatoleum	PDAC_025	0.258038310539857	0.08837631708041101	positive	False
Aromatoleum	PDAC_026	0.2500686284048453	0.09958362438538894	positive	False
Aromatoleum	PDAC_027	0.24939558330674508	0.10033996500169692	positive	False
Aromatoleum	PDAC_028	0.24364705298684863	0.12214974976576556	positive	False
Aromatoleum	PDAC_029	0.2547840030080579	0.09259602709122437	positive	False
Aromatoleum	PDAC_030	0.27458954780277467	0.06921811748124161	positive	False
Aromatoleum	PDAC_031	0.253901564321009	0.09433972339186848	positive	False
Aromatoleum	PDAC_032	0.26410234649760866	0.08352250138401929	positive	False
Aromatoleum	PDAC_033	0.25839951661302296	0.08790070098463923	positive	False
Aromatoleum	PDAC_034	0.30383380381292663	0.04167302452477083	positive	False
Aromatoleum	PDAC_035	0.25315608946008195	0.09488511864151868	positive	False
Aromatoleum	PDAC_036	0.24624695178240213	0.10750105860827218	positive	False
Aromatoleum	PDAC_037	0.24754503370446723	0.10672871627780453	positive	False
Aromatoleum	PDAC_038	0.28668601243019426	0.056963759848893805	positive	False
Aromatoleum	PDAC_039	0.24272725980475277	0.11702753358807785	positive	False
Aromatoleum	PDAC_040	0.23990298836331575	0.11496127329754705	positive	False
Aromatoleum	PDAC_041	0.2782719549934626	0.06392285754476663	positive	False
Aromatoleum	PDAC_042	0.2739210825091512	0.06883828658826066	positive	False
Aromatoleum	PDAC_043	0.2033017497958049	0.18665082090708493	positive	False
Aromatoleum	PDAC_044	0.23149209566639983	0.14054628050913953	positive	False
Aromatoleum	PDAC_045	0.25486150773685395	0.1034310039621278	positive	False
Aromatoleum	PDAC_046	0.25435552289030045	0.09364417876019458	positive	False
Aromatoleum	PDAC_047	0.22431104962510584	0.1559443290963402	positive	False
Aromatoleum	PDAC_048	0.25486601432142314	0.09267170493450355	positive	False
Aromatoleum	PDAC_049	0.2520618394556085	0.11455291228255826	positive	False
Aromatoleum	PDAC_050	0.2300298288952764	0.1370787295170172	positive	False
Aromatoleum	PDAC_051	0.29851093944158863	0.04130254654747674	positive	False
Aromatoleum	PDAC_052	0.2878310105618276	0.05682235744026676	positive	False
Aromatoleum	PDAC_053	0.2551310058270297	0.09225187491105138	positive	False
Aromatoleum	PDAC_054	0.2747116389243988	0.07909552898384702	positive	False
Aromatoleum	PDAC_055	0.2534535442233389	0.1019057137836163	positive	False
Aromatoleum	PDAC_056	0.30139289727363794	0.03871930956368714	positive	False
Aromatoleum	PDAC_057	0.23503954541962344	0.13017960199581538	positive	False
Aromatoleum	PDAC_058	0.22834383676245082	0.13888302120129778	positive	False
Aromatoleum	PDAC_059	0.2571561829817256	0.08983051546191134	positive	False
Aromatoleum	PDAC_060	0.24091197450855498	0.12904909076439142	positive	False
Aromatoleum	PDAC_061	0.24893023451108431	0.10902114384275512	positive	False
Aromatoleum	PDAC_062	0.25447199693588946	0.0935338338653286	positive	False
Microbacterium	PDAC_001	0.324498128362743	0.048903195154837306	positive	False
Microbacterium	PDAC_002	0.31234324424213245	0.060540325575206305	positive	False
Microbacterium	PDAC_003	0.34341774537947073	0.037118960090258855	positive	False
Microbacterium	PDAC_004	0.31856090295611084	0.053863339914546636	positive	False
Microbacterium	PDAC_005	0.36427659785550826	0.026542822876710347	positive	False
Microbacterium	PDAC_006	0.34970575772350987	0.03225362049702111	positive	False
Microbacterium	PDAC_007	0.31316801458653604	0.05822534926184028	positive	False
Microbacterium	PDAC_008	0.3146311541961101	0.060096445709498784	positive	False
Microbacterium	PDAC_009	0.32821122674959635	0.048656657523868684	positive	False
Microbacterium	PDAC_010	0.3102606810143572	0.06604610361772521	positive	False
Microbacterium	PDAC_011	0.3458380304448162	0.03464623143458784	positive	False
Microbacterium	PDAC_012	0.3306458112794661	0.045393177041597225	positive	False
Microbacterium	PDAC_013	0.30995555225391075	0.06335092342406726	positive	False
Microbacterium	PDAC_014	0.32016564750241433	0.05265949227101653	positive	False
Microbacterium	PDAC_015	0.3215227524896819	0.0516965553862586	positive	False
Microbacterium	PDAC_016	0.30977149946275	0.06059745780223257	positive	False
Microbacterium	PDAC_017	0.3110074482575585	0.059429583272181286	positive	False
Microbacterium	PDAC_018	0.2961748686055278	0.06920563385771857	positive	False
Microbacterium	PDAC_019	0.313200817329547	0.06237763219981605	positive	False
Microbacterium	PDAC_020	0.3005369997526982	0.07611500621723831	positive	False
Microbacterium	PDAC_021	0.30849458832819243	0.06299108534178183	positive	False
Microbacterium	PDAC_022	0.31262000538899337	0.0583241518446167	positive	False
Microbacterium	PDAC_023	0.3079086643845829	0.06389476019619604	positive	False
Microbacterium	PDAC_024	0.3117404091351877	0.05759396638168469	positive	False
Microbacterium	PDAC_025	0.32618939435208516	0.048786608726454635	positive	False
Microbacterium	PDAC_026	0.3169870826960297	0.054954391906625016	positive	False
Microbacterium	PDAC_027	0.3163714567880463	0.05538321122573622	positive	False
Microbacterium	PDAC_028	0.3098748124312695	0.06865579845113685	positive	False
Microbacterium	PDAC_029	0.3224267554310574	0.05105631284022583	positive	False
Microbacterium	PDAC_030	0.30898445780504785	0.06164752937823056	positive	False
Microbacterium	PDAC_031	0.32215863999107996	0.05061591839569319	positive	False
Microbacterium	PDAC_032	0.33467109075003765	0.045469529200632554	positive	False
Microbacterium	PDAC_033	0.32656966495808365	0.04857213201707966	positive	False
Microbacterium	PDAC_034	0.38078554183636426	0.021332147793047422	positive	False
Microbacterium	PDAC_035	0.32050962437345715	0.05231733224941329	positive	False
Microbacterium	PDAC_036	0.31256958850520933	0.05950333987905211	positive	False
Microbacterium	PDAC_037	0.31378427228164685	0.05923385736836064	positive	False
Microbacterium	PDAC_038	0.3425003965519318	0.04054712084630561	positive	False
Microbacterium	PDAC_039	0.30883801640425995	0.06510167970012451	positive	False
Microbacterium	PDAC_040	0.3345692779938284	0.04334567139849651	positive	False
Microbacterium	PDAC_041	0.3384258529549198	0.040325707497050625	positive	False
Microbacterium	PDAC_042	0.34346604471368447	0.03856266447179145	positive	False
Microbacterium	PDAC_043	0.2924365886718637	0.09486194508974062	positive	False
Microbacterium	PDAC_044	0.31863858469377915	0.06573091633983981	positive	False
Microbacterium	PDAC_045	0.31870746903306524	0.06217399456636228	positive	False
Microbacterium	PDAC_046	0.31990783950539897	0.052605523674459635	positive	False
Microbacterium	PDAC_047	0.32696348606999853	0.06366536872579104	positive	False
Microbacterium	PDAC_048	0.32080174820452456	0.05151920852490275	positive	False
Microbacterium	PDAC_049	0.3268299740467321	0.061559907272586305	positive	False
Microbacterium	PDAC_050	0.3153829610015646	0.06405750225536148	positive	False
Microbacterium	PDAC_051	0.3088421314772335	0.06525155452634807	positive	False
Microbacterium	PDAC_052	0.3479419165163632	0.037656708563064245	positive	False
Microbacterium	PDAC_053	0.3229037357489632	0.05028942727124097	positive	False
Microbacterium	PDAC_054	0.3041078088655795	0.0762422063164261	positive	False
Microbacterium	PDAC_055	0.3057193552234599	0.06814100946720895	positive	False
Microbacterium	PDAC_056	0.3739044119024881	0.02180421564637996	positive	False
Microbacterium	PDAC_057	0.29482077545611296	0.07736966647583703	positive	False
Microbacterium	PDAC_058	0.300937851486115	0.07344608462574088	positive	False
Microbacterium	PDAC_059	0.32518661264835563	0.048537203653030714	positive	False
Microbacterium	PDAC_060	0.4090985998406941	0.006008347358531104	positive	False
Microbacterium	PDAC_061	0.304096303006537	0.06988564886229807	positive	False
Microbacterium	PDAC_062	0.3219514948466347	0.05041991268685585	positive	False
Mitsuaria	PDAC_001	0.05075678558547594	0.7694673152426631	positive	False
Mitsuaria	PDAC_002	0.05295465034975559	0.761595634831266	positive	False
Mitsuaria	PDAC_003	0.08146783239911921	0.6345024660950938	positive	False
Mitsuaria	PDAC_004	0.04987412236131747	0.7732833323773947	positive	False
Mitsuaria	PDAC_005	0.0418089222324884	0.812849499391898	positive	False
Mitsuaria	PDAC_006	0.052617970046294156	0.761610172157561	positive	False
Mitsuaria	PDAC_007	0.05023837391299059	0.7721931410291978	positive	False
Mitsuaria	PDAC_008	0.05656563579114067	0.7467482302322039	positive	False
Mitsuaria	PDAC_009	0.042053856759465144	0.8088579606503541	positive	False
Mitsuaria	PDAC_010	0.05418532502741361	0.7593923304279868	positive	False
Mitsuaria	PDAC_011	0.05341303776755754	0.7580243766270951	positive	False
Mitsuaria	PDAC_012	0.060463635153827085	0.727217627086756	positive	False
Mitsuaria	PDAC_013	0.05187028223616989	0.76720389059293	positive	False
Mitsuaria	PDAC_014	0.050869728694244276	0.7690026148256636	positive	False
Mitsuaria	PDAC_015	0.051323160935468154	0.7671096390474668	positive	False
Mitsuaria	PDAC_016	0.0468185736746262	0.7871759659733989	positive	False
Mitsuaria	PDAC_017	0.04661788370862461	0.787802112317791	positive	False
Mitsuaria	PDAC_018	0.05682320873316228	0.745924763165533	positive	False
Mitsuaria	PDAC_019	0.05618251751802158	0.7494560043692166	positive	False
Mitsuaria	PDAC_020	0.04566532185234667	0.7984478118962952	positive	False
Mitsuaria	PDAC_021	0.0488120858075682	0.7795438856533989	positive	False
Mitsuaria	PDAC_022	0.0484695831771137	0.779722636783911	positive	False
Mitsuaria	PDAC_023	0.048892558079287954	0.7795538943205472	positive	False
Mitsuaria	PDAC_024	0.052059975562599496	0.7647746705632453	positive	False
Mitsuaria	PDAC_025	0.052066871700681354	0.7643535026639194	positive	False
Mitsuaria	PDAC_026	0.051066770826877494	0.7681770459267131	positive	False
Mitsuaria	PDAC_027	0.05002641986778998	0.772693821864358	positive	False
Mitsuaria	PDAC_028	0.05472048576091153	0.7589096084054495	positive	False
Mitsuaria	PDAC_029	0.05151147121741501	0.7663897418566434	positive	False
Mitsuaria	PDAC_030	0.04747735321894796	0.7846624963537601	positive	False
Mitsuaria	PDAC_031	0.050070173027620284	0.7737021519992263	positive	False
Mitsuaria	PDAC_032	0.04667487605309034	0.7916526619180763	positive	False
Mitsuaria	PDAC_033	0.05232993615894343	0.7631864206679693	positive	False
Mitsuaria	PDAC_034	0.05980295237919075	0.7490533315739042	positive	False
Mitsuaria	PDAC_035	0.051510016994225055	0.7662543857432067	positive	False
Mitsuaria	PDAC_036	0.051778355075925674	0.7660778799135621	positive	False
Mitsuaria	PDAC_037	0.05397063916738764	0.7569240851895082	positive	False
Mitsuaria	PDAC_038	0.04535396544706318	0.7961477282077161	positive	False
Mitsuaria	PDAC_039	0.05157923248454932	0.769206698193731	positive	False
Mitsuaria	PDAC_040	0.04441240432419747	0.797980224332768	positive	False
Mitsuaria	PDAC_041	0.07484058413491167	0.6640069564768851	positive	False
Mitsuaria	PDAC_042	0.06115670664777348	0.7261574241616265	positive	False
Mitsuaria	PDAC_043	0.10355845933943449	0.5659443457927249	positive	False
Mitsuaria	PDAC_044	0.023324169671374028	0.8981231837801353	positive	False
Mitsuaria	PDAC_045	0.013777212828562995	0.9382320956096344	positive	False
Mitsuaria	PDAC_046	0.057743372767044075	0.7392550882018525	positive	False
Mitsuaria	PDAC_047	-0.0038776841102220925	0.9826002527202337	negative	False
Mitsuaria	PDAC_048	0.05412632736244077	0.754622615326337	positive	False
Mitsuaria	PDAC_049	0.10077671906843602	0.5675216428459264	positive	False
Mitsuaria	PDAC_050	0.004907209749902033	0.9776602086566473	positive	False
Mitsuaria	PDAC_051	0.0753983209237716	0.6687202360741347	positive	False
Mitsuaria	PDAC_052	0.07677631692984502	0.6598696242186639	positive	False
Mitsuaria	PDAC_053	0.0511641974439616	0.7675127829828948	positive	False
Mitsuaria	PDAC_054	0.02054911569894878	0.9100119614067137	positive	False
Mitsuaria	PDAC_055	0.08097204441420508	0.6450537965841553	positive	False
Mitsuaria	PDAC_056	0.0755367812399966	0.6699115051796958	positive	False
Mitsuaria	PDAC_057	0.08882742877557051	0.6130056227788485	positive	False
Mitsuaria	PDAC_058	-0.002046756412067611	0.9905569672977088	negative	False
Mitsuaria	PDAC_059	0.05584051742619458	0.7478155794324328	positive	False
Mitsuaria	PDAC_060	-0.024578079865437464	0.8825039665330323	negative	False
Mitsuaria	PDAC_061	0.08680937551292026	0.6197565214467062	positive	False
Mitsuaria	PDAC_062	0.05204532185438886	0.7637284476436041	positive	False
Pandoraea	PDAC_001	0.43174546583651513	9.471369334589999e-06	positive	False
Pandoraea	PDAC_002	0.43512463776801663	9.757221581549377e-06	positive	False
Pandoraea	PDAC_003	0.4283893698728814	1.1097575075308271e-05	positive	False
Pandoraea	PDAC_004	0.43057484182405825	9.78731067744754e-06	positive	False
Pandoraea	PDAC_005	0.42820373997213684	1.532106867641809e-05	positive	False
Pandoraea	PDAC_006	0.43311148996912013	9.370111743023641e-06	positive	False
Pandoraea	PDAC_007	0.43087683486679346	1.018520110311793e-05	positive	False
Pandoraea	PDAC_008	0.439917995572528	8.406118996847526e-06	positive	False
Pandoraea	PDAC_009	0.42364549922391564	1.2706063649936887e-05	positive	False
Pandoraea	PDAC_010	0.4406319249419499	9.582780236736164e-06	positive	False
Pandoraea	PDAC_011	0.4338305563587884	9.06040590554958e-06	positive	False
Pandoraea	PDAC_012	0.43773507067951345	7.804430362992446e-06	positive	False
Pandoraea	PDAC_013	0.43520123406276534	1.0408204651423103e-05	positive	False
Pandoraea	PDAC_014	0.43168712488652566	9.519619627323099e-06	positive	False
Pandoraea	PDAC_015	0.4323424122832802	9.376452600138973e-06	positive	False
Pandoraea	PDAC_016	0.4274522512913266	1.1095433688064247e-05	positive	False
Pandoraea	PDAC_017	0.4270526525628044	1.0936834069360063e-05	positive	False
Pandoraea	PDAC_018	0.44379603412263213	6.663596236882327e-06	positive	False
Pandoraea	PDAC_019	0.44089018044470674	8.608332113017193e-06	positive	False
Pandoraea	PDAC_020	0.4358566232064592	1.4567471306627675e-05	positive	False
Pandoraea	PDAC_021	0.43077777467125816	1.1190004662633497e-05	positive	False
Pandoraea	PDAC_022	0.4289251767507627	1.0526001543445588e-05	positive	False
Pandoraea	PDAC_023	0.4313489366222704	1.1330661002705645e-05	positive	False
Pandoraea	PDAC_024	0.43503717639403483	9.013403880980334e-06	positive	False
Pandoraea	PDAC_025	0.43429780263782725	9.03279838087169e-06	positive	False
Pandoraea	PDAC_026	0.43146821925104584	9.671487718800504e-06	positive	False
Pandoraea	PDAC_027	0.43044626583775114	9.920279797564578e-06	positive	False
Pandoraea	PDAC_028	0.44376529166831463	9.152294080700014e-06	positive	False
Pandoraea	PDAC_029	0.43271319904488825	9.325829797724295e-06	positive	False
Pandoraea	PDAC_030	0.42851981974770526	1.1186921355220951e-05	positive	False
Pandoraea	PDAC_031	0.43219006109792146	1.0021477232698593e-05	positive	False
Pandoraea	PDAC_032	0.43596353198422333	1.1193929680586517e-05	positive	False
Pandoraea	PDAC_033	0.4346042907116128	8.918491538518547e-06	positive	False
Pandoraea	PDAC_034	0.47343268189936655	6.793501992023376e-07	positive	False
Pandoraea	PDAC_035	0.4322686238570048	9.396434138943246e-06	positive	False
Pandoraea	PDAC_036	0.4331200846814245	9.980708434289079e-06	positive	False
Pandoraea	PDAC_037	0.4358508934788888	9.311148462305047e-06	positive	False
Pandoraea	PDAC_038	0.4295404186135894	1.316860424481813e-05	positive	False
Pandoraea	PDAC_039	0.43593259088595515	1.0697887648594438e-05	positive	False
Pandoraea	PDAC_040	0.42531177120922886	1.181409156148935e-05	positive	False
Pandoraea	PDAC_041	0.42527377802749167	1.1610361966286824e-05	positive	False
Pandoraea	PDAC_042	0.4138721378695508	1.6327451024384163e-05	positive	False
Pandoraea	PDAC_043	0.42797515418691046	5.452080987405842e-05	positive	False
Pandoraea	PDAC_044	0.42165238274375216	3.255619660943669e-05	positive	False
Pandoraea	PDAC_045	0.4270345300909905	2.3585276467038257e-05	positive	False
Pandoraea	PDAC_046	0.43104031485999994	1.0699937377719766e-05	positive	False
Pandoraea	PDAC_047	0.42681445728820666	3.961390226872778e-05	positive	False
Pandoraea	PDAC_048	0.43077244759816447	1.0761408011683812e-05	positive	False
Pandoraea	PDAC_049	0.42300590147181727	3.6616566008350056e-05	positive	False
Pandoraea	PDAC_050	0.4376405281974801	1.577866877657901e-05	positive	False
Pandoraea	PDAC_051	0.42236372999302496	1.998871757943944e-05	positive	False
Pandoraea	PDAC_052	0.45838984502784397	2.229765529283854e-06	positive	False
Pandoraea	PDAC_053	0.43311630129055706	9.66026574149231e-06	positive	False
Pandoraea	PDAC_054	0.44319163058789685	1.576793415152393e-05	positive	False
Pandoraea	PDAC_055	0.4228426678120245	2.0989382607596733e-05	positive	False
Pandoraea	PDAC_056	0.4195083284326384	2.2548330368146927e-05	positive	False
Pandoraea	PDAC_057	0.42629993195223864	2.2951864691700977e-05	positive	False
Pandoraea	PDAC_058	0.486110979535381	1.7172730803761354e-08	positive	False
Pandoraea	PDAC_059	0.4345116215269931	8.902799007052184e-06	positive	False
Pandoraea	PDAC_060	0.408754631358125	3.2672230607841635e-05	positive	False
Pandoraea	PDAC_061	0.42164460936257936	2.2316860614124894e-05	positive	False
Pandoraea	PDAC_062	0.43244776682691216	9.925618467052137e-06	positive	False
Rhodococcus	PDAC_001	-0.06106318656005389	0.7163078159308456	negative	False
Rhodococcus	PDAC_002	-0.0255183465246741	0.8776813008486657	negative	False
Rhodococcus	PDAC_003	-0.036521103797030274	0.8268538994037016	negative	False
Rhodococcus	PDAC_004	-0.06608433742787526	0.6956842688477626	negative	False
Rhodococcus	PDAC_005	-0.08853462304905825	0.6061465311909205	negative	False
Rhodococcus	PDAC_006	-0.06688228387992248	0.6927907996405217	negative	False
Rhodococcus	PDAC_007	-0.07005334557628477	0.6793338176135166	negative	False
Rhodococcus	PDAC_008	-0.06971723555991437	0.6846319150426854	negative	False
Rhodococcus	PDAC_009	-0.08104371820586259	0.6328439724133585	negative	False
Rhodococcus	PDAC_010	-0.07621969906642788	0.6600668024812328	negative	False
Rhodococcus	PDAC_011	-0.03940534722416899	0.8129179478053217	negative	False
Rhodococcus	PDAC_012	-0.05579046731885897	0.7408965289036837	negative	False
Rhodococcus	PDAC_013	-0.07437951211408889	0.6643457105532786	negative	False
Rhodococcus	PDAC_014	-0.06472296875685285	0.7014737735548702	negative	False
Rhodococcus	PDAC_015	-0.06375114283985173	0.7056487021625317	negative	False
Rhodococcus	PDAC_016	-0.07345137889432275	0.6645289741788967	negative	False
Rhodococcus	PDAC_017	-0.07239013265691588	0.6687058930935124	negative	False
Rhodococcus	PDAC_018	-0.05270192541267953	0.7564803690336589	negative	False
Rhodococcus	PDAC_019	-0.07203959257912226	0.67617043074562	negative	False
Rhodococcus	PDAC_020	-0.08881056562023636	0.6094928316751426	negative	False
Rhodococcus	PDAC_021	-0.07507108958738545	0.6595317523360839	negative	False
Rhodococcus	PDAC_022	-0.04586111885294486	0.7844676943200688	negative	False
Rhodococcus	PDAC_023	-0.07591154348908707	0.6565313816275106	negative	False
Rhodococcus	PDAC_024	-0.06023036545431475	0.7215262387139081	negative	False
Rhodococcus	PDAC_025	-0.06103952633780119	0.7177853535764698	negative	False
Rhodococcus	PDAC_026	-0.06674708334723671	0.692856305658669	negative	False
Rhodococcus	PDAC_027	-0.05322345987328342	0.751353202686309	negative	False
Rhodococcus	PDAC_028	-0.07857446516397659	0.6527970005224861	negative	False
Rhodococcus	PDAC_029	-0.06317131765948897	0.708122914115241	negative	False
Rhodococcus	PDAC_030	-0.04224151962395363	0.8016121127737618	negative	False
Rhodococcus	PDAC_031	-0.062162888190902446	0.7129813894451786	negative	False
Rhodococcus	PDAC_032	-0.061807035175194903	0.7170702927300048	negative	False
Rhodococcus	PDAC_033	-0.060723749047933054	0.7192451913403071	negative	False
Rhodococcus	PDAC_034	-0.044051391211011315	0.8051559471409105	negative	False
Rhodococcus	PDAC_035	-0.06425889124207651	0.7033531838986092	negative	False
Rhodococcus	PDAC_036	-0.07073468634917816	0.677547117056392	negative	False
Rhodococcus	PDAC_037	-0.0697406870413046	0.6826459933370683	negative	False
Rhodococcus	PDAC_038	-0.08215414466524915	0.6314644624211462	negative	False
Rhodococcus	PDAC_039	-0.011050935435260053	0.9458955145782046	negative	False
Rhodococcus	PDAC_040	-0.07686417115444928	0.6501005974365814	negative	False
Rhodococcus	PDAC_041	-0.050011948376849205	0.7667992339079592	negative	False
Rhodococcus	PDAC_042	-0.07736857382510012	0.6455824097482927	negative	False
Rhodococcus	PDAC_043	0.0003520773403742771	0.9983344348337575	positive	False
Rhodococcus	PDAC_044	-0.01119317374832847	0.9470753688829893	negative	False
Rhodococcus	PDAC_045	-0.0800965003211286	0.6432871706228271	negative	False
Rhodococcus	PDAC_046	-0.06570836327854511	0.6965050164274739	negative	False
Rhodococcus	PDAC_047	-0.08879557968053768	0.6148535952357956	negative	False
Rhodococcus	PDAC_048	-0.06603215922477583	0.694050325150253	negative	False
Rhodococcus	PDAC_049	-0.08989930197206429	0.6070208829748548	negative	False
Rhodococcus	PDAC_050	-0.07953350319385637	0.6451775604490579	negative	False
Rhodococcus	PDAC_051	-0.03158246838661156	0.8525650435517866	negative	False
Rhodococcus	PDAC_052	-0.06518651441161663	0.7068694951228157	negative	False
Rhodococcus	PDAC_053	-0.06273252800672714	0.7092269823931847	negative	False
Rhodococcus	PDAC_054	-0.0747983811716044	0.6708685454332282	negative	False
Rhodococcus	PDAC_055	-0.07956214728689405	0.64206780890001	negative	False
Rhodococcus	PDAC_056	-0.030846679320709985	0.8564490702227103	negative	False
Rhodococcus	PDAC_057	-0.08775931147053419	0.608339701025112	negative	False
Rhodococcus	PDAC_058	-0.09725003051137374	0.5650237081705495	negative	False
Rhodococcus	PDAC_059	-0.061859423127013424	0.7133827972697022	negative	False
Rhodococcus	PDAC_060	-0.009706234500784176	0.9540957999166251	negative	False
Rhodococcus	PDAC_061	-0.10416771685875989	0.5307685971962314	negative	False
Rhodococcus	PDAC_062	-0.0622370911674836	0.7130944060891644	negative	False
Streptococcus	PDAC_001	0.29134168657889625	0.050729206035086474	positive	False
Streptococcus	PDAC_002	0.2859532509775222	0.05838123634114717	positive	False
Streptococcus	PDAC_003	0.31329413475294854	0.035973429000098395	positive	False
Streptococcus	PDAC_004	0.28942320630751683	0.05227143173304372	positive	False
Streptococcus	PDAC_005	0.34699070672352805	0.015336251937705079	positive	False
Streptococcus	PDAC_006	0.28861407722717825	0.053964773869119485	positive	False
Streptococcus	PDAC_007	0.28561615791402983	0.05652185064064032	positive	False
Streptococcus	PDAC_008	0.2887477495903805	0.05748453584612848	positive	False
Streptococcus	PDAC_009	0.27564310294428696	0.06533510590646924	positive	False
Streptococcus	PDAC_010	0.2852955630017744	0.06326937747701324	positive	False
Streptococcus	PDAC_011	0.2900047427743885	0.05267843753943014	positive	False
Streptococcus	PDAC_012	0.2924635097502705	0.050969511389515956	positive	False
Streptococcus	PDAC_013	0.2840641387790117	0.061116902568373085	positive	False
Streptococcus	PDAC_014	0.29087323614847826	0.051182402108907156	positive	False
Streptococcus	PDAC_015	0.2965013849097205	0.04807103713960926	positive	False
Streptococcus	PDAC_016	0.323508366051072	0.0284245435971626	positive	False
Streptococcus	PDAC_017	0.28302737709310055	0.057874287024759025	positive	False
Streptococcus	PDAC_018	0.30824070652080643	0.03920182612237204	positive	False
Streptococcus	PDAC_019	0.2877682009260656	0.05961225122976393	positive	False
Streptococcus	PDAC_020	0.2763497766044935	0.0739425741206924	positive	False
Streptococcus	PDAC_021	0.2819989924108956	0.06114291090899888	positive	False
Streptococcus	PDAC_022	0.3063584254106133	0.04062677321583478	positive	False
Streptococcus	PDAC_023	0.2816557705599103	0.06198584944661828	positive	False
Streptococcus	PDAC_024	0.2971824433981877	0.04659338595131068	positive	False
Streptococcus	PDAC_025	0.2957291621153602	0.047536350293028794	positive	False
Streptococcus	PDAC_026	0.2885794337164345	0.05340253828975674	positive	False
Streptococcus	PDAC_027	0.2878484543252812	0.05383628933177789	positive	False
Streptococcus	PDAC_028	0.2854731904280516	0.06556926511145734	positive	False
Streptococcus	PDAC_029	0.2927318499086588	0.04976412988601342	positive	False
Streptococcus	PDAC_030	0.2818742617361438	0.059991436357266816	positive	False
Streptococcus	PDAC_031	0.29253942855571535	0.05033345613299937	positive	False
Streptococcus	PDAC_032	0.3012097457659862	0.04567240286543632	positive	False
Streptococcus	PDAC_033	0.2960821547805303	0.04725635763582891	positive	False
Streptococcus	PDAC_034	0.34108670855557116	0.02178495110977132	positive	False
Streptococcus	PDAC_035	0.3003532866650708	0.04508609050261729	positive	False
Streptococcus	PDAC_036	0.28569304898956516	0.057562569122634286	positive	False
Streptococcus	PDAC_037	0.2872422394470848	0.05705427807179586	positive	False
Streptococcus	PDAC_038	0.32720418069483603	0.027834311153881186	positive	False
Streptococcus	PDAC_039	0.2832967646777051	0.0627794068315147	positive	False
Streptococcus	PDAC_040	0.2790947592992035	0.06179599551936489	positive	False
Streptococcus	PDAC_041	0.2798376574841333	0.06084821879826303	positive	False
Streptococcus	PDAC_042	0.31118849640626256	0.03659145539998907	positive	False
Streptococcus	PDAC_043	0.26883546251564994	0.09177770740509082	positive	False
Streptococcus	PDAC_044	0.3202916417541006	0.03666021122833739	positive	False
Streptococcus	PDAC_045	0.2410668613710025	0.09431577092507898	positive	False
Streptococcus	PDAC_046	0.30273959452342974	0.042116488595231344	positive	False
Streptococcus	PDAC_047	0.28963403171172974	0.06803188999138271	positive	False
Streptococcus	PDAC_048	0.28344415165440423	0.06002880592506285	positive	False
Streptococcus	PDAC_049	0.27115414206526905	0.08139258848542874	positive	False
Streptococcus	PDAC_050	0.308818690127331	0.04366133199985082	positive	False
Streptococcus	PDAC_051	0.33552368266614135	0.021162487281317522	positive	False
Streptococcus	PDAC_052	0.33021264924781446	0.026400310040179665	positive	False
Streptococcus	PDAC_053	0.29248700168162584	0.04969274366435065	positive	False
Streptococcus	PDAC_054	0.28851024333223574	0.0649404602671498	positive	False
Streptococcus	PDAC_055	0.2976701620162328	0.05117845375405714	positive	False
Streptococcus	PDAC_056	0.2848965561567643	0.06226826897903312	positive	False
Streptococcus	PDAC_057	0.29438183465781076	0.05587411700853871	positive	False
Streptococcus	PDAC_058	0.2833575213068606	0.0650385981102584	positive	False
Streptococcus	PDAC_059	0.2964654733878105	0.04755253357195609	positive	False
Streptococcus	PDAC_060	0.2575498102813076	0.08996349560990495	positive	False
Streptococcus	PDAC_061	0.2601973358290551	0.08135154101189832	positive	False
Streptococcus	PDAC_062	0.2920708968420644	0.0513316405356975	positive	False
Rhizorhabdus	PDAC_001	-0.27687786648343476	0.0022085598621384094	negative	False
Rhizorhabdus	PDAC_002	-0.27640355202436023	0.0026318627223348248	negative	False
Rhizorhabdus	PDAC_003	-0.2767673817681247	0.0024216274641586785	negative	False
Rhizorhabdus	PDAC_004	-0.2765880344597445	0.0022441258061456607	negative	False
Rhizorhabdus	PDAC_005	-0.28130251318445687	0.0026382979392092372	negative	False
Rhizorhabdus	PDAC_006	-0.267176119249136	0.0030635799965588882	negative	False
Rhizorhabdus	PDAC_007	-0.27537720144543537	0.0024858119753080094	negative	False
Rhizorhabdus	PDAC_008	-0.26350611821923364	0.003761941017570948	negative	False
Rhizorhabdus	PDAC_009	-0.27612597547986883	0.0025791146849984247	negative	False
Rhizorhabdus	PDAC_010	-0.2781374527833281	0.0029591304304539237	negative	False
Rhizorhabdus	PDAC_011	-0.3040900690899091	0.00048544354450384637	negative	False
Rhizorhabdus	PDAC_012	-0.2832812503079434	0.0018044206769872746	negative	False
Rhizorhabdus	PDAC_013	-0.2649685815561615	0.0036697378174607815	negative	False
Rhizorhabdus	PDAC_014	-0.27652803214932303	0.0022448632516827703	negative	False
Rhizorhabdus	PDAC_015	-0.2761189441077755	0.0022924686464991066	negative	False
Rhizorhabdus	PDAC_016	-0.27337803354500206	0.0026425035421751347	negative	False
Rhizorhabdus	PDAC_017	-0.27498948828720654	0.002460376248595452	negative	False
Rhizorhabdus	PDAC_018	-0.27909178999548634	0.002134996114689994	negative	False
Rhizorhabdus	PDAC_019	-0.2684413197521295	0.0036145725725585743	negative	False
Rhizorhabdus	PDAC_020	-0.28630471573266214	0.0024560918901107612	negative	False
Rhizorhabdus	PDAC_021	-0.2764842346394828	0.002598880121210329	negative	False
Rhizorhabdus	PDAC_022	-0.2717714396568864	0.0027186784638976447	negative	False
Rhizorhabdus	PDAC_023	-0.2658663815078227	0.0034860679306145093	negative	False
Rhizorhabdus	PDAC_024	-0.28259183097492024	0.0018304884267821256	negative	False
Rhizorhabdus	PDAC_025	-0.27765167002677993	0.0021430152551822827	negative	False
Rhizorhabdus	PDAC_026	-0.2724740559506174	0.0026178119228964024	negative	False
Rhizorhabdus	PDAC_027	-0.2737472098312121	0.002509115188721638	negative	False
Rhizorhabdus	PDAC_028	-0.2620462939273949	0.004639413887655708	negative	False
Rhizorhabdus	PDAC_029	-0.2768312997938234	0.0022274644637313716	negative	False
Rhizorhabdus	PDAC_030	-0.27212680629459	0.002816856351009357	negative	False
Rhizorhabdus	PDAC_031	-0.2772265732270568	0.002174065471444707	negative	False
Rhizorhabdus	PDAC_032	-0.29666053862503383	0.0009566710396427825	negative	False
Rhizorhabdus	PDAC_033	-0.27940636431827326	0.002040187918465487	negative	False
Rhizorhabdus	PDAC_034	-0.325693154157844	4.145972843979008e-05	negative	False
Rhizorhabdus	PDAC_035	-0.2860439334851585	0.0015088568472029467	negative	False
Rhizorhabdus	PDAC_036	-0.2698609061885245	0.003037467084029783	negative	False
Rhizorhabdus	PDAC_037	-0.2719654013464444	0.002957930585344564	negative	False
Rhizorhabdus	PDAC_038	-0.27497331007436926	0.0030013415824079546	negative	False
Rhizorhabdus	PDAC_039	-0.275401025337533	0.002982708850671165	negative	False
Rhizorhabdus	PDAC_040	-0.2807304415794375	0.0020981353829477084	negative	False
Rhizorhabdus	PDAC_041	-0.2786627013972397	0.002229429679452522	negative	False
Rhizorhabdus	PDAC_042	-0.2735824235161728	0.002493066117359441	negative	False
Rhizorhabdus	PDAC_043	-0.2776904029707554	0.004196316134621829	negative	False
Rhizorhabdus	PDAC_044	-0.2737081819949835	0.0034750146427248514	negative	False
Rhizorhabdus	PDAC_045	-0.27033686850780575	0.0033909676144834497	negative	False
Rhizorhabdus	PDAC_046	-0.2731056310372714	0.0024372463517591983	negative	False
Rhizorhabdus	PDAC_047	-0.26368975843009357	0.00476971186373741	negative	False
Rhizorhabdus	PDAC_048	-0.2756933330217564	0.0022499421160330204	negative	False
Rhizorhabdus	PDAC_049	-0.2671393150335744	0.004255552577406791	negative	False
Rhizorhabdus	PDAC_050	-0.2718136051227568	0.0032303649502568757	negative	False
Rhizorhabdus	PDAC_051	-0.27073999001948895	0.0030112017036523836	negative	False
Rhizorhabdus	PDAC_052	-0.31378299815060695	0.0002443439858848632	negative	False
Rhizorhabdus	PDAC_053	-0.27729492295878766	0.002142822796216655	negative	False
Rhizorhabdus	PDAC_054	-0.2576505440166301	0.0044726067243755	negative	False
Rhizorhabdus	PDAC_055	-0.26729396202104716	0.0033150788289614155	negative	False
Rhizorhabdus	PDAC_056	-0.2840698604621415	0.002046788426094669	negative	False
Rhizorhabdus	PDAC_057	-0.2680318378236629	0.0034897308670834037	negative	False
Rhizorhabdus	PDAC_058	-0.27906120506777743	0.0025959050573171913	negative	False
Rhizorhabdus	PDAC_059	-0.27872123090204837	0.0020573288401283937	negative	False
Rhizorhabdus	PDAC_060	-0.29148658097221514	0.001797625514047804	negative	False
Rhizorhabdus	PDAC_061	-0.2851759457763132	0.0019638297910404227	negative	False
Rhizorhabdus	PDAC_062	-0.2770491336210983	0.002176404652610228	negative	False
Citromicrobium	PDAC_001	-0.008308135771608225	0.9550962625038824	negative	False
Citromicrobium	PDAC_002	-0.013105068368708953	0.9296612547209575	negative	False
Citromicrobium	PDAC_003	0.015463396871795211	0.9154374377022545	positive	False
Citromicrobium	PDAC_004	-0.012395623507549134	0.9325468608187848	negative	False
Citromicrobium	PDAC_005	0.04038756134628497	0.7729976745516691	positive	False
Citromicrobium	PDAC_006	-0.01124317517666339	0.9391176474308573	negative	False
Citromicrobium	PDAC_007	-0.01398341076454052	0.9243530388931568	negative	False
Citromicrobium	PDAC_008	-0.010428501017990298	0.9442768955528682	negative	False
Citromicrobium	PDAC_009	0.006078678127427751	0.9670709422848216	positive	False
Citromicrobium	PDAC_010	-0.014748495895575581	0.9221168365905659	negative	False
Citromicrobium	PDAC_011	-0.010130135207911372	0.9451020273750368	negative	False
Citromicrobium	PDAC_012	-0.007530055549501579	0.9592110122067999	negative	False
Citromicrobium	PDAC_013	-0.015108379909680229	0.9192972053484614	negative	False
Citromicrobium	PDAC_014	-0.011238172846093566	0.9388808524032363	negative	False
Citromicrobium	PDAC_015	-0.010556316665544168	0.9426035813327804	negative	False
Citromicrobium	PDAC_016	-0.017393271764046602	0.9058513178018299	negative	False
Citromicrobium	PDAC_017	-0.00014136358441694505	0.9992334948171799	negative	False
Citromicrobium	PDAC_018	-0.0027106141524526938	0.9853297858455236	negative	False
Citromicrobium	PDAC_019	-0.011721497107729977	0.9376973776458658	negative	False
Citromicrobium	PDAC_020	-0.025202126687718963	0.8683933837817436	negative	False
Citromicrobium	PDAC_021	-0.01706375061882122	0.9083230178952911	negative	False
Citromicrobium	PDAC_022	-0.015258681174857874	0.9172901363272092	negative	False
Citromicrobium	PDAC_023	-0.017411357947590255	0.9066538178197441	negative	False
Citromicrobium	PDAC_024	-0.008615713116480158	0.9532381039114162	negative	False
Citromicrobium	PDAC_025	-0.008957158967128336	0.9513249004088395	negative	False
Citromicrobium	PDAC_026	-0.012031636513416715	0.9347035124989103	negative	False
Citromicrobium	PDAC_027	-0.012933582657912323	0.9297618871449651	negative	False
Citromicrobium	PDAC_028	-0.015584448353116127	0.9184324270162794	negative	False
Citromicrobium	PDAC_029	-0.010196277912845783	0.9445845631818599	negative	False
Citromicrobium	PDAC_030	-0.01739701968709036	0.9060930941843506	negative	False
Citromicrobium	PDAC_031	-0.009495368519902545	0.948281461643806	negative	False
Citromicrobium	PDAC_032	-0.012449369928844484	0.9334554977278782	negative	False
Citromicrobium	PDAC_033	-0.00867146805806794	0.9528599686090495	negative	False
Citromicrobium	PDAC_034	0.002126379050019577	0.989114163247463	positive	False
Citromicrobium	PDAC_035	-0.010675787500567495	0.9419928041867975	negative	False
Citromicrobium	PDAC_036	-0.013463377219122757	0.9274654559996129	negative	False
Citromicrobium	PDAC_037	-0.011825476436256461	0.9364443298522844	negative	False
Citromicrobium	PDAC_038	0.023374001374166183	0.8720570990661538	positive	False
Citromicrobium	PDAC_039	-0.016098351481979467	0.9143452479706393	negative	False
Citromicrobium	PDAC_040	-0.020260253701069656	0.8904736802058166	negative	False
Citromicrobium	PDAC_041	0.003546010782571946	0.9807601226739913	positive	False
Citromicrobium	PDAC_042	0.0014122188283573135	0.9923061563975457	positive	False
Citromicrobium	PDAC_043	-0.07407500856256861	0.6106352128623465	negative	False
Citromicrobium	PDAC_044	-0.0373708600201237	0.80751208396469	negative	False
Citromicrobium	PDAC_045	0.031100999754726143	0.8282520531731045	positive	False
Citromicrobium	PDAC_046	-0.013460241756530029	0.9273699402427096	negative	False
Citromicrobium	PDAC_047	-0.03133318045910135	0.841520674645992	negative	False
Citromicrobium	PDAC_048	-0.0071398548434192825	0.960955716863217	negative	False
Citromicrobium	PDAC_049	-0.03271847948846624	0.8330611789694539	negative	False
Citromicrobium	PDAC_050	-0.02880359205274359	0.8498560969854255	negative	False
Citromicrobium	PDAC_051	0.01683186170424879	0.9081537991294406	positive	False
Citromicrobium	PDAC_052	0.01356054585888318	0.927042093950323	positive	False
Citromicrobium	PDAC_053	-0.009918881663951178	0.9462777206886255	negative	False
Citromicrobium	PDAC_054	-0.03338482742080446	0.8284279635105484	negative	False
Citromicrobium	PDAC_055	-0.02554984110422766	0.8656516105826902	negative	False
Citromicrobium	PDAC_056	-0.036316737183458236	0.8091289351351146	negative	False
Citromicrobium	PDAC_057	-0.03010641907280759	0.8429504395725727	negative	False
Citromicrobium	PDAC_058	0.028917639786182503	0.8405766448204615	positive	False
Citromicrobium	PDAC_059	-0.009976070217636409	0.945837813158054	negative	False
Citromicrobium	PDAC_060	0.03689890408174643	0.7967434313536397	positive	False
Citromicrobium	PDAC_061	-0.035603917410287206	0.8130202606494878	negative	False
Citromicrobium	PDAC_062	-0.009487556953808828	0.9481999223635447	negative	False
Massilia	PDAC_001	0.1598394686284978	0.2501444396129156	positive	False
Massilia	PDAC_002	0.12808873923040762	0.35210021537263114	positive	False
Massilia	PDAC_003	0.17147436922160464	0.22280937854949143	positive	False
Massilia	PDAC_004	0.16364724386145835	0.24022096698032808	positive	False
Massilia	PDAC_005	0.1754963809565814	0.22490245246114252	positive	False
Massilia	PDAC_006	0.14216926297893456	0.30514794021706615	positive	False
Massilia	PDAC_007	0.16542257780894842	0.2391799739669483	positive	False
Massilia	PDAC_008	0.1868900254194148	0.18448706397895653	positive	False
Massilia	PDAC_009	0.1684381606578535	0.23415919876898666	positive	False
Massilia	PDAC_010	0.1136667414195195	0.40190066541571434	positive	False
Massilia	PDAC_011	0.145304463753642	0.2952765065654703	positive	False
Massilia	PDAC_012	0.1587817754989379	0.2569674992279853	positive	False
Massilia	PDAC_013	0.18455672742504733	0.19133872170778565	positive	False
Massilia	PDAC_014	0.16165862167020864	0.2455067599838516	positive	False
Massilia	PDAC_015	0.1605948599465743	0.24818498379087633	positive	False
Massilia	PDAC_016	0.16587720074252507	0.23783647557806453	positive	False
Massilia	PDAC_017	0.16453474056456807	0.240242580734874	positive	False
Massilia	PDAC_018	0.15677027901212928	0.25867003956867235	positive	False
Massilia	PDAC_019	0.12095584876131951	0.3784063644110707	positive	False
Massilia	PDAC_020	0.17976378914704766	0.21934987521976	positive	False
Massilia	PDAC_021	0.12505380989730816	0.3599896441251861	positive	False
Massilia	PDAC_022	0.16537400605618674	0.23804588351564854	positive	False
Massilia	PDAC_023	0.17420634211285277	0.2197412069755961	positive	False
Massilia	PDAC_024	0.155314133044512	0.2624894358779824	positive	False
Massilia	PDAC_025	0.1661987135510817	0.2300272614527666	positive	False
Massilia	PDAC_026	0.14636971787294736	0.2910405140087214	positive	False
Massilia	PDAC_027	0.16100113530000515	0.2488129759807993	positive	False
Massilia	PDAC_028	0.1901845073249099	0.18553361778725563	positive	False
Massilia	PDAC_029	0.16001186125808087	0.2496766888802809	positive	False
Massilia	PDAC_030	0.16815904519695235	0.2330602350537495	positive	False
Massilia	PDAC_031	0.15923642620126918	0.25149603896817857	positive	False
Massilia	PDAC_032	0.18629655861645167	0.17286431205687208	positive	False
Massilia	PDAC_033	0.1583762413720862	0.2534749461645658	positive	False
Massilia	PDAC_034	0.13603757497362853	0.336737557440693	positive	False
Massilia	PDAC_035	0.1544106663855069	0.26583136013041414	positive	False
Massilia	PDAC_036	0.17396596248732546	0.21718868391292429	positive	False
Massilia	PDAC_037	0.13069737726886424	0.34386431468805567	positive	False
Massilia	PDAC_038	0.11192144385752367	0.40189320649285576	positive	False
Massilia	PDAC_039	0.18719116971415078	0.18574199276094658	positive	False
Massilia	PDAC_040	0.16962762624382777	0.22821258599475003	positive	False
Massilia	PDAC_041	0.16490964908039712	0.24089130772773432	positive	False
Massilia	PDAC_042	0.1597671529554632	0.24947788560138928	positive	False
Massilia	PDAC_043	0.17513279074034724	0.23026635417029753	positive	False
Massilia	PDAC_044	0.17308011583298302	0.22301198514546616	positive	False
Massilia	PDAC_045	0.16661318277528558	0.23781001693265325	positive	False
Massilia	PDAC_046	0.16088538569297559	0.24571491700073012	positive	False
Massilia	PDAC_047	0.1541222886471936	0.285561817540209	positive	False
Massilia	PDAC_048	0.16022798484521253	0.24799374089208218	positive	False
Massilia	PDAC_049	0.17499773720134018	0.21996902746583644	positive	False
Massilia	PDAC_050	0.17184278340172693	0.2216189287346347	positive	False
Massilia	PDAC_051	0.1658298353470894	0.23560371268023678	positive	False
Massilia	PDAC_052	0.19230319032510912	0.1731872239115554	positive	False
Massilia	PDAC_053	0.1597121553157934	0.2502014826427549	positive	False
Massilia	PDAC_054	0.1609966198736898	0.2594072805519514	positive	False
Massilia	PDAC_055	0.15327333881919464	0.2735530599582659	positive	False
Massilia	PDAC_056	0.14912884645878466	0.2862574269029542	positive	False
Massilia	PDAC_057	0.15240145560429277	0.27889750945677416	positive	False
Massilia	PDAC_058	0.13809803930581613	0.3200690736006117	positive	False
Massilia	PDAC_059	0.16118863891139987	0.2468548185349595	positive	False
Massilia	PDAC_060	0.13647196256247487	0.3314282282927369	positive	False
Massilia	PDAC_061	0.15507402097734166	0.26907329644531947	positive	False
Massilia	PDAC_062	0.15955375931781077	0.2504899635770876	positive	False
Candida	PDAC_001	-1.1226222916029642	2.1816753215221733e-05	negative	False
Candida	PDAC_002	-1.1048343455903198	3.875864192494451e-05	negative	False
Candida	PDAC_003	-1.1443005716131653	2.1413079178843593e-05	negative	False
Candida	PDAC_004	-1.1212976999919249	2.2832324400354114e-05	negative	False
Candida	PDAC_005	-1.127281134743453	4.523427230937612e-05	negative	False
Candida	PDAC_006	-1.1062916761264807	2.978477876950616e-05	negative	False
Candida	PDAC_007	-1.1385760223861048	2.2415293761472123e-05	negative	False
Candida	PDAC_008	-1.1535260901070912	2.3549473815958332e-05	negative	False
Candida	PDAC_009	-1.1256629727881846	3.038335439999057e-05	negative	False
Candida	PDAC_010	-1.173411207256221	1.911014546972591e-05	negative	False
Candida	PDAC_011	-1.0983724238709016	2.9706157499779264e-05	negative	False
Candida	PDAC_012	-1.1140936936119719	2.7812645896279153e-05	negative	False
Candida	PDAC_013	-1.158088969711517	2.1426688784171363e-05	negative	False
Candida	PDAC_014	-1.126644676208388	2.206320816058702e-05	negative	False
Candida	PDAC_015	-1.1219047947566796	2.164915042621855e-05	negative	False
Candida	PDAC_016	-1.1419303732258426	2.130074164995705e-05	negative	False
Candida	PDAC_017	-1.1385197243335579	2.1313796295355393e-05	negative	False
Candida	PDAC_018	-1.1199344885696625	2.2305798445966455e-05	negative	False
Candida	PDAC_019	-1.0476924473935885	4.210063285348719e-05	negative	False
Candida	PDAC_020	-1.2008270393281015	1.031727660588474e-05	negative	False
Candida	PDAC_021	-1.0886712692561604	4.0156262683189084e-05	negative	False
Candida	PDAC_022	-1.1372146755083274	2.1862273326044698e-05	negative	False
Candida	PDAC_023	-1.0632426655997853	3.972685874900095e-05	negative	False
Candida	PDAC_024	-1.1222628845928917	2.1486899116281743e-05	negative	False
Candida	PDAC_025	-1.1225483205523745	2.172413835813538e-05	negative	False
Candida	PDAC_026	-1.10984126591705	2.6793104678258143e-05	negative	False
Candida	PDAC_027	-1.107808577404504	2.6648048544625977e-05	negative	False
Candida	PDAC_028	-1.1861497709952817	1.5896034906560107e-05	negative	False
Candida	PDAC_029	-1.1246313880429764	2.1905772680717784e-05	negative	False
Candida	PDAC_030	-1.1458312796453891	2.1327562240261724e-05	negative	False
Candida	PDAC_031	-1.1235094536384795	2.218651240653137e-05	negative	False
Candida	PDAC_032	-1.1328891631107456	1.890726682669993e-05	negative	False
Candida	PDAC_033	-1.130001373742429	1.865319447081334e-05	negative	False
Candida	PDAC_034	-1.1650613766989388	1.676149203831302e-05	negative	False
Candida	PDAC_035	-1.126306518628124	2.2147073541250445e-05	negative	False
Candida	PDAC_036	-1.0532224917474398	3.188678596636437e-05	negative	False
Candida	PDAC_037	-1.1462709105764366	2.3380159319974155e-05	negative	False
Candida	PDAC_038	-1.1697408360511785	1.7631783854660977e-05	negative	False
Candida	PDAC_039	-1.025592616930195	2.796862559949127e-05	negative	False
Candida	PDAC_040	-1.1198183779845936	2.9408396860695037e-05	negative	False
Candida	PDAC_041	-1.1447694539491706	2.053831564012182e-05	negative	False
Candida	PDAC_042	-1.1146472227437234	2.3725837487099914e-05	negative	False
Candida	PDAC_043	-1.1432829064396475	3.6349307384999846e-05	negative	False
Candida	PDAC_044	-1.1168084589921214	3.4322428577219504e-05	negative	False
Candida	PDAC_045	-1.1090003449301886	3.2056082543816284e-05	negative	False
Candida	PDAC_046	-1.1165890738132087	2.3639689331492012e-05	negative	False
Candida	PDAC_047	-1.11448566071377	4.246189060416991e-05	negative	False
Candida	PDAC_048	-1.128444799876626	1.9087615262313362e-05	negative	False
Candida	PDAC_049	-1.1168824998672742	3.754156338276792e-05	negative	False
Candida	PDAC_050	-1.1551538820713019	1.5048669292005105e-05	negative	False
Candida	PDAC_051	-1.1110129194569947	2.741932518124468e-05	negative	False
Candida	PDAC_052	-1.2100255822676875	5.215170932222344e-06	negative	False
Candida	PDAC_053	-1.1248838516200013	2.2490574565722833e-05	negative	False
Candida	PDAC_054	-1.1098413030564933	3.6997976521047284e-05	negative	False
Candida	PDAC_055	-1.107920198963191	2.904057251904759e-05	negative	False
Candida	PDAC_056	-1.1148816769895078	2.759080419719006e-05	negative	False
Candida	PDAC_057	-1.1072258871982477	3.174355196718749e-05	negative	False
Candida	PDAC_058	-1.108491690936982	3.12221478439328e-05	negative	False
Candida	PDAC_059	-1.126513930975724	2.2118827190725206e-05	negative	False
Candida	PDAC_060	-1.1191060463120888	3.4946777924489746e-05	negative	False
Candida	PDAC_061	-1.1041372739581732	3.06787420372312e-05	negative	False
Candida	PDAC_062	-1.12487501484772	2.0728374696422214e-05	negative	False
Ramlibacter	PDAC_001	-0.36367340742556903	0.0004679175895063013	negative	False
Ramlibacter	PDAC_002	-0.37340355697982985	0.00035706630215475403	negative	False
Ramlibacter	PDAC_003	-0.36200289045842515	0.0005119440658611429	negative	False
Ramlibacter	PDAC_004	-0.3631955278674251	0.0004670830777798554	negative	False
Ramlibacter	PDAC_005	-0.38728350363834785	0.00018869144947124947	negative	False
Ramlibacter	PDAC_006	-0.3576346891995199	0.0005565027651619057	negative	False
Ramlibacter	PDAC_007	-0.3634612956752388	0.00048166505421015664	negative	False
Ramlibacter	PDAC_008	-0.3550320221667239	0.0006889209779886032	negative	False
Ramlibacter	PDAC_009	-0.36564158258047047	0.00047388589934845064	negative	False
Ramlibacter	PDAC_010	-0.37061395554955473	0.0004834405382404838	negative	False
Ramlibacter	PDAC_011	-0.36450922341155734	0.0004567172839769867	negative	False
Ramlibacter	PDAC_012	-0.3661029593178455	0.0004352927637899419	negative	False
Ramlibacter	PDAC_013	-0.3551479450385982	0.0006866254327580348	negative	False
Ramlibacter	PDAC_014	-0.36186835922828575	0.00047968485294905863	negative	False
Ramlibacter	PDAC_015	-0.3626688932145222	0.00047213684657288233	negative	False
Ramlibacter	PDAC_016	-0.36561009647851794	0.00044925817966636123	negative	False
Ramlibacter	PDAC_017	-0.3618021519706969	0.0004962470714019864	negative	False
Ramlibacter	PDAC_018	-0.36957451525109647	0.00040560530845659183	negative	False
Ramlibacter	PDAC_019	-0.34537318662636324	0.0008380512597916624	negative	False
Ramlibacter	PDAC_020	-0.3648929993254028	0.0006903104266791068	negative	False
Ramlibacter	PDAC_021	-0.3554850248944649	0.0006403239209946931	negative	False
Ramlibacter	PDAC_022	-0.3589882616767025	0.0005361462312203467	negative	False
Ramlibacter	PDAC_023	-0.36069387609957565	0.0005766037581840129	negative	False
Ramlibacter	PDAC_024	-0.3652531610191061	0.0004392510158935922	negative	False
Ramlibacter	PDAC_025	-0.364475278438097	0.00044467775028487826	negative	False
Ramlibacter	PDAC_026	-0.3594492054388253	0.0005197232283212496	negative	False
Ramlibacter	PDAC_027	-0.36057089604687126	0.0005036038110416366	negative	False
Ramlibacter	PDAC_028	-0.36023581800066146	0.0007608922646109701	negative	False
Ramlibacter	PDAC_029	-0.3625266421434993	0.0004681455425413463	negative	False
Ramlibacter	PDAC_030	-0.3596755562242471	0.0005513017434433568	negative	False
Ramlibacter	PDAC_031	-0.36325471331603026	0.0004574891807275171	negative	False
Ramlibacter	PDAC_032	-0.38235774889865903	0.00021740467433675186	negative	False
Ramlibacter	PDAC_033	-0.3643603362816817	0.00044754393556677255	negative	False
Ramlibacter	PDAC_034	-0.40872976418863316	2.985063198768458e-05	negative	False
Ramlibacter	PDAC_035	-0.36092925022898337	0.0004898261923246858	negative	False
Ramlibacter	PDAC_036	-0.3540340252428829	0.0006383832087247863	negative	False
Ramlibacter	PDAC_037	-0.35517187725452387	0.0006418419731596541	negative	False
Ramlibacter	PDAC_038	-0.38130004034891896	0.00025688523581696913	negative	False
Ramlibacter	PDAC_039	-0.36124276284803886	0.0006167541310747152	negative	False
Ramlibacter	PDAC_040	-0.36005717353572764	0.0005409154744029222	negative	False
Ramlibacter	PDAC_041	-0.3584197938856622	0.0005555749654775556	negative	False
Ramlibacter	PDAC_042	-0.35701776991119033	0.0006251995659001857	negative	False
Ramlibacter	PDAC_043	-0.32341494702603496	0.0015228507203076302	negative	False
Ramlibacter	PDAC_044	-0.35107916337757206	0.001153616478399366	negative	False
Ramlibacter	PDAC_045	-0.34378578450839264	0.0011048650655452622	negative	False
Ramlibacter	PDAC_046	-0.3550493077844482	0.0006420710891937204	negative	False
Ramlibacter	PDAC_047	-0.3792552060066179	0.0005185573226343006	negative	False
Ramlibacter	PDAC_048	-0.3605241365831823	0.0005359405588396147	negative	False
Ramlibacter	PDAC_049	-0.3302457630061098	0.0013508892332302431	negative	False
Ramlibacter	PDAC_050	-0.3464283447216508	0.001052591125044799	negative	False
Ramlibacter	PDAC_051	-0.3580625856774555	0.0007269702708314885	negative	False
Ramlibacter	PDAC_052	-0.3896031033408453	0.00015410764555950766	negative	False
Ramlibacter	PDAC_053	-0.3628949330914608	0.0004777297451642459	negative	False
Ramlibacter	PDAC_054	-0.35395432158812334	0.0011004697082729839	negative	False
Ramlibacter	PDAC_055	-0.3630377121926677	0.0006478026859890619	negative	False
Ramlibacter	PDAC_056	-0.3710142898898564	0.0004861998977653479	negative	False
Ramlibacter	PDAC_057	-0.3651628167808767	0.0006666408816530161	negative	False
Ramlibacter	PDAC_058	-0.36085211211247	0.0007631932299958231	negative	False
Ramlibacter	PDAC_059	-0.36455012181642016	0.00045414931529173943	negative	False
Ramlibacter	PDAC_060	-0.3832272385883729	0.0003503561151668212	negative	False
Ramlibacter	PDAC_061	-0.37330990668352115	0.0004409069692389234	negative	False
Ramlibacter	PDAC_062	-0.3624593838258918	0.0004911043156366378	negative	False
Caulobacter	PDAC_001	-0.1192019041291807	0.015445410750629869	negative	False
Caulobacter	PDAC_002	-0.11299629127649853	0.022220482400225075	negative	False
Caulobacter	PDAC_003	-0.12018583200832278	0.015378548945665128	negative	False
Caulobacter	PDAC_004	-0.11943274021493631	0.015286274255908632	negative	False
Caulobacter	PDAC_005	-0.12210141437246674	0.016034299005060565	negative	False
Caulobacter	PDAC_006	-0.11556890823665662	0.019071987746600516	negative	False
Caulobacter	PDAC_007	-0.11345830586498135	0.020932936447406333	negative	False
Caulobacter	PDAC_008	-0.11301531683909337	0.0228382601044838	negative	False
Caulobacter	PDAC_009	-0.12564544170016867	0.01099433500870183	negative	False
Caulobacter	PDAC_010	-0.1167007991771849	0.021212808967563394	negative	False
Caulobacter	PDAC_011	-0.11629818454218402	0.01835678499792826	negative	False
Caulobacter	PDAC_012	-0.12603977799057384	0.010030464825526247	negative	False
Caulobacter	PDAC_013	-0.11690879044480233	0.019560821958746054	negative	False
Caulobacter	PDAC_014	-0.1189279406417255	0.015760828252022314	negative	False
Caulobacter	PDAC_015	-0.11898665552230592	0.01569348484177779	negative	False
Caulobacter	PDAC_016	-0.11860980383725914	0.016573621012373925	negative	False
Caulobacter	PDAC_017	-0.12062710242574264	0.014595675718799807	negative	False
Caulobacter	PDAC_018	-0.12041370811013233	0.01523208133162807	negative	False
Caulobacter	PDAC_019	-0.10979336808693764	0.025862206161209954	negative	False
Caulobacter	PDAC_020	-0.12179464592717523	0.0177806159313106	negative	False
Caulobacter	PDAC_021	-0.12090051076029469	0.015325341232647682	negative	False
Caulobacter	PDAC_022	-0.11971715530009355	0.015424547203326418	negative	False
Caulobacter	PDAC_023	-0.11413105783952646	0.021474062542813373	negative	False
Caulobacter	PDAC_024	-0.12193976321561802	0.013678276194981734	negative	False
Caulobacter	PDAC_025	-0.11956688358770093	0.01532150577014954	negative	False
Caulobacter	PDAC_026	-0.11663310923421295	0.0179731263681998	negative	False
Caulobacter	PDAC_027	-0.11783306859500914	0.0168778188828972	negative	False
Caulobacter	PDAC_028	-0.10670077983389847	0.0297524126862761	negative	False
Caulobacter	PDAC_029	-0.11891922894248612	0.0158749262525286	negative	False
Caulobacter	PDAC_030	-0.11940657361776963	0.01615955731188324	negative	False
Caulobacter	PDAC_031	-0.11895112002057245	0.01563151633242394	negative	False
Caulobacter	PDAC_032	-0.13276305755146162	0.006133156516627291	negative	False
Caulobacter	PDAC_033	-0.11946564539388674	0.015386905217153343	negative	False
Caulobacter	PDAC_034	-0.13682165114917477	0.005063582565560068	negative	False
Caulobacter	PDAC_035	-0.11858247797641194	0.01611279765066912	negative	False
Caulobacter	PDAC_036	-0.11722013436513384	0.018251436949551007	negative	False
Caulobacter	PDAC_037	-0.11602465379545973	0.019582767207183455	negative	False
Caulobacter	PDAC_038	-0.11740546604179207	0.01952588165627938	negative	False
Caulobacter	PDAC_039	-0.1175109985789664	0.019508300877820933	negative	False
Caulobacter	PDAC_040	-0.12579937688989878	0.010549456493696182	negative	False
Caulobacter	PDAC_041	-0.12137567758591641	0.014187869506545584	negative	False
Caulobacter	PDAC_042	-0.12154159517432411	0.014196249836680108	negative	False
Caulobacter	PDAC_043	-0.13168939832375454	0.010674782558395917	negative	False
Caulobacter	PDAC_044	-0.1256241454289043	0.014129410577586337	negative	False
Caulobacter	PDAC_045	-0.11950779538133266	0.018735469330567668	negative	False
Caulobacter	PDAC_046	-0.11878641269662235	0.015904398552843497	negative	False
Caulobacter	PDAC_047	-0.11728547376790535	0.024477498445079026	negative	False
Caulobacter	PDAC_048	-0.11814203977488016	0.016137945418501123	negative	False
Caulobacter	PDAC_049	-0.11936250213165718	0.021307609911442982	negative	False
Caulobacter	PDAC_050	-0.11850214887377755	0.019449414205977265	negative	False
Caulobacter	PDAC_051	-0.12136557463858515	0.01565616335588528	negative	False
Caulobacter	PDAC_052	-0.1376910101788372	0.003303578383058915	negative	False
Caulobacter	PDAC_053	-0.11910126820966342	0.015479941383496234	negative	False
Caulobacter	PDAC_054	-0.11181354464014327	0.027026682598307438	negative	False
Caulobacter	PDAC_055	-0.11805073221857064	0.018843024863745117	negative	False
Caulobacter	PDAC_056	-0.12376381004569302	0.01397482569848112	negative	False
Caulobacter	PDAC_057	-0.11268499905660664	0.02418865101688526	negative	False
Caulobacter	PDAC_058	-0.1023120123042787	0.028487138821111733	negative	False
Caulobacter	PDAC_059	-0.122848270687191	0.012170950299183764	negative	False
Caulobacter	PDAC_060	-0.10879639511464548	0.02937922415136252	negative	False
Caulobacter	PDAC_061	-0.10916900311669059	0.025662099001669193	negative	False
Caulobacter	PDAC_062	-0.11893565642847559	0.015584567692686097	negative	False
Bacteroides	PDAC_001	0.24922530756385308	0.4030849153830923	positive	False
Bacteroides	PDAC_002	0.2733647817892027	0.36321454682362775	positive	False
Bacteroides	PDAC_003	0.22514444779573178	0.45010477885019096	positive	False
Bacteroides	PDAC_004	0.24309312216790135	0.4148868433104207	positive	False
Bacteroides	PDAC_005	0.20004986102104064	0.505071398549046	positive	False
Bacteroides	PDAC_006	0.23494105919939307	0.43084415461483283	positive	False
Bacteroides	PDAC_007	0.23039804123011898	0.43973763034553115	positive	False
Bacteroides	PDAC_008	0.22264347945968344	0.4591549722416882	positive	False
Bacteroides	PDAC_009	0.21516744989245584	0.46997059088790694	positive	False
Bacteroides	PDAC_010	0.2721930879216115	0.37294935461161605	positive	False
Bacteroides	PDAC_011	0.2655067884625535	0.373303251218974	positive	False
Bacteroides	PDAC_012	0.26395564380065895	0.3764104758607818	positive	False
Bacteroides	PDAC_013	0.2845045242248412	0.34462480947848795	positive	False
Bacteroides	PDAC_014	0.2529958945840245	0.39565113261181606	positive	False
Bacteroides	PDAC_015	0.2533349809964531	0.394776248794251	positive	False
Bacteroides	PDAC_016	0.2727972530179822	0.3606419472613932	positive	False
Bacteroides	PDAC_017	0.2545458837977309	0.3939371368107658	positive	False
Bacteroides	PDAC_018	0.2383684843334399	0.4272783761353385	positive	False
Bacteroides	PDAC_019	0.3000813231058239	0.3177748840449445	positive	False
Bacteroides	PDAC_020	0.1969250059893201	0.5157759222572273	positive	False
Bacteroides	PDAC_021	0.2843920541008323	0.34220321415454846	positive	False
Bacteroides	PDAC_022	0.25028700589304664	0.4020114060160128	positive	False
Bacteroides	PDAC_023	0.21812522544089477	0.4659904669975241	positive	False
Bacteroides	PDAC_024	0.24604415737401844	0.4097277043089764	positive	False
Bacteroides	PDAC_025	0.24387395011444687	0.4129367739945825	positive	False
Bacteroides	PDAC_026	0.2383071715153408	0.4239345236002532	positive	False
Bacteroides	PDAC_027	0.23821504469017443	0.424057932331414	positive	False
Bacteroides	PDAC_028	0.2958459514483111	0.3327800650351248	positive	False
Bacteroides	PDAC_029	0.24926007705175732	0.40345183209149205	positive	False
Bacteroides	PDAC_030	0.22394808857285525	0.4526427625377669	positive	False
Bacteroides	PDAC_031	0.2483012728985088	0.4042890126712484	positive	False
Bacteroides	PDAC_032	0.2744625577767872	0.36394789508852277	positive	False
Bacteroides	PDAC_033	0.2564773868236591	0.3908399973640978	positive	False
Bacteroides	PDAC_034	0.22137979285001566	0.4845099520617657	positive	False
Bacteroides	PDAC_035	0.2561899393266645	0.38955072403670776	positive	False
Bacteroides	PDAC_036	0.22628696463332396	0.44889704431055233	positive	False
Bacteroides	PDAC_037	0.22565668197405406	0.4510744003800369	positive	False
Bacteroides	PDAC_038	0.2683645904071181	0.37624722731418603	positive	False
Bacteroides	PDAC_039	0.2833093448226887	0.3486858075348621	positive	False
Bacteroides	PDAC_040	0.24615602598567748	0.4110603786789089	positive	False
Bacteroides	PDAC_041	0.24966719289798336	0.40394795471520806	positive	False
Bacteroides	PDAC_042	0.2795943765708501	0.3517171456500603	positive	False
Bacteroides	PDAC_043	0.3960241977195939	0.15958972379421815	positive	False
Bacteroides	PDAC_044	0.3573584945989355	0.22547474610393423	positive	False
Bacteroides	PDAC_045	0.15517835581472048	0.5917135296236193	positive	False
Bacteroides	PDAC_046	0.25437608996606453	0.3947988618166284	positive	False
Bacteroides	PDAC_047	0.17295035727339783	0.5701856590103447	positive	False
Bacteroides	PDAC_048	0.24747441196921927	0.40615337673634866	positive	False
Bacteroides	PDAC_049	0.24304767720544407	0.44253582822504656	positive	False
Bacteroides	PDAC_050	0.28649748274346803	0.35241116564122366	positive	False
Bacteroides	PDAC_051	0.24714304947411106	0.41816254031439315	positive	False
Bacteroides	PDAC_052	0.23818605808676682	0.43446767702913014	positive	False
Bacteroides	PDAC_053	0.249181555148633	0.40405192046880056	positive	False
Bacteroides	PDAC_054	0.26632649801791275	0.39704173467751425	positive	False
Bacteroides	PDAC_055	0.27057346800448423	0.3770887725621178	positive	False
Bacteroides	PDAC_056	0.31938360738984356	0.2880874689536895	positive	False
Bacteroides	PDAC_057	0.19851157845110146	0.5115458166914373	positive	False
Bacteroides	PDAC_058	0.21197121440615993	0.48699826474748265	positive	False
Bacteroides	PDAC_059	0.2548132449533616	0.39218684640265833	positive	False
Bacteroides	PDAC_060	0.22252061090803862	0.4772393057736256	positive	False
Bacteroides	PDAC_061	0.194536194392495	0.5161588739168566	positive	False
Bacteroides	PDAC_062	0.24814584590565272	0.404228838454059	positive	False
Enterococcus	PDAC_001	-0.07254672957363438	0.6413028896924764	negative	False
Enterococcus	PDAC_002	-0.0770202032526093	0.6255728044500919	negative	False
Enterococcus	PDAC_003	-0.08097341727834052	0.606069895956499	negative	False
Enterococcus	PDAC_004	-0.07639170142966227	0.6261830970489631	negative	False
Enterococcus	PDAC_005	-0.0915221618130271	0.5646640438406823	negative	False
Enterococcus	PDAC_006	-0.07505427317850999	0.6320311470914743	negative	False
Enterococcus	PDAC_007	-0.07778774660289095	0.6200441490848537	negative	False
Enterococcus	PDAC_008	-0.07447393559663097	0.6384995431772416	negative	False
Enterococcus	PDAC_009	-0.0873177641657217	0.5782031019331402	negative	False
Enterococcus	PDAC_010	-0.0791816366654679	0.6207755142616196	negative	False
Enterococcus	PDAC_011	-0.0739566841867691	0.6367189595567713	negative	False
Enterococcus	PDAC_012	-0.08573628909728526	0.5842747921834135	negative	False
Enterococcus	PDAC_013	-0.07915132190346102	0.6173459834511761	negative	False
Enterococcus	PDAC_014	-0.07527057898728402	0.6309944330557411	negative	False
Enterococcus	PDAC_015	-0.07464680753261321	0.6337572145253774	negative	False
Enterococcus	PDAC_016	-0.08119764945871764	0.6047293958676292	negative	False
Enterococcus	PDAC_017	-0.08084077104917355	0.6061004725517245	negative	False
Enterococcus	PDAC_018	-0.10052119220673882	0.5129989552065745	negative	False
Enterococcus	PDAC_019	-0.07593118140151857	0.6334813775593399	negative	False
Enterococcus	PDAC_020	-0.09014270517100056	0.575334412370305	negative	False
Enterococcus	PDAC_021	-0.08095844329044201	0.6075060873266525	negative	False
Enterococcus	PDAC_022	-0.07907510659386845	0.6139964383830576	negative	False
Enterococcus	PDAC_023	-0.08135640325347077	0.606308583597275	negative	False
Enterococcus	PDAC_024	-0.0731761327638521	0.641490787173628	negative	False
Enterococcus	PDAC_025	-0.08355712668590516	0.5880881600908243	negative	False
Enterococcus	PDAC_026	-0.07589633012887419	0.6279316400539069	negative	False
Enterococcus	PDAC_027	-0.07681443319647926	0.6238942417973738	negative	False
Enterococcus	PDAC_028	-0.0803669425522792	0.6182860518134912	negative	False
Enterococcus	PDAC_029	-0.07433606539988374	0.6350898641256499	negative	False
Enterococcus	PDAC_030	-0.04784124532138787	0.7565950060077677	negative	False
Enterococcus	PDAC_031	-0.07371219386002713	0.6389160995826698	negative	False
Enterococcus	PDAC_032	-0.07830944810140998	0.6217742694565056	negative	False
Enterococcus	PDAC_033	-0.07307302752521055	0.6417613350697706	negative	False
Enterococcus	PDAC_034	-0.0683270048155898	0.6853540245508086	negative	False
Enterococcus	PDAC_035	-0.07469022583457485	0.6332558064628321	negative	False
Enterococcus	PDAC_036	-0.029159188613776192	0.8456000543516113	negative	False
Enterococcus	PDAC_037	-0.07571188137922824	0.6311169839821262	negative	False
Enterococcus	PDAC_038	-0.08635965772939977	0.5856561775702035	negative	False
Enterococcus	PDAC_039	-0.08026404149650747	0.6135119809409435	negative	False
Enterococcus	PDAC_040	-0.08407073738482153	0.5921093628231063	negative	False
Enterococcus	PDAC_041	-0.08351507297496595	0.5943673543264665	negative	False
Enterococcus	PDAC_042	-0.063789006045301	0.6876729612946436	negative	False
Enterococcus	PDAC_043	-0.02639801706648059	0.8733695771640985	negative	False
Enterococcus	PDAC_044	-0.0335723564902499	0.8358827069756316	negative	False
Enterococcus	PDAC_045	-0.03689715174835288	0.8184864740843047	negative	False
Enterococcus	PDAC_046	-0.0675062572098086	0.6692959258150588	negative	False
Enterococcus	PDAC_047	-0.016819900655912042	0.9157592843170166	negative	False
Enterococcus	PDAC_048	-0.0772750272829197	0.619030831508404	negative	False
Enterococcus	PDAC_049	-0.11009989298977747	0.49099909869632596	negative	False
Enterococcus	PDAC_050	-0.07785208827971676	0.6322400005108093	negative	False
Enterococcus	PDAC_051	-0.11035828473227317	0.47268784503287664	negative	False
Enterococcus	PDAC_052	-0.06987717565821686	0.6618187776846814	negative	False
Enterococcus	PDAC_053	-0.0739322867595901	0.6350604164331877	negative	False
Enterococcus	PDAC_054	-0.09273158970308726	0.5702268296365807	negative	False
Enterococcus	PDAC_055	-0.08708679418340452	0.5859526095548264	negative	False
Enterococcus	PDAC_056	-0.05001509628801853	0.756530992943349	negative	False
Enterococcus	PDAC_057	-0.08731499150606077	0.5884841059502883	negative	False
Enterococcus	PDAC_058	-0.132076530835106	0.3671401421109568	negative	False
Enterococcus	PDAC_059	-0.0678516513430971	0.6615206255560823	negative	False
Enterococcus	PDAC_060	-0.032573095770735964	0.8410248833835473	negative	False
Enterococcus	PDAC_061	-0.03877624178218525	0.8083650736297311	negative	False
Enterococcus	PDAC_062	-0.07494086978797722	0.6298002259702742	negative	False
Laribacter	PDAC_001	0.09458366066642121	0.5288777715216675	positive	False
Laribacter	PDAC_002	0.0985953582851928	0.5146966184934294	positive	False
Laribacter	PDAC_003	0.09248637072687486	0.5391697150764432	positive	False
Laribacter	PDAC_004	0.09383984482938396	0.5319724885098795	positive	False
Laribacter	PDAC_005	0.08885098417445998	0.5619952989443131	positive	False
Laribacter	PDAC_006	0.09724900285342114	0.5180430203010058	positive	False
Laribacter	PDAC_007	0.0950290286477781	0.527816338132185	positive	False
Laribacter	PDAC_008	0.10265713777813353	0.49869947410838866	positive	False
Laribacter	PDAC_009	0.08743554589715702	0.5619902350539101	positive	False
Laribacter	PDAC_010	0.10124210591984148	0.5087914918648913	positive	False
Laribacter	PDAC_011	0.09790572226629246	0.5150898396115657	positive	False
Laribacter	PDAC_012	0.10519577772829318	0.48403283567238176	positive	False
Laribacter	PDAC_013	0.09795423447090824	0.5190086922379504	positive	False
Laribacter	PDAC_014	0.09477219904826156	0.5282215356413316	positive	False
Laribacter	PDAC_015	0.09513807331814494	0.5268827404069041	positive	False
Laribacter	PDAC_016	0.09160479284275404	0.5424954753471771	positive	False
Laribacter	PDAC_017	0.11315024466607602	0.450039439876303	positive	False
Laribacter	PDAC_018	0.09991799037385886	0.5112905923305309	positive	False
Laribacter	PDAC_019	0.10272238274527494	0.5001744760833353	positive	False
Laribacter	PDAC_020	0.09371481422721897	0.5456858881975903	positive	False
Laribacter	PDAC_021	0.0943653917460411	0.5326630158234521	positive	False
Laribacter	PDAC_022	0.0930425157482742	0.5359342897913788	positive	False
Laribacter	PDAC_023	0.09465003220631858	0.5321043218138699	positive	False
Laribacter	PDAC_024	0.09545470122905406	0.5272561291795103	positive	False
Laribacter	PDAC_025	0.09557489933016194	0.525968979646006	positive	False
Laribacter	PDAC_026	0.09537010175125166	0.525726778659648	positive	False
Laribacter	PDAC_027	0.09427190581405594	0.5303267186071198	positive	False
Laribacter	PDAC_028	0.1024785525209093	0.5066860343063794	positive	False
Laribacter	PDAC_029	0.09526197475949545	0.5266045851611998	positive	False
Laribacter	PDAC_030	0.09256338573001417	0.5390815122750527	positive	False
Laribacter	PDAC_031	0.09563763487291065	0.5246045750917754	positive	False
Laribacter	PDAC_032	0.08970277996730276	0.5588658812706764	positive	False
Laribacter	PDAC_033	0.09583037136808617	0.5248024794756683	positive	False
Laribacter	PDAC_034	0.10333961325405593	0.5240722596687134	positive	False
Laribacter	PDAC_035	0.09544281224513346	0.5255463990478115	positive	False
Laribacter	PDAC_036	0.09703397697986844	0.5202830013072461	positive	False
Laribacter	PDAC_037	0.09948619732324752	0.510455973607296	positive	False
Laribacter	PDAC_038	0.09172747841812962	0.546941160376453	positive	False
Laribacter	PDAC_039	0.09800673350531655	0.5201059248531901	positive	False
Laribacter	PDAC_040	0.08940629520043997	0.5524269259591563	positive	False
Laribacter	PDAC_041	0.08942147940130372	0.5519601397159757	positive	False
Laribacter	PDAC_042	0.10429619928108783	0.49062006694203	positive	False
Laribacter	PDAC_043	0.024493520573666567	0.8671654863675039	positive	False
Laribacter	PDAC_044	0.05550358552089148	0.7207920063074922	positive	False
Laribacter	PDAC_045	0.0575927419693803	0.7079711488596074	positive	False
Laribacter	PDAC_046	0.0888566268624874	0.5576926421864301	positive	False
Laribacter	PDAC_047	0.0722270473259556	0.6549218378152635	positive	False
Laribacter	PDAC_048	0.09771745532365315	0.5148399034471334	positive	False
Laribacter	PDAC_049	0.14417848089767604	0.3361889608535297	positive	False
Laribacter	PDAC_050	0.06609110137375138	0.6703001694109718	positive	False
Laribacter	PDAC_051	0.058521725409661406	0.6998620805897258	positive	False
Laribacter	PDAC_052	0.12039981213527606	0.42394468953233866	positive	False
Laribacter	PDAC_053	0.09554317512527992	0.5266030023820774	positive	False
Laribacter	PDAC_054	0.0657052446777524	0.6771109749099314	positive	False
Laribacter	PDAC_055	0.07457335210569468	0.6302280482752112	positive	False
Laribacter	PDAC_056	0.11855787805491425	0.43859722206116236	positive	False
Laribacter	PDAC_057	0.1319007853195923	0.3816198992172648	positive	False
Laribacter	PDAC_058	0.13014461744864134	0.38939017972008083	positive	False
Laribacter	PDAC_059	0.09032468635152871	0.546086815499418	positive	False
Laribacter	PDAC_060	0.1380058640275469	0.3634544875145169	positive	False
Laribacter	PDAC_061	0.1298343734049758	0.38782044682861205	positive	False
Laribacter	PDAC_062	0.09573158384411624	0.5234944306610065	positive	False
Variovorax	PDAC_001	-0.31268780768539356	0.000543955579724498	negative	False
Variovorax	PDAC_002	-0.31818165018989475	0.000484843065154875	negative	False
Variovorax	PDAC_003	-0.3110555119485234	0.0005965858631246511	negative	False
Variovorax	PDAC_004	-0.3117981457661669	0.000544348763128542	negative	False
Variovorax	PDAC_005	-0.34404203633062325	7.587356096413274e-05	negative	False
Variovorax	PDAC_006	-0.3081557573674747	0.0006279616625982118	negative	False
Variovorax	PDAC_007	-0.3122564801447546	0.0005629226648065612	negative	False
Variovorax	PDAC_008	-0.30625821653947866	0.0007784329041948558	negative	False
Variovorax	PDAC_009	-0.31524853419148513	0.000534040485269662	negative	False
Variovorax	PDAC_010	-0.315510021102273	0.0006544663381340989	negative	False
Variovorax	PDAC_011	-0.3126115940628272	0.0005436190653636321	negative	False
Variovorax	PDAC_012	-0.3161809993455907	0.0004796581094161314	negative	False
Variovorax	PDAC_013	-0.3030056245334344	0.0008363527829984943	negative	False
Variovorax	PDAC_014	-0.3106754310955111	0.0005542030879461965	negative	False
Variovorax	PDAC_015	-0.31147349017294557	0.000544502537315208	negative	False
Variovorax	PDAC_016	-0.31637978051782656	0.0004826724863934759	negative	False
Variovorax	PDAC_017	-0.31094730929213993	0.0005748832075420175	negative	False
Variovorax	PDAC_018	-0.3176798948743409	0.0004574271439600468	negative	False
Variovorax	PDAC_019	-0.30458665881752345	0.0008585310559154067	negative	False
Variovorax	PDAC_020	-0.30722879677429366	0.0009934423802904475	negative	False
Variovorax	PDAC_021	-0.30580378286415916	0.0007365524597996212	negative	False
Variovorax	PDAC_022	-0.307447405252817	0.0006361136823669475	negative	False
Variovorax	PDAC_023	-0.3109754067698638	0.0006514743208443336	negative	False
Variovorax	PDAC_024	-0.3125165620499258	0.0005355237227630267	negative	False
Variovorax	PDAC_025	-0.3125404875439188	0.0005262329827553616	negative	False
Variovorax	PDAC_026	-0.31121808139152546	0.0005610427183613156	negative	False
Variovorax	PDAC_027	-0.3102954391926043	0.0005737302054143412	negative	False
Variovorax	PDAC_028	-0.3143959861948594	0.0007564298939995445	negative	False
Variovorax	PDAC_029	-0.31145508130429517	0.0005356163866387622	negative	False
Variovorax	PDAC_030	-0.30845977433889465	0.0006516676799619989	negative	False
Variovorax	PDAC_031	-0.31208935174424635	0.0005251550517127667	negative	False
Variovorax	PDAC_032	-0.3309456080494832	0.00020597883331502497	negative	False
Variovorax	PDAC_033	-0.31337199610182565	0.0005037441322604991	negative	False
Variovorax	PDAC_034	-0.3482253106751796	5.801683043592636e-05	negative	False
Variovorax	PDAC_035	-0.3106302607009057	0.0005563931209487504	negative	False
Variovorax	PDAC_036	-0.3035337066280858	0.0007482519728607517	negative	False
Variovorax	PDAC_037	-0.3004423138210775	0.0008155102250806026	negative	False
Variovorax	PDAC_038	-0.3284812891065608	0.00029627002080886587	negative	False
Variovorax	PDAC_039	-0.30615614628317817	0.0008152220447905296	negative	False
Variovorax	PDAC_040	-0.31031143696684216	0.0006111067414757215	negative	False
Variovorax	PDAC_041	-0.30817897480697903	0.0006395686063812726	negative	False
Variovorax	PDAC_042	-0.31072232531777044	0.0006143995798549855	negative	False
Variovorax	PDAC_043	-0.2862118246814102	0.001968509433219823	negative	False
Variovorax	PDAC_044	-0.3027508406156643	0.0012403627322932576	negative	False
Variovorax	PDAC_045	-0.2907052983723099	0.0012731297747888858	negative	False
Variovorax	PDAC_046	-0.3048682691128387	0.0007485749467796516	negative	False
Variovorax	PDAC_047	-0.32114881220350583	0.000754567736992929	negative	False
Variovorax	PDAC_048	-0.3103566289833039	0.0005984635039751265	negative	False
Variovorax	PDAC_049	-0.2845622256119343	0.0015099332089068178	negative	False
Variovorax	PDAC_050	-0.294905260957766	0.0012129599051744094	negative	False
Variovorax	PDAC_051	-0.30930634300547966	0.0007704065138955314	negative	False
Variovorax	PDAC_052	-0.33666275910217797	0.00016368453942423302	negative	False
Variovorax	PDAC_053	-0.31184559929479455	0.0005564646672945575	negative	False
Variovorax	PDAC_054	-0.3036405625234413	0.0012240280128182149	negative	False
Variovorax	PDAC_055	-0.3096474880940764	0.0007878901958959192	negative	False
Variovorax	PDAC_056	-0.3158304328358641	0.0006281899989793979	negative	False
Variovorax	PDAC_057	-0.308128380676603	0.0009099636698342516	negative	False
Variovorax	PDAC_058	-0.3079665434974747	0.0009090626361609097	negative	False
Variovorax	PDAC_059	-0.31024702091505435	0.0005601650974800206	negative	False
Variovorax	PDAC_060	-0.3332291264325649	0.0002864130481419837	negative	False
Variovorax	PDAC_061	-0.31773950920447475	0.0005784642122027872	negative	False
Variovorax	PDAC_062	-0.3115203431763319	0.0005614683301911677	negative	False
Pseudomonas	PDAC_001	0.1093823982023696	0.11313926539112905	positive	False
Pseudomonas	PDAC_002	0.11283993444834098	0.10588585207243904	positive	False
Pseudomonas	PDAC_003	0.10916811600098614	0.11552342300261359	positive	False
Pseudomonas	PDAC_004	0.10903390486393245	0.11422700427283629	positive	False
Pseudomonas	PDAC_005	0.11277770955706122	0.1108409105571813	positive	False
Pseudomonas	PDAC_006	0.11351169022455776	0.10183269831171392	positive	False
Pseudomonas	PDAC_007	0.11118604116011613	0.10901390875897142	positive	False
Pseudomonas	PDAC_008	0.11980434364249579	0.0850780245615506	positive	False
Pseudomonas	PDAC_009	0.10538963113016377	0.12808418706816932	positive	False
Pseudomonas	PDAC_010	0.11825597366733699	0.09294001910270056	positive	False
Pseudomonas	PDAC_011	0.1146858611908698	0.09831528769612467	positive	False
Pseudomonas	PDAC_012	0.10142597465274528	0.1369041341091098	positive	False
Pseudomonas	PDAC_013	0.1115443561554459	0.11133923736453841	positive	False
Pseudomonas	PDAC_014	0.10933492711872907	0.11342669334734645	positive	False
Pseudomonas	PDAC_015	0.10982448745551773	0.11251720487705383	positive	False
Pseudomonas	PDAC_016	0.10746186044097443	0.12015677101785625	positive	False
Pseudomonas	PDAC_017	0.10670230311417357	0.12178532787442699	positive	False
Pseudomonas	PDAC_018	0.11237330771980669	0.10776252098345179	positive	False
Pseudomonas	PDAC_019	0.11867355242449185	0.0899349389226301	positive	False
Pseudomonas	PDAC_020	0.11263807495131307	0.11543275591547264	positive	False
Pseudomonas	PDAC_021	0.11074611141181201	0.11218174510942941	positive	False
Pseudomonas	PDAC_022	0.10733691675765054	0.12002958630842563	positive	False
Pseudomonas	PDAC_023	0.11319075584317748	0.10511483578836431	positive	False
Pseudomonas	PDAC_024	0.10927049719679567	0.11561613122177915	positive	False
Pseudomonas	PDAC_025	0.11014028855615451	0.11173124143782927	positive	False
Pseudomonas	PDAC_026	0.11126233475865939	0.10830209244315407	positive	False
Pseudomonas	PDAC_027	0.10943835906436228	0.1134375997571451	positive	False
Pseudomonas	PDAC_028	0.12032263727288546	0.08849453156788706	positive	False
Pseudomonas	PDAC_029	0.10978035410891629	0.11277123689707176	positive	False
Pseudomonas	PDAC_030	0.10821362990186223	0.11866163672612444	positive	False
Pseudomonas	PDAC_031	0.1099743977694299	0.11140177189120835	positive	False
Pseudomonas	PDAC_032	0.10399607391501707	0.1387502545303372	positive	False
Pseudomonas	PDAC_033	0.11006446205435748	0.11207441361638422	positive	False
Pseudomonas	PDAC_034	0.11929731543462237	0.10496919523270627	positive	False
Pseudomonas	PDAC_035	0.10946407615845492	0.11317030859701993	positive	False
Pseudomonas	PDAC_036	0.11017014863762496	0.11313698461232975	positive	False
Pseudomonas	PDAC_037	0.11269276554954923	0.10600419301345158	positive	False
Pseudomonas	PDAC_038	0.10835363512938735	0.12246735972535343	positive	False
Pseudomonas	PDAC_039	0.11153088797564539	0.11257429178825432	positive	False
Pseudomonas	PDAC_040	0.10282245745829176	0.13441804798671336	positive	False
Pseudomonas	PDAC_041	0.10587723376301973	0.12495688988924335	positive	False
Pseudomonas	PDAC_042	0.10261609680214463	0.14122188211079387	positive	False
Pseudomonas	PDAC_043	0.08006551280418761	0.2363379751497509	positive	False
Pseudomonas	PDAC_044	0.08849210660195762	0.2032788808805334	positive	False
Pseudomonas	PDAC_045	0.09770284696047049	0.169717175775729	positive	False
Pseudomonas	PDAC_046	0.10701397907248063	0.12418939604046693	positive	False
Pseudomonas	PDAC_047	0.11552589357611484	0.11949271620649664	positive	False
Pseudomonas	PDAC_048	0.10947239840153687	0.11433008466432008	positive	False
Pseudomonas	PDAC_049	0.10384348629699756	0.15830179520295798	positive	False
Pseudomonas	PDAC_050	0.09822396191434118	0.16722425372289268	positive	False
Pseudomonas	PDAC_051	0.10271461506265958	0.14697412675170507	positive	False
Pseudomonas	PDAC_052	0.11032283426345822	0.11803818460279317	positive	False
Pseudomonas	PDAC_053	0.10984047889170362	0.11325107766023235	positive	False
Pseudomonas	PDAC_054	0.11100394985153449	0.12975314520633643	positive	False
Pseudomonas	PDAC_055	0.10364809456039271	0.14509190940700248	positive	False
Pseudomonas	PDAC_056	0.09678869721692801	0.1688263835812582	positive	False
Pseudomonas	PDAC_057	0.10836944454629094	0.13231564253539613	positive	False
Pseudomonas	PDAC_058	0.1368637755132852	0.036888111394931825	positive	False
Pseudomonas	PDAC_059	0.10577860910278238	0.12177993305814021	positive	False
Pseudomonas	PDAC_060	0.13727202925190932	0.03932520360874905	positive	False
Pseudomonas	PDAC_061	0.12893464528499496	0.05933272160145244	positive	False
Pseudomonas	PDAC_062	0.10994970332840698	0.11105033927384428	positive	False
Methylobacterium	PDAC_001	0.20952139406585077	0.08609199754386272	positive	False
Methylobacterium	PDAC_002	0.2249289256691669	0.07108789065173515	positive	False
Methylobacterium	PDAC_003	0.21625378504590767	0.0810022899775891	positive	False
Methylobacterium	PDAC_004	0.21263337203967256	0.08223971164141786	positive	False
Methylobacterium	PDAC_005	0.22363354847764677	0.07938703905732145	positive	False
Methylobacterium	PDAC_006	0.22793339318667424	0.06293432246809855	positive	False
Methylobacterium	PDAC_007	0.2244062623092078	0.06846671058963036	positive	False
Methylobacterium	PDAC_008	0.23493069516714524	0.058209738878695697	positive	False
Methylobacterium	PDAC_009	0.21364573371471926	0.08657511146889661	positive	False
Methylobacterium	PDAC_010	0.2266743958328879	0.07471597899392472	positive	False
Methylobacterium	PDAC_011	0.1931911065457673	0.11126049777463375	positive	False
Methylobacterium	PDAC_012	0.21124910660032734	0.08638150885285911	positive	False
Methylobacterium	PDAC_013	0.1670562645579583	0.14962466540314187	positive	False
Methylobacterium	PDAC_014	0.211421534795433	0.08371775504116516	positive	False
Methylobacterium	PDAC_015	0.21070973237690235	0.08445760177597733	positive	False
Methylobacterium	PDAC_016	0.21120328741305802	0.0874160860876559	positive	False
Methylobacterium	PDAC_017	0.20946159376207293	0.08881785365070109	positive	False
Methylobacterium	PDAC_018	0.21101809317258724	0.08326856983413664	positive	False
Methylobacterium	PDAC_019	0.2316174828353891	0.06488493425001014	positive	False
Methylobacterium	PDAC_020	0.22794487511989414	0.07734386686419133	positive	False
Methylobacterium	PDAC_021	0.17110926663553103	0.1428625978898658	positive	False
Methylobacterium	PDAC_022	0.21336099912082218	0.08342104678276854	positive	False
Methylobacterium	PDAC_023	0.21837063435051657	0.08133671845708425	positive	False
Methylobacterium	PDAC_024	0.20292159013613664	0.09442785506283512	positive	False
Methylobacterium	PDAC_025	0.21707036859901246	0.07508329169045903	positive	False
Methylobacterium	PDAC_026	0.19468618892762285	0.10849157916842098	positive	False
Methylobacterium	PDAC_027	0.19488382202523022	0.1080259091267646	positive	False
Methylobacterium	PDAC_028	0.2290754326635215	0.07416202664662881	positive	False
Methylobacterium	PDAC_029	0.20987295507424003	0.08540148041911075	positive	False
Methylobacterium	PDAC_030	0.21535158235998747	0.08273754341525354	positive	False
Methylobacterium	PDAC_031	0.20986866030723475	0.08513998697998533	positive	False
Methylobacterium	PDAC_032	0.24106406501507446	0.04275522722394172	positive	False
Methylobacterium	PDAC_033	0.2080401031147231	0.08735993409729215	positive	False
Methylobacterium	PDAC_034	0.20556032868280363	0.10294787222096709	positive	False
Methylobacterium	PDAC_035	0.2129404940783922	0.08173841287855624	positive	False
Methylobacterium	PDAC_036	0.1784576100933093	0.13342690903612703	positive	False
Methylobacterium	PDAC_037	0.17680601522749645	0.1367100549164716	positive	False
Methylobacterium	PDAC_038	0.20800591766017534	0.09993214419826607	positive	False
Methylobacterium	PDAC_039	0.162544660684338	0.15516296679940741	positive	False
Methylobacterium	PDAC_040	0.219451688135781	0.07638713443329204	positive	False
Methylobacterium	PDAC_041	0.2075434305980261	0.09284602765984111	positive	False
Methylobacterium	PDAC_042	0.2064615307049875	0.08945048929159144	positive	False
Methylobacterium	PDAC_043	0.22771083586024826	0.07369317345165134	positive	False
Methylobacterium	PDAC_044	0.20553163659853857	0.09913291949404157	positive	False
Methylobacterium	PDAC_045	0.20673610514440216	0.09433087820332096	positive	False
Methylobacterium	PDAC_046	0.20875204594864516	0.08618594678981938	positive	False
Methylobacterium	PDAC_047	0.21140711909623547	0.09453646536845055	positive	False
Methylobacterium	PDAC_048	0.20928039049545474	0.08579783568665805	positive	False
Methylobacterium	PDAC_049	0.22718490655176607	0.06848329603641497	positive	False
Methylobacterium	PDAC_050	0.21664103548899172	0.07964756177864807	positive	False
Methylobacterium	PDAC_051	0.20230893530721605	0.09758525951299968	positive	False
Methylobacterium	PDAC_052	0.22468224266377512	0.07684038350525649	positive	False
Methylobacterium	PDAC_053	0.2096904518300502	0.0855981204060583	positive	False
Methylobacterium	PDAC_054	0.20746199085245354	0.09650934779300702	positive	False
Methylobacterium	PDAC_055	0.20462713332941032	0.09498157821861679	positive	False
Methylobacterium	PDAC_056	0.19790300083593018	0.10459052876861467	positive	False
Methylobacterium	PDAC_057	0.20689881933453677	0.09356609965153187	positive	False
Methylobacterium	PDAC_058	0.19101115538037625	0.11492694716648263	positive	False
Methylobacterium	PDAC_059	0.21344523300593224	0.08105186317323146	positive	False
Methylobacterium	PDAC_060	0.2062446382334408	0.09903792680888882	positive	False
Methylobacterium	PDAC_061	0.2126902580037001	0.08405548938127269	positive	False
Methylobacterium	PDAC_062	0.2094034811007559	0.0859024212484884	positive	False
Elizabethkingia	PDAC_001	0.38833142168030216	0.03131092307155568	positive	False
Elizabethkingia	PDAC_002	0.4091357131867283	0.02412623280034051	positive	False
Elizabethkingia	PDAC_003	0.3420815170752823	0.04982713819030018	positive	False
Elizabethkingia	PDAC_004	0.38382425965550904	0.03332532729279959	positive	False
Elizabethkingia	PDAC_005	0.4164435411109788	0.022991223569941377	positive	False
Elizabethkingia	PDAC_006	0.3928748586624069	0.029859530480953918	positive	False
Elizabethkingia	PDAC_007	0.3965074843349853	0.02847689336135168	positive	False
Elizabethkingia	PDAC_008	0.41100882994492355	0.023952148020767318	positive	False
Elizabethkingia	PDAC_009	0.39880366467686795	0.028254654052156297	positive	False
Elizabethkingia	PDAC_010	0.4249337848002437	0.019261610937958425	positive	False
Elizabethkingia	PDAC_011	0.3969797458881695	0.027967418467459194	positive	False
Elizabethkingia	PDAC_012	0.38915595392262736	0.03137959782944431	positive	False
Elizabethkingia	PDAC_013	0.3964561397727343	0.0304251355240022	positive	False
Elizabethkingia	PDAC_014	0.3898673303407123	0.03064347084358037	positive	False
Elizabethkingia	PDAC_015	0.3891599383028942	0.03093637628015962	positive	False
Elizabethkingia	PDAC_016	0.3743056239235837	0.03792617760495349	positive	False
Elizabethkingia	PDAC_017	0.38928218285969823	0.03129906289071976	positive	False
Elizabethkingia	PDAC_018	0.41494960395911434	0.02166269752477614	positive	False
Elizabethkingia	PDAC_019	0.386791440932523	0.03567079409324383	positive	False
Elizabethkingia	PDAC_020	0.3944336395121457	0.03544824399854876	positive	False
Elizabethkingia	PDAC_021	0.38239645234444797	0.03569676614838404	positive	False
Elizabethkingia	PDAC_022	0.3848003082145078	0.03325681997991703	positive	False
Elizabethkingia	PDAC_023	0.38520545458131994	0.0348401705020649	positive	False
Elizabethkingia	PDAC_024	0.3901348183238307	0.030935701594536655	positive	False
Elizabethkingia	PDAC_025	0.3917321453872396	0.030163838574937762	positive	False
Elizabethkingia	PDAC_026	0.3854037621144009	0.032757913195070695	positive	False
Elizabethkingia	PDAC_027	0.3782271911263643	0.035795077037827076	positive	False
Elizabethkingia	PDAC_028	0.316821233633516	0.05942220402080877	positive	False
Elizabethkingia	PDAC_029	0.38715930793028935	0.03203358782613273	positive	False
Elizabethkingia	PDAC_030	0.3556760502928163	0.045578643049624445	positive	False
Elizabethkingia	PDAC_031	0.3890641634420852	0.031165636574342664	positive	False
Elizabethkingia	PDAC_032	0.4215578802879332	0.01949072389499705	positive	False
Elizabethkingia	PDAC_033	0.38984717191016	0.03090762431181484	positive	False
Elizabethkingia	PDAC_034	0.42751842627456654	0.02295862339781795	positive	False
Elizabethkingia	PDAC_035	0.38975324658929705	0.030700679569452903	positive	False
Elizabethkingia	PDAC_036	0.3985237689214834	0.02819814864224242	positive	False
Elizabethkingia	PDAC_037	0.3952144231572494	0.030028953094569644	positive	False
Elizabethkingia	PDAC_038	0.40331954141648746	0.027832018118454992	positive	False
Elizabethkingia	PDAC_039	0.39761903797925396	0.030520866887172038	positive	False
Elizabethkingia	PDAC_040	0.3757839939376402	0.037594620341480575	positive	False
Elizabethkingia	PDAC_041	0.3780524465707674	0.036416632924858715	positive	False
Elizabethkingia	PDAC_042	0.3185228251763767	0.05561420235919961	positive	False
Elizabethkingia	PDAC_043	0.31513908769638876	0.07100899941318584	positive	False
Elizabethkingia	PDAC_044	0.37876352928608903	0.04514376871434422	positive	False
Elizabethkingia	PDAC_045	0.3633551593429775	0.04905350930626198	positive	False
Elizabethkingia	PDAC_046	0.3811923605149914	0.03459438691911406	positive	False
Elizabethkingia	PDAC_047	0.42502877400497363	0.024355662005205236	positive	False
Elizabethkingia	PDAC_048	0.37816571311776953	0.0359098882852757	positive	False
Elizabethkingia	PDAC_049	0.41320635292589436	0.029218018233019824	positive	False
Elizabethkingia	PDAC_050	0.40235208417310125	0.030913530615939575	positive	False
Elizabethkingia	PDAC_051	0.3932355472498318	0.033085764165569034	positive	False
Elizabethkingia	PDAC_052	0.38166288244015717	0.038655173579700476	positive	False
Elizabethkingia	PDAC_053	0.3880668312134949	0.03145526479849466	positive	False
Elizabethkingia	PDAC_054	0.4113939589398807	0.029014984622682295	positive	False
Elizabethkingia	PDAC_055	0.39959619715944655	0.030706516565582247	positive	False
Elizabethkingia	PDAC_056	0.3927694410792842	0.034167533693449235	positive	False
Elizabethkingia	PDAC_057	0.4052530628218305	0.029440978071023884	positive	False
Elizabethkingia	PDAC_058	0.37805231480864154	0.04208043958758956	positive	False
Elizabethkingia	PDAC_059	0.3879636687749156	0.031482212104473356	positive	False
Elizabethkingia	PDAC_060	0.3811500162840975	0.04481050162266772	positive	False
Elizabethkingia	PDAC_061	0.37154079360009507	0.04381744327201438	positive	False
Elizabethkingia	PDAC_062	0.38767669357741874	0.031586932457356276	positive	False
Tessaracoccus	PDAC_001	-0.10805568390929106	0.19335583963242775	negative	False
Tessaracoccus	PDAC_002	-0.08677170962418529	0.28314643096252035	negative	False
Tessaracoccus	PDAC_003	-0.11140487389960078	0.18233229009498889	negative	False
Tessaracoccus	PDAC_004	-0.10914825567961083	0.18798965220604194	negative	False
Tessaracoccus	PDAC_005	-0.10257795211434668	0.22904643513758507	negative	False
Tessaracoccus	PDAC_006	-0.10512049724122297	0.20696868878874797	negative	False
Tessaracoccus	PDAC_007	-0.10727489916733686	0.19855987560424884	negative	False
Tessaracoccus	PDAC_008	-0.10340818173864973	0.2203200612114956	negative	False
Tessaracoccus	PDAC_009	-0.11447647283741584	0.17157030705658097	negative	False
Tessaracoccus	PDAC_010	-0.09645391640252404	0.25326171496690514	negative	False
Tessaracoccus	PDAC_011	-0.10074762111792199	0.2249897607283198	negative	False
Tessaracoccus	PDAC_012	-0.11258299970412314	0.17556441469259493	negative	False
Tessaracoccus	PDAC_013	-0.09835984138703553	0.2404180691366557	negative	False
Tessaracoccus	PDAC_014	-0.10854195263089154	0.19072602572906258	negative	False
Tessaracoccus	PDAC_015	-0.10805233396408989	0.19345033813378754	negative	False
Tessaracoccus	PDAC_016	-0.11788957383772086	0.15465462673876343	negative	False
Tessaracoccus	PDAC_017	-0.10987992696917871	0.18676174714996982	negative	False
Tessaracoccus	PDAC_018	-0.10489817509491198	0.2072011443247441	negative	False
Tessaracoccus	PDAC_019	-0.0979996519529358	0.24427874279048226	negative	False
Tessaracoccus	PDAC_020	-0.12334407844179446	0.14923226757196112	negative	False
Tessaracoccus	PDAC_021	-0.09563961435576734	0.2486480650193366	negative	False
Tessaracoccus	PDAC_022	-0.10767808415331877	0.19611767745982783	negative	False
Tessaracoccus	PDAC_023	-0.11232625079959255	0.18228443673358374	negative	False
Tessaracoccus	PDAC_024	-0.10922799349985407	0.1889573169931892	negative	False
Tessaracoccus	PDAC_025	-0.10733184979474279	0.1947028662976061	negative	False
Tessaracoccus	PDAC_026	-0.11351289702219416	0.17045550881192725	negative	False
Tessaracoccus	PDAC_027	-0.10933320072062928	0.1880708786619609	negative	False
Tessaracoccus	PDAC_028	-0.0997391679074412	0.24469494559644234	negative	False
Tessaracoccus	PDAC_029	-0.1083405564027385	0.1920243256382341	negative	False
Tessaracoccus	PDAC_030	-0.12093570718213877	0.14367215586311619	negative	False
Tessaracoccus	PDAC_031	-0.10815193210311583	0.19132955069180427	negative	False
Tessaracoccus	PDAC_032	-0.11387947790969205	0.17552082010480438	negative	False
Tessaracoccus	PDAC_033	-0.1084692765914114	0.191233071270922	negative	False
Tessaracoccus	PDAC_034	-0.14092457168462785	0.08527789412616467	negative	False
Tessaracoccus	PDAC_035	-0.1081708278892048	0.19258233876586345	negative	False
Tessaracoccus	PDAC_036	-0.10129002972532168	0.22484812837430365	negative	False
Tessaracoccus	PDAC_037	-0.09539792336184237	0.2494446863466711	negative	False
Tessaracoccus	PDAC_038	-0.10881051645162011	0.1999777642603143	negative	False
Tessaracoccus	PDAC_039	-0.09954891110625332	0.23754933582790044	negative	False
Tessaracoccus	PDAC_040	-0.11509599548362477	0.16715217192109497	negative	False
Tessaracoccus	PDAC_041	-0.11181554528160517	0.179922128837042	negative	False
Tessaracoccus	PDAC_042	-0.11307255065486482	0.17648625251555308	negative	False
Tessaracoccus	PDAC_043	-0.1411349660941869	0.08913337795319781	negative	False
Tessaracoccus	PDAC_044	-0.12714352012091046	0.13654194471594686	negative	False
Tessaracoccus	PDAC_045	-0.11927064085723416	0.16330617924682014	negative	False
Tessaracoccus	PDAC_046	-0.11026277566967378	0.18548385511978113	negative	False
Tessaracoccus	PDAC_047	-0.09432474574925549	0.2720725995194738	negative	False
Tessaracoccus	PDAC_048	-0.10862931830847578	0.1907391048548775	negative	False
Tessaracoccus	PDAC_049	-0.1100769317559364	0.20855563011974287	negative	False
Tessaracoccus	PDAC_050	-0.11190160577244708	0.19153984196849863	negative	False
Tessaracoccus	PDAC_051	-0.1084153055961346	0.19988232545455664	negative	False
Tessaracoccus	PDAC_052	-0.12826921546228084	0.12250074246397415	negative	False
Tessaracoccus	PDAC_053	-0.10843728028340463	0.19102480709910102	negative	False
Tessaracoccus	PDAC_054	-0.10153783426179255	0.23837214689373754	negative	False
Tessaracoccus	PDAC_055	-0.1142194062149105	0.17885823861844272	negative	False
Tessaracoccus	PDAC_056	-0.11100930667576352	0.19200047914197582	negative	False
Tessaracoccus	PDAC_057	-0.107277628502077	0.20918638066987047	negative	False
Tessaracoccus	PDAC_058	-0.09226422752283946	0.2645943639353662	negative	False
Tessaracoccus	PDAC_059	-0.11307509763434422	0.1693765495114878	negative	False
Tessaracoccus	PDAC_060	-0.08754576280427394	0.2898255148911242	negative	False
Tessaracoccus	PDAC_061	-0.0856769074221032	0.2847831761861499	negative	False
Tessaracoccus	PDAC_062	-0.10823288137305002	0.1908095752620147	negative	False
Agrobacterium	PDAC_001	-0.2147436229067421	0.04972075320720031	negative	False
Agrobacterium	PDAC_002	-0.20635625499800705	0.06036104802433842	negative	False
Agrobacterium	PDAC_003	-0.21880935390544748	0.046469005738730695	negative	False
Agrobacterium	PDAC_004	-0.21576356084872653	0.048550465660888484	negative	False
Agrobacterium	PDAC_005	-0.21924625265855066	0.05045033373752094	negative	False
Agrobacterium	PDAC_006	-0.212383457730777	0.05261900256097027	negative	False
Agrobacterium	PDAC_007	-0.2147124933327251	0.05040964766216335	negative	False
Agrobacterium	PDAC_008	-0.20583191674344528	0.06191067969143905	negative	False
Agrobacterium	PDAC_009	-0.2213630798914638	0.04449873732242489	negative	False
Agrobacterium	PDAC_010	-0.21908444040634706	0.050663499707139334	negative	False
Agrobacterium	PDAC_011	-0.21316496911424748	0.051670644096675516	negative	False
Agrobacterium	PDAC_012	-0.22384420469088057	0.040647984142246976	negative	False
Agrobacterium	PDAC_013	-0.21546015156781387	0.05209826816210476	negative	False
Agrobacterium	PDAC_014	-0.21475528717941708	0.04971119631883037	negative	False
Agrobacterium	PDAC_015	-0.2143801416655068	0.050239650989017295	negative	False
Agrobacterium	PDAC_016	-0.21791440942646903	0.04708981537720324	negative	False
Agrobacterium	PDAC_017	-0.21946382601931783	0.04514495955920689	negative	False
Agrobacterium	PDAC_018	-0.21260529215078056	0.05441861254669002	negative	False
Agrobacterium	PDAC_019	-0.20875995007323142	0.060138017332879136	negative	False
Agrobacterium	PDAC_020	-0.22998908599882692	0.04114082047759156	negative	False
Agrobacterium	PDAC_021	-0.2036326035782355	0.06283185265700163	negative	False
Agrobacterium	PDAC_022	-0.20795997079226308	0.057118658266874435	negative	False
Agrobacterium	PDAC_023	-0.20948820704089635	0.057489872487098796	negative	False
Agrobacterium	PDAC_024	-0.2199741271254148	0.04604353922320881	negative	False
Agrobacterium	PDAC_025	-0.2170906129685459	0.048435597988976155	negative	False
Agrobacterium	PDAC_026	-0.20826366814143593	0.05673659065450869	negative	False
Agrobacterium	PDAC_027	-0.2100862312302236	0.05481187247031447	negative	False
Agrobacterium	PDAC_028	-0.19171216842450373	0.07932081039086782	negative	False
Agrobacterium	PDAC_029	-0.21418261611749445	0.05092078448792238	negative	False
Agrobacterium	PDAC_030	-0.21481720856060854	0.050750719987606996	negative	False
Agrobacterium	PDAC_031	-0.214231898723895	0.05021588998562138	negative	False
Agrobacterium	PDAC_032	-0.23014690033779162	0.03836779775509204	negative	False
Agrobacterium	PDAC_033	-0.21514518092834098	0.04994493945186903	negative	False
Agrobacterium	PDAC_034	-0.2403856026357886	0.037054056930271	negative	False
Agrobacterium	PDAC_035	-0.21417223320870576	0.050406875598493356	negative	False
Agrobacterium	PDAC_036	-0.21234489675054785	0.05358112275845247	negative	False
Agrobacterium	PDAC_037	-0.20619663238078237	0.06025890754332886	negative	False
Agrobacterium	PDAC_038	-0.21333687780157806	0.05500588806268988	negative	False
Agrobacterium	PDAC_039	-0.20343338762030774	0.06510031545073439	negative	False
Agrobacterium	PDAC_040	-0.21274995121725343	0.052726376468001934	negative	False
Agrobacterium	PDAC_041	-0.2189889430068915	0.04603722115303382	negative	False
Agrobacterium	PDAC_042	-0.2190744958613102	0.04781255485668002	negative	False
Agrobacterium	PDAC_043	-0.26911616851599185	0.010052817637802743	negative	False
Agrobacterium	PDAC_044	-0.24217914680313357	0.03239167423028507	negative	False
Agrobacterium	PDAC_045	-0.23445305944807365	0.03837028689767083	negative	False
Agrobacterium	PDAC_046	-0.21731128741676273	0.04830862994873634	negative	False
Agrobacterium	PDAC_047	-0.2028932261990705	0.08094832013602249	negative	False
Agrobacterium	PDAC_048	-0.21329121386672684	0.05107618603876195	negative	False
Agrobacterium	PDAC_049	-0.22470041020283757	0.05407278754949149	negative	False
Agrobacterium	PDAC_050	-0.21998666159552072	0.05365780592545636	negative	False
Agrobacterium	PDAC_051	-0.2122885467892864	0.058486191931404446	negative	False
Agrobacterium	PDAC_052	-0.23421025325003197	0.03396412378981282	negative	False
Agrobacterium	PDAC_053	-0.21470672020971082	0.04955988579746052	negative	False
Agrobacterium	PDAC_054	-0.20320263949475617	0.07572868577799857	negative	False
Agrobacterium	PDAC_055	-0.20818388111968733	0.06342669703465528	negative	False
Agrobacterium	PDAC_056	-0.21103388409106588	0.06111347491601405	negative	False
Agrobacterium	PDAC_057	-0.2072514967204382	0.06680704985604055	negative	False
Agrobacterium	PDAC_058	-0.17177794849873154	0.09020759242578456	negative	False
Agrobacterium	PDAC_059	-0.22075601213875978	0.04289394236869519	negative	False
Agrobacterium	PDAC_060	-0.1815979944044367	0.09325567922113398	negative	False
Agrobacterium	PDAC_061	-0.1847880407508755	0.0834509778383148	negative	False
Agrobacterium	PDAC_062	-0.21407054631323907	0.05000788323173872	negative	False
Azospirillum	PDAC_001	0.10218183943106891	0.5556261159535794	positive	False
Azospirillum	PDAC_002	0.14170574032790728	0.4090753958707768	positive	False
Azospirillum	PDAC_003	0.08710984281901732	0.6174244684053449	positive	False
Azospirillum	PDAC_004	0.10390220903734489	0.5492773211225853	positive	False
Azospirillum	PDAC_005	0.07207282049617748	0.6823713789439398	positive	False
Azospirillum	PDAC_006	0.09438386502410756	0.5883064661266291	positive	False
Azospirillum	PDAC_007	0.09101204062096421	0.601788493680308	positive	False
Azospirillum	PDAC_008	0.09069214290228901	0.6078648322030058	positive	False
Azospirillum	PDAC_009	0.11436663017421927	0.5143404043717363	positive	False
Azospirillum	PDAC_010	0.08439379854267251	0.6358811592381948	positive	False
Azospirillum	PDAC_011	0.09608551280278518	0.5813467385320692	positive	False
Azospirillum	PDAC_012	0.10001931192951038	0.5662717898816233	positive	False
Azospirillum	PDAC_013	0.08603005596884314	0.6255353610193445	positive	False
Azospirillum	PDAC_014	0.09808967897610653	0.5728430437647469	positive	False
Azospirillum	PDAC_015	0.09935155252115357	0.5678714370965272	positive	False
Azospirillum	PDAC_016	0.08761910282259139	0.61489505563121	positive	False
Azospirillum	PDAC_017	0.1110164524510297	0.5235065927010577	positive	False
Azospirillum	PDAC_018	0.11553181433916615	0.5093977737786464	positive	False
Azospirillum	PDAC_019	0.08841219683330938	0.6184538534263118	positive	False
Azospirillum	PDAC_020	0.07237257233552778	0.68518290459115	positive	False
Azospirillum	PDAC_021	0.08544096756765499	0.6257258920549515	positive	False
Azospirillum	PDAC_022	0.09061056011343244	0.6027934139559725	positive	False
Azospirillum	PDAC_023	0.1419112225786719	0.4089285422945781	positive	False
Azospirillum	PDAC_024	0.10489685880259784	0.547112966136573	positive	False
Azospirillum	PDAC_025	0.10340218339574385	0.5525767999567728	positive	False
Azospirillum	PDAC_026	0.11199874444209339	0.5187165988370974	positive	False
Azospirillum	PDAC_027	0.1090227486016904	0.5301310806363289	positive	False
Azospirillum	PDAC_028	0.16645240580274182	0.32061300711282315	positive	False
Azospirillum	PDAC_029	0.10016647583316368	0.5646485999218771	positive	False
Azospirillum	PDAC_030	0.08654241607104156	0.6199078954292874	positive	False
Azospirillum	PDAC_031	0.09940820858361399	0.5659616959003322	positive	False
Azospirillum	PDAC_032	0.10803056636070378	0.5388402976124579	positive	False
Azospirillum	PDAC_033	0.09530496026959963	0.581693578865731	positive	False
Azospirillum	PDAC_034	0.1404164004146815	0.43704447594882845	positive	False
Azospirillum	PDAC_035	0.09846041297914182	0.571258310325783	positive	False
Azospirillum	PDAC_036	0.08992562692783526	0.6074688656334417	positive	False
Azospirillum	PDAC_037	0.09078613239985203	0.6051409901437679	positive	False
Azospirillum	PDAC_038	0.07827016634171219	0.6562127690327839	positive	False
Azospirillum	PDAC_039	0.08427051820901599	0.6336334412965381	positive	False
Azospirillum	PDAC_040	0.11429212351153648	0.5128036073641505	positive	False
Azospirillum	PDAC_041	0.11269613915191849	0.5182330090086904	positive	False
Azospirillum	PDAC_042	0.0874516344752737	0.6136631927209981	positive	False
Azospirillum	PDAC_043	0.19044510783574436	0.2332891628646784	positive	False
Azospirillum	PDAC_044	0.09411142660481181	0.6036098269559222	positive	False
Azospirillum	PDAC_045	0.09156103789418696	0.6083881780729707	positive	False
Azospirillum	PDAC_046	0.09837591645476858	0.570909886222023	positive	False
Azospirillum	PDAC_047	0.09289455223326189	0.613761680289642	positive	False
Azospirillum	PDAC_048	0.10447545775157896	0.5495110853647582	positive	False
Azospirillum	PDAC_049	0.08246464362640708	0.6488647201440066	positive	False
Azospirillum	PDAC_050	0.09955343787563342	0.5781715120482247	positive	False
Azospirillum	PDAC_051	0.07202627523669877	0.6772252244033693	positive	False
Azospirillum	PDAC_052	0.10568609022699188	0.5548708552141725	positive	False
Azospirillum	PDAC_053	0.1007002589255178	0.5615680016103661	positive	False
Azospirillum	PDAC_054	0.09980358110641156	0.5829863622749517	positive	False
Azospirillum	PDAC_055	0.08887826489053621	0.6146316602243376	positive	False
Azospirillum	PDAC_056	0.08870350861382933	0.6159106303821873	positive	False
Azospirillum	PDAC_057	0.08644673855348345	0.6265339044892951	positive	False
Azospirillum	PDAC_058	0.15729888569380174	0.3585029368652265	positive	False
Azospirillum	PDAC_059	0.10035807382152699	0.5635145888966139	positive	False
Azospirillum	PDAC_060	0.06443006454976545	0.7144829309896372	positive	False
Azospirillum	PDAC_061	0.08250286491607096	0.6393001663538538	positive	False
Azospirillum	PDAC_062	0.10005261218335312	0.5637395165140521	positive	False
Clostridium	PDAC_001	-0.3292573466572847	0.19158898155549023	negative	False
Clostridium	PDAC_002	-0.336466526448504	0.18949633310718902	negative	False
Clostridium	PDAC_003	-0.33817153906765957	0.18400004965170302	negative	False
Clostridium	PDAC_004	-0.33069615411991493	0.1899926618315461	negative	False
Clostridium	PDAC_005	-0.35631523880354593	0.17094847286447315	negative	False
Clostridium	PDAC_006	-0.33112526087975536	0.19160836743521534	negative	False
Clostridium	PDAC_007	-0.33435045904144584	0.18809442946453164	negative	False
Clostridium	PDAC_008	-0.33557859667321405	0.1931616432651439	negative	False
Clostridium	PDAC_009	-0.3458464725148345	0.17582251680072672	negative	False
Clostridium	PDAC_010	-0.3440334562977582	0.18760065805441667	negative	False
Clostridium	PDAC_011	-0.3296187904474831	0.19300826021385573	negative	False
Clostridium	PDAC_012	-0.34159438915750756	0.1777409828879109	negative	False
Clostridium	PDAC_013	-0.3402276495062348	0.18696687840360496	negative	False
Clostridium	PDAC_014	-0.3294409108148988	0.19146435707429843	negative	False
Clostridium	PDAC_015	-0.32864555184345334	0.19232979460717015	negative	False
Clostridium	PDAC_016	-0.33774643427312573	0.18365462607899455	negative	False
Clostridium	PDAC_017	-0.3115784170621306	0.21647454965174182	negative	False
Clostridium	PDAC_018	-0.3221936291340571	0.20282129913734528	negative	False
Clostridium	PDAC_019	-0.3387477812026825	0.1915673453400209	negative	False
Clostridium	PDAC_020	-0.3590443869103772	0.17323381596120535	negative	False
Clostridium	PDAC_021	-0.2308998890232286	0.31833194281306104	negative	False
Clostridium	PDAC_022	-0.2805050178254014	0.25609608783681176	negative	False
Clostridium	PDAC_023	-0.2208039702656352	0.3296738579904944	negative	False
Clostridium	PDAC_024	-0.326696494227506	0.19487487386737692	negative	False
Clostridium	PDAC_025	-0.3269218786848277	0.19441013609259933	negative	False
Clostridium	PDAC_026	-0.31110828732878837	0.2162123922062395	negative	False
Clostridium	PDAC_027	-0.3317941354924629	0.1893233245696283	negative	False
Clostridium	PDAC_028	-0.3480632683814999	0.1864748764943885	negative	False
Clostridium	PDAC_029	-0.32822044316070714	0.19278314641246036	negative	False
Clostridium	PDAC_030	-0.33873509274380464	0.183717430372136	negative	False
Clostridium	PDAC_031	-0.32746055684380987	0.19373854833613063	negative	False
Clostridium	PDAC_032	-0.3330174451948617	0.19024583554855715	negative	False
Clostridium	PDAC_033	-0.3266403959914866	0.19478838284151692	negative	False
Clostridium	PDAC_034	-0.33293142132513803	0.21106309152524488	negative	False
Clostridium	PDAC_035	-0.32892386460391054	0.1921770897490905	negative	False
Clostridium	PDAC_036	-0.33539544241001157	0.18891026146408368	negative	False
Clostridium	PDAC_037	-0.3347112508650621	0.19113904633962212	negative	False
Clostridium	PDAC_038	-0.3485346866912645	0.17755590571071458	negative	False
Clostridium	PDAC_039	-0.3426465019253762	0.18571694748150652	negative	False
Clostridium	PDAC_040	-0.34128616619978736	0.17995561184369885	negative	False
Clostridium	PDAC_041	-0.34019459922809164	0.18064363369189954	negative	False
Clostridium	PDAC_042	-0.3176601542962182	0.20814064832073464	negative	False
Clostridium	PDAC_043	-0.2957827911863621	0.2692362791315347	negative	False
Clostridium	PDAC_044	-0.2949841143278743	0.25421943644230677	negative	False
Clostridium	PDAC_045	-0.3476843588193889	0.17955885987140843	negative	False
Clostridium	PDAC_046	-0.32102782278252245	0.20233356197118316	negative	False
Clostridium	PDAC_047	-0.4684138883941466	0.031897491038308586	negative	False
Clostridium	PDAC_048	-0.33024601125671893	0.1899960447212744	negative	False
Clostridium	PDAC_049	-0.36764814290874864	0.16030250702024515	negative	False
Clostridium	PDAC_050	-0.29886821051954615	0.24303082947750224	negative	False
Clostridium	PDAC_051	-0.3061249569113045	0.22882521582618084	negative	False
Clostridium	PDAC_052	-0.3338996541254281	0.19988049181999987	negative	False
Clostridium	PDAC_053	-0.32852605092565984	0.19250652668671495	negative	False
Clostridium	PDAC_054	-0.28758513412315234	0.26375579984595915	negative	False
Clostridium	PDAC_055	-0.3012424255849164	0.2363270975756356	negative	False
Clostridium	PDAC_056	-0.30710726894736823	0.2295143163224784	negative	False
Clostridium	PDAC_057	-0.2954240676875543	0.24716773332604583	negative	False
Clostridium	PDAC_058	-0.3668113690044048	0.15276191100504935	negative	False
Clostridium	PDAC_059	-0.32803427506756616	0.19330189238401757	negative	False
Clostridium	PDAC_060	-0.2947636546234796	0.25610290493641774	negative	False
Clostridium	PDAC_061	-0.3684171904179622	0.14874439138525636	negative	False
Clostridium	PDAC_062	-0.3299591979103897	0.19062605288633047	negative	False
Ensifer	PDAC_001	0.41737115653163864	0.0108063703452243	positive	False
Ensifer	PDAC_002	0.41420564693447	0.011997712338522887	positive	False
Ensifer	PDAC_003	0.4085294086284841	0.012503346169866888	positive	False
Ensifer	PDAC_004	0.4127058756957668	0.01127939094082258	positive	False
Ensifer	PDAC_005	0.4052774908403675	0.015045172957260544	positive	False
Ensifer	PDAC_006	0.4138873006106133	0.011385799156108236	positive	False
Ensifer	PDAC_007	0.4113628807107753	0.011897507868990452	positive	False
Ensifer	PDAC_008	0.41832118377303523	0.011595754755884428	positive	False
Ensifer	PDAC_009	0.4031343365652498	0.01371300685260788	positive	False
Ensifer	PDAC_010	0.4176859392121311	0.012617269322203748	positive	False
Ensifer	PDAC_011	0.4148665332277405	0.011159020179438112	positive	False
Ensifer	PDAC_012	0.42127948488963113	0.010110439276222388	positive	False
Ensifer	PDAC_013	0.41361548227413003	0.012482571613565944	positive	False
Ensifer	PDAC_014	0.4193946167694285	0.010492082611744571	positive	False
Ensifer	PDAC_015	0.41483000507597384	0.010951329293678543	positive	False
Ensifer	PDAC_016	0.4079462117393063	0.012461224715104262	positive	False
Ensifer	PDAC_017	0.426145657198241	0.009279868979317017	positive	False
Ensifer	PDAC_018	0.4287919254339938	0.008979682226554287	positive	False
Ensifer	PDAC_019	0.41865179497624244	0.011924515974379222	positive	False
Ensifer	PDAC_020	0.41162537034173174	0.015000150026247563	positive	False
Ensifer	PDAC_021	0.40999473709191403	0.012684947679251834	positive	False
Ensifer	PDAC_022	0.4098091535553311	0.012025571939897499	positive	False
Ensifer	PDAC_023	0.46531990746562557	0.003331875159252188	positive	False
Ensifer	PDAC_024	0.4187127882765435	0.010414969680323906	positive	False
Ensifer	PDAC_025	0.4176133862223784	0.010528218972936806	positive	False
Ensifer	PDAC_026	0.41287626526813087	0.011400863649520372	positive	False
Ensifer	PDAC_027	0.4291700256464328	0.008801780035651892	positive	False
Ensifer	PDAC_028	0.41990277254394914	0.012887073144094822	positive	False
Ensifer	PDAC_029	0.4153615136931177	0.010879324214361061	positive	False
Ensifer	PDAC_030	0.4084943437454443	0.012579439000501288	positive	False
Ensifer	PDAC_031	0.41635185963506516	0.010634431568927186	positive	False
Ensifer	PDAC_032	0.42151281129292195	0.010824356521899996	positive	False
Ensifer	PDAC_033	0.4179428031509889	0.010460569887380606	positive	False
Ensifer	PDAC_034	0.4623988774840612	0.005369536158588035	positive	False
Ensifer	PDAC_035	0.41447538792566113	0.01104146361603596	positive	False
Ensifer	PDAC_036	0.4128131555152766	0.01195599502865794	positive	False
Ensifer	PDAC_037	0.4151270811671682	0.011732863758191518	positive	False
Ensifer	PDAC_038	0.456575498164663	0.004740331884994345	positive	False
Ensifer	PDAC_039	0.4138523267118048	0.012756498936615651	positive	False
Ensifer	PDAC_040	0.40544275874120206	0.013018293919087199	positive	False
Ensifer	PDAC_041	0.4056940464353127	0.012855625621890833	positive	False
Ensifer	PDAC_042	0.39959514589782247	0.01484893404196727	positive	False
Ensifer	PDAC_043	0.3653565868862987	0.029280167202866116	positive	False
Ensifer	PDAC_044	0.37999379525776605	0.022968922129612893	positive	False
Ensifer	PDAC_045	0.3901343434810165	0.019667384248221044	positive	False
Ensifer	PDAC_046	0.4074668814450981	0.012941044920641244	positive	False
Ensifer	PDAC_047	0.4165807804732669	0.01700952093214996	positive	False
Ensifer	PDAC_048	0.41900635126790264	0.010061404759431335	positive	False
Ensifer	PDAC_049	0.39290210369207124	0.021696194494496408	positive	False
Ensifer	PDAC_050	0.3903772524479901	0.019411960453632512	positive	False
Ensifer	PDAC_051	0.4003688797130853	0.016130727917579763	positive	False
Ensifer	PDAC_052	0.44454332152405795	0.007040369650423262	positive	False
Ensifer	PDAC_053	0.4158689928786152	0.011057490180128618	positive	False
Ensifer	PDAC_054	0.4043608844575737	0.0182991940118289	positive	False
Ensifer	PDAC_055	0.4029810173868362	0.015904890932567507	positive	False
Ensifer	PDAC_056	0.39959980491813313	0.016800710667725788	positive	False
Ensifer	PDAC_057	0.396136993775821	0.018226633538070535	positive	False
Ensifer	PDAC_058	0.47335224097331885	0.002622274726988074	positive	False
Ensifer	PDAC_059	0.4093761157130003	0.011662999599691568	positive	False
Ensifer	PDAC_060	0.4913995173670515	0.0010862035974206266	positive	False
Ensifer	PDAC_061	0.4001399094560501	0.01675645583778963	positive	False
Ensifer	PDAC_062	0.4162766560992704	0.010557643449984295	positive	False
Roseomonas	PDAC_001	-0.06244306297153286	0.7162548560304706	negative	False
Roseomonas	PDAC_002	-0.06592902139521037	0.7034695559899942	negative	False
Roseomonas	PDAC_003	-0.07031121719275095	0.6825888106625818	negative	False
Roseomonas	PDAC_004	-0.06651976933850512	0.6975930545738243	negative	False
Roseomonas	PDAC_005	-0.07960468467000092	0.6487530893691695	negative	False
Roseomonas	PDAC_006	-0.06464689678784796	0.7067315680764363	negative	False
Roseomonas	PDAC_007	-0.06726449723873176	0.6955299930964214	negative	False
Roseomonas	PDAC_008	-0.06310551777016052	0.71700467108324	negative	False
Roseomonas	PDAC_009	-0.07639241254935975	0.6569156173758453	negative	False
Roseomonas	PDAC_010	-0.06725595977477422	0.7021953931558922	negative	False
Roseomonas	PDAC_011	-0.06365294770388528	0.710885023553792	negative	False
Roseomonas	PDAC_012	-0.057621411753143836	0.7375004009024476	negative	False
Roseomonas	PDAC_013	-0.06778744325076513	0.6967001718322134	negative	False
Roseomonas	PDAC_014	-0.06545582558765006	0.7023285525103047	negative	False
Roseomonas	PDAC_015	-0.06491381449992414	0.7047546451715921	negative	False
Roseomonas	PDAC_016	-0.07067757108239595	0.6805010218960503	negative	False
Roseomonas	PDAC_017	-0.049773993387251275	0.7719774348497981	negative	False
Roseomonas	PDAC_018	-0.05932574600581044	0.7316487379288319	negative	False
Roseomonas	PDAC_019	-0.06429862122324824	0.713210284510628	negative	False
Roseomonas	PDAC_020	0.008546638098063292	0.9576231018071804	positive	False
Roseomonas	PDAC_021	-0.0699226268128793	0.6858066981995289	negative	False
Roseomonas	PDAC_022	-0.06871086572187816	0.6887285854853755	negative	False
Roseomonas	PDAC_023	-0.07019212542412794	0.6852356527859652	negative	False
Roseomonas	PDAC_024	-0.06389949535272413	0.7098875406911684	negative	False
Roseomonas	PDAC_025	-0.06393485820570327	0.7093913485648375	negative	False
Roseomonas	PDAC_026	-0.06574013199018892	0.7014178081765354	negative	False
Roseomonas	PDAC_027	-0.06670481367336326	0.6970737305922279	negative	False
Roseomonas	PDAC_028	-0.06805906430346556	0.7012430475249347	negative	False
Roseomonas	PDAC_029	-0.06466541503945	0.7059138845188262	negative	False
Roseomonas	PDAC_030	-0.0704861994465734	0.6820631180211855	negative	False
Roseomonas	PDAC_031	-0.0641293399769116	0.7081435339882156	negative	False
Roseomonas	PDAC_032	-0.06972890542913991	0.6882774629313704	negative	False
Roseomonas	PDAC_033	-0.06366797967849465	0.7105462080786284	negative	False
Roseomonas	PDAC_034	-0.060921796915761814	0.7400198601730372	negative	False
Roseomonas	PDAC_035	-0.06484787488409051	0.7050882098801426	negative	False
Roseomonas	PDAC_036	-0.06645973608359665	0.7001328346632913	negative	False
Roseomonas	PDAC_037	-0.06470015756553424	0.7084810531058027	negative	False
Roseomonas	PDAC_038	-0.07482391208293859	0.6670768943866251	negative	False
Roseomonas	PDAC_039	-0.06869673016586852	0.6938614360808755	negative	False
Roseomonas	PDAC_040	-0.07340489413578191	0.6689856992736946	negative	False
Roseomonas	PDAC_041	-0.07296545692967334	0.6705084544051549	negative	False
Roseomonas	PDAC_042	-0.05490851437082508	0.7501884931394014	negative	False
Roseomonas	PDAC_043	-0.01928970865798895	0.9148954146410043	negative	False
Roseomonas	PDAC_044	-0.07531444111970603	0.6759317866233099	negative	False
Roseomonas	PDAC_045	-0.028982260134265924	0.8680439604193678	negative	False
Roseomonas	PDAC_046	-0.06917129232006464	0.6873274393627131	negative	False
Roseomonas	PDAC_047	-0.12237414578807392	0.4733847788591664	negative	False
Roseomonas	PDAC_048	-0.06192469070716135	0.7176171442032501	negative	False
Roseomonas	PDAC_049	-0.019253717886657567	0.9126437620684984	negative	False
Roseomonas	PDAC_050	-0.08952519295868926	0.6101779581975446	negative	False
Roseomonas	PDAC_051	-0.04164495803519471	0.811016435595595	negative	False
Roseomonas	PDAC_052	-0.01372105554411148	0.935059014302343	negative	False
Roseomonas	PDAC_053	-0.0642732208595183	0.7081769632477675	negative	False
Roseomonas	PDAC_054	-0.10622037868301078	0.542335703781772	negative	False
Roseomonas	PDAC_055	-0.08064089218787598	0.645388442615312	negative	False
Roseomonas	PDAC_056	-0.1017461645727621	0.5537149348121579	negative	False
Roseomonas	PDAC_057	-0.10255581454737639	0.5525799575806178	negative	False
Roseomonas	PDAC_058	-0.03083552946771718	0.859587691723195	negative	False
Roseomonas	PDAC_059	-0.06335205822280716	0.7118352307953294	negative	False
Roseomonas	PDAC_060	-0.024984278322576155	0.887407071648299	negative	False
Roseomonas	PDAC_061	-0.11264967321454857	0.5045198579552069	negative	False
Roseomonas	PDAC_062	-0.06407655266124278	0.7081603661482221	negative	False
Croceicoccus	PDAC_001	0.036623064631534454	0.8488658334052961	positive	False
Croceicoccus	PDAC_002	-0.008193684780746627	0.9658106483133027	negative	False
Croceicoccus	PDAC_003	0.045638569986308115	0.8143387151806512	positive	False
Croceicoccus	PDAC_004	0.036927235625447	0.8479069587161694	positive	False
Croceicoccus	PDAC_005	0.051169079241463085	0.7978546753143435	positive	False
Croceicoccus	PDAC_006	0.011749603763089516	0.9514927948029084	positive	False
Croceicoccus	PDAC_007	0.04867957431040565	0.801448007831921	positive	False
Croceicoccus	PDAC_008	0.0634297273970611	0.7455643689754687	positive	False
Croceicoccus	PDAC_009	0.04128413864548145	0.8328419787401434	positive	False
Croceicoccus	PDAC_010	0.06642066872536177	0.7370830483683153	positive	False
Croceicoccus	PDAC_011	0.048339731598249516	0.802014344267105	positive	False
Croceicoccus	PDAC_012	0.03776344902441328	0.8454476230060418	positive	False
Croceicoccus	PDAC_013	-0.016994103642102208	0.9285729757013047	negative	False
Croceicoccus	PDAC_014	0.03770029249905992	0.8445024021811904	positive	False
Croceicoccus	PDAC_015	0.036920385993273075	0.8475116258117471	positive	False
Croceicoccus	PDAC_016	0.038755123709814654	0.8418273622522511	positive	False
Croceicoccus	PDAC_017	0.040774885399423116	0.8331130176832489	positive	False
Croceicoccus	PDAC_018	0.024510417203220745	0.8983431624728534	positive	False
Croceicoccus	PDAC_019	-0.020108654871237544	0.9155050024859557	negative	False
Croceicoccus	PDAC_020	0.05501660812244903	0.7858928138521445	positive	False
Croceicoccus	PDAC_021	0.058863134197145055	0.762256966929958	positive	False
Croceicoccus	PDAC_022	0.03965927689974916	0.8377434100025813	positive	False
Croceicoccus	PDAC_023	-0.014342764424063825	0.9397440199448512	negative	False
Croceicoccus	PDAC_024	0.030343995706574516	0.8741462863371123	positive	False
Croceicoccus	PDAC_025	0.03130349171360826	0.8701105028242568	positive	False
Croceicoccus	PDAC_026	0.041510473394503554	0.8296155225935324	positive	False
Croceicoccus	PDAC_027	0.03995261897175143	0.835904883667881	positive	False
Croceicoccus	PDAC_028	-0.03957608119992644	0.8296557218220133	negative	False
Croceicoccus	PDAC_029	0.03438939505467117	0.8593202458807138	positive	False
Croceicoccus	PDAC_030	0.0472838986947152	0.8079082588045285	positive	False
Croceicoccus	PDAC_031	0.035090143834430564	0.855056920159482	positive	False
Croceicoccus	PDAC_032	0.011975698316307702	0.9498735588594744	positive	False
Croceicoccus	PDAC_033	0.03361911587846036	0.8609701075660887	positive	False
Croceicoccus	PDAC_034	0.13852124030202412	0.4175342474562551	positive	False
Croceicoccus	PDAC_035	0.028643887381745853	0.8825613518797075	positive	False
Croceicoccus	PDAC_036	0.05757855953478667	0.7665012501050043	positive	False
Croceicoccus	PDAC_037	-0.004892779879909363	0.9796378873757918	negative	False
Croceicoccus	PDAC_038	0.04893941854840204	0.8047426309864489	positive	False
Croceicoccus	PDAC_039	0.06625479202033306	0.7353306020079935	positive	False
Croceicoccus	PDAC_040	0.036109366927677904	0.8529196173207794	positive	False
Croceicoccus	PDAC_041	0.03684819408205422	0.8496360394710438	positive	False
Croceicoccus	PDAC_042	0.03704120726939657	0.8477528884645565	positive	False
Croceicoccus	PDAC_043	0.049571243058741804	0.8099665379183307	positive	False
Croceicoccus	PDAC_044	0.02991270606973517	0.8805271161977091	positive	False
Croceicoccus	PDAC_045	0.050990132911846106	0.7961161275528876	positive	False
Croceicoccus	PDAC_046	0.035500254853134836	0.8535829985221006	positive	False
Croceicoccus	PDAC_047	0.03787566546225492	0.8515532473714047	positive	False
Croceicoccus	PDAC_048	0.03595582976148662	0.8518573714913387	positive	False
Croceicoccus	PDAC_049	0.06735699956385335	0.735351897758617	positive	False
Croceicoccus	PDAC_050	0.03078341312162326	0.8755478943004291	positive	False
Croceicoccus	PDAC_051	0.024662095650884664	0.8988263534486403	positive	False
Croceicoccus	PDAC_052	0.04125396981676849	0.8363764697366602	positive	False
Croceicoccus	PDAC_053	0.035576296006590895	0.8532821224409154	positive	False
Croceicoccus	PDAC_054	0.03993531764725465	0.8415017793823871	positive	False
Croceicoccus	PDAC_055	0.03193092613764428	0.8700514342636576	positive	False
Croceicoccus	PDAC_056	0.03250478217208324	0.8679633588095867	positive	False
Croceicoccus	PDAC_057	0.03524605516342853	0.8578417814717807	positive	False
Croceicoccus	PDAC_058	0.03644964457980349	0.8530229840492725	positive	False
Croceicoccus	PDAC_059	0.03479776723862632	0.8567985577653355	positive	False
Croceicoccus	PDAC_060	0.020105538379624168	0.9193278307358811	positive	False
Croceicoccus	PDAC_061	0.029644134166255585	0.8794059624032844	positive	False
Croceicoccus	PDAC_062	0.03562112466084443	0.8532581412088907	positive	False
Rhodobacter	PDAC_001	0.2331825086006319	0.28505315916281326	positive	False
Rhodobacter	PDAC_002	0.21679930867486885	0.3243468051991901	positive	False
Rhodobacter	PDAC_003	0.25948321988039885	0.23447422730442993	positive	False
Rhodobacter	PDAC_004	0.2260337788321735	0.2993935113116643	positive	False
Rhodobacter	PDAC_005	0.2861272411779355	0.1891592035783339	positive	False
Rhodobacter	PDAC_006	0.22273174830806006	0.3078070491970991	positive	False
Rhodobacter	PDAC_007	0.21918575034961277	0.31558946002506116	positive	False
Rhodobacter	PDAC_008	0.2182446101039804	0.32385668021635194	positive	False
Rhodobacter	PDAC_009	0.2521399712266569	0.2511411951533293	positive	False
Rhodobacter	PDAC_010	0.21204794035208352	0.34201990542106275	positive	False
Rhodobacter	PDAC_011	0.2246101990687173	0.30352733686140065	positive	False
Rhodobacter	PDAC_012	0.2331185579324337	0.2865112585128731	positive	False
Rhodobacter	PDAC_013	0.21358318251567315	0.33321757544760844	positive	False
Rhodobacter	PDAC_014	0.22774573366351308	0.29585145954635067	positive	False
Rhodobacter	PDAC_015	0.22924967350954698	0.29274641709479626	positive	False
Rhodobacter	PDAC_016	0.255475386231713	0.2419010671082402	positive	False
Rhodobacter	PDAC_017	0.24600811150062782	0.26030674171934365	positive	False
Rhodobacter	PDAC_018	0.2496567437410808	0.2549722290877346	positive	False
Rhodobacter	PDAC_019	0.21596921674496974	0.33102361012485615	positive	False
Rhodobacter	PDAC_020	0.20042422914754215	0.371362525197924	positive	False
Rhodobacter	PDAC_021	0.21311304885940116	0.3313389836814874	positive	False
Rhodobacter	PDAC_022	0.21902956349657735	0.31509857174722344	positive	False
Rhodobacter	PDAC_023	0.2745406463492808	0.20690993206907535	positive	False
Rhodobacter	PDAC_024	0.23647182791502502	0.27879659929822953	positive	False
Rhodobacter	PDAC_025	0.23441130207817173	0.28257484027978264	positive	False
Rhodobacter	PDAC_026	0.22387510952143413	0.30445132807351555	positive	False
Rhodobacter	PDAC_027	0.22336097218585788	0.3053434703034265	positive	False
Rhodobacter	PDAC_028	0.2103216643276839	0.3498731072436774	positive	False
Rhodobacter	PDAC_029	0.23026036487139603	0.290690562287493	positive	False
Rhodobacter	PDAC_030	0.26091315173550206	0.23193558167675213	positive	False
Rhodobacter	PDAC_031	0.22984766858651964	0.2917887679008029	positive	False
Rhodobacter	PDAC_032	0.24346612981356222	0.2696741266111638	positive	False
Rhodobacter	PDAC_033	0.2348032945019723	0.2817987906049314	positive	False
Rhodobacter	PDAC_034	0.2877325491794743	0.19983835034383424	positive	False
Rhodobacter	PDAC_035	0.22803842198792462	0.2952898128766071	positive	False
Rhodobacter	PDAC_036	0.21773835466124444	0.3205415913731348	positive	False
Rhodobacter	PDAC_037	0.21847276041783217	0.32032579409848094	positive	False
Rhodobacter	PDAC_038	0.2706081027754602	0.218054489055623	positive	False
Rhodobacter	PDAC_039	0.21181876655544224	0.3387197522071689	positive	False
Rhodobacter	PDAC_040	0.25238882504531307	0.24895638840048498	positive	False
Rhodobacter	PDAC_041	0.21328214871431359	0.3276752367819803	positive	False
Rhodobacter	PDAC_042	0.2153018019935622	0.3244022311510132	positive	False
Rhodobacter	PDAC_043	0.3423119694037654	0.08641327992522968	positive	False
Rhodobacter	PDAC_044	0.20373194228221175	0.367669103861316	positive	False
Rhodobacter	PDAC_045	0.20733216505049057	0.35424902742506803	positive	False
Rhodobacter	PDAC_046	0.23236613077092144	0.2871390937427428	positive	False
Rhodobacter	PDAC_047	0.18364989457293157	0.4144404766094488	positive	False
Rhodobacter	PDAC_048	0.22881764709721159	0.293964943974168	positive	False
Rhodobacter	PDAC_049	0.23549073506232446	0.30720587298142976	positive	False
Rhodobacter	PDAC_050	0.2158382151003848	0.33621939587059313	positive	False
Rhodobacter	PDAC_051	0.19620951141644138	0.3701829211311287	positive	False
Rhodobacter	PDAC_052	0.26478856083801405	0.23272994400802208	positive	False
Rhodobacter	PDAC_053	0.2311390823090596	0.2891673314063065	positive	False
Rhodobacter	PDAC_054	0.19994906963345133	0.37549298995026603	positive	False
Rhodobacter	PDAC_055	0.20875569137742941	0.34626235088552193	positive	False
Rhodobacter	PDAC_056	0.19824700003522325	0.36831427557635865	positive	False
Rhodobacter	PDAC_057	0.21022427362998697	0.3472788761075212	positive	False
Rhodobacter	PDAC_058	0.2977470453357663	0.16633775105357243	positive	False
Rhodobacter	PDAC_059	0.2303159567036171	0.2906986683453667	positive	False
Rhodobacter	PDAC_060	0.1910875574897411	0.39441238010464896	positive	False
Rhodobacter	PDAC_061	0.20636033469049664	0.3522639178806265	positive	False
Rhodobacter	PDAC_062	0.2316626134952511	0.2878951724565822	positive	False
Micrococcus	PDAC_001	-0.05498885436878929	0.8420380942509154	negative	False
Micrococcus	PDAC_002	-0.025413354186052773	0.9273232801007047	negative	False
Micrococcus	PDAC_003	-0.03338353612706838	0.9042693665524886	negative	False
Micrococcus	PDAC_004	-0.05107495426454427	0.8534127639193458	negative	False
Micrococcus	PDAC_005	-0.0077516975380208675	0.9779648078752543	negative	False
Micrococcus	PDAC_006	-0.0683449187345248	0.8041260522117422	negative	False
Micrococcus	PDAC_007	-0.04146634412956958	0.8811530947654133	negative	False
Micrococcus	PDAC_008	-0.08039555013618475	0.7729870303916392	negative	False
Micrococcus	PDAC_009	-0.042231757113821676	0.879560392284906	negative	False
Micrococcus	PDAC_010	-0.09183756678650686	0.7432631116146173	negative	False
Micrococcus	PDAC_011	-0.06578982491098717	0.8112467411450416	negative	False
Micrococcus	PDAC_012	-0.05102382530144539	0.8537142570160753	negative	False
Micrococcus	PDAC_013	-0.08501652335116078	0.7597604077414851	negative	False
Micrococcus	PDAC_014	-0.052557831033260685	0.849158834797318	negative	False
Micrococcus	PDAC_015	-0.05803464112829818	0.8326961024827557	negative	False
Micrococcus	PDAC_016	-0.03669729852980912	0.89471868026422	negative	False
Micrococcus	PDAC_017	-0.04732022109697854	0.8642775330928291	negative	False
Micrococcus	PDAC_018	-0.03540382972214977	0.8979711408328033	negative	False
Micrococcus	PDAC_019	-0.08509060296631125	0.760886548289281	negative	False
Micrococcus	PDAC_020	0.03633692639202225	0.8935446715266635	positive	False
Micrococcus	PDAC_021	-0.08267176867926297	0.7650117449803475	negative	False
Micrococcus	PDAC_022	-0.07176171428272879	0.7941473758382427	negative	False
Micrococcus	PDAC_023	-0.08471353290313667	0.7596997032947896	negative	False
Micrococcus	PDAC_024	-0.049204985673052995	0.8580661484383563	negative	False
Micrococcus	PDAC_025	-0.05165432630649374	0.8509590991353901	negative	False
Micrococcus	PDAC_026	-0.06561679622978432	0.8114233953892444	negative	False
Micrococcus	PDAC_027	-0.0658582815457198	0.8106184252947657	negative	False
Micrococcus	PDAC_028	-0.003057122945295939	0.9913573368294727	negative	False
Micrococcus	PDAC_029	-0.05675348407567631	0.836375449755621	negative	False
Micrococcus	PDAC_030	-0.07889861056562633	0.7746853899860074	negative	False
Micrococcus	PDAC_031	-0.05680016550274011	0.8369156516477025	negative	False
Micrococcus	PDAC_032	-0.04174842278071108	0.8806367399875651	negative	False
Micrococcus	PDAC_033	-0.051234932810601805	0.8521401412912143	negative	False
Micrococcus	PDAC_034	-0.0048905398999529994	0.9864077387679816	negative	False
Micrococcus	PDAC_035	-0.05975590137176351	0.8278696106135863	negative	False
Micrococcus	PDAC_036	-0.07649637887336364	0.7820075948646721	negative	False
Micrococcus	PDAC_037	-0.011997326702506509	0.9654375255672647	negative	False
Micrococcus	PDAC_038	-0.015457588086614498	0.9559229200563442	negative	False
Micrococcus	PDAC_039	-0.08863166665873227	0.7504290471208468	negative	False
Micrococcus	PDAC_040	-0.05014822726492209	0.8566790129089747	negative	False
Micrococcus	PDAC_041	-0.07877233238818768	0.7744252910107777	negative	False
Micrococcus	PDAC_042	-0.03288443035981081	0.9048997912277523	negative	False
Micrococcus	PDAC_043	0.04545088859635627	0.8679649995973853	positive	False
Micrococcus	PDAC_044	-0.032574988422578846	0.9097996793476559	negative	False
Micrococcus	PDAC_045	-0.07035467967568615	0.8049975421857052	negative	False
Micrococcus	PDAC_046	-0.04372736704815716	0.8733978322412217	negative	False
Micrococcus	PDAC_047	-0.1558021992571159	0.566213482669145	negative	False
Micrococcus	PDAC_048	-0.05124245760503166	0.851765272760103	negative	False
Micrococcus	PDAC_049	-0.10938969078968883	0.7016504596602574	negative	False
Micrococcus	PDAC_050	-0.05678015899909609	0.8419108331941612	negative	False
Micrococcus	PDAC_051	-0.08755717047601001	0.7544913399847719	negative	False
Micrococcus	PDAC_052	-0.0121845939283921	0.9653792692938102	negative	False
Micrococcus	PDAC_053	-0.055483130867751945	0.841122192346336	negative	False
Micrococcus	PDAC_054	-0.09859356089637923	0.7300774890786504	negative	False
Micrococcus	PDAC_055	-0.07576752895616297	0.7879781355126854	negative	False
Micrococcus	PDAC_056	-0.10087263870721332	0.7181277606663239	negative	False
Micrococcus	PDAC_057	-0.11395530759210434	0.6824776598598961	negative	False
Micrococcus	PDAC_058	0.01034781370497731	0.9699199270929026	positive	False
Micrococcus	PDAC_059	-0.054354212327111955	0.843822743577276	negative	False
Micrococcus	PDAC_060	-0.11283324537378055	0.6908196652157443	negative	False
Micrococcus	PDAC_061	-0.09054200308756247	0.7473419090597537	negative	False
Micrococcus	PDAC_062	-0.05687247083700149	0.8369614128097376	negative	False
Bradyrhizobium	PDAC_001	0.14102691344203983	0.24254804863071033	positive	False
Bradyrhizobium	PDAC_002	0.1439467080431362	0.23832540703199648	positive	False
Bradyrhizobium	PDAC_003	0.13358796277781368	0.268994614383332	positive	False
Bradyrhizobium	PDAC_004	0.14229166821889028	0.23897542565918878	positive	False
Bradyrhizobium	PDAC_005	0.14499031022603256	0.24190807534256897	positive	False
Bradyrhizobium	PDAC_006	0.15353025517767493	0.20409746561351558	positive	False
Bradyrhizobium	PDAC_007	0.14325234166607786	0.23738214066047475	positive	False
Bradyrhizobium	PDAC_008	0.1531046686821223	0.2104450705372437	positive	False
Bradyrhizobium	PDAC_009	0.13028242710549096	0.2811448608737463	positive	False
Bradyrhizobium	PDAC_010	0.15635289369621613	0.20437099979331946	positive	False
Bradyrhizobium	PDAC_011	0.14949898388220934	0.2167398695132921	positive	False
Bradyrhizobium	PDAC_012	0.12422362532690423	0.2971226789894456	positive	False
Bradyrhizobium	PDAC_013	0.14092588215366983	0.2501846539789247	positive	False
Bradyrhizobium	PDAC_014	0.14146853162340814	0.2414108968951787	positive	False
Bradyrhizobium	PDAC_015	0.14226611782400878	0.23915467116791014	positive	False
Bradyrhizobium	PDAC_016	0.13813540968591467	0.2537496601629197	positive	False
Bradyrhizobium	PDAC_017	0.13283755203283099	0.26980996123896767	positive	False
Bradyrhizobium	PDAC_018	0.14906031953515694	0.22117388439053004	positive	False
Bradyrhizobium	PDAC_019	0.1628775877669645	0.1802382717974147	positive	False
Bradyrhizobium	PDAC_020	0.13836366538482098	0.2694381325858371	positive	False
Bradyrhizobium	PDAC_021	0.14894706807538838	0.2217121865182921	positive	False
Bradyrhizobium	PDAC_022	0.13750131266831894	0.2551132602895719	positive	False
Bradyrhizobium	PDAC_023	0.1542739763884179	0.20517780362237664	positive	False
Bradyrhizobium	PDAC_024	0.1424678285796774	0.23959561698270349	positive	False
Bradyrhizobium	PDAC_025	0.13878914196579273	0.25214207495636676	positive	False
Bradyrhizobium	PDAC_026	0.14110766362903132	0.2430192609723333	positive	False
Bradyrhizobium	PDAC_027	0.1398314142209208	0.24692997089600477	positive	False
Bradyrhizobium	PDAC_028	0.15468426453378298	0.21367310629758773	positive	False
Bradyrhizobium	PDAC_029	0.1422884658494191	0.2393847492665581	positive	False
Bradyrhizobium	PDAC_030	0.14524062504902752	0.23194620381326203	positive	False
Bradyrhizobium	PDAC_031	0.14316176868208025	0.2354466309549902	positive	False
Bradyrhizobium	PDAC_032	0.13158433293093166	0.28188986135741656	positive	False
Bradyrhizobium	PDAC_033	0.14287057435132022	0.23761464358035406	positive	False
Bradyrhizobium	PDAC_034	0.16004828219938166	0.21100185575821684	positive	False
Bradyrhizobium	PDAC_035	0.14622724013174954	0.22744520902247511	positive	False
Bradyrhizobium	PDAC_036	0.15280760183215816	0.20805775065443877	positive	False
Bradyrhizobium	PDAC_037	0.14612072550880137	0.23074011701669775	positive	False
Bradyrhizobium	PDAC_038	0.1313888318929428	0.2824068186197953	positive	False
Bradyrhizobium	PDAC_039	0.15916334425827222	0.19201567041056863	positive	False
Bradyrhizobium	PDAC_040	0.14363863481438807	0.2367905245061157	positive	False
Bradyrhizobium	PDAC_041	0.12953625065896024	0.28128719082883574	positive	False
Bradyrhizobium	PDAC_042	0.12432901541699963	0.3033552934847388	positive	False
Bradyrhizobium	PDAC_043	0.10290592043361922	0.4062778300432539	positive	False
Bradyrhizobium	PDAC_044	0.18394675288592605	0.12173631623390294	positive	False
Bradyrhizobium	PDAC_045	0.12561975505852108	0.3130005107946876	positive	False
Bradyrhizobium	PDAC_046	0.1416838677656474	0.24223791868127986	positive	False
Bradyrhizobium	PDAC_047	0.15239524866764104	0.23811899896452396	positive	False
Bradyrhizobium	PDAC_048	0.13969011870588907	0.24919057676553688	positive	False
Bradyrhizobium	PDAC_049	0.1081153742145635	0.378377245787367	positive	False
Bradyrhizobium	PDAC_050	0.18013709704779943	0.12922135387895678	positive	False
Bradyrhizobium	PDAC_051	0.11174727916026532	0.35132242513267253	positive	False
Bradyrhizobium	PDAC_052	0.11442756824301284	0.3381234864674265	positive	False
Bradyrhizobium	PDAC_053	0.14219980442628866	0.2396066981502791	positive	False
Bradyrhizobium	PDAC_054	0.15920208022157864	0.20711631119571033	positive	False
Bradyrhizobium	PDAC_055	0.1456567090248949	0.2410850171489621	positive	False
Bradyrhizobium	PDAC_056	0.12117471449774521	0.3230722261524196	positive	False
Bradyrhizobium	PDAC_057	0.132575810650176	0.28895353104925553	positive	False
Bradyrhizobium	PDAC_058	0.13614038428360906	0.27686054930104614	positive	False
Bradyrhizobium	PDAC_059	0.13920039723850208	0.24826704285334308	positive	False
Bradyrhizobium	PDAC_060	0.12909395323145595	0.31010368026505425	positive	False
Bradyrhizobium	PDAC_061	0.1842998950823161	0.11336224345982726	positive	False
Bradyrhizobium	PDAC_062	0.1429039246885935	0.23604673233113477	positive	False
Aquabacterium	PDAC_001	-0.1880894825471825	0.07843543603354616	negative	False
Aquabacterium	PDAC_002	-0.1734548734222655	0.10908416453589002	negative	False
Aquabacterium	PDAC_003	-0.179597503693758	0.09637337917441478	negative	False
Aquabacterium	PDAC_004	-0.18866797320315765	0.07751909981031803	negative	False
Aquabacterium	PDAC_005	-0.17818829030197295	0.10808600335990359	negative	False
Aquabacterium	PDAC_006	-0.21629703491032992	0.035260842944066	negative	False
Aquabacterium	PDAC_007	-0.1804650684080502	0.0942418381195831	negative	False
Aquabacterium	PDAC_008	-0.17205579586772082	0.11336695942381743	negative	False
Aquabacterium	PDAC_009	-0.18999992188899228	0.08029706114586986	negative	False
Aquabacterium	PDAC_010	-0.16758281048322776	0.12519014444879617	negative	False
Aquabacterium	PDAC_011	-0.21163754731427115	0.041488196535400916	negative	False
Aquabacterium	PDAC_012	-0.19519323010533252	0.06825016378552207	negative	False
Aquabacterium	PDAC_013	-0.1844805374479482	0.09275124417593003	negative	False
Aquabacterium	PDAC_014	-0.1874783524981651	0.07984937279571606	negative	False
Aquabacterium	PDAC_015	-0.19212010184871758	0.0688206465656631	negative	False
Aquabacterium	PDAC_016	-0.185541844006886	0.08556651412866428	negative	False
Aquabacterium	PDAC_017	-0.1886105328451076	0.07942017199180249	negative	False
Aquabacterium	PDAC_018	-0.1913962422746278	0.07370755682322805	negative	False
Aquabacterium	PDAC_019	-0.163151270941991	0.1291199369611747	negative	False
Aquabacterium	PDAC_020	-0.1825770132754826	0.10591739130910707	negative	False
Aquabacterium	PDAC_021	-0.1770153797414026	0.1028913265667071	negative	False
Aquabacterium	PDAC_022	-0.18426235717945194	0.0870638917591015	negative	False
Aquabacterium	PDAC_023	-0.18189767832397685	0.09564079977915223	negative	False
Aquabacterium	PDAC_024	-0.1929130653967403	0.07156107400135725	negative	False
Aquabacterium	PDAC_025	-0.1906151015371134	0.07494269554358042	negative	False
Aquabacterium	PDAC_026	-0.18524357864476507	0.08463041482542981	negative	False
Aquabacterium	PDAC_027	-0.18698682433149516	0.0813765953302675	negative	False
Aquabacterium	PDAC_028	-0.1729652813784517	0.12052473313506487	negative	False
Aquabacterium	PDAC_029	-0.1878305563425812	0.0799140877541128	negative	False
Aquabacterium	PDAC_030	-0.19031778496481255	0.07856487785585825	negative	False
Aquabacterium	PDAC_031	-0.18820202450730686	0.07770645397947708	negative	False
Aquabacterium	PDAC_032	-0.21161405627725147	0.04499425984114186	negative	False
Aquabacterium	PDAC_033	-0.1893812231486928	0.07626783707286613	negative	False
Aquabacterium	PDAC_034	-0.23378885972963134	0.019338777763675683	negative	False
Aquabacterium	PDAC_035	-0.18607580920949388	0.08279612549241892	negative	False
Aquabacterium	PDAC_036	-0.17185961947684622	0.110108106711562	negative	False
Aquabacterium	PDAC_037	-0.23717715574099285	0.012680525818701088	negative	False
Aquabacterium	PDAC_038	-0.18878252214791538	0.0867219808626831	negative	False
Aquabacterium	PDAC_039	-0.18053412124216112	0.10105978839881448	negative	False
Aquabacterium	PDAC_040	-0.18612766897887795	0.08533034225409218	negative	False
Aquabacterium	PDAC_041	-0.18974332754643633	0.07854421021648278	negative	False
Aquabacterium	PDAC_042	-0.18396834947888685	0.08406693972903503	negative	False
Aquabacterium	PDAC_043	-0.18774802231909682	0.098353096195741	negative	False
Aquabacterium	PDAC_044	-0.1707673387944398	0.11361498119522362	negative	False
Aquabacterium	PDAC_045	-0.1756740045804101	0.10306282713350971	negative	False
Aquabacterium	PDAC_046	-0.18429492080694146	0.08253748488174249	negative	False
Aquabacterium	PDAC_047	-0.16972123239015252	0.11979745720008084	negative	False
Aquabacterium	PDAC_048	-0.18680692953252123	0.07882639606452645	negative	False
Aquabacterium	PDAC_049	-0.19624498316650077	0.07621558104334507	negative	False
Aquabacterium	PDAC_050	-0.18818750045971336	0.08376452356800392	negative	False
Aquabacterium	PDAC_051	-0.1873454454834096	0.08227722191651822	negative	False
Aquabacterium	PDAC_052	-0.20892987700246923	0.054140391054004026	negative	False
Aquabacterium	PDAC_053	-0.188358710361417	0.07721242723100012	negative	False
Aquabacterium	PDAC_054	-0.17926760049910256	0.10156704340791446	negative	False
Aquabacterium	PDAC_055	-0.18882599404104283	0.08070253013370211	negative	False
Aquabacterium	PDAC_056	-0.18891222939121538	0.08098029703925647	negative	False
Aquabacterium	PDAC_057	-0.1855001216833132	0.08777548602165683	negative	False
Aquabacterium	PDAC_058	-0.20032257563940126	0.06445260326644843	negative	False
Aquabacterium	PDAC_059	-0.1893194998903464	0.07607749568290428	negative	False
Aquabacterium	PDAC_060	-0.2073401860269615	0.05696339526964948	negative	False
Aquabacterium	PDAC_061	-0.18561171912573307	0.086169125796141	negative	False
Aquabacterium	PDAC_062	-0.18829096840091522	0.07781007833801006	negative	False
Prevotella	PDAC_001	0.05273105868879053	0.8253712813005858	positive	False
Prevotella	PDAC_002	0.04900606787981659	0.839214680391553	positive	False
Prevotella	PDAC_003	0.04532711181525818	0.8502429132035497	positive	False
Prevotella	PDAC_004	0.05123924029656288	0.8302294050685505	positive	False
Prevotella	PDAC_005	0.034647851287011054	0.8873442353437359	positive	False
Prevotella	PDAC_006	0.0515469310740948	0.8296515109454099	positive	False
Prevotella	PDAC_007	0.08274256609968056	0.7279611649998279	positive	False
Prevotella	PDAC_008	0.051510909620385466	0.8318945981348158	positive	False
Prevotella	PDAC_009	0.03878243422444726	0.8719233308308112	positive	False
Prevotella	PDAC_010	0.046993561304593486	0.8480662748994773	positive	False
Prevotella	PDAC_011	0.052799563783046226	0.8254462387037546	positive	False
Prevotella	PDAC_012	0.04094175119136753	0.8640948704007856	positive	False
Prevotella	PDAC_013	0.04683342029692322	0.8469089764064458	positive	False
Prevotella	PDAC_014	0.05250637736687277	0.826100235370063	positive	False
Prevotella	PDAC_015	0.05812946912764318	0.8080276332170466	positive	False
Prevotella	PDAC_016	0.045256883019237144	0.8502528377883518	positive	False
Prevotella	PDAC_017	0.045867091898289	0.8480337391511144	positive	False
Prevotella	PDAC_018	0.02986405431274683	0.9012467763750487	positive	False
Prevotella	PDAC_019	0.050101424633413674	0.8372178574864639	positive	False
Prevotella	PDAC_020	0.036507353467631454	0.8828784900314113	positive	False
Prevotella	PDAC_021	0.11076431158340738	0.6353176211216414	positive	False
Prevotella	PDAC_022	0.0681763810580904	0.7754584144542698	positive	False
Prevotella	PDAC_023	0.04464927858174898	0.8534412268502858	positive	False
Prevotella	PDAC_024	0.056379824658625725	0.8139559994314552	positive	False
Prevotella	PDAC_025	0.05567916486162776	0.8160194986953755	positive	False
Prevotella	PDAC_026	0.05111575897245678	0.8307764958735394	positive	False
Prevotella	PDAC_027	0.05028737565025762	0.833436747934265	positive	False
Prevotella	PDAC_028	0.14567798958590386	0.517041373377982	positive	False
Prevotella	PDAC_029	0.05384330381852894	0.8217817907134488	positive	False
Prevotella	PDAC_030	0.04502455729747686	0.8513377643490294	positive	False
Prevotella	PDAC_031	0.051287566554670434	0.8304503220398879	positive	False
Prevotella	PDAC_032	0.054889023051489225	0.8210479742525207	positive	False
Prevotella	PDAC_033	0.05598693253489536	0.8150264657187307	positive	False
Prevotella	PDAC_034	-0.06763928876510408	0.7558713489757052	negative	False
Prevotella	PDAC_035	0.05301531228264018	0.8244477666088632	positive	False
Prevotella	PDAC_036	0.04884951108289695	0.8391602259447257	positive	False
Prevotella	PDAC_037	0.050345001241749676	0.8347005450565955	positive	False
Prevotella	PDAC_038	0.039646116887538774	0.8704232068901945	positive	False
Prevotella	PDAC_039	0.04574932542512307	0.850946413674464	positive	False
Prevotella	PDAC_040	0.04222628159940826	0.8603165958416817	positive	False
Prevotella	PDAC_041	0.04290466694902892	0.8579408613397911	positive	False
Prevotella	PDAC_042	0.0676249375383617	0.7785045308087007	positive	False
Prevotella	PDAC_043	-0.00600206153117996	0.9810928216451558	negative	False
Prevotella	PDAC_044	0.10785751958278901	0.6590520521806579	positive	False
Prevotella	PDAC_045	0.018069964370055935	0.9415103727855145	positive	False
Prevotella	PDAC_046	0.062003514774950176	0.7955976107857248	positive	False
Prevotella	PDAC_047	0.032390058064758136	0.8992448781998086	positive	False
Prevotella	PDAC_048	0.040552749546805725	0.865945544061119	positive	False
Prevotella	PDAC_049	0.1162786949159097	0.6333173200357991	positive	False
Prevotella	PDAC_050	0.09780361475004397	0.6876388252727659	positive	False
Prevotella	PDAC_051	0.08557611916120025	0.7241279841491556	positive	False
Prevotella	PDAC_052	0.031110721666424694	0.8984140005158388	positive	False
Prevotella	PDAC_053	0.05355261400593367	0.8227138980277676	positive	False
Prevotella	PDAC_054	0.04430342164274066	0.8606580818717372	positive	False
Prevotella	PDAC_055	0.09171876121894794	0.7049228101203138	positive	False
Prevotella	PDAC_056	0.08661095049342325	0.7221349556558883	positive	False
Prevotella	PDAC_057	0.10100059300790107	0.6768949479338251	positive	False
Prevotella	PDAC_058	0.022786197005555568	0.9262563006313322	positive	False
Prevotella	PDAC_059	0.05230740281723842	0.8267490929208643	positive	False
Prevotella	PDAC_060	0.10964369219517495	0.654310192037773	positive	False
Prevotella	PDAC_061	0.016006837720413943	0.9476586665996889	positive	False
Prevotella	PDAC_062	0.05357031097015973	0.8227744333405322	positive	False
Sulfuritalea	PDAC_001	0.05039876019599226	0.6805193292550071	positive	False
Sulfuritalea	PDAC_002	0.05335167865365016	0.6656133613440707	positive	False
Sulfuritalea	PDAC_003	0.04766839525437086	0.6980731822047448	positive	False
Sulfuritalea	PDAC_004	0.04959386707238131	0.6853045679562295	positive	False
Sulfuritalea	PDAC_005	0.04261448357204582	0.7332732659350258	positive	False
Sulfuritalea	PDAC_006	0.05264847261369505	0.6678852557209989	positive	False
Sulfuritalea	PDAC_007	0.05033316005287301	0.6818601435757636	positive	False
Sulfuritalea	PDAC_008	0.05710340863078288	0.6444104026692942	positive	False
Sulfuritalea	PDAC_009	0.0682218359415547	0.5754063635920681	positive	False
Sulfuritalea	PDAC_010	0.0549947863923139	0.6600966925531944	positive	False
Sulfuritalea	PDAC_011	0.053385205072411374	0.6633988718051738	positive	False
Sulfuritalea	PDAC_012	0.05728767294505736	0.640306847077462	positive	False
Sulfuritalea	PDAC_013	0.05240578269503261	0.6724464167403499	positive	False
Sulfuritalea	PDAC_014	0.050554810663070576	0.6798236679146601	positive	False
Sulfuritalea	PDAC_015	0.05095813101726615	0.6776145327245318	positive	False
Sulfuritalea	PDAC_016	0.04691161339265341	0.7022122030944897	positive	False
Sulfuritalea	PDAC_017	0.046607559303609374	0.7036026806947395	positive	False
Sulfuritalea	PDAC_018	0.05581942239691505	0.6519707255400177	positive	False
Sulfuritalea	PDAC_019	0.056850812158867135	0.647307988023647	positive	False
Sulfuritalea	PDAC_020	0.046724502861817556	0.7122196257433417	positive	False
Sulfuritalea	PDAC_021	0.04918050931560421	0.6902767339896825	positive	False
Sulfuritalea	PDAC_022	0.048475904647996344	0.6925721555947779	positive	False
Sulfuritalea	PDAC_023	0.049327091294998	0.6899083266958935	positive	False
Sulfuritalea	PDAC_024	0.05140224803987319	0.6761982847119514	positive	False
Sulfuritalea	PDAC_025	0.05149959180677224	0.6750297313990827	positive	False
Sulfuritalea	PDAC_026	0.05095445419665828	0.6776324385258384	positive	False
Sulfuritalea	PDAC_027	0.04988706439654979	0.6838639942886862	positive	False
Sulfuritalea	PDAC_028	0.05570884797776336	0.6583567639572777	positive	False
Sulfuritalea	PDAC_029	0.05110778436638389	0.6769471056994314	positive	False
Sulfuritalea	PDAC_030	0.04768392782260729	0.6981706145057844	positive	False
Sulfuritalea	PDAC_031	0.050126563972950226	0.6848636188128288	positive	False
Sulfuritalea	PDAC_032	0.04551872170916585	0.7163215166774155	positive	False
Sulfuritalea	PDAC_033	0.051756942844251995	0.6733991132757131	positive	False
Sulfuritalea	PDAC_034	0.05759134679622872	0.6625948390652038	positive	False
Sulfuritalea	PDAC_035	0.05121186776876133	0.676161279533805	positive	False
Sulfuritalea	PDAC_036	0.052045559965783965	0.6725160380890948	positive	False
Sulfuritalea	PDAC_037	0.054326560888499346	0.6594830627480677	positive	False
Sulfuritalea	PDAC_038	0.045974802966797366	0.7114943522125006	positive	False
Sulfuritalea	PDAC_039	0.05221559043726531	0.6745884886107885	positive	False
Sulfuritalea	PDAC_040	0.04458500813613193	0.7164660085481638	positive	False
Sulfuritalea	PDAC_041	0.06795986969472072	0.57643388922946	positive	False
Sulfuritalea	PDAC_042	0.060224136680717966	0.6238423084379099	positive	False
Sulfuritalea	PDAC_043	-0.022037698413586337	0.8409276320022303	negative	False
Sulfuritalea	PDAC_044	0.022921253678592445	0.8583674254879796	positive	False
Sulfuritalea	PDAC_045	0.024890863358152215	0.8446951749994037	positive	False
Sulfuritalea	PDAC_046	0.04560298082630012	0.712714791163358	positive	False
Sulfuritalea	PDAC_047	0.03622579506573957	0.7847347532442557	positive	False
Sulfuritalea	PDAC_048	0.053618913351615026	0.6602970626727696	positive	False
Sulfuritalea	PDAC_049	0.02514684101070599	0.8465383056946659	positive	False
Sulfuritalea	PDAC_050	0.03638534760809994	0.7764793791195572	positive	False
Sulfuritalea	PDAC_051	0.07399046385445293	0.5455715874252822	positive	False
Sulfuritalea	PDAC_052	0.06797800686479344	0.5811704216861714	positive	False
Sulfuritalea	PDAC_053	0.05128760091947267	0.6767263319554133	positive	False
Sulfuritalea	PDAC_054	0.047591926369574516	0.7155848903390005	positive	False
Sulfuritalea	PDAC_055	0.042051491857125804	0.7407069720342265	positive	False
Sulfuritalea	PDAC_056	0.074013947368259	0.5478378485843431	positive	False
Sulfuritalea	PDAC_057	0.03532388193517687	0.7825734440266815	positive	False
Sulfuritalea	PDAC_058	0.0854241282463222	0.4772750157542246	positive	False
Sulfuritalea	PDAC_059	0.050486309997600474	0.6802222278402739	positive	False
Sulfuritalea	PDAC_060	0.09264954641341863	0.43844103652920585	positive	False
Sulfuritalea	PDAC_061	0.08527243994985874	0.47549386651728853	positive	False
Sulfuritalea	PDAC_062	0.05160133733797452	0.6726584717484105	positive	False
Escherichia	PDAC_001	-0.2296426547122516	0.39113035095546334	negative	False
Escherichia	PDAC_002	-0.23865446032359033	0.3795410460318033	negative	False
Escherichia	PDAC_003	-0.24005818639925347	0.3736174746488685	negative	False
Escherichia	PDAC_004	-0.23137316129570173	0.3878014151762771	negative	False
Escherichia	PDAC_005	-0.25855039779007566	0.3477577196330416	negative	False
Escherichia	PDAC_006	-0.23272365271306536	0.3867722836494475	negative	False
Escherichia	PDAC_007	-0.23609083839433326	0.3806910119936405	negative	False
Escherichia	PDAC_008	-0.2378534976436939	0.3835849343979614	negative	False
Escherichia	PDAC_009	-0.24794339736683804	0.3597004428093822	negative	False
Escherichia	PDAC_010	-0.24626610235053042	0.37252249926906467	negative	False
Escherichia	PDAC_011	-0.23107396036463368	0.3895643044963769	negative	False
Escherichia	PDAC_012	-0.18321659584304673	0.4851505957050001	negative	False
Escherichia	PDAC_013	-0.15881040973883506	0.5406677709142893	negative	False
Escherichia	PDAC_014	-0.2232309766007788	0.403480488894731	negative	False
Escherichia	PDAC_015	-0.22309040790312162	0.4035401353535306	negative	False
Escherichia	PDAC_016	-0.23948317507405603	0.37393327157812994	negative	False
Escherichia	PDAC_017	-0.2381214511595797	0.37573587691563437	negative	False
Escherichia	PDAC_018	-0.21922679530030306	0.41543347926674157	negative	False
Escherichia	PDAC_019	-0.14609690600055017	0.5683850176405028	negative	False
Escherichia	PDAC_020	-0.2610050675081652	0.34919795281498023	negative	False
Escherichia	PDAC_021	-0.24225288046249388	0.3719146316287161	negative	False
Escherichia	PDAC_022	-0.23651297189486076	0.37905361632476986	negative	False
Escherichia	PDAC_023	-0.24344387599710632	0.37060268958192644	negative	False
Escherichia	PDAC_024	-0.22573021298652318	0.3994546170125176	negative	False
Escherichia	PDAC_025	-0.23800322605976879	0.3739240577708832	negative	False
Escherichia	PDAC_026	-0.20529303485313935	0.44011152817453825	negative	False
Escherichia	PDAC_027	-0.23293728931206115	0.3851773904162218	negative	False
Escherichia	PDAC_028	-0.2501229545828806	0.3692430056461913	negative	False
Escherichia	PDAC_029	-0.22842310203710736	0.39343025501402396	negative	False
Escherichia	PDAC_030	-0.2406830550435006	0.3727997926298603	negative	False
Escherichia	PDAC_031	-0.22743154389749082	0.3955720139831779	negative	False
Escherichia	PDAC_032	-0.22902571377512387	0.39761658348686835	negative	False
Escherichia	PDAC_033	-0.2260926490737533	0.3984149441118281	negative	False
Escherichia	PDAC_034	-0.21969203845436847	0.4398155884975993	negative	False
Escherichia	PDAC_035	-0.215316227268717	0.41920050147395793	negative	False
Escherichia	PDAC_036	-0.2374352462217318	0.38004838355657644	negative	False
Escherichia	PDAC_037	-0.2368593940429281	0.3824735907657576	negative	False
Escherichia	PDAC_038	-0.18467264354042007	0.4905209316169272	negative	False
Escherichia	PDAC_039	-0.2449375916755448	0.37137747335732263	negative	False
Escherichia	PDAC_040	-0.2431763090799921	0.3674330918731289	negative	False
Escherichia	PDAC_041	-0.24196470535999146	0.36916227532624724	negative	False
Escherichia	PDAC_042	-0.21514262400847947	0.42297150279054785	negative	False
Escherichia	PDAC_043	-0.3789246635402126	0.10722895126861152	negative	False
Escherichia	PDAC_044	-0.18428180432094102	0.5024875989858679	negative	False
Escherichia	PDAC_045	-0.2704149554413007	0.3246973398158629	negative	False
Escherichia	PDAC_046	-0.22010041415574993	0.4110302572151061	negative	False
Escherichia	PDAC_047	-0.2646102327455898	0.35038862878331967	negative	False
Escherichia	PDAC_048	-0.22484247034233	0.4010777468321651	negative	False
Escherichia	PDAC_049	-0.17779411672620254	0.5183247951991918	negative	False
Escherichia	PDAC_050	-0.2609366256974958	0.34314788130580276	negative	False
Escherichia	PDAC_051	-0.2002564693996312	0.4594688247155254	negative	False
Escherichia	PDAC_052	-0.2854459728836882	0.29189352655012824	negative	False
Escherichia	PDAC_053	-0.22869903148606305	0.3932002990820651	negative	False
Escherichia	PDAC_054	-0.17677261257395518	0.5174848858909398	negative	False
Escherichia	PDAC_055	-0.19478866220073698	0.4717116349922047	negative	False
Escherichia	PDAC_056	-0.20030843329682424	0.46145542022206143	negative	False
Escherichia	PDAC_057	-0.18742428363717806	0.48989944386307926	negative	False
Escherichia	PDAC_058	-0.28494313212462086	0.2935410223227033	negative	False
Escherichia	PDAC_059	-0.22472265819195303	0.40063125884012796	negative	False
Escherichia	PDAC_060	-0.18342415799944176	0.5057085749205747	negative	False
Escherichia	PDAC_061	-0.18906801705723236	0.4841789989141757	negative	False
Escherichia	PDAC_062	-0.23007352028464145	0.38953416055776924	negative	False
Moraxella	PDAC_001	-0.00273556333708161	0.9865045849854959	negative	False
Moraxella	PDAC_002	0.013723900901449088	0.9332456256535548	positive	False
Moraxella	PDAC_003	0.00039858921202140795	0.9980544517570136	positive	False
Moraxella	PDAC_004	-0.0008972455008072212	0.9955778433032503	negative	False
Moraxella	PDAC_005	0.01344915352796929	0.9358493897075375	positive	False
Moraxella	PDAC_006	0.009740787769679867	0.9521468855954883	positive	False
Moraxella	PDAC_007	-0.026970381799944643	0.8672876799455116	negative	False
Moraxella	PDAC_008	-0.04091650947722791	0.7996717143204497	negative	False
Moraxella	PDAC_009	-0.00012140793441946123	0.9994103029590302	negative	False
Moraxella	PDAC_010	-0.056004848919219294	0.7238310859238206	negative	False
Moraxella	PDAC_011	0.012146316805267916	0.940194706013714	positive	False
Moraxella	PDAC_012	-0.011534072965515523	0.9434221446541609	negative	False
Moraxella	PDAC_013	0.006742943839658632	0.9674972775630746	positive	False
Moraxella	PDAC_014	-0.0015647920390551397	0.9922848480079454	negative	False
Moraxella	PDAC_015	-0.005455138327717859	0.9730790150552657	negative	False
Moraxella	PDAC_016	0.0013276702864639042	0.9935034704763904	positive	False
Moraxella	PDAC_017	-0.010489487424875082	0.9485400222824214	negative	False
Moraxella	PDAC_018	-0.020534277676868353	0.8988448476943465	negative	False
Moraxella	PDAC_019	-0.04737953215758964	0.7676751527137942	negative	False
Moraxella	PDAC_020	0.022577549025381043	0.8931784072078031	positive	False
Moraxella	PDAC_021	0.012197716891216808	0.940649457980016	positive	False
Moraxella	PDAC_022	-0.0005753056166001966	0.9971792117649472	negative	False
Moraxella	PDAC_023	0.0407044225465367	0.7971893051802104	positive	False
Moraxella	PDAC_024	0.007957824321137912	0.9605863176658407	positive	False
Moraxella	PDAC_025	-0.004558622603747912	0.977499060164005	negative	False
Moraxella	PDAC_026	-0.016861706986209212	0.9169715512721651	negative	False
Moraxella	PDAC_027	-0.016699907638869745	0.9177287613277698	negative	False
Moraxella	PDAC_028	0.00992304474693501	0.9532542890724812	positive	False
Moraxella	PDAC_029	-0.0022405899268933705	0.9889483071978171	negative	False
Moraxella	PDAC_030	-0.006158090460405939	0.9699902572727119	negative	False
Moraxella	PDAC_031	-0.0022701280923965368	0.9887895604995308	negative	False
Moraxella	PDAC_032	0.02358773450531153	0.8827956069823737	positive	False
Moraxella	PDAC_033	-0.002818065859443649	0.986083555879397	negative	False
Moraxella	PDAC_034	-0.05175238671654104	0.7481612524459499	negative	False
Moraxella	PDAC_035	-0.0005528891129304891	0.9972746353516423	negative	False
Moraxella	PDAC_036	0.007572809390907733	0.963087779305692	positive	False
Moraxella	PDAC_037	0.02527634938785629	0.875851274228514	positive	False
Moraxella	PDAC_038	-0.055992008560863685	0.7215235194196143	negative	False
Moraxella	PDAC_039	0.015850457697063582	0.9236200166934921	positive	False
Moraxella	PDAC_040	0.0055070446251717356	0.9730907094934993	positive	False
Moraxella	PDAC_041	0.016276204094094908	0.9199506425608714	positive	False
Moraxella	PDAC_042	-0.002058878031010813	0.9898572986944827	negative	False
Moraxella	PDAC_043	0.0011045611941723212	0.9949088653859917	positive	False
Moraxella	PDAC_044	0.021235711543098827	0.8976523055591641	positive	False
Moraxella	PDAC_045	0.02077709143721161	0.8988079648416413	positive	False
Moraxella	PDAC_046	-0.000225716378885491	0.9988847853973811	negative	False
Moraxella	PDAC_047	0.01606704312620887	0.9239644286569513	positive	False
Moraxella	PDAC_048	-0.002910791299341114	0.9856281039207738	negative	False
Moraxella	PDAC_049	0.00793237545324275	0.9623732056910543	positive	False
Moraxella	PDAC_050	0.023892820433581825	0.8831375468943046	positive	False
Moraxella	PDAC_051	0.003377158536039159	0.9835289653987749	positive	False
Moraxella	PDAC_052	-0.0019095362653466772	0.9909134565001374	negative	False
Moraxella	PDAC_053	-0.002833950512602781	0.9860100725436448	negative	False
Moraxella	PDAC_054	0.002633677411822363	0.9874540842373882	positive	False
Moraxella	PDAC_055	-0.001545052977501865	0.9924917881567825	negative	False
Moraxella	PDAC_056	0.006728891351781566	0.9672726313784816	positive	False
Moraxella	PDAC_057	-0.028859255568819166	0.8598250372987993	negative	False
Moraxella	PDAC_058	-0.02816346761204461	0.8632052967313629	negative	False
Moraxella	PDAC_059	0.0037170465055607563	0.9816840976565184	positive	False
Moraxella	PDAC_060	-0.05344436277324356	0.7371300100986353	negative	False
Moraxella	PDAC_061	-0.009825284394508776	0.9523691622872614	negative	False
Moraxella	PDAC_062	-0.0028901655236009795	0.9857371019263217	negative	False
Shinella	PDAC_001	-0.047978394750567276	0.6881373579920074	negative	False
Shinella	PDAC_002	-0.04438863073471922	0.7164556827141537	negative	False
Shinella	PDAC_003	-0.04828876793105103	0.6902192362472395	negative	False
Shinella	PDAC_004	-0.0470248302626961	0.694954703476919	negative	False
Shinella	PDAC_005	-0.03728714726074594	0.7642025675699943	negative	False
Shinella	PDAC_006	-0.039655980634524794	0.7424631632227443	negative	False
Shinella	PDAC_007	-0.04559945547259438	0.7061334784532616	negative	False
Shinella	PDAC_008	-0.03381457448157506	0.7822044059893695	negative	False
Shinella	PDAC_009	-0.04730590264147599	0.6976999365972077	negative	False
Shinella	PDAC_010	-0.04637729454244666	0.709988674383835	negative	False
Shinella	PDAC_011	-0.07429237289002809	0.5233495731770881	negative	False
Shinella	PDAC_012	-0.05353987124955399	0.6560331474648393	negative	False
Shinella	PDAC_013	-0.11917726078301001	0.21237428100005382	negative	False
Shinella	PDAC_014	-0.045526049445531805	0.7045855187766892	negative	False
Shinella	PDAC_015	-0.04603902656988438	0.7013051621297808	negative	False
Shinella	PDAC_016	-0.04658023641545023	0.7000612971757574	negative	False
Shinella	PDAC_017	-0.04640090320987714	0.700381499033803	negative	False
Shinella	PDAC_018	-0.04626529675350771	0.7001184169098018	negative	False
Shinella	PDAC_019	-0.03266537504647045	0.7904564938746607	negative	False
Shinella	PDAC_020	-0.03694107173103309	0.7696626533308979	negative	False
Shinella	PDAC_021	-0.03734518099089341	0.759118486304356	negative	False
Shinella	PDAC_022	-0.040226372920261474	0.7388014839188115	negative	False
Shinella	PDAC_023	-0.03140205732395407	0.7960653878537014	negative	False
Shinella	PDAC_024	-0.050566975489027575	0.6735201302320214	negative	False
Shinella	PDAC_025	-0.04851356968429086	0.6858969723388657	negative	False
Shinella	PDAC_026	-0.03772260800201553	0.7540108396906487	negative	False
Shinella	PDAC_027	-0.042913232255746614	0.7214497656592088	negative	False
Shinella	PDAC_028	-0.015798392184646185	0.8964591463036782	negative	False
Shinella	PDAC_029	-0.04642253120497264	0.6989534263866033	negative	False
Shinella	PDAC_030	-0.04359947599633725	0.7193869897441401	negative	False
Shinella	PDAC_031	-0.04674296661125245	0.6963613618583522	negative	False
Shinella	PDAC_032	-0.06513546004964288	0.5865195831290018	negative	False
Shinella	PDAC_033	-0.04812349843986726	0.6881424593952734	negative	False
Shinella	PDAC_034	-0.0615276437283882	0.6227366124944209	negative	False
Shinella	PDAC_035	-0.045257815013121476	0.7063181473055866	negative	False
Shinella	PDAC_036	-0.03304332375529308	0.784750091047863	negative	False
Shinella	PDAC_037	-0.03652780934716989	0.7640096244858217	negative	False
Shinella	PDAC_038	-0.04557294096422311	0.7120530858336802	negative	False
Shinella	PDAC_039	-0.0401979970838734	0.7446302410106639	negative	False
Shinella	PDAC_040	-0.05201425660025227	0.6672578817857138	negative	False
Shinella	PDAC_041	-0.042701277444107656	0.7241314756026997	negative	False
Shinella	PDAC_042	-0.049898802422902684	0.6778369781340238	negative	False
Shinella	PDAC_043	-0.08540013384428215	0.47920982084837327	negative	False
Shinella	PDAC_044	-0.069516409223423	0.5693709105184868	negative	False
Shinella	PDAC_045	-0.0624687285894034	0.608698456541345	negative	False
Shinella	PDAC_046	-0.04927053193077308	0.6812101501366097	negative	False
Shinella	PDAC_047	-0.03236659783051315	0.7948825423664587	negative	False
Shinella	PDAC_048	-0.0454621073142475	0.7035253996921609	negative	False
Shinella	PDAC_049	-0.05956060075191874	0.6323606833957602	negative	False
Shinella	PDAC_050	-0.05776030687248397	0.6367406787350185	negative	False
Shinella	PDAC_051	-0.04918693857363502	0.6853668089319644	negative	False
Shinella	PDAC_052	-0.05835238969476557	0.6369561093258356	negative	False
Shinella	PDAC_053	-0.046740130070292825	0.6962475080672027	negative	False
Shinella	PDAC_054	-0.03854599080941815	0.7552741106193539	negative	False
Shinella	PDAC_055	-0.04498042453300663	0.7114154780323643	negative	False
Shinella	PDAC_056	-0.05023483085552	0.6802230289782749	negative	False
Shinella	PDAC_057	-0.040687965302189086	0.7390710042684753	negative	False
Shinella	PDAC_058	-0.02294854507305483	0.8471971991612256	negative	False
Shinella	PDAC_059	-0.05019235695781694	0.674358296225259	negative	False
Shinella	PDAC_060	-0.011804320171667331	0.9198875378104248	negative	False
Shinella	PDAC_061	-0.0291039018556675	0.808275750869431	negative	False
Shinella	PDAC_062	-0.0447171666245853	0.70608312783272	negative	False
Cutibacterium	PDAC_001	-0.3360066789778429	0.0030264383665171177	negative	False
Cutibacterium	PDAC_002	-0.3310405770697035	0.00371913303151232	negative	False
Cutibacterium	PDAC_003	-0.3439526975970167	0.002515684093868131	negative	False
Cutibacterium	PDAC_004	-0.33242352895105165	0.0031569823408977775	negative	False
Cutibacterium	PDAC_005	-0.3418229004492082	0.003240728281286504	negative	False
Cutibacterium	PDAC_006	-0.3256883542567284	0.003764013410386911	negative	False
Cutibacterium	PDAC_007	-0.3363272538036748	0.003074588209958462	negative	False
Cutibacterium	PDAC_008	-0.3193609522451196	0.004720805381626757	negative	False
Cutibacterium	PDAC_009	-0.3484276842753993	0.0022180195874874015	negative	False
Cutibacterium	PDAC_010	-0.33275811093242447	0.0041253035429433	negative	False
Cutibacterium	PDAC_011	-0.32401307557472964	0.0038104851892112697	negative	False
Cutibacterium	PDAC_012	-0.3380570947065628	0.0029074066380816005	negative	False
Cutibacterium	PDAC_013	-0.3422768101502432	0.0028970952557685285	negative	False
Cutibacterium	PDAC_014	-0.3360981365537263	0.0030040654165732067	negative	False
Cutibacterium	PDAC_015	-0.3340329734688652	0.003011725423401015	negative	False
Cutibacterium	PDAC_016	-0.33809989423729025	0.0029394946888523055	negative	False
Cutibacterium	PDAC_017	-0.3460501521693813	0.002317036477252075	negative	False
Cutibacterium	PDAC_018	-0.3385057648711253	0.0029709352176336364	negative	False
Cutibacterium	PDAC_019	-0.32101213162275677	0.004831313664105749	negative	False
Cutibacterium	PDAC_020	-0.34772458019828517	0.0029798483465874512	negative	False
Cutibacterium	PDAC_021	-0.33507250235875574	0.0033657314666925378	negative	False
Cutibacterium	PDAC_022	-0.33748561062086235	0.002950917412586376	negative	False
Cutibacterium	PDAC_023	-0.3338678300029701	0.003529038416754425	negative	False
Cutibacterium	PDAC_024	-0.3407748408160946	0.0025196799711308046	negative	False
Cutibacterium	PDAC_025	-0.3383091419890409	0.0027089834743495994	negative	False
Cutibacterium	PDAC_026	-0.3329072357770272	0.0032205977790101085	negative	False
Cutibacterium	PDAC_027	-0.3377868987787005	0.0028979133895324512	negative	False
Cutibacterium	PDAC_028	-0.33743800285062575	0.003970305507834453	negative	False
Cutibacterium	PDAC_029	-0.3352363787447408	0.0029887064774993485	negative	False
Cutibacterium	PDAC_030	-0.3417201564192695	0.002709641590962396	negative	False
Cutibacterium	PDAC_031	-0.3353488831475746	0.003051462830120133	negative	False
Cutibacterium	PDAC_032	-0.36036134376629525	0.0011989887105569857	negative	False
Cutibacterium	PDAC_033	-0.3375137327305688	0.002804657129219206	negative	False
Cutibacterium	PDAC_034	-0.37972786905988165	0.0004922883785974487	negative	False
Cutibacterium	PDAC_035	-0.33369796638461263	0.0030917421340306943	negative	False
Cutibacterium	PDAC_036	-0.32584938632651006	0.003966345214971933	negative	False
Cutibacterium	PDAC_037	-0.3272437895822559	0.003962337393119243	negative	False
Cutibacterium	PDAC_038	-0.3425604142983338	0.0029545035129690065	negative	False
Cutibacterium	PDAC_039	-0.3330645872922617	0.003837610302653205	negative	False
Cutibacterium	PDAC_040	-0.33023512753937984	0.003575099716201435	negative	False
Cutibacterium	PDAC_041	-0.34808709959914547	0.0021769692466182557	negative	False
Cutibacterium	PDAC_042	-0.3428430731461379	0.002501938290959859	negative	False
Cutibacterium	PDAC_043	-0.3420238111242411	0.0052953990001327845	negative	False
Cutibacterium	PDAC_044	-0.3172235605896291	0.006703045167089566	negative	False
Cutibacterium	PDAC_045	-0.3340698274823792	0.004340814915200993	negative	False
Cutibacterium	PDAC_046	-0.3331392866431422	0.00333410130521818	negative	False
Cutibacterium	PDAC_047	-0.28513442878852735	0.007204014983356103	negative	False
Cutibacterium	PDAC_048	-0.3337700708878652	0.0033045850485985896	negative	False
Cutibacterium	PDAC_049	-0.32395289731734705	0.00642749086332858	negative	False
Cutibacterium	PDAC_050	-0.31213733506424324	0.0063746578668234044	negative	False
Cutibacterium	PDAC_051	-0.3294405640224701	0.004331374864205171	negative	False
Cutibacterium	PDAC_052	-0.37840075112653526	0.00044260687035307673	negative	False
Cutibacterium	PDAC_053	-0.33559738059332234	0.0030872065081149194	negative	False
Cutibacterium	PDAC_054	-0.3141032545283538	0.0069866550121173805	negative	False
Cutibacterium	PDAC_055	-0.31727660232833316	0.005603562658805253	negative	False
Cutibacterium	PDAC_056	-0.3357593301690083	0.0038313805817749053	negative	False
Cutibacterium	PDAC_057	-0.3111746105067724	0.006408855893967717	negative	False
Cutibacterium	PDAC_058	-0.34918560355557127	0.0025546290365762703	negative	False
Cutibacterium	PDAC_059	-0.3349111137935659	0.003045046087999296	negative	False
Cutibacterium	PDAC_060	-0.34569178408989315	0.0035153314757516148	negative	False
Cutibacterium	PDAC_061	-0.34648822676997815	0.0026983140897996884	negative	False
Cutibacterium	PDAC_062	-0.33530234935182374	0.0030778514385255778	negative	False
Chryseobacterium	PDAC_001	0.3736773366703836	0.005617314752594082	positive	False
Chryseobacterium	PDAC_002	0.37249699517693247	0.005741413247970709	positive	False
Chryseobacterium	PDAC_003	0.36727474114797454	0.006171448088324514	positive	False
Chryseobacterium	PDAC_004	0.3799037278106581	0.004480440175813014	positive	False
Chryseobacterium	PDAC_005	0.36254308251826356	0.0073806951852930045	positive	False
Chryseobacterium	PDAC_006	0.37287129232843685	0.005492611902201228	positive	False
Chryseobacterium	PDAC_007	0.37024144684345306	0.00581441771542359	positive	False
Chryseobacterium	PDAC_008	0.37628855878733675	0.005458924731930812	positive	False
Chryseobacterium	PDAC_009	0.3894286918147919	0.00372611044268606	positive	False
Chryseobacterium	PDAC_010	0.3749405055807488	0.006018695670175962	positive	False
Chryseobacterium	PDAC_011	0.37394021573277875	0.005355747645525328	positive	False
Chryseobacterium	PDAC_012	0.374887791733771	0.005244452947845352	positive	False
Chryseobacterium	PDAC_013	0.37158833759342585	0.005994063039050347	positive	False
Chryseobacterium	PDAC_014	0.3733963696967596	0.005565548126753054	positive	False
Chryseobacterium	PDAC_015	0.37431002530739693	0.005472820042273244	positive	False
Chryseobacterium	PDAC_016	0.366827733082509	0.006204630714470205	positive	False
Chryseobacterium	PDAC_017	0.3670581862980311	0.006188773294291431	positive	False
Chryseobacterium	PDAC_018	0.3885233125680274	0.004631049219121206	positive	False
Chryseobacterium	PDAC_019	0.37629085803993734	0.0056315042973613715	positive	False
Chryseobacterium	PDAC_020	0.3681277783659587	0.007350903619623195	positive	False
Chryseobacterium	PDAC_021	0.36834805209304194	0.006175165534650932	positive	False
Chryseobacterium	PDAC_022	0.3688310154292492	0.005974108885636978	positive	False
Chryseobacterium	PDAC_023	0.3684588684371718	0.006225279967143548	positive	False
Chryseobacterium	PDAC_024	0.3783909269330239	0.005266982254005022	positive	False
Chryseobacterium	PDAC_025	0.37724551254027505	0.005315709717341841	positive	False
Chryseobacterium	PDAC_026	0.37206972006051897	0.005598598953586244	positive	False
Chryseobacterium	PDAC_027	0.37120146301606105	0.005724220376799176	positive	False
Chryseobacterium	PDAC_028	0.37662758946906555	0.0061585279019213115	positive	False
Chryseobacterium	PDAC_029	0.3748758958127443	0.005413105824387732	positive	False
Chryseobacterium	PDAC_030	0.36717321266993314	0.006196622015871535	positive	False
Chryseobacterium	PDAC_031	0.37449117328833126	0.005215523061074448	positive	False
Chryseobacterium	PDAC_032	0.3812077086077486	0.005607147799909193	positive	False
Chryseobacterium	PDAC_033	0.37757823625006004	0.0053017322372580075	positive	False
Chryseobacterium	PDAC_034	0.4209472965120742	0.002576512763840016	positive	False
Chryseobacterium	PDAC_035	0.37389002926809634	0.005449784240449013	positive	False
Chryseobacterium	PDAC_036	0.3713750851144226	0.00576339801398429	positive	False
Chryseobacterium	PDAC_037	0.3735070637937031	0.0055900732317105736	positive	False
Chryseobacterium	PDAC_038	0.36529822964776076	0.006790073199844515	positive	False
Chryseobacterium	PDAC_039	0.3715741652576861	0.006131028387735441	positive	False
Chryseobacterium	PDAC_040	0.3940006298715116	0.003134799955690253	positive	False
Chryseobacterium	PDAC_041	0.3645478903060807	0.006459342761670645	positive	False
Chryseobacterium	PDAC_042	0.3216636502124123	0.006663822810922526	positive	False
Chryseobacterium	PDAC_043	0.36212479540113107	0.013778095094677591	positive	False
Chryseobacterium	PDAC_044	0.374177828742509	0.008844968306352992	positive	False
Chryseobacterium	PDAC_045	0.3609163068286578	0.009337570322133875	positive	False
Chryseobacterium	PDAC_046	0.3724826937114115	0.0056241310466116174	positive	False
Chryseobacterium	PDAC_047	0.4000940359791547	0.005737087729159819	positive	False
Chryseobacterium	PDAC_048	0.3677531338428671	0.005337690273238611	positive	False
Chryseobacterium	PDAC_049	0.3785592760802263	0.008791807112527193	positive	False
Chryseobacterium	PDAC_050	0.3695489950178542	0.008305251013100302	positive	False
Chryseobacterium	PDAC_051	0.4152082825804465	0.002281925025294247	positive	False
Chryseobacterium	PDAC_052	0.38954443939789596	0.004152577563605194	positive	False
Chryseobacterium	PDAC_053	0.37530700522042665	0.005127647919204892	positive	False
Chryseobacterium	PDAC_054	0.391446018638478	0.006316718777282485	positive	False
Chryseobacterium	PDAC_055	0.37063949227278187	0.007528739668764014	positive	False
Chryseobacterium	PDAC_056	0.3657886914323161	0.008163341627647425	positive	False
Chryseobacterium	PDAC_057	0.371917056266613	0.007987091525208274	positive	False
Chryseobacterium	PDAC_058	0.3442260097076416	0.010040335636228559	positive	False
Chryseobacterium	PDAC_059	0.37724741332587264	0.0048730166834093334	positive	False
Chryseobacterium	PDAC_060	0.4502562371754993	0.0002856669298955504	positive	False
Chryseobacterium	PDAC_061	0.3623435527791296	0.008535840265366006	positive	False
Chryseobacterium	PDAC_062	0.37402096824244696	0.004962882667173146	positive	False
Aminobacter	PDAC_001	0.028913874827859783	0.8467115329016525	positive	False
Aminobacter	PDAC_002	0.02672195543774857	0.859784944101563	positive	False
Aminobacter	PDAC_003	0.022639251186199763	0.8802878717013227	positive	False
Aminobacter	PDAC_004	0.034586969499653605	0.8171471937981896	positive	False
Aminobacter	PDAC_005	0.012976235659947283	0.9323673456878889	positive	False
Aminobacter	PDAC_006	0.028585371680065783	0.8488717398689286	positive	False
Aminobacter	PDAC_007	0.02582925722558014	0.863433290177711	positive	False
Aminobacter	PDAC_008	0.029454338877464577	0.8463028890274436	positive	False
Aminobacter	PDAC_009	0.05222635149073952	0.7253074918624325	positive	False
Aminobacter	PDAC_010	0.025327099892277428	0.8690816510062279	positive	False
Aminobacter	PDAC_011	0.029718635803514578	0.8428188029263938	positive	False
Aminobacter	PDAC_012	0.017919740257139733	0.9046773420504863	positive	False
Aminobacter	PDAC_013	0.024773316077433143	0.8704877295266593	positive	False
Aminobacter	PDAC_014	0.028791166354830255	0.8473685431640992	positive	False
Aminobacter	PDAC_015	0.029518369529646277	0.8435635688553411	positive	False
Aminobacter	PDAC_016	0.02241973906196895	0.8812539420219614	positive	False
Aminobacter	PDAC_017	0.022822326760193076	0.8789485204256482	positive	False
Aminobacter	PDAC_018	0.03829609157783517	0.7992458421552482	positive	False
Aminobacter	PDAC_019	0.028240206031968206	0.8533046858541536	positive	False
Aminobacter	PDAC_020	0.015144951370618416	0.9221853919984107	positive	False
Aminobacter	PDAC_021	0.02275569950946614	0.8802746388521854	positive	False
Aminobacter	PDAC_022	0.024577576473696752	0.8697884855209385	positive	False
Aminobacter	PDAC_023	0.022427536064192528	0.8822162632380496	positive	False
Aminobacter	PDAC_024	0.03180540574156233	0.8319468641178126	positive	False
Aminobacter	PDAC_025	0.03134211786006955	0.8341865276369657	positive	False
Aminobacter	PDAC_026	0.04617586267549834	0.7561648703243974	positive	False
Aminobacter	PDAC_027	0.04239754332346912	0.7761227603845265	positive	False
Aminobacter	PDAC_028	0.024676788313514945	0.8735045915549391	positive	False
Aminobacter	PDAC_029	0.029916191988234274	0.8414995101244468	positive	False
Aminobacter	PDAC_030	0.057580679922078944	0.6957495757391425	positive	False
Aminobacter	PDAC_031	0.029008461389786487	0.8465139647338796	positive	False
Aminobacter	PDAC_032	0.028873448616999045	0.8491958245745996	positive	False
Aminobacter	PDAC_033	0.03163511609888682	0.8326517258429008	positive	False
Aminobacter	PDAC_034	0.046507970851384466	0.769409698707857	positive	False
Aminobacter	PDAC_035	0.02933929433625038	0.844511338494935	positive	False
Aminobacter	PDAC_036	0.026339635361311495	0.8612772340629569	positive	False
Aminobacter	PDAC_037	0.027991067229771426	0.8530211296810529	positive	False
Aminobacter	PDAC_038	0.07890588922112902	0.5786095726940876	positive	False
Aminobacter	PDAC_039	0.023841679827797745	0.8757706124773357	positive	False
Aminobacter	PDAC_040	0.019542140137133374	0.8964793112483105	positive	False
Aminobacter	PDAC_041	0.02009923381178538	0.8934305510108073	positive	False
Aminobacter	PDAC_042	0.04228320200520234	0.7778584557929784	positive	False
Aminobacter	PDAC_043	-0.026843520373658017	0.8590912082783568	negative	False
Aminobacter	PDAC_044	0.0011603377049656037	0.9940433952180088	positive	False
Aminobacter	PDAC_045	0.07385941983809571	0.6149543125712322	positive	False
Aminobacter	PDAC_046	0.024858027524884262	0.8684917379433041	positive	False
Aminobacter	PDAC_047	0.014251951862103988	0.9290010761193765	positive	False
Aminobacter	PDAC_048	0.03308602541915051	0.8248630535633861	positive	False
Aminobacter	PDAC_049	0.0020556389981067243	0.989541527130894	positive	False
Aminobacter	PDAC_050	0.011036147448363383	0.943075328585401	positive	False
Aminobacter	PDAC_051	0.0007024665849491853	0.9962934835719576	positive	False
Aminobacter	PDAC_052	0.03794589574891486	0.8039023541401243	positive	False
Aminobacter	PDAC_053	0.03045752185986688	0.8388800534248256	positive	False
Aminobacter	PDAC_054	0.010873567597483468	0.9447978133482904	positive	False
Aminobacter	PDAC_055	0.01174766218426765	0.9388775470935521	positive	False
Aminobacter	PDAC_056	0.059399232813519665	0.6921497930458239	positive	False
Aminobacter	PDAC_057	0.009542428707773665	0.9506849375860892	positive	False
Aminobacter	PDAC_058	0.07150074802816106	0.6273345263192456	positive	False
Aminobacter	PDAC_059	0.029840296650329223	0.8418949569032396	positive	False
Aminobacter	PDAC_060	0.08063370077469229	0.5814811064595558	positive	False
Aminobacter	PDAC_061	0.07073358752094278	0.6298711089868604	positive	False
Aminobacter	PDAC_062	0.029393044932924328	0.8445052871799379	positive	False
Sphingopyxis	PDAC_001	-0.1691191897104231	0.0015153024814746965	negative	False
Sphingopyxis	PDAC_002	-0.16352785180753482	0.0023184811747383226	negative	False
Sphingopyxis	PDAC_003	-0.17150677229066014	0.0014203772484574157	negative	False
Sphingopyxis	PDAC_004	-0.17006373564342533	0.0014315274683777356	negative	False
Sphingopyxis	PDAC_005	-0.1797199446108723	0.0008934222188049689	negative	False
Sphingopyxis	PDAC_006	-0.16521591090530408	0.001964980424608463	negative	False
Sphingopyxis	PDAC_007	-0.1680884250607443	0.00172415674231256	negative	False
Sphingopyxis	PDAC_008	-0.16387982976897444	0.0024081080785755132	negative	False
Sphingopyxis	PDAC_009	-0.17750734052154077	0.0008985046502486034	negative	False
Sphingopyxis	PDAC_010	-0.16842656594005317	0.0022126019098427903	negative	False
Sphingopyxis	PDAC_011	-0.16709066971628544	0.0017738053718098533	negative	False
Sphingopyxis	PDAC_012	-0.17699128729368135	0.0008603164104702407	negative	False
Sphingopyxis	PDAC_013	-0.16580935735028188	0.0022250310112516803	negative	False
Sphingopyxis	PDAC_014	-0.16885475761249466	0.0015475972849059818	negative	False
Sphingopyxis	PDAC_015	-0.16868171528725887	0.0015670087773239855	negative	False
Sphingopyxis	PDAC_016	-0.16841136876637763	0.0016923393755569217	negative	False
Sphingopyxis	PDAC_017	-0.17134494502260356	0.0013720268942798372	negative	False
Sphingopyxis	PDAC_018	-0.1713487213201011	0.0013969445753011797	negative	False
Sphingopyxis	PDAC_019	-0.15785124113185411	0.002942288606840181	negative	False
Sphingopyxis	PDAC_020	-0.17289440473879947	0.001915510977934629	negative	False
Sphingopyxis	PDAC_021	-0.16731984771609812	0.00194628663010857	negative	False
Sphingopyxis	PDAC_022	-0.16908354675780207	0.0015953325389338258	negative	False
Sphingopyxis	PDAC_023	-0.1662878797250941	0.0020953647335942207	negative	False
Sphingopyxis	PDAC_024	-0.17072168415894912	0.00139046131048591	negative	False
Sphingopyxis	PDAC_025	-0.16970595240838615	0.0014693350802736903	negative	False
Sphingopyxis	PDAC_026	-0.16738345378524166	0.0017230583723409094	negative	False
Sphingopyxis	PDAC_027	-0.16866643646443388	0.0015941604506738408	negative	False
Sphingopyxis	PDAC_028	-0.15778628005237846	0.003386638264444018	negative	False
Sphingopyxis	PDAC_029	-0.16893307955586737	0.0015418234640719973	negative	False
Sphingopyxis	PDAC_030	-0.1669012385759004	0.0018901834569651464	negative	False
Sphingopyxis	PDAC_031	-0.16905471721334608	0.0015169963752031668	negative	False
Sphingopyxis	PDAC_032	-0.18470705067174412	0.0003818359664786664	negative	False
Sphingopyxis	PDAC_033	-0.16969789974535304	0.0014699142299299476	negative	False
Sphingopyxis	PDAC_034	-0.19376131008308659	9.062251502570366e-05	negative	False
Sphingopyxis	PDAC_035	-0.16790482147339053	0.001648908059181098	negative	False
Sphingopyxis	PDAC_036	-0.1651740370457286	0.0020850078181275113	negative	False
Sphingopyxis	PDAC_037	-0.16133098564998735	0.002455305309734627	negative	False
Sphingopyxis	PDAC_038	-0.16895701840525665	0.001967745393359628	negative	False
Sphingopyxis	PDAC_039	-0.15976122450297303	0.0028155196050787877	negative	False
Sphingopyxis	PDAC_040	-0.17269644956714264	0.0013038698132703638	negative	False
Sphingopyxis	PDAC_041	-0.17259993267716575	0.0012900250616298928	negative	False
Sphingopyxis	PDAC_042	-0.17054535046456526	0.0014496196939638797	negative	False
Sphingopyxis	PDAC_043	-0.1744326940271137	0.002246260448209851	negative	False
Sphingopyxis	PDAC_044	-0.17296086002112307	0.0017936561267746644	negative	False
Sphingopyxis	PDAC_045	-0.16360209213869872	0.002584719408981505	negative	False
Sphingopyxis	PDAC_046	-0.16751698399667644	0.001651290976192509	negative	False
Sphingopyxis	PDAC_047	-0.16346800857069785	0.003318243774149274	negative	False
Sphingopyxis	PDAC_048	-0.1681986967893577	0.0015802152554787031	negative	False
Sphingopyxis	PDAC_049	-0.16149344157248943	0.003261079394752757	negative	False
Sphingopyxis	PDAC_050	-0.16875867895647076	0.002036633877083991	negative	False
Sphingopyxis	PDAC_051	-0.16860370494233498	0.001846820247922851	negative	False
Sphingopyxis	PDAC_052	-0.19104453551557554	0.0001383996157020583	negative	False
Sphingopyxis	PDAC_053	-0.1691680039686123	0.0014985865392761956	negative	False
Sphingopyxis	PDAC_054	-0.15837442342806335	0.003244627012406196	negative	False
Sphingopyxis	PDAC_055	-0.16568018214045246	0.0021808142434406744	negative	False
Sphingopyxis	PDAC_056	-0.1710180999994415	0.0016740298691963285	negative	False
Sphingopyxis	PDAC_057	-0.16145863814230513	0.002695715666316029	negative	False
Sphingopyxis	PDAC_058	-0.16242807701766498	0.0026144690681568594	negative	False
Sphingopyxis	PDAC_059	-0.1722354034618888	0.001228157988607075	negative	False
Sphingopyxis	PDAC_060	-0.16958075513339912	0.0022985280964623045	negative	False
Sphingopyxis	PDAC_061	-0.1676544512586631	0.00203548143335085	negative	False
Sphingopyxis	PDAC_062	-0.16900562362605837	0.0015178349107325161	negative	False
Thiomonas	PDAC_001	0.0045740370731393665	0.980777549618085	positive	False
Thiomonas	PDAC_002	-0.018707113570667535	0.9221755655527047	negative	False
Thiomonas	PDAC_003	0.014319207179138881	0.9401718291126435	positive	False
Thiomonas	PDAC_004	0.006848466307271451	0.9712191688833998	positive	False
Thiomonas	PDAC_005	0.033870768313044926	0.8604945126896844	positive	False
Thiomonas	PDAC_006	-0.008011796798441204	0.9664607697873973	negative	False
Thiomonas	PDAC_007	0.017305613568304387	0.9274998092904976	positive	False
Thiomonas	PDAC_008	-0.01941693148978126	0.9196016470398085	negative	False
Thiomonas	PDAC_009	0.009870518720590716	0.9589616138514528	positive	False
Thiomonas	PDAC_010	-0.03026542465830069	0.8753497085438362	negative	False
Thiomonas	PDAC_011	-0.0054908626334672335	0.9769994161258306	negative	False
Thiomonas	PDAC_012	0.00561691218762829	0.9764815928001425	positive	False
Thiomonas	PDAC_013	0.0351365958940756	0.8534504370047122	positive	False
Thiomonas	PDAC_014	0.00033784024928077214	0.998581879001107	positive	False
Thiomonas	PDAC_015	0.0022319092007712545	0.9906295876982399	positive	False
Thiomonas	PDAC_016	0.013914053495397385	0.9417632022251192	positive	False
Thiomonas	PDAC_017	0.0067396417752091115	0.9717714043432872	positive	False
Thiomonas	PDAC_018	-0.003571690818228532	0.9850909889093655	negative	False
Thiomonas	PDAC_019	-0.02384764965460646	0.901560432859023	negative	False
Thiomonas	PDAC_020	-0.046710263326208194	0.8069929323722309	negative	False
Thiomonas	PDAC_021	0.029769661487888847	0.8755272598371554	positive	False
Thiomonas	PDAC_022	-0.011443770350534194	0.9520445062754022	negative	False
Thiomonas	PDAC_023	0.026096626211451403	0.8913485151188671	positive	False
Thiomonas	PDAC_024	-0.001196481022224009	0.9949760961395209	negative	False
Thiomonas	PDAC_025	0.008727659010975075	0.9633624644119485	positive	False
Thiomonas	PDAC_026	-0.00535240353782147	0.9775556779779506	negative	False
Thiomonas	PDAC_027	0.007953773391623129	0.9666150594397791	positive	False
Thiomonas	PDAC_028	-0.035394400640047084	0.8549139915307267	negative	False
Thiomonas	PDAC_029	0.00475488285153204	0.9800098874862095	positive	False
Thiomonas	PDAC_030	0.013585054639551756	0.9433031053758497	positive	False
Thiomonas	PDAC_031	0.003916519763420254	0.983540689413905	positive	False
Thiomonas	PDAC_032	0.019529258578682814	0.9186852290296178	positive	False
Thiomonas	PDAC_033	0.001248539140376721	0.9947545282371144	positive	False
Thiomonas	PDAC_034	0.05984600774576793	0.7540876707389212	positive	False
Thiomonas	PDAC_035	0.0004946774231345665	0.99792333006886	positive	False
Thiomonas	PDAC_036	-0.015939068815015552	0.9335003084861062	negative	False
Thiomonas	PDAC_037	0.04042399319053253	0.8296524454735538	positive	False
Thiomonas	PDAC_038	0.025587456043763192	0.8942645277625108	positive	False
Thiomonas	PDAC_039	0.031782397793677704	0.8682800313940469	positive	False
Thiomonas	PDAC_040	0.005926191503813138	0.9752780693390521	positive	False
Thiomonas	PDAC_041	0.011567535717372901	0.9516286852309814	positive	False
Thiomonas	PDAC_042	-0.003985541519692747	0.9833348929644791	negative	False
Thiomonas	PDAC_043	-0.04477785027405764	0.8215177316109316	negative	False
Thiomonas	PDAC_044	-0.029700768008720433	0.8793981786110652	negative	False
Thiomonas	PDAC_045	-0.018288877985558213	0.9253195837348985	negative	False
Thiomonas	PDAC_046	0.0005012547364183488	0.9978954712223536	positive	False
Thiomonas	PDAC_047	-0.005602656659127581	0.9778684963590492	negative	False
Thiomonas	PDAC_048	0.0044946989781600106	0.9811170946551013	positive	False
Thiomonas	PDAC_049	-0.008071895898672429	0.9678286767672879	negative	False
Thiomonas	PDAC_050	-0.015071667948315857	0.9384339837828402	negative	False
Thiomonas	PDAC_051	-0.00860082957521228	0.9645269027317689	negative	False
Thiomonas	PDAC_052	0.017825982996796018	0.9270181407662932	positive	False
Thiomonas	PDAC_053	0.004277718129115457	0.9820203889351726	positive	False
Thiomonas	PDAC_054	-0.008247488105393807	0.9668938889274397	negative	False
Thiomonas	PDAC_055	-0.00994698116485911	0.9590815469169129	negative	False
Thiomonas	PDAC_056	-0.009900222372734526	0.9593468303813891	negative	False
Thiomonas	PDAC_057	-0.009628035852929205	0.9607192635542304	negative	False
Thiomonas	PDAC_058	0.07298242840258862	0.6865040723862191	positive	False
Thiomonas	PDAC_059	0.005767021217166273	0.975765251639137	positive	False
Thiomonas	PDAC_060	0.09001361248607853	0.6054863226933866	positive	False
Thiomonas	PDAC_061	0.00807959244423549	0.9668979835394648	positive	False
Thiomonas	PDAC_062	0.005211418795411901	0.978136735844556	positive	False
Flavobacterium	PDAC_001	-0.1987545451027535	0.00047004483770477797	negative	False
Flavobacterium	PDAC_002	-0.19384676176894125	0.0007230206732266377	negative	False
Flavobacterium	PDAC_003	-0.19122926697031328	0.0007274545518250432	negative	False
Flavobacterium	PDAC_004	-0.19842504873755012	0.0004846170459598186	negative	False
Flavobacterium	PDAC_005	-0.20505394148409398	0.00045658743540636	negative	False
Flavobacterium	PDAC_006	-0.19441559735290442	0.000628191386955332	negative	False
Flavobacterium	PDAC_007	-0.19533652884351593	0.0006131422724334466	negative	False
Flavobacterium	PDAC_008	-0.18714207789217166	0.0008933573752636332	negative	False
Flavobacterium	PDAC_009	-0.20488361759735826	0.0003559018456134998	negative	False
Flavobacterium	PDAC_010	-0.19453059939536124	0.0008646113563796674	negative	False
Flavobacterium	PDAC_011	-0.19288356412133334	0.0006600984011129244	negative	False
Flavobacterium	PDAC_012	-0.20579168951607615	0.0002926049823828159	negative	False
Flavobacterium	PDAC_013	-0.19589573156518292	0.0007074292001193201	negative	False
Flavobacterium	PDAC_014	-0.19828342414453215	0.0004881051134080826	negative	False
Flavobacterium	PDAC_015	-0.19851666600621015	0.00047902516745129713	negative	False
Flavobacterium	PDAC_016	-0.20095019201744097	0.00044531926390901114	negative	False
Flavobacterium	PDAC_017	-0.20120375332847817	0.0004243808586107394	negative	False
Flavobacterium	PDAC_018	-0.20026226967484836	0.0004570898389895084	negative	False
Flavobacterium	PDAC_019	-0.19145910331796098	0.0008826067508152492	negative	False
Flavobacterium	PDAC_020	-0.20879516999720676	0.0003790345933420332	negative	False
Flavobacterium	PDAC_021	-0.19935934126143853	0.000546872818424696	negative	False
Flavobacterium	PDAC_022	-0.19946001179275272	0.00047912020092383826	negative	False
Flavobacterium	PDAC_023	-0.19247199848403995	0.0007695223129470751	negative	False
Flavobacterium	PDAC_024	-0.2006756339860601	0.00042559281550337997	negative	False
Flavobacterium	PDAC_025	-0.19924972739653746	0.00045862162155520047	negative	False
Flavobacterium	PDAC_026	-0.19691888302742103	0.0005416643011254367	negative	False
Flavobacterium	PDAC_027	-0.195941794400653	0.0005681904428067731	negative	False
Flavobacterium	PDAC_028	-0.18121693723089063	0.0010650614323639337	negative	False
Flavobacterium	PDAC_029	-0.1985554204479508	0.00047924701070365365	negative	False
Flavobacterium	PDAC_030	-0.1983652837241773	0.0005441675110934492	negative	False
Flavobacterium	PDAC_031	-0.19835404535634554	0.0004740045386755514	negative	False
Flavobacterium	PDAC_032	-0.2135445825943379	0.00013727501626213892	negative	False
Flavobacterium	PDAC_033	-0.1984871077271682	0.00047520269207860816	negative	False
Flavobacterium	PDAC_034	-0.21687242304986595	0.00013646016868092817	negative	False
Flavobacterium	PDAC_035	-0.19925017992088934	0.0004571079062453987	negative	False
Flavobacterium	PDAC_036	-0.1959041065806245	0.000631245387730176	negative	False
Flavobacterium	PDAC_037	-0.19595058439514657	0.000651732422370313	negative	False
Flavobacterium	PDAC_038	-0.20181108017531757	0.000527167875785627	negative	False
Flavobacterium	PDAC_039	-0.19933166531019103	0.00062366965532794	negative	False
Flavobacterium	PDAC_040	-0.20506169091130255	0.00033138492896881767	negative	False
Flavobacterium	PDAC_041	-0.20148561976919013	0.00043113556326882326	negative	False
Flavobacterium	PDAC_042	-0.20354715518113226	0.00036154589147378163	negative	False
Flavobacterium	PDAC_043	-0.21254652182699302	0.0003299042029304927	negative	False
Flavobacterium	PDAC_044	-0.2031565664898592	0.0005704275465794481	negative	False
Flavobacterium	PDAC_045	-0.1956294472860281	0.0007589270251531541	negative	False
Flavobacterium	PDAC_046	-0.19692009380686584	0.0005141085288036392	negative	False
Flavobacterium	PDAC_047	-0.19871115690056346	0.0008901902278008057	negative	False
Flavobacterium	PDAC_048	-0.1982629677421554	0.0004783000721224577	negative	False
Flavobacterium	PDAC_049	-0.19399977067817126	0.0009927921239469343	negative	False
Flavobacterium	PDAC_050	-0.1996700717704969	0.000612040279485706	negative	False
Flavobacterium	PDAC_051	-0.20001106594928716	0.0005299242534465818	negative	False
Flavobacterium	PDAC_052	-0.2208756447405062	4.621068784533187e-05	negative	False
Flavobacterium	PDAC_053	-0.19871822124519903	0.0004677682683043215	negative	False
Flavobacterium	PDAC_054	-0.19303576425011382	0.0009515093816936154	negative	False
Flavobacterium	PDAC_055	-0.19566031266194772	0.000679661007737279	negative	False
Flavobacterium	PDAC_056	-0.20480790038204263	0.0003975002799199398	negative	False
Flavobacterium	PDAC_057	-0.19228507809132195	0.0008277213300398051	negative	False
Flavobacterium	PDAC_058	-0.18873173515220498	0.0008802984181318028	negative	False
Flavobacterium	PDAC_059	-0.2026611544825805	0.0003576196205550358	negative	False
Flavobacterium	PDAC_060	-0.1836419187644454	0.0010459532869979257	negative	False
Flavobacterium	PDAC_061	-0.19051488518180884	0.0008135303492181237	negative	False
Flavobacterium	PDAC_062	-0.19853521504600158	0.0004706157341674269	negative	False
Verminephrobacter	PDAC_001	0.00616177340182698	0.9581449570095014	positive	False
Verminephrobacter	PDAC_002	0.01044326759167638	0.929593224073963	positive	False
Verminephrobacter	PDAC_003	0.004467247191590936	0.969707690962748	positive	False
Verminephrobacter	PDAC_004	0.005540539761686111	0.9623417928605472	positive	False
Verminephrobacter	PDAC_005	1.5114250017477468e-05	0.9998990587452118	positive	False
Verminephrobacter	PDAC_006	0.009221195198904674	0.937475674970182	positive	False
Verminephrobacter	PDAC_007	0.00701392388297593	0.9524386231994275	positive	False
Verminephrobacter	PDAC_008	0.014332682317053452	0.9036981390667628	positive	False
Verminephrobacter	PDAC_009	-0.000644721168605354	0.9956268666368697	negative	False
Verminephrobacter	PDAC_010	0.012397058673594257	0.9174789859223198	positive	False
Verminephrobacter	PDAC_011	0.009853537461052955	0.9331786241921776	positive	False
Verminephrobacter	PDAC_012	0.010241340850223699	0.930563598379363	positive	False
Verminephrobacter	PDAC_013	0.009633098330450882	0.9352828745595048	positive	False
Verminephrobacter	PDAC_014	0.006420958601501036	0.9563986416655895	positive	False
Verminephrobacter	PDAC_015	0.0067040727771223605	0.9545080224092692	positive	False
Verminephrobacter	PDAC_016	0.003589538665386227	0.9756236024052354	positive	False
Verminephrobacter	PDAC_017	0.0031078580210085684	0.9788662880501411	positive	False
Verminephrobacter	PDAC_018	0.009646775818102292	0.935424392786564	positive	False
Verminephrobacter	PDAC_019	0.01417819080401713	0.9051178213481625	positive	False
Verminephrobacter	PDAC_020	0.004182848653779457	0.9724300134517462	positive	False
Verminephrobacter	PDAC_021	0.006240000246306736	0.9578706343258546	positive	False
Verminephrobacter	PDAC_022	0.0050060894783665105	0.9659972115009295	positive	False
Verminephrobacter	PDAC_023	0.006458647798168677	0.9564658674457179	positive	False
Verminephrobacter	PDAC_024	0.006357055386295786	0.9570549218129438	positive	False
Verminephrobacter	PDAC_025	0.006715012505446459	0.9545527642800611	positive	False
Verminephrobacter	PDAC_026	0.007260860625488365	0.9507039004723654	positive	False
Verminephrobacter	PDAC_027	0.006138956425905366	0.9582950315443861	positive	False
Verminephrobacter	PDAC_028	0.01316095185988468	0.9130374392878794	positive	False
Verminephrobacter	PDAC_029	0.006757938867268285	0.9541724267457088	positive	False
Verminephrobacter	PDAC_030	0.004535207439266814	0.9692650670938066	positive	False
Verminephrobacter	PDAC_031	0.007024429630806423	0.9523374698074417	positive	False
Verminephrobacter	PDAC_032	-0.0012139481719261424	0.9919134286598861	negative	False
Verminephrobacter	PDAC_033	0.0069563258569667824	0.9529171393374771	positive	False
Verminephrobacter	PDAC_034	0.00603087490835624	0.9622239745066625	positive	False
Verminephrobacter	PDAC_035	0.007117239153346443	0.9517019511325264	positive	False
Verminephrobacter	PDAC_036	0.008980161957554042	0.9392862487545247	positive	False
Verminephrobacter	PDAC_037	0.011371582780460373	0.923269065248092	positive	False
Verminephrobacter	PDAC_038	0.0032697601055683063	0.9780541222724819	positive	False
Verminephrobacter	PDAC_039	0.009521556679564816	0.9362291855119277	positive	False
Verminephrobacter	PDAC_040	0.0013867939745471395	0.9905814025471779	positive	False
Verminephrobacter	PDAC_041	0.02404789547222184	0.8366813729068435	positive	False
Verminephrobacter	PDAC_042	0.014300115951500086	0.903893505073499	positive	False
Verminephrobacter	PDAC_043	0.047666640269500266	0.6921168373920784	positive	False
Verminephrobacter	PDAC_044	-0.0036467564410738343	0.9766804927746775	negative	False
Verminephrobacter	PDAC_045	-0.026511145953724592	0.8229915214267695	negative	False
Verminephrobacter	PDAC_046	0.004139120845277949	0.9720544577651478	positive	False
Verminephrobacter	PDAC_047	-0.01700953409405544	0.891649279005207	negative	False
Verminephrobacter	PDAC_048	0.008998918399052178	0.9388856707852811	positive	False
Verminephrobacter	PDAC_049	-0.04781148241024413	0.6673782905368922	negative	False
Verminephrobacter	PDAC_050	-0.024456991590651213	0.8370236806080469	negative	False
Verminephrobacter	PDAC_051	0.026251563054452403	0.8256297520328161	positive	False
Verminephrobacter	PDAC_052	0.01399015875588002	0.9066563380358629	positive	False
Verminephrobacter	PDAC_053	0.006385236029537595	0.9565822557229761	positive	False
Verminephrobacter	PDAC_054	-0.007387007916036136	0.9526687559603976	negative	False
Verminephrobacter	PDAC_055	-0.024868812277901088	0.8326243995297967	negative	False
Verminephrobacter	PDAC_056	0.025783147873005133	0.8298176932968986	positive	False
Verminephrobacter	PDAC_057	-0.011912203891977492	0.9219471327646281	negative	False
Verminephrobacter	PDAC_058	0.036615614892683224	0.7565704226618336	positive	False
Verminephrobacter	PDAC_059	0.009088317345040696	0.938454220363794	positive	False
Verminephrobacter	PDAC_060	0.042060865015348066	0.7234007284220509	positive	False
Verminephrobacter	PDAC_061	0.036979963410640096	0.7525169541899507	positive	False
Verminephrobacter	PDAC_062	0.007148808128556642	0.9514249946567388	positive	False
Citrobacter	PDAC_001	-0.5856449835678625	0.019604384223492536	negative	False
Citrobacter	PDAC_002	-0.5428327923989995	0.02967019265073755	negative	False
Citrobacter	PDAC_003	-0.6056174637154267	0.0164025445081592	negative	False
Citrobacter	PDAC_004	-0.5885209724479391	0.019076871413126983	negative	False
Citrobacter	PDAC_005	-0.640935381890524	0.011233046439559575	negative	False
Citrobacter	PDAC_006	-0.5953463997701185	0.018155761999210575	negative	False
Citrobacter	PDAC_007	-0.6000248413384124	0.017353392936724422	negative	False
Citrobacter	PDAC_008	-0.6124555683185448	0.016195964402892133	negative	False
Citrobacter	PDAC_009	-0.5798727327322541	0.022203426520059882	negative	False
Citrobacter	PDAC_010	-0.5290699734918113	0.0345970886823382	negative	False
Citrobacter	PDAC_011	-0.5643903450988261	0.02416126305320653	negative	False
Citrobacter	PDAC_012	-0.5827836895784525	0.020621772649377493	negative	False
Citrobacter	PDAC_013	-0.5378289017792299	0.031291503773910025	negative	False
Citrobacter	PDAC_014	-0.5772406897092968	0.02124385147102982	negative	False
Citrobacter	PDAC_015	-0.5849069569775105	0.019735466940079476	negative	False
Citrobacter	PDAC_016	-0.5654548213767847	0.024291567572886967	negative	False
Citrobacter	PDAC_017	-0.5696470386552125	0.023192829147922287	negative	False
Citrobacter	PDAC_018	-0.6237766971378181	0.012639429837319827	negative	False
Citrobacter	PDAC_019	-0.6193104240985097	0.015259768154557304	negative	False
Citrobacter	PDAC_020	-0.5138559433346429	0.038574250082981064	negative	False
Citrobacter	PDAC_021	-0.5521467541313944	0.027906473003452004	negative	False
Citrobacter	PDAC_022	-0.5641807197870559	0.02428636289050318	negative	False
Citrobacter	PDAC_023	-0.564468479778304	0.025909867805511765	negative	False
Citrobacter	PDAC_024	-0.5961064316520068	0.017562279707844037	negative	False
Citrobacter	PDAC_025	-0.5904657747486702	0.01861424312565109	negative	False
Citrobacter	PDAC_026	-0.5921812381617402	0.018528671684737798	negative	False
Citrobacter	PDAC_027	-0.5692804335643499	0.022997189111460058	negative	False
Citrobacter	PDAC_028	-0.6383661552220015	0.012507723284874098	negative	False
Citrobacter	PDAC_029	-0.5825268588358095	0.020154423204345365	negative	False
Citrobacter	PDAC_030	-0.6070419137133192	0.01620673099626631	negative	False
Citrobacter	PDAC_031	-0.5820829745403407	0.020296950777662602	negative	False
Citrobacter	PDAC_032	-0.5783582152574689	0.022313073773803826	negative	False
Citrobacter	PDAC_033	-0.5793946891553976	0.0208580397156532	negative	False
Citrobacter	PDAC_034	-0.572922161760349	0.030577531937654695	negative	False
Citrobacter	PDAC_035	-0.5762131253992204	0.021457908394329643	negative	False
Citrobacter	PDAC_036	-0.6051855273946419	0.016764034207751653	negative	False
Citrobacter	PDAC_037	-0.6067414207897043	0.016727862439146573	negative	False
Citrobacter	PDAC_038	-0.5848432702569912	0.02266220700051636	negative	False
Citrobacter	PDAC_039	-0.6222916045480965	0.014484761744634934	negative	False
Citrobacter	PDAC_040	-0.5674672540469285	0.024168463084384386	negative	False
Citrobacter	PDAC_041	-0.6062027702330428	0.01613511769469443	negative	False
Citrobacter	PDAC_042	-0.5654317284598976	0.024222514062134177	negative	False
Citrobacter	PDAC_043	-0.6323390863592597	0.017380484155080787	negative	False
Citrobacter	PDAC_044	-0.5354252845828393	0.035780928494117396	negative	False
Citrobacter	PDAC_045	-0.5370349464569235	0.03344721987625199	negative	False
Citrobacter	PDAC_046	-0.5725994455344348	0.02231331918900716	negative	False
Citrobacter	PDAC_047	-0.5216227986465136	0.040388575656741116	negative	False
Citrobacter	PDAC_048	-0.5832529151812463	0.020027018093648024	negative	False
Citrobacter	PDAC_049	-0.6552284831601795	0.009582798236614266	negative	False
Citrobacter	PDAC_050	-0.5403945965280227	0.03261215405540919	negative	False
Citrobacter	PDAC_051	-0.5493103958431155	0.029269782384099798	negative	False
Citrobacter	PDAC_052	-0.598457635591607	0.02036951593921038	negative	False
Citrobacter	PDAC_053	-0.5839736674481818	0.01995483318140319	negative	False
Citrobacter	PDAC_054	-0.5794104576352402	0.026856817542934282	negative	False
Citrobacter	PDAC_055	-0.5439132937469067	0.030673006481825	negative	False
Citrobacter	PDAC_056	-0.549503673389291	0.029927094439430976	negative	False
Citrobacter	PDAC_057	-0.5978034464990761	0.020464257480470364	negative	False
Citrobacter	PDAC_058	-0.6462328159927345	0.009945924150614658	negative	False
Citrobacter	PDAC_059	-0.5860895240515842	0.01952850611407728	negative	False
Citrobacter	PDAC_060	-0.6324073842747676	0.014319151962908349	negative	False
Citrobacter	PDAC_061	-0.6142164851685986	0.01615934365865168	negative	False
Citrobacter	PDAC_062	-0.5840057851091721	0.019856373021053017	negative	False
Sphingobium	PDAC_001	-0.4025221238765507	5.988658342910986e-07	negative	False
Sphingobium	PDAC_002	-0.3950870710238768	9.605280883776325e-07	negative	False
Sphingobium	PDAC_003	-0.40276554051798386	6.777545794606969e-07	negative	False
Sphingobium	PDAC_004	-0.40266259231957424	6.023259486511894e-07	negative	False
Sphingobium	PDAC_005	-0.4049799327782738	9.575341245245345e-07	negative	False
Sphingobium	PDAC_006	-0.3989656178267046	7.309067146955286e-07	negative	False
Sphingobium	PDAC_007	-0.3972269652672993	7.828121224775127e-07	negative	False
Sphingobium	PDAC_008	-0.39800322634539287	1.0053881197411186e-06	negative	False
Sphingobium	PDAC_009	-0.40796905472421097	5.452122505804527e-07	negative	False
Sphingobium	PDAC_010	-0.39549733086332656	1.332729481482151e-06	negative	False
Sphingobium	PDAC_011	-0.39753375408793334	7.396726573718776e-07	negative	False
Sphingobium	PDAC_012	-0.40809220991021067	4.784633391452175e-07	negative	False
Sphingobium	PDAC_013	-0.4032073737340599	8.314604976034175e-07	negative	False
Sphingobium	PDAC_014	-0.4023862193463015	6.040404929283799e-07	negative	False
Sphingobium	PDAC_015	-0.40242858355604094	5.97874233054384e-07	negative	False
Sphingobium	PDAC_016	-0.4014916063505819	6.902569691336069e-07	negative	False
Sphingobium	PDAC_017	-0.4024774896023599	6.39474675003483e-07	negative	False
Sphingobium	PDAC_018	-0.4072271872141556	5.444325920804654e-07	negative	False
Sphingobium	PDAC_019	-0.3956666091071373	1.1711902086337695e-06	negative	False
Sphingobium	PDAC_020	-0.41222649185921656	7.393612577036231e-07	negative	False
Sphingobium	PDAC_021	-0.4025229357332412	7.636385427258868e-07	negative	False
Sphingobium	PDAC_022	-0.4026528794628505	6.38248893174012e-07	negative	False
Sphingobium	PDAC_023	-0.4024872850220935	7.98812811876993e-07	negative	False
Sphingobium	PDAC_024	-0.406646188762511	4.778081150200714e-07	negative	False
Sphingobium	PDAC_025	-0.4038898926299394	5.647295931433443e-07	negative	False
Sphingobium	PDAC_026	-0.40000184522615745	6.760383259288825e-07	negative	False
Sphingobium	PDAC_027	-0.4020737453297373	6.277344688084898e-07	negative	False
Sphingobium	PDAC_028	-0.40388581435321974	1.2202922009388766e-06	negative	False
Sphingobium	PDAC_029	-0.4026204851014648	5.882104303819152e-07	negative	False
Sphingobium	PDAC_030	-0.4038217156648297	6.56544640346104e-07	negative	False
Sphingobium	PDAC_031	-0.4028158853224012	6.01295610117453e-07	negative	False
Sphingobium	PDAC_032	-0.42125165350811444	1.3662371999124812e-07	negative	False
Sphingobium	PDAC_033	-0.4041027631461845	5.570274069762832e-07	negative	False
Sphingobium	PDAC_034	-0.4370875729940663	1.2963857689041058e-08	negative	False
Sphingobium	PDAC_035	-0.40224866971172263	6.073736398546258e-07	negative	False
Sphingobium	PDAC_036	-0.4004936347713437	7.791493531260506e-07	negative	False
Sphingobium	PDAC_037	-0.39919069207079005	8.569005865670027e-07	negative	False
Sphingobium	PDAC_038	-0.4048672859635321	8.175134879812912e-07	negative	False
Sphingobium	PDAC_039	-0.40058181040315893	1.0054174212131858e-06	negative	False
Sphingobium	PDAC_040	-0.40604351192211025	5.741474747871227e-07	negative	False
Sphingobium	PDAC_041	-0.4047664685024319	5.998103169478543e-07	negative	False
Sphingobium	PDAC_042	-0.39911299586122806	8.343324603166674e-07	negative	False
Sphingobium	PDAC_043	-0.3969316663845522	4.292909801063376e-06	negative	False
Sphingobium	PDAC_044	-0.39592426991285806	2.1492232980394515e-06	negative	False
Sphingobium	PDAC_045	-0.3841198663646602	1.6020970838162966e-06	negative	False
Sphingobium	PDAC_046	-0.39851994066221846	8.012278402764369e-07	negative	False
Sphingobium	PDAC_047	-0.39352005127975825	3.049146132445437e-06	negative	False
Sphingobium	PDAC_048	-0.4010978045065902	7.101352871285325e-07	negative	False
Sphingobium	PDAC_049	-0.3917129676191646	2.623086856041295e-06	negative	False
Sphingobium	PDAC_050	-0.399671949496322	1.4276751034526918e-06	negative	False
Sphingobium	PDAC_051	-0.3974505100682131	1.2046570286668985e-06	negative	False
Sphingobium	PDAC_052	-0.43989874499869114	2.7871299438646542e-09	negative	False
Sphingobium	PDAC_053	-0.4030382378392746	6.326971614371794e-07	negative	False
Sphingobium	PDAC_054	-0.3881371969391795	2.247023383506704e-06	negative	False
Sphingobium	PDAC_055	-0.3927882663722356	1.410830819725522e-06	negative	False
Sphingobium	PDAC_056	-0.4026006168277878	1.081549268257149e-06	negative	False
Sphingobium	PDAC_057	-0.3888069039316687	1.6701297240804208e-06	negative	False
Sphingobium	PDAC_058	-0.40900175573949477	8.160220998607222e-07	negative	False
Sphingobium	PDAC_059	-0.40486410776818343	5.697528240564972e-07	negative	False
Sphingobium	PDAC_060	-0.4251888914704431	1.7533212765857548e-07	negative	False
Sphingobium	PDAC_061	-0.40701647912584077	8.414095150116877e-07	negative	False
Sphingobium	PDAC_062	-0.4028672990268168	5.938048777269315e-07	negative	False
Methylorubrum	PDAC_001	0.5234758322084343	0.008841271423273211	positive	False
Methylorubrum	PDAC_002	0.5036398609408941	0.01264387987975764	positive	False
Methylorubrum	PDAC_003	0.5027242428771225	0.01213315161021651	positive	False
Methylorubrum	PDAC_004	0.5280062407469077	0.008287930627449924	positive	False
Methylorubrum	PDAC_005	0.5785136556504507	0.003760032383152695	positive	False
Methylorubrum	PDAC_006	0.5550988549405498	0.0052947291175171165	positive	False
Methylorubrum	PDAC_007	0.5071976827403428	0.011439939591647387	positive	False
Methylorubrum	PDAC_008	0.5048956043120781	0.012980293888273212	positive	False
Methylorubrum	PDAC_009	0.5428784517951775	0.007246878634282936	positive	False
Methylorubrum	PDAC_010	0.4989488523876293	0.014909118704621131	positive	False
Methylorubrum	PDAC_011	0.5438331131370181	0.006575961409641559	positive	False
Methylorubrum	PDAC_012	0.5314095969754005	0.008189738225135553	positive	False
Methylorubrum	PDAC_013	0.50023547880242	0.013537059567098124	positive	False
Methylorubrum	PDAC_014	0.5190561172493108	0.009512178073586768	positive	False
Methylorubrum	PDAC_015	0.5211000189620163	0.009231659301792145	positive	False
Methylorubrum	PDAC_016	0.5409435585127419	0.007107987978256942	positive	False
Methylorubrum	PDAC_017	0.5286084507930677	0.008535072904963699	positive	False
Methylorubrum	PDAC_018	0.5185415955028669	0.00965926297810568	positive	False
Methylorubrum	PDAC_019	0.5026407487239565	0.013790556648693367	positive	False
Methylorubrum	PDAC_020	0.5979442269476822	0.002144216598537655	positive	False
Methylorubrum	PDAC_021	0.5000194398898542	0.012980251773507171	positive	False
Methylorubrum	PDAC_022	0.5075856806769445	0.011240516447536307	positive	False
Methylorubrum	PDAC_023	0.49891553085865553	0.013323730226508661	positive	False
Methylorubrum	PDAC_024	0.5320669108624507	0.007884374452775015	positive	False
Methylorubrum	PDAC_025	0.5191369883567524	0.009258332652655204	positive	False
Methylorubrum	PDAC_026	0.5133059813120041	0.010374247442523295	positive	False
Methylorubrum	PDAC_027	0.51301452650924	0.010386862905101444	positive	False
Methylorubrum	PDAC_028	0.49781248930569094	0.01603075574594467	positive	False
Methylorubrum	PDAC_029	0.5237957887267061	0.008736442618697531	positive	False
Methylorubrum	PDAC_030	0.5019199890743042	0.012311160336722403	positive	False
Methylorubrum	PDAC_031	0.5232522920261836	0.008838129387854044	positive	False
Methylorubrum	PDAC_032	0.5476965486210206	0.0063582699446926945	positive	False
Methylorubrum	PDAC_033	0.5200934839512243	0.009158838623920602	positive	False
Methylorubrum	PDAC_034	0.49908127666354696	0.016052681216970777	positive	False
Methylorubrum	PDAC_035	0.528066801927309	0.008261130668867364	positive	False
Methylorubrum	PDAC_036	0.5622037324944177	0.004776465940284527	positive	False
Methylorubrum	PDAC_037	0.5054108504060862	0.012301525119230713	positive	False
Methylorubrum	PDAC_038	0.4924584335805001	0.014757840862292407	positive	False
Methylorubrum	PDAC_039	0.4984680667709018	0.014155240901263869	positive	False
Methylorubrum	PDAC_040	0.5561664028116309	0.005348766895554768	positive	False
Methylorubrum	PDAC_041	0.5012136875860075	0.0121792686324451	positive	False
Methylorubrum	PDAC_042	0.5148980320753398	0.009988373355584959	positive	False
Methylorubrum	PDAC_043	0.5418795577047446	0.011133315262291804	positive	False
Methylorubrum	PDAC_044	0.5315012777480563	0.010357032725242209	positive	False
Methylorubrum	PDAC_045	0.5296212100057273	0.009806265315819178	positive	False
Methylorubrum	PDAC_046	0.5217959634442209	0.00900004513142197	positive	False
Methylorubrum	PDAC_047	0.5436740548247982	0.009472822745568122	positive	False
Methylorubrum	PDAC_048	0.5286798687309745	0.008376256565384028	positive	False
Methylorubrum	PDAC_049	0.5439802298980438	0.00892898110512707	positive	False
Methylorubrum	PDAC_050	0.5354781783016812	0.008891316820059537	positive	False
Methylorubrum	PDAC_051	0.5128862969058642	0.011112937790284926	positive	False
Methylorubrum	PDAC_052	0.5291754910781747	0.010445965106496688	positive	False
Methylorubrum	PDAC_053	0.52344585527064	0.00879656973998122	positive	False
Methylorubrum	PDAC_054	0.5217386393474115	0.01183514960494721	positive	False
Methylorubrum	PDAC_055	0.5179718087590085	0.010680930147475768	positive	False
Methylorubrum	PDAC_056	0.5131395979838553	0.011400817948337852	positive	False
Methylorubrum	PDAC_057	0.5404028922985458	0.00818223773913095	positive	False
Methylorubrum	PDAC_058	0.4718550180875693	0.015546163090052745	positive	False
Methylorubrum	PDAC_059	0.5293426207146911	0.008092070845948636	positive	False
Methylorubrum	PDAC_060	0.4711960683168029	0.017172129883203074	positive	False
Methylorubrum	PDAC_061	0.6067441791480745	0.001171969807338035	positive	False
Methylorubrum	PDAC_062	0.5219193843428106	0.008900761898859192	positive	False
Ralstonia	PDAC_001	0.030882243326318812	0.8392074344697158	positive	False
Ralstonia	PDAC_002	0.03074334699825393	0.8407953976761019	positive	False
Ralstonia	PDAC_003	0.026942674531908715	0.8596059282715779	positive	False
Ralstonia	PDAC_004	0.02984183439554461	0.8444729951726873	positive	False
Ralstonia	PDAC_005	0.022604447606788102	0.8838177918130237	positive	False
Ralstonia	PDAC_006	0.03530072620990969	0.8164770080046515	positive	False
Ralstonia	PDAC_007	0.03474533734542018	0.8194436809434367	positive	False
Ralstonia	PDAC_008	0.03739066367278498	0.807564337574654	positive	False
Ralstonia	PDAC_009	0.02205059205634264	0.8849796151430439	positive	False
Ralstonia	PDAC_010	0.04450203423528102	0.773268936102488	positive	False
Ralstonia	PDAC_011	0.03586249152271375	0.8135097081896145	positive	False
Ralstonia	PDAC_012	0.023214016154338643	0.878552185184886	positive	False
Ralstonia	PDAC_013	0.030928302830526406	0.8404235553253095	positive	False
Ralstonia	PDAC_014	0.030813866194515663	0.8394939601093251	positive	False
Ralstonia	PDAC_015	0.03166137920132128	0.8351652121495379	positive	False
Ralstonia	PDAC_016	0.02562451254669037	0.8662452971157104	positive	False
Ralstonia	PDAC_017	0.02941587582067195	0.8466535854499	positive	False
Ralstonia	PDAC_018	0.03192064585355163	0.8361529863162331	positive	False
Ralstonia	PDAC_019	0.03137931068863181	0.8387972028621407	positive	False
Ralstonia	PDAC_020	0.02451307049266664	0.8755451185529051	positive	False
Ralstonia	PDAC_021	0.03828575870522859	0.8021588475946778	positive	False
Ralstonia	PDAC_022	0.030641632713725893	0.8403744269782835	positive	False
Ralstonia	PDAC_023	0.03328097422577351	0.8280037197262	positive	False
Ralstonia	PDAC_024	0.03018187583882483	0.8434221463620597	positive	False
Ralstonia	PDAC_025	0.03285464475036447	0.8295749226151564	positive	False
Ralstonia	PDAC_026	0.032381857911810176	0.8313413676007468	positive	False
Ralstonia	PDAC_027	0.03059135370940306	0.840544091111722	positive	False
Ralstonia	PDAC_028	0.043200097779949986	0.7814961853606924	positive	False
Ralstonia	PDAC_029	0.03129732179497093	0.8371317656001428	positive	False
Ralstonia	PDAC_030	0.03471620031850866	0.8198614038367682	positive	False
Ralstonia	PDAC_031	0.03168435975795569	0.8352793023967122	positive	False
Ralstonia	PDAC_032	0.03165323472482413	0.838420386588719	positive	False
Ralstonia	PDAC_033	0.032138818888684056	0.8332178247227157	positive	False
Ralstonia	PDAC_034	0.041342912258868915	0.8017079365206576	positive	False
Ralstonia	PDAC_035	0.030909780349717978	0.8389784297601728	positive	False
Ralstonia	PDAC_036	0.03563996567809392	0.8153151286673814	positive	False
Ralstonia	PDAC_037	0.03803612671335655	0.8033828846749966	positive	False
Ralstonia	PDAC_038	0.02310016246354595	0.880545159447968	positive	False
Ralstonia	PDAC_039	0.0346670364473823	0.8219625660635267	positive	False
Ralstonia	PDAC_040	0.02859601477887277	0.8511344820523762	positive	False
Ralstonia	PDAC_041	0.026641554010401382	0.8610462181255444	positive	False
Ralstonia	PDAC_042	0.008742027919941922	0.954119187267049	positive	False
Ralstonia	PDAC_043	0.0467946514910397	0.7807981411610406	positive	False
Ralstonia	PDAC_044	0.04785418446353193	0.7666304368258094	positive	False
Ralstonia	PDAC_045	0.05100404170759802	0.7475688379502818	positive	False
Ralstonia	PDAC_046	0.033341721406582994	0.8273449848939778	positive	False
Ralstonia	PDAC_047	0.059207066528005295	0.7153312095344251	positive	False
Ralstonia	PDAC_048	0.028748795169929127	0.8502709058054401	positive	False
Ralstonia	PDAC_049	0.03880050000842973	0.8122928082247644	positive	False
Ralstonia	PDAC_050	0.05319998989314482	0.7360882614111142	positive	False
Ralstonia	PDAC_051	0.04158993189400737	0.7907965583156369	positive	False
Ralstonia	PDAC_052	0.012036859259802789	0.9373773991886705	positive	False
Ralstonia	PDAC_053	0.031229309055005674	0.8375331939140935	positive	False
Ralstonia	PDAC_054	0.057815195555589845	0.7176113647062187	positive	False
Ralstonia	PDAC_055	0.053472948654074114	0.7320638196790598	positive	False
Ralstonia	PDAC_056	0.036693951306284424	0.8162296644495617	positive	False
Ralstonia	PDAC_057	0.04993527240708789	0.7522225515273208	positive	False
Ralstonia	PDAC_058	-0.04181850012219204	0.7609819935716	negative	False
Ralstonia	PDAC_059	0.03833098712684598	0.8007477295009828	positive	False
Ralstonia	PDAC_060	-0.0763826177744917	0.4790162383581734	negative	False
Ralstonia	PDAC_061	0.042080403166038026	0.789702333821588	positive	False
Ralstonia	PDAC_062	0.03171042201815119	0.8351639444624899	positive	False
Erythrobacter	PDAC_001	-0.25500096999566585	2.0554332144537554e-06	negative	False
Erythrobacter	PDAC_002	-0.24557163282086386	4.127031672536472e-06	negative	False
Erythrobacter	PDAC_003	-0.2553577050908705	2.401568490591649e-06	negative	False
Erythrobacter	PDAC_004	-0.25518799964817834	2.0500196901724855e-06	negative	False
Erythrobacter	PDAC_005	-0.25538805013238375	3.943504891942535e-06	negative	False
Erythrobacter	PDAC_006	-0.2539283995163561	2.5030404333234468e-06	negative	False
Erythrobacter	PDAC_007	-0.25088912511876793	3.0879938083741356e-06	negative	False
Erythrobacter	PDAC_008	-0.24762954878020862	4.497766842572413e-06	negative	False
Erythrobacter	PDAC_009	-0.2609391228308186	1.432888002627067e-06	negative	False
Erythrobacter	PDAC_010	-0.25645068239839514	3.618587655655991e-06	negative	False
Erythrobacter	PDAC_011	-0.2486286131093547	3.220302369350474e-06	negative	False
Erythrobacter	PDAC_012	-0.26294541194266724	8.959542891842604e-07	negative	False
Erythrobacter	PDAC_013	-0.24971614755519297	4.267808519675655e-06	negative	False
Erythrobacter	PDAC_014	-0.25463647543396556	2.1411320710341385e-06	negative	False
Erythrobacter	PDAC_015	-0.2545721755677153	2.147801460508449e-06	negative	False
Erythrobacter	PDAC_016	-0.2519795925377779	2.9176079026194008e-06	negative	False
Erythrobacter	PDAC_017	-0.2560877828410714	2.0613033637366977e-06	negative	False
Erythrobacter	PDAC_018	-0.25860479392705	1.6305044103281698e-06	negative	False
Erythrobacter	PDAC_019	-0.23657473119511543	3.224862240473655e-06	negative	False
Erythrobacter	PDAC_020	-0.2570378111134292	4.475720148600367e-06	negative	False
Erythrobacter	PDAC_021	-0.2587456237799736	1.9578565267600664e-06	negative	False
Erythrobacter	PDAC_022	-0.25627542509672885	2.040741488440891e-06	negative	False
Erythrobacter	PDAC_023	-0.2516446988399889	3.6482094744006253e-06	negative	False
Erythrobacter	PDAC_024	-0.2566912293100408	1.8134392871025018e-06	negative	False
Erythrobacter	PDAC_025	-0.2563932647991642	1.8641218130067431e-06	negative	False
Erythrobacter	PDAC_026	-0.2534999639569638	2.448160231532815e-06	negative	False
Erythrobacter	PDAC_027	-0.25621498103443807	1.940687459995514e-06	negative	False
Erythrobacter	PDAC_028	-0.2526269803246394	5.730777811104845e-06	negative	False
Erythrobacter	PDAC_029	-0.254679854976104	2.140224870167101e-06	negative	False
Erythrobacter	PDAC_030	-0.258398564566922	1.827499305620171e-06	negative	False
Erythrobacter	PDAC_031	-0.25478900741492994	2.0734298026702744e-06	negative	False
Erythrobacter	PDAC_032	-0.2693787111489485	3.0131700054110113e-07	negative	False
Erythrobacter	PDAC_033	-0.2556223595568138	1.9648545111689397e-06	negative	False
Erythrobacter	PDAC_034	-0.27854079715048813	2.6661213772493735e-08	negative	False
Erythrobacter	PDAC_035	-0.2535793819997761	2.3553759556519143e-06	negative	False
Erythrobacter	PDAC_036	-0.255175497783781	2.5822127993357185e-06	negative	False
Erythrobacter	PDAC_037	-0.24647177580262197	4.009927315898637e-06	negative	False
Erythrobacter	PDAC_038	-0.2524521585347449	4.054311280291206e-06	negative	False
Erythrobacter	PDAC_039	-0.257899850532872	2.66927305334204e-06	negative	False
Erythrobacter	PDAC_040	-0.2599268783472988	1.4960839622016836e-06	negative	False
Erythrobacter	PDAC_041	-0.25830489016541186	1.7473002254056744e-06	negative	False
Erythrobacter	PDAC_042	-0.25564473218019723	2.0920102619357413e-06	negative	False
Erythrobacter	PDAC_043	-0.25215168621206346	9.809834221286768e-06	negative	False
Erythrobacter	PDAC_044	-0.25450247986040864	4.605802277638637e-06	negative	False
Erythrobacter	PDAC_045	-0.24706128869896601	4.890794546136166e-06	negative	False
Erythrobacter	PDAC_046	-0.2517166046173884	2.5283083897337125e-06	negative	False
Erythrobacter	PDAC_047	-0.24593287578035816	7.8094973780755e-06	negative	False
Erythrobacter	PDAC_048	-0.25352456949594143	2.2541235284245375e-06	negative	False
Erythrobacter	PDAC_049	-0.25242414061204316	5.953011688473382e-06	negative	False
Erythrobacter	PDAC_050	-0.2558555995526404	3.2203733818778133e-06	negative	False
Erythrobacter	PDAC_051	-0.2538493686158267	3.0469686693668504e-06	negative	False
Erythrobacter	PDAC_052	-0.27427484249514483	1.0754503082187368e-07	negative	False
Erythrobacter	PDAC_053	-0.2549978408861639	2.0305446076615742e-06	negative	False
Erythrobacter	PDAC_054	-0.24684465517503995	6.1111714197265914e-06	negative	False
Erythrobacter	PDAC_055	-0.2517402684571349	3.6116046890745646e-06	negative	False
Erythrobacter	PDAC_056	-0.25925319824845683	2.0440650473831706e-06	negative	False
Erythrobacter	PDAC_057	-0.24929726393515192	4.538683399026748e-06	negative	False
Erythrobacter	PDAC_058	-0.2509067107414606	4.266457235858921e-06	negative	False
Erythrobacter	PDAC_059	-0.25780244936145574	1.5984273394377417e-06	negative	False
Erythrobacter	PDAC_060	-0.25774379231696276	3.7468334539268785e-06	negative	False
Erythrobacter	PDAC_061	-0.2558556044374574	2.8814061196157844e-06	negative	False
Erythrobacter	PDAC_062	-0.25480454672978864	2.0709434635672674e-06	negative	False
Xanthobacter	PDAC_001	-0.059941510523096556	0.7482398476209697	negative	False
Xanthobacter	PDAC_002	-0.029376407950813803	0.8749681817591775	negative	False
Xanthobacter	PDAC_003	-0.04459353529827231	0.8119640703170025	negative	False
Xanthobacter	PDAC_004	-0.06570457670338266	0.7247566408665685	negative	False
Xanthobacter	PDAC_005	-0.0372961224044577	0.8452148485141275	negative	False
Xanthobacter	PDAC_006	-0.06947280746134596	0.7104900684757784	negative	False
Xanthobacter	PDAC_007	-0.04322298771459772	0.8172347431195358	negative	False
Xanthobacter	PDAC_008	-0.07717566341858945	0.6835854034907538	negative	False
Xanthobacter	PDAC_009	-0.04855309091621742	0.796671672037461	negative	False
Xanthobacter	PDAC_010	-0.08629476805729347	0.6503957629370175	negative	False
Xanthobacter	PDAC_011	-0.06741862413702523	0.7185536393528521	negative	False
Xanthobacter	PDAC_012	-0.05627042463460814	0.7639120460475199	negative	False
Xanthobacter	PDAC_013	-0.018942839166684013	0.9186166603891789	negative	False
Xanthobacter	PDAC_014	-0.06401246006809845	0.7315971925404721	negative	False
Xanthobacter	PDAC_015	-0.06256267263527021	0.7374545076774519	negative	False
Xanthobacter	PDAC_016	-0.07664074350248627	0.6816654471684649	negative	False
Xanthobacter	PDAC_017	-0.05130400205377476	0.7840242230280635	negative	False
Xanthobacter	PDAC_018	-0.045441493489383214	0.8084916190128704	negative	False
Xanthobacter	PDAC_019	-0.08075428752466539	0.6707735568391664	negative	False
Xanthobacter	PDAC_020	-0.017477366423180422	0.9264958793413971	negative	False
Xanthobacter	PDAC_021	-0.08090178330898724	0.6665814894906316	negative	False
Xanthobacter	PDAC_022	-0.05051040215784607	0.7873033596015495	negative	False
Xanthobacter	PDAC_023	-0.08237735765805267	0.6612684486784792	negative	False
Xanthobacter	PDAC_024	-0.05625488472683499	0.7633801491345831	negative	False
Xanthobacter	PDAC_025	-0.057924417290329995	0.7564170373191439	negative	False
Xanthobacter	PDAC_026	-0.06797138153032602	0.7159634101407808	negative	False
Xanthobacter	PDAC_027	-0.05184366149815321	0.7814908934698488	negative	False
Xanthobacter	PDAC_028	-0.09037592187298059	0.6368383214760683	negative	False
Xanthobacter	PDAC_029	-0.0616143036929016	0.7413014316397206	negative	False
Xanthobacter	PDAC_030	-0.043339046605470936	0.817213772765892	negative	False
Xanthobacter	PDAC_031	-0.062076993993151544	0.7396162428716964	negative	False
Xanthobacter	PDAC_032	-0.05310361796571609	0.7784474622846316	negative	False
Xanthobacter	PDAC_033	-0.06588113797926111	0.7243642439831559	negative	False
Xanthobacter	PDAC_034	-0.12917246169486696	0.47928709901989264	negative	False
Xanthobacter	PDAC_035	-0.06370837443451456	0.7328597491835434	negative	False
Xanthobacter	PDAC_036	-0.07559373518230848	0.6872453007665746	negative	False
Xanthobacter	PDAC_037	-0.07545131970377686	0.6886266834886101	negative	False
Xanthobacter	PDAC_038	-0.031624388616516654	0.8668430166161429	negative	False
Xanthobacter	PDAC_039	-0.08456844138757089	0.6548542699828246	negative	False
Xanthobacter	PDAC_040	-0.08081595066274969	0.6651619506350936	negative	False
Xanthobacter	PDAC_041	-0.05596729201377846	0.7656229238368634	negative	False
Xanthobacter	PDAC_042	-0.04230670331724482	0.8209235567855426	negative	False
Xanthobacter	PDAC_043	0.02208029913311489	0.9011347854146319	positive	False
Xanthobacter	PDAC_044	-0.07505816475761294	0.7004628362173457	negative	False
Xanthobacter	PDAC_045	-0.060983879478513886	0.7523113520025828	negative	False
Xanthobacter	PDAC_046	-0.060701534464174325	0.7453663835596235	negative	False
Xanthobacter	PDAC_047	-0.07713808018276491	0.6969574001292751	negative	False
Xanthobacter	PDAC_048	-0.06159684520036282	0.741498179019934	negative	False
Xanthobacter	PDAC_049	0.014122000404918966	0.9370383883748724	positive	False
Xanthobacter	PDAC_050	-0.060013867271938776	0.7557003037490237	negative	False
Xanthobacter	PDAC_051	-0.07062223748765974	0.7105608792136111	negative	False
Xanthobacter	PDAC_052	-0.06732159850268042	0.7257130065432267	negative	False
Xanthobacter	PDAC_053	-0.06111468701835356	0.7434055995004032	negative	False
Xanthobacter	PDAC_054	-0.06005379049644963	0.7592064171237449	negative	False
Xanthobacter	PDAC_055	-0.06508622984098457	0.7334281389482282	negative	False
Xanthobacter	PDAC_056	-0.08263982160811686	0.6637451283137512	negative	False
Xanthobacter	PDAC_057	-0.061970415590769434	0.7478467205961452	negative	False
Xanthobacter	PDAC_058	-0.08935778713655117	0.6384377253917026	negative	False
Xanthobacter	PDAC_059	-0.06068716203817395	0.7451929386922262	negative	False
Xanthobacter	PDAC_060	-0.10586095847786323	0.5771525720420806	negative	False
Xanthobacter	PDAC_061	-0.08110569714330247	0.6701159109083153	negative	False
Xanthobacter	PDAC_062	-0.061569889972032825	0.7416276144239318	negative	False
Paucibacter	PDAC_001	0.3181812982928824	0.042432551742269724	positive	False
Paucibacter	PDAC_002	0.322122904948431	0.04138988190628976	positive	False
Paucibacter	PDAC_003	0.3154934222781434	0.0445103797264863	positive	False
Paucibacter	PDAC_004	0.31719024207696345	0.04294389732427983	positive	False
Paucibacter	PDAC_005	0.3144415895487481	0.04884711161413473	positive	False
Paucibacter	PDAC_006	0.32016426791084224	0.04143635703864684	positive	False
Paucibacter	PDAC_007	0.3179643227970056	0.04285236127914025	positive	False
Paucibacter	PDAC_008	0.32673539395986234	0.03923165452502252	positive	False
Paucibacter	PDAC_009	0.31071124256347765	0.04785189874947245	positive	False
Paucibacter	PDAC_010	0.32685911522497524	0.04091639556816256	positive	False
Paucibacter	PDAC_011	0.3208353475810082	0.040969911167879215	positive	False
Paucibacter	PDAC_012	0.3297973301101323	0.035750255339130226	positive	False
Paucibacter	PDAC_013	0.3220222409772619	0.042166365922602374	positive	False
Paucibacter	PDAC_014	0.3182259555638495	0.042419438981757054	positive	False
Paucibacter	PDAC_015	0.31876069517584077	0.042196596056089705	positive	False
Paucibacter	PDAC_016	0.31453904734908383	0.04485214115439017	positive	False
Paucibacter	PDAC_017	0.3140734971904364	0.04490087124277869	positive	False
Paucibacter	PDAC_018	0.32767390158521936	0.03918860418870489	positive	False
Paucibacter	PDAC_019	0.3274629957357443	0.03954127939202574	positive	False
Paucibacter	PDAC_020	0.3212738861191733	0.046817377077348614	positive	False
Paucibacter	PDAC_021	0.3178021098792843	0.04389229532526533	positive	False
Paucibacter	PDAC_022	0.3159599703188842	0.04384423197391646	positive	False
Paucibacter	PDAC_023	0.3183075235325687	0.04390760688755786	positive	False
Paucibacter	PDAC_024	0.3205200555107633	0.041963409547613274	positive	False
Paucibacter	PDAC_025	0.3201116733641421	0.04186297257985183	positive	False
Paucibacter	PDAC_026	0.31837560175530993	0.042320993202964265	positive	False
Paucibacter	PDAC_027	0.31731548274626	0.04290636686199392	positive	False
Paucibacter	PDAC_028	0.32943734299067173	0.04067113784690131	positive	False
Paucibacter	PDAC_029	0.31903054287503324	0.04213382436475647	positive	False
Paucibacter	PDAC_030	0.31562254643196064	0.04455019527142038	positive	False
Paucibacter	PDAC_031	0.31963787243786707	0.04172908700164755	positive	False
Paucibacter	PDAC_032	0.31896945026844187	0.046200199840635094	positive	False
Paucibacter	PDAC_033	0.3203983569883933	0.04168253344859254	positive	False
Paucibacter	PDAC_034	0.3479342038311645	0.03694366920795185	positive	False
Paucibacter	PDAC_035	0.31884519282721013	0.04210128463734594	positive	False
Paucibacter	PDAC_036	0.3202072782840458	0.042023771010342624	positive	False
Paucibacter	PDAC_037	0.32288547719531924	0.04074305785039513	positive	False
Paucibacter	PDAC_038	0.3162106045696984	0.046315592321676854	positive	False
Paucibacter	PDAC_039	0.32257198730587566	0.04244106477505983	positive	False
Paucibacter	PDAC_040	0.31241590345746006	0.04631804973699443	positive	False
Paucibacter	PDAC_041	0.31236646786300654	0.046154780521950454	positive	False
Paucibacter	PDAC_042	0.30022409727026095	0.056939689584741396	positive	False
Paucibacter	PDAC_043	0.268586505244693	0.09777534209208996	positive	False
Paucibacter	PDAC_044	0.29074211008774764	0.07540755812491064	positive	False
Paucibacter	PDAC_045	0.28651505706712976	0.07381695156902299	positive	False
Paucibacter	PDAC_046	0.3130299545974059	0.04714816589323747	positive	False
Paucibacter	PDAC_047	0.2956852295469644	0.07740094023719507	positive	False
Paucibacter	PDAC_048	0.3219449314117346	0.04023118237159965	positive	False
Paucibacter	PDAC_049	0.3866430089319479	0.010468698922367271	positive	False
Paucibacter	PDAC_050	0.30617997867119207	0.060827761005885474	positive	False
Paucibacter	PDAC_051	0.2885187990257879	0.06847207798226837	positive	False
Paucibacter	PDAC_052	0.35008968818946323	0.02573133791219083	positive	False
Paucibacter	PDAC_053	0.3194942279392639	0.04239174236452357	positive	False
Paucibacter	PDAC_054	0.3221904177415753	0.05359924150865792	positive	False
Paucibacter	PDAC_055	0.2982778826104054	0.06341828599091023	positive	False
Paucibacter	PDAC_056	0.35223137981895297	0.026950632270917218	positive	False
Paucibacter	PDAC_057	0.30035089818633176	0.06456425261047141	positive	False
Paucibacter	PDAC_058	0.2698149054837083	0.08103899670025881	positive	False
Paucibacter	PDAC_059	0.32236211059604997	0.04036318251539028	positive	False
Paucibacter	PDAC_060	0.3793003720079812	0.013928881381896314	positive	False
Paucibacter	PDAC_061	0.36369817864969506	0.019977177718469283	positive	False
Paucibacter	PDAC_062	0.31966680619464766	0.041526031153210644	positive	False
Streptomyces	PDAC_001	0.44059271176580506	6.160301356317277e-05	positive	False
Streptomyces	PDAC_002	0.4391428641411474	7.708185924491987e-05	positive	False
Streptomyces	PDAC_003	0.433839647984898	7.948880067285774e-05	positive	False
Streptomyces	PDAC_004	0.4452855627638976	5.384406058584045e-05	positive	False
Streptomyces	PDAC_005	0.4296707782434312	0.0001163198534080052	positive	False
Streptomyces	PDAC_006	0.4394549103831934	6.701288602376617e-05	positive	False
Streptomyces	PDAC_007	0.43680988593523146	7.289778495979976e-05	positive	False
Streptomyces	PDAC_008	0.4430526128451063	7.377119906059889e-05	positive	False
Streptomyces	PDAC_009	0.4585276888336444	3.2986164181489685e-05	positive	False
Streptomyces	PDAC_010	0.4420748053042939	8.984719009726201e-05	positive	False
Streptomyces	PDAC_011	0.44054732800629887	6.412545912247563e-05	positive	False
Streptomyces	PDAC_012	0.45630987803782697	3.411066933606883e-05	positive	False
Streptomyces	PDAC_013	0.4383500777435914	8.433372050395071e-05	positive	False
Streptomyces	PDAC_014	0.4402545706372951	6.228221825189073e-05	positive	False
Streptomyces	PDAC_015	0.4412351701101125	6.046500927157236e-05	positive	False
Streptomyces	PDAC_016	0.4333964365217458	7.826049143617855e-05	positive	False
Streptomyces	PDAC_017	0.449032662493046	4.791637516379207e-05	positive	False
Streptomyces	PDAC_018	0.45689351693748015	3.5438143424811234e-05	positive	False
Streptomyces	PDAC_019	0.4432098160509299	7.915707205446739e-05	positive	False
Streptomyces	PDAC_020	0.43576004059722423	0.00012628276965368954	positive	False
Streptomyces	PDAC_021	0.43497620379243873	8.391660973948139e-05	positive	False
Streptomyces	PDAC_022	0.43542324810764227	7.34736358250904e-05	positive	False
Streptomyces	PDAC_023	0.4351312102522202	8.624156331076025e-05	positive	False
Streptomyces	PDAC_024	0.445843430724723	5.317871321622686e-05	positive	False
Streptomyces	PDAC_025	0.4353467611238412	7.550387027748305e-05	positive	False
Streptomyces	PDAC_026	0.4387273116254174	6.631989947346785e-05	positive	False
Streptomyces	PDAC_027	0.43787933098615195	6.748034026918739e-05	positive	False
Streptomyces	PDAC_028	0.4441038376282653	9.579311060356154e-05	positive	False
Streptomyces	PDAC_029	0.44185736661124697	5.936657938212175e-05	positive	False
Streptomyces	PDAC_030	0.433741854349933	8.061896286927627e-05	positive	False
Streptomyces	PDAC_031	0.44297972958851345	5.734706303354936e-05	positive	False
Streptomyces	PDAC_032	0.45007939708511824	5.3172378600744293e-05	positive	False
Streptomyces	PDAC_033	0.444854261338342	5.4373103686724364e-05	positive	False
Streptomyces	PDAC_034	0.494745504119816	1.2826484783656058e-06	positive	False
Streptomyces	PDAC_035	0.4407273618045304	6.152338182916964e-05	positive	False
Streptomyces	PDAC_036	0.43795786536313486	7.518145465319835e-05	positive	False
Streptomyces	PDAC_037	0.4401281468409256	7.365140269228866e-05	positive	False
Streptomyces	PDAC_038	0.4719230013160982	1.4415428055286289e-05	positive	False
Streptomyces	PDAC_039	0.43845125020656545	8.903586348908731e-05	positive	False
Streptomyces	PDAC_040	0.4307495233848364	8.379013831074561e-05	positive	False
Streptomyces	PDAC_041	0.4565117133393369	3.452364053951447e-05	positive	False
Streptomyces	PDAC_042	0.45978544867394744	2.9220667419499677e-05	positive	False
Streptomyces	PDAC_043	0.4398660085641152	0.00021626698453074115	positive	False
Streptomyces	PDAC_044	0.4515448447381746	8.572497138566453e-05	positive	False
Streptomyces	PDAC_045	0.42819081885965316	0.00013502461114124032	positive	False
Streptomyces	PDAC_046	0.4394426752069979	6.627053326530596e-05	positive	False
Streptomyces	PDAC_047	0.4530367597858706	0.00010128269899819396	positive	False
Streptomyces	PDAC_048	0.4408478463053809	6.250516777174048e-05	positive	False
Streptomyces	PDAC_049	0.4498568171630579	0.00010334790336859079	positive	False
Streptomyces	PDAC_050	0.4426151722742744	9.68701840893986e-05	positive	False
Streptomyces	PDAC_051	0.4313125879434022	0.00010674607800629195	positive	False
Streptomyces	PDAC_052	0.4723585865590368	1.5041485469390437e-05	positive	False
Streptomyces	PDAC_053	0.44231530983754097	5.930535280595754e-05	positive	False
Streptomyces	PDAC_054	0.4410908714482461	0.00012689851560431417	positive	False
Streptomyces	PDAC_055	0.4466485502308216	7.367693886752487e-05	positive	False
Streptomyces	PDAC_056	0.42361404924134693	0.0001239971935591175	positive	False
Streptomyces	PDAC_057	0.4410054769754422	0.00010085868805692201	positive	False
Streptomyces	PDAC_058	0.41259198609514114	0.00012841302665183465	positive	False
Streptomyces	PDAC_059	0.4463192736751071	5.234136112344343e-05	positive	False
Streptomyces	PDAC_060	0.40108233618651085	0.00011943543735363863	positive	False
Streptomyces	PDAC_061	0.4317551243213716	0.00011451513493545404	positive	False
Streptomyces	PDAC_062	0.44145447360897594	6.211991897886609e-05	positive	False
Collimonas	PDAC_001	0.17783359410917632	0.25505391790925097	positive	False
Collimonas	PDAC_002	0.17334641989303284	0.27062942083402103	positive	False
Collimonas	PDAC_003	0.16868358778383155	0.280421118505621	positive	False
Collimonas	PDAC_004	0.17976421071384432	0.2496143380800047	positive	False
Collimonas	PDAC_005	0.16138261096328743	0.3100762607541581	positive	False
Collimonas	PDAC_006	0.17442131758487367	0.2639564592774569	positive	False
Collimonas	PDAC_007	0.19828923861091985	0.20081027771427312	positive	False
Collimonas	PDAC_008	0.1765880152680987	0.2639834896954452	positive	False
Collimonas	PDAC_009	0.19957356888994757	0.19867107098864634	positive	False
Collimonas	PDAC_010	0.17375487433123132	0.27677746725013597	positive	False
Collimonas	PDAC_011	0.17550221508099098	0.26074016870646854	positive	False
Collimonas	PDAC_012	0.18223430650913885	0.24309906355630728	positive	False
Collimonas	PDAC_013	0.17189788263405043	0.27664142973135386	positive	False
Collimonas	PDAC_014	0.17461363134727934	0.2620004329116231	positive	False
Collimonas	PDAC_015	0.1753982321098117	0.25999645896733703	positive	False
Collimonas	PDAC_016	0.16833431337968122	0.2806093312433528	positive	False
Collimonas	PDAC_017	0.16861949201310497	0.27900995996099354	positive	False
Collimonas	PDAC_018	0.18620319274867075	0.23493781746652348	positive	False
Collimonas	PDAC_019	0.1759452974623502	0.2680059607213253	positive	False
Collimonas	PDAC_020	0.16510736075419458	0.30601801251752797	positive	False
Collimonas	PDAC_021	0.16929047135523495	0.28114771059065646	positive	False
Collimonas	PDAC_022	0.1703893540468073	0.2744584733955583	positive	False
Collimonas	PDAC_023	0.1691767005964258	0.2823941550599478	positive	False
Collimonas	PDAC_024	0.17831904788923023	0.25330074208611586	positive	False
Collimonas	PDAC_025	0.17760578463334442	0.2546263068598246	positive	False
Collimonas	PDAC_026	0.17360003142647634	0.26530782251919083	positive	False
Collimonas	PDAC_027	0.17270935393605974	0.2674985323859857	positive	False
Collimonas	PDAC_028	0.17417159207663083	0.2796964011376654	positive	False
Collimonas	PDAC_029	0.1758505886393097	0.2589267922554077	positive	False
Collimonas	PDAC_030	0.16852041852435118	0.2812338539064875	positive	False
Collimonas	PDAC_031	0.1754164226537842	0.261433520899476	positive	False
Collimonas	PDAC_032	0.1776073904495258	0.26161862343383263	positive	False
Collimonas	PDAC_033	0.17791314886134144	0.2537474440460807	positive	False
Collimonas	PDAC_034	0.20415014379292673	0.2113177760170732	positive	False
Collimonas	PDAC_035	0.17514590860913912	0.2607816567993872	positive	False
Collimonas	PDAC_036	0.17259495263839345	0.27100383713316656	positive	False
Collimonas	PDAC_037	0.1744881159885168	0.26700080363657824	positive	False
Collimonas	PDAC_038	0.2233395257665779	0.1374681194798318	positive	False
Collimonas	PDAC_039	0.171398261661686	0.27974803343345583	positive	False
Collimonas	PDAC_040	0.16559023580154178	0.2886845562042079	positive	False
Collimonas	PDAC_041	0.19319445570492333	0.21443891323732367	positive	False
Collimonas	PDAC_042	0.1624836448320306	0.3013758648996339	positive	False
Collimonas	PDAC_043	0.12564219595916074	0.4365922563344141	positive	False
Collimonas	PDAC_044	0.13280737003544674	0.4026052283236041	positive	False
Collimonas	PDAC_045	0.1498677891537033	0.35058864888355246	positive	False
Collimonas	PDAC_046	0.17197397923462582	0.2719657035394735	positive	False
Collimonas	PDAC_047	0.1537712051241428	0.3543574537776467	positive	False
Collimonas	PDAC_048	0.17921076744926456	0.24892064504553393	positive	False
Collimonas	PDAC_049	0.15266844814299663	0.3532018886709064	positive	False
Collimonas	PDAC_050	0.1525887299449548	0.3422435121760098	positive	False
Collimonas	PDAC_051	0.15460550268312623	0.3307745754370488	positive	False
Collimonas	PDAC_052	0.20678037139755753	0.18462280999761702	positive	False
Collimonas	PDAC_053	0.17622393297832425	0.2590048455177951	positive	False
Collimonas	PDAC_054	0.162674924348509	0.3222523252599967	positive	False
Collimonas	PDAC_055	0.161618461076137	0.31277010297904506	positive	False
Collimonas	PDAC_056	0.21062737755964292	0.1755322303081091	positive	False
Collimonas	PDAC_057	0.1541359205317426	0.3376916766335347	positive	False
Collimonas	PDAC_058	0.22377202970242555	0.1412142034858201	positive	False
Collimonas	PDAC_059	0.17518624902873786	0.2606803920144885	positive	False
Collimonas	PDAC_060	0.23631682829222692	0.11310500600360075	positive	False
Collimonas	PDAC_061	0.22207127590529127	0.14378799456261332	positive	False
Collimonas	PDAC_062	0.17666763235945843	0.2558473061147784	positive	False
Bacillus	PDAC_001	0.26496984987703587	0.10166898711174492	positive	False
Bacillus	PDAC_002	0.259260165849559	0.1136309211413309	positive	False
Bacillus	PDAC_003	0.2849239364687012	0.07770570264273498	positive	False
Bacillus	PDAC_004	0.25921298909145174	0.11165908665937871	positive	False
Bacillus	PDAC_005	0.2481066327761003	0.13318387077154925	positive	False
Bacillus	PDAC_006	0.26008408776525355	0.11024277836943201	positive	False
Bacillus	PDAC_007	0.25741957909641516	0.11408537184702527	positive	False
Bacillus	PDAC_008	0.2627194115042905	0.11046211588135234	positive	False
Bacillus	PDAC_009	0.24853188431234083	0.1270292498691162	positive	False
Bacillus	PDAC_010	0.2604892095403432	0.11699749045774453	positive	False
Bacillus	PDAC_011	0.2611680065212719	0.10858668454318464	positive	False
Bacillus	PDAC_012	0.26247309184218304	0.10688125670275807	positive	False
Bacillus	PDAC_013	0.2580252428734901	0.1166667696653049	positive	False
Bacillus	PDAC_014	0.26046854610669684	0.10985505262725113	positive	False
Bacillus	PDAC_015	0.2613158930626133	0.10876812264223433	positive	False
Bacillus	PDAC_016	0.2540070577275288	0.11867185976769822	positive	False
Bacillus	PDAC_017	0.2542831247250665	0.11807709033231276	positive	False
Bacillus	PDAC_018	0.2736818441449231	0.09770803650230561	positive	False
Bacillus	PDAC_019	0.26233681000197734	0.11254892809479806	positive	False
Bacillus	PDAC_020	0.2525986775585324	0.1317083396529747	positive	False
Bacillus	PDAC_021	0.2551680894486763	0.11878845621742397	positive	False
Bacillus	PDAC_022	0.2790689991953181	0.08437446002806247	positive	False
Bacillus	PDAC_023	0.25514198686544287	0.11941942574858933	positive	False
Bacillus	PDAC_024	0.2647785902987444	0.10567265492635411	positive	False
Bacillus	PDAC_025	0.26386607686659364	0.10635429297990444	positive	False
Bacillus	PDAC_026	0.2592913634701147	0.1110722477384587	positive	False
Bacillus	PDAC_027	0.2584141606984823	0.11232763577481328	positive	False
Bacillus	PDAC_028	0.2614292024121684	0.11864602665696836	positive	False
Bacillus	PDAC_029	0.2650814600848454	0.09860251777263464	positive	False
Bacillus	PDAC_030	0.25424602151680536	0.11886170590565047	positive	False
Bacillus	PDAC_031	0.2627615161411515	0.10770051544069015	positive	False
Bacillus	PDAC_032	0.2656600713493013	0.10919978991055379	positive	False
Bacillus	PDAC_033	0.2641851904589482	0.10606280890232325	positive	False
Bacillus	PDAC_034	0.29804783028661497	0.0843713336657626	positive	False
Bacillus	PDAC_035	0.2609817985181297	0.10889122466161175	positive	False
Bacillus	PDAC_036	0.2583670126826035	0.11377066612831382	positive	False
Bacillus	PDAC_037	0.26035081223051737	0.1118222926708356	positive	False
Bacillus	PDAC_038	0.2514925567069005	0.12624215553796558	positive	False
Bacillus	PDAC_039	0.25772102042956957	0.11827103477167814	positive	False
Bacillus	PDAC_040	0.25129534273388876	0.12260127020721061	positive	False
Bacillus	PDAC_041	0.2517155871937819	0.12179522749240713	positive	False
Bacillus	PDAC_042	0.2486074952074214	0.12655768101927276	positive	False
Bacillus	PDAC_043	0.3491765463409751	0.02172236488081202	positive	False
Bacillus	PDAC_044	0.24050797113535718	0.15638041534623667	positive	False
Bacillus	PDAC_045	0.2618620235859122	0.12361607695072793	positive	False
Bacillus	PDAC_046	0.2566170768090619	0.11422060576449174	positive	False
Bacillus	PDAC_047	0.2823375758061847	0.10729195110036506	positive	False
Bacillus	PDAC_048	0.2653547658338653	0.10559702506716039	positive	False
Bacillus	PDAC_049	0.2432347686033059	0.15665437459901105	positive	False
Bacillus	PDAC_050	0.26267348541944396	0.1218004023190849	positive	False
Bacillus	PDAC_051	0.29828373082358073	0.07149168758123635	positive	False
Bacillus	PDAC_052	0.2749425493829008	0.09669390029934519	positive	False
Bacillus	PDAC_053	0.26207066950492497	0.10716973696288368	positive	False
Bacillus	PDAC_054	0.23760950921825594	0.16012988431629877	positive	False
Bacillus	PDAC_055	0.2607397485641712	0.12047362707768315	positive	False
Bacillus	PDAC_056	0.30035781155867614	0.07022140560136411	positive	False
Bacillus	PDAC_057	0.31614873155060735	0.052296338569274466	positive	False
Bacillus	PDAC_058	0.2238057027758901	0.167510390268457	positive	False
Bacillus	PDAC_059	0.2693100148672785	0.09562076518970652	positive	False
Bacillus	PDAC_060	0.19688314027075676	0.19888830660167894	positive	False
Bacillus	PDAC_061	0.23188959445380602	0.15624174265035698	positive	False
Bacillus	PDAC_062	0.2613983661801808	0.10691677912631911	positive	False
Polaromonas	PDAC_001	0.08717687882031626	0.5221665501968179	positive	False
Polaromonas	PDAC_002	0.06779422049445788	0.6217904400548631	positive	False
Polaromonas	PDAC_003	0.09837065843265756	0.47197624406502503	positive	False
Polaromonas	PDAC_004	0.0880030231858281	0.5184329733261721	positive	False
Polaromonas	PDAC_005	0.046852651275212695	0.7289129908957155	positive	False
Polaromonas	PDAC_006	0.07638233300934258	0.5762856916470962	positive	False
Polaromonas	PDAC_007	0.09536532453277498	0.485651316823163	positive	False
Polaromonas	PDAC_008	0.06801282250952997	0.622738680771886	positive	False
Polaromonas	PDAC_009	0.09583551243529906	0.4861075871094672	positive	False
Polaromonas	PDAC_010	0.05913627668183812	0.6694177357622718	positive	False
Polaromonas	PDAC_011	0.07861014207286676	0.5650438413030314	positive	False
Polaromonas	PDAC_012	0.0878447607005543	0.52093284751886	positive	False
Polaromonas	PDAC_013	0.11562146647923616	0.39294775373168545	positive	False
Polaromonas	PDAC_014	0.08814770688813899	0.5176921742976018	positive	False
Polaromonas	PDAC_015	0.08486906380160748	0.5328149282325809	positive	False
Polaromonas	PDAC_016	0.09240979733765349	0.4998798345125246	positive	False
Polaromonas	PDAC_017	0.09290151600803372	0.4965305878045708	positive	False
Polaromonas	PDAC_018	0.07735833686897102	0.5717132698241034	positive	False
Polaromonas	PDAC_019	0.0645003964307689	0.6415409755172543	positive	False
Polaromonas	PDAC_020	0.11177146337229703	0.4241868835017032	positive	False
Polaromonas	PDAC_021	0.11307634341963148	0.402738898151487	positive	False
Polaromonas	PDAC_022	0.09701154450940508	0.4768719558136517	positive	False
Polaromonas	PDAC_023	0.10540263802424021	0.44160544770010524	positive	False
Polaromonas	PDAC_024	0.09294539421824671	0.4935456495925993	positive	False
Polaromonas	PDAC_025	0.09067517776328035	0.5044298052024392	positive	False
Polaromonas	PDAC_026	0.07834489665549686	0.5656432700039237	positive	False
Polaromonas	PDAC_027	0.0779720874497299	0.5672420497339594	positive	False
Polaromonas	PDAC_028	0.055429939433511266	0.6900205127216312	positive	False
Polaromonas	PDAC_029	0.0860218088726765	0.527152248480838	positive	False
Polaromonas	PDAC_030	0.0996434101678123	0.46625179073884027	positive	False
Polaromonas	PDAC_031	0.0858418573874309	0.5287110529765067	positive	False
Polaromonas	PDAC_032	0.10025039268973003	0.4614513349207148	positive	False
Polaromonas	PDAC_033	0.0830300317119273	0.5424549275469337	positive	False
Polaromonas	PDAC_034	0.04108666378402233	0.7616674713755801	positive	False
Polaromonas	PDAC_035	0.0833908905383686	0.5402289790657144	positive	False
Polaromonas	PDAC_036	0.06976398043904204	0.6106746807628642	positive	False
Polaromonas	PDAC_037	0.06980458872570247	0.6115893799230324	positive	False
Polaromonas	PDAC_038	0.09770208804857387	0.4824818292545092	positive	False
Polaromonas	PDAC_039	0.11990072942980062	0.3734328722292759	positive	False
Polaromonas	PDAC_040	0.09590321104501784	0.4839319567510175	positive	False
Polaromonas	PDAC_041	0.09752314566846707	0.4753818524192226	positive	False
Polaromonas	PDAC_042	0.0790797726339525	0.5628343998355831	positive	False
Polaromonas	PDAC_043	0.06755697392780544	0.6424048157285369	positive	False
Polaromonas	PDAC_044	0.08439417892819426	0.5516084706997442	positive	False
Polaromonas	PDAC_045	0.09018317248390847	0.51907793265576	positive	False
Polaromonas	PDAC_046	0.08748317283693927	0.52038272340806	positive	False
Polaromonas	PDAC_047	0.06907031386662858	0.6290535520024696	positive	False
Polaromonas	PDAC_048	0.08585334369624086	0.5283651819365908	positive	False
Polaromonas	PDAC_049	0.09897078531429879	0.4848362418928568	positive	False
Polaromonas	PDAC_050	0.09356383358325956	0.5020830187293948	positive	False
Polaromonas	PDAC_051	0.08258345469411929	0.550667469387291	positive	False
Polaromonas	PDAC_052	0.093428530445364	0.5057737976114353	positive	False
Polaromonas	PDAC_053	0.08660537348010554	0.5247175511659627	positive	False
Polaromonas	PDAC_054	0.09353636167764269	0.5082239502299033	positive	False
Polaromonas	PDAC_055	0.08451153956788932	0.5424334022798704	positive	False
Polaromonas	PDAC_056	0.06942964928030287	0.6155641660612978	positive	False
Polaromonas	PDAC_057	0.08213511226822297	0.5568032336283286	positive	False
Polaromonas	PDAC_058	0.15351086742394057	0.1922055127190118	positive	False
Polaromonas	PDAC_059	0.08734078911974413	0.5214980378276528	positive	False
Polaromonas	PDAC_060	0.08202240596726544	0.5642012470088351	positive	False
Polaromonas	PDAC_061	0.08733546217192506	0.5297071907451533	positive	False
Polaromonas	PDAC_062	0.08644028223874693	0.5255009605640041	positive	False
Ochrobactrum	PDAC_001	0.8420418360147898	0.009186593689487592	positive	False
Ochrobactrum	PDAC_002	0.8392081275034402	0.009717388940558467	positive	False
Ochrobactrum	PDAC_003	0.8826966099746331	0.006157539484180197	positive	False
Ochrobactrum	PDAC_004	0.8351477691102397	0.009435832365318971	positive	False
Ochrobactrum	PDAC_005	0.8355325002332361	0.010997104047663476	positive	False
Ochrobactrum	PDAC_006	0.8365252013572351	0.009466291430880331	positive	False
Ochrobactrum	PDAC_007	0.8342499109336029	0.009681426958121507	positive	False
Ochrobactrum	PDAC_008	0.8448298683985361	0.009544034652004985	positive	False
Ochrobactrum	PDAC_009	0.8273762708113072	0.010458690183512852	positive	False
Ochrobactrum	PDAC_010	0.8480038086076472	0.00994957417432354	positive	False
Ochrobactrum	PDAC_011	0.8373400293064168	0.009372186879322059	positive	False
Ochrobactrum	PDAC_012	0.8256831950346613	0.010191590491036732	positive	False
Ochrobactrum	PDAC_013	0.8400972740458805	0.00991759391108153	positive	False
Ochrobactrum	PDAC_014	0.83648857815066	0.009356743381294	positive	False
Ochrobactrum	PDAC_015	0.8375094275167915	0.009301774063049002	positive	False
Ochrobactrum	PDAC_016	0.8308255345148701	0.009922654743216646	positive	False
Ochrobactrum	PDAC_017	0.8305274879184277	0.009853748314477138	positive	False
Ochrobactrum	PDAC_018	0.8572077899235196	0.00848270339132862	positive	False
Ochrobactrum	PDAC_019	0.8468447314961384	0.00967418366097831	positive	False
Ochrobactrum	PDAC_020	0.8464447356294638	0.01090613035449131	positive	False
Ochrobactrum	PDAC_021	0.8347310879648088	0.010009790530828634	positive	False
Ochrobactrum	PDAC_022	0.8323717724109301	0.009739176132982629	positive	False
Ochrobactrum	PDAC_023	0.8356227534836204	0.010062182906542629	positive	False
Ochrobactrum	PDAC_024	0.8431654437054716	0.009094467246801468	positive	False
Ochrobactrum	PDAC_025	0.8413612235761441	0.009136149576655032	positive	False
Ochrobactrum	PDAC_026	0.8352160623937488	0.009478010616650054	positive	False
Ochrobactrum	PDAC_027	0.8342953631889081	0.009528599726381388	positive	False
Ochrobactrum	PDAC_028	0.8533516678806485	0.010025832582746827	positive	False
Ochrobactrum	PDAC_029	0.8381905948615866	0.009273865016061396	positive	False
Ochrobactrum	PDAC_030	0.8319833763229595	0.009969439900812583	positive	False
Ochrobactrum	PDAC_031	0.8394390127056954	0.009172660333711603	positive	False
Ochrobactrum	PDAC_032	0.8522918205156081	0.009288386475755452	positive	False
Ochrobactrum	PDAC_033	0.8417310343886756	0.009107464251583682	positive	False
Ochrobactrum	PDAC_034	0.9187650482492873	0.006153109093214758	positive	False
Ochrobactrum	PDAC_035	0.8369570366437035	0.009335592789656488	positive	False
Ochrobactrum	PDAC_036	0.8367177060778992	0.009702348596622896	positive	False
Ochrobactrum	PDAC_037	0.8397514005731588	0.009606598452854458	positive	False
Ochrobactrum	PDAC_038	0.835085709547853	0.010515782084216801	positive	False
Ochrobactrum	PDAC_039	0.8416079600959058	0.010027451703248683	positive	False
Ochrobactrum	PDAC_040	0.8287262740970643	0.010160600125317058	positive	False
Ochrobactrum	PDAC_041	0.8286470640501695	0.010092731476571607	positive	False
Ochrobactrum	PDAC_042	0.8593323656641202	0.008147796063659446	positive	False
Ochrobactrum	PDAC_043	0.8557811200554599	0.015674172949768167	positive	False
Ochrobactrum	PDAC_044	0.845268108919677	0.013190751126377602	positive	False
Ochrobactrum	PDAC_045	0.9194369160588143	0.004780285998279175	positive	False
Ochrobactrum	PDAC_046	0.8350700600311693	0.00984846865166656	positive	False
Ochrobactrum	PDAC_047	0.7876070776069798	0.020992574706524547	positive	False
Ochrobactrum	PDAC_048	0.8423645644080304	0.008925975429422766	positive	False
Ochrobactrum	PDAC_049	0.7466519685431965	0.022260516103807134	positive	False
Ochrobactrum	PDAC_050	0.7624757783651658	0.01886465748989506	positive	False
Ochrobactrum	PDAC_051	0.7649250374520948	0.017392955780325823	positive	False
Ochrobactrum	PDAC_052	0.9465085900875225	0.002365582729181145	positive	False
Ochrobactrum	PDAC_053	0.8395840655211407	0.009527883808873228	positive	False
Ochrobactrum	PDAC_054	0.7551731882856876	0.021073140311150474	positive	False
Ochrobactrum	PDAC_055	0.7707998469169578	0.017369161785693865	positive	False
Ochrobactrum	PDAC_056	0.7563443768109258	0.01836863218004784	positive	False
Ochrobactrum	PDAC_057	0.7608870405790863	0.018879380261605856	positive	False
Ochrobactrum	PDAC_058	0.9142748375032047	0.005070248271787761	positive	False
Ochrobactrum	PDAC_059	0.8410809221663812	0.009124505246597858	positive	False
Ochrobactrum	PDAC_060	0.9421292360138165	0.0036218833923430025	positive	False
Ochrobactrum	PDAC_061	0.9083917009055292	0.0052987303436385	positive	False
Ochrobactrum	PDAC_062	0.8392892585165751	0.009136515670841228	positive	False
Fusarium	PDAC_001	-0.5553442997368748	0.004702422954514473	negative	False
Fusarium	PDAC_002	-0.5653048113676542	0.004356152248723138	negative	False
Fusarium	PDAC_003	-0.5251604237728077	0.006539807341907448	negative	False
Fusarium	PDAC_004	-0.5489214530226091	0.004896599674828044	negative	False
Fusarium	PDAC_005	-0.5360348491914897	0.007180293582297736	negative	False
Fusarium	PDAC_006	-0.5579705968552411	0.004572139524620364	negative	False
Fusarium	PDAC_007	-0.5614564787262339	0.0043818573797842425	negative	False
Fusarium	PDAC_008	-0.5133519201392348	0.007654059747625029	negative	False
Fusarium	PDAC_009	-0.5335502454149332	0.0063413227546638435	negative	False
Fusarium	PDAC_010	-0.5765387744535797	0.004019406708825492	negative	False
Fusarium	PDAC_011	-0.5297867647580374	0.006059519875366301	negative	False
Fusarium	PDAC_012	-0.5582299864848167	0.004542137924798036	negative	False
Fusarium	PDAC_013	-0.5701332977523684	0.004153670251171776	negative	False
Fusarium	PDAC_014	-0.5497449581735177	0.0048207387395448045	negative	False
Fusarium	PDAC_015	-0.5547317317741535	0.004705543650644419	negative	False
Fusarium	PDAC_016	-0.5648448678561353	0.0041592020846433425	negative	False
Fusarium	PDAC_017	-0.5485204703226322	0.005120180906504299	negative	False
Fusarium	PDAC_018	-0.5500959876609736	0.005424456089714327	negative	False
Fusarium	PDAC_019	-0.569833975601948	0.0043484995827413365	negative	False
Fusarium	PDAC_020	-0.594458542194929	0.0029274922390779396	negative	False
Fusarium	PDAC_021	-0.568730909419197	0.004082327234067473	negative	False
Fusarium	PDAC_022	-0.5617294525714767	0.004325525022970981	negative	False
Fusarium	PDAC_023	-0.5703360025744679	0.004029461593813054	negative	False
Fusarium	PDAC_024	-0.5725840233337733	0.0032151381234395413	negative	False
Fusarium	PDAC_025	-0.553181787439442	0.004850800539693463	negative	False
Fusarium	PDAC_026	-0.5574327027766086	0.004554190421381802	negative	False
Fusarium	PDAC_027	-0.5581349983558209	0.004510750783197743	negative	False
Fusarium	PDAC_028	-0.5826021237392303	0.003794076799784894	negative	False
Fusarium	PDAC_029	-0.5532727043481961	0.0045676833054379825	negative	False
Fusarium	PDAC_030	-0.5306640563598526	0.006338161856459828	negative	False
Fusarium	PDAC_031	-0.5535802537576157	0.004841414131461587	negative	False
Fusarium	PDAC_032	-0.5618868267780129	0.004615411762536514	negative	False
Fusarium	PDAC_033	-0.5529106921153046	0.004880599872946486	negative	False
Fusarium	PDAC_034	-0.5734455178709778	0.005749501041916779	negative	False
Fusarium	PDAC_035	-0.5550360535683412	0.004671173226269823	negative	False
Fusarium	PDAC_036	-0.5633880979063732	0.004370491219914821	negative	False
Fusarium	PDAC_037	-0.5632654041834994	0.004460537408528848	negative	False
Fusarium	PDAC_038	-0.5791815770859771	0.003571664166059711	negative	False
Fusarium	PDAC_039	-0.5734349460430183	0.004026099445796027	negative	False
Fusarium	PDAC_040	-0.5687586785266582	0.003938180244313235	negative	False
Fusarium	PDAC_041	-0.5239730416826062	0.006496905268781843	negative	False
Fusarium	PDAC_042	-0.5451789828650577	0.005771072788445018	negative	False
Fusarium	PDAC_043	-0.541427683709115	0.010934734041806225	negative	False
Fusarium	PDAC_044	-0.5319774234727055	0.009234983002929005	negative	False
Fusarium	PDAC_045	-0.5296869372649847	0.008588575279471676	negative	False
Fusarium	PDAC_046	-0.5474675155355103	0.005432102562062263	negative	False
Fusarium	PDAC_047	-0.5223989925934587	0.011173264093325133	negative	False
Fusarium	PDAC_048	-0.5512550339669567	0.00512165703636363	negative	False
Fusarium	PDAC_049	-0.528607351083604	0.010059285918070633	negative	False
Fusarium	PDAC_050	-0.5324604501593199	0.008251465603473344	negative	False
Fusarium	PDAC_051	-0.537014736154089	0.007188344592901453	negative	False
Fusarium	PDAC_052	-0.5443083581509264	0.006480228557048715	negative	False
Fusarium	PDAC_053	-0.5546184386300377	0.004842972105539645	negative	False
Fusarium	PDAC_054	-0.5247278358151034	0.009876203438967926	negative	False
Fusarium	PDAC_055	-0.5328127848600893	0.007701072740625375	negative	False
Fusarium	PDAC_056	-0.5390881609541768	0.0072770306130311236	negative	False
Fusarium	PDAC_057	-0.5288809548112008	0.008505949197604853	negative	False
Fusarium	PDAC_058	-0.6324424342069513	0.0005908335915506324	negative	False
Fusarium	PDAC_059	-0.5472672070192308	0.00492244952901855	negative	False
Fusarium	PDAC_060	-0.5326254823711767	0.009430058249447308	negative	False
Fusarium	PDAC_061	-0.6587314448368309	8.625453218476184e-05	negative	False
Fusarium	PDAC_062	-0.5535736784246458	0.004908792366360002	negative	False
Serratia	PDAC_001	-0.42329375471624536	0.05038685076684172	negative	False
Serratia	PDAC_002	-0.4444884254786911	0.041766110719827	negative	False
Serratia	PDAC_003	-0.4077861184348877	0.059090662527813434	negative	False
Serratia	PDAC_004	-0.41529928146628364	0.05389878017520944	negative	False
Serratia	PDAC_005	-0.4101913743871933	0.06352006985218983	negative	False
Serratia	PDAC_006	-0.40298973751023787	0.06064744607370773	negative	False
Serratia	PDAC_007	-0.40043246691346546	0.062150168905362485	negative	False
Serratia	PDAC_008	-0.4464612979338735	0.04163455433388341	negative	False
Serratia	PDAC_009	-0.41438638545523687	0.05672796036256865	negative	False
Serratia	PDAC_010	-0.3951272676410259	0.07102583929054061	negative	False
Serratia	PDAC_011	-0.4294842018933031	0.047580211167904354	negative	False
Serratia	PDAC_012	-0.4221671663724797	0.05128232325091119	negative	False
Serratia	PDAC_013	-0.45106355029617373	0.03918700183329954	negative	False
Serratia	PDAC_014	-0.4194081276225702	0.05196665958178102	negative	False
Serratia	PDAC_015	-0.418833948665794	0.052124749379816045	negative	False
Serratia	PDAC_016	-0.412306601915956	0.056495589440809485	negative	False
Serratia	PDAC_017	-0.41413959441602255	0.05516845257806194	negative	False
Serratia	PDAC_018	-0.43525049662643367	0.045730171902892004	negative	False
Serratia	PDAC_019	-0.4523517798857047	0.03944398747228886	negative	False
Serratia	PDAC_020	-0.40290617819482055	0.07070162073763618	negative	False
Serratia	PDAC_021	-0.447541913288284	0.04001975465798761	negative	False
Serratia	PDAC_022	-0.4354662656748198	0.044694582738839944	negative	False
Serratia	PDAC_023	-0.4061273343303814	0.06175734849526782	negative	False
Serratia	PDAC_024	-0.4158300309043126	0.054530905113927934	negative	False
Serratia	PDAC_025	-0.4259264899153486	0.04878090177478114	negative	False
Serratia	PDAC_026	-0.42936067985351295	0.047470222494451576	negative	False
Serratia	PDAC_027	-0.4296405142112975	0.04730067509537314	negative	False
Serratia	PDAC_028	-0.468607915677187	0.0331881842521625	negative	False
Serratia	PDAC_029	-0.42019962793796434	0.05143888215212678	negative	False
Serratia	PDAC_030	-0.40840441475321987	0.05900274031612618	negative	False
Serratia	PDAC_031	-0.419807331129009	0.05222131455256346	negative	False
Serratia	PDAC_032	-0.46233641027001643	0.03249352241223678	negative	False
Serratia	PDAC_033	-0.42486917256608514	0.04937086383365374	negative	False
Serratia	PDAC_034	-0.5092635977819857	0.015807841037271602	negative	False
Serratia	PDAC_035	-0.4153708715454046	0.05382835063525468	negative	False
Serratia	PDAC_036	-0.3934216788018893	0.06641134601772095	negative	False
Serratia	PDAC_037	-0.4013162132733809	0.06343506699746776	negative	False
Serratia	PDAC_038	-0.46114173385714347	0.03445851617608467	negative	False
Serratia	PDAC_039	-0.39318684508082674	0.06986558315387174	negative	False
Serratia	PDAC_040	-0.4178749441901664	0.054152880573026474	negative	False
Serratia	PDAC_041	-0.41997163555059464	0.052798639944632235	negative	False
Serratia	PDAC_042	-0.43208599914343	0.047007034086218556	negative	False
Serratia	PDAC_043	-0.49139068835662186	0.027498213553414405	negative	False
Serratia	PDAC_044	-0.4397435160784508	0.05241351813668541	negative	False
Serratia	PDAC_045	-0.3703209307411913	0.08540808721546649	negative	False
Serratia	PDAC_046	-0.4192545925275752	0.05264283581993403	negative	False
Serratia	PDAC_047	-0.40950442258143777	0.07479137384961511	negative	False
Serratia	PDAC_048	-0.41663263955504665	0.05409577345894292	negative	False
Serratia	PDAC_049	-0.36016262719921843	0.09508546185680976	negative	False
Serratia	PDAC_050	-0.40824863029944136	0.06672400404722348	negative	False
Serratia	PDAC_051	-0.4258534350300377	0.053964198998679214	negative	False
Serratia	PDAC_052	-0.4584678852672792	0.03680889751791878	negative	False
Serratia	PDAC_053	-0.4211919726578542	0.05128996062930161	negative	False
Serratia	PDAC_054	-0.40894588693993644	0.07064712167996631	negative	False
Serratia	PDAC_055	-0.37872056317830777	0.07885555851016798	negative	False
Serratia	PDAC_056	-0.3840568308423949	0.07695551970968524	negative	False
Serratia	PDAC_057	-0.4208575129702841	0.059594485334430354	negative	False
Serratia	PDAC_058	-0.37239143620801823	0.08373663684184307	negative	False
Serratia	PDAC_059	-0.42133722879216773	0.05111939945911472	negative	False
Serratia	PDAC_060	-0.4504078233487731	0.04681775773277872	negative	False
Serratia	PDAC_061	-0.37275747259373737	0.08207717681253704	negative	False
Serratia	PDAC_062	-0.4212813877627322	0.05106460396848717	negative	False
Candidatus Accumulibacter	PDAC_001	-0.01764602554439392	0.90867006960148	negative	False
Candidatus Accumulibacter	PDAC_002	-0.036865356910778684	0.8119600553224566	negative	False
Candidatus Accumulibacter	PDAC_003	-0.0042766988992536505	0.9778570898945921	negative	False
Candidatus Accumulibacter	PDAC_004	-0.017391299193123707	0.9098670466229395	negative	False
Candidatus Accumulibacter	PDAC_005	0.0030810191293734485	0.9843215251945518	positive	False
Candidatus Accumulibacter	PDAC_006	-0.02851221927040745	0.8529100364297154	negative	False
Candidatus Accumulibacter	PDAC_007	-0.0047077809550719685	0.9755941198179588	negative	False
Candidatus Accumulibacter	PDAC_008	-0.036705093089179915	0.8139023228385391	negative	False
Candidatus Accumulibacter	PDAC_009	-0.012612953362469146	0.9352729408049336	negative	False
Candidatus Accumulibacter	PDAC_010	0.026732236693767043	0.8588530343825715	positive	False
Candidatus Accumulibacter	PDAC_011	-0.02637444281287086	0.8637433142112723	negative	False
Candidatus Accumulibacter	PDAC_012	-0.014623841355367479	0.924403709540397	negative	False
Candidatus Accumulibacter	PDAC_013	0.010905132168968545	0.9433025514409223	positive	False
Candidatus Accumulibacter	PDAC_014	-0.016791063916211792	0.9130472192539506	negative	False
Candidatus Accumulibacter	PDAC_015	-0.02092309404973112	0.8911066234160889	negative	False
Candidatus Accumulibacter	PDAC_016	-0.03576344506816729	0.8156170339406097	negative	False
Candidatus Accumulibacter	PDAC_017	-0.015059656801635367	0.9221442035008547	negative	False
Candidatus Accumulibacter	PDAC_018	-0.03049532921961683	0.8433557726501277	negative	False
Candidatus Accumulibacter	PDAC_019	-0.04034300844781885	0.7964884721623673	negative	False
Candidatus Accumulibacter	PDAC_020	-0.0609088615496604	0.6945794857436189	negative	False
Candidatus Accumulibacter	PDAC_021	-0.040314211456991864	0.7939203190403714	negative	False
Candidatus Accumulibacter	PDAC_022	-0.008677343657974224	0.9550493773687798	negative	False
Candidatus Accumulibacter	PDAC_023	0.004351467509584323	0.9774708471757296	positive	False
Candidatus Accumulibacter	PDAC_024	-0.013943754878925173	0.927173924338029	negative	False
Candidatus Accumulibacter	PDAC_025	-0.01583602818982398	0.9173394701827985	negative	False
Candidatus Accumulibacter	PDAC_026	-0.026796005685564773	0.8612534057657231	negative	False
Candidatus Accumulibacter	PDAC_027	-0.027225337157070123	0.858917121772166	negative	False
Candidatus Accumulibacter	PDAC_028	0.023867407641102487	0.8757622838778647	positive	False
Candidatus Accumulibacter	PDAC_029	-0.01876321854109854	0.903002258846627	negative	False
Candidatus Accumulibacter	PDAC_030	-0.005067542007457311	0.9737994747662466	negative	False
Candidatus Accumulibacter	PDAC_031	-0.0194896248764016	0.8988091681652527	negative	False
Candidatus Accumulibacter	PDAC_032	-0.009328034460932529	0.9515666934833417	negative	False
Candidatus Accumulibacter	PDAC_033	-0.022461351885551137	0.8838334729389854	negative	False
Candidatus Accumulibacter	PDAC_034	-0.07922172612167777	0.5968684867235026	negative	False
Candidatus Accumulibacter	PDAC_035	-0.0222021171029587	0.8846157115175033	negative	False
Candidatus Accumulibacter	PDAC_036	-0.034914155230237894	0.8211017281353102	negative	False
Candidatus Accumulibacter	PDAC_037	-0.034853285523723965	0.822010503905021	negative	False
Candidatus Accumulibacter	PDAC_038	0.006064252533704166	0.9687681419822356	positive	False
Candidatus Accumulibacter	PDAC_039	-0.044145099316217254	0.7766183903717524	negative	False
Candidatus Accumulibacter	PDAC_040	-0.006492210134565885	0.9664364965688235	negative	False
Candidatus Accumulibacter	PDAC_041	-0.012051504776096967	0.9377843510588536	negative	False
Candidatus Accumulibacter	PDAC_042	0.0007632196902658729	0.9959678861509249	positive	False
Candidatus Accumulibacter	PDAC_043	-0.05550280694036497	0.730545197556876	negative	False
Candidatus Accumulibacter	PDAC_044	-0.042245862748291035	0.7900175755390022	negative	False
Candidatus Accumulibacter	PDAC_045	-0.027253060108226163	0.8628917049007095	negative	False
Candidatus Accumulibacter	PDAC_046	-0.020710091139649636	0.8926226388148116	negative	False
Candidatus Accumulibacter	PDAC_047	-0.004362625211116498	0.9782942673866799	negative	False
Candidatus Accumulibacter	PDAC_048	-0.019648423955030588	0.8979977958780564	negative	False
Candidatus Accumulibacter	PDAC_049	-0.02775281650293593	0.8629972093138547	negative	False
Candidatus Accumulibacter	PDAC_050	-0.017453997635963697	0.911635704290945	negative	False
Candidatus Accumulibacter	PDAC_051	-0.026930628400697997	0.8628759494002782	negative	False
Candidatus Accumulibacter	PDAC_052	-0.03347270247461767	0.8321442199055666	negative	False
Candidatus Accumulibacter	PDAC_053	-0.019434209811890757	0.8990847235726941	negative	False
Candidatus Accumulibacter	PDAC_054	-0.006946794993561731	0.9650295816817699	negative	False
Candidatus Accumulibacter	PDAC_055	-0.01832757778570345	0.9065199064567904	negative	False
Candidatus Accumulibacter	PDAC_056	-0.027078201969610447	0.8626988231838224	negative	False
Candidatus Accumulibacter	PDAC_057	-0.013858539914997652	0.9296231290943509	negative	False
Candidatus Accumulibacter	PDAC_058	0.040299932682701045	0.7741816648800934	positive	False
Candidatus Accumulibacter	PDAC_059	-0.027272599475447398	0.8578275095312538	negative	False
Candidatus Accumulibacter	PDAC_060	-0.030187702240961574	0.8505051084262878	negative	False
Candidatus Accumulibacter	PDAC_061	-0.02495063925353246	0.873451713394872	negative	False
Candidatus Accumulibacter	PDAC_062	-0.019561648760887045	0.8985103783508942	negative	False
Methylibium	PDAC_001	0.34854783879030776	0.010095958502603112	positive	False
Methylibium	PDAC_002	0.33400134153668454	0.014815837974425225	positive	False
Methylibium	PDAC_003	0.36303174318856934	0.00778194338592919	positive	False
Methylibium	PDAC_004	0.351105370594151	0.009602486193503516	positive	False
Methylibium	PDAC_005	0.3181868286129502	0.019583189010108224	positive	False
Methylibium	PDAC_006	0.33945022256901497	0.012635766560810257	positive	False
Methylibium	PDAC_007	0.3359432994799429	0.013504181368164966	positive	False
Methylibium	PDAC_008	0.3357975544176029	0.015017377033736677	positive	False
Methylibium	PDAC_009	0.37113025170262925	0.006359575965358792	positive	False
Methylibium	PDAC_010	0.33052731056475826	0.01750996587888732	positive	False
Methylibium	PDAC_011	0.341310248030757	0.01213047722628049	positive	False
Methylibium	PDAC_012	0.3525465205391318	0.009727016113937392	positive	False
Methylibium	PDAC_013	0.33112975012453144	0.01596360762828542	positive	False
Methylibium	PDAC_014	0.3445925103783884	0.01114823797559627	positive	False
Methylibium	PDAC_015	0.34616257159852665	0.010778354129569396	positive	False
Methylibium	PDAC_016	0.36342267876261	0.007551134441639535	positive	False
Methylibium	PDAC_017	0.3570716475188048	0.008721752041244325	positive	False
Methylibium	PDAC_018	0.33661656335753865	0.012562322325861394	positive	False
Methylibium	PDAC_019	0.3339269778983668	0.016030880262568697	positive	False
Methylibium	PDAC_020	0.4038501712989501	0.0018943863037496937	positive	False
Methylibium	PDAC_021	0.3805715047043934	0.00462891599961081	positive	False
Methylibium	PDAC_022	0.3357384299876579	0.013366843531563165	positive	False
Methylibium	PDAC_023	0.32943399190902956	0.01585724207811875	positive	False
Methylibium	PDAC_024	0.35400988168128733	0.00912378566288946	positive	False
Methylibium	PDAC_025	0.34224690668859475	0.01116157601419448	positive	False
Methylibium	PDAC_026	0.35948149336150254	0.008039912454747713	positive	False
Methylibium	PDAC_027	0.35398816877195066	0.009175592538518934	positive	False
Methylibium	PDAC_028	0.3295830723826331	0.018845825653787927	positive	False
Methylibium	PDAC_029	0.3472324796575655	0.010523740588513639	positive	False
Methylibium	PDAC_030	0.3706871949964004	0.006255897178611245	positive	False
Methylibium	PDAC_031	0.3472033670961893	0.010296590819834276	positive	False
Methylibium	PDAC_032	0.3629820722536271	0.007649156388852187	positive	False
Methylibium	PDAC_033	0.3521186400809315	0.009517695400248967	positive	False
Methylibium	PDAC_034	0.4148038696147807	0.0007174716566390696	positive	False
Methylibium	PDAC_035	0.34486575897679594	0.011069247218246623	positive	False
Methylibium	PDAC_036	0.33469718973960266	0.014225833476015243	positive	False
Methylibium	PDAC_037	0.33558935922693395	0.014339995904918223	positive	False
Methylibium	PDAC_038	0.32361778478591596	0.0177371444384109	positive	False
Methylibium	PDAC_039	0.3296705170631073	0.01673070834051847	positive	False
Methylibium	PDAC_040	0.35911490051101175	0.00863511095342886	positive	False
Methylibium	PDAC_041	0.3572076520742666	0.008919560337226214	positive	False
Methylibium	PDAC_042	0.33989370333496643	0.011874863945644255	positive	False
Methylibium	PDAC_043	0.34800525190635945	0.016122000069490137	positive	False
Methylibium	PDAC_044	0.333732438375512	0.016126574057896515	positive	False
Methylibium	PDAC_045	0.35661841084785223	0.010130725339959993	positive	False
Methylibium	PDAC_046	0.3462760260566327	0.01049413305586491	positive	False
Methylibium	PDAC_047	0.34566857376030136	0.014894239513543206	positive	False
Methylibium	PDAC_048	0.35229965926300494	0.009672341929846218	positive	False
Methylibium	PDAC_049	0.3511382085343988	0.012853025523793716	positive	False
Methylibium	PDAC_050	0.3511310209953272	0.011261550720432998	positive	False
Methylibium	PDAC_051	0.34009700498318873	0.012780770191218292	positive	False
Methylibium	PDAC_052	0.3692660714771704	0.007893310375239954	positive	False
Methylibium	PDAC_053	0.34796491244356836	0.010156082283845295	positive	False
Methylibium	PDAC_054	0.3540788760226907	0.01161082682226211	positive	False
Methylibium	PDAC_055	0.33796828849486515	0.013405413297107044	positive	False
Methylibium	PDAC_056	0.3401416636616479	0.013111230292041047	positive	False
Methylibium	PDAC_057	0.34319759323681176	0.01295390243783867	positive	False
Methylibium	PDAC_058	0.32930442480295646	0.015563410764928579	positive	False
Methylibium	PDAC_059	0.34789039765899715	0.010324878058504568	positive	False
Methylibium	PDAC_060	0.3358010504694855	0.01604726964224361	positive	False
Methylibium	PDAC_061	0.3393171982551528	0.013319499552261688	positive	False
Methylibium	PDAC_062	0.3475590087754987	0.010260308567872614	positive	False
Novosphingobium	PDAC_001	-0.25767491115042246	8.8695312757338e-06	negative	False
Novosphingobium	PDAC_002	-0.2535568876905533	1.4342420549731755e-05	negative	False
Novosphingobium	PDAC_003	-0.25565462105058695	1.1584124011116949e-05	negative	False
Novosphingobium	PDAC_004	-0.25914533231955444	8.323901857993519e-06	negative	False
Novosphingobium	PDAC_005	-0.27676008125871937	1.1931880951719756e-06	negative	False
Novosphingobium	PDAC_006	-0.2562210996759552	1.0587583429396285e-05	negative	False
Novosphingobium	PDAC_007	-0.2561399537550957	1.0920569602864543e-05	negative	False
Novosphingobium	PDAC_008	-0.25734685715678973	1.3244785246280579e-05	negative	False
Novosphingobium	PDAC_009	-0.2612125441517309	8.678669066461555e-06	negative	False
Novosphingobium	PDAC_010	-0.2513110783484597	2.0729152240506528e-05	negative	False
Novosphingobium	PDAC_011	-0.2532693899482578	1.1685941957809258e-05	negative	False
Novosphingobium	PDAC_012	-0.2628416752187942	6.548757856846087e-06	negative	False
Novosphingobium	PDAC_013	-0.2586455125332471	1.219195443874073e-05	negative	False
Novosphingobium	PDAC_014	-0.2575459616966024	8.980086504132694e-06	negative	False
Novosphingobium	PDAC_015	-0.25703885175650587	9.059473879828675e-06	negative	False
Novosphingobium	PDAC_016	-0.25655376798434404	1.0682461900686043e-05	negative	False
Novosphingobium	PDAC_017	-0.25786392133848385	9.522551351003715e-06	negative	False
Novosphingobium	PDAC_018	-0.2577388780176399	9.750574835943461e-06	negative	False
Novosphingobium	PDAC_019	-0.24848353578312035	1.8991906620373558e-05	negative	False
Novosphingobium	PDAC_020	-0.25647843342873394	2.1793810128242884e-05	negative	False
Novosphingobium	PDAC_021	-0.25293156287891805	1.4375297730933115e-05	negative	False
Novosphingobium	PDAC_022	-0.25680569105206136	1.017500480902229e-05	negative	False
Novosphingobium	PDAC_023	-0.25973602342972985	1.0527663439664399e-05	negative	False
Novosphingobium	PDAC_024	-0.2597055287652804	7.636756567442202e-06	negative	False
Novosphingobium	PDAC_025	-0.25906435389878535	7.938988534786388e-06	negative	False
Novosphingobium	PDAC_026	-0.25630602011066395	1.0027255360471122e-05	negative	False
Novosphingobium	PDAC_027	-0.2567025426951365	9.750956664010681e-06	negative	False
Novosphingobium	PDAC_028	-0.2527389388401464	2.3553686615364255e-05	negative	False
Novosphingobium	PDAC_029	-0.25746167606614734	8.766793923043813e-06	negative	False
Novosphingobium	PDAC_030	-0.2556443441222241	1.1801213234806387e-05	negative	False
Novosphingobium	PDAC_031	-0.2577769871626869	8.827044888590302e-06	negative	False
Novosphingobium	PDAC_032	-0.26879914520822756	3.2318992282062048e-06	negative	False
Novosphingobium	PDAC_033	-0.2588609217833957	8.081587292803706e-06	negative	False
Novosphingobium	PDAC_034	-0.28619825264618187	5.2060927081343524e-08	negative	False
Novosphingobium	PDAC_035	-0.25705401260643806	9.215910164929729e-06	negative	False
Novosphingobium	PDAC_036	-0.25415940957022715	1.2989501652368451e-05	negative	False
Novosphingobium	PDAC_037	-0.2510796483630937	1.4925231425828998e-05	negative	False
Novosphingobium	PDAC_038	-0.2587766223404008	1.2883896319965057e-05	negative	False
Novosphingobium	PDAC_039	-0.2565391996632508	1.491929026288374e-05	negative	False
Novosphingobium	PDAC_040	-0.26107057315099924	8.169893351326312e-06	negative	False
Novosphingobium	PDAC_041	-0.26205154795908564	7.306502180425765e-06	negative	False
Novosphingobium	PDAC_042	-0.2567661265262156	1.0144685297705152e-05	negative	False
Novosphingobium	PDAC_043	-0.24950237259001548	4.193775370843313e-05	negative	False
Novosphingobium	PDAC_044	-0.2544978818656345	2.1622176718171747e-05	negative	False
Novosphingobium	PDAC_045	-0.24608042813809147	2.026051205879945e-05	negative	False
Novosphingobium	PDAC_046	-0.2558535035834056	1.020657637518537e-05	negative	False
Novosphingobium	PDAC_047	-0.25652252285263827	2.5210743415860255e-05	negative	False
Novosphingobium	PDAC_048	-0.2555554745511085	1.1034978616149676e-05	negative	False
Novosphingobium	PDAC_049	-0.2528270552987255	2.5852389843589474e-05	negative	False
Novosphingobium	PDAC_050	-0.2590802133491013	1.3160859199979e-05	negative	False
Novosphingobium	PDAC_051	-0.25907989896791755	1.0885524753473306e-05	negative	False
Novosphingobium	PDAC_052	-0.2852077506777795	7.783661689135983e-08	negative	False
Novosphingobium	PDAC_053	-0.25793343058571816	8.933539101844172e-06	negative	False
Novosphingobium	PDAC_054	-0.2551075575928791	2.1264760631975928e-05	negative	False
Novosphingobium	PDAC_055	-0.25372819860860335	1.5504899905887766e-05	negative	False
Novosphingobium	PDAC_056	-0.25925836976248257	1.1597839353144224e-05	negative	False
Novosphingobium	PDAC_057	-0.2506184198513448	1.925622468362868e-05	negative	False
Novosphingobium	PDAC_058	-0.2556660624157792	1.5989482887211322e-05	negative	False
Novosphingobium	PDAC_059	-0.2595125711646873	8.188062200421851e-06	negative	False
Novosphingobium	PDAC_060	-0.2613972568031216	1.4701306069136236e-05	negative	False
Novosphingobium	PDAC_061	-0.2522566401622588	1.6942726078865243e-05	negative	False
Novosphingobium	PDAC_062	-0.2577075964186192	8.970758708038395e-06	negative	False
Pseudoxanthomonas	PDAC_001	0.24055780163517143	0.18824837755783366	positive	False
Pseudoxanthomonas	PDAC_002	0.23737139734739546	0.19615361986478919	positive	False
Pseudoxanthomonas	PDAC_003	0.23184178068234315	0.20472686880651922	positive	False
Pseudoxanthomonas	PDAC_004	0.2352156794496757	0.19730909538989957	positive	False
Pseudoxanthomonas	PDAC_005	0.22728725145971337	0.2211495848899774	positive	False
Pseudoxanthomonas	PDAC_006	0.23710768937575216	0.19407566491410805	positive	False
Pseudoxanthomonas	PDAC_007	0.2346429776233603	0.19900206674222745	positive	False
Pseudoxanthomonas	PDAC_008	0.24121562408835195	0.19043317338643814	positive	False
Pseudoxanthomonas	PDAC_009	0.22639848334749427	0.21610482036205128	positive	False
Pseudoxanthomonas	PDAC_010	0.23967934262883164	0.19746943242521556	positive	False
Pseudoxanthomonas	PDAC_011	0.238006931349653	0.1922040068373864	positive	False
Pseudoxanthomonas	PDAC_012	0.24901455152222496	0.17158379715424985	positive	False
Pseudoxanthomonas	PDAC_013	0.23651538035315547	0.1993963380907481	positive	False
Pseudoxanthomonas	PDAC_014	0.23635168701660414	0.1952830121678547	positive	False
Pseudoxanthomonas	PDAC_015	0.2370241894983442	0.19419213997269402	positive	False
Pseudoxanthomonas	PDAC_016	0.2312250795638686	0.20544007600861744	positive	False
Pseudoxanthomonas	PDAC_017	0.25218051757297966	0.16563238195985447	positive	False
Pseudoxanthomonas	PDAC_018	0.246956447261112	0.18118998958692814	positive	False
Pseudoxanthomonas	PDAC_019	0.24117434545389016	0.19231127913642923	positive	False
Pseudoxanthomonas	PDAC_020	0.2323719988304993	0.21645067537600443	positive	False
Pseudoxanthomonas	PDAC_021	0.23319889412640182	0.20379412544157663	positive	False
Pseudoxanthomonas	PDAC_022	0.2604137667092899	0.15027914554336452	positive	False
Pseudoxanthomonas	PDAC_023	0.23335754565457364	0.20419589684314568	positive	False
Pseudoxanthomonas	PDAC_024	0.23941840148118285	0.1915348516255703	positive	False
Pseudoxanthomonas	PDAC_025	0.23884463024813035	0.19186068981244364	positive	False
Pseudoxanthomonas	PDAC_026	0.23585712986245458	0.1960857652104458	positive	False
Pseudoxanthomonas	PDAC_027	0.23489107586667118	0.1978677184013663	positive	False
Pseudoxanthomonas	PDAC_028	0.24104226149151114	0.19817916705369995	positive	False
Pseudoxanthomonas	PDAC_029	0.23739447499161737	0.19367215384978845	positive	False
Pseudoxanthomonas	PDAC_030	0.23180764937718906	0.20503672195836037	positive	False
Pseudoxanthomonas	PDAC_031	0.23813624379193768	0.19241986763530167	positive	False
Pseudoxanthomonas	PDAC_032	0.2382998259262761	0.20059849319519568	positive	False
Pseudoxanthomonas	PDAC_033	0.23914257149858092	0.19131778904207802	positive	False
Pseudoxanthomonas	PDAC_034	0.2657866758850282	0.17164294583293596	positive	False
Pseudoxanthomonas	PDAC_035	0.23692291609209418	0.19421069331377855	positive	False
Pseudoxanthomonas	PDAC_036	0.2361072242956599	0.19735786106298975	positive	False
Pseudoxanthomonas	PDAC_037	0.2383462324316654	0.19388763275626544	positive	False
Pseudoxanthomonas	PDAC_038	0.2302077127795159	0.21259573250562566	positive	False
Pseudoxanthomonas	PDAC_039	0.23647641500243993	0.20085785732878417	positive	False
Pseudoxanthomonas	PDAC_040	0.22875542075595826	0.2105637899487441	positive	False
Pseudoxanthomonas	PDAC_041	0.22898349849516217	0.20974982435854453	positive	False
Pseudoxanthomonas	PDAC_042	0.25064843856985536	0.17299932969558104	positive	False
Pseudoxanthomonas	PDAC_043	0.2108042560022939	0.2932267555419354	positive	False
Pseudoxanthomonas	PDAC_044	0.2517863843995066	0.19291008508811697	positive	False
Pseudoxanthomonas	PDAC_045	0.2875540703988249	0.11542551280117673	positive	False
Pseudoxanthomonas	PDAC_046	0.2255635331102786	0.21908958274858853	positive	False
Pseudoxanthomonas	PDAC_047	0.24311938483447285	0.21877177574538761	positive	False
Pseudoxanthomonas	PDAC_048	0.23088358458026023	0.20842957838507292	positive	False
Pseudoxanthomonas	PDAC_049	0.12138745054155578	0.4168044537927773	positive	False
Pseudoxanthomonas	PDAC_050	0.24239947337149148	0.20401261501529344	positive	False
Pseudoxanthomonas	PDAC_051	0.26983171625366753	0.14383367304801795	positive	False
Pseudoxanthomonas	PDAC_052	0.25048397232951	0.1756185775413548	positive	False
Pseudoxanthomonas	PDAC_053	0.2376881647583348	0.1933879343826899	positive	False
Pseudoxanthomonas	PDAC_054	0.21979796083440065	0.2568060167755955	positive	False
Pseudoxanthomonas	PDAC_055	0.23462269891285403	0.2145426513927512	positive	False
Pseudoxanthomonas	PDAC_056	0.27138996483161065	0.14307313261141485	positive	False
Pseudoxanthomonas	PDAC_057	0.2865341541972492	0.11644716574759836	positive	False
Pseudoxanthomonas	PDAC_058	0.2846287382842816	0.11990747981191213	positive	False
Pseudoxanthomonas	PDAC_059	0.2379762692075431	0.19230504356255249	positive	False
Pseudoxanthomonas	PDAC_060	0.17768400110801033	0.33609290218894294	positive	False
Pseudoxanthomonas	PDAC_061	0.19336138746075485	0.2951549486396157	positive	False
Pseudoxanthomonas	PDAC_062	0.23813003934892174	0.19225561432384453	positive	False
Burkholderia	PDAC_001	-0.1691941626533051	0.004456473240744198	negative	False
Burkholderia	PDAC_002	-0.16885816592110212	0.004973708123097658	negative	False
Burkholderia	PDAC_003	-0.16803147613174524	0.0048993237714501925	negative	False
Burkholderia	PDAC_004	-0.16951636047956306	0.004359409628933368	negative	False
Burkholderia	PDAC_005	-0.18302932608303524	0.0020511219660537343	negative	False
Burkholderia	PDAC_006	-0.16586985273040705	0.005234912235797586	negative	False
Burkholderia	PDAC_007	-0.17056185119702855	0.004266613659361019	negative	False
Burkholderia	PDAC_008	-0.16624533236627093	0.005826186532645688	negative	False
Burkholderia	PDAC_009	-0.17010165760125004	0.004569714937796242	negative	False
Burkholderia	PDAC_010	-0.16793797539149574	0.005958182792383297	negative	False
Burkholderia	PDAC_011	-0.16423122437874377	0.005510839227486488	negative	False
Burkholderia	PDAC_012	-0.17534343132388325	0.003178021953465487	negative	False
Burkholderia	PDAC_013	-0.17062891793568827	0.0047355837641964195	negative	False
Burkholderia	PDAC_014	-0.1677947664789991	0.0046400119508398455	negative	False
Burkholderia	PDAC_015	-0.16785973668178134	0.004590636071473352	negative	False
Burkholderia	PDAC_016	-0.16694920654346196	0.005063248644541606	negative	False
Burkholderia	PDAC_017	-0.17164065298472997	0.003969166327485988	negative	False
Burkholderia	PDAC_018	-0.1698617814807591	0.0044709682197827325	negative	False
Burkholderia	PDAC_019	-0.15860539246295544	0.007702839750468386	negative	False
Burkholderia	PDAC_020	-0.16981614821110272	0.006051875769372037	negative	False
Burkholderia	PDAC_021	-0.17895319410429592	0.0025799267179712343	negative	False
Burkholderia	PDAC_022	-0.16906514944733508	0.004537358500899765	negative	False
Burkholderia	PDAC_023	-0.17220537132550717	0.004206204471374807	negative	False
Burkholderia	PDAC_024	-0.17602456857419205	0.0027648622468528293	negative	False
Burkholderia	PDAC_025	-0.16992993792064404	0.004148830634736945	negative	False
Burkholderia	PDAC_026	-0.16367409135488328	0.005539965379166568	negative	False
Burkholderia	PDAC_027	-0.16658319234297025	0.00496230563744783	negative	False
Burkholderia	PDAC_028	-0.16612769065316893	0.006916716393138559	negative	False
Burkholderia	PDAC_029	-0.16851534534725943	0.0045267184307335165	negative	False
Burkholderia	PDAC_030	-0.17584891337993075	0.0031530499340902594	negative	False
Burkholderia	PDAC_031	-0.16849737259917844	0.004525750644967871	negative	False
Burkholderia	PDAC_032	-0.17447736566017344	0.0034671163295478813	negative	False
Burkholderia	PDAC_033	-0.16820289227902566	0.004631289432680072	negative	False
Burkholderia	PDAC_034	-0.20190376895472123	5.8039761634725135e-05	negative	False
Burkholderia	PDAC_035	-0.16849376568461621	0.004532626152915312	negative	False
Burkholderia	PDAC_036	-0.16544424433770716	0.005584961564270398	negative	False
Burkholderia	PDAC_037	-0.16966699617157946	0.004726304485731314	negative	False
Burkholderia	PDAC_038	-0.1778020412580002	0.0030544257685847847	negative	False
Burkholderia	PDAC_039	-0.15042847780655247	0.008295557901175768	negative	False
Burkholderia	PDAC_040	-0.1681274395849789	0.0048797454118705355	negative	False
Burkholderia	PDAC_041	-0.1583739133022895	0.006671436928413413	negative	False
Burkholderia	PDAC_042	-0.17100970498989923	0.0041176726543674675	negative	False
Burkholderia	PDAC_043	-0.16136268431844394	0.011270648653459621	negative	False
Burkholderia	PDAC_044	-0.17043678436534562	0.006005959403922228	negative	False
Burkholderia	PDAC_045	-0.15442311629334501	0.009290368299392357	negative	False
Burkholderia	PDAC_046	-0.16758981456825908	0.004818034135587204	negative	False
Burkholderia	PDAC_047	-0.16122442115507127	0.009818815064304745	negative	False
Burkholderia	PDAC_048	-0.16818206285113307	0.0046367691703057086	negative	False
Burkholderia	PDAC_049	-0.16037809549208026	0.00947711533836232	negative	False
Burkholderia	PDAC_050	-0.15879169016261938	0.008437841678683576	negative	False
Burkholderia	PDAC_051	-0.1695018484872824	0.005091714094720374	negative	False
Burkholderia	PDAC_052	-0.1751668805915608	0.003887500119243772	negative	False
Burkholderia	PDAC_053	-0.16860284978411402	0.0045697913507393	negative	False
Burkholderia	PDAC_054	-0.15502124217543603	0.010055791009061881	negative	False
Burkholderia	PDAC_055	-0.1681859528144142	0.005583528564767137	negative	False
Burkholderia	PDAC_056	-0.17448157209787085	0.00391396678310266	negative	False
Burkholderia	PDAC_057	-0.15655989457877922	0.00882908345093351	negative	False
Burkholderia	PDAC_058	-0.17127722632132744	0.005038201273285017	negative	False
Burkholderia	PDAC_059	-0.1704139329470622	0.004223024939297427	negative	False
Burkholderia	PDAC_060	-0.16793324528401005	0.0070082736340426844	negative	False
Burkholderia	PDAC_061	-0.16695748043318612	0.006035948358973732	negative	False
Burkholderia	PDAC_062	-0.1683835759927286	0.004599392912481192	negative	False
Rhizobacter	PDAC_001	0.15160228228492903	0.3264255810590687	positive	False
Rhizobacter	PDAC_002	0.1505194037235059	0.3356691475601439	positive	False
Rhizobacter	PDAC_003	0.1458057181907788	0.34728318068941444	positive	False
Rhizobacter	PDAC_004	0.15027510574794103	0.3306025442819378	positive	False
Rhizobacter	PDAC_005	0.20249490940781736	0.17834126899974428	positive	False
Rhizobacter	PDAC_006	0.15148825612399044	0.32875633642003366	positive	False
Rhizobacter	PDAC_007	0.14884089049302948	0.3372988248740426	positive	False
Rhizobacter	PDAC_008	0.15376923235424766	0.3278296408084851	positive	False
Rhizobacter	PDAC_009	0.1752370115080559	0.258219154697762	positive	False
Rhizobacter	PDAC_010	0.15090301741581616	0.34193693574714146	positive	False
Rhizobacter	PDAC_011	0.15254076595892366	0.3252076303047192	positive	False
Rhizobacter	PDAC_012	0.16417617316481273	0.2903170180757393	positive	False
Rhizobacter	PDAC_013	0.14907910660884585	0.3422728585047282	positive	False
Rhizobacter	PDAC_014	0.1514657983679024	0.3271555303508341	positive	False
Rhizobacter	PDAC_015	0.1522098999039716	0.3249904255535243	positive	False
Rhizobacter	PDAC_016	0.14542814480989338	0.3476409542854946	positive	False
Rhizobacter	PDAC_017	0.16552471391342571	0.2862404725633868	positive	False
Rhizobacter	PDAC_018	0.16229472422852104	0.2977075091589195	positive	False
Rhizobacter	PDAC_019	0.15311853908204584	0.3321889692968686	positive	False
Rhizobacter	PDAC_020	0.14217077873883016	0.3747507129571923	positive	False
Rhizobacter	PDAC_021	0.14645961009922154	0.3477362860428076	positive	False
Rhizobacter	PDAC_022	0.1474449127269952	0.3407756000572474	positive	False
Rhizobacter	PDAC_023	0.14635360838098546	0.3490330754408689	positive	False
Rhizobacter	PDAC_024	0.15484718117315116	0.31798452542507666	positive	False
Rhizobacter	PDAC_025	0.15423005299912612	0.319276453627493	positive	False
Rhizobacter	PDAC_026	0.15059180019401708	0.3305689838758641	positive	False
Rhizobacter	PDAC_027	0.14968473031098176	0.3331045578251657	positive	False
Rhizobacter	PDAC_028	0.15126413574917538	0.3449590126501142	positive	False
Rhizobacter	PDAC_029	0.152629400563328	0.3238745714688721	positive	False
Rhizobacter	PDAC_030	0.17965987830690658	0.24379770958836355	positive	False
Rhizobacter	PDAC_031	0.15161944957574558	0.329857124458508	positive	False
Rhizobacter	PDAC_032	0.15347311714893339	0.32889303799843805	positive	False
Rhizobacter	PDAC_033	0.1545315687367698	0.31826071640590875	positive	False
Rhizobacter	PDAC_034	0.1779511304519345	0.2757600435863624	positive	False
Rhizobacter	PDAC_035	0.1520110995840875	0.32578258011879113	positive	False
Rhizobacter	PDAC_036	0.14974451677662626	0.33634254511220907	positive	False
Rhizobacter	PDAC_037	0.1516553417326592	0.3316038734201616	positive	False
Rhizobacter	PDAC_038	0.142379878309386	0.36440453867632494	positive	False
Rhizobacter	PDAC_039	0.14857482290550683	0.34562996884810515	positive	False
Rhizobacter	PDAC_040	0.14271301225994237	0.3567258024377111	positive	False
Rhizobacter	PDAC_041	0.16945408251030414	0.2746420065418762	positive	False
Rhizobacter	PDAC_042	0.16603800457764162	0.28437880906242796	positive	False
Rhizobacter	PDAC_043	0.22589654601062778	0.11853134491933262	positive	False
Rhizobacter	PDAC_044	0.12666404665435954	0.4320766711699141	positive	False
Rhizobacter	PDAC_045	0.13662833238327685	0.39455374139522015	positive	False
Rhizobacter	PDAC_046	0.1604766508508177	0.2987632563339155	positive	False
Rhizobacter	PDAC_047	0.11538284092350555	0.4739678185614028	positive	False
Rhizobacter	PDAC_048	0.15589449073030617	0.31224296507071564	positive	False
Rhizobacter	PDAC_049	0.11676333659856658	0.4661517517895212	positive	False
Rhizobacter	PDAC_050	0.1439891838482633	0.37028932774695367	positive	False
Rhizobacter	PDAC_051	0.18457290534408152	0.23276133668842003	positive	False
Rhizobacter	PDAC_052	0.1778715714320744	0.25618337215222203	positive	False
Rhizobacter	PDAC_053	0.15308964613009365	0.32441951822796256	positive	False
Rhizobacter	PDAC_054	0.1329163025303019	0.41290061095923625	positive	False
Rhizobacter	PDAC_055	0.13369253599806258	0.39865428194441377	positive	False
Rhizobacter	PDAC_056	0.11914058324296853	0.44579771923931	positive	False
Rhizobacter	PDAC_057	0.14093383060352221	0.3797095705267286	positive	False
Rhizobacter	PDAC_058	0.12021645862213931	0.4449853674583685	positive	False
Rhizobacter	PDAC_059	0.15500343911665346	0.3178421178771514	positive	False
Rhizobacter	PDAC_060	0.10904272342943944	0.488155853491432	positive	False
Rhizobacter	PDAC_061	0.19728811859804826	0.19398748011070302	positive	False
Rhizobacter	PDAC_062	0.15341069986088407	0.3201367336489399	positive	False
Sphingomonas	PDAC_001	-0.19614528661241726	0.0018800850931130072	negative	False
Sphingomonas	PDAC_002	-0.1915307565805243	0.0025884270774014406	negative	False
Sphingomonas	PDAC_003	-0.19377911984534837	0.0022301761765840394	negative	False
Sphingomonas	PDAC_004	-0.19541850392883392	0.0019411836552583942	negative	False
Sphingomonas	PDAC_005	-0.20820304163522593	0.0011082034100399984	negative	False
Sphingomonas	PDAC_006	-0.18890359362397674	0.0025713623118351165	negative	False
Sphingomonas	PDAC_007	-0.1975745405417622	0.0018351433031643443	negative	False
Sphingomonas	PDAC_008	-0.1875492482891719	0.003054836293350363	negative	False
Sphingomonas	PDAC_009	-0.20102573701193385	0.0015848061553872014	negative	False
Sphingomonas	PDAC_010	-0.18051711844539947	0.0037397896595452954	negative	False
Sphingomonas	PDAC_011	-0.19249664693291954	0.002256250826069052	negative	False
Sphingomonas	PDAC_012	-0.20089111627829662	0.0014940229192068409	negative	False
Sphingomonas	PDAC_013	-0.19093146784068035	0.002767797976384322	negative	False
Sphingomonas	PDAC_014	-0.19538749459752452	0.0019391655392243731	negative	False
Sphingomonas	PDAC_015	-0.19539723769418646	0.0019308397177461183	negative	False
Sphingomonas	PDAC_016	-0.19569672872855856	0.002013697680770197	negative	False
Sphingomonas	PDAC_017	-0.1981466994163313	0.0017475622705458171	negative	False
Sphingomonas	PDAC_018	-0.20123242518135925	0.0014941219140390705	negative	False
Sphingomonas	PDAC_019	-0.1842530426770658	0.003418353394709952	negative	False
Sphingomonas	PDAC_020	-0.2030238324367212	0.0019078558531908196	negative	False
Sphingomonas	PDAC_021	-0.19538235669882772	0.002193393836530982	negative	False
Sphingomonas	PDAC_022	-0.19540552412190074	0.0020082094795074125	negative	False
Sphingomonas	PDAC_023	-0.1965274371018835	0.00212135974205886	negative	False
Sphingomonas	PDAC_024	-0.197501733677795	0.0017584007495813514	negative	False
Sphingomonas	PDAC_025	-0.19676960721899192	0.001814693318592191	negative	False
Sphingomonas	PDAC_026	-0.19495818155462685	0.0020132867456755096	negative	False
Sphingomonas	PDAC_027	-0.19593976417119305	0.0019194263075859757	negative	False
Sphingomonas	PDAC_028	-0.19645071419577642	0.002691691289799666	negative	False
Sphingomonas	PDAC_029	-0.19581140201179206	0.001897464913075028	negative	False
Sphingomonas	PDAC_030	-0.19796262401804743	0.0018434110678601447	negative	False
Sphingomonas	PDAC_031	-0.19566667668392812	0.0019314285495368162	negative	False
Sphingomonas	PDAC_032	-0.2104190812181312	0.0007272198036897325	negative	False
Sphingomonas	PDAC_033	-0.19650412388076455	0.001843149508786096	negative	False
Sphingomonas	PDAC_034	-0.22043710895203272	0.00031222631752983606	negative	False
Sphingomonas	PDAC_035	-0.19344579811356394	0.0021036685537951325	negative	False
Sphingomonas	PDAC_036	-0.18918768809661565	0.0026895478874566234	negative	False
Sphingomonas	PDAC_037	-0.19144011917697032	0.002564297115776579	negative	False
Sphingomonas	PDAC_038	-0.20494893498423308	0.0013415156310953276	negative	False
Sphingomonas	PDAC_039	-0.19353572735301958	0.0026113010564643804	negative	False
Sphingomonas	PDAC_040	-0.1995502246872831	0.001672760066608864	negative	False
Sphingomonas	PDAC_041	-0.20156054830220935	0.00145805811779237	negative	False
Sphingomonas	PDAC_042	-0.19615908833571877	0.0019804351809571937	negative	False
Sphingomonas	PDAC_043	-0.1840672399172363	0.005649753588062464	negative	False
Sphingomonas	PDAC_044	-0.19034687055164803	0.0036689878145312865	negative	False
Sphingomonas	PDAC_045	-0.18369137465635849	0.003849051266818801	negative	False
Sphingomonas	PDAC_046	-0.19257956740893362	0.00226915998993545	negative	False
Sphingomonas	PDAC_047	-0.18586993127138957	0.00468701625700558	negative	False
Sphingomonas	PDAC_048	-0.1948319769030727	0.002029820947733116	negative	False
Sphingomonas	PDAC_049	-0.18905495765771682	0.004070506460986819	negative	False
Sphingomonas	PDAC_050	-0.19743319363353118	0.002389142014221629	negative	False
Sphingomonas	PDAC_051	-0.19783096209529344	0.002090279611888273	negative	False
Sphingomonas	PDAC_052	-0.2172234225411333	0.000380059430685381	negative	False
Sphingomonas	PDAC_053	-0.19600692755221427	0.0019033887268213386	negative	False
Sphingomonas	PDAC_054	-0.18847475089544918	0.0038951677565287764	negative	False
Sphingomonas	PDAC_055	-0.1926610777737833	0.002742967744248469	negative	False
Sphingomonas	PDAC_056	-0.19940835080676106	0.0020011005719309974	negative	False
Sphingomonas	PDAC_057	-0.19023887853731594	0.003223214392218496	negative	False
Sphingomonas	PDAC_058	-0.20072521555291703	0.0019552331498860417	negative	False
Sphingomonas	PDAC_059	-0.19651288278956477	0.00185075892167709	negative	False
Sphingomonas	PDAC_060	-0.21765759094319428	0.0004412336750014759	negative	False
Sphingomonas	PDAC_061	-0.18138667530875713	0.0037161341204896108	negative	False
Sphingomonas	PDAC_062	-0.19547586682900542	0.0019893033668425516	negative	False
Diaphorobacter	PDAC_001	0.04747108414032419	0.8504361621117259	positive	False
Diaphorobacter	PDAC_002	0.01293513117503975	0.9592869292237581	positive	False
Diaphorobacter	PDAC_003	0.016896544847184773	0.9465218242388257	positive	False
Diaphorobacter	PDAC_004	0.03788464418211154	0.880102147235936	positive	False
Diaphorobacter	PDAC_005	0.08946669492838102	0.7274927285162165	positive	False
Diaphorobacter	PDAC_006	0.027821996116075786	0.9121167429067432	positive	False
Diaphorobacter	PDAC_007	0.07119698914991443	0.7779466093354037	positive	False
Diaphorobacter	PDAC_008	0.010667011959046029	0.9665734961411063	positive	False
Diaphorobacter	PDAC_009	0.06506122358279214	0.7982540749425607	positive	False
Diaphorobacter	PDAC_010	0.10978910246468433	0.6628784558943247	positive	False
Diaphorobacter	PDAC_011	0.0310281985032553	0.9019972071332294	positive	False
Diaphorobacter	PDAC_012	0.05636302249134067	0.8235788916870338	positive	False
Diaphorobacter	PDAC_013	0.09449349872385832	0.7083129429734001	positive	False
Diaphorobacter	PDAC_014	0.0403029324416765	0.8725166351181678	positive	False
Diaphorobacter	PDAC_015	0.04756557435667756	0.8501661904415603	positive	False
Diaphorobacter	PDAC_016	0.06493630127306581	0.7973946474559472	positive	False
Diaphorobacter	PDAC_017	0.06089378963214245	0.8095085035059533	positive	False
Diaphorobacter	PDAC_018	0.022355374026325817	0.9292645843668521	positive	False
Diaphorobacter	PDAC_019	0.004815797316818378	0.984937069161494	positive	False
Diaphorobacter	PDAC_020	0.12894983894457782	0.6035023289815364	positive	False
Diaphorobacter	PDAC_021	0.009985203350275897	0.9684739321215882	positive	False
Diaphorobacter	PDAC_022	0.0676506674939433	0.7886020396766562	positive	False
Diaphorobacter	PDAC_023	0.007308178278167353	0.9769429510284391	positive	False
Diaphorobacter	PDAC_024	0.05550107192244738	0.8249060244060296	positive	False
Diaphorobacter	PDAC_025	0.05182300774733948	0.8363653534928968	positive	False
Diaphorobacter	PDAC_026	0.06128932786680162	0.8079971581394685	positive	False
Diaphorobacter	PDAC_027	0.059906299793205726	0.8122273385207113	positive	False
Diaphorobacter	PDAC_028	-0.010117889981290333	0.9684767869520161	negative	False
Diaphorobacter	PDAC_029	0.044582771270689076	0.8590684392989819	positive	False
Diaphorobacter	PDAC_030	0.015384136829089812	0.9513194475769353	positive	False
Diaphorobacter	PDAC_031	0.047300727585200326	0.8504966805079855	positive	False
Diaphorobacter	PDAC_032	0.07028653114223099	0.780090979824765	positive	False
Diaphorobacter	PDAC_033	0.03889611001526722	0.8771832886500384	positive	False
Diaphorobacter	PDAC_034	0.1254480831598718	0.6132021616450859	positive	False
Diaphorobacter	PDAC_035	0.04025511449736846	0.8727051305638951	positive	False
Diaphorobacter	PDAC_036	0.017165519037168266	0.9458538183879468	positive	False
Diaphorobacter	PDAC_037	0.015664762679248777	0.9507024934050458	positive	False
Diaphorobacter	PDAC_038	0.07575338078358494	0.7678641018433311	positive	False
Diaphorobacter	PDAC_039	0.0015518749837412852	0.9951260398508219	positive	False
Diaphorobacter	PDAC_040	0.07362733603434224	0.7707920485660684	positive	False
Diaphorobacter	PDAC_041	0.0668504104569897	0.791531968168235	positive	False
Diaphorobacter	PDAC_042	0.04380521585689854	0.8620970476761146	positive	False
Diaphorobacter	PDAC_043	0.030289085245816274	0.9106835421824837	positive	False
Diaphorobacter	PDAC_044	0.022780314047752912	0.9302922102685419	positive	False
Diaphorobacter	PDAC_045	0.027890882334497477	0.9138581767357916	positive	False
Diaphorobacter	PDAC_046	0.04136835791627544	0.8693613265790463	positive	False
Diaphorobacter	PDAC_047	0.04347792794946748	0.8698441180950359	positive	False
Diaphorobacter	PDAC_048	0.04476263073276051	0.8586735761699772	positive	False
Diaphorobacter	PDAC_049	0.004624322118187889	0.9857885112516748	positive	False
Diaphorobacter	PDAC_050	0.03760525675886155	0.884060452259696	positive	False
Diaphorobacter	PDAC_051	0.1091126043021059	0.6571162328477633	positive	False
Diaphorobacter	PDAC_052	0.048952957496778235	0.8507372577343968	positive	False
Diaphorobacter	PDAC_053	0.045618247919275136	0.8560731587684663	positive	False
Diaphorobacter	PDAC_054	0.029087640166511664	0.911291565207009	positive	False
Diaphorobacter	PDAC_055	0.03868424890731436	0.8798419630941481	positive	False
Diaphorobacter	PDAC_056	0.027345913881059943	0.914870143991559	positive	False
Diaphorobacter	PDAC_057	0.028253716589647985	0.9125678851800001	positive	False
Diaphorobacter	PDAC_058	0.00709232048044509	0.9777936825955994	positive	False
Diaphorobacter	PDAC_059	0.04829619965962948	0.8478908224313011	positive	False
Diaphorobacter	PDAC_060	-0.010127487446704997	0.9683697469883303	negative	False
Diaphorobacter	PDAC_061	0.12568417136233306	0.6024411648558563	positive	False
Diaphorobacter	PDAC_062	0.044846070053330744	0.8585513741825792	positive	False
Fusobacterium	PDAC_001	0.43547758187698826	0.05855542250511078	positive	False
Fusobacterium	PDAC_002	0.4326875604082946	0.06197300223658036	positive	False
Fusobacterium	PDAC_003	0.42780011142165975	0.06346474851820334	positive	False
Fusobacterium	PDAC_004	0.43367066820690414	0.059464780162406534	positive	False
Fusobacterium	PDAC_005	0.4224363112941518	0.07129880233458583	positive	False
Fusobacterium	PDAC_006	0.4336667917875812	0.0597914232325024	positive	False
Fusobacterium	PDAC_007	0.4585835909092328	0.04628126060750459	positive	False
Fusobacterium	PDAC_008	0.4363329946087262	0.06091894673570418	positive	False
Fusobacterium	PDAC_009	0.4219117978716293	0.0673677513777381	positive	False
Fusobacterium	PDAC_010	0.43483272756631824	0.06426725157352486	positive	False
Fusobacterium	PDAC_011	0.4348625208244201	0.05900943921903209	positive	False
Fusobacterium	PDAC_012	0.4431408254851482	0.05454489841308127	positive	False
Fusobacterium	PDAC_013	0.4316347619150067	0.06355436493416021	positive	False
Fusobacterium	PDAC_014	0.4350665258700385	0.0587444849655346	positive	False
Fusobacterium	PDAC_015	0.43613184690078394	0.058232778073331416	positive	False
Fusobacterium	PDAC_016	0.45169405825211334	0.050052108288343965	positive	False
Fusobacterium	PDAC_017	0.44212169546894553	0.0550818883015029	positive	False
Fusobacterium	PDAC_018	0.4528191543406269	0.051803527878659834	positive	False
Fusobacterium	PDAC_019	0.4362411806142305	0.06206698291442148	positive	False
Fusobacterium	PDAC_020	0.4280241751567696	0.07124996742480606	positive	False
Fusobacterium	PDAC_021	0.46985309770967276	0.04100353885262298	positive	False
Fusobacterium	PDAC_022	0.42967805089016703	0.06190061205702036	positive	False
Fusobacterium	PDAC_023	0.4286059055723779	0.06449399484161196	positive	False
Fusobacterium	PDAC_024	0.4412232161753706	0.05631010806032807	positive	False
Fusobacterium	PDAC_025	0.4315332375159133	0.06169531507211347	positive	False
Fusobacterium	PDAC_026	0.4331907082832715	0.05978705975645483	positive	False
Fusobacterium	PDAC_027	0.4323898050576333	0.06019130810534231	positive	False
Fusobacterium	PDAC_028	0.510377478046393	0.02264129983184261	positive	False
Fusobacterium	PDAC_029	0.4368189953018881	0.05793196231476607	positive	False
Fusobacterium	PDAC_030	0.42763709696770635	0.06371119059283921	positive	False
Fusobacterium	PDAC_031	0.4355403724323196	0.05913898632142436	positive	False
Fusobacterium	PDAC_032	0.4462369818662021	0.0569450910330556	positive	False
Fusobacterium	PDAC_033	0.44009623995013025	0.05657923390869674	positive	False
Fusobacterium	PDAC_034	0.39694307675221807	0.10326694146243699	positive	False
Fusobacterium	PDAC_035	0.4355108349087205	0.058503474001556456	positive	False
Fusobacterium	PDAC_036	0.43174241221667015	0.061750689204429166	positive	False
Fusobacterium	PDAC_037	0.43374920224059765	0.06112743994786765	positive	False
Fusobacterium	PDAC_038	0.42527822371659	0.06783907838865015	positive	False
Fusobacterium	PDAC_039	0.43154388733532095	0.06445740245151056	positive	False
Fusobacterium	PDAC_040	0.42470641778802254	0.06515381516314213	positive	False
Fusobacterium	PDAC_041	0.42518555698977556	0.0646442738073503	positive	False
Fusobacterium	PDAC_042	0.45560094338015716	0.04969164468505183	positive	False
Fusobacterium	PDAC_043	0.41673914190826183	0.09925539553481266	positive	False
Fusobacterium	PDAC_044	0.5168250034924956	0.02376328533970289	positive	False
Fusobacterium	PDAC_045	0.3741652188894664	0.10447554594178123	positive	False
Fusobacterium	PDAC_046	0.43884473134844976	0.05765200307328962	positive	False
Fusobacterium	PDAC_047	0.39266244168994047	0.10595426935046552	positive	False
Fusobacterium	PDAC_048	0.4244457614386286	0.06688152873561566	positive	False
Fusobacterium	PDAC_049	0.42824239263490527	0.08175231034297686	positive	False
Fusobacterium	PDAC_050	0.4996593680451687	0.030786596546699123	positive	False
Fusobacterium	PDAC_051	0.48156266523038915	0.03863065638672061	positive	False
Fusobacterium	PDAC_052	0.4408883395784592	0.06017899016466323	positive	False
Fusobacterium	PDAC_053	0.43656756586801676	0.05800499719539627	positive	False
Fusobacterium	PDAC_054	0.43840730314134946	0.07285251330713141	positive	False
Fusobacterium	PDAC_055	0.4432841822900837	0.06230877901952407	positive	False
Fusobacterium	PDAC_056	0.4849998330224134	0.03769360014009571	positive	False
Fusobacterium	PDAC_057	0.3772802961128307	0.10223885163311858	positive	False
Fusobacterium	PDAC_058	0.4133738670759226	0.08290767625356342	positive	False
Fusobacterium	PDAC_059	0.43528982584118586	0.05862006937011463	positive	False
Fusobacterium	PDAC_060	0.5203957843025351	0.022372585062861113	positive	False
Fusobacterium	PDAC_061	0.34893422708627286	0.11085855311608088	positive	False
Fusobacterium	PDAC_062	0.4355634854593281	0.05938785752800835	positive	False
Sphingobacterium	PDAC_001	-0.11857627260463316	0.43460641210881734	negative	False
Sphingobacterium	PDAC_002	-0.1217440356840131	0.4279913626658344	negative	False
Sphingobacterium	PDAC_003	-0.08493873480274443	0.5659501716727813	negative	False
Sphingobacterium	PDAC_004	-0.11982706321053989	0.4298889335055869	negative	False
Sphingobacterium	PDAC_005	-0.137408161084338	0.3756901994887998	negative	False
Sphingobacterium	PDAC_006	-0.11897919633462188	0.4344993289164709	negative	False
Sphingobacterium	PDAC_007	-0.12183559615553025	0.42414400003583663	negative	False
Sphingobacterium	PDAC_008	-0.11956665369108863	0.4384351300653271	negative	False
Sphingobacterium	PDAC_009	-0.10229582903681415	0.5006140839828415	negative	False
Sphingobacterium	PDAC_010	-0.1250800507788716	0.4227790194170663	negative	False
Sphingobacterium	PDAC_011	-0.11777645851752408	0.438683922629854	negative	False
Sphingobacterium	PDAC_012	-0.11552494205777225	0.4474481956524442	negative	False
Sphingobacterium	PDAC_013	-0.0667807695786721	0.6405537627190998	negative	False
Sphingobacterium	PDAC_014	-0.11866212276755533	0.43429903016444604	negative	False
Sphingobacterium	PDAC_015	-0.11797882915792023	0.4369008403581546	negative	False
Sphingobacterium	PDAC_016	-0.12524206190026493	0.4111580290126804	negative	False
Sphingobacterium	PDAC_017	-0.12469146278515965	0.41245349615042703	negative	False
Sphingobacterium	PDAC_018	-0.14971500513821082	0.3212405348048882	negative	False
Sphingobacterium	PDAC_019	-0.1213958350867012	0.433852759431978	negative	False
Sphingobacterium	PDAC_020	-0.13688552133318493	0.38368433069650276	negative	False
Sphingobacterium	PDAC_021	-0.12561145553120767	0.4128916394374087	negative	False
Sphingobacterium	PDAC_022	-0.12295570296952403	0.4191804234744504	negative	False
Sphingobacterium	PDAC_023	-0.12617522725535746	0.41171218570073775	negative	False
Sphingobacterium	PDAC_024	-0.11625031141963979	0.4444263017565625	negative	False
Sphingobacterium	PDAC_025	-0.11648624225334298	0.44305464954372076	negative	False
Sphingobacterium	PDAC_026	-0.1195746618052585	0.4313681790949647	negative	False
Sphingobacterium	PDAC_027	-0.12045021103049221	0.42790958267479906	negative	False
Sphingobacterium	PDAC_028	-0.1268605456625025	0.42013920695535767	negative	False
Sphingobacterium	PDAC_029	-0.11639771711582314	0.4437170386455177	negative	False
Sphingobacterium	PDAC_030	-0.08695124981006477	0.5583952452634058	negative	False
Sphingobacterium	PDAC_031	-0.11694495496037252	0.4409348816116063	negative	False
Sphingobacterium	PDAC_032	-0.12128786582299347	0.4307290764844536	negative	False
Sphingobacterium	PDAC_033	-0.11620616444206171	0.4441386437112157	negative	False
Sphingobacterium	PDAC_034	-0.11236829786444617	0.4877315532881227	negative	False
Sphingobacterium	PDAC_035	-0.11135647845966477	0.4626904810596185	negative	False
Sphingobacterium	PDAC_036	-0.12171615804511801	0.42638567874812816	negative	False
Sphingobacterium	PDAC_037	-0.12033438597306553	0.4327669417874016	negative	False
Sphingobacterium	PDAC_038	-0.13168579936102762	0.393874744156377	negative	False
Sphingobacterium	PDAC_039	-0.12563507271505975	0.41719072066392004	negative	False
Sphingobacterium	PDAC_040	-0.12827724707182692	0.400352706720303	negative	False
Sphingobacterium	PDAC_041	-0.10706900325860505	0.4804720137184336	negative	False
Sphingobacterium	PDAC_042	-0.10675823859836402	0.4827743667305102	negative	False
Sphingobacterium	PDAC_043	-0.17549442962552333	0.2510004742631689	negative	False
Sphingobacterium	PDAC_044	-0.1347908548190848	0.3970080282443378	negative	False
Sphingobacterium	PDAC_045	-0.13223955911418153	0.40039494350634985	negative	False
Sphingobacterium	PDAC_046	-0.11880244847990107	0.43475501449954335	negative	False
Sphingobacterium	PDAC_047	-0.13541668836779505	0.40236979323752187	negative	False
Sphingobacterium	PDAC_048	-0.11461869356853226	0.4499488738397084	negative	False
Sphingobacterium	PDAC_049	-0.07061934211532331	0.6387081907858393	negative	False
Sphingobacterium	PDAC_050	-0.1357363705830499	0.38627423513465164	negative	False
Sphingobacterium	PDAC_051	-0.09299615859534646	0.5415979882055462	negative	False
Sphingobacterium	PDAC_052	-0.10474211333268678	0.498138076060589	negative	False
Sphingobacterium	PDAC_053	-0.11737737105517097	0.4393414018260212	negative	False
Sphingobacterium	PDAC_054	-0.13736027041944493	0.387552713974486	negative	False
Sphingobacterium	PDAC_055	-0.13110749276521552	0.39949809471639053	negative	False
Sphingobacterium	PDAC_056	-0.09318205317396995	0.542872352205562	negative	False
Sphingobacterium	PDAC_057	-0.08039328749320152	0.5938777478182629	negative	False
Sphingobacterium	PDAC_058	-0.16065229109741325	0.2896586631747744	negative	False
Sphingobacterium	PDAC_059	-0.1166697251443694	0.44197305178747026	negative	False
Sphingobacterium	PDAC_060	-0.07631367261165911	0.6159302978789614	negative	False
Sphingobacterium	PDAC_061	-0.08195454798863214	0.5857888787335495	negative	False
Sphingobacterium	PDAC_062	-0.116930288084088	0.4409717976350601	negative	False
Alicycliphilus	PDAC_001	-0.03410300179752713	0.6467655917721795	negative	False
Alicycliphilus	PDAC_002	-0.03625355197392228	0.6357869081702697	negative	False
Alicycliphilus	PDAC_003	-0.02795610439329973	0.7116605703223544	negative	False
Alicycliphilus	PDAC_004	-0.03288353670791954	0.6598424026571663	negative	False
Alicycliphilus	PDAC_005	-0.03243465499565608	0.6795526146650315	negative	False
Alicycliphilus	PDAC_006	-0.07323712548190763	0.24250639651479305	negative	False
Alicycliphilus	PDAC_007	-0.029994144476545814	0.6911927189850327	negative	False
Alicycliphilus	PDAC_008	-0.014609581254061728	0.8447386874616254	negative	False
Alicycliphilus	PDAC_009	-0.032508213378705804	0.669956494405522	negative	False
Alicycliphilus	PDAC_010	-0.011841957728794355	0.8743081554498526	negative	False
Alicycliphilus	PDAC_011	-0.06722874754990389	0.3086317174377709	negative	False
Alicycliphilus	PDAC_012	-0.03441252511900675	0.647299001962131	negative	False
Alicycliphilus	PDAC_013	-0.02489189848803302	0.7454470808809142	negative	False
Alicycliphilus	PDAC_014	-0.03212501102920565	0.6677877167153088	negative	False
Alicycliphilus	PDAC_015	-0.03343920214917095	0.6541945246770124	negative	False
Alicycliphilus	PDAC_016	-0.03425242455649062	0.6500667733640708	negative	False
Alicycliphilus	PDAC_017	-0.03482049133116863	0.6431853838989018	negative	False
Alicycliphilus	PDAC_018	-0.03691277036761355	0.6180911688788888	negative	False
Alicycliphilus	PDAC_019	-0.024384416728440845	0.7521043074262114	negative	False
Alicycliphilus	PDAC_020	-0.04444029796868206	0.5743158461365047	negative	False
Alicycliphilus	PDAC_021	-0.027207002989066892	0.7212224767029412	negative	False
Alicycliphilus	PDAC_022	-0.03171268677119551	0.6736048406429729	negative	False
Alicycliphilus	PDAC_023	-0.03288686772289853	0.6683649895502329	negative	False
Alicycliphilus	PDAC_024	-0.037686675338973775	0.612232648836379	negative	False
Alicycliphilus	PDAC_025	-0.03410710892496661	0.6453258430999049	negative	False
Alicycliphilus	PDAC_026	-0.028577927859339904	0.7032999970993896	negative	False
Alicycliphilus	PDAC_027	-0.031418583892524665	0.6751880980476772	negative	False
Alicycliphilus	PDAC_028	-0.028632627540370083	0.7181625975499164	negative	False
Alicycliphilus	PDAC_029	-0.03391947370746604	0.6492692406758452	negative	False
Alicycliphilus	PDAC_030	-0.03212330479072637	0.6721092792425967	negative	False
Alicycliphilus	PDAC_031	-0.03430794734055089	0.6444559437444919	negative	False
Alicycliphilus	PDAC_032	-0.039751912693025436	0.5914376736128584	negative	False
Alicycliphilus	PDAC_033	-0.03376231225260582	0.6483980854635307	negative	False
Alicycliphilus	PDAC_034	-0.04595657102030815	0.5423163719874358	negative	False
Alicycliphilus	PDAC_035	-0.034064369859091066	0.6476101774866618	negative	False
Alicycliphilus	PDAC_036	-0.0328761632645551	0.66578440660615	negative	False
Alicycliphilus	PDAC_037	-0.03693718427926969	0.628523561264027	negative	False
Alicycliphilus	PDAC_038	-0.042680631499461524	0.5793901213880093	negative	False
Alicycliphilus	PDAC_039	-0.026069979575854996	0.7357904437364005	negative	False
Alicycliphilus	PDAC_040	-0.03581715382952197	0.6361456945250258	negative	False
Alicycliphilus	PDAC_041	-0.030141860746242928	0.6899282987289036	negative	False
Alicycliphilus	PDAC_042	-0.031330632913984635	0.6708132074092337	negative	False
Alicycliphilus	PDAC_043	-0.04909040547615281	0.5174254059271699	negative	False
Alicycliphilus	PDAC_044	-0.04737034681806856	0.5247540028973287	negative	False
Alicycliphilus	PDAC_045	-0.03494296422630717	0.6406988304074439	negative	False
Alicycliphilus	PDAC_046	-0.03352726351684408	0.6503327855264596	negative	False
Alicycliphilus	PDAC_047	-0.04646304997120778	0.5376597217827108	negative	False
Alicycliphilus	PDAC_048	-0.03240730551609627	0.660255097739877	negative	False
Alicycliphilus	PDAC_049	-0.02451844950702747	0.7429740960131174	negative	False
Alicycliphilus	PDAC_050	-0.03071578234909894	0.6803514463510968	negative	False
Alicycliphilus	PDAC_051	-0.03702272791886416	0.618480413193493	negative	False
Alicycliphilus	PDAC_052	-0.03275903039691486	0.6754935315051986	negative	False
Alicycliphilus	PDAC_053	-0.034135382732598966	0.6461383630744921	negative	False
Alicycliphilus	PDAC_054	-0.022272379151866164	0.763269319148977	negative	False
Alicycliphilus	PDAC_055	-0.03332352225254914	0.6540724285796904	negative	False
Alicycliphilus	PDAC_056	-0.03501114709254691	0.6383807861610576	negative	False
Alicycliphilus	PDAC_057	-0.03437057342597786	0.6456480621580388	negative	False
Alicycliphilus	PDAC_058	-0.02562297019062324	0.7286487665056998	negative	False
Alicycliphilus	PDAC_059	-0.03492171382801119	0.6387272118148966	negative	False
Alicycliphilus	PDAC_060	-0.04030261812382531	0.5936703807923271	negative	False
Alicycliphilus	PDAC_061	-0.020616009299252093	0.7764661911329338	negative	False
Alicycliphilus	PDAC_062	-0.0341375560514021	0.6456715186480644	negative	False
Devosia	PDAC_001	-0.31554185008381025	0.06309276637417516	negative	False
Devosia	PDAC_002	-0.30269820004370457	0.07668607690501159	negative	False
Devosia	PDAC_003	-0.3145991097114893	0.06528949626259015	negative	False
Devosia	PDAC_004	-0.31486391912206635	0.06372737397910647	negative	False
Devosia	PDAC_005	-0.311142633031434	0.07407865713468072	negative	False
Devosia	PDAC_006	-0.3315515167250219	0.05041892471638105	negative	False
Devosia	PDAC_007	-0.33659221682044244	0.04659912227543321	negative	False
Devosia	PDAC_008	-0.3503292591720175	0.03822237393864066	negative	False
Devosia	PDAC_009	-0.3116260688799853	0.068668897123794	negative	False
Devosia	PDAC_010	-0.29039198263499166	0.0909299704207424	negative	False
Devosia	PDAC_011	-0.3283974734935774	0.052770195575605125	negative	False
Devosia	PDAC_012	-0.3173185274686795	0.06220179144846883	negative	False
Devosia	PDAC_013	-0.2965755483319361	0.08286900883918395	negative	False
Devosia	PDAC_014	-0.313907977897097	0.06470587235290554	negative	False
Devosia	PDAC_015	-0.314230581193623	0.0646500241269916	negative	False
Devosia	PDAC_016	-0.30793684480517847	0.0704540750070672	negative	False
Devosia	PDAC_017	-0.3132257403806853	0.06561968501449043	negative	False
Devosia	PDAC_018	-0.3258119575253749	0.05750829316602522	negative	False
Devosia	PDAC_019	-0.2899354937525606	0.08945923251352984	negative	False
Devosia	PDAC_020	-0.30875121430513625	0.07979050362612375	negative	False
Devosia	PDAC_021	-0.30512002286520595	0.07447912451515148	negative	False
Devosia	PDAC_022	-0.3125835408584206	0.06621982080913641	negative	False
Devosia	PDAC_023	-0.3022205631972184	0.07739564383894243	negative	False
Devosia	PDAC_024	-0.32141163471527634	0.05948613955675966	negative	False
Devosia	PDAC_025	-0.3104619836939825	0.06662279917331099	negative	False
Devosia	PDAC_026	-0.30880269238014685	0.0691573841613158	negative	False
Devosia	PDAC_027	-0.31149360856725666	0.06679931071579183	negative	False
Devosia	PDAC_028	-0.2863896674835612	0.09655717691173972	negative	False
Devosia	PDAC_029	-0.316382355680834	0.06174150098118274	negative	False
Devosia	PDAC_030	-0.311428299658311	0.06814306091110703	negative	False
Devosia	PDAC_031	-0.3158446220900978	0.06299510707290826	negative	False
Devosia	PDAC_032	-0.2999169167725521	0.07862768862627278	negative	False
Devosia	PDAC_033	-0.31776524353766056	0.06189430883380707	negative	False
Devosia	PDAC_034	-0.36543380725022656	0.0357963441768374	negative	False
Devosia	PDAC_035	-0.31241949107030575	0.06612163091304588	negative	False
Devosia	PDAC_036	-0.29942553481819134	0.07835727110959073	negative	False
Devosia	PDAC_037	-0.3443272741459124	0.04182126699654109	negative	False
Devosia	PDAC_038	-0.3081654501512792	0.07436991637053765	negative	False
Devosia	PDAC_039	-0.36018052244354865	0.03121143989731658	negative	False
Devosia	PDAC_040	-0.31452326350172943	0.06536400864992178	negative	False
Devosia	PDAC_041	-0.317448433500803	0.06257715236181664	negative	False
Devosia	PDAC_042	-0.3188153559954248	0.06245435492330608	negative	False
Devosia	PDAC_043	-0.3365444297989778	0.06783312539769758	negative	False
Devosia	PDAC_044	-0.3261905771946881	0.06759354882922734	negative	False
Devosia	PDAC_045	-0.3117487362164658	0.07629632746971585	negative	False
Devosia	PDAC_046	-0.31441323502523205	0.06434433567071228	negative	False
Devosia	PDAC_047	-0.2927720287025819	0.10106219203979967	negative	False
Devosia	PDAC_048	-0.31031740339156355	0.06618894735613591	negative	False
Devosia	PDAC_049	-0.3135940171860493	0.08102903955162188	negative	False
Devosia	PDAC_050	-0.31120036606389906	0.076213505211766	negative	False
Devosia	PDAC_051	-0.3196300071756631	0.06586281609034488	negative	False
Devosia	PDAC_052	-0.33748433376225795	0.050693836750202406	negative	False
Devosia	PDAC_053	-0.31598518287668054	0.062250482953061764	negative	False
Devosia	PDAC_054	-0.2889749459092661	0.09866588278469454	negative	False
Devosia	PDAC_055	-0.30960999490496993	0.07484324810637674	negative	False
Devosia	PDAC_056	-0.26364212025051026	0.10648289977803221	negative	False
Devosia	PDAC_057	-0.24797195128449265	0.11415869356167582	negative	False
Devosia	PDAC_058	-0.35687693460804154	0.037730248807212534	negative	False
Devosia	PDAC_059	-0.3151729184250923	0.06343713167905471	negative	False
Devosia	PDAC_060	-0.37567274070073936	0.0259828905088277	negative	False
Devosia	PDAC_061	-0.3535085753855886	0.039478030566909954	negative	False
Devosia	PDAC_062	-0.3163094409400685	0.06325337077203391	negative	False
Ottowia	PDAC_001	0.053900765579864306	0.7094315142279437	positive	False
Ottowia	PDAC_002	0.052921895421461765	0.7158063332936402	positive	False
Ottowia	PDAC_003	0.07481181064480318	0.6009599860922941	positive	False
Ottowia	PDAC_004	0.058686976017139625	0.6833899761124519	positive	False
Ottowia	PDAC_005	0.04007273778835241	0.784297392994477	positive	False
Ottowia	PDAC_006	0.05412256330465038	0.707925751090122	positive	False
Ottowia	PDAC_007	0.05147269753833063	0.7217997143713384	positive	False
Ottowia	PDAC_008	0.055944856620270475	0.7014563210569968	positive	False
Ottowia	PDAC_009	0.04238187434676198	0.7694021250934899	positive	False
Ottowia	PDAC_010	0.052432928086366605	0.7219158531609577	positive	False
Ottowia	PDAC_011	0.05516313030884637	0.7023962246701443	positive	False
Ottowia	PDAC_012	0.06498015578733267	0.6514096206924578	positive	False
Ottowia	PDAC_013	0.05125898701903499	0.7253015533255752	positive	False
Ottowia	PDAC_014	0.053831318592050675	0.7095012159381209	positive	False
Ottowia	PDAC_015	0.05449678931274196	0.7061050946726237	positive	False
Ottowia	PDAC_016	0.04806023621171537	0.7394217095959488	positive	False
Ottowia	PDAC_017	0.048294270147278946	0.7380573716991495	positive	False
Ottowia	PDAC_018	0.06271411783822246	0.6686116073124506	positive	False
Ottowia	PDAC_019	0.055017535072840955	0.7073858008572045	positive	False
Ottowia	PDAC_020	0.04287667613700583	0.7725543061128309	positive	False
Ottowia	PDAC_021	0.04889899495178392	0.7362175913119438	positive	False
Ottowia	PDAC_022	0.0500759130790533	0.7288371675241399	positive	False
Ottowia	PDAC_023	0.04870298623662099	0.7376204563422194	positive	False
Ottowia	PDAC_024	0.05647543892527706	0.697119608108824	positive	False
Ottowia	PDAC_025	0.05609798458324449	0.6986281552204905	positive	False
Ottowia	PDAC_026	0.0531728107015621	0.7126477015329629	positive	False
Ottowia	PDAC_027	0.05224648070547473	0.7174867813356081	positive	False
Ottowia	PDAC_028	0.052225350362368875	0.7250271372990439	positive	False
Ottowia	PDAC_029	0.054848783584716516	0.7043107717774075	positive	False
Ottowia	PDAC_030	0.04824233297473758	0.7388228515638396	positive	False
Ottowia	PDAC_031	0.05383864381949296	0.7084073246877589	positive	False
Ottowia	PDAC_032	0.0532178056263721	0.717404586288287	positive	False
Ottowia	PDAC_033	0.05638531184497866	0.6972548764239184	positive	False
Ottowia	PDAC_034	0.07089804134128623	0.6486376366780133	positive	False
Ottowia	PDAC_035	0.054400690612983194	0.7063614440669224	positive	False
Ottowia	PDAC_036	0.052289122562431976	0.7182848887465669	positive	False
Ottowia	PDAC_037	0.05410986429357283	0.7094568897978725	positive	False
Ottowia	PDAC_038	0.044386730770334996	0.7609309066965853	positive	False
Ottowia	PDAC_039	0.05054731089897835	0.7297589504269878	positive	False
Ottowia	PDAC_040	0.07235353760953014	0.6138880130210024	positive	False
Ottowia	PDAC_041	0.06628987724674552	0.6451448735891527	positive	False
Ottowia	PDAC_042	0.030748661936546653	0.829348692014785	positive	False
Ottowia	PDAC_043	0.1160808894494204	0.42161237889970593	positive	False
Ottowia	PDAC_044	0.018722399409475007	0.8985711881524348	positive	False
Ottowia	PDAC_045	0.03435198430671453	0.817444946439793	positive	False
Ottowia	PDAC_046	0.049254306633403154	0.7328387480428534	positive	False
Ottowia	PDAC_047	0.03532552591871009	0.8186048341191942	positive	False
Ottowia	PDAC_048	0.052458333861737004	0.7157006247063595	positive	False
Ottowia	PDAC_049	0.1113507697434643	0.4372791265081276	positive	False
Ottowia	PDAC_050	0.044463979957707504	0.7670210144148558	positive	False
Ottowia	PDAC_051	0.08302139478898721	0.5722554065756924	positive	False
Ottowia	PDAC_052	0.06325851616356495	0.6664963369437902	positive	False
Ottowia	PDAC_053	0.05527558709856874	0.7011533081559685	positive	False
Ottowia	PDAC_054	0.024626214342811564	0.8685677646543594	positive	False
Ottowia	PDAC_055	0.036547035011400074	0.8040963382401317	positive	False
Ottowia	PDAC_056	0.083654472105022	0.5710276211462453	positive	False
Ottowia	PDAC_057	0.032886103938081904	0.8242810837141562	positive	False
Ottowia	PDAC_058	0.09575271673950281	0.5113804084255835	positive	False
Ottowia	PDAC_059	0.057281695695914674	0.6908443004216016	positive	False
Ottowia	PDAC_060	0.010710793032611564	0.9408965264520734	positive	False
Ottowia	PDAC_061	0.09498778080543795	0.5131365051604306	positive	False
Ottowia	PDAC_062	0.05555337183543242	0.7017862861518496	positive	False
Thauera	PDAC_001	-0.08940973535531697	0.4407332406547497	negative	False
Thauera	PDAC_002	-0.06959345060120879	0.5515968444060136	negative	False
Thauera	PDAC_003	-0.08552269379898446	0.4670546032945555	negative	False
Thauera	PDAC_004	-0.08708736129444929	0.45337344988807704	negative	False
Thauera	PDAC_005	-0.07234661277507747	0.5464962458406305	negative	False
Thauera	PDAC_006	-0.07823928163183239	0.5018836037432809	negative	False
Thauera	PDAC_007	-0.0782686653409773	0.5026186310835761	negative	False
Thauera	PDAC_008	-0.08126257905530053	0.4957789441675864	negative	False
Thauera	PDAC_009	-0.09182372569009306	0.43783024104671453	negative	False
Thauera	PDAC_010	-0.08045150187422954	0.50643258324907	negative	False
Thauera	PDAC_011	-0.11565822481645571	0.31029653810615243	negative	False
Thauera	PDAC_012	-0.09211640752882722	0.430930125270246	negative	False
Thauera	PDAC_013	-0.08299366395151381	0.4870643954741183	negative	False
Thauera	PDAC_014	-0.08884700121641154	0.44398955990208866	negative	False
Thauera	PDAC_015	-0.087985769534392	0.44830105764073946	negative	False
Thauera	PDAC_016	-0.08735445737030206	0.45650496781280836	negative	False
Thauera	PDAC_017	-0.08570091783540264	0.4633711757270855	negative	False
Thauera	PDAC_018	-0.09158469843421868	0.42880131998534277	negative	False
Thauera	PDAC_019	-0.16483606587884658	0.06800510297649542	negative	False
Thauera	PDAC_020	-0.08809557215743954	0.47576099577556985	negative	False
Thauera	PDAC_021	-0.08700034986894777	0.46332625686124906	negative	False
Thauera	PDAC_022	-0.0892174441754612	0.4457376022081958	negative	False
Thauera	PDAC_023	-0.08502986500830913	0.47462471345695423	negative	False
Thauera	PDAC_024	-0.09233132941347903	0.4246496544889329	negative	False
Thauera	PDAC_025	-0.0790595626010505	0.4928554777664983	negative	False
Thauera	PDAC_026	-0.08319831867829862	0.4748733360541163	negative	False
Thauera	PDAC_027	-0.08630053131275862	0.4587193893947208	negative	False
Thauera	PDAC_028	-0.0696444415701765	0.5644166282323135	negative	False
Thauera	PDAC_029	-0.08916846653706319	0.44182945284860864	negative	False
Thauera	PDAC_030	-0.08148962750143986	0.48806038636322535	negative	False
Thauera	PDAC_031	-0.08964357956398694	0.4389282264717398	negative	False
Thauera	PDAC_032	-0.1129961660332503	0.32083030492267817	negative	False
Thauera	PDAC_033	-0.09004258805490561	0.43636676542964203	negative	False
Thauera	PDAC_034	-0.10837498408322206	0.3602506102801073	negative	False
Thauera	PDAC_035	-0.08755872407903607	0.45080408734314825	negative	False
Thauera	PDAC_036	-0.13890753029692027	0.19355122396852112	negative	False
Thauera	PDAC_037	-0.07263755141158533	0.5354406365866478	negative	False
Thauera	PDAC_038	-0.08693736443606885	0.4693597067304872	negative	False
Thauera	PDAC_039	-0.07780709437311394	0.5152990503023314	negative	False
Thauera	PDAC_040	-0.0891617300411559	0.4486804843652408	negative	False
Thauera	PDAC_041	-0.09129331727351606	0.4368049814679208	negative	False
Thauera	PDAC_042	-0.08719023867796173	0.45074328040202194	negative	False
Thauera	PDAC_043	-0.10419811313499279	0.3899410482919019	negative	False
Thauera	PDAC_044	-0.09685524613423648	0.41411583486688097	negative	False
Thauera	PDAC_045	-0.08806130210923686	0.4540866597797498	negative	False
Thauera	PDAC_046	-0.09328015007780702	0.41993532919126575	negative	False
Thauera	PDAC_047	-0.0858673528031813	0.47491333189745755	negative	False
Thauera	PDAC_048	-0.08853635411412104	0.44415166111653615	negative	False
Thauera	PDAC_049	-0.07469733490056532	0.5273203008335736	negative	False
Thauera	PDAC_050	-0.08987547634093909	0.4443815121958695	negative	False
Thauera	PDAC_051	-0.0863663487484093	0.45844341937577415	negative	False
Thauera	PDAC_052	-0.10125299157500642	0.4009076313972826	negative	False
Thauera	PDAC_053	-0.08954976034078636	0.43958199550608046	negative	False
Thauera	PDAC_054	-0.09610326218961956	0.41815390432655997	negative	False
Thauera	PDAC_055	-0.09027459745440577	0.4396004639874812	negative	False
Thauera	PDAC_056	-0.08677918502282307	0.4577710469429057	negative	False
Thauera	PDAC_057	-0.08471270599142317	0.47015219920222917	negative	False
Thauera	PDAC_058	-0.08283750304701595	0.47939571413386284	negative	False
Thauera	PDAC_059	-0.09299064960426542	0.42289920343226706	negative	False
Thauera	PDAC_060	-0.070208345193275	0.5483210860869465	negative	False
Thauera	PDAC_061	-0.08149908181903462	0.48453095602554264	negative	False
Thauera	PDAC_062	-0.08923990151401869	0.4409145969035514	negative	False
Phreatobacter	PDAC_001	-0.23786333352841224	0.06718515706790112	negative	False
Phreatobacter	PDAC_002	-0.23881405103347192	0.06931820382602943	negative	False
Phreatobacter	PDAC_003	-0.24262416325641853	0.06324034497919247	negative	False
Phreatobacter	PDAC_004	-0.22846253316539275	0.07676270323425438	negative	False
Phreatobacter	PDAC_005	-0.1838545669819244	0.1262083086027068	negative	False
Phreatobacter	PDAC_006	-0.23678362244001988	0.06914726160518075	negative	False
Phreatobacter	PDAC_007	-0.23946501666500888	0.06643667696686995	negative	False
Phreatobacter	PDAC_008	-0.23652156607510327	0.07340829740006041	negative	False
Phreatobacter	PDAC_009	-0.2490181802285956	0.056719962318774214	negative	False
Phreatobacter	PDAC_010	-0.24206434468204743	0.06993105670447851	negative	False
Phreatobacter	PDAC_011	-0.2357569037570478	0.07002832063711883	negative	False
Phreatobacter	PDAC_012	-0.23441513979096879	0.07165762817116098	negative	False
Phreatobacter	PDAC_013	-0.24119386933360704	0.06781127385555151	negative	False
Phreatobacter	PDAC_014	-0.23774863099025054	0.06720638160527173	negative	False
Phreatobacter	PDAC_015	-0.23729932675645662	0.06763879444049657	negative	False
Phreatobacter	PDAC_016	-0.21590828060174946	0.09234211358499671	negative	False
Phreatobacter	PDAC_017	-0.24261735600568832	0.062427749799007975	negative	False
Phreatobacter	PDAC_018	-0.23442236255745616	0.07329618365070963	negative	False
Phreatobacter	PDAC_019	-0.23832420594166134	0.07273440411541075	negative	False
Phreatobacter	PDAC_020	-0.2541759218964141	0.057994360432085494	negative	False
Phreatobacter	PDAC_021	-0.24271602191002367	0.06449208569658373	negative	False
Phreatobacter	PDAC_022	-0.24083110224181156	0.06449001547374589	negative	False
Phreatobacter	PDAC_023	-0.2432056825542583	0.06446809471559586	negative	False
Phreatobacter	PDAC_024	-0.23717889336622588	0.06813552138155071	negative	False
Phreatobacter	PDAC_025	-0.24530412586878064	0.057601446242638306	negative	False
Phreatobacter	PDAC_026	-0.23783915507671383	0.06741374084152642	negative	False
Phreatobacter	PDAC_027	-0.23881290795874596	0.06627886474811039	negative	False
Phreatobacter	PDAC_028	-0.24403794396775993	0.06993934397740235	negative	False
Phreatobacter	PDAC_029	-0.23713455021491306	0.06776818703280156	negative	False
Phreatobacter	PDAC_030	-0.24286640077591623	0.06317371035827293	negative	False
Phreatobacter	PDAC_031	-0.23673590894190036	0.06854278592540228	negative	False
Phreatobacter	PDAC_032	-0.24587743303117046	0.060396812671849785	negative	False
Phreatobacter	PDAC_033	-0.23662706158688787	0.06864273730664364	negative	False
Phreatobacter	PDAC_034	-0.2481115728005864	0.0710965127274966	negative	False
Phreatobacter	PDAC_035	-0.23711361972430212	0.0678250016519223	negative	False
Phreatobacter	PDAC_036	-0.23897364848313074	0.06808228664887081	negative	False
Phreatobacter	PDAC_037	-0.23745524742038016	0.07055315181503469	negative	False
Phreatobacter	PDAC_038	-0.24861501126964425	0.059753456971859235	negative	False
Phreatobacter	PDAC_039	-0.24256290891265597	0.06723286698127377	negative	False
Phreatobacter	PDAC_040	-0.20423641189816888	0.10435736449885895	negative	False
Phreatobacter	PDAC_041	-0.24518435829377141	0.06000125336485101	negative	False
Phreatobacter	PDAC_042	-0.22956543465058984	0.07883980336493215	negative	False
Phreatobacter	PDAC_043	-0.21105939763396867	0.1264521981501412	negative	False
Phreatobacter	PDAC_044	-0.2613358798788588	0.04963396230247269	negative	False
Phreatobacter	PDAC_045	-0.27276261673413355	0.033458259991781786	negative	False
Phreatobacter	PDAC_046	-0.23876039575883085	0.06610351777071585	negative	False
Phreatobacter	PDAC_047	-0.19683604694720266	0.1330867086941679	negative	False
Phreatobacter	PDAC_048	-0.2346701671822548	0.07155230833360893	negative	False
Phreatobacter	PDAC_049	-0.20488919586026627	0.12289349350469153	negative	False
Phreatobacter	PDAC_050	-0.24972366847096167	0.06097616120897778	negative	False
Phreatobacter	PDAC_051	-0.26117001084189234	0.044189952687246375	negative	False
Phreatobacter	PDAC_052	-0.25247195988922944	0.056450169017988036	negative	False
Phreatobacter	PDAC_053	-0.2369227594344899	0.06767085520037662	negative	False
Phreatobacter	PDAC_054	-0.27456880528408617	0.033573951828067224	negative	False
Phreatobacter	PDAC_055	-0.24870033490623983	0.06000003537563163	negative	False
Phreatobacter	PDAC_056	-0.22116091764604556	0.09487968501317837	negative	False
Phreatobacter	PDAC_057	-0.2563902226921432	0.0524271647727536	negative	False
Phreatobacter	PDAC_058	-0.21140682276640177	0.10811309591511796	negative	False
Phreatobacter	PDAC_059	-0.24222730156994418	0.06293217674411274	negative	False
Phreatobacter	PDAC_060	-0.2097676904860986	0.1164237767397811	negative	False
Phreatobacter	PDAC_061	-0.21007477179911355	0.10789962530444931	negative	False
Phreatobacter	PDAC_062	-0.23664406594582957	0.06900159263116286	negative	False
Dickeya	PDAC_001	0.19344687740295413	0.310759302681597	positive	False
Dickeya	PDAC_002	0.17033915562751986	0.374018911520276	positive	False
Dickeya	PDAC_003	0.19749113421272385	0.3034314080317657	positive	False
Dickeya	PDAC_004	0.19489692820038612	0.3071430307592818	positive	False
Dickeya	PDAC_005	0.21129275804013642	0.27917078216964397	positive	False
Dickeya	PDAC_006	0.2077825989246137	0.2762324981791503	positive	False
Dickeya	PDAC_007	0.20558174762601664	0.282333847029158	positive	False
Dickeya	PDAC_008	0.17022003647643733	0.376469861734436	positive	False
Dickeya	PDAC_009	0.20039662107242934	0.29782010997076197	positive	False
Dickeya	PDAC_010	0.16091335652485722	0.40439394854325206	positive	False
Dickeya	PDAC_011	0.18267087327789172	0.3390464189868465	positive	False
Dickeya	PDAC_012	0.19379499802141906	0.3112085842141214	positive	False
Dickeya	PDAC_013	0.16558412440934847	0.3878704089770634	positive	False
Dickeya	PDAC_014	0.1948879187381345	0.30708317400049595	positive	False
Dickeya	PDAC_015	0.1906772088548692	0.3183688409801678	positive	False
Dickeya	PDAC_016	0.2030629141298527	0.2886543299977872	positive	False
Dickeya	PDAC_017	0.1952256823694187	0.30752810181472484	positive	False
Dickeya	PDAC_018	0.18294421779217943	0.341204861804295	positive	False
Dickeya	PDAC_019	0.16646512600686028	0.3880308539530424	positive	False
Dickeya	PDAC_020	0.21099935244173018	0.2860048007278657	positive	False
Dickeya	PDAC_021	0.16696685097783903	0.38199111367507643	positive	False
Dickeya	PDAC_022	0.17673822306572168	0.35417191800108205	positive	False
Dickeya	PDAC_023	0.21905335244577656	0.2525832977997871	positive	False
Dickeya	PDAC_024	0.18553234536030533	0.3312627867745095	positive	False
Dickeya	PDAC_025	0.1897944096662758	0.3202578698934121	positive	False
Dickeya	PDAC_026	0.19973396886932673	0.2955295190947815	positive	False
Dickeya	PDAC_027	0.19713131819238566	0.30196402122396593	positive	False
Dickeya	PDAC_028	0.23094517069916026	0.2329553315190804	positive	False
Dickeya	PDAC_029	0.1920612869852781	0.31492321797563144	positive	False
Dickeya	PDAC_030	0.2027744186524345	0.29055374685030755	positive	False
Dickeya	PDAC_031	0.19251715870623498	0.3132737692314124	positive	False
Dickeya	PDAC_032	0.21203178554253388	0.2717078598083017	positive	False
Dickeya	PDAC_033	0.1898823284513764	0.32007952186407485	positive	False
Dickeya	PDAC_034	0.16447300435892886	0.41340486700129364	positive	False
Dickeya	PDAC_035	0.1888138465666446	0.32293262887516405	positive	False
Dickeya	PDAC_036	0.1726921100703894	0.3665247272600892	positive	False
Dickeya	PDAC_037	0.21768932522774273	0.25488326636488684	positive	False
Dickeya	PDAC_038	0.2078934740935367	0.2839855748138466	positive	False
Dickeya	PDAC_039	0.16267920857319085	0.396738937642965	positive	False
Dickeya	PDAC_040	0.19498592403640003	0.30974154017598143	positive	False
Dickeya	PDAC_041	0.1966625331160161	0.3048974277958203	positive	False
Dickeya	PDAC_042	0.2188452859050212	0.252268584432297	positive	False
Dickeya	PDAC_043	0.20279580520315935	0.330629381193733	positive	False
Dickeya	PDAC_044	0.19304967301851492	0.33656704089065426	positive	False
Dickeya	PDAC_045	0.21204798461395144	0.28272387623164197	positive	False
Dickeya	PDAC_046	0.19304987559716816	0.3128818539067026	positive	False
Dickeya	PDAC_047	0.25089035761111916	0.19589104817897976	positive	False
Dickeya	PDAC_048	0.19792349292764821	0.30132701471313666	positive	False
Dickeya	PDAC_049	0.22085644766930126	0.2705067187563765	positive	False
Dickeya	PDAC_050	0.2046396763293316	0.30036047510396263	positive	False
Dickeya	PDAC_051	0.20404661785239017	0.29589926745000217	positive	False
Dickeya	PDAC_052	0.16756067681002468	0.38700660745135473	positive	False
Dickeya	PDAC_053	0.19254412097589405	0.31338947152166535	positive	False
Dickeya	PDAC_054	0.2209952109178449	0.26674297590558993	positive	False
Dickeya	PDAC_055	0.2119577096667801	0.27771433162559234	positive	False
Dickeya	PDAC_056	0.20048313413136526	0.3071555712696964	positive	False
Dickeya	PDAC_057	0.21910337933680904	0.2638467557623574	positive	False
Dickeya	PDAC_058	0.11906501149549151	0.508526406322669	positive	False
Dickeya	PDAC_059	0.2005568132580926	0.29269463852351246	positive	False
Dickeya	PDAC_060	0.09156777759463249	0.5801345498794045	positive	False
Dickeya	PDAC_061	0.17531759044445727	0.36950438420879905	positive	False
Dickeya	PDAC_062	0.1916937514027798	0.31490951748578816	positive	False
Rhizobium	PDAC_001	-0.3050434675298532	0.0024785736201537716	negative	False
Rhizobium	PDAC_002	-0.2860856916272263	0.003846585173557604	negative	False
Rhizobium	PDAC_003	-0.30965318389303687	0.002275805428075679	negative	False
Rhizobium	PDAC_004	-0.3058212550602192	0.002423356821960149	negative	False
Rhizobium	PDAC_005	-0.3120044503647689	0.0025881755666419862	negative	False
Rhizobium	PDAC_006	-0.3006991139397041	0.002847765715758022	negative	False
Rhizobium	PDAC_007	-0.3089876669884293	0.002290675957781754	negative	False
Rhizobium	PDAC_008	-0.29555311627327396	0.0035570304339546813	negative	False
Rhizobium	PDAC_009	-0.3118067064658414	0.0021887944104855245	negative	False
Rhizobium	PDAC_010	-0.3045817899436145	0.003239529207441949	negative	False
Rhizobium	PDAC_011	-0.29983624373538464	0.0028833260739365967	negative	False
Rhizobium	PDAC_012	-0.3131228153627747	0.001958060107897431	negative	False
Rhizobium	PDAC_013	-0.30276639637008296	0.0030596796502786773	negative	False
Rhizobium	PDAC_014	-0.3052974102927632	0.0024591083328011046	negative	False
Rhizobium	PDAC_015	-0.30501077907254287	0.002481761678813263	negative	False
Rhizobium	PDAC_016	-0.30968677145668994	0.002238896910384687	negative	False
Rhizobium	PDAC_017	-0.3142785981535345	0.001872615782491001	negative	False
Rhizobium	PDAC_018	-0.30045070452204115	0.0030107524058538924	negative	False
Rhizobium	PDAC_019	-0.3094640248143611	0.0026604561467248717	negative	False
Rhizobium	PDAC_020	-0.3302286108833436	0.0012429782677697064	negative	False
Rhizobium	PDAC_021	-0.2993354189414504	0.003147939371047729	negative	False
Rhizobium	PDAC_022	-0.3000593882379783	0.0028806662247077446	negative	False
Rhizobium	PDAC_023	-0.30342568370759126	0.0029156444575892254	negative	False
Rhizobium	PDAC_024	-0.3107987585537622	0.0021358941063234233	negative	False
Rhizobium	PDAC_025	-0.3079526485655633	0.002309917372964305	negative	False
Rhizobium	PDAC_026	-0.29982636173658744	0.002861459832330716	negative	False
Rhizobium	PDAC_027	-0.302253206659245	0.002692246566616063	negative	False
Rhizobium	PDAC_028	-0.28718241581513393	0.0046587264401087005	negative	False
Rhizobium	PDAC_029	-0.3050377464932622	0.0024933704396613767	negative	False
Rhizobium	PDAC_030	-0.307803011315212	0.002431186459618465	negative	False
Rhizobium	PDAC_031	-0.3052108200430423	0.002467095179050771	negative	False
Rhizobium	PDAC_032	-0.3225046906905703	0.0014912161364373027	negative	False
Rhizobium	PDAC_033	-0.3066271024024937	0.0023949575506086404	negative	False
Rhizobium	PDAC_034	-0.3291360487918829	0.0017339395314467732	negative	False
Rhizobium	PDAC_035	-0.30492298988198313	0.0024868671018687567	negative	False
Rhizobium	PDAC_036	-0.3023922325083587	0.0028607089907459003	negative	False
Rhizobium	PDAC_037	-0.2989397495475702	0.0031638177352910734	negative	False
Rhizobium	PDAC_038	-0.29979025822733696	0.00337201213096216	negative	False
Rhizobium	PDAC_039	-0.2970826507758873	0.003577500293018955	negative	False
Rhizobium	PDAC_040	-0.30497119845821	0.0026195414682271324	negative	False
Rhizobium	PDAC_041	-0.31267257122654646	0.0020269069702206137	negative	False
Rhizobium	PDAC_042	-0.30881505726052744	0.0023735750068999075	negative	False
Rhizobium	PDAC_043	-0.3497067010863781	0.0003824256414978386	negative	False
Rhizobium	PDAC_044	-0.32676698910262586	0.0017098984758114986	negative	False
Rhizobium	PDAC_045	-0.3225095418654617	0.0018630218205986059	negative	False
Rhizobium	PDAC_046	-0.30744630090371	0.0023574808370758543	negative	False
Rhizobium	PDAC_047	-0.2924397247991047	0.005652929666515753	negative	False
Rhizobium	PDAC_048	-0.3043326054204109	0.002532719380659228	negative	False
Rhizobium	PDAC_049	-0.3033807576641038	0.004351217634705803	negative	False
Rhizobium	PDAC_050	-0.3063164901180806	0.003299645445986316	negative	False
Rhizobium	PDAC_051	-0.3045786415330035	0.0030921784890999985	negative	False
Rhizobium	PDAC_052	-0.3334722359274488	0.0008672902277117978	negative	False
Rhizobium	PDAC_053	-0.30562202973316316	0.0024343163199496273	negative	False
Rhizobium	PDAC_054	-0.2963399145452151	0.00470190127623888	negative	False
Rhizobium	PDAC_055	-0.2972882801627438	0.0037359347635884583	negative	False
Rhizobium	PDAC_056	-0.29748608276521393	0.003783372563128929	negative	False
Rhizobium	PDAC_057	-0.2970934903119793	0.0040374689384861375	negative	False
Rhizobium	PDAC_058	-0.2791578555899191	0.004729097499612142	negative	False
Rhizobium	PDAC_059	-0.3101377440134783	0.002126715937081606	negative	False
Rhizobium	PDAC_060	-0.2760203506821029	0.005442499254917389	negative	False
Rhizobium	PDAC_061	-0.27792854909666026	0.004532312575377082	negative	False
Rhizobium	PDAC_062	-0.3050242981787244	0.0024789760397354635	negative	False
Sinorhizobium	PDAC_001	0.2526488365103186	0.13102023324293688	positive	False
Sinorhizobium	PDAC_002	0.28476055155018526	0.09087656205921342	positive	False
Sinorhizobium	PDAC_003	0.26263892565897284	0.12135979258362818	positive	False
Sinorhizobium	PDAC_004	0.2517054967201155	0.13300509007667644	positive	False
Sinorhizobium	PDAC_005	0.25810583051072594	0.14061361368358036	positive	False
Sinorhizobium	PDAC_006	0.2687359991805689	0.11029461151284241	positive	False
Sinorhizobium	PDAC_007	0.21601161389527815	0.1899014404240385	positive	False
Sinorhizobium	PDAC_008	0.19398703138597678	0.2266233076432192	positive	False
Sinorhizobium	PDAC_009	0.2581646223597069	0.13040475689112427	positive	False
Sinorhizobium	PDAC_010	0.27839914193533377	0.1081341011583778	positive	False
Sinorhizobium	PDAC_011	0.22727383053385822	0.17217382353764665	positive	False
Sinorhizobium	PDAC_012	0.24925509143085253	0.13951820258149175	positive	False
Sinorhizobium	PDAC_013	0.1894337288075007	0.23182207767587973	positive	False
Sinorhizobium	PDAC_014	0.2537406944958063	0.12966524656775225	positive	False
Sinorhizobium	PDAC_015	0.2539533322055682	0.12903268468359108	positive	False
Sinorhizobium	PDAC_016	0.2587186356925295	0.12629030329441165	positive	False
Sinorhizobium	PDAC_017	0.254148124551875	0.13194786731377076	positive	False
Sinorhizobium	PDAC_018	0.2446771050965861	0.1420573907678928	positive	False
Sinorhizobium	PDAC_019	0.185501558042394	0.2390098779468324	positive	False
Sinorhizobium	PDAC_020	0.24723699075685426	0.16472015620691566	positive	False
Sinorhizobium	PDAC_021	0.27472325464428027	0.10576635111307592	positive	False
Sinorhizobium	PDAC_022	0.26354453060690336	0.11787334685547873	positive	False
Sinorhizobium	PDAC_023	0.27751627179646987	0.10252253340645881	positive	False
Sinorhizobium	PDAC_024	0.2449298314002046	0.1413546389803832	positive	False
Sinorhizobium	PDAC_025	0.24928489929922384	0.1350559416696554	positive	False
Sinorhizobium	PDAC_026	0.25694134282271863	0.1265852686455571	positive	False
Sinorhizobium	PDAC_027	0.2591015910980054	0.12305855261361166	positive	False
Sinorhizobium	PDAC_028	0.2664356624950597	0.13168735255521516	positive	False
Sinorhizobium	PDAC_029	0.25263114549247045	0.13076730124462965	positive	False
Sinorhizobium	PDAC_030	0.25953884041578895	0.12663762432419534	positive	False
Sinorhizobium	PDAC_031	0.2518586116458632	0.1316344668354731	positive	False
Sinorhizobium	PDAC_032	0.2998864611470187	0.06250466475818173	positive	False
Sinorhizobium	PDAC_033	0.250897260381708	0.13262876181020325	positive	False
Sinorhizobium	PDAC_034	0.22664870831146128	0.18330650453881894	positive	False
Sinorhizobium	PDAC_035	0.2435744839442502	0.14562458781788043	positive	False
Sinorhizobium	PDAC_036	0.2063569041717591	0.20576537747601112	positive	False
Sinorhizobium	PDAC_037	0.25307902532871657	0.1390399369084538	positive	False
Sinorhizobium	PDAC_038	0.274148357321665	0.11107703289986526	positive	False
Sinorhizobium	PDAC_039	0.2956804923877511	0.07803059306850925	positive	False
Sinorhizobium	PDAC_040	0.26185369219793364	0.12259059623483948	positive	False
Sinorhizobium	PDAC_041	0.262816643439706	0.12025025313990273	positive	False
Sinorhizobium	PDAC_042	0.25027400091040114	0.13351610238442901	positive	False
Sinorhizobium	PDAC_043	0.2524371585067749	0.15194104130115021	positive	False
Sinorhizobium	PDAC_044	0.2423497717578675	0.15576857930360674	positive	False
Sinorhizobium	PDAC_045	0.24606552899136042	0.14637990971699605	positive	False
Sinorhizobium	PDAC_046	0.24952361094227982	0.13449251875903434	positive	False
Sinorhizobium	PDAC_047	0.2680292584760288	0.12053884900102242	positive	False
Sinorhizobium	PDAC_048	0.25265865089251377	0.1302612685289631	positive	False
Sinorhizobium	PDAC_049	0.26725351682255244	0.11945499582821917	positive	False
Sinorhizobium	PDAC_050	0.24789445860544612	0.1431300400447973	positive	False
Sinorhizobium	PDAC_051	0.2378947622478976	0.15485181641942172	positive	False
Sinorhizobium	PDAC_052	0.2683686162354563	0.12299044971452028	positive	False
Sinorhizobium	PDAC_053	0.2523057455757628	0.13122202483963175	positive	False
Sinorhizobium	PDAC_054	0.2586760377617884	0.13095647166465335	positive	False
Sinorhizobium	PDAC_055	0.25864833578301655	0.12456206225530966	positive	False
Sinorhizobium	PDAC_056	0.24560534453943983	0.14466568379185182	positive	False
Sinorhizobium	PDAC_057	0.26910111769442	0.11061525896179152	positive	False
Sinorhizobium	PDAC_058	0.2507339194904803	0.1385304706895977	positive	False
Sinorhizobium	PDAC_059	0.24665642408739824	0.14070418143985902	positive	False
Sinorhizobium	PDAC_060	0.24141499347946893	0.15831715794955653	positive	False
Sinorhizobium	PDAC_061	0.2612954643830738	0.12112804610559845	positive	False
Sinorhizobium	PDAC_062	0.25220442167329654	0.13120267685419307	positive	False
Stenotrophomonas	PDAC_001	-0.05060352410843515	0.45578105931459445	negative	False
Stenotrophomonas	PDAC_002	-0.03929705943966397	0.5621292065606713	negative	False
Stenotrophomonas	PDAC_003	-0.057295955817932	0.40218701507063703	negative	False
Stenotrophomonas	PDAC_004	-0.051311319986874604	0.45012985600591804	negative	False
Stenotrophomonas	PDAC_005	-0.049198041699964855	0.48454750463554985	negative	False
Stenotrophomonas	PDAC_006	-0.04436426676492687	0.5129551753494146	negative	False
Stenotrophomonas	PDAC_007	-0.044399701923992604	0.5133787136832131	negative	False
Stenotrophomonas	PDAC_008	-0.05040359005129031	0.46830746541718093	negative	False
Stenotrophomonas	PDAC_009	-0.06749227789450003	0.3142379349093001	negative	False
Stenotrophomonas	PDAC_010	-0.04185813874692628	0.5475659863602653	negative	False
Stenotrophomonas	PDAC_011	-0.03926336435761357	0.5571910354329371	negative	False
Stenotrophomonas	PDAC_012	-0.056753619241279994	0.40500047412836726	negative	False
Stenotrophomonas	PDAC_013	-0.053887743419381844	0.4380690740565778	negative	False
Stenotrophomonas	PDAC_014	-0.052363811238867054	0.44124699857240457	negative	False
Stenotrophomonas	PDAC_015	-0.05009325342024292	0.45999456841611	negative	False
Stenotrophomonas	PDAC_016	-0.04831124697259208	0.4793170672631857	negative	False
Stenotrophomonas	PDAC_017	-0.053866657798947136	0.4299504208598016	negative	False
Stenotrophomonas	PDAC_018	-0.04606547853569913	0.4976383193065772	negative	False
Stenotrophomonas	PDAC_019	-0.04294795446462022	0.5352463171356456	negative	False
Stenotrophomonas	PDAC_020	-0.05830605076515079	0.4124562544920286	negative	False
Stenotrophomonas	PDAC_021	-0.03904245045899949	0.5639259654382891	negative	False
Stenotrophomonas	PDAC_022	-0.04874641031265137	0.47454530526343	negative	False
Stenotrophomonas	PDAC_023	-0.05810995487241711	0.39928370456998596	negative	False
Stenotrophomonas	PDAC_024	-0.052373585822408995	0.4398740314768581	negative	False
Stenotrophomonas	PDAC_025	-0.050193405031546574	0.45927616240516733	negative	False
Stenotrophomonas	PDAC_026	-0.05333951721521299	0.43364902227367874	negative	False
Stenotrophomonas	PDAC_027	-0.05305363489536586	0.43592853823641353	negative	False
Stenotrophomonas	PDAC_028	-0.05278447928741082	0.458362266698101	negative	False
Stenotrophomonas	PDAC_029	-0.05060391907063416	0.4554928273994371	negative	False
Stenotrophomonas	PDAC_030	-0.05739991422466086	0.4017693631954655	negative	False
Stenotrophomonas	PDAC_031	-0.05006862839520389	0.4612581554678381	negative	False
Stenotrophomonas	PDAC_032	-0.05377252169097471	0.4310692465469318	negative	False
Stenotrophomonas	PDAC_033	-0.05067492127981557	0.4549147668373139	negative	False
Stenotrophomonas	PDAC_034	-0.05510573727828145	0.43990228594428094	negative	False
Stenotrophomonas	PDAC_035	-0.04700148409011887	0.48721527860282066	negative	False
Stenotrophomonas	PDAC_036	-0.030834444190041284	0.635864492816895	negative	False
Stenotrophomonas	PDAC_037	-0.03914081306776068	0.5628775912912611	negative	False
Stenotrophomonas	PDAC_038	-0.06631343298442795	0.33038018903947763	negative	False
Stenotrophomonas	PDAC_039	-0.055015630597245804	0.4303976996219402	negative	False
Stenotrophomonas	PDAC_040	-0.055788054694573465	0.41536204087726436	negative	False
Stenotrophomonas	PDAC_041	-0.056005866129186725	0.4126577461715265	negative	False
Stenotrophomonas	PDAC_042	-0.049465431614673594	0.46701214478146846	negative	False
Stenotrophomonas	PDAC_043	-0.050317018292365435	0.49011202877461624	negative	False
Stenotrophomonas	PDAC_044	-0.050711323313487426	0.4718594017589065	negative	False
Stenotrophomonas	PDAC_045	-0.04413873055434931	0.5237631132786053	negative	False
Stenotrophomonas	PDAC_046	-0.05435083951503549	0.422321196016305	negative	False
Stenotrophomonas	PDAC_047	-0.0342099514666631	0.6188674030731378	negative	False
Stenotrophomonas	PDAC_048	-0.0527725309557118	0.4360446385510389	negative	False
Stenotrophomonas	PDAC_049	-0.08407564940258654	0.16668026213177067	negative	False
Stenotrophomonas	PDAC_050	-0.041128465291412536	0.5493087150049873	negative	False
Stenotrophomonas	PDAC_051	-0.04535310084060962	0.5082962680849277	negative	False
Stenotrophomonas	PDAC_052	-0.06607956828142514	0.33544212316775857	negative	False
Stenotrophomonas	PDAC_053	-0.050737753165379644	0.45449952833726126	negative	False
Stenotrophomonas	PDAC_054	-0.04537690039745657	0.5180919410361686	negative	False
Stenotrophomonas	PDAC_055	-0.04007076400978892	0.5556642740315321	negative	False
Stenotrophomonas	PDAC_056	-0.053494190525689767	0.43883294591727007	negative	False
Stenotrophomonas	PDAC_057	-0.036501930000471805	0.5896354037189488	negative	False
Stenotrophomonas	PDAC_058	-0.06728833683870246	0.31817465613832335	negative	False
Stenotrophomonas	PDAC_059	-0.053048558813581406	0.43551461845622486	negative	False
Stenotrophomonas	PDAC_060	-0.051499887145576566	0.4665430430313471	negative	False
Stenotrophomonas	PDAC_061	-0.05219963086413769	0.4504275397047377	negative	False
Stenotrophomonas	PDAC_062	-0.050365792704764586	0.4586396994421922	negative	False
Corynebacterium	PDAC_001	0.19387548638655855	0.2621823125203828	positive	False
Corynebacterium	PDAC_002	0.18424199224466933	0.2922449872673238	positive	False
Corynebacterium	PDAC_003	0.22732207016854314	0.1891206574175184	positive	False
Corynebacterium	PDAC_004	0.19989008139596184	0.24941359249746123	positive	False
Corynebacterium	PDAC_005	0.23435585732209707	0.18236562272352366	positive	False
Corynebacterium	PDAC_006	0.18925108305500923	0.2755562502585277	positive	False
Corynebacterium	PDAC_007	0.1858801813988372	0.2840098034131051	positive	False
Corynebacterium	PDAC_008	0.18599433582158906	0.29086538903379683	positive	False
Corynebacterium	PDAC_009	0.20235239887011433	0.24892031936055148	positive	False
Corynebacterium	PDAC_010	0.18031874472042606	0.3100155121355066	positive	False
Corynebacterium	PDAC_011	0.1909657405175475	0.2710439029963445	positive	False
Corynebacterium	PDAC_012	0.20513862460261995	0.23880686160809664	positive	False
Corynebacterium	PDAC_013	0.18132815542077432	0.30154823982687545	positive	False
Corynebacterium	PDAC_014	0.19902463005060678	0.2513466068641154	positive	False
Corynebacterium	PDAC_015	0.19456658682683892	0.2606623958183793	positive	False
Corynebacterium	PDAC_016	0.18248700764985384	0.2917565614094461	positive	False
Corynebacterium	PDAC_017	0.20276361797348028	0.24416656719005075	positive	False
Corynebacterium	PDAC_018	0.1827045624473282	0.29192695178078965	positive	False
Corynebacterium	PDAC_019	0.18398084906814446	0.298278779296189	positive	False
Corynebacterium	PDAC_020	0.25858241557974215	0.12895187526426427	positive	False
Corynebacterium	PDAC_021	0.18049015277058164	0.30035539601795985	positive	False
Corynebacterium	PDAC_022	0.18548156937080262	0.2839291764780586	positive	False
Corynebacterium	PDAC_023	0.17967428148324355	0.30339577636930676	positive	False
Corynebacterium	PDAC_024	0.2007605188282759	0.24648538213812565	positive	False
Corynebacterium	PDAC_025	0.18882173460519475	0.2756318583031513	positive	False
Corynebacterium	PDAC_026	0.18998514441228145	0.2725418031779354	positive	False
Corynebacterium	PDAC_027	0.1893903564759914	0.27368042068573734	positive	False
Corynebacterium	PDAC_028	0.1788861169397989	0.31796510468267214	positive	False
Corynebacterium	PDAC_029	0.19544819475482225	0.2585761907234679	positive	False
Corynebacterium	PDAC_030	0.18145005452679808	0.2956220914056764	positive	False
Corynebacterium	PDAC_031	0.1952681324257395	0.2596031370744019	positive	False
Corynebacterium	PDAC_032	0.20574120888169958	0.23916525595983937	positive	False
Corynebacterium	PDAC_033	0.1994016513240386	0.2493698196618944	positive	False
Corynebacterium	PDAC_034	0.24477528030600337	0.1649865399430156	positive	False
Corynebacterium	PDAC_035	0.19357380591750087	0.263208935297017	positive	False
Corynebacterium	PDAC_036	0.18487467317937187	0.2886616523182834	positive	False
Corynebacterium	PDAC_037	0.1858208625226648	0.28790667040635615	positive	False
Corynebacterium	PDAC_038	0.17373484613939866	0.32065836760828387	positive	False
Corynebacterium	PDAC_039	0.24726840009991655	0.14862717477254797	positive	False
Corynebacterium	PDAC_040	0.2091826898810034	0.2311882555696029	positive	False
Corynebacterium	PDAC_041	0.18001527947394105	0.29760508378132067	positive	False
Corynebacterium	PDAC_042	0.18311187388688763	0.2903350841752335	positive	False
Corynebacterium	PDAC_043	0.15602899149275026	0.3854172406880445	positive	False
Corynebacterium	PDAC_044	0.2065797428622185	0.2529208396016778	positive	False
Corynebacterium	PDAC_045	0.19429147498648264	0.27631869850740814	positive	False
Corynebacterium	PDAC_046	0.20629554938180467	0.23329982494025445	positive	False
Corynebacterium	PDAC_047	0.2222738477760026	0.22173964837693802	positive	False
Corynebacterium	PDAC_048	0.193202904681969	0.2648122940090723	positive	False
Corynebacterium	PDAC_049	0.17222292143811785	0.33707778843104996	positive	False
Corynebacterium	PDAC_050	0.1914790824501527	0.28214834227933927	positive	False
Corynebacterium	PDAC_051	0.18817429784018583	0.2846108699125261	positive	False
Corynebacterium	PDAC_052	0.23756335111365418	0.17365276900697726	positive	False
Corynebacterium	PDAC_053	0.19598855250966454	0.2578416538517726	positive	False
Corynebacterium	PDAC_054	0.18042157832460007	0.3150360283826272	positive	False
Corynebacterium	PDAC_055	0.18292257917144222	0.2982652026529734	positive	False
Corynebacterium	PDAC_056	0.16083929911304748	0.35014241212510877	positive	False
Corynebacterium	PDAC_057	0.2000334965167588	0.2616282586909687	positive	False
Corynebacterium	PDAC_058	0.18506018950671177	0.29671366138427213	positive	False
Corynebacterium	PDAC_059	0.19741223762748336	0.2547916543714339	positive	False
Corynebacterium	PDAC_060	0.27467385237967124	0.08901176901742605	positive	False
Corynebacterium	PDAC_061	0.16688816570043816	0.3365375716661486	positive	False
Corynebacterium	PDAC_062	0.19569942191934722	0.2584017492520144	positive	False
Leptothrix	PDAC_001	0.1096649062084148	0.5253501423756558	positive	False
Leptothrix	PDAC_002	0.10324981020380468	0.5531727944408722	positive	False
Leptothrix	PDAC_003	0.1354103732901374	0.43197798616140193	positive	False
Leptothrix	PDAC_004	0.10783625321447521	0.5320673478103156	positive	False
Leptothrix	PDAC_005	0.08795912976585217	0.6148063149084356	positive	False
Leptothrix	PDAC_006	0.1069356278560393	0.5362391936498453	positive	False
Leptothrix	PDAC_007	0.10382911866950248	0.5481520021322632	positive	False
Leptothrix	PDAC_008	0.10539356387885546	0.5472065153339237	positive	False
Leptothrix	PDAC_009	0.12694824082173198	0.4650192097961229	positive	False
Leptothrix	PDAC_010	0.10029760839057089	0.5701292629356061	positive	False
Leptothrix	PDAC_011	0.10839832437649739	0.5304904236111121	positive	False
Leptothrix	PDAC_012	0.11870123829104504	0.49248127467666647	positive	False
Leptothrix	PDAC_013	0.10072156633267325	0.5642290718061114	positive	False
Leptothrix	PDAC_014	0.10925181779713469	0.526738271997276	positive	False
Leptothrix	PDAC_015	0.11031715016748722	0.5227850207884008	positive	False
Leptothrix	PDAC_016	0.1004289453068494	0.5607255440711343	positive	False
Leptothrix	PDAC_017	0.12340079937619146	0.47498039916092705	positive	False
Leptothrix	PDAC_018	0.12410260055893604	0.47657454000288024	positive	False
Leptothrix	PDAC_019	0.10368697168015413	0.5554338598436188	positive	False
Leptothrix	PDAC_020	0.17194251583520082	0.30761578165989983	positive	False
Leptothrix	PDAC_021	0.09941061816414945	0.56692784995392	positive	False
Leptothrix	PDAC_022	0.10306306324600902	0.5504622494673909	positive	False
Leptothrix	PDAC_023	0.09879261601010704	0.5699686817903766	positive	False
Leptothrix	PDAC_024	0.1147399252453259	0.5074918728722162	positive	False
Leptothrix	PDAC_025	0.11358751436354574	0.5112870450397617	positive	False
Leptothrix	PDAC_026	0.10703245609797707	0.5352176785949343	positive	False
Leptothrix	PDAC_027	0.12022634847599153	0.4859769119600089	positive	False
Leptothrix	PDAC_028	0.09912514602440763	0.5777231743943152	positive	False
Leptothrix	PDAC_029	0.11098133333392553	0.5203337632660072	positive	False
Leptothrix	PDAC_030	0.13554678052851687	0.43186451737641496	positive	False
Leptothrix	PDAC_031	0.1102386733365875	0.5224491225229242	positive	False
Leptothrix	PDAC_032	0.11605935334711374	0.5075465637395808	positive	False
Leptothrix	PDAC_033	0.11392327616300367	0.5101184126749628	positive	False
Leptothrix	PDAC_034	0.1449618484055547	0.4260203714203855	positive	False
Leptothrix	PDAC_035	0.10968860587230492	0.5250238655381894	positive	False
Leptothrix	PDAC_036	0.10346459553203985	0.5509526909940949	positive	False
Leptothrix	PDAC_037	0.10470231497799111	0.5473597814987167	positive	False
Leptothrix	PDAC_038	0.09333554384010474	0.5924121878362368	positive	False
Leptothrix	PDAC_039	0.09940426125008214	0.5705081990253971	positive	False
Leptothrix	PDAC_040	0.12592078956528938	0.4672365725228843	positive	False
Leptothrix	PDAC_041	0.1279692416473815	0.45902425249862155	positive	False
Leptothrix	PDAC_042	0.0932823459206763	0.587568740661402	positive	False
Leptothrix	PDAC_043	0.19398926504266784	0.24001556647615863	positive	False
Leptothrix	PDAC_044	0.09021935210190825	0.6148330865716092	positive	False
Leptothrix	PDAC_045	0.08616832810332624	0.6245841111351159	positive	False
Leptothrix	PDAC_046	0.10773338583180633	0.5325577316894721	positive	False
Leptothrix	PDAC_047	0.07979023555307152	0.6573381161265294	positive	False
Leptothrix	PDAC_048	0.10899634749994357	0.5271632130848596	positive	False
Leptothrix	PDAC_049	0.08334697347612906	0.6419683799522451	positive	False
Leptothrix	PDAC_050	0.0939576786493125	0.5958978919079587	positive	False
Leptothrix	PDAC_051	0.09234835032977178	0.5970700902431667	positive	False
Leptothrix	PDAC_052	0.12534946597669647	0.4780763429996444	positive	False
Leptothrix	PDAC_053	0.11134114594122278	0.5186481466506276	positive	False
Leptothrix	PDAC_054	0.10073320849691175	0.5778705220765166	positive	False
Leptothrix	PDAC_055	0.09164844123164763	0.6007790663912439	positive	False
Leptothrix	PDAC_056	0.08344659884837961	0.631275780293367	positive	False
Leptothrix	PDAC_057	0.09274433317099073	0.6000248234796937	positive	False
Leptothrix	PDAC_058	0.16363422021691745	0.34202550627908923	positive	False
Leptothrix	PDAC_059	0.11283104680254237	0.5130452103180314	positive	False
Leptothrix	PDAC_060	0.1768775381136001	0.29904950450232726	positive	False
Leptothrix	PDAC_061	0.09164643278092886	0.6017246823332583	positive	False
Leptothrix	PDAC_062	0.11201481364048757	0.5171849880429449	positive	False
Altererythrobacter	PDAC_001	0.022613260641255333	0.8402536693420131	positive	False
Altererythrobacter	PDAC_002	0.043226396676707385	0.7024976128101934	positive	False
Altererythrobacter	PDAC_003	0.02850410653882821	0.8020117718654848	positive	False
Altererythrobacter	PDAC_004	0.022241470279714078	0.8429648013222946	positive	False
Altererythrobacter	PDAC_005	0.030451576570671674	0.7948381270879394	positive	False
Altererythrobacter	PDAC_006	0.0023328665545819093	0.9831820324445139	positive	False
Altererythrobacter	PDAC_007	0.026113220965302945	0.8179176030488615	positive	False
Altererythrobacter	PDAC_008	-0.017618096981477864	0.8687052375983488	negative	False
Altererythrobacter	PDAC_009	0.0271447698138305	0.8123217417472779	positive	False
Altererythrobacter	PDAC_010	0.026878340755926537	0.8187367279413067	positive	False
Altererythrobacter	PDAC_011	0.0058437737912760655	0.9580694282670774	positive	False
Altererythrobacter	PDAC_012	0.019139334436775037	0.8653638021338036	positive	False
Altererythrobacter	PDAC_013	-0.022205288873834644	0.8315782574475794	negative	False
Altererythrobacter	PDAC_014	0.0230269813127859	0.8375056934775891	positive	False
Altererythrobacter	PDAC_015	0.023352881264401847	0.8352925878930504	positive	False
Altererythrobacter	PDAC_016	0.026944991438635022	0.8122034313332069	positive	False
Altererythrobacter	PDAC_017	0.026552558239568244	0.8143334845060812	positive	False
Altererythrobacter	PDAC_018	0.014430242662238517	0.8972870951847385	positive	False
Altererythrobacter	PDAC_019	0.04437434046006045	0.6981423083512031	positive	False
Altererythrobacter	PDAC_020	0.04609138720278038	0.6928694648814135	positive	False
Altererythrobacter	PDAC_021	0.031395198098131065	0.7838143242932184	positive	False
Altererythrobacter	PDAC_022	0.02596585737366383	0.8184467644400251	positive	False
Altererythrobacter	PDAC_023	0.034050557433491675	0.7663143763419948	positive	False
Altererythrobacter	PDAC_024	0.018056789501222466	0.8717971491126854	positive	False
Altererythrobacter	PDAC_025	0.020125202276206462	0.8573749671719014	positive	False
Altererythrobacter	PDAC_026	0.029621514600250434	0.7927981450608027	positive	False
Altererythrobacter	PDAC_027	0.024438117160565723	0.828310545549928	positive	False
Altererythrobacter	PDAC_028	0.04918349775171392	0.669998420453875	positive	False
Altererythrobacter	PDAC_029	0.022757797528929813	0.8394589959296596	positive	False
Altererythrobacter	PDAC_030	0.022960162110935437	0.8401725992947802	positive	False
Altererythrobacter	PDAC_031	0.02203592393003625	0.8440696937057881	positive	False
Altererythrobacter	PDAC_032	0.050307220635148225	0.6434183988140973	positive	False
Altererythrobacter	PDAC_033	0.020413863531561223	0.8553235080992807	positive	False
Altererythrobacter	PDAC_034	-0.011338842029448704	0.9177901672081152	negative	False
Altererythrobacter	PDAC_035	0.01643648843095066	0.883021203521636	positive	False
Altererythrobacter	PDAC_036	-0.009595927399399169	0.9294428684566558	negative	False
Altererythrobacter	PDAC_037	-0.011588240361150607	0.9146224696828704	negative	False
Altererythrobacter	PDAC_038	0.03379615100858527	0.770107108192051	positive	False
Altererythrobacter	PDAC_039	0.03649145401515666	0.751968265272126	positive	False
Altererythrobacter	PDAC_040	0.02170830311226147	0.8485422570730088	positive	False
Altererythrobacter	PDAC_041	0.028094020898721674	0.8044217108130487	positive	False
Altererythrobacter	PDAC_042	0.017948906482628844	0.8725546158553439	positive	False
Altererythrobacter	PDAC_043	0.015124940571330679	0.8983269663382958	positive	False
Altererythrobacter	PDAC_044	0.023689349820227266	0.8370751732142381	positive	False
Altererythrobacter	PDAC_045	0.025227150077486014	0.8248987288985253	positive	False
Altererythrobacter	PDAC_046	0.022960851230263993	0.8373140607552285	positive	False
Altererythrobacter	PDAC_047	0.02970639635027889	0.7986588818143663	positive	False
Altererythrobacter	PDAC_048	0.023180691124336805	0.8358136310389881	positive	False
Altererythrobacter	PDAC_049	0.03342303357210513	0.7719489199654385	positive	False
Altererythrobacter	PDAC_050	0.0194359134900407	0.8644363679574365	positive	False
Altererythrobacter	PDAC_051	0.01897935216490712	0.8664599145028271	positive	False
Altererythrobacter	PDAC_052	0.02220182806595615	0.8493727273879828	positive	False
Altererythrobacter	PDAC_053	0.02224479301535492	0.8426432783315243	positive	False
Altererythrobacter	PDAC_054	0.03215470709712021	0.779421731121998	positive	False
Altererythrobacter	PDAC_055	0.030634543032034296	0.7860573726398918	positive	False
Altererythrobacter	PDAC_056	0.004845778216135849	0.9654094779628747	positive	False
Altererythrobacter	PDAC_057	0.03323402174993108	0.7692784947257241	positive	False
Altererythrobacter	PDAC_058	0.022094696892491734	0.846053621224155	positive	False
Altererythrobacter	PDAC_059	0.020758559120044887	0.8530931850207195	positive	False
Altererythrobacter	PDAC_060	0.025768535432404465	0.8234603029234935	positive	False
Altererythrobacter	PDAC_061	0.019066042809634563	0.8663575793029463	positive	False
Altererythrobacter	PDAC_062	0.022128665256089152	0.8434419669619387	positive	False
Roseolovirus	PDAC_001	-0.9382409395290858	4.1626622735613365e-05	negative	False
Roseolovirus	PDAC_002	-0.9539783112704688	4.490806105413141e-05	negative	False
Roseolovirus	PDAC_003	-0.9516413703816166	4.076856756003741e-05	negative	False
Roseolovirus	PDAC_004	-0.9343321158680447	4.48440757642383e-05	negative	False
Roseolovirus	PDAC_005	-0.91366716877411	0.0001046300138386324	negative	False
Roseolovirus	PDAC_006	-0.9427249945669631	4.4511085689062374e-05	negative	False
Roseolovirus	PDAC_007	-0.9467475477547143	4.28913981646059e-05	negative	False
Roseolovirus	PDAC_008	-0.8867136896793312	8.809843772970473e-05	negative	False
Roseolovirus	PDAC_009	-0.9616720951132773	3.5775484119711986e-05	negative	False
Roseolovirus	PDAC_010	-0.9720380141924017	4.0775233863813374e-05	negative	False
Roseolovirus	PDAC_011	-0.9120457888569518	6.143777026924768e-05	negative	False
Roseolovirus	PDAC_012	-0.9528601131017751	3.647666791010015e-05	negative	False
Roseolovirus	PDAC_013	-0.9042908863339317	8.825352171761897e-05	negative	False
Roseolovirus	PDAC_014	-0.93852783510906	4.186041189121378e-05	negative	False
Roseolovirus	PDAC_015	-0.9376167552105656	4.1906474300564754e-05	negative	False
Roseolovirus	PDAC_016	-0.8989234387762451	6.827609299247956e-05	negative	False
Roseolovirus	PDAC_017	-0.9477686899416318	4.001100190357229e-05	negative	False
Roseolovirus	PDAC_018	-0.9634614310963658	2.4702017238666327e-05	negative	False
Roseolovirus	PDAC_019	-0.8984886159034109	9.858235614657233e-05	negative	False
Roseolovirus	PDAC_020	-0.9952583022458803	2.4143080737394955e-05	negative	False
Roseolovirus	PDAC_021	-0.9570243017550453	4.129517337135291e-05	negative	False
Roseolovirus	PDAC_022	-0.9462987472866525	4.13963589927832e-05	negative	False
Roseolovirus	PDAC_023	-0.9595266024077523	4.093711050877104e-05	negative	False
Roseolovirus	PDAC_024	-0.9490559826559642	3.320200395287421e-05	negative	False
Roseolovirus	PDAC_025	-0.9360638864244746	4.1462592061939694e-05	negative	False
Roseolovirus	PDAC_026	-0.9412271825737727	4.286251122287951e-05	negative	False
Roseolovirus	PDAC_027	-0.9417839569154703	4.205072673831025e-05	negative	False
Roseolovirus	PDAC_028	-0.9818132633011641	3.620503802084452e-05	negative	False
Roseolovirus	PDAC_029	-0.9371453774250809	4.183526330924974e-05	negative	False
Roseolovirus	PDAC_030	-0.8973699647726512	7.248521530579615e-05	negative	False
Roseolovirus	PDAC_031	-0.9363841545840982	4.193458979263188e-05	negative	False
Roseolovirus	PDAC_032	-0.948327999069362	3.5530429049457746e-05	negative	False
Roseolovirus	PDAC_033	-0.942352318606562	3.756565231517559e-05	negative	False
Roseolovirus	PDAC_034	-0.9780822963162861	2.940012866939281e-05	negative	False
Roseolovirus	PDAC_035	-0.9380635818566452	4.232064639538854e-05	negative	False
Roseolovirus	PDAC_036	-0.8986705248318582	7.49073666081931e-05	negative	False
Roseolovirus	PDAC_037	-0.8857845120952054	7.781493141668591e-05	negative	False
Roseolovirus	PDAC_038	-0.9712515824366696	3.533999232400225e-05	negative	False
Roseolovirus	PDAC_039	-0.8543754051244496	6.646962388439917e-05	negative	False
Roseolovirus	PDAC_040	-0.9117032503156248	6.776270711512255e-05	negative	False
Roseolovirus	PDAC_041	-0.9527856689070813	3.853325373192484e-05	negative	False
Roseolovirus	PDAC_042	-0.9296586778873925	4.55370243339025e-05	negative	False
Roseolovirus	PDAC_043	-0.9542826561324532	7.213395083526005e-05	negative	False
Roseolovirus	PDAC_044	-0.9310167820814536	6.812318251178436e-05	negative	False
Roseolovirus	PDAC_045	-0.9240124573684071	6.35395306137506e-05	negative	False
Roseolovirus	PDAC_046	-0.9305326752558977	4.4612242681741814e-05	negative	False
Roseolovirus	PDAC_047	-0.9274186988973036	8.547546983316088e-05	negative	False
Roseolovirus	PDAC_048	-0.9340712270809405	4.3182450817810614e-05	negative	False
Roseolovirus	PDAC_049	-0.9305084094457294	7.49640846135902e-05	negative	False
Roseolovirus	PDAC_050	-0.9261461717095409	6.098291805237126e-05	negative	False
Roseolovirus	PDAC_051	-0.9265120145584046	5.3642982772394734e-05	negative	False
Roseolovirus	PDAC_052	-1.0095342643500314	9.560868692197784e-06	negative	False
Roseolovirus	PDAC_053	-0.9374464851173532	4.1779770083280666e-05	negative	False
Roseolovirus	PDAC_054	-0.9240037532294414	7.397160377803415e-05	negative	False
Roseolovirus	PDAC_055	-0.9233569132335373	5.7130874173266784e-05	negative	False
Roseolovirus	PDAC_056	-0.9302667140641101	5.394942953288358e-05	negative	False
Roseolovirus	PDAC_057	-0.9223551761292067	6.290403299176699e-05	negative	False
Roseolovirus	PDAC_058	-0.9949060088755871	1.1034698009267329e-05	negative	False
Roseolovirus	PDAC_059	-0.9369967686729324	4.2948717119887475e-05	negative	False
Roseolovirus	PDAC_060	-0.9330414295535437	6.937283582765135e-05	negative	False
Roseolovirus	PDAC_061	-0.9195024114292693	6.06454637567155e-05	negative	False
Roseolovirus	PDAC_062	-0.9363812015069903	4.215247443267157e-05	negative	False
Janibacter	PDAC_001	0.2656493566136301	0.14726976377953244	positive	False
Janibacter	PDAC_002	0.2673025612698527	0.1481196570812446	positive	False
Janibacter	PDAC_003	0.2614891035445255	0.1542306301997974	positive	False
Janibacter	PDAC_004	0.26448016009997527	0.14876351022852027	positive	False
Janibacter	PDAC_005	0.25787919716978647	0.16698826624021487	positive	False
Janibacter	PDAC_006	0.26660978562444665	0.1463663340678407	positive	False
Janibacter	PDAC_007	0.2642087764260915	0.1500051118431582	positive	False
Janibacter	PDAC_008	0.2713532754410052	0.1440375992537311	positive	False
Janibacter	PDAC_009	0.2562144770467601	0.16261794297037488	positive	False
Janibacter	PDAC_010	0.2702784834929084	0.14955508156327504	positive	False
Janibacter	PDAC_011	0.267455521395904	0.14497295622762094	positive	False
Janibacter	PDAC_012	0.2557934426284576	0.1611202158340221	positive	False
Janibacter	PDAC_013	0.2666495182965466	0.15064219210424787	positive	False
Janibacter	PDAC_014	0.2655969119849357	0.1472684990684515	positive	False
Janibacter	PDAC_015	0.2662441467055335	0.14647561385999122	positive	False
Janibacter	PDAC_016	0.2607890822157349	0.15471367545319487	positive	False
Janibacter	PDAC_017	0.26064203243020373	0.15443447920911596	positive	False
Janibacter	PDAC_018	0.2761162251002079	0.13747811044832858	positive	False
Janibacter	PDAC_019	0.27152353666649115	0.14556345093593825	positive	False
Janibacter	PDAC_020	0.33053319219390564	0.06568280361223731	positive	False
Janibacter	PDAC_021	0.263090881126059	0.15369805963565042	positive	False
Janibacter	PDAC_022	0.2624787888656085	0.1519714129214747	positive	False
Janibacter	PDAC_023	0.2633415113372981	0.15405687324629838	positive	False
Janibacter	PDAC_024	0.26855111771057716	0.14469548688171338	positive	False
Janibacter	PDAC_025	0.25614812795688735	0.16222720475869573	positive	False
Janibacter	PDAC_026	0.2652355118139935	0.14781643260613006	positive	False
Janibacter	PDAC_027	0.26424881164390085	0.14912908649232728	positive	False
Janibacter	PDAC_028	0.2719887222714571	0.150326237988689	positive	False
Janibacter	PDAC_029	0.26659701368132666	0.14609823676361758	positive	False
Janibacter	PDAC_030	0.2614959983293839	0.15447873966446013	positive	False
Janibacter	PDAC_031	0.267317062935556	0.14526961943822583	positive	False
Janibacter	PDAC_032	0.267514637377555	0.1518839143936441	positive	False
Janibacter	PDAC_033	0.2582613904465218	0.159040487813569	positive	False
Janibacter	PDAC_034	0.2960256626745387	0.13185643628355698	positive	False
Janibacter	PDAC_035	0.2661772747500064	0.14645415978672802	positive	False
Janibacter	PDAC_036	0.2658682491491024	0.1488991867654978	positive	False
Janibacter	PDAC_037	0.2682213956907322	0.14641848862079637	positive	False
Janibacter	PDAC_038	0.260477786749896	0.16043283602928504	positive	False
Janibacter	PDAC_039	0.2667720884062455	0.15183622731547097	positive	False
Janibacter	PDAC_040	0.2584049537318381	0.1584877008266595	positive	False
Janibacter	PDAC_041	0.2585643451390889	0.1578631960041959	positive	False
Janibacter	PDAC_042	0.2797913922690639	0.1314173321791157	positive	False
Janibacter	PDAC_043	0.3459906182507132	0.05959631021146663	positive	False
Janibacter	PDAC_044	0.2758421091169953	0.15647217871172947	positive	False
Janibacter	PDAC_045	0.24732740035969608	0.19173690187841158	positive	False
Janibacter	PDAC_046	0.262569694050622	0.1531296578212508	positive	False
Janibacter	PDAC_047	0.2349654237476858	0.2229847011806649	positive	False
Janibacter	PDAC_048	0.26971802669894346	0.1421539635285798	positive	False
Janibacter	PDAC_049	0.33487848624368305	0.06949383540233613	positive	False
Janibacter	PDAC_050	0.2543531047141397	0.18095219915527821	positive	False
Janibacter	PDAC_051	0.2254503899352272	0.21416180304541496	positive	False
Janibacter	PDAC_052	0.2932897891304135	0.11538936352801263	positive	False
Janibacter	PDAC_053	0.26707009612123395	0.14565248590171384	positive	False
Janibacter	PDAC_054	0.2332379495652947	0.21763018780778742	positive	False
Janibacter	PDAC_055	0.253905738415995	0.17719618299696913	positive	False
Janibacter	PDAC_056	0.30083917322752185	0.10972927823789656	positive	False
Janibacter	PDAC_057	0.31610981606935934	0.08989297043678388	positive	False
Janibacter	PDAC_058	0.20635959466645482	0.2421128678671698	positive	False
Janibacter	PDAC_059	0.2723557335613753	0.13817813197135867	positive	False
Janibacter	PDAC_060	0.21826171525889917	0.23787482735334092	positive	False
Janibacter	PDAC_061	0.2398702024664311	0.1978789022738883	positive	False
Janibacter	PDAC_062	0.26731633914949043	0.1452158754861041	positive	False
Lactobacillus	PDAC_001	0.14218596793992247	0.46436054749895184	positive	False
Lactobacillus	PDAC_002	0.14151280121137874	0.4698719656442256	positive	False
Lactobacillus	PDAC_003	0.13669860488854654	0.4827207833462066	positive	False
Lactobacillus	PDAC_004	0.14091089236623397	0.46818973888936977	positive	False
Lactobacillus	PDAC_005	0.12966008561998085	0.512520148249153	positive	False
Lactobacillus	PDAC_006	0.14230942732724167	0.4643726161157169	positive	False
Lactobacillus	PDAC_007	0.13969587128405228	0.4728735243113268	positive	False
Lactobacillus	PDAC_008	0.144815745770158	0.4614174360783857	positive	False
Lactobacillus	PDAC_009	0.13083509550926767	0.502158112405482	positive	False
Lactobacillus	PDAC_010	0.14203244213568678	0.4744845673737885	positive	False
Lactobacillus	PDAC_011	0.14332991394325778	0.4609383181178617	positive	False
Lactobacillus	PDAC_012	0.1315843281675966	0.49773513693658966	positive	False
Lactobacillus	PDAC_013	0.14012481847258504	0.4759471809579714	positive	False
Lactobacillus	PDAC_014	0.1420786452347712	0.46458404367091277	positive	False
Lactobacillus	PDAC_015	0.1460030326962944	0.45258695574874475	positive	False
Lactobacillus	PDAC_016	0.1604796052182454	0.4079194848335498	positive	False
Lactobacillus	PDAC_017	0.15460062494984464	0.4258119422328718	positive	False
Lactobacillus	PDAC_018	0.15235894694748756	0.4383688418555062	positive	False
Lactobacillus	PDAC_019	0.1442080549933356	0.46529489623727627	positive	False
Lactobacillus	PDAC_020	0.13335464146689366	0.5061186919943014	positive	False
Lactobacillus	PDAC_021	0.13744134209264283	0.48220716751194026	positive	False
Lactobacillus	PDAC_022	0.13825296491326483	0.47692395984433444	positive	False
Lactobacillus	PDAC_023	0.1373618531760308	0.48321143457520677	positive	False
Lactobacillus	PDAC_024	0.14520884488239433	0.45656772578625304	positive	False
Lactobacillus	PDAC_025	0.144662253565106	0.45759280694873816	positive	False
Lactobacillus	PDAC_026	0.1413322986633836	0.4669319896058508	positive	False
Lactobacillus	PDAC_027	0.14040908966224724	0.46976913358953076	positive	False
Lactobacillus	PDAC_028	0.14243460316475387	0.476788994533507	positive	False
Lactobacillus	PDAC_029	0.1431814330756591	0.4613716098740429	positive	False
Lactobacillus	PDAC_030	0.13656386691334896	0.48341392386008786	positive	False
Lactobacillus	PDAC_031	0.14394507594962266	0.45924226008145363	positive	False
Lactobacillus	PDAC_032	0.1433929255879111	0.46859302564038363	positive	False
Lactobacillus	PDAC_033	0.13840908633136767	0.477211796925899	positive	False
Lactobacillus	PDAC_034	0.05340491117263586	0.7699744755161735	positive	False
Lactobacillus	PDAC_035	0.14263510069052118	0.46280995050990525	positive	False
Lactobacillus	PDAC_036	0.14068257844848506	0.47110708184286343	positive	False
Lactobacillus	PDAC_037	0.14263188213198225	0.465929769237694	positive	False
Lactobacillus	PDAC_038	0.19916430394211249	0.2898472017339928	positive	False
Lactobacillus	PDAC_039	0.13965436500222794	0.47889114775536157	positive	False
Lactobacillus	PDAC_040	0.1336068555103716	0.4923706708055857	positive	False
Lactobacillus	PDAC_041	0.13400063123231942	0.4907244567638197	positive	False
Lactobacillus	PDAC_042	0.15616694991787114	0.4255418735617148	positive	False
Lactobacillus	PDAC_043	0.21418057480501534	0.2782376755210529	positive	False
Lactobacillus	PDAC_044	0.11504623789340286	0.5723284894762446	positive	False
Lactobacillus	PDAC_045	0.12384611639073173	0.5399265153024385	positive	False
Lactobacillus	PDAC_046	0.14003711075073946	0.4726279499524495	positive	False
Lactobacillus	PDAC_047	0.15275735921917372	0.46635919208233145	positive	False
Lactobacillus	PDAC_048	0.1345862421976981	0.48960883956983015	positive	False
Lactobacillus	PDAC_049	0.1265544346521395	0.5411819217093502	positive	False
Lactobacillus	PDAC_050	0.15254162382501854	0.45140841026704515	positive	False
Lactobacillus	PDAC_051	0.17423699771463777	0.37763633586004863	positive	False
Lactobacillus	PDAC_052	0.15394529519301745	0.4365006569531462	positive	False
Lactobacillus	PDAC_053	0.14287296999937182	0.46246115992151415	positive	False
Lactobacillus	PDAC_054	0.2052355879957299	0.292193869003411	positive	False
Lactobacillus	PDAC_055	0.18046306968118864	0.3596624868020185	positive	False
Lactobacillus	PDAC_056	0.175410775924537	0.3765533456564556	positive	False
Lactobacillus	PDAC_057	0.14156047185576426	0.48477418026348795	positive	False
Lactobacillus	PDAC_058	0.09284486691809035	0.6341331513381105	positive	False
Lactobacillus	PDAC_059	0.14872686205494992	0.4439132009031299	positive	False
Lactobacillus	PDAC_060	0.06698198781367536	0.7224947844514773	positive	False
Lactobacillus	PDAC_061	0.18681313130441687	0.3408271220478183	positive	False
Lactobacillus	PDAC_062	0.14286189441719546	0.46255790382164963	positive	False
Acinetobacter	PDAC_001	-0.10440951440311907	0.10910861548673241	negative	False
Acinetobacter	PDAC_002	-0.09261622737044893	0.15185760734763287	negative	False
Acinetobacter	PDAC_003	-0.10371226728998736	0.11395232100714361	negative	False
Acinetobacter	PDAC_004	-0.10608774950726887	0.10334766996921245	negative	False
Acinetobacter	PDAC_005	-0.10976694006088139	0.10190456411903387	negative	False
Acinetobacter	PDAC_006	-0.10107593923469262	0.12156569482726297	negative	False
Acinetobacter	PDAC_007	-0.10715615595309758	0.10187519338206014	negative	False
Acinetobacter	PDAC_008	-0.09486245780926132	0.14695161390291764	negative	False
Acinetobacter	PDAC_009	-0.11221788499196995	0.08700308575644326	negative	False
Acinetobacter	PDAC_010	-0.09712435577392829	0.14453593458820294	negative	False
Acinetobacter	PDAC_011	-0.09994440967324077	0.12496634363145911	negative	False
Acinetobacter	PDAC_012	-0.11169918030684955	0.08617591134775902	negative	False
Acinetobacter	PDAC_013	-0.09910011009235047	0.13346311707723335	negative	False
Acinetobacter	PDAC_014	-0.10460292860894752	0.10841090056505273	negative	False
Acinetobacter	PDAC_015	-0.10451316463179272	0.10871286341251835	negative	False
Acinetobacter	PDAC_016	-0.10613616542316272	0.10525212742377799	negative	False
Acinetobacter	PDAC_017	-0.10760738156747707	0.09962174380973501	negative	False
Acinetobacter	PDAC_018	-0.10387062971756686	0.11302683317962246	negative	False
Acinetobacter	PDAC_019	-0.09795586901330801	0.13929380319647644	negative	False
Acinetobacter	PDAC_020	-0.10523292914955754	0.12254431156416859	negative	False
Acinetobacter	PDAC_021	-0.10356188164528392	0.11653355818872889	negative	False
Acinetobacter	PDAC_022	-0.10519724482372055	0.10774615780763865	negative	False
Acinetobacter	PDAC_023	-0.09917477379492566	0.13178878576158623	negative	False
Acinetobacter	PDAC_024	-0.10768270253372192	0.09934754176405494	negative	False
Acinetobacter	PDAC_025	-0.10569709520969665	0.10522270787682618	negative	False
Acinetobacter	PDAC_026	-0.1032370446405606	0.11363203104289286	negative	False
Acinetobacter	PDAC_027	-0.10661508498043158	0.10218612930726803	negative	False
Acinetobacter	PDAC_028	-0.11614773778236856	0.0827124407308179	negative	False
Acinetobacter	PDAC_029	-0.104838800683067	0.10724471807056726	negative	False
Acinetobacter	PDAC_030	-0.1119870993027391	0.08679147743487373	negative	False
Acinetobacter	PDAC_031	-0.10431087619455064	0.10890060763005656	negative	False
Acinetobacter	PDAC_032	-0.10839393964681342	0.09992651602623623	negative	False
Acinetobacter	PDAC_033	-0.10580369943537019	0.10491216385718022	negative	False
Acinetobacter	PDAC_034	-0.13256908889302715	0.0337754730461935	negative	False
Acinetobacter	PDAC_035	-0.10230053813461842	0.11674026361653499	negative	False
Acinetobacter	PDAC_036	-0.09289068120529097	0.1495631371541325	negative	False
Acinetobacter	PDAC_037	-0.09791717412919619	0.13484009611839087	negative	False
Acinetobacter	PDAC_038	-0.10463098719707045	0.11645285653933073	negative	False
Acinetobacter	PDAC_039	-0.09366149049674236	0.15220978369099908	negative	False
Acinetobacter	PDAC_040	-0.10495250285974123	0.1098560890952649	negative	False
Acinetobacter	PDAC_041	-0.11048468396061759	0.09094812063738122	negative	False
Acinetobacter	PDAC_042	-0.10886628524888821	0.09666404808431002	negative	False
Acinetobacter	PDAC_043	-0.12224032022719687	0.07248662324361464	negative	False
Acinetobacter	PDAC_044	-0.11480790811481219	0.08931131918409776	negative	False
Acinetobacter	PDAC_045	-0.10717066086514042	0.11140670630986846	negative	False
Acinetobacter	PDAC_046	-0.10498899270306429	0.10746332438451789	negative	False
Acinetobacter	PDAC_047	-0.0753815951327838	0.20453221944531724	negative	False
Acinetobacter	PDAC_048	-0.10368467652508552	0.11090747517475268	negative	False
Acinetobacter	PDAC_049	-0.10122571265821462	0.13908281742012096	negative	False
Acinetobacter	PDAC_050	-0.10537846697168456	0.11680679664578804	negative	False
Acinetobacter	PDAC_051	-0.10823357186331588	0.10328458559818009	negative	False
Acinetobacter	PDAC_052	-0.12623312480799515	0.04647895759826995	negative	False
Acinetobacter	PDAC_053	-0.10475263321165922	0.10757310730553869	negative	False
Acinetobacter	PDAC_054	-0.09873955091317237	0.14447833399294618	negative	False
Acinetobacter	PDAC_055	-0.10290006821872029	0.12182354533439921	negative	False
Acinetobacter	PDAC_056	-0.11137499138140596	0.09439344085561283	negative	False
Acinetobacter	PDAC_057	-0.09753397022354923	0.14212330633253106	negative	False
Acinetobacter	PDAC_058	-0.10310165506479178	0.12396003278992171	negative	False
Acinetobacter	PDAC_059	-0.10596496933016869	0.10368656609434224	negative	False
Acinetobacter	PDAC_060	-0.10245416405715586	0.13342856890549062	negative	False
Acinetobacter	PDAC_061	-0.08884576776855078	0.16540155968120107	negative	False
Acinetobacter	PDAC_062	-0.10437168789665525	0.10859290832413702	negative	False
Janthinobacterium	PDAC_001	-0.07290977626474453	0.5780984729042097	negative	False
Janthinobacterium	PDAC_002	-0.07088530305644579	0.590636595250821	negative	False
Janthinobacterium	PDAC_003	-0.07599046038071708	0.5622617789818428	negative	False
Janthinobacterium	PDAC_004	-0.06810956328282218	0.6018044378343395	negative	False
Janthinobacterium	PDAC_005	-0.08328779633404575	0.5305519750240135	negative	False
Janthinobacterium	PDAC_006	-0.07078006659009722	0.588875924087104	negative	False
Janthinobacterium	PDAC_007	-0.07318881462531543	0.576556806477398	negative	False
Janthinobacterium	PDAC_008	-0.06761870251700884	0.6091071962158552	negative	False
Janthinobacterium	PDAC_009	-0.08162246624771528	0.5335524810518724	negative	False
Janthinobacterium	PDAC_010	-0.07092710481310367	0.5953301016193553	negative	False
Janthinobacterium	PDAC_011	-0.0699765539986148	0.5928705574075256	negative	False
Janthinobacterium	PDAC_012	-0.06405000696482194	0.6238723312538101	negative	False
Janthinobacterium	PDAC_013	-0.07230774401180606	0.5845875596259806	negative	False
Janthinobacterium	PDAC_014	-0.07272930540828929	0.5786793342726948	negative	False
Janthinobacterium	PDAC_015	-0.07235526189845642	0.5806790940211589	negative	False
Janthinobacterium	PDAC_016	-0.0766075486062776	0.5586840247234797	negative	False
Janthinobacterium	PDAC_017	-0.07677243928543971	0.5575531426768974	negative	False
Janthinobacterium	PDAC_018	-0.06896359217525089	0.6038536843210183	negative	False
Janthinobacterium	PDAC_019	-0.06840513256389208	0.6065308189236818	negative	False
Janthinobacterium	PDAC_020	-0.08059226812219149	0.5491496511229669	negative	False
Janthinobacterium	PDAC_021	-0.07496955296277666	0.5689937992005487	negative	False
Janthinobacterium	PDAC_022	-0.07492286992670105	0.5672162653419703	negative	False
Janthinobacterium	PDAC_023	-0.07502986292418028	0.569283098898683	negative	False
Janthinobacterium	PDAC_024	-0.07233478236921394	0.5822785857273803	negative	False
Janthinobacterium	PDAC_025	-0.07206072117479961	0.5831741928128842	negative	False
Janthinobacterium	PDAC_026	-0.055026832466036894	0.6706865817945512	negative	False
Janthinobacterium	PDAC_027	-0.07339490646073202	0.5749768612349428	negative	False
Janthinobacterium	PDAC_028	-0.07118493082059876	0.5968180057417253	negative	False
Janthinobacterium	PDAC_029	-0.07223687315693167	0.5813234853864896	negative	False
Janthinobacterium	PDAC_030	-0.0760498140366076	0.5621507000996815	negative	False
Janthinobacterium	PDAC_031	-0.0733641384346507	0.5743093901118065	negative	False
Janthinobacterium	PDAC_032	-0.07990535058751111	0.547696971899003	negative	False
Janthinobacterium	PDAC_033	-0.0718133275383811	0.5845956271406683	negative	False
Janthinobacterium	PDAC_034	-0.0749650735668351	0.5965517085599406	negative	False
Janthinobacterium	PDAC_035	-0.07206529162611439	0.5819053911970331	negative	False
Janthinobacterium	PDAC_036	-0.07182903061513742	0.5846508898976409	negative	False
Janthinobacterium	PDAC_037	-0.06978676322920813	0.5960262090741086	negative	False
Janthinobacterium	PDAC_038	-0.07907782227050622	0.5501157393333218	negative	False
Janthinobacterium	PDAC_039	-0.0729023766729608	0.5826722982255194	negative	False
Janthinobacterium	PDAC_040	-0.07907778771720812	0.5460864030934907	negative	False
Janthinobacterium	PDAC_041	-0.07884282859102282	0.5470456433174761	negative	False
Janthinobacterium	PDAC_042	-0.06429650262289714	0.6280205252843254	negative	False
Janthinobacterium	PDAC_043	-0.03457765335404255	0.804518414310973	negative	False
Janthinobacterium	PDAC_044	-0.11055564647345517	0.3989234197573459	negative	False
Janthinobacterium	PDAC_045	-0.10117503525452527	0.44479441987364576	negative	False
Janthinobacterium	PDAC_046	-0.07728341203928277	0.5550238000163351	negative	False
Janthinobacterium	PDAC_047	-0.023534784266779244	0.8592343117232458	negative	False
Janthinobacterium	PDAC_048	-0.06984688475427568	0.5959137061328554	negative	False
Janthinobacterium	PDAC_049	-0.03284602700623329	0.8079817083098818	negative	False
Janthinobacterium	PDAC_050	-0.09802011905452808	0.4611841242691903	negative	False
Janthinobacterium	PDAC_051	-0.052722762005066745	0.6948466568553371	negative	False
Janthinobacterium	PDAC_052	-0.06191180830612889	0.6413834227232553	negative	False
Janthinobacterium	PDAC_053	-0.0725980562139042	0.5807605230003944	negative	False
Janthinobacterium	PDAC_054	-0.0991902439044964	0.46268731429662613	negative	False
Janthinobacterium	PDAC_055	-0.09198260959022486	0.4892918957325325	negative	False
Janthinobacterium	PDAC_056	-0.10808508735236187	0.4014128609238784	negative	False
Janthinobacterium	PDAC_057	-0.04113958589185245	0.7591216738849768	negative	False
Janthinobacterium	PDAC_058	-0.042802381309133455	0.7501978783483167	negative	False
Janthinobacterium	PDAC_059	-0.07119336987366691	0.5862365082026382	negative	False
Janthinobacterium	PDAC_060	-0.03832153994637045	0.7784458580758026	negative	False
Janthinobacterium	PDAC_061	-0.1130584230963453	0.3734208862810965	negative	False
Janthinobacterium	PDAC_062	-0.07178394538421425	0.5850696808338007	negative	False
Paracoccus	PDAC_001	0.3069344821307812	0.11442725332962274	positive	False
Paracoccus	PDAC_002	0.3353908709856352	0.08706047183459342	positive	False
Paracoccus	PDAC_003	0.2774097520049226	0.1538539664939034	positive	False
Paracoccus	PDAC_004	0.30899722036932686	0.11192866551114218	positive	False
Paracoccus	PDAC_005	0.32256747046532314	0.10946878726318844	positive	False
Paracoccus	PDAC_006	0.2881615679191628	0.1400562168093823	positive	False
Paracoccus	PDAC_007	0.3233646581214462	0.09765803806816525	positive	False
Paracoccus	PDAC_008	0.272605280204343	0.16407149939474436	positive	False
Paracoccus	PDAC_009	0.315822461923001	0.10947715912196429	positive	False
Paracoccus	PDAC_010	0.260751736734455	0.18203264893815305	positive	False
Paracoccus	PDAC_011	0.32257952920423383	0.09723266725065459	positive	False
Paracoccus	PDAC_012	0.30410546082883055	0.12025518450370523	positive	False
Paracoccus	PDAC_013	0.3455212702129715	0.0769669578910334	positive	False
Paracoccus	PDAC_014	0.30970309000412155	0.11054507630377178	positive	False
Paracoccus	PDAC_015	0.30842255944269575	0.11173089755989615	positive	False
Paracoccus	PDAC_016	0.3163018318838513	0.10621412194855365	positive	False
Paracoccus	PDAC_017	0.28383787450415343	0.14516005390627643	positive	False
Paracoccus	PDAC_018	0.29439065765976813	0.12873340677249928	positive	False
Paracoccus	PDAC_019	0.26758946889385427	0.1719380290977257	positive	False
Paracoccus	PDAC_020	0.35834840796122586	0.06975231426549351	positive	False
Paracoccus	PDAC_021	0.2710939700938037	0.16321078925520094	positive	False
Paracoccus	PDAC_022	0.3173180348340735	0.10403710404835638	positive	False
Paracoccus	PDAC_023	0.26870611564951447	0.16677570903672478	positive	False
Paracoccus	PDAC_024	0.3180252265352101	0.10389203646140556	positive	False
Paracoccus	PDAC_025	0.3137727626198296	0.10871330539432542	positive	False
Paracoccus	PDAC_026	0.31575480609826545	0.10475077482068747	positive	False
Paracoccus	PDAC_027	0.3144439777116251	0.1061247856221682	positive	False
Paracoccus	PDAC_028	0.2553979812934751	0.19145453577358218	positive	False
Paracoccus	PDAC_029	0.30728083305109566	0.11286996370463362	positive	False
Paracoccus	PDAC_030	0.31713043766157556	0.10653797236272032	positive	False
Paracoccus	PDAC_031	0.30610748309986113	0.11463601482758247	positive	False
Paracoccus	PDAC_032	0.3374807326589899	0.08369077431793326	positive	False
Paracoccus	PDAC_033	0.3031826344118412	0.1175059883172948	positive	False
Paracoccus	PDAC_034	0.41004208984320867	0.017515131067496324	positive	False
Paracoccus	PDAC_035	0.30100771399314563	0.12351568576085578	positive	False
Paracoccus	PDAC_036	0.27791866751797073	0.15421512053056483	positive	False
Paracoccus	PDAC_037	0.34024506618044975	0.08074763334143165	positive	False
Paracoccus	PDAC_038	0.32071670443187766	0.10833307981204461	positive	False
Paracoccus	PDAC_039	0.26410561509133756	0.17508301176288832	positive	False
Paracoccus	PDAC_040	0.3153822779249329	0.10824753426866938	positive	False
Paracoccus	PDAC_041	0.31598800959813417	0.1067778854981377	positive	False
Paracoccus	PDAC_042	0.3038639324165254	0.11839638815307277	positive	False
Paracoccus	PDAC_043	0.3081070127622688	0.13902455820647155	positive	False
Paracoccus	PDAC_044	0.31865851145910784	0.11404983516677694	positive	False
Paracoccus	PDAC_045	0.30937681072359596	0.1207189139846684	positive	False
Paracoccus	PDAC_046	0.30758723533313853	0.11371155850370453	positive	False
Paracoccus	PDAC_047	0.32263525271963434	0.11433171065572105	positive	False
Paracoccus	PDAC_048	0.3048664440436437	0.11573399718823225	positive	False
Paracoccus	PDAC_049	0.2950883735078465	0.1438339630240647	positive	False
Paracoccus	PDAC_050	0.3198951171283868	0.10818494004362339	positive	False
Paracoccus	PDAC_051	0.3005300081267016	0.12627974057565464	positive	False
Paracoccus	PDAC_052	0.315731486589125	0.11692274183293742	positive	False
Paracoccus	PDAC_053	0.30680898702054704	0.11411140176788014	positive	False
Paracoccus	PDAC_054	0.31049947627656266	0.12379857265071065	positive	False
Paracoccus	PDAC_055	0.30940286489827357	0.1174287435493185	positive	False
Paracoccus	PDAC_056	0.2916045783531585	0.13746764526378727	positive	False
Paracoccus	PDAC_057	0.2841406242733557	0.147571060768233	positive	False
Paracoccus	PDAC_058	0.284153688648304	0.1473682066310801	positive	False
Paracoccus	PDAC_059	0.309292048822078	0.11131815724946291	positive	False
Paracoccus	PDAC_060	0.29822982376584284	0.13890003053759545	positive	False
Paracoccus	PDAC_061	0.29508546070122493	0.13392597961682023	positive	False
Paracoccus	PDAC_062	0.3062681625164798	0.11434226051536904	positive	False
Delftia	PDAC_001	-0.019216465119186017	0.8686601915573002	negative	False
Delftia	PDAC_002	-0.020165139414752464	0.8627676813926723	negative	False
Delftia	PDAC_003	-0.05551000484542992	0.6086392469707894	negative	False
Delftia	PDAC_004	-0.017989533344491992	0.8764567141424394	negative	False
Delftia	PDAC_005	-0.027628788701950686	0.8143478652329375	negative	False
Delftia	PDAC_006	-0.010220279218269002	0.9296536776624074	negative	False
Delftia	PDAC_007	-0.019998098842014988	0.8630059272661388	negative	False
Delftia	PDAC_008	0.01013977560903658	0.9294872952132296	positive	False
Delftia	PDAC_009	-0.023423636551008372	0.8402009437976212	negative	False
Delftia	PDAC_010	0.0062247511330302124	0.9574505488218357	positive	False
Delftia	PDAC_011	-0.008885169361948156	0.9387283444797483	negative	False
Delftia	PDAC_012	-0.03089975616591795	0.7878597417853498	negative	False
Delftia	PDAC_013	-0.00925407746092769	0.9370923857456285	negative	False
Delftia	PDAC_014	-0.01678474055104973	0.8846307628335306	negative	False
Delftia	PDAC_015	-0.016368031627510396	0.8874778466660884	negative	False
Delftia	PDAC_016	-0.016286556796263216	0.8883398672917298	negative	False
Delftia	PDAC_017	-0.016978538830150016	0.8834508425091976	negative	False
Delftia	PDAC_018	-0.018616623178919305	0.8732201170538091	negative	False
Delftia	PDAC_019	0.0018059651751667308	0.9876591982887686	positive	False
Delftia	PDAC_020	-0.02069924947032974	0.8628780177634517	negative	False
Delftia	PDAC_021	-0.01696734351826798	0.884399580450324	negative	False
Delftia	PDAC_022	-0.018993146746314898	0.8697182436094306	negative	False
Delftia	PDAC_023	-0.022620914649311576	0.8461986386730797	negative	False
Delftia	PDAC_024	-0.017097896315680507	0.8826660819760215	negative	False
Delftia	PDAC_025	-0.016728281112609378	0.8850606956582167	negative	False
Delftia	PDAC_026	-0.020445345054004388	0.8596860602304888	negative	False
Delftia	PDAC_027	-0.022575233748631282	0.8451496002925568	negative	False
Delftia	PDAC_028	-0.02465427365280596	0.8359291384617933	negative	False
Delftia	PDAC_029	-0.015874151571179752	0.8906966338316282	negative	False
Delftia	PDAC_030	-0.027016792069734594	0.8151450950753821	negative	False
Delftia	PDAC_031	-0.015181163002118853	0.8959662994874221	negative	False
Delftia	PDAC_032	-0.018675931160038232	0.8734422656341868	negative	False
Delftia	PDAC_033	-0.015783038941496564	0.8916299175401041	negative	False
Delftia	PDAC_034	-0.011643367245266333	0.9252710098893173	negative	False
Delftia	PDAC_035	-0.013137569299244046	0.9093674822637776	negative	False
Delftia	PDAC_036	-0.0008277118489448532	0.9942860297051328	negative	False
Delftia	PDAC_037	0.00321587798959431	0.9777454625440992	positive	False
Delftia	PDAC_038	-0.007412383103254752	0.9497095918884702	negative	False
Delftia	PDAC_039	-0.012149100130483335	0.9178416182110336	negative	False
Delftia	PDAC_040	-0.01965951719810891	0.8654967131367942	negative	False
Delftia	PDAC_041	-0.019127233023345482	0.8689854383326755	negative	False
Delftia	PDAC_042	-0.07450901163796571	0.444696881552187	negative	False
Delftia	PDAC_043	-0.03021923127829877	0.8091607049017318	negative	False
Delftia	PDAC_044	0.03559895015966695	0.7474183832781833	positive	False
Delftia	PDAC_045	0.010587217703563759	0.9286228435430438	positive	False
Delftia	PDAC_046	-0.011721417106655769	0.9197007588058993	negative	False
Delftia	PDAC_047	0.014183387649850167	0.9064325114617413	positive	False
Delftia	PDAC_048	-0.02428009492035525	0.8321233656288399	negative	False
Delftia	PDAC_049	-0.01632044021891499	0.8944931457418636	negative	False
Delftia	PDAC_050	-0.00875679044788971	0.9419338388055023	negative	False
Delftia	PDAC_051	-0.020133953411934063	0.8648725049560768	negative	False
Delftia	PDAC_052	-0.028989151324053306	0.8046464080995546	negative	False
Delftia	PDAC_053	-0.016142839938367327	0.8890192798820136	negative	False
Delftia	PDAC_054	-0.012969140129140945	0.9155027646834368	negative	False
Delftia	PDAC_055	-0.011068536892394062	0.9259580064039564	negative	False
Delftia	PDAC_056	-0.024751089990435512	0.8344766386364074	negative	False
Delftia	PDAC_057	-0.01663156666951359	0.8897942102274424	negative	False
Delftia	PDAC_058	-0.013826513236443837	0.9083199245694551	negative	False
Delftia	PDAC_059	-0.01794688973932393	0.8767755333782399	negative	False
Delftia	PDAC_060	-0.017872603278032122	0.8839522265931891	negative	False
Delftia	PDAC_061	-0.02881094913679261	0.8069859543891618	negative	False
Delftia	PDAC_062	-0.016222656030080735	0.8883931259142308	negative	False
Sphingorhabdus	PDAC_001	0.2336126629226581	0.07638515288618006	positive	False
Sphingorhabdus	PDAC_002	0.2281195583862605	0.08706768884876238	positive	False
Sphingorhabdus	PDAC_003	0.22362439369406442	0.09077133416158183	positive	False
Sphingorhabdus	PDAC_004	0.23538029638817726	0.074273266750637	positive	False
Sphingorhabdus	PDAC_005	0.21613118613475313	0.10696886873135385	positive	False
Sphingorhabdus	PDAC_006	0.2295228911922158	0.08265096839368082	positive	False
Sphingorhabdus	PDAC_007	0.22676872207115448	0.08641953485256837	positive	False
Sphingorhabdus	PDAC_008	0.23131310330585667	0.08451705066653914	positive	False
Sphingorhabdus	PDAC_009	0.24624769138897032	0.06340883342411364	positive	False
Sphingorhabdus	PDAC_010	0.29229700151060894	0.015394573355647692	positive	False
Sphingorhabdus	PDAC_011	0.23068371931187334	0.08093724246292365	positive	False
Sphingorhabdus	PDAC_012	0.23463179571097145	0.07610550737242018	positive	False
Sphingorhabdus	PDAC_013	0.22662341048685228	0.09041497334886131	positive	False
Sphingorhabdus	PDAC_014	0.23510533048867263	0.07454976904486939	positive	False
Sphingorhabdus	PDAC_015	0.2311926521897558	0.07976791304106684	positive	False
Sphingorhabdus	PDAC_016	0.22335870439040675	0.09062462525300898	positive	False
Sphingorhabdus	PDAC_017	0.22377620059210215	0.08962750812351894	positive	False
Sphingorhabdus	PDAC_018	0.24385636951470857	0.06674944080786711	positive	False
Sphingorhabdus	PDAC_019	0.23066333734706024	0.08692900224722702	positive	False
Sphingorhabdus	PDAC_020	0.22001080193465847	0.10662666063797868	positive	False
Sphingorhabdus	PDAC_021	0.22407859429419047	0.09181477763589119	positive	False
Sphingorhabdus	PDAC_022	0.24488652497716018	0.06331061933047635	positive	False
Sphingorhabdus	PDAC_023	0.22393287769246029	0.09265091290179066	positive	False
Sphingorhabdus	PDAC_024	0.2220408860868265	0.09088390128402093	positive	False
Sphingorhabdus	PDAC_025	0.23389114029068597	0.07676467998771834	positive	False
Sphingorhabdus	PDAC_026	0.22891091929171256	0.08287696083847299	positive	False
Sphingorhabdus	PDAC_027	0.22806506268409024	0.08388163144784204	positive	False
Sphingorhabdus	PDAC_028	0.22901926752504242	0.09386017537415751	positive	False
Sphingorhabdus	PDAC_029	0.23173172431005518	0.07908855460098209	positive	False
Sphingorhabdus	PDAC_030	0.22342705570620286	0.09126337573068366	positive	False
Sphingorhabdus	PDAC_031	0.23150578778966915	0.07912088019346078	positive	False
Sphingorhabdus	PDAC_032	0.23583377217567467	0.07778975384687382	positive	False
Sphingorhabdus	PDAC_033	0.23421370576858289	0.07641267665861268	positive	False
Sphingorhabdus	PDAC_034	0.2675500246791572	0.04913560156753867	positive	False
Sphingorhabdus	PDAC_035	0.23079828170038455	0.08021278909744718	positive	False
Sphingorhabdus	PDAC_036	0.22745044097986894	0.08675232992296196	positive	False
Sphingorhabdus	PDAC_037	0.22928334659619667	0.08522287786214215	positive	False
Sphingorhabdus	PDAC_038	0.21991850436182736	0.099754835127571	positive	False
Sphingorhabdus	PDAC_039	0.22611473848509	0.09228932476502436	positive	False
Sphingorhabdus	PDAC_040	0.22052909340354135	0.09456395138588757	positive	False
Sphingorhabdus	PDAC_041	0.2436845069999724	0.06531608863081285	positive	False
Sphingorhabdus	PDAC_042	0.2226079285289307	0.09190153415475592	positive	False
Sphingorhabdus	PDAC_043	0.22178864051891167	0.12057238606098031	positive	False
Sphingorhabdus	PDAC_044	0.22316539305693028	0.10550834124002616	positive	False
Sphingorhabdus	PDAC_045	0.2235882565343527	0.10046061989821681	positive	False
Sphingorhabdus	PDAC_046	0.229090563063639	0.08253001121072866	positive	False
Sphingorhabdus	PDAC_047	0.21348243516381546	0.12329318306308902	positive	False
Sphingorhabdus	PDAC_048	0.23112209749581378	0.0796913912358735	positive	False
Sphingorhabdus	PDAC_049	0.22632295361059562	0.10414456450300495	positive	False
Sphingorhabdus	PDAC_050	0.21109649458972515	0.1147849939864684	positive	False
Sphingorhabdus	PDAC_051	0.21035041458687725	0.11136831654757097	positive	False
Sphingorhabdus	PDAC_052	0.2539558385749073	0.057653552166329655	positive	False
Sphingorhabdus	PDAC_053	0.23209143916246236	0.07837581942544326	positive	False
Sphingorhabdus	PDAC_054	0.2260083621172841	0.10208241208027637	positive	False
Sphingorhabdus	PDAC_055	0.22639929057060756	0.09333960450487638	positive	False
Sphingorhabdus	PDAC_056	0.211494122533626	0.11179962737424365	positive	False
Sphingorhabdus	PDAC_057	0.22534506351422165	0.09744374038590584	positive	False
Sphingorhabdus	PDAC_058	0.2841847043866775	0.02471773254740439	positive	False
Sphingorhabdus	PDAC_059	0.23140756372937615	0.07940116051806381	positive	False
Sphingorhabdus	PDAC_060	0.29865370732126745	0.013101167486828389	positive	False
Sphingorhabdus	PDAC_061	0.22806681541495324	0.09205664014566925	positive	False
Sphingorhabdus	PDAC_062	0.23264275426894107	0.07847125910406828	positive	False
Klebsiella	PDAC_001	-0.7038367072785935	0.0003777182785226328	negative	False
Klebsiella	PDAC_002	-0.6908306539636772	0.0005227034216317956	negative	False
Klebsiella	PDAC_003	-0.7104653681416734	0.0003604994098985697	negative	False
Klebsiella	PDAC_004	-0.7041987883463273	0.0003751283296233016	negative	False
Klebsiella	PDAC_005	-0.7198845480861206	0.0003885640274309938	negative	False
Klebsiella	PDAC_006	-0.6889057537808781	0.00047895659645158864	negative	False
Klebsiella	PDAC_007	-0.696280776056971	0.00044419026335988497	negative	False
Klebsiella	PDAC_008	-0.6759649809180938	0.0006311459788976974	negative	False
Klebsiella	PDAC_009	-0.712827322126107	0.00035963021010741616	negative	False
Klebsiella	PDAC_010	-0.7012685164599254	0.0005515467879698889	negative	False
Klebsiella	PDAC_011	-0.6912803756454933	0.0004607393281719966	negative	False
Klebsiella	PDAC_012	-0.7285447650673827	0.00023312666954955114	negative	False
Klebsiella	PDAC_013	-0.6900467308883306	0.0005580103468358094	negative	False
Klebsiella	PDAC_014	-0.7023750919830117	0.0003843441487676281	negative	False
Klebsiella	PDAC_015	-0.7011608159764304	0.0003890074051825602	negative	False
Klebsiella	PDAC_016	-0.7045729632559499	0.0003921184755277723	negative	False
Klebsiella	PDAC_017	-0.7129196158690785	0.0003306520524636001	negative	False
Klebsiella	PDAC_018	-0.7089404820790708	0.0003785622018674294	negative	False
Klebsiella	PDAC_019	-0.6819863381741917	0.0006412734644878672	negative	False
Klebsiella	PDAC_020	-0.7196750335246503	0.00045581001900478577	negative	False
Klebsiella	PDAC_021	-0.6954702231394938	0.0004882536375524336	negative	False
Klebsiella	PDAC_022	-0.6989030228254074	0.0004199458095488976	negative	False
Klebsiella	PDAC_023	-0.7185463973172302	0.00033418055870250717	negative	False
Klebsiella	PDAC_024	-0.7090382739984561	0.0003466313096563877	negative	False
Klebsiella	PDAC_025	-0.7058524097454028	0.0003636984050050846	negative	False
Klebsiella	PDAC_026	-0.6942360513998349	0.00043804380486820723	negative	False
Klebsiella	PDAC_027	-0.6995043988697107	0.0004064720576111397	negative	False
Klebsiella	PDAC_028	-0.6754726051327077	0.000794705600590019	negative	False
Klebsiella	PDAC_029	-0.7024750454753923	0.0003821796922884245	negative	False
Klebsiella	PDAC_030	-0.6956643711898022	0.00046154413283021415	negative	False
Klebsiella	PDAC_031	-0.7023367861785056	0.0003876223724046949	negative	False
Klebsiella	PDAC_032	-0.7462850159966083	0.00014662573730265467	negative	False
Klebsiella	PDAC_033	-0.7044479866567332	0.0003740383614705484	negative	False
Klebsiella	PDAC_034	-0.7635500133799826	0.00013581973808607758	negative	False
Klebsiella	PDAC_035	-0.7002591709720448	0.00039584229626855714	negative	False
Klebsiella	PDAC_036	-0.6886913898213163	0.000511607199038849	negative	False
Klebsiella	PDAC_037	-0.6943699596268954	0.0004930505761686493	negative	False
Klebsiella	PDAC_038	-0.7299681600569606	0.00027435681663660525	negative	False
Klebsiella	PDAC_039	-0.6858627813017123	0.0006101720901266908	negative	False
Klebsiella	PDAC_040	-0.7142460429270417	0.00033508438847865504	negative	False
Klebsiella	PDAC_041	-0.7101616844099906	0.00035692360780750353	negative	False
Klebsiella	PDAC_042	-0.703362147219784	0.00041028413972999707	negative	False
Klebsiella	PDAC_043	-0.7363843888745181	0.0004968791651827374	negative	False
Klebsiella	PDAC_044	-0.6601171281987867	0.0009669903987952515	negative	False
Klebsiella	PDAC_045	-0.6520128311502009	0.0008430765068220253	negative	False
Klebsiella	PDAC_046	-0.6952039027238358	0.00044463209247498343	negative	False
Klebsiella	PDAC_047	-0.6672601386731488	0.0011272501965892078	negative	False
Klebsiella	PDAC_048	-0.7010257908869061	0.0003986448462396407	negative	False
Klebsiella	PDAC_049	-0.7206856468733204	0.0005320212582748611	negative	False
Klebsiella	PDAC_050	-0.6600867370605605	0.000831195844690175	negative	False
Klebsiella	PDAC_051	-0.6990768784175706	0.0005283229217692244	negative	False
Klebsiella	PDAC_052	-0.7814194616802174	3.08310047314629e-05	negative	False
Klebsiella	PDAC_053	-0.7030849039943616	0.00038404690801060993	negative	False
Klebsiella	PDAC_054	-0.6437756421913022	0.00092888335545976	negative	False
Klebsiella	PDAC_055	-0.6774468609316764	0.0006998548649053671	negative	False
Klebsiella	PDAC_056	-0.7003112300644716	0.0005491362989417015	negative	False
Klebsiella	PDAC_057	-0.6875888385177865	0.0006996936942707077	negative	False
Klebsiella	PDAC_058	-0.7347215274196207	0.00027634094316528494	negative	False
Klebsiella	PDAC_059	-0.7034709321953477	0.0003788528259391482	negative	False
Klebsiella	PDAC_060	-0.7521607562280314	0.00019456114724663329	negative	False
Klebsiella	PDAC_061	-0.7104630479688162	0.00046423478648251236	negative	False
Klebsiella	PDAC_062	-0.7028644552981151	0.00038145986483695184	negative	False
Brachybacterium	PDAC_001	0.17569485685422698	0.1779845608382405	positive	False
Brachybacterium	PDAC_002	0.17873046747916252	0.17364218401193945	positive	False
Brachybacterium	PDAC_003	0.172718806083546	0.18620050688924678	positive	False
Brachybacterium	PDAC_004	0.17476391969778096	0.1800576592106529	positive	False
Brachybacterium	PDAC_005	0.16921587295348278	0.20237566248522953	positive	False
Brachybacterium	PDAC_006	0.1776247863583432	0.1738144136206523	positive	False
Brachybacterium	PDAC_007	0.17533108824191657	0.1795366635249561	positive	False
Brachybacterium	PDAC_008	0.1828136765231526	0.16525624835686964	positive	False
Brachybacterium	PDAC_009	0.16758835259057828	0.19954875986655415	positive	False
Brachybacterium	PDAC_010	0.18161160850963895	0.17209711009726403	positive	False
Brachybacterium	PDAC_011	0.17836014483793294	0.17190989704057752	positive	False
Brachybacterium	PDAC_012	0.17735721520736802	0.17435244165681865	positive	False
Brachybacterium	PDAC_013	0.17810993725873264	0.1767035690297014	positive	False
Brachybacterium	PDAC_014	0.17577720872755556	0.17783541893558164	positive	False
Brachybacterium	PDAC_015	0.17626710275149124	0.17687193016754096	positive	False
Brachybacterium	PDAC_016	0.17190867658158074	0.18765661425793687	positive	False
Brachybacterium	PDAC_017	0.17158108497505403	0.18794893133127208	positive	False
Brachybacterium	PDAC_018	0.1833424127579011	0.16506440274070017	positive	False
Brachybacterium	PDAC_019	0.18295349954854032	0.16661714734741004	positive	False
Brachybacterium	PDAC_020	0.17447043439432178	0.1944921046011705	positive	False
Brachybacterium	PDAC_021	0.17450375619232705	0.18356252155557037	positive	False
Brachybacterium	PDAC_022	0.1734495391765887	0.18360705250710221	positive	False
Brachybacterium	PDAC_023	0.1747847893724234	0.18357747933288698	positive	False
Brachybacterium	PDAC_024	0.17747276016603777	0.17575037470507424	positive	False
Brachybacterium	PDAC_025	0.16755111378562706	0.2025892847157978	positive	False
Brachybacterium	PDAC_026	0.17595828178830314	0.17740473573413548	positive	False
Brachybacterium	PDAC_027	0.17490787037782515	0.17981730104487206	positive	False
Brachybacterium	PDAC_028	0.18310680653227795	0.17157193902539467	positive	False
Brachybacterium	PDAC_029	0.1764923314753163	0.17655122600108056	positive	False
Brachybacterium	PDAC_030	0.17276935901503113	0.18633024270929685	positive	False
Brachybacterium	PDAC_031	0.1770209723727115	0.17514841331901926	positive	False
Brachybacterium	PDAC_032	0.17386406146655883	0.19153555862098703	positive	False
Brachybacterium	PDAC_033	0.17756230843695067	0.17475527805799057	positive	False
Brachybacterium	PDAC_034	0.19435934942486335	0.16387598204577852	positive	False
Brachybacterium	PDAC_035	0.17640817248685123	0.17645075170789162	positive	False
Brachybacterium	PDAC_036	0.17720477643716956	0.1761636924398592	positive	False
Brachybacterium	PDAC_037	0.17962679922802557	0.17107945102659305	positive	False
Brachybacterium	PDAC_038	0.17192547016683427	0.19286207994692092	positive	False
Brachybacterium	PDAC_039	0.1782148077589688	0.17778936697495065	positive	False
Brachybacterium	PDAC_040	0.1696371707628746	0.19354242080995793	positive	False
Brachybacterium	PDAC_041	0.16970878428431843	0.19296144531018336	positive	False
Brachybacterium	PDAC_042	0.1874004941738777	0.15382299956798617	positive	False
Brachybacterium	PDAC_043	0.1302168142068218	0.33134004599784717	positive	False
Brachybacterium	PDAC_044	0.18797995527770428	0.1736709341241007	positive	False
Brachybacterium	PDAC_045	0.21969695986614654	0.0867549275436416	positive	False
Brachybacterium	PDAC_046	0.18313842346233178	0.16109800620818282	positive	False
Brachybacterium	PDAC_047	0.1489336317662264	0.2807123551774943	positive	False
Brachybacterium	PDAC_048	0.17464378994110985	0.1826007901595966	positive	False
Brachybacterium	PDAC_049	0.16074009382513715	0.24779748277437955	positive	False
Brachybacterium	PDAC_050	0.1803994852707783	0.18598548379980165	positive	False
Brachybacterium	PDAC_051	0.20392739088503334	0.12019286929407348	positive	False
Brachybacterium	PDAC_052	0.21318049314790405	0.09364379305676054	positive	False
Brachybacterium	PDAC_053	0.17690318213991343	0.17676172091169343	positive	False
Brachybacterium	PDAC_054	0.15906904423849832	0.24820382920106673	positive	False
Brachybacterium	PDAC_055	0.16254640148150823	0.22663226339880863	positive	False
Brachybacterium	PDAC_056	0.15541820284075836	0.24529321927320022	positive	False
Brachybacterium	PDAC_057	0.15102550207726081	0.25943565946482333	positive	False
Brachybacterium	PDAC_058	0.21717156652197875	0.09186430105594996	positive	False
Brachybacterium	PDAC_059	0.17768863046346373	0.17369378130802507	positive	False
Brachybacterium	PDAC_060	0.22759788582816579	0.07273563742652552	positive	False
Brachybacterium	PDAC_061	0.1276675529320634	0.3104989936583872	positive	False
Brachybacterium	PDAC_062	0.17605853018060508	0.17882444748241097	positive	False
Herbaspirillum	PDAC_001	0.3652118071558464	0.009955908189028943	positive	False
Herbaspirillum	PDAC_002	0.364101543881019	0.010810194840440114	positive	False
Herbaspirillum	PDAC_003	0.3588787020462671	0.011357198278291193	positive	False
Herbaspirillum	PDAC_004	0.37113349391208716	0.00874361234196786	positive	False
Herbaspirillum	PDAC_005	0.35410630418471567	0.013895236882449064	positive	False
Herbaspirillum	PDAC_006	0.3644662000312302	0.01017378711464165	positive	False
Herbaspirillum	PDAC_007	0.3618413403247428	0.01072398926531921	positive	False
Herbaspirillum	PDAC_008	0.36788490610807384	0.010411637231405918	positive	False
Herbaspirillum	PDAC_009	0.38353502861202804	0.006948721374926319	positive	False
Herbaspirillum	PDAC_010	0.36650307967070717	0.011504720387513535	positive	False
Herbaspirillum	PDAC_011	0.36552937182444484	0.009926329954063454	positive	False
Herbaspirillum	PDAC_012	0.37090850818000065	0.008945201422088161	positive	False
Herbaspirillum	PDAC_013	0.3631848685582769	0.01131733564425193	positive	False
Herbaspirillum	PDAC_014	0.3649401169834234	0.009972979041388667	positive	False
Herbaspirillum	PDAC_015	0.36584292786791184	0.00981247156473218	positive	False
Herbaspirillum	PDAC_016	0.3584275098019887	0.011337303897115129	positive	False
Herbaspirillum	PDAC_017	0.35864919151443236	0.01120111082758174	positive	False
Herbaspirillum	PDAC_018	0.3523634802153722	0.012840627851302744	positive	False
Herbaspirillum	PDAC_019	0.367873879913554	0.010770650805650173	positive	False
Herbaspirillum	PDAC_020	0.3596394053208436	0.013947732280560973	positive	False
Herbaspirillum	PDAC_021	0.35995347190490773	0.011518426388955868	positive	False
Herbaspirillum	PDAC_022	0.36042368091237736	0.010893521652305362	positive	False
Herbaspirillum	PDAC_023	0.3600618655467526	0.011647971234677793	positive	False
Herbaspirillum	PDAC_024	0.36984327206868367	0.00928461851387476	positive	False
Herbaspirillum	PDAC_025	0.36872587238842763	0.00940721713463988	positive	False
Herbaspirillum	PDAC_026	0.3636484690050297	0.010225079044869974	positive	False
Herbaspirillum	PDAC_027	0.3627763609278582	0.010378720839522595	positive	False
Herbaspirillum	PDAC_028	0.3681555326720646	0.011833336874588955	positive	False
Herbaspirillum	PDAC_029	0.36639984115149415	0.009716212446994357	positive	False
Herbaspirillum	PDAC_030	0.3587784181424064	0.011429167103641653	positive	False
Herbaspirillum	PDAC_031	0.3662136071064324	0.009700255850330167	positive	False
Herbaspirillum	PDAC_032	0.37245707544709183	0.009635179319831516	positive	False
Herbaspirillum	PDAC_033	0.3614773230131565	0.01056599349477096	positive	False
Herbaspirillum	PDAC_034	0.41152426848223056	0.00444003249315928	positive	False
Herbaspirillum	PDAC_035	0.3654372119667372	0.009861576936822346	positive	False
Herbaspirillum	PDAC_036	0.4060621705014442	0.0032106406913649313	positive	False
Herbaspirillum	PDAC_037	0.3651127791384482	0.010533853831798478	positive	False
Herbaspirillum	PDAC_038	0.35688672485239825	0.012740788089281137	positive	False
Herbaspirillum	PDAC_039	0.36316094895358914	0.011607916987020897	positive	False
Herbaspirillum	PDAC_040	0.38822282964667154	0.005941894898475872	positive	False
Herbaspirillum	PDAC_041	0.37998551120969987	0.007360844602927533	positive	False
Herbaspirillum	PDAC_042	0.3591633018950077	0.01154209678500983	positive	False
Herbaspirillum	PDAC_043	0.3720112797410603	0.01638490411179521	positive	False
Herbaspirillum	PDAC_044	0.35413175732681007	0.016702359211363416	positive	False
Herbaspirillum	PDAC_045	0.3390728140547588	0.01766016744390786	positive	False
Herbaspirillum	PDAC_046	0.3643337725342642	0.010189646165810475	positive	False
Herbaspirillum	PDAC_047	0.37636435499756793	0.013091333579588789	positive	False
Herbaspirillum	PDAC_048	0.3700979408288189	0.009240500245954252	positive	False
Herbaspirillum	PDAC_049	0.449006120667271	0.0002602716661524459	positive	False
Herbaspirillum	PDAC_050	0.3816919293750207	0.00927723684299649	positive	False
Herbaspirillum	PDAC_051	0.3583119293590474	0.013120661762004878	positive	False
Herbaspirillum	PDAC_052	0.37807733893233114	0.008916971889283247	positive	False
Herbaspirillum	PDAC_053	0.3666739654324972	0.009620453721055269	positive	False
Herbaspirillum	PDAC_054	0.3665882588343276	0.01405533892469119	positive	False
Herbaspirillum	PDAC_055	0.372821986890501	0.010501116064824912	positive	False
Herbaspirillum	PDAC_056	0.3555507968658318	0.014108150818464584	positive	False
Herbaspirillum	PDAC_057	0.3723364350147374	0.011286632145888821	positive	False
Herbaspirillum	PDAC_058	0.32645300510488534	0.018361337595062952	positive	False
Herbaspirillum	PDAC_059	0.3714804074959837	0.008670929272889366	positive	False
Herbaspirillum	PDAC_060	0.31224519821622176	0.020057958377912393	positive	False
Herbaspirillum	PDAC_061	0.3590011772793652	0.013518887029548945	positive	False
Herbaspirillum	PDAC_062	0.36733825175276413	0.00967349662133895	positive	False
Melaminivora	PDAC_001	0.013572520619887528	0.9226908624285235	positive	False
Melaminivora	PDAC_002	-0.015829361906962453	0.9096428840700979	negative	False
Melaminivora	PDAC_003	0.023236716589386634	0.8691856412009613	positive	False
Melaminivora	PDAC_004	0.014455825022923339	0.917733322857716	positive	False
Melaminivora	PDAC_005	0.026755432220015984	0.8535414133300423	positive	False
Melaminivora	PDAC_006	-0.0022607653994976434	0.9871321931550607	negative	False
Melaminivora	PDAC_007	-0.00705809845214236	0.9597303323418409	negative	False
Melaminivora	PDAC_008	0.03863093267710337	0.78426561177564	positive	False
Melaminivora	PDAC_009	0.01943684732610041	0.8911737941121949	positive	False
Melaminivora	PDAC_010	-0.030583188376015744	0.8241156888918194	negative	False
Melaminivora	PDAC_011	0.0007204775481266444	0.9959021357084517	positive	False
Melaminivora	PDAC_012	0.01667229781817804	0.9056899623790539	positive	False
Melaminivora	PDAC_013	0.028755999090276412	0.8402687184900799	positive	False
Melaminivora	PDAC_014	0.014836933327228264	0.9155091542326016	positive	False
Melaminivora	PDAC_015	0.011120382570509338	0.9367878572535956	positive	False
Melaminivora	PDAC_016	0.016555598751081747	0.9065961594996631	positive	False
Melaminivora	PDAC_017	0.016941040942841615	0.9041422648994994	positive	False
Melaminivora	PDAC_018	0.008380129594361465	0.9522441090028209	positive	False
Melaminivora	PDAC_019	0.04417195127590565	0.7536935387162264	positive	False
Melaminivora	PDAC_020	0.04054325048555941	0.7795496968029081	positive	False
Melaminivora	PDAC_021	-0.01887634005764127	0.891675623195228	negative	False
Melaminivora	PDAC_022	0.016630024269641986	0.9059430095208739	positive	False
Melaminivora	PDAC_023	0.026885808761257388	0.8500634020551872	positive	False
Melaminivora	PDAC_024	0.007365728075038738	0.9578404124144858	positive	False
Melaminivora	PDAC_025	0.01923526811727488	0.8907391881971938	positive	False
Melaminivora	PDAC_026	0.021448260200872933	0.8782911865768117	positive	False
Melaminivora	PDAC_027	0.016367007964421122	0.9071011995309953	positive	False
Melaminivora	PDAC_028	-0.03708657757395418	0.7853313510725614	negative	False
Melaminivora	PDAC_029	0.012724515462424273	0.9276685110901688	positive	False
Melaminivora	PDAC_030	0.019328839785531196	0.8913603164381027	positive	False
Melaminivora	PDAC_031	0.012936625054963936	0.9261805019341456	positive	False
Melaminivora	PDAC_032	0.034806760720298605	0.8026847465442628	positive	False
Melaminivora	PDAC_033	0.01125053788884878	0.9357395169107335	positive	False
Melaminivora	PDAC_034	0.08385680883742878	0.4982735094806514	positive	False
Melaminivora	PDAC_035	0.016177579397179676	0.9078819949667521	positive	False
Melaminivora	PDAC_036	0.03202795142109781	0.8198136925844698	positive	False
Melaminivora	PDAC_037	0.03549152787931095	0.8006462053052432	positive	False
Melaminivora	PDAC_038	0.021642530220071756	0.8804787890682388	positive	False
Melaminivora	PDAC_039	-0.02643825094032501	0.8479953483374536	negative	False
Melaminivora	PDAC_040	0.02250215453294335	0.8733435198106322	positive	False
Melaminivora	PDAC_041	0.020239242465014202	0.8858701872462637	positive	False
Melaminivora	PDAC_042	0.00431318780910614	0.9753299135907698	positive	False
Melaminivora	PDAC_043	0.0153767183250023	0.9180761868349249	positive	False
Melaminivora	PDAC_044	0.008838337042014309	0.9512358188988166	positive	False
Melaminivora	PDAC_045	0.010915001960883986	0.9391660587568722	positive	False
Melaminivora	PDAC_046	0.014442518030715867	0.9176729951289917	positive	False
Melaminivora	PDAC_047	0.0012830619013565329	0.9929837427102003	positive	False
Melaminivora	PDAC_048	0.013813064973152885	0.9212609228902415	positive	False
Melaminivora	PDAC_049	0.014934356206433122	0.9183460689835978	positive	False
Melaminivora	PDAC_050	0.011724970205163424	0.9345758940356189	positive	False
Melaminivora	PDAC_051	0.01422742304349086	0.919914433443094	positive	False
Melaminivora	PDAC_052	0.015800804583741102	0.9133420013051661	positive	False
Melaminivora	PDAC_053	0.013516888819497041	0.9229643936057308	positive	False
Melaminivora	PDAC_054	0.014009354206734869	0.9229089304738446	positive	False
Melaminivora	PDAC_055	0.007993724703485012	0.9549905505497953	positive	False
Melaminivora	PDAC_056	0.0012913365926630839	0.9927065608606467	positive	False
Melaminivora	PDAC_057	0.009823712997676811	0.9451123091550999	positive	False
Melaminivora	PDAC_058	0.0025768616802289168	0.9855311541110205	positive	False
Melaminivora	PDAC_059	0.013312089614055474	0.9242326970434629	positive	False
Melaminivora	PDAC_060	-0.0005837345330859121	0.9967679276752737	negative	False
Melaminivora	PDAC_061	0.00867404361298683	0.9512735429962553	positive	False
Melaminivora	PDAC_062	0.013427109603878037	0.9234491395813955	positive	False
