analysis_id	candidate_K	sample_id	patient_id	public_subtype	final_cluster_assignment	item_consensus	bootstrap_assignment_frequency	assignment_entropy	silhouette_width	co_clustering_probability	distance_to_assigned_centroid	distance_to_alternative_centroids	assignment_confidence
STAB_CSY_PRIMARY	2	YX15261T	PDAC_001	Classical	1	0.990833177585933	1	0	0.19313183052747	0.714859537717242	5.84823711801652	cluster_1=5.848237;cluster_2=10.063460	1
STAB_CSY_PRIMARY	2	YX15263T	PDAC_002	Classical	1	0.990594741532977	1	0	0.269794561309368	0.714717030744014	14.6064163430561	cluster_1=14.606416;cluster_2=18.839652	1
STAB_CSY_PRIMARY	2	YX15271T	PDAC_003	Hybrid	1	0.990458375566819	1	0	0.240461058690383	0.714586874484584	4.6688057711562	cluster_1=4.668806;cluster_2=8.604488	1
STAB_CSY_PRIMARY	2	YX16036T	PDAC_004	Hybrid	1	0.990606727283903	1	0	0.254887313825859	0.714698043921962	3.85927868445808	cluster_1=3.859279;cluster_2=8.280313	1
STAB_CSY_PRIMARY	2	YX16041T	PDAC_005	Classical	1	0.99034130262664	1	0	0.278593689512586	0.714559190250184	11.2175402143898	cluster_1=11.217540;cluster_2=15.307691	1
STAB_CSY_PRIMARY	2	YX16057T	PDAC_006	Classical	1	0.989794259790253	1	0	0.305480049442076	0.714140579307342	4.5473707778353	cluster_1=4.547371;cluster_2=9.556905	1
STAB_CSY_PRIMARY	2	YX16062T	PDAC_007	Classical	1	0.989815903443348	1	0	0.238119210840021	0.714122444745865	11.1021486458468	cluster_1=11.102149;cluster_2=15.153504	1
STAB_CSY_PRIMARY	2	YX16112T	PDAC_008	Classical	1	0.990940578735948	1	0	0.209853697728193	0.714931953881626	12.1937141667749	cluster_1=12.193714;cluster_2=15.529173	1
STAB_CSY_PRIMARY	2	YX16113T	PDAC_009	Hybrid	1	0.990251817384371	1	0	0.173647083629107	0.714412418185882	7.11887253021867	cluster_1=7.118873;cluster_2=10.657426	1
STAB_CSY_PRIMARY	2	YX16119T	PDAC_010	Classical	1	0.989818201173691	1	0	0.235320649033082	0.714151719195655	7.03809132016002	cluster_1=7.038091;cluster_2=11.125935	1
STAB_CSY_PRIMARY	2	YX16120T	PDAC_011	Classical	1	0.989932908585014	1	0	0.256916015028591	0.714209902873797	6.31976790549388	cluster_1=6.319768;cluster_2=10.810031	1
STAB_CSY_PRIMARY	2	YX16127T	PDAC_012	Classical	1	0.990739513534558	1	0	0.268131121151634	0.71479250028015	6.39147103492264	cluster_1=6.391471;cluster_2=11.046551	1
STAB_CSY_PRIMARY	2	YX16128T	PDAC_013	Classical	1	0.990292662373773	1	0	0.270153253052799	0.714497274965966	5.40151653528499	cluster_1=5.401517;cluster_2=9.957574	1
STAB_CSY_PRIMARY	2	YX16130T	PDAC_014	Hybrid	1	0.990366750923475	1	0	0.215051641698396	0.714547989560878	5.58451604539324	cluster_1=5.584516;cluster_2=9.600638	1
STAB_CSY_PRIMARY	2	YX16132T	PDAC_015	Hybrid	1	0.991806848217828	1	0	0.277802500883932	0.715586748265001	3.8721005875961	cluster_1=3.872101;cluster_2=8.348853	1
STAB_CSY_PRIMARY	2	YX16135T	PDAC_016	Hybrid	1	0.990017623968533	1	0	0.171234150654528	0.714294093917011	7.82604017357575	cluster_1=7.826040;cluster_2=10.859470	1
STAB_CSY_PRIMARY	2	YX16139T	PDAC_017	Classical	1	0.990355164067022	1	0	0.181387389295236	0.71454174538592	4.21285627968195	cluster_1=4.212856;cluster_2=8.398194	1
STAB_CSY_PRIMARY	2	YX16141T	PDAC_018	Hybrid	1	0.990230552529067	1	0	0.135710804451377	0.714399475335893	5.86746922354456	cluster_1=5.867469;cluster_2=9.195994	1
STAB_CSY_PRIMARY	2	YX16144T	PDAC_019	Hybrid	1	0.982194530107239	0.985897435897436	0.106902692278258	0.201946689991185	0.712656406850681	4.7486970218349	cluster_1=4.748697;cluster_2=8.642286	0.985897435897436
STAB_CSY_PRIMARY	2	YX16147T	PDAC_020	Classical	1	0.990843802290237	1	0	0.165016035695634	0.714864130578806	15.737943716766	cluster_1=15.737944;cluster_2=18.316966	1
STAB_CSY_PRIMARY	2	YX16153T	PDAC_021	Classical	1	0.990509427542641	1	0	0.282873940742657	0.714624462807067	12.6441317883477	cluster_1=12.644132;cluster_2=16.798881	1
STAB_CSY_PRIMARY	2	YX16155T	PDAC_022	Hybrid	1	0.989610492820602	1	0	0.229271919622213	0.713950901747247	15.737353277353	cluster_1=15.737353;cluster_2=19.118134	1
STAB_CSY_PRIMARY	2	YX16158T	PDAC_023	Hybrid	1	0.891847122820376	0.890258939580765	0.499134423861482	-0.00734604399009489	0.674212052201059	7.3722306145094	cluster_1=7.372231;cluster_2=9.589847	0.890258939580765
STAB_CSY_PRIMARY	2	YX16159T	PDAC_024	Hybrid	1	0.990904115653684	1	0	0.0998403315638546	0.714912021401817	5.0800299797459	cluster_1=5.080030;cluster_2=8.210788	1
STAB_CSY_PRIMARY	2	YX16160T	PDAC_025	Basal	2	0.999184339314845	1	0	0.251858469303136	0.268520739375785	8.16231936367556	cluster_1=8.175429;cluster_2=8.162319	1
STAB_CSY_PRIMARY	2	YX16161T	PDAC_026	Hybrid	1	0.990676428983427	1	0	0.155518748955537	0.714723575158213	4.7744603894249	cluster_1=4.774460;cluster_2=8.196629	1
STAB_CSY_PRIMARY	2	YX16166T	PDAC_027	Classical	1	0.990572602603132	1	0	0.230633421534978	0.714690409038611	5.34743516729301	cluster_1=5.347435;cluster_2=9.735736	1
STAB_CSY_PRIMARY	2	YX16177T	PDAC_028	Classical	1	0.990030219697464	1	0	0.280120290262223	0.71425387333672	10.5631796673246	cluster_1=10.563180;cluster_2=14.988129	1
STAB_CSY_PRIMARY	2	YX16178T	PDAC_029	Classical	1	0.989775227275142	1	0	0.184434960903445	0.714071712506823	12.1505177385316	cluster_1=12.150518;cluster_2=15.383941	1
STAB_CSY_PRIMARY	2	YX16180T	PDAC_030	Hybrid	1	0.991462313149744	1	0	0.197612412438414	0.71536639194541	5.84416351121765	cluster_1=5.844164;cluster_2=9.330861	1
STAB_CSY_PRIMARY	2	YX16185T	PDAC_031	Classical	1	0.990135525637796	1	0	0.0974883449720646	0.714331824159974	13.1476912903201	cluster_1=13.147691;cluster_2=15.582369	1
STAB_CSY_PRIMARY	2	YX16188T	PDAC_032	Hybrid	1	0.750019563419443	0.743523316062176	0.821382961247863	-0.156552456041467	0.614030840191548	6.42768329685983	cluster_1=6.427683;cluster_2=8.084965	0.743523316062176
STAB_CSY_PRIMARY	2	YX16194T	PDAC_033	Hybrid	1	0.99018292609708	1	0	0.150869477462673	0.714390765188416	5.89198616877457	cluster_1=5.891986;cluster_2=9.313298	1
STAB_CSY_PRIMARY	2	YX16202T	PDAC_034	Basal	2	0.999279242174629	1	0	0.329155548822197	0.269639490587176	8.48982036351685	cluster_1=10.479094;cluster_2=8.489820	1
STAB_CSY_PRIMARY	2	YX16203T	PDAC_035	Hybrid	1	0.99056697784496	1	0	0.228340967581868	0.714697318510684	4.70552080578594	cluster_1=4.705521;cluster_2=8.628083	1
STAB_CSY_PRIMARY	2	YX16207T	PDAC_036	Hybrid	1	0.991198833710896	1	0	0.310424525687179	0.715119469409751	4.4228139981039	cluster_1=4.422814;cluster_2=9.110266	1
STAB_CSY_PRIMARY	2	YX16218T	PDAC_037	Hybrid	1	0.990249916291825	1	0	0.342131497116487	0.714438045739312	4.80027680189113	cluster_1=4.800277;cluster_2=10.162468	1
STAB_CSY_PRIMARY	2	YX16222T	PDAC_038	Classical	1	0.989501901256824	1	0	0.310871838062985	0.713920937011105	6.80108451205114	cluster_1=6.801085;cluster_2=11.576273	1
STAB_CSY_PRIMARY	2	YX16224T	PDAC_039	Hybrid	1	0.990274002040162	1	0	0.290143835883467	0.714488219391794	5.31635807072104	cluster_1=5.316358;cluster_2=10.062948	1
STAB_CSY_PRIMARY	2	YX16227T	PDAC_040	Classical	1	0.990214380827087	1	0	0.347346488526322	0.7144366025638	7.47530291506337	cluster_1=7.475303;cluster_2=12.613350	1
STAB_CSY_PRIMARY	2	YX16236T	PDAC_041	Classical	1	0.990407932475694	1	0	0.299160730086408	0.714552024626037	7.49413612095112	cluster_1=7.494136;cluster_2=12.343414	1
STAB_CSY_PRIMARY	2	YX15047T	PDAC_042	Basal	2	0.989471806792443	0.98978288633461	0.0822290494937995	0.178042969574154	0.274195159869479	11.7797543628819	cluster_1=12.957452;cluster_2=11.779754	0.98978288633461
STAB_CSY_PRIMARY	2	YX15106T	PDAC_043	Basal	2	0.999285130718954	1	0	0.491505608446065	0.268893378791774	7.66739590255098	cluster_1=12.686821;cluster_2=7.667396	1
STAB_CSY_PRIMARY	2	YX15166T	PDAC_044	Basal	2	0.9991961414791	1	0	0.470632166496501	0.268977136480795	5.71031393950507	cluster_1=8.050554;cluster_2=5.710314	1
STAB_CSY_PRIMARY	2	YX15187T	PDAC_045	Basal	2	0.9992	1	0	0.45633678337858	0.268853052784837	9.27443458183685	cluster_1=13.820087;cluster_2=9.274435	1
STAB_CSY_PRIMARY	2	YX15211T	PDAC_046	Hybrid	1	0.990211697102987	1	0	0.0721674806061962	0.714435256189961	4.62393065384469	cluster_1=4.623931;cluster_2=7.768230	1
STAB_CSY_PRIMARY	2	YX15214T	PDAC_047	Basal	2	0.999297752808989	1	0	0.406018365262468	0.269487483635417	18.8339963345424	cluster_1=23.766844;cluster_2=18.833996	1
STAB_CSY_PRIMARY	2	YX16009T	PDAC_048	Hybrid	1	0.961018772418773	0.961636828644501	0.234736390235947	0.0202527204865549	0.704396479434044	5.76390073036641	cluster_1=5.763901;cluster_2=8.336016	0.961636828644501
STAB_CSY_PRIMARY	2	YX16011T	PDAC_049	Basal	2	0.999499198717949	1	0	0.438548598876315	0.269171753301597	8.1880046078091	cluster_1=12.269276;cluster_2=8.188005	1
STAB_CSY_PRIMARY	2	YX16068T	PDAC_050	Basal	2	0.999395161290323	1	0	0.493398053575144	0.269174947407757	5.54563544212613	cluster_1=9.534531;cluster_2=5.545635	1
STAB_CSY_PRIMARY	2	YX16070T	PDAC_051	Basal	2	0.999478297161937	1	0	0.36326884662877	0.269235821539932	6.68105125435373	cluster_1=8.383415;cluster_2=6.681051	1
STAB_CSY_PRIMARY	2	YX16075T	PDAC_052	Hybrid	1	0.990047845706753	1	0	0.250267981054629	0.714263185847432	5.4259940815083	cluster_1=5.425994;cluster_2=9.595241	1
STAB_CSY_PRIMARY	2	YX16079T	PDAC_053	Basal	2	0.999384236453202	1	0	0.317622126644475	0.269064650345996	9.28823480274805	cluster_1=11.483710;cluster_2=9.288235	1
STAB_CSY_PRIMARY	2	YX16087T	PDAC_054	Basal	2	0.99948003327787	1	0	0.494053717034443	0.269212760916685	9.25096391509606	cluster_1=14.319589;cluster_2=9.250964	1
STAB_CSY_PRIMARY	2	YX16094T	PDAC_055	Basal	2	0.999205087440382	1	0	0.37113992250861	0.268997425284081	10.1626680228369	cluster_1=13.424202;cluster_2=10.162668	1
STAB_CSY_PRIMARY	2	YX16172T	PDAC_056	Basal	2	0.999292071197411	1	0	0.425973136257251	0.269073542554816	5.72130043053559	cluster_1=7.743937;cluster_2=5.721300	1
STAB_CSY_PRIMARY	2	YX16295T	PDAC_057	Basal	2	0.999803459119497	1	0	0.529255218964847	0.268958317436467	6.98100517065924	cluster_1=12.429417;cluster_2=6.981005	1
STAB_CSY_PRIMARY	2	YX16327T	PDAC_058	Basal	2	0.999188311688312	1	0	0.289033477654316	0.269528885238648	10.7851080849611	cluster_1=13.048811;cluster_2=10.785108	1
STAB_CSY_PRIMARY	2	YX16335T	PDAC_059	Classical	1	0.989969846938052	1	0	0.25090310954993	0.714263506831805	5.2094225515482	cluster_1=5.209423;cluster_2=9.797420	1
STAB_CSY_PRIMARY	2	YX16341T	PDAC_060	Basal	2	0.999303343949045	1	0	0.52129591071458	0.268742419934523	6.04570040045521	cluster_1=10.881622;cluster_2=6.045700	1
STAB_CSY_PRIMARY	2	YX16343T	PDAC_061	Hybrid	1	0.99020822172207	1	0	0.00794202557860417	0.714435449298965	22.635385458865	cluster_1=22.635385;cluster_2=23.527026	1
STAB_CSY_PRIMARY	2	YX16347T	PDAC_062	Classical	1	0.990110919432406	1	0	0.0997577653735418	0.714370908548669	10.2489504152035	cluster_1=10.248950;cluster_2=12.831741	1
STAB_CSY_PRIMARY	3	YX15261T	PDAC_001	Classical	1	0.878348935148471	0.975949367088608	0.163616136431656	0.200065337867022	0.328714868514471	6.30776653223706	cluster_1=6.307767;cluster_2=6.841382;cluster_3=10.063460	0.975949367088608
STAB_CSY_PRIMARY	3	YX15263T	PDAC_002	Classical	1	0.892916708815785	1	0	0.361787628595484	0.324406719655893	12.638649390902	cluster_1=12.638649;cluster_2=16.809943;cluster_3=18.839652	1
STAB_CSY_PRIMARY	3	YX15271T	PDAC_003	Hybrid	2	0.941274800984725	0.996259351620948	0.0355454711536524	0.328657194206779	0.378857143862813	3.39730478694618	cluster_1=7.161111;cluster_2=3.397305;cluster_3=8.604488	0.996259351620948
STAB_CSY_PRIMARY	3	YX16036T	PDAC_004	Hybrid	2	0.932097718516499	0.982051282051282	0.129762859053042	0.20716168315601	0.3780217632215	3.12750950420235	cluster_1=6.245051;cluster_2=3.127510;cluster_3=8.280313	0.982051282051282
STAB_CSY_PRIMARY	3	YX16041T	PDAC_005	Classical	1	0.882516770848147	0.970588235294118	0.191433254814193	0.14529219684889	0.331425148637683	10.3677225334548	cluster_1=10.367723;cluster_2=12.701378;cluster_3=15.307691	0.970588235294118
STAB_CSY_PRIMARY	3	YX16057T	PDAC_006	Classical	1	0.626493656168833	0.582165605095541	0.980431557439793	0.0865373308650146	0.381774977425428	5.5932010474438	cluster_1=5.593201;cluster_2=5.336681;cluster_3=9.556905	0.582165605095541
STAB_CSY_PRIMARY	3	YX16062T	PDAC_007	Classical	1	0.889504210321697	1	0	0.268653064049621	0.322684561477867	9.99307033889728	cluster_1=9.993070;cluster_2=12.789938;cluster_3=15.153504	1
STAB_CSY_PRIMARY	3	YX16112T	PDAC_008	Classical	1	0.638750238791424	0.592269326683292	0.975293500062688	0.0213537276251382	0.383745652425993	11.9606583341652	cluster_1=11.960658;cluster_2=13.115526;cluster_3=15.529173	0.592269326683292
STAB_CSY_PRIMARY	3	YX16113T	PDAC_009	Hybrid	2	0.870789203316304	0.906565656565657	0.447830492123179	-0.0205336631389877	0.380542098904281	7.0143793199254	cluster_1=8.425189;cluster_2=7.014379;cluster_3=10.657426	0.906565656565657
STAB_CSY_PRIMARY	3	YX16119T	PDAC_010	Classical	1	0.89201347494127	0.98625	0.104735885492688	0.112449226763534	0.328664858113211	7.36595993140487	cluster_1=7.365960;cluster_2=7.934937;cluster_3=11.125935	0.98625
STAB_CSY_PRIMARY	3	YX16120T	PDAC_011	Classical	1	0.895699475704088	1	0	0.270043350910282	0.325568604925397	6.06717275572894	cluster_1=6.067173;cluster_2=7.802442;cluster_3=10.810031	1
STAB_CSY_PRIMARY	3	YX16127T	PDAC_012	Classical	1	0.889125096990555	1	0	0.271778527644461	0.323250838319083	5.9965682211032	cluster_1=5.996568;cluster_2=7.967187;cluster_3=11.046551	1
STAB_CSY_PRIMARY	3	YX16128T	PDAC_013	Classical	1	0.536942532740011	0.459798994974874	0.995331823891102	0.0721040067919749	0.395292239744306	6.03168267836326	cluster_1=6.031683;cluster_2=6.342761;cluster_3=9.957574	0.540201005025126
STAB_CSY_PRIMARY	3	YX16130T	PDAC_014	Hybrid	2	0.928873614315212	0.978535353535353	0.149586978758277	0.233956017228425	0.377314594996949	4.54756718036507	cluster_1=7.805918;cluster_2=4.547567;cluster_3=9.600638	0.978535353535353
STAB_CSY_PRIMARY	3	YX16132T	PDAC_015	Hybrid	2	0.887461962218853	0.92191435768262	0.395397649450382	0.06063284907104	0.388349760672124	3.78310139772061	cluster_1=5.870856;cluster_2=3.783101;cluster_3=8.348853	0.92191435768262
STAB_CSY_PRIMARY	3	YX16135T	PDAC_016	Hybrid	2	0.940024516431151	0.995006242197253	0.0453670173645079	0.288056319082251	0.377808899092482	6.81044914573971	cluster_1=9.774905;cluster_2=6.810449;cluster_3=10.859470	0.995006242197253
STAB_CSY_PRIMARY	3	YX16139T	PDAC_017	Classical	1	0.894313012128607	1	0	0.268418209072432	0.324610062979985	5.30307881997975	cluster_1=5.303079;cluster_2=5.076468;cluster_3=8.398194	1
STAB_CSY_PRIMARY	3	YX16141T	PDAC_018	Hybrid	2	0.938432185928209	0.996134020618557	0.0365522670117791	0.285343738207579	0.375823000526154	4.55919422361303	cluster_1=8.212776;cluster_2=4.559194;cluster_3=9.195994	0.996134020618557
STAB_CSY_PRIMARY	3	YX16144T	PDAC_019	Hybrid	2	0.932891503642636	0.985897435897436	0.118824308051139	0.11969266523619	0.380474001403437	4.23745044636226	cluster_1=6.790773;cluster_2=4.237450;cluster_3=8.642286	0.985897435897436
STAB_CSY_PRIMARY	3	YX16147T	PDAC_020	Classical	1	0.413426200627879	0.327930174563591	0.912797650136372	-0.0533239395818713	0.397092183340544	15.6379192415023	cluster_1=15.637919;cluster_2=16.389953;cluster_3=18.316966	0.672069825436409
STAB_CSY_PRIMARY	3	YX16153T	PDAC_021	Classical	1	0.893369570550188	0.994955863808323	0.0457514622353545	0.324176133797949	0.325175330608077	10.8556963352205	cluster_1=10.855696;cluster_2=14.765517;cluster_3=16.798881	0.994955863808323
STAB_CSY_PRIMARY	3	YX16155T	PDAC_022	Hybrid	2	0.825813608068984	0.861111111111111	0.581321498763703	0.00225086596182505	0.372992723861334	15.9912461069311	cluster_1=16.062502;cluster_2=15.991246;cluster_3=19.118134	0.861111111111111
STAB_CSY_PRIMARY	3	YX16158T	PDAC_023	Hybrid	2	0.857670779554731	0.895191122071517	0.484056605627113	0.0849769249481872	0.371490370089389	6.31337198914312	cluster_1=9.394738;cluster_2=6.313372;cluster_3=9.589847	0.895191122071517
STAB_CSY_PRIMARY	3	YX16159T	PDAC_024	Hybrid	2	0.937199389756289	0.99614890885751	0.0364329801420613	0.319538534987507	0.374616938399983	3.24437485213894	cluster_1=7.780972;cluster_2=3.244375;cluster_3=8.210788	0.99614890885751
STAB_CSY_PRIMARY	3	YX16160T	PDAC_025	Basal	3	0.999184339314845	1	0	0.21166347866668	0.268281572750116	8.16231936367556	cluster_1=9.903424;cluster_2=7.409557;cluster_3=8.162319	1
STAB_CSY_PRIMARY	3	YX16161T	PDAC_026	Hybrid	2	0.938883421857895	0.994784876140808	0.0470508961408125	0.324690072747211	0.378570667199552	3.36662035773508	cluster_1=7.317055;cluster_2=3.366620;cluster_3=8.196629	0.994784876140808
STAB_CSY_PRIMARY	3	YX16166T	PDAC_027	Classical	1	0.891160000758195	1	0	0.298710340152387	0.323893291585112	5.36185657392707	cluster_1=5.361857;cluster_2=6.811250;cluster_3=9.735736	1
STAB_CSY_PRIMARY	3	YX16177T	PDAC_028	Classical	1	0.892147570572983	0.998726114649682	0.0140870376817623	0.33265452464169	0.32448691921325	8.96268253869423	cluster_1=8.962683;cluster_2=12.626120;cluster_3=14.988129	0.998726114649682
STAB_CSY_PRIMARY	3	YX16178T	PDAC_029	Classical	1	0.895790345721686	1	0	0.219709620359477	0.321943853311006	11.0966554888006	cluster_1=11.096655;cluster_2=13.748273;cluster_3=15.383941	1
STAB_CSY_PRIMARY	3	YX16180T	PDAC_030	Hybrid	2	0.938201871718809	0.994845360824742	0.0465921813998105	0.343170487889908	0.377332741502908	4.56379134738383	cluster_1=8.176035;cluster_2=4.563791;cluster_3=9.330861	0.994845360824742
STAB_CSY_PRIMARY	3	YX16185T	PDAC_031	Classical	1	0.890642063043523	0.998722860791826	0.0141183165830593	0.122557117138873	0.324234399310881	12.8308895991251	cluster_1=12.830890;cluster_2=14.095383;cluster_3=15.582369	0.998722860791826
STAB_CSY_PRIMARY	3	YX16188T	PDAC_032	Hybrid	2	0.729072423180968	0.748704663212435	0.813324736918734	-0.140635278585165	0.362817577135552	5.75042359184612	cluster_1=8.288502;cluster_2=5.750424;cluster_3=8.084965	0.748704663212435
STAB_CSY_PRIMARY	3	YX16194T	PDAC_033	Hybrid	2	0.9363258490375	0.994955863808323	0.0457514622353545	0.323155496784688	0.37477072911608	4.17334852101045	cluster_1=8.459431;cluster_2=4.173349;cluster_3=9.313298	0.994955863808323
STAB_CSY_PRIMARY	3	YX16202T	PDAC_034	Basal	3	0.999279242174629	1	0	0.267703853704512	0.269401408780435	8.48982036351685	cluster_1=12.047094;cluster_2=9.693907;cluster_3=8.489820	1
STAB_CSY_PRIMARY	3	YX16203T	PDAC_035	Hybrid	2	0.902933560713861	0.952134540750323	0.277259436801649	0.18488563024752	0.379472893486241	4.07416942796409	cluster_1=6.833628;cluster_2=4.074169;cluster_3=8.628083	0.952134540750323
STAB_CSY_PRIMARY	3	YX16207T	PDAC_036	Hybrid	2	0.947805021960285	0.992490613266583	0.0637873873239944	0.206087020522498	0.384167018439002	3.88121252261137	cluster_1=6.559322;cluster_2=3.881213;cluster_3=9.110266	0.992490613266583
STAB_CSY_PRIMARY	3	YX16218T	PDAC_037	Hybrid	2	0.722749320355481	0.731155778894472	0.839801272977736	-0.0357724994149682	0.385466656980591	5.47219984196644	cluster_1=5.881166;cluster_2=5.472200;cluster_3=10.162468	0.731155778894472
STAB_CSY_PRIMARY	3	YX16222T	PDAC_038	Classical	1	0.867408519818853	0.927770859277709	0.374187838597272	0.143837147271578	0.341369320594034	6.43829858593873	cluster_1=6.438299;cluster_2=8.294262;cluster_3=11.576273	0.927770859277709
STAB_CSY_PRIMARY	3	YX16224T	PDAC_039	Hybrid	2	0.721004120236063	0.725161290322581	0.848322511681259	-0.0257417043578163	0.396594755779111	5.80026892449979	cluster_1=6.434376;cluster_2=5.800269;cluster_3=10.062948	0.725161290322581
STAB_CSY_PRIMARY	3	YX16227T	PDAC_040	Classical	1	0.888766605786422	0.981179422835634	0.134766214582094	0.247924291901064	0.329227202384939	6.55979262741531	cluster_1=6.559793;cluster_2=9.279901;cluster_3=12.613350	0.981179422835634
STAB_CSY_PRIMARY	3	YX16236T	PDAC_041	Classical	1	0.857527369206945	0.951005025125628	0.282112245600399	0.194805900572286	0.330551889707518	7.12933736120301	cluster_1=7.129337;cluster_2=8.900031;cluster_3=12.343414	0.951005025125628
STAB_CSY_PRIMARY	3	YX15047T	PDAC_042	Basal	3	0.989471806792443	0.98978288633461	0.0822290494937995	0.135671552501555	0.269801839643239	11.7797543628819	cluster_1=13.872926;cluster_2=12.741536;cluster_3=11.779754	0.98978288633461
STAB_CSY_PRIMARY	3	YX15106T	PDAC_043	Basal	3	0.999285130718954	1	0	0.468065527732116	0.268682339103095	7.66739590255098	cluster_1=13.707592;cluster_2=12.374571;cluster_3=7.667396	1
STAB_CSY_PRIMARY	3	YX15166T	PDAC_044	Basal	3	0.9991961414791	1	0	0.4458999211515	0.268819023641211	5.71031393950507	cluster_1=9.680919;cluster_2=7.423297;cluster_3=5.710314	1
STAB_CSY_PRIMARY	3	YX15187T	PDAC_045	Basal	3	0.9992	1	0	0.433518614438071	0.268567999623769	9.27443458183685	cluster_1=14.666652;cluster_2=13.633535;cluster_3=9.274435	1
STAB_CSY_PRIMARY	3	YX15211T	PDAC_046	Hybrid	2	0.940447540111314	0.992471769134254	0.0639201327830623	0.186969692555308	0.379125955115115	3.79094049532137	cluster_1=6.889874;cluster_2=3.790940;cluster_3=7.768230	0.992471769134254
STAB_CSY_PRIMARY	3	YX15214T	PDAC_047	Basal	3	0.999297752808989	1	0	0.375557711991067	0.269275605303931	18.8339963345424	cluster_1=24.293803;cluster_2=23.634377;cluster_3=18.833996	1
STAB_CSY_PRIMARY	3	YX16009T	PDAC_048	Hybrid	2	0.92169531568148	0.960358056265985	0.248798185924394	0.192371862191847	0.379557162658004	4.4282216090691	cluster_1=8.137337;cluster_2=4.428222;cluster_3=8.336016	0.960358056265985
STAB_CSY_PRIMARY	3	YX16011T	PDAC_049	Basal	3	0.999499198717949	1	0	0.42873164632537	0.26887583865384	8.1880046078091	cluster_1=13.235489;cluster_2=12.037829;cluster_3=8.188005	1
STAB_CSY_PRIMARY	3	YX16068T	PDAC_050	Basal	3	0.999395161290323	1	0	0.48497197636307	0.26888722026229	5.54563544212613	cluster_1=10.647221;cluster_2=9.347374;cluster_3=5.545635	1
STAB_CSY_PRIMARY	3	YX16070T	PDAC_051	Basal	3	0.999478297161937	1	0	0.349879550623267	0.268937809178908	6.68105125435373	cluster_1=9.630255;cluster_2=8.169687;cluster_3=6.681051	1
STAB_CSY_PRIMARY	3	YX16075T	PDAC_052	Hybrid	2	0.938500989193281	0.997503121098627	0.0251848960173825	0.259313262189396	0.376861755046609	4.72954274026281	cluster_1=7.456357;cluster_2=4.729543;cluster_3=9.595241	0.997503121098627
STAB_CSY_PRIMARY	3	YX16079T	PDAC_053	Basal	3	0.999384236453202	1	0	0.31134744438589	0.268773343413545	9.28823480274805	cluster_1=11.969614;cluster_2=11.786467;cluster_3=9.288235	1
STAB_CSY_PRIMARY	3	YX16087T	PDAC_054	Basal	3	0.99948003327787	1	0	0.469187786680063	0.26899640949826	9.25096391509606	cluster_1=15.267723;cluster_2=14.005834;cluster_3=9.250964	1
STAB_CSY_PRIMARY	3	YX16094T	PDAC_055	Basal	3	0.999205087440382	1	0	0.363938873335892	0.268840400600869	10.1626680228369	cluster_1=14.007220;cluster_2=13.522475;cluster_3=10.162668	1
STAB_CSY_PRIMARY	3	YX16172T	PDAC_056	Basal	3	0.999292071197411	1	0	0.354616787063982	0.268834149956852	5.72130043053559	cluster_1=9.629295;cluster_2=6.825226;cluster_3=5.721300	1
STAB_CSY_PRIMARY	3	YX16295T	PDAC_057	Basal	3	0.999803459119497	1	0	0.513897158901431	0.268673355870079	6.98100517065924	cluster_1=13.396028;cluster_2=12.188453;cluster_3=6.981005	1
STAB_CSY_PRIMARY	3	YX16327T	PDAC_058	Basal	3	0.999188311688312	1	0	0.25403958197015	0.269236844733805	10.7851080849611	cluster_1=14.029959;cluster_2=12.759472;cluster_3=10.785108	1
STAB_CSY_PRIMARY	3	YX16335T	PDAC_059	Classical	1	0.889142085161629	1	0	0.387283989952763	0.322260171692102	4.3777839623729	cluster_1=4.377784;cluster_2=7.260187;cluster_3=9.797420	1
STAB_CSY_PRIMARY	3	YX16341T	PDAC_060	Basal	3	0.999303343949045	1	0	0.487405656643504	0.26853483071957	6.04570040045521	cluster_1=12.316223;cluster_2=10.223638;cluster_3=6.045700	1
STAB_CSY_PRIMARY	3	YX16343T	PDAC_061	Hybrid	2	0.925582716621596	0.975765306122449	0.16459847293646	0.150291482420556	0.376826152782241	21.6612056135674	cluster_1=24.004927;cluster_2=21.661206;cluster_3=23.527026	0.975765306122449
STAB_CSY_PRIMARY	3	YX16347T	PDAC_062	Classical	1	0.888999161664878	0.990956072351421	0.0743861810421453	0.118871256942193	0.326849363096283	10.2244436414669	cluster_1=10.224444;cluster_2=11.111557;cluster_3=12.831741	0.990956072351421
STAB_CSY_PRIMARY	4	YX15261T	PDAC_001	Classical	1	0.90808498360005	0.945569620253165	0.329228947078152	0.241650398040709	0.299208044931829	6.20710388475309	cluster_1=6.207104;cluster_2=6.841382;cluster_3=9.365250;cluster_4=10.063460	0.945569620253165
STAB_CSY_PRIMARY	4	YX15263T	PDAC_002	Classical	1	0.947780460597038	1	0	0.333089209798224	0.308423504418075	11.9506386727398	cluster_1=11.950639;cluster_2=16.809943;cluster_3=16.676812;cluster_4=18.839652	1
STAB_CSY_PRIMARY	4	YX15271T	PDAC_003	Hybrid	2	0.803796696985193	0.983790523690773	0.119592825511712	0.199551392363565	0.316679275431628	3.39730478694618	cluster_1=7.753554;cluster_2=3.397305;cluster_3=7.332811;cluster_4=8.604488	0.983790523690773
STAB_CSY_PRIMARY	4	YX16036T	PDAC_004	Hybrid	2	0.763759032223935	0.916666666666667	0.430336430645114	0.195539016288572	0.297030311863131	3.12750950420235	cluster_1=6.697352;cluster_2=3.127510;cluster_3=7.410077;cluster_4=8.280313	0.916666666666667
STAB_CSY_PRIMARY	4	YX16041T	PDAC_005	Classical	1	0.923353460213496	0.953964194373402	0.312751933834778	0.12060743940565	0.309434443527169	10.273432654345	cluster_1=10.273433;cluster_2=12.701378;cluster_3=12.589630;cluster_4=15.307691	0.953964194373402
STAB_CSY_PRIMARY	4	YX16057T	PDAC_006	Classical	3	0.737958919912562	0.149044585987261	1.41626712084443	0.127918276225621	0.317020669322163	5.5764881609912	cluster_1=6.380791;cluster_2=5.336681;cluster_3=5.576488;cluster_4=9.556905	0.536305732484076
STAB_CSY_PRIMARY	4	YX16062T	PDAC_007	Classical	1	0.943579191212235	1	0	0.249908824449162	0.306291631378123	9.51477265637162	cluster_1=9.514773;cluster_2=12.789938;cluster_3=13.568343;cluster_4=15.153504	1
STAB_CSY_PRIMARY	4	YX16112T	PDAC_008	Classical	1	0.564824803474162	0.551122194513716	1.43037873187878	-0.0685317473202175	0.311329177787539	12.1738148881068	cluster_1=12.173815;cluster_2=13.115526;cluster_3=12.734144;cluster_4=15.529173	0.551122194513716
STAB_CSY_PRIMARY	4	YX16113T	PDAC_009	Hybrid	2	0.615905503731814	0.672979797979798	1.13801859346033	-0.0482312069077911	0.257112769970489	7.0143793199254	cluster_1=8.595931;cluster_2=7.014379;cluster_3=10.007838;cluster_4=10.657426	0.672979797979798
STAB_CSY_PRIMARY	4	YX16119T	PDAC_010	Classical	1	0.927509327728586	0.9625	0.260101591222153	0.0324543199315323	0.306978049920571	7.63822874459617	cluster_1=7.638229;cluster_2=7.934937;cluster_3=8.838839;cluster_4=11.125935	0.9625
STAB_CSY_PRIMARY	4	YX16120T	PDAC_011	Classical	1	0.947999423051723	0.998726114649682	0.0140870376817623	0.176740559306146	0.309788319225929	6.16233744623106	cluster_1=6.162337;cluster_2=7.802442;cluster_3=8.592112;cluster_4=10.810031	0.998726114649682
STAB_CSY_PRIMARY	4	YX16127T	PDAC_012	Classical	1	0.944943955797772	0.99746192893401	0.0255403920765987	0.250472754166104	0.306737897366172	5.87814971928298	cluster_1=5.878150;cluster_2=7.967187;cluster_3=9.194436;cluster_4=11.046551	0.99746192893401
STAB_CSY_PRIMARY	4	YX16128T	PDAC_013	Classical	3	0.756612207291069	0.222361809045226	1.54049984794347	0.213625510874608	0.311367103782982	5.13699905739168	cluster_1=6.927542;cluster_2=6.342761;cluster_3=5.136999;cluster_4=9.957574	0.409547738693467
STAB_CSY_PRIMARY	4	YX16130T	PDAC_014	Hybrid	2	0.754587790777074	0.909090909090909	0.449096172046531	0.132698666342016	0.293114410694621	4.54756718036507	cluster_1=8.299492;cluster_2=4.547567;cluster_3=8.210471;cluster_4=9.600638	0.909090909090909
STAB_CSY_PRIMARY	4	YX16132T	PDAC_015	Hybrid	2	0.642324070512436	0.663727959697733	1.16547448286368	0.00426097735681501	0.287669994667953	3.78310139772061	cluster_1=6.386217;cluster_2=3.783101;cluster_3=6.949262;cluster_4=8.348853	0.663727959697733
STAB_CSY_PRIMARY	4	YX16135T	PDAC_016	Hybrid	2	0.79446913182297	0.97752808988764	0.155103272103034	0.184525891488856	0.312367816456685	6.81044914573971	cluster_1=10.294032;cluster_2=6.810449;cluster_3=9.535057;cluster_4=10.859470	0.97752808988764
STAB_CSY_PRIMARY	4	YX16139T	PDAC_017	Classical	1	0.946977363674185	0.99746835443038	0.025485002897852	0.0925402476461417	0.308289251770693	5.72578213004491	cluster_1=5.725782;cluster_2=5.076468;cluster_3=7.028152;cluster_4=8.398194	0.99746835443038
STAB_CSY_PRIMARY	4	YX16141T	PDAC_018	Hybrid	2	0.752933830631629	0.865979381443299	0.5683625344629	0.275779381353846	0.288537986497958	4.55919422361303	cluster_1=8.592972;cluster_2=4.559194;cluster_3=8.997112;cluster_4=9.195994	0.865979381443299
STAB_CSY_PRIMARY	4	YX16144T	PDAC_019	Hybrid	2	0.618143129134487	0.626923076923077	0.983909777609621	-0.00975445690298698	0.256870273642214	4.23745044636226	cluster_1=7.431165;cluster_2=4.237450;cluster_3=6.883410;cluster_4=8.642286	0.626923076923077
STAB_CSY_PRIMARY	4	YX16147T	PDAC_020	Classical	3	0.681366224015952	0.306733167082294	1.56364400991934	0.136441715064649	0.290457809291211	11.7990437215585	cluster_1=16.653517;cluster_2=16.389953;cluster_3=11.799044;cluster_4=18.316966	0.413965087281795
STAB_CSY_PRIMARY	4	YX16153T	PDAC_021	Classical	1	0.950419431207629	0.991172761664565	0.0816109872582935	0.240817411187822	0.309471311113962	10.4487440575117	cluster_1=10.448744;cluster_2=14.765517;cluster_3=14.110692;cluster_4=16.798881	0.991172761664565
STAB_CSY_PRIMARY	4	YX16155T	PDAC_022	Hybrid	2	0.640550012406929	0.76010101010101	1.02540597563663	-0.00171539921169011	0.274862015034691	15.9912461069311	cluster_1=16.082840;cluster_2=15.991246;cluster_3=17.242766;cluster_4=19.118134	0.76010101010101
STAB_CSY_PRIMARY	4	YX16158T	PDAC_023	Hybrid	2	0.515679845686736	0.483353884093711	1.29890604340737	0.0698767524720345	0.231040379364509	6.31337198914312	cluster_1=9.949423;cluster_2=6.313372;cluster_3=9.067937;cluster_4=9.589847	0.483353884093711
STAB_CSY_PRIMARY	4	YX16159T	PDAC_024	Hybrid	2	0.79959708121981	0.988446726572529	0.0909229141960417	0.275274015542941	0.310628363023933	3.24437485213894	cluster_1=8.368972;cluster_2=3.244375;cluster_3=7.749953;cluster_4=8.210788	0.988446726572529
STAB_CSY_PRIMARY	4	YX16160T	PDAC_025	Basal	4	0.994740488444466	0.99618320610687	0.0361578675498935	0.21166347866668	0.266101145064258	8.16231936367556	cluster_1=10.393983;cluster_2=7.409557;cluster_3=9.773531;cluster_4=8.162319	0.99618320610687
STAB_CSY_PRIMARY	4	YX16161T	PDAC_026	Hybrid	2	0.80804147842627	0.988265971316819	0.0920810909101455	0.209504562060059	0.318595872894208	3.36662035773508	cluster_1=7.868331;cluster_2=3.366620;cluster_3=7.623599;cluster_4=8.196629	0.988265971316819
STAB_CSY_PRIMARY	4	YX16166T	PDAC_027	Classical	1	0.942061278335145	0.997560975609756	0.0246839373757503	0.14175495886372	0.307752040787592	5.591296110398	cluster_1=5.591296;cluster_2=6.811250;cluster_3=7.726034;cluster_4=9.735736	0.997560975609756
STAB_CSY_PRIMARY	4	YX16177T	PDAC_028	Classical	1	0.944360633502992	0.994904458598726	0.0502768921980348	0.0959430038175848	0.309209313136799	9.03589891241278	cluster_1=9.035899;cluster_2=12.626120;cluster_3=10.800491;cluster_4=14.988129	0.994904458598726
STAB_CSY_PRIMARY	4	YX16178T	PDAC_029	Classical	1	0.951603025996115	0.99618320610687	0.0361578675498935	0.26079775055576	0.306659937469994	10.6237669762148	cluster_1=10.623767;cluster_2=13.748273;cluster_3=14.546744;cluster_4=15.383941	0.99618320610687
STAB_CSY_PRIMARY	4	YX16180T	PDAC_030	Hybrid	2	0.807109756382826	0.983247422680412	0.122796654467307	0.266020722530466	0.317148823680854	4.56379134738383	cluster_1=8.683804;cluster_2=4.563791;cluster_3=8.400860;cluster_4=9.330861	0.983247422680412
STAB_CSY_PRIMARY	4	YX16185T	PDAC_031	Classical	1	0.824136092326521	0.860791826309068	0.5821613275372	0.0648553277297402	0.265597197350478	12.7466528388532	cluster_1=12.746653;cluster_2=14.095383;cluster_3=14.716599;cluster_4=15.582369	0.860791826309068
STAB_CSY_PRIMARY	4	YX16188T	PDAC_032	Hybrid	2	0.40172043720881	0.344559585492228	1.52339481993614	-0.140635278585165	0.224950469254038	5.75042359184612	cluster_1=8.720180;cluster_2=5.750424;cluster_3=8.826664;cluster_4=8.084965	0.444300518134715
STAB_CSY_PRIMARY	4	YX16194T	PDAC_033	Hybrid	2	0.793842214659494	0.968474148802018	0.201987137295131	0.204218461329768	0.308270522413257	4.17334852101045	cluster_1=9.051456;cluster_2=4.173349;cluster_3=8.195246;cluster_4=9.313298	0.968474148802018
STAB_CSY_PRIMARY	4	YX16202T	PDAC_034	Basal	4	0.987573769698079	0.988578680203046	0.0900748275997504	0.267703853704512	0.265238183024562	8.48982036351685	cluster_1=12.449627;cluster_2=9.693907;cluster_3=11.958688;cluster_4=8.489820	0.988578680203046
STAB_CSY_PRIMARY	4	YX16203T	PDAC_035	Hybrid	2	0.760644318996378	0.905562742561449	0.541818646052818	0.104686646493055	0.314847107876653	4.07416942796409	cluster_1=7.369067;cluster_2=4.074169;cluster_3=7.397861;cluster_4=8.628083	0.905562742561449
STAB_CSY_PRIMARY	4	YX16207T	PDAC_036	Hybrid	2	0.799667421763819	0.974968710888611	0.168826278074676	0.148026023435287	0.316192661959438	3.88121252261137	cluster_1=7.052385;cluster_2=3.881213;cluster_3=7.421203;cluster_4=9.110266	0.974968710888611
STAB_CSY_PRIMARY	4	YX16218T	PDAC_037	Hybrid	2	0.595662551261236	0.706030150753769	1.03621120396752	-0.0545933292252179	0.323832834054819	5.47219984196644	cluster_1=6.209211;cluster_2=5.472200;cluster_3=7.680575;cluster_4=10.162468	0.706030150753769
STAB_CSY_PRIMARY	4	YX16222T	PDAC_038	Classical	1	0.893555877563541	0.907845579078456	0.534996381399621	0.0364505400906105	0.314790680635577	6.63147513381549	cluster_1=6.631475;cluster_2=8.294262;cluster_3=8.505362;cluster_4=11.576273	0.907845579078456
STAB_CSY_PRIMARY	4	YX16224T	PDAC_039	Hybrid	2	0.567145820471217	0.656774193548387	1.21884473158933	-0.106463844282444	0.32425302583303	5.80026892449979	cluster_1=6.933349;cluster_2=5.800269;cluster_3=7.323702;cluster_4=10.062948	0.656774193548387
STAB_CSY_PRIMARY	4	YX16227T	PDAC_040	Classical	1	0.933546808010076	0.968632371392723	0.229573051917431	0.125171151885676	0.310105822999484	6.65060403241141	cluster_1=6.650604;cluster_2=9.279901;cluster_3=8.937752;cluster_4=12.613350	0.968632371392723
STAB_CSY_PRIMARY	4	YX16236T	PDAC_041	Classical	1	0.887983568239954	0.922110552763819	0.462395159698271	0.211416259305779	0.29925058506748	6.88352216278263	cluster_1=6.883522;cluster_2=8.900031;cluster_3=10.420126;cluster_4=12.343414	0.922110552763819
STAB_CSY_PRIMARY	4	YX15047T	PDAC_042	Basal	4	0.978427436068287	0.979565772669221	0.150763974163483	0.135671552501555	0.26218804159878	11.7797543628819	cluster_1=14.238313;cluster_2=12.741536;cluster_3=13.729071;cluster_4=11.779754	0.979565772669221
STAB_CSY_PRIMARY	4	YX15106T	PDAC_043	Basal	4	0.997763157356063	1	0	0.468065527732116	0.266536074064821	7.66739590255098	cluster_1=14.064524;cluster_2=12.374571;cluster_3=13.621363;cluster_4=7.667396	1
STAB_CSY_PRIMARY	4	YX15166T	PDAC_044	Basal	4	0.99768696192835	1	0	0.4458999211515	0.267021515691353	5.71031393950507	cluster_1=10.076826;cluster_2=7.423297;cluster_3=10.038484;cluster_4=5.710314	1
STAB_CSY_PRIMARY	4	YX15187T	PDAC_045	Basal	4	0.997503827751196	1	0	0.433518614438071	0.266276311402869	9.27443458183685	cluster_1=14.972419;cluster_2=13.633535;cluster_3=14.716648;cluster_4=9.274435	1
STAB_CSY_PRIMARY	4	YX15211T	PDAC_046	Hybrid	2	0.69600457534763	0.787954830614806	0.75646457480506	0.186969692555308	0.268737295387241	3.79094049532137	cluster_1=7.314839;cluster_2=3.790940;cluster_3=7.909304;cluster_4=7.768230	0.787954830614806
STAB_CSY_PRIMARY	4	YX15214T	PDAC_047	Basal	4	0.997387738323611	1	0	0.375557711991067	0.266780464609261	18.8339963345424	cluster_1=24.445408;cluster_2=23.634377;cluster_3=24.478336;cluster_4=18.833996	1
STAB_CSY_PRIMARY	4	YX16009T	PDAC_048	Hybrid	2	0.614758055627306	0.60230179028133	1.08155906101415	0.190016210241551	0.253448555567025	4.4282216090691	cluster_1=8.683163;cluster_2=4.428222;cluster_3=8.194662;cluster_4=8.336016	0.60230179028133
STAB_CSY_PRIMARY	4	YX16011T	PDAC_049	Basal	4	0.9982800066313	1	0	0.42873164632537	0.266917128654608	8.1880046078091	cluster_1=13.492946;cluster_2=12.037829;cluster_3=13.655139;cluster_4=8.188005	1
STAB_CSY_PRIMARY	4	YX16068T	PDAC_050	Basal	4	0.998092400892353	1	0	0.48497197636307	0.266789246782185	5.54563544212613	cluster_1=10.930497;cluster_2=9.347374;cluster_3=11.318489;cluster_4=5.545635	1
STAB_CSY_PRIMARY	4	YX16070T	PDAC_051	Basal	4	0.997631247060899	1	0	0.349879550623267	0.26655663792285	6.68105125435373	cluster_1=9.983297;cluster_2=8.169687;cluster_3=10.189848;cluster_4=6.681051	1
STAB_CSY_PRIMARY	4	YX16075T	PDAC_052	Hybrid	2	0.787452187501257	0.917602996254682	0.410569374887365	0.15482866093187	0.313112892595174	4.72954274026281	cluster_1=8.064551;cluster_2=4.729543;cluster_3=7.441064;cluster_4=9.595241	0.917602996254682
STAB_CSY_PRIMARY	4	YX16079T	PDAC_053	Basal	4	0.997969546300479	1	0	0.31095020879333	0.266575669095557	9.28823480274805	cluster_1=12.171947;cluster_2=11.786467;cluster_3=12.788348;cluster_4=9.288235	1
STAB_CSY_PRIMARY	4	YX16087T	PDAC_054	Basal	4	0.99772630086776	1	0	0.469187786680063	0.266699795013969	9.25096391509606	cluster_1=15.558208;cluster_2=14.005834;cluster_3=15.331639;cluster_4=9.250964	1
STAB_CSY_PRIMARY	4	YX16094T	PDAC_055	Basal	4	0.997303242498629	1	0	0.363938873335892	0.26668706277934	10.1626680228369	cluster_1=14.147446;cluster_2=13.522475;cluster_3=14.855542;cluster_4=10.162668	1
STAB_CSY_PRIMARY	4	YX16172T	PDAC_056	Basal	4	0.997877814991118	1	0	0.354616787063982	0.266760029219944	5.72130043053559	cluster_1=10.084095;cluster_2=6.825226;cluster_3=9.727739;cluster_4=5.721300	1
STAB_CSY_PRIMARY	4	YX16295T	PDAC_057	Basal	4	0.998328135077891	1	0	0.513897158901431	0.266858022983676	6.98100517065924	cluster_1=13.637676;cluster_2=12.188453;cluster_3=13.867503;cluster_4=6.981005	1
STAB_CSY_PRIMARY	4	YX16327T	PDAC_058	Basal	4	0.99747774946763	1	0	0.25403958197015	0.266821829358448	10.7851080849611	cluster_1=14.272313;cluster_2=12.759472;cluster_3=14.429984;cluster_4=10.785108	1
STAB_CSY_PRIMARY	4	YX16335T	PDAC_059	Classical	1	0.944007738439672	0.9975	0.0252118658929347	0.172331755672105	0.306545112511794	4.60729775818086	cluster_1=4.607298;cluster_2=7.260187;cluster_3=7.220531;cluster_4=9.797420	0.9975
STAB_CSY_PRIMARY	4	YX16341T	PDAC_060	Basal	4	0.997708585098973	1	0	0.487405656643504	0.266293667345202	6.04570040045521	cluster_1=12.695026;cluster_2=10.223638;cluster_3=12.300641;cluster_4=6.045700	1
STAB_CSY_PRIMARY	4	YX16343T	PDAC_061	Hybrid	2	0.726878229020463	0.872448979591837	0.568724276634029	0.150291482420556	0.279692422435172	21.6612056135674	cluster_1=24.164204;cluster_2=21.661206;cluster_3=24.165316;cluster_4=23.527026	0.872448979591837
STAB_CSY_PRIMARY	4	YX16347T	PDAC_062	Classical	3	0.311380898732096	0.298449612403101	0.903999450437154	0.0394770387103952	0.218818709451196	9.04264929600606	cluster_1=10.908176;cluster_2=11.111557;cluster_3=9.042649;cluster_4=12.831741	0.698966408268734
STAB_CSY_PRIMARY	5	YX15261T	PDAC_001	Classical	1	0.870616179287634	0.934177215189873	0.453801476474968	0.234855365722094	0.273883490349707	6.20710388475309	cluster_1=6.207104;cluster_2=7.173729;cluster_3=9.365250;cluster_4=7.248955;cluster_5=10.063460	0.934177215189873
STAB_CSY_PRIMARY	5	YX15263T	PDAC_002	Classical	1	0.917628927254246	1	0	0.333089209798224	0.286697066844387	11.9506386727398	cluster_1=11.950639;cluster_2=16.790032;cluster_3=16.676812;cluster_4=17.222176;cluster_5=18.839652	1
STAB_CSY_PRIMARY	5	YX15271T	PDAC_003	Hybrid	2	0.885438081641595	0.938902743142145	0.364555410713675	0.28784033516595	0.278039218898177	4.16267188025531	cluster_1=7.753554;cluster_2=4.162672;cluster_3=7.332811;cluster_4=3.940742;cluster_5=8.604488	0.938902743142145
STAB_CSY_PRIMARY	5	YX16036T	PDAC_004	Hybrid	2	0.832986134715615	0.907692307692308	0.527551548608946	0.148801888365081	0.252391264631238	3.65565355221766	cluster_1=6.697352;cluster_2=3.655654;cluster_3=7.410077;cluster_4=4.146928;cluster_5=8.280313	0.907692307692308
STAB_CSY_PRIMARY	5	YX16041T	PDAC_005	Classical	1	0.872537126235909	0.91304347826087	0.535549739588273	0.12060743940565	0.28135459641066	10.273432654345	cluster_1=10.273433;cluster_2=12.845237;cluster_3=12.589630;cluster_4=12.984475;cluster_5=15.307691	0.91304347826087
STAB_CSY_PRIMARY	5	YX16057T	PDAC_006	Classical	3	0.672609344298086	0.256050955414013	1.81297276994331	0.127918276225621	0.25103028261073	5.5764881609912	cluster_1=6.380791;cluster_2=5.583607;cluster_3=5.576488;cluster_4=6.105247;cluster_5=9.556905	0.422929936305733
STAB_CSY_PRIMARY	5	YX16062T	PDAC_007	Classical	1	0.913957271612685	1	0	0.249908824449162	0.284760120213764	9.51477265637162	cluster_1=9.514773;cluster_2=12.919652;cluster_3=13.568343;cluster_4=13.091347;cluster_5=15.153504	1
STAB_CSY_PRIMARY	5	YX16112T	PDAC_008	Classical	1	0.471549747588419	0.453865336658354	1.84589300009435	-0.0685317473202175	0.248489533630901	12.1738148881068	cluster_1=12.173815;cluster_2=13.412401;cluster_3=12.734144;cluster_4=13.143619;cluster_5=15.529173	0.453865336658354
STAB_CSY_PRIMARY	5	YX16113T	PDAC_009	Hybrid	4	0.515701686713814	0.417929292929293	1.59601811834394	0.0882639941751091	0.18661739576394	5.82079802968534	cluster_1=8.595931;cluster_2=8.209732;cluster_3=10.007838;cluster_4=5.820798;cluster_5=10.657426	0.426767676767677
STAB_CSY_PRIMARY	5	YX16119T	PDAC_010	Classical	1	0.857920090437119	0.90375	0.564885557589668	0.0324543199315323	0.274958136738929	7.63822874459617	cluster_1=7.638229;cluster_2=8.407178;cluster_3=8.838839;cluster_4=7.996674;cluster_5=11.125935	0.90375
STAB_CSY_PRIMARY	5	YX16120T	PDAC_011	Classical	1	0.916788615958399	0.997452229299363	0.0256239604937857	0.176740559306146	0.287111580452588	6.16233744623106	cluster_1=6.162337;cluster_2=8.126920;cluster_3=8.592112;cluster_4=8.113342;cluster_5=10.810031	0.997452229299363
STAB_CSY_PRIMARY	5	YX16127T	PDAC_012	Classical	1	0.914103522768935	0.99746192893401	0.0280784631425885	0.250472754166104	0.284571972460028	5.87814971928298	cluster_1=5.878150;cluster_2=8.166639;cluster_3=9.194436;cluster_4=8.453334;cluster_5=11.046551	0.99746192893401
STAB_CSY_PRIMARY	5	YX16128T	PDAC_013	Classical	3	0.704603455776551	0.309045226130653	1.97323937501863	0.213625510874608	0.228246559190031	5.13699905739168	cluster_1=6.927542;cluster_2=6.883523;cluster_3=5.136999;cluster_4=6.487936;cluster_5=9.957574	0.309045226130653
STAB_CSY_PRIMARY	5	YX16130T	PDAC_014	Hybrid	2	0.833664322115445	0.920454545454545	0.48010653955394	0.261156797184344	0.249333843260625	3.99144277703431	cluster_1=8.299492;cluster_2=3.991443;cluster_3=8.210471;cluster_4=6.407478;cluster_5=9.600638	0.920454545454545
STAB_CSY_PRIMARY	5	YX16132T	PDAC_015	Hybrid	4	0.623519639907989	0.51007556675063	1.46322390945528	-0.00734165282203216	0.217405845644092	3.48140003835091	cluster_1=6.386217;cluster_2=4.906173;cluster_3=6.949262;cluster_4=3.481400;cluster_5=8.348853	0.51007556675063
STAB_CSY_PRIMARY	5	YX16135T	PDAC_016	Hybrid	2	0.885682920440931	0.943820224719101	0.34391594270698	0.326863838626624	0.27385776261001	6.46072789871242	cluster_1=10.294032;cluster_2=6.460728;cluster_3=9.535057;cluster_4=8.160290;cluster_5=10.859470	0.943820224719101
STAB_CSY_PRIMARY	5	YX16139T	PDAC_017	Classical	1	0.909676945763242	0.987341772151899	0.110231096572031	0.0925402476461417	0.283860490979967	5.72578213004491	cluster_1=5.725782;cluster_2=6.060376;cluster_3=7.028152;cluster_4=4.659806;cluster_5=8.398194	0.987341772151899
STAB_CSY_PRIMARY	5	YX16141T	PDAC_018	Hybrid	4	0.570396012085049	0.305412371134021	1.09780736326238	0.0938389956660449	0.229983669947457	4.7240163275529	cluster_1=8.592972;cluster_2=5.305879;cluster_3=8.997112;cluster_4=4.724016;cluster_5=9.195994	0.657216494845361
STAB_CSY_PRIMARY	5	YX16144T	PDAC_019	Hybrid	4	0.626371245736376	0.566666666666667	1.2268395010261	0.0936565881023712	0.197623558304903	3.18783290299401	cluster_1=7.431165;cluster_2=5.596065;cluster_3=6.883410;cluster_4=3.187833;cluster_5=8.642286	0.566666666666667
STAB_CSY_PRIMARY	5	YX16147T	PDAC_020	Classical	3	0.644197982900342	0.293017456359102	1.9694372054104	0.0807690226788465	0.208410953495935	11.7990437215585	cluster_1=16.653517;cluster_2=16.712385;cluster_3=11.799044;cluster_4=16.279319;cluster_5=18.316966	0.293017456359102
STAB_CSY_PRIMARY	5	YX16153T	PDAC_021	Classical	1	0.915838196490243	0.974779319041614	0.192125597524823	0.240817411187822	0.288252248996043	10.4487440575117	cluster_1=10.448744;cluster_2=14.894138;cluster_3=14.110692;cluster_4=15.002490;cluster_5=16.798881	0.974779319041614
STAB_CSY_PRIMARY	5	YX16155T	PDAC_022	Hybrid	2	0.697597112287234	0.762626262626263	1.1647711458247	0.0631842295947648	0.229544388726287	14.9983463764251	cluster_1=16.082840;cluster_2=14.998346;cluster_3=17.242766;cluster_4=17.792475;cluster_5=19.118134	0.762626262626263
STAB_CSY_PRIMARY	5	YX16158T	PDAC_023	Hybrid	4	0.614912016824449	0.689272503082614	1.25352697278967	0.243254107454172	0.168175883088022	4.76148134099706	cluster_1=9.949423;cluster_2=7.697866;cluster_3=9.067937;cluster_4=4.761481;cluster_5=9.589847	0.689272503082614
STAB_CSY_PRIMARY	5	YX16159T	PDAC_024	Hybrid	2	0.886026962659382	0.956354300385109	0.267120102947132	0.263979169643947	0.273400505563216	3.99177275389296	cluster_1=8.368972;cluster_2=3.991773;cluster_3=7.749953;cluster_4=3.886070;cluster_5=8.210788	0.956354300385109
STAB_CSY_PRIMARY	5	YX16160T	PDAC_025	Basal	5	0.975010517143453	0.980916030534351	0.143009440689525	0.194317431292588	0.260711718707284	8.16231936367556	cluster_1=10.393983;cluster_2=8.125621;cluster_3=9.773531;cluster_4=7.112365;cluster_5=8.162319	0.980916030534351
STAB_CSY_PRIMARY	5	YX16161T	PDAC_026	Hybrid	2	0.881413990427388	0.938722294654498	0.358227990697776	0.241086434789995	0.277981678766131	4.36694383559885	cluster_1=7.868331;cluster_2=4.366944;cluster_3=7.623599;cluster_4=3.505525;cluster_5=8.196629	0.938722294654498
STAB_CSY_PRIMARY	5	YX16166T	PDAC_027	Classical	1	0.911973889521115	0.995121951219512	0.0444812226167382	0.14175495886372	0.286349316728671	5.591296110398	cluster_1=5.591296;cluster_2=7.435888;cluster_3=7.726034;cluster_4=6.748202;cluster_5=9.735736	0.995121951219512
STAB_CSY_PRIMARY	5	YX16177T	PDAC_028	Classical	1	0.91329361459646	0.988535031847134	0.0961254481901854	0.0959430038175848	0.287497002353346	9.03589891241278	cluster_1=9.035899;cluster_2=12.646397;cluster_3=10.800491;cluster_4=13.100008;cluster_5=14.988129	0.988535031847134
STAB_CSY_PRIMARY	5	YX16178T	PDAC_029	Classical	1	0.917740530807763	0.989821882951654	0.0916859801519174	0.233298715829639	0.283088303454153	10.6237669762148	cluster_1=10.623767;cluster_2=13.945219;cluster_3=14.546744;cluster_4=13.911120;cluster_5=15.383941	0.989821882951654
STAB_CSY_PRIMARY	5	YX16180T	PDAC_030	Hybrid	2	0.874340451364084	0.923969072164949	0.431570952006958	0.0919128341920789	0.279095367995907	5.29847648796854	cluster_1=8.683804;cluster_2=5.298476;cluster_3=8.400860;cluster_4=4.748222;cluster_5=9.330861	0.923969072164949
STAB_CSY_PRIMARY	5	YX16185T	PDAC_031	Classical	1	0.607799598417695	0.652618135376756	1.2738306089681	0.0648553277297402	0.186831501925847	12.7466528388532	cluster_1=12.746653;cluster_2=14.347502;cluster_3=14.716599;cluster_4=14.160275;cluster_5=15.582369	0.652618135376756
STAB_CSY_PRIMARY	5	YX16188T	PDAC_032	Hybrid	4	0.52909341235128	0.69300518134715	1.2827160199591	0.00746987689831427	0.161578187662304	4.46344954140897	cluster_1=8.720180;cluster_2=7.061688;cluster_3=8.826664;cluster_4=4.463450;cluster_5=8.084965	0.69300518134715
STAB_CSY_PRIMARY	5	YX16194T	PDAC_033	Hybrid	2	0.887089489859976	0.967213114754098	0.2250972383443	0.345373305470025	0.269962330949559	3.81473638417228	cluster_1=9.051456;cluster_2=3.814736;cluster_3=8.195246;cluster_4=5.904352;cluster_5=9.313298	0.967213114754098
STAB_CSY_PRIMARY	5	YX16202T	PDAC_034	Basal	5	0.967499531382199	0.972081218274112	0.196115007714924	0.210301630566535	0.259811900275241	8.48982036351685	cluster_1=12.449627;cluster_2=10.212836;cluster_3=11.958688;cluster_4=9.533682;cluster_5=8.489820	0.972081218274112
STAB_CSY_PRIMARY	5	YX16203T	PDAC_035	Hybrid	2	0.779383048346675	0.816300129366106	0.938196268926103	0.0281805380939522	0.273714101743738	5.08184041885683	cluster_1=7.369067;cluster_2=5.081840;cluster_3=7.397861;cluster_4=3.903252;cluster_5=8.628083	0.816300129366106
STAB_CSY_PRIMARY	5	YX16207T	PDAC_036	Hybrid	2	0.888382333557211	0.942428035043805	0.358787414193041	0.33334897311294	0.276631793665713	4.01249738972139	cluster_1=7.052385;cluster_2=4.012497;cluster_3=7.421203;cluster_4=5.142004;cluster_5=9.110266	0.942428035043805
STAB_CSY_PRIMARY	5	YX16218T	PDAC_037	Hybrid	2	0.6786375600703	0.693467336683417	1.18828072915971	0.0268712261606985	0.282832218853871	5.49294675729945	cluster_1=6.209211;cluster_2=5.492947;cluster_3=7.680575;cluster_4=6.525301;cluster_5=10.162468	0.693467336683417
STAB_CSY_PRIMARY	5	YX16222T	PDAC_038	Classical	1	0.842359573753384	0.86425902864259	0.76966599192666	0.0364505400906105	0.284844444608001	6.63147513381549	cluster_1=6.631475;cluster_2=8.576869;cluster_3=8.505362;cluster_4=8.623602;cluster_5=11.576273	0.86425902864259
STAB_CSY_PRIMARY	5	YX16224T	PDAC_039	Hybrid	2	0.598702831256851	0.59741935483871	1.56923311000496	-0.0262889243931957	0.263849640588475	5.95402059613497	cluster_1=6.933349;cluster_2=5.954021;cluster_3=7.323702;cluster_4=6.619691;cluster_5=10.062948	0.59741935483871
STAB_CSY_PRIMARY	5	YX16227T	PDAC_040	Classical	1	0.896601069325279	0.944792973651192	0.372701404268157	0.125171151885676	0.287043557837555	6.65060403241141	cluster_1=6.650604;cluster_2=9.436416;cluster_3=8.937752;cluster_4=9.723589;cluster_5=12.613350	0.944792973651192
STAB_CSY_PRIMARY	5	YX16236T	PDAC_041	Classical	1	0.851643946870764	0.912060301507538	0.564514700447896	0.191775002180246	0.272406445941394	6.88352216278263	cluster_1=6.883522;cluster_2=8.615482;cluster_3=10.420126;cluster_4=9.997597;cluster_5=12.343414	0.912060301507538
STAB_CSY_PRIMARY	5	YX15047T	PDAC_042	Basal	5	0.90492920673961	0.908045977011494	0.531609599440392	0.133469502099304	0.24093650367454	11.7797543628819	cluster_1=14.238313;cluster_2=12.988326;cluster_3=13.729071;cluster_4=12.863034;cluster_5=11.779754	0.908045977011494
STAB_CSY_PRIMARY	5	YX15106T	PDAC_043	Basal	5	0.992162491888915	1	0	0.421344413789753	0.26430234073919	7.66739590255098	cluster_1=14.064524;cluster_2=12.843609;cluster_3=13.621363;cluster_4=12.153966;cluster_5=7.667396	1
STAB_CSY_PRIMARY	5	YX15166T	PDAC_044	Basal	5	0.99034429253821	1	0	0.389618044160906	0.263959517174743	5.71031393950507	cluster_1=10.076826;cluster_2=8.303247;cluster_3=10.038484;cluster_4=6.824011;cluster_5=5.710314	1
STAB_CSY_PRIMARY	5	YX15187T	PDAC_045	Basal	5	0.99110956937799	1	0	0.400964668829782	0.263664780188552	9.27443458183685	cluster_1=14.972419;cluster_2=13.990032;cluster_3=14.716648;cluster_4=13.547804;cluster_5=9.274435	1
STAB_CSY_PRIMARY	5	YX15211T	PDAC_046	Hybrid	4	0.548788235254112	0.355081555834379	1.33150775272737	0.103243475638647	0.204397689158069	3.00790352491387	cluster_1=7.314839;cluster_2=5.113058;cluster_3=7.909304;cluster_4=3.007904;cluster_5=7.768230	0.548306148055207
STAB_CSY_PRIMARY	5	YX15214T	PDAC_047	Basal	5	0.991360646752535	1	0	0.335457336826574	0.264375623904167	18.8339963345424	cluster_1=24.445408;cluster_2=23.883611;cluster_3=24.478336;cluster_4=23.519134;cluster_5=18.833996	1
STAB_CSY_PRIMARY	5	YX16009T	PDAC_048	Hybrid	4	0.693134082057559	0.666240409207161	1.11001542535052	0.229004644841265	0.185468863999009	3.07789514919546	cluster_1=8.683163;cluster_2=5.871514;cluster_3=8.194662;cluster_4=3.077895;cluster_5=8.336016	0.666240409207161
STAB_CSY_PRIMARY	5	YX16011T	PDAC_049	Basal	5	0.991407434160667	1	0	0.399043875372611	0.263961303792952	8.1880046078091	cluster_1=13.492946;cluster_2=12.485536;cluster_3=13.655139;cluster_4=11.866713;cluster_5=8.188005	1
STAB_CSY_PRIMARY	5	YX16068T	PDAC_050	Basal	5	0.992364423816606	1	0	0.472915832120467	0.264398609004251	5.54563544212613	cluster_1=10.930497;cluster_2=9.606152;cluster_3=11.318489;cluster_4=9.629757;cluster_5=5.545635	1
STAB_CSY_PRIMARY	5	YX16070T	PDAC_051	Basal	5	0.991116962532804	1	0	0.334514422479553	0.263821562468752	6.68105125435373	cluster_1=9.983297;cluster_2=8.523069;cluster_3=10.189848;cluster_4=8.399769;cluster_5=6.681051	1
STAB_CSY_PRIMARY	5	YX16075T	PDAC_052	Hybrid	4	0.579498143401769	0.235955056179775	0.887504255641899	-0.0364291261369008	0.265429924765582	4.55861934630393	cluster_1=8.064551;cluster_2=5.633726;cluster_3=7.441064;cluster_4=4.558619;cluster_5=9.595241	0.750312109862672
STAB_CSY_PRIMARY	5	YX16079T	PDAC_053	Basal	5	0.992366317488488	1	0	0.305958096157141	0.264102194142049	9.28823480274805	cluster_1=12.171947;cluster_2=12.080192;cluster_3=12.788348;cluster_4=11.874531;cluster_5=9.288235	1
STAB_CSY_PRIMARY	5	YX16087T	PDAC_054	Basal	5	0.991297318585902	1	0	0.440333416584802	0.26412723752524	9.25096391509606	cluster_1=15.558208;cluster_2=14.361221;cluster_3=15.331639;cluster_4=13.909344;cluster_5=9.250964	1
STAB_CSY_PRIMARY	5	YX16094T	PDAC_055	Basal	5	0.990724270582252	1	0	0.307973219576877	0.264175240615969	10.1626680228369	cluster_1=14.147446;cluster_2=13.943718;cluster_3=14.855542;cluster_4=13.335969;cluster_5=10.162668	1
STAB_CSY_PRIMARY	5	YX16172T	PDAC_056	Basal	5	0.990808683646514	1	0	0.26739222415787	0.263976947203443	5.72130043053559	cluster_1=10.084095;cluster_2=7.760078;cluster_3=9.727739;cluster_4=6.193707;cluster_5=5.721300	1
STAB_CSY_PRIMARY	5	YX16295T	PDAC_057	Basal	5	0.992817467945558	1	0	0.505484169475706	0.264452907029415	6.98100517065924	cluster_1=13.637676;cluster_2=12.474211;cluster_3=13.867503;cluster_4=12.271266;cluster_5=6.981005	1
STAB_CSY_PRIMARY	5	YX16327T	PDAC_058	Basal	5	0.990402126601627	1	0	0.237367636654458	0.26390872602533	10.7851080849611	cluster_1=14.272313;cluster_2=12.797894;cluster_3=14.429984;cluster_4=13.200949;cluster_5=10.785108	1
STAB_CSY_PRIMARY	5	YX16335T	PDAC_059	Classical	1	0.913574083411948	0.99625	0.0356208010840129	0.172331755672105	0.285014023717237	4.60729775818086	cluster_1=4.607298;cluster_2=7.583538;cluster_3=7.220531;cluster_4=7.631022;cluster_5=9.797420	0.99625
STAB_CSY_PRIMARY	5	YX16341T	PDAC_060	Basal	5	0.991539112923577	1	0	0.462443653471646	0.263896975117553	6.04570040045521	cluster_1=12.695026;cluster_2=10.629035;cluster_3=12.300641;cluster_4=10.215733;cluster_5=6.045700	1
STAB_CSY_PRIMARY	5	YX16343T	PDAC_061	Hybrid	2	0.785667549869325	0.862244897959184	0.708315235722252	0.123846942153115	0.235744269502926	20.6017977881177	cluster_1=24.164204;cluster_2=20.601798;cluster_3=24.165316;cluster_4=23.491368;cluster_5=23.527026	0.862244897959184
STAB_CSY_PRIMARY	5	YX16347T	PDAC_062	Classical	3	0.17386694750011	0.534883720930233	1.31131438569678	0.0394770387103952	0.11491422847928	9.04264929600606	cluster_1=10.908176;cluster_2=11.030323;cluster_3=9.042649;cluster_4=11.800555;cluster_5=12.831741	0.534883720930233
STAB_CSY_PRIMARY	6	YX15261T	PDAC_001	Classical	1	0.828492828405843	0.924050632911392	0.514451989113857	0.23302076020905	0.249840638969958	6.20710388475309	cluster_1=6.207104;cluster_2=7.173729;cluster_3=10.112788;cluster_4=7.248955;cluster_5=10.063460;cluster_6=12.371426	0.924050632911392
STAB_CSY_PRIMARY	6	YX15263T	PDAC_002	Classical	1	0.880716198076734	0.997445721583653	0.0256799985823742	0.32930512602511	0.264070334441348	11.9506386727398	cluster_1=11.950639;cluster_2=16.790032;cluster_3=17.157616;cluster_4=17.222176;cluster_5=18.839652;cluster_6=18.393991	0.997445721583653
STAB_CSY_PRIMARY	6	YX15271T	PDAC_003	Hybrid	2	0.866432431217397	0.948877805486284	0.334036696555339	0.28784033516595	0.250658124205162	4.16267188025531	cluster_1=7.753554;cluster_2=4.162672;cluster_3=8.008080;cluster_4=3.940742;cluster_5=8.604488;cluster_6=11.476866	0.948877805486284
STAB_CSY_PRIMARY	6	YX16036T	PDAC_004	Hybrid	2	0.802215461243508	0.871794871794872	0.748733672528856	0.148801888365081	0.221450453807423	3.65565355221766	cluster_1=6.697352;cluster_2=3.655654;cluster_3=8.057904;cluster_4=4.146928;cluster_5=8.280313;cluster_6=11.570373	0.871794871794872
STAB_CSY_PRIMARY	6	YX16041T	PDAC_005	Classical	1	0.816489139844464	0.860613810741688	0.780717920362475	0.111987079399354	0.255491720507348	10.273432654345	cluster_1=10.273433;cluster_2=12.845237;cluster_3=13.085916;cluster_4=12.984475;cluster_5=15.307691;cluster_6=15.142576	0.860613810741688
STAB_CSY_PRIMARY	6	YX16057T	PDAC_006	Classical	3	0.874458180708181	0.473885350318471	1.66484870893623	0.123847628613886	0.193532071157874	6.28815006042829	cluster_1=6.380791;cluster_2=5.583607;cluster_3=6.288150;cluster_4=6.105247;cluster_5=9.556905;cluster_6=10.714121	0.473885350318471
STAB_CSY_PRIMARY	6	YX16062T	PDAC_007	Classical	1	0.879537186263959	0.996273291925466	0.0354331152143898	0.224882996294664	0.263037549015393	9.51477265637162	cluster_1=9.514773;cluster_2=12.919652;cluster_3=13.936254;cluster_4=13.091347;cluster_5=15.153504;cluster_6=16.210128	0.996273291925466
STAB_CSY_PRIMARY	6	YX16112T	PDAC_008	Classical	1	0.375153864724056	0.34788029925187	1.81000405132953	-0.135261317702423	0.198372759595128	12.1738148881068	cluster_1=12.173815;cluster_2=13.412401;cluster_3=12.653801;cluster_4=13.143619;cluster_5=15.529173;cluster_6=16.652439	0.428927680798005
STAB_CSY_PRIMARY	6	YX16113T	PDAC_009	Hybrid	4	0.438411855478366	0.473484848484849	1.83302711569813	0.0882639941751091	0.130628207618377	5.82079802968534	cluster_1=8.595931;cluster_2=8.209732;cluster_3=10.355389;cluster_4=5.820798;cluster_5=10.657426;cluster_6=13.709524	0.473484848484849
STAB_CSY_PRIMARY	6	YX16119T	PDAC_010	Classical	1	0.792486352923453	0.8425	0.835350987632305	-0.112980029588947	0.246123636419223	7.63822874459617	cluster_1=7.638229;cluster_2=8.407178;cluster_3=9.907779;cluster_4=7.996674;cluster_5=11.125935;cluster_6=11.270937	0.8425
STAB_CSY_PRIMARY	6	YX16120T	PDAC_011	Classical	1	0.881074453065746	0.991082802547771	0.0823116668345043	0.173574110694047	0.265398888345263	6.16233744623106	cluster_1=6.162337;cluster_2=8.126920;cluster_3=9.385581;cluster_4=8.113342;cluster_5=10.810031;cluster_6=11.834534	0.991082802547771
STAB_CSY_PRIMARY	6	YX16127T	PDAC_012	Classical	1	0.880265720429913	0.99746192893401	0.0280784631425885	0.204827496282924	0.262597566496322	5.87814971928298	cluster_1=5.878150;cluster_2=8.166639;cluster_3=10.082922;cluster_4=8.453334;cluster_5=11.046551;cluster_6=11.923954	0.99746192893401
STAB_CSY_PRIMARY	6	YX16128T	PDAC_013	Classical	3	0.971448474896751	0.582914572864322	1.62709246934784	0.268761669984273	0.164428600094902	5.46006808820795	cluster_1=6.927542;cluster_2=6.883523;cluster_3=5.460068;cluster_4=6.487936;cluster_5=9.957574;cluster_6=11.186779	0.582914572864322
STAB_CSY_PRIMARY	6	YX16130T	PDAC_014	Hybrid	2	0.810430188855666	0.883838383838384	0.697771711130104	0.245483874320135	0.221276777776156	3.99144277703431	cluster_1=8.299492;cluster_2=3.991443;cluster_3=9.090983;cluster_4=6.407478;cluster_5=9.600638;cluster_6=11.433960	0.883838383838384
STAB_CSY_PRIMARY	6	YX16132T	PDAC_015	Hybrid	4	0.56370413301006	0.564231738035264	1.53714203837545	-0.138608381033007	0.170121450632926	3.48140003835091	cluster_1=6.386217;cluster_2=4.906173;cluster_3=7.314248;cluster_4=3.481400;cluster_5=8.348853;cluster_6=11.903795	0.564231738035264
STAB_CSY_PRIMARY	6	YX16135T	PDAC_016	Hybrid	2	0.869521754523456	0.955056179775281	0.302827713470816	0.301780239292677	0.248562321201549	6.46072789871242	cluster_1=10.294032;cluster_2=6.460728;cluster_3=10.251734;cluster_4=8.160290;cluster_5=10.859470;cluster_6=12.545962	0.955056179775281
STAB_CSY_PRIMARY	6	YX16139T	PDAC_017	Classical	1	0.858060975361024	0.965822784810127	0.248386333903932	0.0558338788622529	0.256947935169	5.72578213004491	cluster_1=5.725782;cluster_2=6.060376;cluster_3=7.719637;cluster_4=4.659806;cluster_5=8.398194;cluster_6=11.306073	0.965822784810127
STAB_CSY_PRIMARY	6	YX16141T	PDAC_018	Hybrid	4	0.503680693105464	0.395618556701031	1.42666971037853	0.0938389956660449	0.184632005021958	4.7240163275529	cluster_1=8.592972;cluster_2=5.305879;cluster_3=9.508112;cluster_4=4.724016;cluster_5=9.195994;cluster_6=12.712414	0.512886597938144
STAB_CSY_PRIMARY	6	YX16144T	PDAC_019	Hybrid	4	0.574708922889949	0.580769230769231	1.44526768021015	0.0110484468829731	0.159289690955696	3.18783290299401	cluster_1=7.431165;cluster_2=5.596065;cluster_3=7.232664;cluster_4=3.187833;cluster_5=8.642286;cluster_6=11.900297	0.580769230769231
STAB_CSY_PRIMARY	6	YX16147T	PDAC_020	Classical	3	0.899874909573185	0.554862842892768	1.6513504127874	0.210252459529499	0.150215224617384	10.0046856752915	cluster_1=16.653517;cluster_2=16.712385;cluster_3=10.004686;cluster_4=16.279319;cluster_5=18.316966;cluster_6=19.121049	0.554862842892768
STAB_CSY_PRIMARY	6	YX16153T	PDAC_021	Classical	1	0.867085326877088	0.936948297604035	0.380385078623846	0.234142656934784	0.265302076907971	10.4487440575117	cluster_1=10.448744;cluster_2=14.894138;cluster_3=14.671564;cluster_4=15.002490;cluster_5=16.798881;cluster_6=16.115464	0.936948297604035
STAB_CSY_PRIMARY	6	YX16155T	PDAC_022	Hybrid	2	0.661054849871219	0.705808080808081	1.45394468827264	0.0006249521389455	0.201768438229467	14.9983463764251	cluster_1=16.082840;cluster_2=14.998346;cluster_3=18.040900;cluster_4=17.792475;cluster_5=19.118134;cluster_6=17.940336	0.705808080808081
STAB_CSY_PRIMARY	6	YX16158T	PDAC_023	Hybrid	4	0.569961957044129	0.711467324290999	1.35885267798034	0.226548754845181	0.129525913421636	4.76148134099706	cluster_1=9.949423;cluster_2=7.697866;cluster_3=9.410135;cluster_4=4.761481;cluster_5=9.589847;cluster_6=13.125699	0.711467324290999
STAB_CSY_PRIMARY	6	YX16159T	PDAC_024	Hybrid	2	0.871240594699663	0.962772785622593	0.247294140383538	0.263979169643947	0.248453451908173	3.99177275389296	cluster_1=8.368972;cluster_2=3.991773;cluster_3=8.350454;cluster_4=3.886070;cluster_5=8.210788;cluster_6=11.835660	0.962772785622593
STAB_CSY_PRIMARY	6	YX16160T	PDAC_025	Basal	5	0.946315359709277	0.964376590330789	0.264639641958853	0.0942234186511427	0.253185120036024	8.16231936367556	cluster_1=10.393983;cluster_2=8.125621;cluster_3=10.594502;cluster_4=7.112365;cluster_5=8.162319;cluster_6=12.425105	0.964376590330789
STAB_CSY_PRIMARY	6	YX16161T	PDAC_026	Hybrid	2	0.86254947114021	0.945241199478488	0.344744181249118	0.241086434789995	0.250955362284405	4.36694383559885	cluster_1=7.868331;cluster_2=4.366944;cluster_3=8.266163;cluster_4=3.505525;cluster_5=8.196629;cluster_6=11.683949	0.945241199478488
STAB_CSY_PRIMARY	6	YX16166T	PDAC_027	Classical	1	0.874045783631077	0.985365853658537	0.124484973905092	0.00282200594786242	0.263127350585021	5.591296110398	cluster_1=5.591296;cluster_2=7.435888;cluster_3=8.877246;cluster_4=6.748202;cluster_5=9.735736;cluster_6=10.553478	0.985365853658537
STAB_CSY_PRIMARY	6	YX16177T	PDAC_028	Classical	1	0.878937985571652	0.980891719745223	0.158549416585083	0.065407750875867	0.266076761709991	9.03589891241278	cluster_1=9.035899;cluster_2=12.646397;cluster_3=11.531278;cluster_4=13.100008;cluster_5=14.988129;cluster_6=13.293505	0.980891719745223
STAB_CSY_PRIMARY	6	YX16178T	PDAC_029	Classical	1	0.878747240712827	0.984732824427481	0.129861079524822	0.233298715829639	0.259722927339487	10.6237669762148	cluster_1=10.623767;cluster_2=13.945219;cluster_3=15.005043;cluster_4=13.911120;cluster_5=15.383941;cluster_6=16.733294	0.984732824427481
STAB_CSY_PRIMARY	6	YX16180T	PDAC_030	Hybrid	2	0.856828270108365	0.934278350515464	0.403574026593242	0.0919128341920789	0.252059316856491	5.29847648796854	cluster_1=8.683804;cluster_2=5.298476;cluster_3=8.736006;cluster_4=4.748222;cluster_5=9.330861;cluster_6=12.742465	0.934278350515464
STAB_CSY_PRIMARY	6	YX16185T	PDAC_031	Classical	1	0.428599094947203	0.480204342273308	1.74832972100996	0.0513364102733212	0.126119954440042	12.7466528388532	cluster_1=12.746653;cluster_2=14.347502;cluster_3=15.133767;cluster_4=14.160275;cluster_5=15.582369;cluster_6=16.977819	0.480204342273308
STAB_CSY_PRIMARY	6	YX16188T	PDAC_032	Hybrid	4	0.491418384992663	0.711139896373057	1.3152871627082	0.00746987689831427	0.130705452223637	4.46344954140897	cluster_1=8.720180;cluster_2=7.061688;cluster_3=9.214658;cluster_4=4.463450;cluster_5=8.084965;cluster_6=12.881625	0.711139896373057
STAB_CSY_PRIMARY	6	YX16194T	PDAC_033	Hybrid	2	0.868531266711032	0.957124842370744	0.314884253627191	0.312318991357861	0.243029285164189	3.81473638417228	cluster_1=9.051456;cluster_2=3.814736;cluster_3=9.009516;cluster_4=5.904352;cluster_5=9.313298;cluster_6=11.582751	0.957124842370744
STAB_CSY_PRIMARY	6	YX16202T	PDAC_034	Basal	5	0.936298879012356	0.951776649746193	0.319704338322033	0.210301630566535	0.251628122604462	8.48982036351685	cluster_1=12.449627;cluster_2=10.212836;cluster_3=12.439870;cluster_4=9.533682;cluster_5=8.489820;cluster_6=14.724665	0.951776649746193
STAB_CSY_PRIMARY	6	YX16203T	PDAC_035	Hybrid	2	0.740836466506151	0.807244501940492	0.999649904130108	0.0281805380939522	0.241876034489031	5.08184041885683	cluster_1=7.369067;cluster_2=5.081840;cluster_3=7.807009;cluster_4=3.903252;cluster_5=8.628083;cluster_6=12.045382	0.807244501940492
STAB_CSY_PRIMARY	6	YX16207T	PDAC_036	Hybrid	2	0.869465342174732	0.95244055068836	0.322638354609806	0.30678631485885	0.248067470075714	4.01249738972139	cluster_1=7.052385;cluster_2=4.012497;cluster_3=8.063850;cluster_4=5.142004;cluster_5=9.110266;cluster_6=11.586457	0.95244055068836
STAB_CSY_PRIMARY	6	YX16218T	PDAC_037	Hybrid	2	0.657298269391036	0.690954773869347	1.24273747458973	0.0268712261606985	0.249265322434721	5.49294675729945	cluster_1=6.209211;cluster_2=5.492947;cluster_3=8.165068;cluster_4=6.525301;cluster_5=10.162468;cluster_6=12.041011	0.690954773869347
STAB_CSY_PRIMARY	6	YX16222T	PDAC_038	Classical	1	0.775164084440944	0.798256537982565	0.917330746682283	-0.00685564638314631	0.253509574549425	6.63147513381549	cluster_1=6.631475;cluster_2=8.576869;cluster_3=9.050861;cluster_4=8.623602;cluster_5=11.576273;cluster_6=12.354614	0.798256537982565
STAB_CSY_PRIMARY	6	YX16224T	PDAC_039	Hybrid	2	0.563645448077206	0.587096774193548	1.49071207603027	-0.103402342463487	0.219164198018935	5.95402059613497	cluster_1=6.933349;cluster_2=5.954021;cluster_3=7.772873;cluster_4=6.619691;cluster_5=10.062948;cluster_6=11.929786	0.587096774193548
STAB_CSY_PRIMARY	6	YX16227T	PDAC_040	Classical	1	0.851893168346558	0.909661229611041	0.538252923632468	0.112641905988271	0.263355144501767	6.65060403241141	cluster_1=6.650604;cluster_2=9.436416;cluster_3=9.645362;cluster_4=9.723589;cluster_5=12.613350;cluster_6=12.225410	0.909661229611041
STAB_CSY_PRIMARY	6	YX16236T	PDAC_041	Classical	1	0.810941755865726	0.903266331658292	0.617842531372066	0.15689764772691	0.249171830578842	6.88352216278263	cluster_1=6.883522;cluster_2=8.615482;cluster_3=11.354457;cluster_4=9.997597;cluster_5=12.343414;cluster_6=12.512834	0.903266331658292
STAB_CSY_PRIMARY	6	YX15047T	PDAC_042	Basal	5	0.694636862547686	0.70242656449553	1.31655419917611	0.133469502099304	0.184016375572246	11.7797543628819	cluster_1=14.238313;cluster_2=12.988326;cluster_3=14.079446;cluster_4=12.863034;cluster_5=11.779754;cluster_6=16.379353	0.70242656449553
STAB_CSY_PRIMARY	6	YX15106T	PDAC_043	Basal	5	0.97635534430914	1	0	0.421344413789753	0.259577535724688	7.66739590255098	cluster_1=14.064524;cluster_2=12.843609;cluster_3=14.080862;cluster_4=12.153966;cluster_5=7.667396;cluster_6=16.011875	1
STAB_CSY_PRIMARY	6	YX15166T	PDAC_044	Basal	5	0.975668036922782	1	0	0.389618044160906	0.259612526194895	5.71031393950507	cluster_1=10.076826;cluster_2=8.303247;cluster_3=10.553537;cluster_4=6.824011;cluster_5=5.710314;cluster_6=13.340884	1
STAB_CSY_PRIMARY	6	YX15187T	PDAC_045	Basal	5	0.976215311004785	1	0	0.389596329403939	0.259295230797388	9.27443458183685	cluster_1=14.972419;cluster_2=13.990032;cluster_3=15.358184;cluster_4=13.547804;cluster_5=9.274435;cluster_6=16.362258	1
STAB_CSY_PRIMARY	6	YX15211T	PDAC_046	Hybrid	4	0.470233946464516	0.424090338770389	1.64698516890718	0.103243475638647	0.157128209525003	3.00790352491387	cluster_1=7.314839;cluster_2=5.113058;cluster_3=8.464137;cluster_4=3.007904;cluster_5=7.768230;cluster_6=12.013721	0.424090338770389
STAB_CSY_PRIMARY	6	YX15214T	PDAC_047	Basal	5	0.975898158660559	1	0	0.335457336826574	0.259740539842618	18.8339963345424	cluster_1=24.445408;cluster_2=23.883611;cluster_3=24.844128;cluster_4=23.519134;cluster_5=18.833996;cluster_6=25.575178	1
STAB_CSY_PRIMARY	6	YX16009T	PDAC_048	Hybrid	4	0.642932683131107	0.725063938618926	1.17678929007242	0.229004644841265	0.145947247538078	3.07789514919546	cluster_1=8.683163;cluster_2=5.871514;cluster_3=8.502164;cluster_4=3.077895;cluster_5=8.336016;cluster_6=12.679729	0.725063938618926
STAB_CSY_PRIMARY	6	YX16011T	PDAC_049	Basal	5	0.976734696696981	1	0	0.38687447427471	0.259579859417109	8.1880046078091	cluster_1=13.492946;cluster_2=12.485536;cluster_3=14.287668;cluster_4=11.866713;cluster_5=8.188005;cluster_6=15.571285	1
STAB_CSY_PRIMARY	6	YX16068T	PDAC_050	Basal	5	0.978676598799938	1	0	0.44312861673415	0.260291578166763	5.54563544212613	cluster_1=10.930497;cluster_2=9.606152;cluster_3=12.068731;cluster_4=9.629757;cluster_5=5.545635;cluster_6=13.582928	1
STAB_CSY_PRIMARY	6	YX16070T	PDAC_051	Basal	5	0.975418989836933	1	0	0.253037498348512	0.25914187330439	6.68105125435373	cluster_1=9.983297;cluster_2=8.523069;cluster_3=11.080234;cluster_4=8.399769;cluster_5=6.681051;cluster_6=12.491728	1
STAB_CSY_PRIMARY	6	YX16075T	PDAC_052	Hybrid	4	0.501478778072682	0.284644194756554	1.08580196668639	-0.0364291261369008	0.228665088773264	4.55861934630393	cluster_1=8.064551;cluster_2=5.633726;cluster_3=8.021816;cluster_4=4.558619;cluster_5=9.595241;cluster_6=11.724128	0.679151061173533
STAB_CSY_PRIMARY	6	YX16079T	PDAC_053	Basal	5	0.978256072007361	1	0	0.251030281834048	0.259743472448819	9.28823480274805	cluster_1=12.171947;cluster_2=12.080192;cluster_3=13.504798;cluster_4=11.874531;cluster_5=9.288235;cluster_6=14.698798	1
STAB_CSY_PRIMARY	6	YX16087T	PDAC_054	Basal	5	0.975932925816412	1	0	0.419722660343694	0.259323086244938	9.25096391509606	cluster_1=15.558208;cluster_2=14.361221;cluster_3=16.058640;cluster_4=13.909344;cluster_5=9.250964;cluster_6=16.601893	1
STAB_CSY_PRIMARY	6	YX16094T	PDAC_055	Basal	5	0.974501214353859	1	0	0.307973219576877	0.259323207289281	10.1626680228369	cluster_1=14.147446;cluster_2=13.943718;cluster_3=15.356019;cluster_4=13.335969;cluster_5=10.162668;cluster_6=16.862757	1
STAB_CSY_PRIMARY	6	YX16172T	PDAC_056	Basal	5	0.974943101742525	1	0	0.26739222415787	0.259182265011668	5.72130043053559	cluster_1=10.084095;cluster_2=7.760078;cluster_3=10.247381;cluster_4=6.193707;cluster_5=5.721300;cluster_6=13.134502	1
STAB_CSY_PRIMARY	6	YX16295T	PDAC_057	Basal	5	0.978168254249907	1	0	0.501978685829229	0.259914205719875	6.98100517065924	cluster_1=13.637676;cluster_2=12.474211;cluster_3=14.439656;cluster_4=12.271266;cluster_5=6.981005;cluster_6=15.897975	1
STAB_CSY_PRIMARY	6	YX16327T	PDAC_058	Basal	5	0.974296471268091	1	0	0.237367636654458	0.259052836839305	10.7851080849611	cluster_1=14.272313;cluster_2=12.797894;cluster_3=14.917138;cluster_4=13.200949;cluster_5=10.785108;cluster_6=16.563840	1
STAB_CSY_PRIMARY	6	YX16335T	PDAC_059	Classical	1	0.88050488817006	0.99	0.0903374759251608	0.137853063882915	0.264651076284949	4.60729775818086	cluster_1=4.607298;cluster_2=7.583538;cluster_3=8.263125;cluster_4=7.631022;cluster_5=9.797420;cluster_6=10.617561	0.99
STAB_CSY_PRIMARY	6	YX16341T	PDAC_060	Basal	5	0.975116456034805	1	0	0.462443653471646	0.258998596132101	6.04570040045521	cluster_1=12.695026;cluster_2=10.629035;cluster_3=13.012202;cluster_4=10.215733;cluster_5=6.045700;cluster_6=14.363037	1
STAB_CSY_PRIMARY	6	YX16343T	PDAC_061	Hybrid	2	0.748769616753056	0.80484693877551	1.01732520263276	0.123846942153115	0.206567629717996	20.6017977881177	cluster_1=24.164204;cluster_2=20.601798;cluster_3=24.724829;cluster_4=23.491368;cluster_5=23.527026;cluster_6=24.716885	0.80484693877551
STAB_CSY_PRIMARY	6	YX16347T	PDAC_062	Classical	6	NA	0.782945736434108	0.920886924820407	0	0.0521771565930618	0	cluster_1=10.908176;cluster_2=11.030323;cluster_3=12.056866;cluster_4=11.800555;cluster_5=12.831741;cluster_6=0.000000	0.782945736434108
STAB_CSY_LOG2	2	YX15261T	PDAC_001	Classical	1	0.958211149568715	0.998719590268886	0.0141497436161198	0.238521083296409	0.6387300485799	9.03785765958093	cluster_1=9.037858;cluster_2=12.998328	0.998719590268886
STAB_CSY_LOG2	2	YX15263T	PDAC_002	Classical	1	0.961157947474274	1	0	0.422784412314663	0.63942932074689	8.3574994084693	cluster_1=8.357499;cluster_2=14.837798	1
STAB_CSY_LOG2	2	YX15271T	PDAC_003	Hybrid	1	0.960716381809657	1	0	0.299908532418576	0.638033744218412	6.40131897996538	cluster_1=6.401319;cluster_2=10.268579	1
STAB_CSY_LOG2	2	YX16036T	PDAC_004	Hybrid	1	0.911139978557786	0.917948717948718	0.40936608744037	0.296703739113865	0.634627435488423	5.35949508535994	cluster_1=5.359495;cluster_2=10.223169	0.917948717948718
STAB_CSY_LOG2	2	YX16041T	PDAC_005	Classical	1	0.961644952363119	1	0	0.400587872718033	0.640032619170827	8.20685253652858	cluster_1=8.206853;cluster_2=14.269290	1
STAB_CSY_LOG2	2	YX16057T	PDAC_006	Classical	1	0.96292166956984	1	0	0.350133866920851	0.639346080383511	6.24893637426227	cluster_1=6.248936;cluster_2=11.665127	1
STAB_CSY_LOG2	2	YX16062T	PDAC_007	Classical	1	0.960429923496724	1	0	0.388909038661026	0.639281251703051	8.38928335695325	cluster_1=8.389283;cluster_2=14.342136	1
STAB_CSY_LOG2	2	YX16112T	PDAC_008	Classical	1	0.961267369432094	1	0	0.411659385587708	0.639869687666346	7.29979303410919	cluster_1=7.299793;cluster_2=13.545457	1
STAB_CSY_LOG2	2	YX16113T	PDAC_009	Hybrid	1	0.962391663361143	1	0	0.302201365904807	0.64023007134054	9.37069394178029	cluster_1=9.370694;cluster_2=13.187190	1
STAB_CSY_LOG2	2	YX16119T	PDAC_010	Classical	1	0.96119200385433	1	0	0.395477007272317	0.639718611157309	6.50777637448703	cluster_1=6.507776;cluster_2=12.178566	1
STAB_CSY_LOG2	2	YX16120T	PDAC_011	Classical	1	0.96527464447472	1	0	0.346795681359215	0.642734617654673	6.92370229081959	cluster_1=6.923702;cluster_2=12.210104	1
STAB_CSY_LOG2	2	YX16127T	PDAC_012	Classical	1	0.960949499786694	1	0	0.333581573966873	0.639657265367732	7.85145736010493	cluster_1=7.851457;cluster_2=13.159980	1
STAB_CSY_LOG2	2	YX16128T	PDAC_013	Classical	1	0.960343181611105	1	0	0.412687690743344	0.639011004757392	6.99488166650511	cluster_1=6.994882;cluster_2=13.025157	1
STAB_CSY_LOG2	2	YX16130T	PDAC_014	Hybrid	1	0.896069951190026	0.896333754740834	0.48051073301704	0.283050304336529	0.632840493077416	7.40716600482145	cluster_1=7.407166;cluster_2=11.885400	0.896333754740834
STAB_CSY_LOG2	2	YX16132T	PDAC_015	Hybrid	1	0.959335450280661	0.997474747474748	0.0254298700531859	0.31626665584168	0.639754579184414	5.22877930363262	cluster_1=5.228779;cluster_2=10.036885	0.997474747474748
STAB_CSY_LOG2	2	YX16135T	PDAC_016	Hybrid	1	0.961815628657994	0.998740554156171	0.0139480873529643	0.262655536313756	0.640252995182894	8.68510423627937	cluster_1=8.685104;cluster_2=12.520115	0.998740554156171
STAB_CSY_LOG2	2	YX16139T	PDAC_017	Classical	1	0.961655268932171	1	0	0.254813618673845	0.640120732022219	6.48493708190691	cluster_1=6.484937;cluster_2=10.503395	1
STAB_CSY_LOG2	2	YX16141T	PDAC_018	Hybrid	1	0.6212103037665	0.59010152284264	0.976447129286331	-0.113778956784038	0.554140384184426	8.78106554298612	cluster_1=8.781066;cluster_2=10.040202	0.59010152284264
STAB_CSY_LOG2	2	YX16144T	PDAC_019	Hybrid	1	0.960711899506486	1	0	0.374772432449296	0.64011491982808	7.26796482466276	cluster_1=7.267965;cluster_2=12.057974	1
STAB_CSY_LOG2	2	YX16147T	PDAC_020	Classical	1	0.962214556298532	1	0	0.308637617601501	0.640768883525106	11.1844862532873	cluster_1=11.184486;cluster_2=15.757491	1
STAB_CSY_LOG2	2	YX16153T	PDAC_021	Classical	1	0.962762526677254	1	0	0.410810947604605	0.640959264097036	9.26206167062498	cluster_1=9.262062;cluster_2=15.446947	1
STAB_CSY_LOG2	2	YX16155T	PDAC_022	Hybrid	1	0.963197699794033	0.994987468671679	0.0455103666339893	0.249302421803753	0.642148285856945	11.5626100350214	cluster_1=11.562610;cluster_2=15.890493	0.994987468671679
STAB_CSY_LOG2	2	YX16158T	PDAC_023	Hybrid	2	0.929836389786892	0.942965779467681	0.315557605603813	0.0690970329235788	0.367431600295536	15.8218772373224	cluster_1=16.676898;cluster_2=15.821877	0.942965779467681
STAB_CSY_LOG2	2	YX16159T	PDAC_024	Hybrid	1	0.757970948366564	0.740127388535032	0.826554080606739	0.0745816643794569	0.595156171808572	8.52056904688271	cluster_1=8.520569;cluster_2=10.290038	0.740127388535032
STAB_CSY_LOG2	2	YX16160T	PDAC_025	Basal	2	0.949760373280761	0.965822784810127	0.214926048262996	0.19751127176679	0.359602780304966	11.8185782611201	cluster_1=13.384624;cluster_2=11.818578	0.965822784810127
STAB_CSY_LOG2	2	YX16161T	PDAC_026	Hybrid	1	0.96590397432424	1	0	0.278806432575534	0.643492149234227	7.32733803948276	cluster_1=7.327338;cluster_2=10.537814	1
STAB_CSY_LOG2	2	YX16166T	PDAC_027	Classical	1	0.962455185799276	1	0	0.180452075441354	0.640761322130533	7.24785643075917	cluster_1=7.247856;cluster_2=10.831113	1
STAB_CSY_LOG2	2	YX16177T	PDAC_028	Classical	1	0.961126397981189	1	0	0.418109268920177	0.639465097577034	8.15137348637884	cluster_1=8.151373;cluster_2=14.442470	1
STAB_CSY_LOG2	2	YX16178T	PDAC_029	Classical	1	0.960187102314217	1	0	0.212841492640198	0.638596167897893	9.20499323856665	cluster_1=9.204993;cluster_2=13.249121	1
STAB_CSY_LOG2	2	YX16180T	PDAC_030	Hybrid	1	0.960556940104449	0.997503121098627	0.0251848960173825	0.305441790929145	0.640319008135679	7.43284425105796	cluster_1=7.432844;cluster_2=11.113390	0.997503121098627
STAB_CSY_LOG2	2	YX16185T	PDAC_031	Classical	1	0.963635736061572	1	0	0.167183565256803	0.641066347415464	8.77314521053336	cluster_1=8.773145;cluster_2=12.071614	1
STAB_CSY_LOG2	2	YX16188T	PDAC_032	Hybrid	2	0.962643021929792	0.980645161290323	0.137802666270441	0.170299775623362	0.353611434673587	9.70137475502473	cluster_1=10.508315;cluster_2=9.701375	0.980645161290323
STAB_CSY_LOG2	2	YX16194T	PDAC_033	Hybrid	1	0.759703542787339	0.734720416124837	0.834609284531234	0.135568723274948	0.597543340574869	8.37785813279204	cluster_1=8.377858;cluster_2=11.124358	0.734720416124837
STAB_CSY_LOG2	2	YX16202T	PDAC_034	Basal	2	0.971252606945977	1	0	0.48732442814685	0.342814932985955	9.20787912660123	cluster_1=14.585273;cluster_2=9.207879	1
STAB_CSY_LOG2	2	YX16203T	PDAC_035	Hybrid	1	0.962507505275023	1	0	0.326953376539782	0.640290965929943	6.21234060641939	cluster_1=6.212341;cluster_2=10.392979	1
STAB_CSY_LOG2	2	YX16207T	PDAC_036	Hybrid	1	0.960667566184178	1	0	0.41885508687039	0.637953853008035	6.39269067981095	cluster_1=6.392691;cluster_2=11.911447	1
STAB_CSY_LOG2	2	YX16218T	PDAC_037	Hybrid	1	0.961479029476285	1	0	0.451109944921342	0.639818029479064	5.51413671734208	cluster_1=5.514137;cluster_2=12.280968	1
STAB_CSY_LOG2	2	YX16222T	PDAC_038	Classical	1	0.961454746814028	1	0	0.391205391726782	0.639535525788466	7.43998182862609	cluster_1=7.439982;cluster_2=13.354043	1
STAB_CSY_LOG2	2	YX16224T	PDAC_039	Hybrid	1	0.962247331101914	1	0	0.445122476942473	0.640154709258014	7.42121075718051	cluster_1=7.421211;cluster_2=13.722583	1
STAB_CSY_LOG2	2	YX16227T	PDAC_040	Classical	1	0.960335986880878	1	0	0.450425657610768	0.63863215653585	6.89120709240836	cluster_1=6.891207;cluster_2=13.595593	1
STAB_CSY_LOG2	2	YX16236T	PDAC_041	Classical	1	0.961631191033163	1	0	0.403578727070038	0.640070133353019	7.92487856521265	cluster_1=7.924879;cluster_2=14.108967	1
STAB_CSY_LOG2	2	YX15047T	PDAC_042	Basal	2	0.970590667145174	1	0	0.361299738124732	0.342913059387993	8.76905991589641	cluster_1=11.482001;cluster_2=8.769060	1
STAB_CSY_LOG2	2	YX15106T	PDAC_043	Basal	2	0.97258762097628	1	0	0.555362292756629	0.343358945369719	8.83887245114245	cluster_1=15.404767;cluster_2=8.838872	1
STAB_CSY_LOG2	2	YX15166T	PDAC_044	Basal	2	0.970011895511184	1	0	0.566369715300188	0.343140935371191	6.61191277604365	cluster_1=13.120686;cluster_2=6.611913	1
STAB_CSY_LOG2	2	YX15187T	PDAC_045	Basal	2	0.970562183425325	1	0	0.574952553653994	0.342583103923872	7.64350744449134	cluster_1=14.039823;cluster_2=7.643507	1
STAB_CSY_LOG2	2	YX15211T	PDAC_046	Hybrid	2	0.902625885649454	0.921739130434783	0.396021414451506	0.193269099013586	0.374606283164096	7.40610892540208	cluster_1=7.080608;cluster_2=7.406109	0.921739130434783
STAB_CSY_LOG2	2	YX15214T	PDAC_047	Basal	2	0.971168945062246	1	0	0.574215235816327	0.343273407440553	9.18800628178565	cluster_1=15.843618;cluster_2=9.188006	1
STAB_CSY_LOG2	2	YX16009T	PDAC_048	Hybrid	2	0.622943305716052	0.619289340101523	0.958542393213416	0.0468444784989143	0.471074535830393	9.00674481212438	cluster_1=8.578863;cluster_2=9.006745	0.619289340101523
STAB_CSY_LOG2	2	YX16011T	PDAC_049	Basal	2	0.971304090638319	1	0	0.564953358012475	0.342901031063337	7.65426258998612	cluster_1=14.389597;cluster_2=7.654263	1
STAB_CSY_LOG2	2	YX16068T	PDAC_050	Basal	2	0.971328671108893	1	0	0.487358115743846	0.344108279583391	8.18387962204021	cluster_1=11.858669;cluster_2=8.183880	1
STAB_CSY_LOG2	2	YX16070T	PDAC_051	Basal	2	0.970726389410555	1	0	0.456130195203733	0.343532682001648	7.09965734577226	cluster_1=10.998777;cluster_2=7.099657	1
STAB_CSY_LOG2	2	YX16075T	PDAC_052	Hybrid	1	0.96245875208647	1	0	0.355024299684433	0.640621078963486	7.34180277608828	cluster_1=7.341803;cluster_2=12.566939	1
STAB_CSY_LOG2	2	YX16079T	PDAC_053	Basal	2	0.970149596296987	1	0	0.332755299229306	0.34235259040056	9.70396437154492	cluster_1=11.859260;cluster_2=9.703964	1
STAB_CSY_LOG2	2	YX16087T	PDAC_054	Basal	2	0.969893592413859	1	0	0.569522207375513	0.341892416068939	8.26848148975924	cluster_1=14.995342;cluster_2=8.268481	1
STAB_CSY_LOG2	2	YX16094T	PDAC_055	Basal	2	0.971587227226561	1	0	0.507290360887364	0.343346606471813	8.93932549632862	cluster_1=14.015583;cluster_2=8.939325	1
STAB_CSY_LOG2	2	YX16172T	PDAC_056	Basal	2	0.973827395400503	1	0	0.551107161992672	0.343802015729061	6.31590982108871	cluster_1=12.188830;cluster_2=6.315910	1
STAB_CSY_LOG2	2	YX16295T	PDAC_057	Basal	2	0.970635186303335	1	0	0.559174643227915	0.342744450727024	7.92521442669896	cluster_1=14.317206;cluster_2=7.925214	1
STAB_CSY_LOG2	2	YX16327T	PDAC_058	Basal	2	0.972610808570731	1	0	0.434180832845448	0.34374799818804	9.05139714290699	cluster_1=13.055341;cluster_2=9.051397	1
STAB_CSY_LOG2	2	YX16335T	PDAC_059	Classical	1	0.962285119326616	1	0	0.238731652251609	0.640204966309015	7.14823429881157	cluster_1=7.148234;cluster_2=11.424908	1
STAB_CSY_LOG2	2	YX16341T	PDAC_060	Basal	2	0.971740483139226	1	0	0.575375683294265	0.344675470811207	8.39661850824317	cluster_1=15.292809;cluster_2=8.396619	1
STAB_CSY_LOG2	2	YX16343T	PDAC_061	Hybrid	1	0.675462140224904	0.643852978453739	0.939438376119491	-0.280691633252163	0.571089090576324	15.6059711711313	cluster_1=15.605971;cluster_2=14.639908	0.643852978453739
STAB_CSY_LOG2	2	YX16347T	PDAC_062	Classical	1	0.953900414703513	0.984210526315789	0.117096916219624	0.0723361486061798	0.640574998716061	9.52950489335509	cluster_1=9.529505;cluster_2=12.040971	0.984210526315789
STAB_CSY_LOG2	3	YX15261T	PDAC_001	Classical	1	0.625703860637936	0.317541613316261	0.901687991398592	0.157155356876702	0.451730137390748	8.4602807483469	cluster_1=8.460281;cluster_2=9.860929;cluster_3=12.998328	0.682458386683739
STAB_CSY_LOG2	3	YX15263T	PDAC_002	Classical	2	0.976201905492058	0.984867591424968	0.11315921901099	0.261017322969895	0.541569729351251	8.19623683656045	cluster_1=10.781344;cluster_2=8.196237;cluster_3=14.837798	0.984867591424968
STAB_CSY_LOG2	3	YX15271T	PDAC_003	Hybrid	2	0.965583561545074	0.977186311787072	0.156959733979931	0.1556838678395	0.534963224006056	6.42787119688007	cluster_1=8.833744;cluster_2=6.427871;cluster_3=10.268579	0.977186311787072
STAB_CSY_LOG2	3	YX16036T	PDAC_004	Hybrid	1	0.773832294547069	0.706410256410256	0.931218268869053	0.252420472398602	0.279143367998413	4.88899005030147	cluster_1=4.888990;cluster_2=6.524917;cluster_3=10.223169	0.706410256410256
STAB_CSY_LOG2	3	YX16041T	PDAC_005	Classical	2	0.977603947909113	1	0	0.343306292776838	0.540962011402837	7.71717517595116	cluster_1=11.385923;cluster_2=7.717175;cluster_3=14.269290	1
STAB_CSY_LOG2	3	YX16057T	PDAC_006	Classical	2	0.888852668997988	0.897984886649874	0.475350997888365	0.00551615983785529	0.510183065767767	6.76334896973244	cluster_1=7.510854;cluster_2=6.763349;cluster_3=11.665127	0.897984886649874
STAB_CSY_LOG2	3	YX16062T	PDAC_007	Classical	2	0.954003798687312	0.955414012738854	0.262937385650956	0.147005860251184	0.538049741477013	8.39763893428512	cluster_1=10.395162;cluster_2=8.397639;cluster_3=14.342136	0.955414012738854
STAB_CSY_LOG2	3	YX16112T	PDAC_008	Classical	2	0.978562116570487	1	0	0.338120409841919	0.541406340450953	6.85806226463458	cluster_1=10.525607;cluster_2=6.858062;cluster_3=13.545457	1
STAB_CSY_LOG2	3	YX16113T	PDAC_009	Hybrid	2	0.943231397165484	0.944792973651192	0.308117155661735	0.106905327831955	0.53107120776575	9.33080542173253	cluster_1=11.324159;cluster_2=9.330805;cluster_3=13.187190	0.944792973651192
STAB_CSY_LOG2	3	YX16119T	PDAC_010	Classical	2	0.979695431635189	1	0	0.299917113767552	0.54221366564542	6.15506757071908	cluster_1=9.711376;cluster_2=6.155068;cluster_3=12.178566	1
STAB_CSY_LOG2	3	YX16120T	PDAC_011	Classical	2	0.973417589717517	0.981155778894472	0.134901060966999	0.227625025425066	0.539614891103595	6.77223160133272	cluster_1=9.616800;cluster_2=6.772232;cluster_3=12.210104	0.981155778894472
STAB_CSY_LOG2	3	YX16127T	PDAC_012	Classical	2	0.924371298423117	0.923566878980892	0.389484646593414	-0.0785033001871209	0.527578942166785	8.41291349484043	cluster_1=8.452879;cluster_2=8.412913;cluster_3=13.159980	0.923566878980892
STAB_CSY_LOG2	3	YX16128T	PDAC_013	Classical	2	0.978114902762828	0.998778998778999	0.013576964050837	0.436937513784694	0.540943412205134	6.04661350726948	cluster_1=11.197308;cluster_2=6.046614;cluster_3=13.025157	0.998778998778999
STAB_CSY_LOG2	3	YX16130T	PDAC_014	Hybrid	1	0.784566496317474	0.747155499367889	0.844165288821728	0.326268894861694	0.261292010031084	5.8670772511389	cluster_1=5.867077;cluster_2=8.588112;cluster_3=11.885400	0.747155499367889
STAB_CSY_LOG2	3	YX16132T	PDAC_015	Hybrid	2	0.961982247183568	0.973484848484849	0.183925840556581	0.210497208486836	0.535619464267433	5.30745560407374	cluster_1=7.929976;cluster_2=5.307456;cluster_3=10.036885	0.973484848484849
STAB_CSY_LOG2	3	YX16135T	PDAC_016	Hybrid	2	0.937047538501241	0.949622166246851	0.287999804699548	0.0636429875360074	0.523788774436866	8.78787382141798	cluster_1=10.391272;cluster_2=8.787874;cluster_3=12.520115	0.949622166246851
STAB_CSY_LOG2	3	YX16139T	PDAC_017	Classical	2	0.973050472397871	0.984810126582279	0.113505240016476	0.252383180402487	0.537984938330264	6.27130886363814	cluster_1=9.413626;cluster_2=6.271309;cluster_3=10.503395	0.984810126582279
STAB_CSY_LOG2	3	YX16141T	PDAC_018	Hybrid	1	0.655348633901287	0.775380710659898	0.921659339492659	0.229008251811379	0.1932685439465	6.32485517489764	cluster_1=6.324855;cluster_2=10.068307;cluster_3=10.040202	0.775380710659898
STAB_CSY_LOG2	3	YX16144T	PDAC_019	Hybrid	2	0.97845947699961	1	0	0.358106277592427	0.540574286479003	6.643154631869	cluster_1=10.857351;cluster_2=6.643155;cluster_3=12.057974	1
STAB_CSY_LOG2	3	YX16147T	PDAC_020	Classical	2	0.978372217369153	0.998760842627014	0.0137524481680633	0.34618222004211	0.540171026081983	10.4326262159525	cluster_1=14.614763;cluster_2=10.432626;cluster_3=15.757491	0.998760842627014
STAB_CSY_LOG2	3	YX16153T	PDAC_021	Classical	2	0.979144349912147	0.99874843554443	0.0138721446107904	0.380882784967777	0.541710715131955	8.63119014019134	cluster_1=12.605308;cluster_2=8.631190;cluster_3=15.446947	0.99874843554443
STAB_CSY_LOG2	3	YX16155T	PDAC_022	Hybrid	1	0.733678828858613	0.469924812030075	0.997388539745585	0.370863152105004	0.390729650697031	8.76681795999224	cluster_1=8.766818;cluster_2=12.818865;cluster_3=15.890493	0.530075187969925
STAB_CSY_LOG2	3	YX16158T	PDAC_023	Hybrid	3	0.743589096237184	0.727503168567807	0.949173156173115	0.0668289457516978	0.270671546674156	15.8218772373224	cluster_1=17.851543;cluster_2=16.653239;cluster_3=15.821877	0.727503168567807
STAB_CSY_LOG2	3	YX16159T	PDAC_024	Hybrid	1	0.66373649279671	0.740127388535032	0.986304400045005	0.206637666792934	0.241342857097574	8.45429417587812	cluster_1=8.454294;cluster_2=9.233520;cluster_3=10.290038	0.740127388535032
STAB_CSY_LOG2	3	YX16160T	PDAC_025	Basal	3	0.803171736533463	0.79746835443038	0.73805132221105	0.104503721496342	0.27953711365973	11.8185782611201	cluster_1=13.853499;cluster_2=13.686609;cluster_3=11.818578	0.79746835443038
STAB_CSY_LOG2	3	YX16161T	PDAC_026	Hybrid	2	0.95367927655532	0.965834428383706	0.214869915686715	0.0905011391402788	0.532092693857068	7.43561188806288	cluster_1=9.319274;cluster_2=7.435612;cluster_3=10.537814	0.965834428383706
STAB_CSY_LOG2	3	YX16166T	PDAC_027	Classical	2	0.965782643148043	0.977186311787072	0.156959733979931	0.226559675982898	0.535969905056868	7.13216101838228	cluster_1=9.787903;cluster_2=7.132161;cluster_3=10.831113	0.977186311787072
STAB_CSY_LOG2	3	YX16177T	PDAC_028	Classical	2	0.980350201434814	1	0	0.393903194898946	0.541698454102534	7.37699045868073	cluster_1=11.909502;cluster_2=7.376990;cluster_3=14.442470	1
STAB_CSY_LOG2	3	YX16178T	PDAC_029	Classical	2	0.940263639926625	0.940954773869347	0.323643106141069	0.0247604385899359	0.528856783981762	9.53260246181834	cluster_1=10.189031;cluster_2=9.532602;cluster_3=13.249121	0.940954773869347
STAB_CSY_LOG2	3	YX16180T	PDAC_030	Hybrid	2	0.958011171159548	0.970037453183521	0.19420399719011	0.0974954871261829	0.533285218131292	7.50651081485103	cluster_1=9.484180;cluster_2=7.506511;cluster_3=11.113390	0.970037453183521
STAB_CSY_LOG2	3	YX16185T	PDAC_031	Classical	2	0.963148938465652	0.966836734693878	0.21001546451654	0.093013876512465	0.536058059917295	8.8544008340386	cluster_1=10.518649;cluster_2=8.854401;cluster_3=12.071614	0.966836734693878
STAB_CSY_LOG2	3	YX16188T	PDAC_032	Hybrid	3	0.820120200035249	0.816774193548387	0.714149602072734	0.169176144886354	0.282836981641705	9.70137475502473	cluster_1=11.756407;cluster_2=10.665626;cluster_3=9.701375	0.816774193548387
STAB_CSY_LOG2	3	YX16194T	PDAC_033	Hybrid	1	0.734515508248525	0.869960988296489	0.658716986073717	0.356769332194808	0.18950446936229	6.70330089268803	cluster_1=6.703301;cluster_2=9.519975;cluster_3=11.124358	0.869960988296489
STAB_CSY_LOG2	3	YX16202T	PDAC_034	Basal	3	0.935177206674575	1	0	0.384926384779228	0.312973772874192	9.20787912660123	cluster_1=13.882786;cluster_2=15.214341;cluster_3=9.207879	1
STAB_CSY_LOG2	3	YX16203T	PDAC_035	Hybrid	2	0.967661343502318	0.980670103092783	0.137661398062996	0.245464385071435	0.537707652679624	6.05801608289527	cluster_1=9.087218;cluster_2=6.058016;cluster_3=10.392979	0.980670103092783
STAB_CSY_LOG2	3	YX16207T	PDAC_036	Hybrid	2	0.985163651590113	0.998735777496839	0.0139940791366003	0.318480151098362	0.543334715560243	5.98101986043044	cluster_1=9.735077;cluster_2=5.981020;cluster_3=11.911447	0.998735777496839
STAB_CSY_LOG2	3	YX16218T	PDAC_037	Hybrid	2	0.976639050408408	0.99353169469599	0.0563416271741556	0.167944838362347	0.541943454799326	5.73573911788106	cluster_1=7.796894;cluster_2=5.735739;cluster_3=12.280968	0.99353169469599
STAB_CSY_LOG2	3	YX16222T	PDAC_038	Classical	2	0.977283032531392	0.998726114649682	0.0140870376817623	0.430256651147316	0.540441201746426	6.63957486971985	cluster_1=11.331484;cluster_2=6.639575;cluster_3=13.354043	0.998726114649682
STAB_CSY_LOG2	3	YX16224T	PDAC_039	Hybrid	2	0.978607781941607	0.998743718592965	0.0139176043545589	0.335481576037786	0.541929657932588	6.86604776680083	cluster_1=10.852509;cluster_2=6.866048;cluster_3=13.722583	0.998743718592965
STAB_CSY_LOG2	3	YX16227T	PDAC_040	Classical	2	0.979019592943932	0.998716302952503	0.0141813198597984	0.354539691820282	0.543908047903838	6.48519597040092	cluster_1=10.121210;cluster_2=6.485196;cluster_3=13.595593	0.998716302952503
STAB_CSY_LOG2	3	YX16236T	PDAC_041	Classical	1	0.663209524330167	0.367773677736777	0.948947312221539	0.169240667439412	0.43015773008047	7.07743126652463	cluster_1=7.077431;cluster_2=8.899425;cluster_3=14.108967	0.632226322263223
STAB_CSY_LOG2	3	YX15047T	PDAC_042	Basal	3	0.930316524745425	1	0	0.333343927122362	0.31083305298959	8.76905991589641	cluster_1=11.953390;cluster_2=11.856122;cluster_3=8.769060	1
STAB_CSY_LOG2	3	YX15106T	PDAC_043	Basal	3	0.932235142659123	1	0	0.49168127452149	0.311977004039583	8.83887245114245	cluster_1=14.865169;cluster_2=15.964668;cluster_3=8.838872	1
STAB_CSY_LOG2	3	YX15166T	PDAC_044	Basal	3	0.931054710398001	1	0	0.514267025939584	0.311360359591442	6.61191277604365	cluster_1=13.079425;cluster_2=13.593970;cluster_3=6.611913	1
STAB_CSY_LOG2	3	YX15187T	PDAC_045	Basal	3	0.930347739433259	1	0	0.517457756721238	0.311030217648461	7.64350744449134	cluster_1=13.540262;cluster_2=14.623817;cluster_3=7.643507	1
STAB_CSY_LOG2	3	YX15211T	PDAC_046	Hybrid	3	0.801899020281147	0.855900621118012	0.626057506835882	0.10123553562149	0.288932873861123	7.40610892540208	cluster_1=7.667076;cluster_2=7.722687;cluster_3=7.406109	0.855900621118012
STAB_CSY_LOG2	3	YX15214T	PDAC_047	Basal	3	0.930913130245324	1	0	0.541046340460567	0.311690098827069	9.18800628178565	cluster_1=15.696469;cluster_2=16.273053;cluster_3=9.188006	1
STAB_CSY_LOG2	3	YX16009T	PDAC_048	Hybrid	3	0.456686991262546	0.426395939086294	1.55498741677661	0.0467905793363817	0.340332237458279	9.00674481212438	cluster_1=9.991978;cluster_2=8.799226;cluster_3=9.006745	0.426395939086294
STAB_CSY_LOG2	3	YX16011T	PDAC_049	Basal	3	0.930624531523023	1	0	0.497187598338419	0.311847202088706	7.65426258998612	cluster_1=13.877249;cluster_2=14.967537;cluster_3=7.654263	1
STAB_CSY_LOG2	3	YX16068T	PDAC_050	Basal	3	0.928082762792427	1	0	0.358256873622808	0.31067726447081	8.18387962204021	cluster_1=10.636054;cluster_2=12.719853;cluster_3=8.183880	1
STAB_CSY_LOG2	3	YX16070T	PDAC_051	Basal	3	0.929466986737085	1	0	0.374865610384631	0.310774606841802	7.09965734577226	cluster_1=10.759117;cluster_2=11.616802;cluster_3=7.099657	1
STAB_CSY_LOG2	3	YX16075T	PDAC_052	Hybrid	2	0.97804020274439	0.99874686716792	0.0138872627255964	0.243299185526941	0.540117274014698	7.07298839143995	cluster_1=10.199432;cluster_2=7.072988;cluster_3=12.566939	0.99874686716792
STAB_CSY_LOG2	3	YX16079T	PDAC_053	Basal	3	0.930753496751527	1	0	0.323474939578484	0.311202108706442	9.70396437154492	cluster_1=12.812929;cluster_2=12.055990;cluster_3=9.703964	1
STAB_CSY_LOG2	3	YX16087T	PDAC_054	Basal	3	0.930320694862175	1	0	0.536514816571702	0.311325338209705	8.26848148975924	cluster_1=14.970494;cluster_2=15.407640;cluster_3=8.268481	1
STAB_CSY_LOG2	3	YX16094T	PDAC_055	Basal	3	0.930031058449283	1	0	0.499795746561692	0.310942799671274	8.93932549632862	cluster_1=14.478861;cluster_2=14.299410;cluster_3=8.939325	1
STAB_CSY_LOG2	3	YX16172T	PDAC_056	Basal	3	0.933203327806451	1	0	0.494397057869649	0.312734877671652	6.31590982108871	cluster_1=12.056155;cluster_2=12.723997;cluster_3=6.315910	1
STAB_CSY_LOG2	3	YX16295T	PDAC_057	Basal	3	0.928083045614575	1	0	0.484720281923639	0.310583110123801	7.92521442669896	cluster_1=13.588747;cluster_2=14.961110;cluster_3=7.925214	1
STAB_CSY_LOG2	3	YX16327T	PDAC_058	Basal	3	0.929625935652187	1	0	0.343763766358113	0.311413749063816	9.05139714290699	cluster_1=12.493739;cluster_2=13.688145;cluster_3=9.051397	1
STAB_CSY_LOG2	3	YX16335T	PDAC_059	Classical	2	0.971171056942472	0.983333333333333	0.122291597069375	0.247527607672376	0.535980050132104	7.13850016604572	cluster_1=9.467973;cluster_2=7.138500;cluster_3=11.424908	0.983333333333333
STAB_CSY_LOG2	3	YX16341T	PDAC_060	Basal	3	0.932764252819651	1	0	0.477321668771939	0.312549669834416	8.39661850824317	cluster_1=14.105400;cluster_2=16.044483;cluster_3=8.396619	1
STAB_CSY_LOG2	3	YX16343T	PDAC_061	Hybrid	1	0.699172525212179	0.847908745247148	0.732036524207884	0.165531261676764	0.177138037758518	11.3685712886285	cluster_1=11.368571;cluster_2=17.108852;cluster_3=14.639908	0.847908745247148
STAB_CSY_LOG2	3	YX16347T	PDAC_062	Classical	1	0.555725248486634	0.471052631578947	0.997580834496036	0.0614392592299417	0.354159884518993	9.23787726385957	cluster_1=9.237877;cluster_2=10.240696;cluster_3=12.040971	0.528947368421053
STAB_CSY_LOG2	4	YX15261T	PDAC_001	Classical	1	0.573766300060063	0.434058898847631	1.17516280734958	0.157155356876702	0.378896398673947	8.4602807483469	cluster_1=8.460281;cluster_2=9.860929;cluster_3=13.657059;cluster_4=13.794539	0.531370038412292
STAB_CSY_LOG2	4	YX15263T	PDAC_002	Classical	2	0.915690534156935	0.920554854981084	0.458569283856869	0.261017322969895	0.495249132839886	8.19623683656045	cluster_1=10.781344;cluster_2=8.196237;cluster_3=16.108608;cluster_4=15.374364	0.920554854981084
STAB_CSY_LOG2	4	YX15271T	PDAC_003	Hybrid	2	0.913091867426268	0.955640050697085	0.306061666743495	0.117556089747367	0.488648145558522	6.42787119688007	cluster_1=8.833744;cluster_2=6.427871;cluster_3=8.720728;cluster_4=11.739841	0.955640050697085
STAB_CSY_LOG2	4	YX16036T	PDAC_004	Hybrid	1	0.740098691663042	0.826923076923077	0.720926498423105	0.252420472398602	0.21214053051562	4.88899005030147	cluster_1=4.888990;cluster_2=6.524917;cluster_3=11.604591;cluster_4=11.085239	0.826923076923077
STAB_CSY_LOG2	4	YX16041T	PDAC_005	Classical	2	0.935592889318114	1	0	0.343306292776838	0.498887280015424	7.71717517595116	cluster_1=11.385923;cluster_2=7.717175;cluster_3=15.061468;cluster_4=14.953587	1
STAB_CSY_LOG2	4	YX16057T	PDAC_006	Classical	2	0.825126564863272	0.858942065491184	0.605232204596109	0.00551615983785529	0.461950677447889	6.76334896973244	cluster_1=7.510854;cluster_2=6.763349;cluster_3=12.880985;cluster_4=12.430494	0.858942065491184
STAB_CSY_LOG2	4	YX16062T	PDAC_007	Classical	2	0.878476575963844	0.867515923566879	0.66036295649699	0.147005860251184	0.486011208983883	8.39763893428512	cluster_1=10.395162;cluster_2=8.397639;cluster_3=14.916881;cluster_4=15.073297	0.867515923566879
STAB_CSY_LOG2	4	YX16112T	PDAC_008	Classical	2	0.938637791377559	1	0	0.338120409841919	0.501766893389867	6.85806226463458	cluster_1=10.525607;cluster_2=6.858062;cluster_3=14.042208;cluster_4=14.342912	1
STAB_CSY_LOG2	4	YX16113T	PDAC_009	Hybrid	2	0.859597841554758	0.843161856963614	0.734713683152666	0.106905327831955	0.476221241909152	9.33080542173253	cluster_1=11.324159;cluster_2=9.330805;cluster_3=10.314283;cluster_4=14.671493	0.843161856963614
STAB_CSY_LOG2	4	YX16119T	PDAC_010	Classical	2	0.93951709837591	1	0	0.299917113767552	0.501332842902486	6.15506757071908	cluster_1=9.711376;cluster_2=6.155068;cluster_3=11.702564;cluster_4=13.283690	1
STAB_CSY_LOG2	4	YX16120T	PDAC_011	Classical	2	0.909781076078309	0.905778894472362	0.534194257182743	0.227625025425066	0.49203803918123	6.77223160133272	cluster_1=9.616800;cluster_2=6.772232;cluster_3=12.567455;cluster_4=13.132689	0.905778894472362
STAB_CSY_LOG2	4	YX16127T	PDAC_012	Classical	2	0.82962223150451	0.806369426751592	0.850307332007831	-0.0785033001871209	0.466294646067548	8.41291349484043	cluster_1=8.452879;cluster_2=8.412913;cluster_3=14.852629;cluster_4=13.692798	0.806369426751592
STAB_CSY_LOG2	4	YX16128T	PDAC_013	Classical	2	0.937624367404773	1	0	0.406731598590259	0.500019128600166	6.04661350726948	cluster_1=11.197308;cluster_2=6.046614;cluster_3=12.965190;cluster_4=13.981619	1
STAB_CSY_LOG2	4	YX16130T	PDAC_014	Hybrid	1	0.750507642222196	0.86346396965866	0.610400830198495	0.326268894861694	0.198098758582515	5.8670772511389	cluster_1=5.867077;cluster_2=8.588112;cluster_3=12.281550;cluster_4=12.824755	0.86346396965866
STAB_CSY_LOG2	4	YX16132T	PDAC_015	Hybrid	2	0.912608939366704	0.95959595959596	0.284089093228235	0.148979339391291	0.490114583663094	5.30745560407374	cluster_1=7.929976;cluster_2=5.307456;cluster_3=10.275152;cluster_4=11.183227	0.95959595959596
STAB_CSY_LOG2	4	YX16135T	PDAC_016	Hybrid	2	0.878595452858442	0.923173803526448	0.462255334200977	0.0636429875360074	0.473944296168572	8.78787382141798	cluster_1=10.391272;cluster_2=8.787874;cluster_3=11.766011;cluster_4=13.657480	0.923173803526448
STAB_CSY_LOG2	4	YX16139T	PDAC_017	Classical	2	0.89120537815043	0.884810126582279	0.625198247460248	0.218633652554988	0.482710720108805	6.27130886363814	cluster_1=9.413626;cluster_2=6.271309;cluster_3=10.746442;cluster_4=11.600444	0.884810126582279
STAB_CSY_LOG2	4	YX16141T	PDAC_018	Hybrid	1	0.637928072741937	0.8248730964467	0.811434447845191	0.221821335217448	0.151109218602762	6.32485517489764	cluster_1=6.324855;cluster_2=10.068307;cluster_3=12.936241;cluster_4=10.517284	0.8248730964467
STAB_CSY_LOG2	4	YX16144T	PDAC_019	Hybrid	2	0.937753860201845	0.99873417721519	0.0140094815193782	0.165052311303311	0.500168732517459	6.643154631869	cluster_1=10.857351;cluster_2=6.643155;cluster_3=8.937142;cluster_4=13.648296	0.99873417721519
STAB_CSY_LOG2	4	YX16147T	PDAC_020	Classical	2	0.937135276727182	0.998760842627014	0.0137524481680633	0.193705844716919	0.499273068324765	10.4326262159525	cluster_1=14.614763;cluster_2=10.432626;cluster_3=14.326044;cluster_4=16.849191	0.998760842627014
STAB_CSY_LOG2	4	YX16153T	PDAC_021	Classical	2	0.941708212795765	0.993742177722153	0.0548078543723506	0.380882784967777	0.502914072461588	8.63119014019134	cluster_1=12.605308;cluster_2=8.631190;cluster_3=17.207826;cluster_4=15.828542	0.993742177722153
STAB_CSY_LOG2	4	YX16155T	PDAC_022	Hybrid	1	0.693881219710179	0.602756892230576	1.11378559229136	0.370863152105004	0.315753021844105	8.76681795999224	cluster_1=8.766818;cluster_2=12.818865;cluster_3=18.208383;cluster_4=16.105123	0.602756892230576
STAB_CSY_LOG2	4	YX16158T	PDAC_023	Hybrid	3	0.877830356848048	0.727503168567807	1.08016892998457	0.224727064703835	0.117274021841449	9.19409943145638	cluster_1=17.851543;cluster_2=16.653239;cluster_3=9.194099;cluster_4=17.742826	0.727503168567807
STAB_CSY_LOG2	4	YX16159T	PDAC_024	Hybrid	1	0.605474999580316	0.754140127388535	1.07870221610297	0.111734911053765	0.183966610223509	8.45429417587812	cluster_1=8.454294;cluster_2=9.233520;cluster_3=9.089165;cluster_4=11.697216	0.754140127388535
STAB_CSY_LOG2	4	YX16160T	PDAC_025	Basal	3	0.881327873834392	0.651898734177215	1.08951560999742	0.100720888310466	0.136481992451158	7.47501896791625	cluster_1=13.853499;cluster_2=13.686609;cluster_3=7.475019;cluster_4=13.596373	0.651898734177215
STAB_CSY_LOG2	4	YX16161T	PDAC_026	Hybrid	2	0.889333237174174	0.936925098554534	0.402290656307512	0.0905011391402788	0.478624074732694	7.43561188806288	cluster_1=9.319274;cluster_2=7.435612;cluster_3=8.527145;cluster_4=12.063555	0.936925098554534
STAB_CSY_LOG2	4	YX16166T	PDAC_027	Classical	2	0.85735985559606	0.846641318124208	0.76880167886091	0.226559675982898	0.466372440577959	7.13216101838228	cluster_1=9.787903;cluster_2=7.132161;cluster_3=13.100132;cluster_4=11.401783	0.846641318124208
STAB_CSY_LOG2	4	YX16177T	PDAC_028	Classical	2	0.943272525121408	0.996314496314496	0.0384849566001434	0.393903194898946	0.503757002809035	7.37699045868073	cluster_1=11.909502;cluster_2=7.376990;cluster_3=14.892953;cluster_4=15.196702	0.996314496314496
STAB_CSY_LOG2	4	YX16178T	PDAC_029	Classical	2	0.849629105569363	0.827889447236181	0.774870695600938	0.0247604385899359	0.469996997977494	9.53260246181834	cluster_1=10.189031;cluster_2=9.532602;cluster_3=15.475365;cluster_4=13.636602	0.827889447236181
STAB_CSY_LOG2	4	YX16180T	PDAC_030	Hybrid	2	0.898447891075765	0.945068664169788	0.361917914132506	0.0974954871261829	0.482919960670465	7.50651081485103	cluster_1=9.484180;cluster_2=7.506511;cluster_3=8.812655;cluster_4=12.639566	0.945068664169788
STAB_CSY_LOG2	4	YX16185T	PDAC_031	Classical	2	0.872040915615092	0.853316326530612	0.728324364081217	0.093013876512465	0.476158927985142	8.8544008340386	cluster_1=10.518649;cluster_2=8.854401;cluster_3=13.874401;cluster_4=12.656311	0.853316326530612
STAB_CSY_LOG2	4	YX16188T	PDAC_032	Hybrid	3	0.883598484746016	0.687741935483871	0.967350197002801	0.16117400867586	0.129830445715991	6.4823176297407	cluster_1=11.756407;cluster_2=10.665626;cluster_3=6.482318;cluster_4=11.482110	0.687741935483871
STAB_CSY_LOG2	4	YX16194T	PDAC_033	Hybrid	1	0.696250983792568	0.903771131339402	0.568951734944697	0.288556166352875	0.136685282718977	6.70330089268803	cluster_1=6.703301;cluster_2=9.519975;cluster_3=10.816866;cluster_4=12.280189	0.903771131339402
STAB_CSY_LOG2	4	YX16202T	PDAC_034	Basal	4	0.98904538341158	1	0	0.215342364022399	0.280012032621484	9.74386453993691	cluster_1=13.882786;cluster_2=15.214341;cluster_3=12.240798;cluster_4=9.743865	1
STAB_CSY_LOG2	4	YX16203T	PDAC_035	Hybrid	2	0.920400538028428	0.971649484536082	0.214401613560074	0.245464385071435	0.492977433597605	6.05801608289527	cluster_1=9.087218;cluster_2=6.058016;cluster_3=9.490656;cluster_4=11.734554	0.971649484536082
STAB_CSY_LOG2	4	YX16207T	PDAC_036	Hybrid	2	0.941571646167283	0.988621997471555	0.100244309250491	0.318480151098362	0.500587940458528	5.98101986043044	cluster_1=9.735077;cluster_2=5.981020;cluster_3=10.757897;cluster_4=13.171932	0.988621997471555
STAB_CSY_LOG2	4	YX16218T	PDAC_037	Hybrid	2	0.930187413624049	0.984476067270375	0.129766050617993	0.167944838362347	0.497279725871883	5.73573911788106	cluster_1=7.796894;cluster_2=5.735739;cluster_3=12.444395;cluster_4=13.241436	0.984476067270375
STAB_CSY_LOG2	4	YX16222T	PDAC_038	Classical	2	0.939897197956622	1	0	0.351487488221856	0.502984904776198	6.63957486971985	cluster_1=11.331484;cluster_2=6.639575;cluster_3=13.993839;cluster_4=14.130737	1
STAB_CSY_LOG2	4	YX16224T	PDAC_039	Hybrid	2	0.934545097576364	0.994974874371859	0.0506316015699669	0.335481576037786	0.498030812227788	6.86604776680083	cluster_1=10.852509;cluster_2=6.866048;cluster_3=12.325003;cluster_4=14.911038	0.994974874371859
STAB_CSY_LOG2	4	YX16227T	PDAC_040	Classical	2	0.939766584699332	1	0	0.354539691820282	0.503476129093122	6.48519597040092	cluster_1=10.121210;cluster_2=6.485196;cluster_3=14.758629;cluster_4=14.231834	1
STAB_CSY_LOG2	4	YX16236T	PDAC_041	Classical	1	0.617696804994912	0.4920049200492	1.13655617241804	0.169240667439412	0.358954768455157	7.07743126652463	cluster_1=7.077431;cluster_2=8.899425;cluster_3=15.539542;cluster_4=14.647434	0.4920049200492
STAB_CSY_LOG2	4	YX15047T	PDAC_042	Basal	4	0.989992150706436	1	0	0.318507810761202	0.278588077696284	8.74855850721525	cluster_1=11.953390;cluster_2=11.856122;cluster_3=13.661835;cluster_4=8.748559	1
STAB_CSY_LOG2	4	YX15106T	PDAC_043	Basal	4	0.98938679245283	1	0	0.422212506807832	0.279494627507678	8.45093041406553	cluster_1=14.865169;cluster_2=15.964668;cluster_3=14.657943;cluster_4=8.450930	1
STAB_CSY_LOG2	4	YX15166T	PDAC_044	Basal	4	0.989533965244866	1	0	0.403514341309313	0.279511748027354	7.04673658751876	cluster_1=13.079425;cluster_2=13.593970;cluster_3=11.256074;cluster_4=7.046737	1
STAB_CSY_LOG2	4	YX15187T	PDAC_045	Basal	4	0.988941548183254	1	0	0.507367604264463	0.278295281432988	6.75789499765206	cluster_1=13.540262;cluster_2=14.623817;cluster_3=14.861056;cluster_4=6.757895	1
STAB_CSY_LOG2	4	YX15211T	PDAC_046	Hybrid	4	0.832584606683861	0.833540372670807	0.713288459899906	0.142912913985652	0.249101975324879	8.13463280582638	cluster_1=7.667076;cluster_2=7.722687;cluster_3=10.721744;cluster_4=8.134633	0.833540372670807
STAB_CSY_LOG2	4	YX15214T	PDAC_047	Basal	4	0.989130434782609	1	0	0.504648251331568	0.279036949394697	8.20423936670897	cluster_1=15.696469;cluster_2=16.273053;cluster_3=16.289862;cluster_4=8.204239	1
STAB_CSY_LOG2	4	YX16009T	PDAC_048	Hybrid	3	0.668825653036082	0.552030456852792	1.58095289426569	0.295428056562547	0.209930969658871	5.69073815124971	cluster_1=9.991978;cluster_2=8.799226;cluster_3=5.690738;cluster_4=10.865229	0.552030456852792
STAB_CSY_LOG2	4	YX16011T	PDAC_049	Basal	4	0.990508885298869	1	0	0.560382501945493	0.278645137390323	7.01858635967281	cluster_1=13.877249;cluster_2=14.967537;cluster_3=14.368412;cluster_4=7.018586	1
STAB_CSY_LOG2	4	YX16068T	PDAC_050	Basal	4	0.989683493589744	1	0	0.461947224441405	0.27773587502414	7.27211704632277	cluster_1=10.636054;cluster_2=12.719853;cluster_3=15.332669;cluster_4=7.272117	1
STAB_CSY_LOG2	4	YX16070T	PDAC_051	Basal	4	0.990043375394322	1	0	0.45923156316522	0.277804807237641	6.94982035363547	cluster_1=10.759117;cluster_2=11.616802;cluster_3=12.945074;cluster_4=6.949820	1
STAB_CSY_LOG2	4	YX16075T	PDAC_052	Hybrid	2	0.93571085229533	0.996240601503759	0.0391487145600456	0.237589985855297	0.498942692743537	7.07298839143995	cluster_1=10.199432;cluster_2=7.072988;cluster_3=11.663340;cluster_4=13.731126	0.996240601503759
STAB_CSY_LOG2	4	YX16079T	PDAC_053	Basal	4	0.989025297619048	1	0	0.29165203898734	0.278736792432555	9.49605909398991	cluster_1=12.812929;cluster_2=12.055990;cluster_3=14.810639;cluster_4=9.496059	1
STAB_CSY_LOG2	4	YX16087T	PDAC_054	Basal	4	0.988970588235294	1	0	0.511945208174895	0.278646104339747	7.52156072482826	cluster_1=14.970494;cluster_2=15.407640;cluster_3=15.057055;cluster_4=7.521561	1
STAB_CSY_LOG2	4	YX16094T	PDAC_055	Basal	4	0.990152106084243	1	0	0.427135938431301	0.278454577873192	8.32670186954298	cluster_1=14.478861;cluster_2=14.299410;cluster_3=15.267261;cluster_4=8.326702	1
STAB_CSY_LOG2	4	YX16172T	PDAC_056	Basal	4	0.98974609375	1	0	0.412200923814522	0.27904594787024	6.47829249033739	cluster_1=12.056155;cluster_2=12.723997;cluster_3=11.801869;cluster_4=6.478292	1
STAB_CSY_LOG2	4	YX16295T	PDAC_057	Basal	4	0.988802931596091	1	0	0.545209693866512	0.278298273222217	6.99235361258394	cluster_1=13.588747;cluster_2=14.961110;cluster_3=15.171522;cluster_4=6.992354	1
STAB_CSY_LOG2	4	YX16327T	PDAC_058	Basal	4	0.99036214953271	1	0	0.358214687794622	0.277980821446766	8.8433786294976	cluster_1=12.493739;cluster_2=13.688145;cluster_3=14.351696;cluster_4=8.843379	1
STAB_CSY_LOG2	4	YX16335T	PDAC_059	Classical	2	0.886921463329423	0.878205128205128	0.649097703468006	0.247527607672376	0.480076890200286	7.13850016604572	cluster_1=9.467973;cluster_2=7.138500;cluster_3=14.447643;cluster_4=11.729936	0.878205128205128
STAB_CSY_LOG2	4	YX16341T	PDAC_060	Basal	4	0.989259410801964	1	0	0.430288568317216	0.280259287481756	8.06275729082645	cluster_1=14.105400;cluster_2=16.044483;cluster_3=14.215505;cluster_4=8.062757	1
STAB_CSY_LOG2	4	YX16343T	PDAC_061	Hybrid	1	0.68176561160817	0.879594423320659	0.643817789274345	0.144084840082321	0.138452907379078	11.3685712886285	cluster_1=11.368571;cluster_2=17.108852;cluster_3=18.570550;cluster_4=14.459468	0.879594423320659
STAB_CSY_LOG2	4	YX16347T	PDAC_062	Classical	1	0.365177185382427	0.432894736842105	1.52247877278528	0.0614392592299417	0.176450544421883	9.23787726385957	cluster_1=9.237877;cluster_2=10.240696;cluster_3=14.337636;cluster_4=12.497777	0.432894736842105
STAB_CSY_LOG2	5	YX15261T	PDAC_001	Classical	1	0.564862019781976	0.486555697823303	1.60274198968479	0.185062339187569	0.276174097680827	8.3643396718781	cluster_1=8.364340;cluster_2=9.860929;cluster_3=13.657059;cluster_4=13.794539;cluster_5=13.450811	0.486555697823303
STAB_CSY_LOG2	5	YX15263T	PDAC_002	Classical	2	0.712206343371885	0.677175283732661	1.27771626398032	0.259906100471236	0.387157958939868	8.19623683656045	cluster_1=10.974588;cluster_2=8.196237;cluster_3=16.108608;cluster_4=15.374364;cluster_5=13.161310	0.677175283732661
STAB_CSY_LOG2	5	YX15271T	PDAC_003	Hybrid	2	0.778259718503372	0.920152091254753	0.514380005318635	0.117556089747367	0.403426183441692	6.42787119688007	cluster_1=9.009114;cluster_2=6.427871;cluster_3=8.720728;cluster_4=11.739841;cluster_5=12.028862	0.920152091254753
STAB_CSY_LOG2	5	YX16036T	PDAC_004	Hybrid	1	0.770397186392751	0.896153846153846	0.584846814345968	0.302988074577556	0.164534988260626	4.84635967385381	cluster_1=4.846360;cluster_2=6.524917;cluster_3=11.604591;cluster_4=11.085239;cluster_5=11.066067	0.896153846153846
STAB_CSY_LOG2	5	YX16041T	PDAC_005	Classical	2	0.822904040638782	1	0	0.262785021078142	0.425612242263708	7.71717517595116	cluster_1=11.683554;cluster_2=7.717175;cluster_3=15.061468;cluster_4=14.953587;cluster_5=12.753981	1
STAB_CSY_LOG2	5	YX16057T	PDAC_006	Classical	2	0.70744465330375	0.826196473551637	0.766828236513627	-0.00594603475923993	0.386061364913159	6.76334896973244	cluster_1=7.730414;cluster_2=6.763349;cluster_3=12.880985;cluster_4=12.430494;cluster_5=11.005273	0.826196473551637
STAB_CSY_LOG2	5	YX16062T	PDAC_007	Classical	2	0.653869501883406	0.580891719745223	1.47149993735374	0.130681179362353	0.367777671609211	8.39763893428512	cluster_1=10.457428;cluster_2=8.397639;cluster_3=14.916881;cluster_4=15.073297;cluster_5=13.827302	0.580891719745223
STAB_CSY_LOG2	5	YX16112T	PDAC_008	Classical	2	0.816504999326302	1	0	0.329514565182296	0.422470365449758	6.85806226463458	cluster_1=10.642780;cluster_2=6.858062;cluster_3=14.042208;cluster_4=14.342912;cluster_5=13.538301	1
STAB_CSY_LOG2	5	YX16113T	PDAC_009	Hybrid	2	0.629186866233978	0.544542032622334	1.54190699401731	0.0823128470517324	0.355989235865786	9.33080542173253	cluster_1=11.307362;cluster_2=9.330805;cluster_3=10.314283;cluster_4=14.671493;cluster_5=15.049190	0.544542032622334
STAB_CSY_LOG2	5	YX16119T	PDAC_010	Classical	2	0.819578812348855	0.998757763975155	0.0137821659114718	0.275873603417014	0.423974071751781	6.15506757071908	cluster_1=9.954023;cluster_2=6.155068;cluster_3=11.702564;cluster_4=13.283690;cluster_5=12.090720	0.998757763975155
STAB_CSY_LOG2	5	YX16120T	PDAC_011	Classical	2	0.681971635100912	0.60929648241206	1.37091565624277	0.160342004095898	0.371738664241571	6.77223160133272	cluster_1=9.902690;cluster_2=6.772232;cluster_3=12.567455;cluster_4=13.132689;cluster_5=11.708097	0.60929648241206
STAB_CSY_LOG2	5	YX16127T	PDAC_012	Classical	2	0.571427436147432	0.461146496815287	1.61597500747806	-0.0954413685361386	0.332201913996227	8.41291349484043	cluster_1=8.586689;cluster_2=8.412913;cluster_3=14.852629;cluster_4=13.692798;cluster_5=12.072739	0.461146496815287
STAB_CSY_LOG2	5	YX16128T	PDAC_013	Classical	2	0.821167937314929	1	0	0.342470302830964	0.424168998318831	6.04661350726948	cluster_1=11.515737;cluster_2=6.046614;cluster_3=12.965190;cluster_4=13.981619;cluster_5=12.454225	1
STAB_CSY_LOG2	5	YX16130T	PDAC_014	Hybrid	1	0.78428508979942	0.929203539823009	0.431587136010311	0.312416397386245	0.155153504017787	5.82625956246433	cluster_1=5.826260;cluster_2=8.588112;cluster_3=12.281550;cluster_4=12.824755;cluster_5=11.555893	0.929203539823009
STAB_CSY_LOG2	5	YX16132T	PDAC_015	Hybrid	2	0.793744428902796	0.944444444444444	0.384464978928793	0.148979339391291	0.412253694299393	5.30745560407374	cluster_1=8.047025;cluster_2=5.307456;cluster_3=10.275152;cluster_4=11.183227;cluster_5=11.869041	0.944444444444444
STAB_CSY_LOG2	5	YX16135T	PDAC_016	Hybrid	2	0.747255504284495	0.89168765743073	0.645923309527271	0.0595561377174944	0.390939248526263	8.78787382141798	cluster_1=10.561193;cluster_2=8.787874;cluster_3=11.766011;cluster_4=13.657480;cluster_5=13.067386	0.89168765743073
STAB_CSY_LOG2	5	YX16139T	PDAC_017	Classical	2	0.63879171705553	0.560759493670886	1.38179909228126	0.124806042026376	0.349865037146187	6.27130886363814	cluster_1=9.733266;cluster_2=6.271309;cluster_3=10.746442;cluster_4=11.600444;cluster_5=11.329413	0.560759493670886
STAB_CSY_LOG2	5	YX16141T	PDAC_018	Hybrid	1	0.679570839290053	0.843908629441624	0.826827166633424	0.267267972036505	0.12694028290277	6.14478301296548	cluster_1=6.144783;cluster_2=10.068307;cluster_3=12.936241;cluster_4=10.517284;cluster_5=12.451230	0.843908629441624
STAB_CSY_LOG2	5	YX16144T	PDAC_019	Hybrid	2	0.822383341635426	0.992405063291139	0.0719844218104778	0.165052311303311	0.426038660784093	6.643154631869	cluster_1=11.108916;cluster_2=6.643155;cluster_3=8.937142;cluster_4=13.648296;cluster_5=12.765925	0.992405063291139
STAB_CSY_LOG2	5	YX16147T	PDAC_020	Classical	2	0.815087231745237	0.990086741016109	0.0896791004202168	0.193705844716919	0.421046944969048	10.4326262159525	cluster_1=14.803414;cluster_2=10.432626;cluster_3=14.326044;cluster_4=16.849191;cluster_5=16.076813	0.990086741016109
STAB_CSY_LOG2	5	YX16153T	PDAC_021	Classical	2	0.821112070861015	0.978723404255319	0.169772948863734	0.299438127084332	0.425581867069578	8.63119014019134	cluster_1=12.895024;cluster_2=8.631190;cluster_3=17.207826;cluster_4=15.828542;cluster_5=13.682968	0.978723404255319
STAB_CSY_LOG2	5	YX16155T	PDAC_022	Hybrid	1	0.694575459537834	0.650375939849624	1.348588724188	0.117558881729344	0.231518087697156	8.85371662857684	cluster_1=8.853717;cluster_2=12.818865;cluster_3=18.208383;cluster_4=16.105123;cluster_5=12.565696	0.650375939849624
STAB_CSY_LOG2	5	YX16158T	PDAC_023	Hybrid	3	0.874599126384955	0.979721166032953	0.176451123336217	0.224727064703835	0.0518041157719025	9.19409943145638	cluster_1=17.940788;cluster_2=16.653239;cluster_3=9.194099;cluster_4=17.742826;cluster_5=19.615030	0.979721166032953
STAB_CSY_LOG2	5	YX16159T	PDAC_024	Hybrid	1	0.625958129200774	0.760509554140127	1.12408288475277	0.145434319443136	0.151025931364381	8.41694915041002	cluster_1=8.416949;cluster_2=9.233520;cluster_3=9.089165;cluster_4=11.697216;cluster_5=13.113582	0.760509554140127
STAB_CSY_LOG2	5	YX16160T	PDAC_025	Basal	3	0.87812259674051	0.955696202531646	0.275688215508488	0.100720888310466	0.0559701964772139	7.47501896791625	cluster_1=13.940017;cluster_2=13.686609;cluster_3=7.475019;cluster_4=13.596373;cluster_5=16.281831	0.955696202531646
STAB_CSY_LOG2	5	YX16161T	PDAC_026	Hybrid	2	0.752326597905381	0.898817345597897	0.617248678876731	0.0799241200801716	0.392649446915618	7.43561188806288	cluster_1=9.458545;cluster_2=7.435612;cluster_3=8.527145;cluster_4=12.063555;cluster_5=12.575066	0.898817345597897
STAB_CSY_LOG2	5	YX16166T	PDAC_027	Classical	2	0.557098915686423	0.463878326996198	1.4015735880153	-0.130833174934174	0.308618649477166	7.13216101838228	cluster_1=10.269361;cluster_2=7.132161;cluster_3=13.100132;cluster_4=11.401783;cluster_5=10.183951	0.463878326996198
STAB_CSY_LOG2	5	YX16177T	PDAC_028	Classical	2	0.817843601296643	0.960687960687961	0.285180734805637	0.287310210167534	0.424376538084247	7.37699045868073	cluster_1=12.226123;cluster_2=7.376990;cluster_3=14.892953;cluster_4=15.196702;cluster_5=12.956848	0.960687960687961
STAB_CSY_LOG2	5	YX16178T	PDAC_029	Classical	2	0.596212520836326	0.492462311557789	1.57121553276817	0.01907198186589	0.33849869176871	9.53260246181834	cluster_1=10.360495;cluster_2=9.532602;cluster_3=15.475365;cluster_4=13.636602;cluster_5=12.919954	0.492462311557789
STAB_CSY_LOG2	5	YX16180T	PDAC_030	Hybrid	2	0.760576520785494	0.911360799001248	0.55140314397551	0.0804123038302002	0.396330657994048	7.50651081485103	cluster_1=9.585308;cluster_2=7.506511;cluster_3=8.812655;cluster_4=12.639566;cluster_5=12.938856	0.911360799001248
STAB_CSY_LOG2	5	YX16185T	PDAC_031	Classical	2	0.604215287401706	0.5	1.52200145270151	0.0257092978948533	0.336796890235178	8.8544008340386	cluster_1=10.776546;cluster_2=8.854401;cluster_3=13.874401;cluster_4=12.656311;cluster_5=12.491386	0.5
STAB_CSY_LOG2	5	YX16188T	PDAC_032	Hybrid	3	0.881952841732425	0.965161290322581	0.218105379446289	0.16117400867586	0.0533053097617963	6.4823176297407	cluster_1=11.911823;cluster_2=10.665626;cluster_3=6.482318;cluster_4=11.482110;cluster_5=14.139578	0.965161290322581
STAB_CSY_LOG2	5	YX16194T	PDAC_033	Hybrid	1	0.741108606737389	0.911573472041612	0.557247402279911	0.331754922736605	0.117106873756359	6.53467715296543	cluster_1=6.534677;cluster_2=9.519975;cluster_3=10.816866;cluster_4=12.280189;cluster_5=12.642974	0.911573472041612
STAB_CSY_LOG2	5	YX16202T	PDAC_034	Basal	4	0.985719874804382	1	0	0.215342364022399	0.262811838884068	9.74386453993691	cluster_1=13.992113;cluster_2=15.214341;cluster_3=12.240798;cluster_4=9.743865;cluster_5=16.128391	1
STAB_CSY_LOG2	5	YX16203T	PDAC_035	Hybrid	2	0.793927676206294	0.954896907216495	0.322206164923243	0.239630972175064	0.411683596962731	6.05801608289527	cluster_1=9.263363;cluster_2=6.058016;cluster_3=9.490656;cluster_4=11.734554;cluster_5=12.178124	0.954896907216495
STAB_CSY_LOG2	5	YX16207T	PDAC_036	Hybrid	2	0.813982431245264	0.972187104930468	0.221724587692873	0.234587520586008	0.419520395731191	5.98101986043044	cluster_1=10.020955;cluster_2=5.981020;cluster_3=10.757897;cluster_4=13.171932;cluster_5=11.779714	0.972187104930468
STAB_CSY_LOG2	5	YX16218T	PDAC_037	Hybrid	2	0.811687469582886	0.965071151358344	0.269389240763047	0.146723688179403	0.421337638963921	5.73573911788106	cluster_1=7.906376;cluster_2=5.735739;cluster_3=12.444395;cluster_4=13.241436;cluster_5=11.838027	0.965071151358344
STAB_CSY_LOG2	5	YX16222T	PDAC_038	Classical	2	0.81994268061412	1	0	0.351487488221856	0.42448647819254	6.63957486971985	cluster_1=11.618942;cluster_2=6.639575;cluster_3=13.993839;cluster_4=14.130737;cluster_5=12.800295	1
STAB_CSY_LOG2	5	YX16224T	PDAC_039	Hybrid	2	0.810359169789087	0.984924623115578	0.128506727579699	0.332284600945795	0.417794489223223	6.86604776680083	cluster_1=11.013981;cluster_2=6.866048;cluster_3=12.325003;cluster_4=14.911038;cluster_5=13.446935	0.984924623115578
STAB_CSY_LOG2	5	YX16227T	PDAC_040	Classical	2	0.817257750301095	1	0	0.354288950804536	0.422785204431234	6.48519597040092	cluster_1=10.346689;cluster_2=6.485196;cluster_3=14.758629;cluster_4=14.231834;cluster_5=12.478923	1
STAB_CSY_LOG2	5	YX16236T	PDAC_041	Classical	1	0.614670514035809	0.539975399753998	1.51329591620992	0.105582437792215	0.266646254776163	7.23881304202825	cluster_1=7.238813;cluster_2=8.899425;cluster_3=15.539542;cluster_4=14.647434;cluster_5=11.140782	0.539975399753998
STAB_CSY_LOG2	5	YX15047T	PDAC_042	Basal	4	0.987244897959184	1	0	0.270839680290632	0.262435072670663	8.74855850721525	cluster_1=12.271596;cluster_2=11.856122;cluster_3=13.661835;cluster_4=8.748559;cluster_5=12.974098	1
STAB_CSY_LOG2	5	YX15106T	PDAC_043	Basal	4	0.986045597484277	1	0	0.422212506807832	0.262714231565517	8.45093041406553	cluster_1=14.985088;cluster_2=15.964668;cluster_3=14.657943;cluster_4=8.450930;cluster_5=16.839752	1
STAB_CSY_LOG2	5	YX15166T	PDAC_044	Basal	4	0.986868088467615	1	0	0.403514341309313	0.26258184672126	7.04673658751876	cluster_1=13.212207;cluster_2=13.593970;cluster_3=11.256074;cluster_4=7.046737;cluster_5=15.312490	1
STAB_CSY_LOG2	5	YX15187T	PDAC_045	Basal	4	0.985781990521327	1	0	0.507367604264463	0.262232070571622	6.75789499765206	cluster_1=13.770116;cluster_2=14.623817;cluster_3=14.861056;cluster_4=6.757895;cluster_5=14.888336	1
STAB_CSY_LOG2	5	YX15211T	PDAC_046	Hybrid	4	0.784684728153085	0.786335403726708	0.930075858386492	0.131505112579301	0.226768256497148	8.13463280582638	cluster_1=7.842811;cluster_2=7.722687;cluster_3=10.721744;cluster_4=8.134633;cluster_5=11.361063	0.786335403726708
STAB_CSY_LOG2	5	YX15214T	PDAC_047	Basal	4	0.986218944099379	1	0	0.504648251331568	0.262150027230111	8.20423936670897	cluster_1=15.903918;cluster_2=16.273053;cluster_3=16.289862;cluster_4=8.204239;cluster_5=16.798822	1
STAB_CSY_LOG2	5	YX16009T	PDAC_048	Hybrid	3	0.663995690518507	0.67258883248731	1.22938205503653	0.279070462467089	0.151494026885642	5.69073815124971	cluster_1=10.032770;cluster_2=8.799226;cluster_3=5.690738;cluster_4=10.865229;cluster_5=13.686065	0.67258883248731
STAB_CSY_LOG2	5	YX16011T	PDAC_049	Basal	4	0.987782714054927	1	0	0.526131283058038	0.263302908938118	7.01858635967281	cluster_1=14.138895;cluster_2=14.967537;cluster_3=14.368412;cluster_4=7.018586;cluster_5=14.880373	1
STAB_CSY_LOG2	5	YX16068T	PDAC_050	Basal	4	0.986879006410256	1	0	0.461224499584406	0.262611313622447	7.27211704632277	cluster_1=10.809255;cluster_2=12.719853;cluster_3=15.332669;cluster_4=7.272117;cluster_5=13.210481	1
STAB_CSY_LOG2	5	YX16070T	PDAC_051	Basal	4	0.986691640378549	1	0	0.358704464995401	0.262639177703645	6.94982035363547	cluster_1=11.074817;cluster_2=11.616802;cluster_3=12.945074;cluster_4=6.949820;cluster_5=12.187794	1
STAB_CSY_LOG2	5	YX16075T	PDAC_052	Hybrid	2	0.808471104540456	0.982456140350877	0.149998407022512	0.237589985855297	0.417467164787477	7.07298839143995	cluster_1=10.361686;cluster_2=7.072988;cluster_3=11.663340;cluster_4=13.731126;cluster_5=12.993218	0.982456140350877
STAB_CSY_LOG2	5	YX16079T	PDAC_053	Basal	4	0.985956101190476	1	0	0.233820826603609	0.262173454600667	9.49605909398991	cluster_1=13.179892;cluster_2=12.055990;cluster_3=14.810639;cluster_4=9.496059;cluster_5=13.158488	1
STAB_CSY_LOG2	5	YX16087T	PDAC_054	Basal	4	0.986089030206677	1	0	0.511945208174895	0.26249105263602	7.52156072482826	cluster_1=15.174299;cluster_2=15.407640;cluster_3=15.057055;cluster_4=7.521561;cluster_5=16.237088	1
STAB_CSY_LOG2	5	YX16094T	PDAC_055	Basal	4	0.987714508580343	1	0	0.427135938431301	0.262972547836406	8.32670186954298	cluster_1=14.699883;cluster_2=14.299410;cluster_3=15.267261;cluster_4=8.326702;cluster_5=15.697627	1
STAB_CSY_LOG2	5	YX16172T	PDAC_056	Basal	4	0.98681640625	1	0	0.412200923814522	0.262790125303697	6.47829249033739	cluster_1=12.227411;cluster_2=12.723997;cluster_3=11.801869;cluster_4=6.478292;cluster_5=14.238778	1
STAB_CSY_LOG2	5	YX16295T	PDAC_057	Basal	4	0.985545602605863	1	0	0.545209693866512	0.262136942274798	6.99235361258394	cluster_1=13.793829;cluster_2=14.961110;cluster_3=15.171522;cluster_4=6.992354;cluster_5=15.130550	1
STAB_CSY_LOG2	5	YX16327T	PDAC_058	Basal	4	0.987344236760125	1	0	0.358214687794622	0.26285673480725	8.8433786294976	cluster_1=12.599420;cluster_2=13.688145;cluster_3=14.351696;cluster_4=8.843379;cluster_5=15.068088	1
STAB_CSY_LOG2	5	YX16335T	PDAC_059	Classical	2	0.627428466895056	0.537179487179487	1.39931451215674	-0.048507326062055	0.344266620392619	7.13850016604572	cluster_1=9.914247;cluster_2=7.138500;cluster_3=14.447643;cluster_4=11.729936;cluster_5=10.325447	0.537179487179487
STAB_CSY_LOG2	5	YX16341T	PDAC_060	Basal	4	0.985986088379705	1	0	0.430288568317216	0.262874891165712	8.06275729082645	cluster_1=14.230958;cluster_2=16.044483;cluster_3=14.215505;cluster_4=8.062757;cluster_5=16.179064	1
STAB_CSY_LOG2	5	YX16343T	PDAC_061	Hybrid	1	0.726377695790625	0.892268694550063	0.647307564908247	0.187922174752727	0.12004404015641	11.1146303263273	cluster_1=11.114630;cluster_2=17.108852;cluster_3=18.570550;cluster_4=14.459468;cluster_5=16.596671	0.892268694550063
STAB_CSY_LOG2	5	YX16347T	PDAC_062	Classical	5	NA	0.927631578947368	0.401912578360834	0	0.0523970976284083	0	cluster_1=10.264308;cluster_2=10.240696;cluster_3=14.337636;cluster_4=12.497777;cluster_5=0.000000	0.927631578947368
STAB_CSY_LOG2	6	YX15261T	PDAC_001	Classical	1	0.540513490212932	0.376440460947503	1.18275392628418	-0.0147499051169639	0.176952670227396	8.3643396718781	cluster_1=8.364340;cluster_2=8.731295;cluster_3=10.841830;cluster_4=13.657059;cluster_5=13.794539;cluster_6=13.450811	0.58898847631242
STAB_CSY_LOG2	6	YX15263T	PDAC_002	Classical	2	0.779129894828505	0.708701134930643	1.03951614987339	0.192703409225912	0.249079482254758	6.83264675476139	cluster_1=10.974588;cluster_2=6.832647;cluster_3=9.340406;cluster_4=16.108608;cluster_5=15.374364;cluster_6=13.161310	0.708701134930643
STAB_CSY_LOG2	6	YX15271T	PDAC_003	Hybrid	3	0.902588598233873	0.946768060836502	0.394709048223628	0.258446903572351	0.319400152855875	5.7850159564581	cluster_1=9.009114;cluster_2=8.913356;cluster_3=5.785016;cluster_4=8.720728;cluster_5=11.739841;cluster_6=12.028862	0.946768060836502
STAB_CSY_LOG2	6	YX16036T	PDAC_004	Hybrid	1	0.746411142059582	0.830769230769231	0.782153543730968	0.288274273881105	0.135196649124992	4.84635967385381	cluster_1=4.846360;cluster_2=6.768715;cluster_3=7.165015;cluster_4=11.604591;cluster_5=11.085239;cluster_6=11.066067	0.830769230769231
STAB_CSY_LOG2	6	YX16041T	PDAC_005	Classical	3	0.925869946322475	0.925221799746515	0.383507120986164	0.109152790994746	0.34766866014458	7.89964974986632	cluster_1=11.683554;cluster_2=8.672573;cluster_3=7.899650;cluster_4=15.061468;cluster_5=14.953587;cluster_6=12.753981	0.925221799746515
STAB_CSY_LOG2	6	YX16057T	PDAC_006	Classical	3	0.776056914239349	0.80352644836272	0.932696117208722	0.0246352220521608	0.305483701673036	7.07554385531471	cluster_1=7.730414;cluster_2=7.636296;cluster_3=7.075544;cluster_4=12.880985;cluster_5=12.430494;cluster_6=11.005273	0.80352644836272
STAB_CSY_LOG2	6	YX16062T	PDAC_007	Classical	2	0.819873260825942	0.789808917197452	0.963175166423458	0.0609931254051755	0.223685265024213	7.83130201918455	cluster_1=10.457428;cluster_2=7.831302;cluster_3=9.230560;cluster_4=14.916881;cluster_5=15.073297;cluster_6=13.827302	0.789808917197452
STAB_CSY_LOG2	6	YX16112T	PDAC_008	Classical	3	0.927968067081131	0.926470588235294	0.387950816697624	0.177699268043474	0.346943640400353	6.89124278731252	cluster_1=10.642780;cluster_2=8.229096;cluster_3=6.891243;cluster_4=14.042208;cluster_5=14.342912;cluster_6=13.538301	0.926470588235294
STAB_CSY_LOG2	6	YX16113T	PDAC_009	Hybrid	2	0.814568734085263	0.82810539523212	0.886349370604004	0.0445700561763338	0.202946026410945	9.46238144465951	cluster_1=11.307362;cluster_2=9.462381;cluster_3=9.807785;cluster_4=10.314283;cluster_5=14.671493;cluster_6=15.049190	0.82810539523212
STAB_CSY_LOG2	6	YX16119T	PDAC_010	Classical	3	0.933726141589579	0.944099378881988	0.319546521385133	0.233328310470491	0.345240351134936	5.90689268630758	cluster_1=9.954023;cluster_2=8.112595;cluster_3=5.906893;cluster_4=11.702564;cluster_5=13.283690;cluster_6=12.090720	0.944099378881988
STAB_CSY_LOG2	6	YX16120T	PDAC_011	Classical	2	0.875357033933623	0.814070351758794	0.722919067878571	0.183897230120335	0.230954164587458	5.96999942711715	cluster_1=9.902690;cluster_2=5.969999;cluster_3=7.812622;cluster_4=12.567455;cluster_5=13.132689;cluster_6=11.708097	0.814070351758794
STAB_CSY_LOG2	6	YX16127T	PDAC_012	Classical	2	0.844379155221692	0.872611464968153	0.67462745024078	0.133914434095171	0.197199417673247	6.6197716525665	cluster_1=8.586689;cluster_2=6.619772;cluster_3=9.691202;cluster_4=14.852629;cluster_5=13.692798;cluster_6=12.072739	0.872611464968153
STAB_CSY_LOG2	6	YX16128T	PDAC_013	Classical	3	0.940607764700725	0.948717948717949	0.30014267609506	0.234299990987364	0.345619926345515	5.82367284237762	cluster_1=11.515737;cluster_2=7.985108;cluster_3=5.823673;cluster_4=12.965190;cluster_5=13.981619;cluster_6=12.454225	0.948717948717949
STAB_CSY_LOG2	6	YX16130T	PDAC_014	Hybrid	1	0.770202214752297	0.865992414664981	0.625554401535374	0.312416397386245	0.131505243402673	5.82625956246433	cluster_1=5.826260;cluster_2=9.076102;cluster_3=8.941876;cluster_4=12.281550;cluster_5=12.824755;cluster_6=11.555893	0.865992414664981
STAB_CSY_LOG2	6	YX16132T	PDAC_015	Hybrid	3	0.910552436189456	0.954545454545455	0.348823389865209	0.148631540399024	0.329742339627549	5.52671236111866	cluster_1=8.047025;cluster_2=6.695047;cluster_3=5.526712;cluster_4=10.275152;cluster_5=11.183227;cluster_6=11.869041	0.954545454545455
STAB_CSY_LOG2	6	YX16135T	PDAC_016	Hybrid	3	0.877274751971962	0.919395465994962	0.539862005190637	0.192267197350137	0.31584975241232	7.98494659689851	cluster_1=10.561193;cluster_2=11.276134;cluster_3=7.984947;cluster_4=11.766011;cluster_5=13.657480;cluster_6=13.067386	0.919395465994962
STAB_CSY_LOG2	6	YX16139T	PDAC_017	Classical	2	0.819124036953154	0.758227848101266	1.02507889263126	0.111066159482599	0.20930081567852	6.23015595507433	cluster_1=9.733266;cluster_2=6.230156;cluster_3=7.062614;cluster_4=10.746442;cluster_5=11.600444;cluster_6=11.329413	0.758227848101266
STAB_CSY_LOG2	6	YX16141T	PDAC_018	Hybrid	1	0.640626861633246	0.884517766497462	0.698772263527383	0.267267972036505	0.0995611261844948	6.14478301296548	cluster_1=6.144783;cluster_2=9.751207;cluster_3=10.708397;cluster_4=12.936241;cluster_5=10.517284;cluster_6=12.451230	0.884517766497462
STAB_CSY_LOG2	6	YX16144T	PDAC_019	Hybrid	3	0.941827442987545	0.960759493670886	0.24686659102827	0.263742538537253	0.344846824932021	6.07580114568327	cluster_1=11.108916;cluster_2=8.996024;cluster_3=6.075801;cluster_4=8.937142;cluster_5=13.648296;cluster_6=12.765925	0.960759493670886
STAB_CSY_LOG2	6	YX16147T	PDAC_020	Classical	3	0.942104355185578	0.960346964064436	0.248654388374146	0.301365770837283	0.343436862246785	9.6081627312509	cluster_1=14.803414;cluster_2=12.852269;cluster_3=9.608163;cluster_4=14.326044;cluster_5=16.849191;cluster_6=16.076813	0.960346964064436
STAB_CSY_LOG2	6	YX16153T	PDAC_021	Classical	3	0.865806150350303	0.852315394242804	0.614427594019993	-0.0947874670686915	0.34066546989058	9.22816032257834	cluster_1=12.895024;cluster_2=8.587860;cluster_3=9.228160;cluster_4=17.207826;cluster_5=15.828542;cluster_6=13.682968	0.852315394242804
STAB_CSY_LOG2	6	YX16155T	PDAC_022	Hybrid	1	0.6705735297199	0.545112781954887	1.17023336394634	0.117558881729344	0.16332244468005	8.85371662857684	cluster_1=8.853717;cluster_2=11.864024;cluster_3=13.632773;cluster_4=18.208383;cluster_5=16.105123;cluster_6=12.565696	0.545112781954887
STAB_CSY_LOG2	6	YX16158T	PDAC_023	Hybrid	4	0.853013226746972	0.980988593155893	0.155604656978696	0.212412584110315	0.0464041561548855	9.19409943145638	cluster_1=17.940788;cluster_2=18.046701;cluster_3=16.266878;cluster_4=9.194099;cluster_5=17.742826;cluster_6=19.615030	0.980988593155893
STAB_CSY_LOG2	6	YX16159T	PDAC_024	Hybrid	1	0.599129910998076	0.771974522292994	1.09318419190116	0.145434319443136	0.134579310484842	8.41694915041002	cluster_1=8.416949;cluster_2=11.088858;cluster_3=8.809619;cluster_4=9.089165;cluster_5=11.697216;cluster_6=13.113582	0.771974522292994
STAB_CSY_LOG2	6	YX16160T	PDAC_025	Basal	4	0.840224712673044	0.950632911392405	0.331013425677906	0.100720888310466	0.0423023308135295	7.47501896791625	cluster_1=13.940017;cluster_2=14.684604;cluster_3=13.570058;cluster_4=7.475019;cluster_5=13.596373;cluster_6=16.281831	0.950632911392405
STAB_CSY_LOG2	6	YX16161T	PDAC_026	Hybrid	3	0.87826835585991	0.92772667542707	0.504241833060531	0.216729556229103	0.31230140833049	6.8325316307472	cluster_1=9.458545;cluster_2=9.746872;cluster_3=6.832532;cluster_4=8.527145;cluster_5=12.063555;cluster_6=12.575066	0.92772667542707
STAB_CSY_LOG2	6	YX16166T	PDAC_027	Classical	2	0.752362157019524	0.693282636248416	1.18232179500244	-0.0236464070486092	0.183803052139679	6.47708575921236	cluster_1=10.269361;cluster_2=6.477086;cluster_3=8.088214;cluster_4=13.100132;cluster_5=11.401783;cluster_6=10.183951	0.693282636248416
STAB_CSY_LOG2	6	YX16177T	PDAC_028	Classical	3	0.815359410380494	0.7997542997543	0.722419223295124	-0.00937864905410574	0.334997044642	7.73868421764066	cluster_1=12.226123;cluster_2=8.036281;cluster_3=7.738684;cluster_4=14.892953;cluster_5=15.196702;cluster_6=12.956848	0.7997542997543
STAB_CSY_LOG2	6	YX16178T	PDAC_029	Classical	2	0.843906124749574	0.878140703517588	0.702054688088539	0.245178311301517	0.194077303218454	7.43121987608076	cluster_1=10.360495;cluster_2=7.431220;cluster_3=10.869761;cluster_4=15.475365;cluster_5=13.636602;cluster_6=12.919954	0.878140703517588
STAB_CSY_LOG2	6	YX16180T	PDAC_030	Hybrid	3	0.894491080860783	0.946317103620474	0.401720906543048	0.243062832504245	0.318002014747242	6.67022593672423	cluster_1=9.585308;cluster_2=10.143367;cluster_3=6.670226;cluster_4=8.812655;cluster_5=12.639566;cluster_6=12.938856	0.946317103620474
STAB_CSY_LOG2	6	YX16185T	PDAC_031	Classical	2	0.855948406200177	0.903061224489796	0.569899099874907	0.206772319380135	0.189940863907916	7.37800135774689	cluster_1=10.776546;cluster_2=7.378001;cluster_3=10.005937;cluster_4=13.874401;cluster_5=12.656311;cluster_6=12.491386	0.903061224489796
STAB_CSY_LOG2	6	YX16188T	PDAC_032	Hybrid	4	0.864934638666389	0.992258064516129	0.0751108266872197	0.16117400867586	0.0431032381645721	6.4823176297407	cluster_1=11.911823;cluster_2=10.891284;cluster_3=11.033828;cluster_4=6.482318;cluster_5=11.482110;cluster_6=14.139578	0.992258064516129
STAB_CSY_LOG2	6	YX16194T	PDAC_033	Hybrid	1	0.724987390468725	0.94148244473342	0.414786238567765	0.331754922736605	0.109241294914575	6.53467715296543	cluster_1=6.534677;cluster_2=10.927979;cluster_3=9.339499;cluster_4=10.816866;cluster_5=12.280189;cluster_6=12.642974	0.94148244473342
STAB_CSY_LOG2	6	YX16202T	PDAC_034	Basal	5	0.971733176838811	1	0	0.215342364022399	0.255803130386832	9.74386453993691	cluster_1=13.992113;cluster_2=15.541098;cluster_3=15.394703;cluster_4=12.240798;cluster_5=9.743865;cluster_6=16.128391	1
STAB_CSY_LOG2	6	YX16203T	PDAC_035	Hybrid	3	0.919834885495545	0.970360824742268	0.240953367145917	0.267230532294836	0.32956928318332	5.72890487953619	cluster_1=9.263363;cluster_2=8.154075;cluster_3=5.728905;cluster_4=9.490656;cluster_5=11.734554;cluster_6=12.178124	0.970360824742268
STAB_CSY_LOG2	6	YX16207T	PDAC_036	Hybrid	3	0.941212654080152	0.982300884955752	0.158839621449377	0.288831263854018	0.335590435704414	5.5567275755594	cluster_1=10.020955;cluster_2=8.227754;cluster_3=5.556728;cluster_4=10.757897;cluster_5=13.171932;cluster_6=11.779714	0.982300884955752
STAB_CSY_LOG2	6	YX16218T	PDAC_037	Hybrid	3	0.922197580425651	0.96248382923674	0.278564587926853	0.161297352190188	0.336991659324155	5.97122030812347	cluster_1=7.906376;cluster_2=6.982301;cluster_3=5.971220;cluster_4=12.444395;cluster_5=13.241436;cluster_6=11.838027	0.96248382923674
STAB_CSY_LOG2	6	YX16222T	PDAC_038	Classical	3	0.932794843358026	0.94140127388535	0.330711176455625	0.27150433628823	0.344385667249591	6.42944313674527	cluster_1=11.618942;cluster_2=8.455415;cluster_3=6.429443;cluster_4=13.993839;cluster_5=14.130737;cluster_6=12.800295	0.94140127388535
STAB_CSY_LOG2	6	YX16224T	PDAC_039	Hybrid	3	0.942006221410295	0.96608040201005	0.221434633590994	0.30576498667965	0.34272062492008	6.32534375561745	cluster_1=11.013981;cluster_2=9.152278;cluster_3=6.325344;cluster_4=12.325003;cluster_5=14.911038;cluster_6=13.446935	0.96608040201005
STAB_CSY_LOG2	6	YX16227T	PDAC_040	Classical	3	0.933945360400849	0.934531450577664	0.357896324796731	0.157334226769744	0.347024412627004	6.67583638539291	cluster_1=10.346689;cluster_2=7.644073;cluster_3=6.675836;cluster_4=14.758629;cluster_5=14.231834;cluster_6=12.478923	0.934531450577664
STAB_CSY_LOG2	6	YX16236T	PDAC_041	Classical	1	0.591987424789602	0.439114391143911	1.22142144058768	0.0222563695487841	0.177403921247033	7.23881304202825	cluster_1=7.238813;cluster_2=7.742984;cluster_3=9.933314;cluster_4=15.539542;cluster_5=14.647434;cluster_6=11.140782	0.523985239852399
STAB_CSY_LOG2	6	YX15047T	PDAC_042	Basal	5	0.973999215070644	1	0	0.270839680290632	0.256213897757265	8.74855850721525	cluster_1=12.271596;cluster_2=12.193105;cluster_3=12.124961;cluster_4=13.661835;cluster_5=8.748559;cluster_6=12.974098	1
STAB_CSY_LOG2	6	YX15106T	PDAC_043	Basal	5	0.973270440251572	1	0	0.422212506807832	0.256158344790957	8.45093041406553	cluster_1=14.985088;cluster_2=15.684294;cluster_3=16.413480;cluster_4=14.657943;cluster_5=8.450930;cluster_6=16.839752	1
STAB_CSY_LOG2	6	YX15166T	PDAC_044	Basal	5	0.975513428120063	1	0	0.403514341309313	0.256638892730052	7.04673658751876	cluster_1=13.212207;cluster_2=13.586048;cluster_3=13.971570;cluster_4=11.256074;cluster_5=7.046737;cluster_6=15.312490	1
STAB_CSY_LOG2	6	YX15187T	PDAC_045	Basal	5	0.972847551342812	1	0	0.507367604264463	0.255867495693406	6.75789499765206	cluster_1=13.770116;cluster_2=14.736537;cluster_3=14.919325;cluster_4=14.861056;cluster_5=6.757895;cluster_6=14.888336	1
STAB_CSY_LOG2	6	YX15211T	PDAC_046	Hybrid	5	0.578510566314971	0.582608695652174	1.59772801588926	0.131505112579301	0.167791799860607	8.13463280582638	cluster_1=7.842811;cluster_2=7.863856;cluster_3=8.300501;cluster_4=10.721744;cluster_5=8.134633;cluster_6=11.361063	0.582608695652174
STAB_CSY_LOG2	6	YX15214T	PDAC_047	Basal	5	0.973796583850932	1	0	0.504648251331568	0.256116245034607	8.20423936670897	cluster_1=15.903918;cluster_2=16.011189;cluster_3=16.707609;cluster_4=16.289862;cluster_5=8.204239;cluster_6=16.798822	1
STAB_CSY_LOG2	6	YX16009T	PDAC_048	Hybrid	4	0.653814373477636	0.66497461928934	1.22364312349257	0.226807520505738	0.126833590592031	5.69073815124971	cluster_1=10.032770;cluster_2=10.520639;cluster_3=8.479132;cluster_4=5.690738;cluster_5=10.865229;cluster_6=13.686065	0.66497461928934
STAB_CSY_LOG2	6	YX16011T	PDAC_049	Basal	5	0.973848949919225	1	0	0.526131283058038	0.256262570727191	7.01858635967281	cluster_1=14.138895;cluster_2=14.643551;cluster_3=15.456447;cluster_4=14.368412;cluster_5=7.018586;cluster_6=14.880373	1
STAB_CSY_LOG2	6	YX16068T	PDAC_050	Basal	5	0.97285657051282	1	0	0.461224499584406	0.255925657162877	7.27211704632277	cluster_1=10.809255;cluster_2=11.705793;cluster_3=13.560814;cluster_4=15.332669;cluster_5=7.272117;cluster_6=13.210481	1
STAB_CSY_LOG2	6	YX16070T	PDAC_051	Basal	5	0.974171924290221	1	0	0.358704464995401	0.256174997197726	6.94982035363547	cluster_1=11.074817;cluster_2=11.537563;cluster_3=12.088423;cluster_4=12.945074;cluster_5=6.949820;cluster_6=12.187794	1
STAB_CSY_LOG2	6	YX16075T	PDAC_052	Hybrid	3	0.942974548471054	0.976190476190476	0.173884769716962	0.361046021013357	0.338763595053096	6.2149833051944	cluster_1=10.361686;cluster_2=9.778170;cluster_3=6.214983;cluster_4=11.663340;cluster_5=13.731126;cluster_6=12.993218	0.976190476190476
STAB_CSY_LOG2	6	YX16079T	PDAC_053	Basal	5	0.972935267857143	1	0	0.233820826603609	0.255844040493663	9.49605909398991	cluster_1=13.179892;cluster_2=12.120239;cluster_3=12.446423;cluster_4=14.810639;cluster_5=9.496059;cluster_6=13.158488	1
STAB_CSY_LOG2	6	YX16087T	PDAC_054	Basal	5	0.973469793322735	1	0	0.511945208174895	0.256039935639531	7.52156072482826	cluster_1=15.174299;cluster_2=15.474782;cluster_3=15.707138;cluster_4=15.057055;cluster_5=7.521561;cluster_6=16.237088	1
STAB_CSY_LOG2	6	YX16094T	PDAC_055	Basal	5	0.974746489859594	1	0	0.427135938431301	0.256362818449329	8.32670186954298	cluster_1=14.699883;cluster_2=13.699671;cluster_3=14.925669;cluster_4=15.267261;cluster_5=8.326702;cluster_6=15.697627	1
STAB_CSY_LOG2	6	YX16172T	PDAC_056	Basal	5	0.975390625	1	0	0.412200923814522	0.256631015322109	6.47829249033739	cluster_1=12.227411;cluster_2=13.235278;cluster_3=12.879677;cluster_4=11.801869;cluster_5=6.478292;cluster_6=14.238778	1
STAB_CSY_LOG2	6	YX16295T	PDAC_057	Basal	5	0.971905537459283	1	0	0.545209693866512	0.255631473173557	6.99235361258394	cluster_1=13.793829;cluster_2=14.570625;cluster_3=15.480061;cluster_4=15.171522;cluster_5=6.992354;cluster_6=15.130550	1
STAB_CSY_LOG2	6	YX16327T	PDAC_058	Basal	5	0.974007009345794	1	0	0.358214687794622	0.256398520126121	8.8433786294976	cluster_1=12.599420;cluster_2=13.834429;cluster_3=13.991224;cluster_4=14.351696;cluster_5=8.843379;cluster_6=15.068088	1
STAB_CSY_LOG2	6	YX16335T	PDAC_059	Classical	2	0.830948775044052	0.761538461538461	1.02852191269703	0.101232074793528	0.204350359237746	6.14622713328676	cluster_1=9.914247;cluster_2=6.146227;cluster_3=8.218368;cluster_4=14.447643;cluster_5=11.729936;cluster_6=10.325447	0.761538461538461
STAB_CSY_LOG2	6	YX16341T	PDAC_060	Basal	5	0.974018003273322	1	0	0.430288568317216	0.256463166772868	8.06275729082645	cluster_1=14.230958;cluster_2=16.058151;cluster_3=16.356122;cluster_4=14.215505;cluster_5=8.062757;cluster_6=16.179064	1
STAB_CSY_LOG2	6	YX16343T	PDAC_061	Hybrid	1	0.705907646664014	0.936628643852979	0.429531698336812	0.187922174752727	0.105124590062837	11.1146303263273	cluster_1=11.114630;cluster_2=16.792761;cluster_3=17.553401;cluster_4=18.570550;cluster_5=14.459468;cluster_6=16.596671	0.936628643852979
STAB_CSY_LOG2	6	YX16347T	PDAC_062	Classical	6	NA	0.960526315789474	0.265532605082274	0	0.00933904831728792	0	cluster_1=10.264308;cluster_2=10.149638;cluster_3=10.773218;cluster_4=14.337636;cluster_5=12.497777;cluster_6=0.000000	0.960526315789474
STAB_UNSUP_HVG	2	YX15261T	PDAC_001	Classical	1	0.923285149929687	0.843088418430884	0.626869614228071	0.153161134362938	0.641774846986718	26.8735661550378	cluster_1=26.873566;cluster_2=41.924036	0.843088418430884
STAB_UNSUP_HVG	2	YX15263T	PDAC_002	Classical	1	0.915294526416289	0.822393822393822	0.674812152216569	0.00530655968884549	0.643580204623763	28.8889696950715	cluster_1=28.888970;cluster_2=34.778094	0.822393822393822
STAB_UNSUP_HVG	2	YX15271T	PDAC_003	Hybrid	2	0.884540670735356	1	0	0.40709839916156	0.427541083819748	19.8707389607808	cluster_1=43.256522;cluster_2=19.870739	1
STAB_UNSUP_HVG	2	YX16036T	PDAC_004	Hybrid	2	0.890916106963914	1	0	0.355307345285262	0.425279462186106	19.685359625105	cluster_1=38.635867;cluster_2=19.685360	1
STAB_UNSUP_HVG	2	YX16041T	PDAC_005	Classical	2	0.81660520810892	0.81360201511335	0.693875213206736	0.219219556484465	0.509976968686727	28.3819360016871	cluster_1=38.310668;cluster_2=28.381936	0.81360201511335
STAB_UNSUP_HVG	2	YX16057T	PDAC_006	Classical	2	0.895039341185181	0.982165605095541	0.129102239456317	0.273839041035706	0.435751034758474	22.9323932689356	cluster_1=35.711765;cluster_2=22.932393	0.982165605095541
STAB_UNSUP_HVG	2	YX16062T	PDAC_007	Classical	1	0.915005956465531	0.826781326781327	0.665015040579548	0.0531588529112548	0.642824870696493	28.6029137568829	cluster_1=28.602914;cluster_2=37.394503	0.826781326781327
STAB_UNSUP_HVG	2	YX16112T	PDAC_008	Classical	2	0.700390946131349	0.65685019206146	0.927801009525972	0.131723004223775	0.56311280657971	28.3523748344388	cluster_1=31.792036;cluster_2=28.352375	0.65685019206146
STAB_UNSUP_HVG	2	YX16113T	PDAC_009	Hybrid	1	0.903116814747856	0.805837563451777	0.710098194728234	0.0151137598579618	0.643344532635866	32.1118921855169	cluster_1=32.111892;cluster_2=38.441747	0.805837563451777
STAB_UNSUP_HVG	2	YX16119T	PDAC_010	Classical	2	0.871262216092298	0.916879795396419	0.413079116762448	0.267319336432737	0.469845932625973	22.4786349199842	cluster_1=34.630689;cluster_2=22.478635	0.916879795396419
STAB_UNSUP_HVG	2	YX16120T	PDAC_011	Classical	1	0.915244098506005	0.82258064516129	0.674398887071447	-0.0197922382086661	0.643961498383824	27.1241490314874	cluster_1=27.124149;cluster_2=32.202790	0.82258064516129
STAB_UNSUP_HVG	2	YX16127T	PDAC_012	Classical	1	0.9285471074719	0.855696202531646	0.595400032252393	0.17963824004341	0.639259812441864	25.3278876176003	cluster_1=25.327888;cluster_2=42.108831	0.855696202531646
STAB_UNSUP_HVG	2	YX16128T	PDAC_013	Classical	2	0.883774026278851	0.945	0.30726835986076	0.273395614226505	0.45868636273391	22.8825697263358	cluster_1=35.591597;cluster_2=22.882570	0.945
STAB_UNSUP_HVG	2	YX16130T	PDAC_014	Hybrid	2	0.88727775709305	0.99874213836478	0.0139328281195058	0.360080514452381	0.428053075493936	21.7355424122696	cluster_1=41.685343;cluster_2=21.735542	0.99874213836478
STAB_UNSUP_HVG	2	YX16132T	PDAC_015	Hybrid	2	0.886784474387757	0.956852791878173	0.256540455995609	0.31481373021969	0.451138742308739	19.8054374836039	cluster_1=35.290778;cluster_2=19.805437	0.956852791878173
STAB_UNSUP_HVG	2	YX16135T	PDAC_016	Hybrid	2	0.887858829017961	1	0	0.391961253015223	0.430115922390614	23.2797959593361	cluster_1=46.361409;cluster_2=23.279796	1
STAB_UNSUP_HVG	2	YX16139T	PDAC_017	Classical	1	0.905686178698504	0.810366624525917	0.70070387947027	-0.0137073478123136	0.642576775595633	27.6075202904525	cluster_1=27.607520;cluster_2=33.016170	0.810366624525917
STAB_UNSUP_HVG	2	YX16141T	PDAC_018	Hybrid	1	0.893521450099613	0.805210918114144	0.711383029635379	-0.0100399996658418	0.642691919867218	26.7876432119036	cluster_1=26.787643;cluster_2=32.690360	0.805210918114144
STAB_UNSUP_HVG	2	YX16144T	PDAC_019	Hybrid	2	0.891232312244281	1	0	0.31656919994504	0.430886407933012	25.3419287235265	cluster_1=42.295913;cluster_2=25.341929	1
STAB_UNSUP_HVG	2	YX16147T	PDAC_020	Classical	1	0.893043262058236	0.792838874680307	0.736021176159863	-0.0728073159805309	0.641075501737048	36.4848919704294	cluster_1=36.484892;cluster_2=37.330694	0.792838874680307
STAB_UNSUP_HVG	2	YX16153T	PDAC_021	Classical	1	0.917957827031898	0.83312101910828	0.6505151659737	0.0276340424482378	0.640096408024232	27.9963334539462	cluster_1=27.996333;cluster_2=35.156932	0.83312101910828
STAB_UNSUP_HVG	2	YX16155T	PDAC_022	Hybrid	1	0.916740229623985	0.829427083333333	0.659013692962472	0.117816845645256	0.640912848912109	26.3684739493746	cluster_1=26.368474;cluster_2=38.900002	0.829427083333333
STAB_UNSUP_HVG	2	YX16158T	PDAC_023	Hybrid	1	0.881756732466575	0.784747847478475	0.751402818640041	-0.0429766642443811	0.63642764209185	45.5670379961195	cluster_1=45.567038;cluster_2=47.067268	0.784747847478475
STAB_UNSUP_HVG	2	YX16159T	PDAC_024	Hybrid	2	0.886982310131412	1	0	0.324081762956316	0.428986750203413	23.3653588456285	cluster_1=40.023345;cluster_2=23.365359	1
STAB_UNSUP_HVG	2	YX16160T	PDAC_025	Basal	1	0.90685236635235	0.830379746835443	0.656835341101422	0.0196123533261275	0.635337261075126	36.9196974803726	cluster_1=36.919697;cluster_2=43.084185	0.830379746835443
STAB_UNSUP_HVG	2	YX16161T	PDAC_026	Hybrid	2	0.89083033573006	1	0	0.382431596436724	0.42864300584029	21.5245860382533	cluster_1=43.053223;cluster_2=21.524586	1
STAB_UNSUP_HVG	2	YX16166T	PDAC_027	Classical	1	0.917879331277881	0.831055900621118	0.655283615934671	0.0930603776288387	0.642981899922916	24.8743820553009	cluster_1=24.874382;cluster_2=36.155508	0.831055900621118
STAB_UNSUP_HVG	2	YX16177T	PDAC_028	Classical	1	0.918848445801832	0.831021437578815	0.655362819674158	0.00437839831494493	0.641919333201046	31.1630464009618	cluster_1=31.163046;cluster_2=36.811267	0.831021437578815
STAB_UNSUP_HVG	2	YX16178T	PDAC_029	Classical	1	0.924379709928393	0.847133757961783	0.616966838452353	0.115471002921215	0.638579765880884	26.6956666661471	cluster_1=26.695667;cluster_2=39.276359	0.847133757961783
STAB_UNSUP_HVG	2	YX16180T	PDAC_030	Hybrid	2	0.883424070301303	1	0	0.392088074272609	0.427541687890314	19.6513804773628	cluster_1=41.790276;cluster_2=19.651380	1
STAB_UNSUP_HVG	2	YX16185T	PDAC_031	Classical	1	0.917500977731517	0.832282471626734	0.652456721121511	0.0876917380019034	0.641349631699647	30.2857636648346	cluster_1=30.285764;cluster_2=40.846399	0.832282471626734
STAB_UNSUP_HVG	2	YX16188T	PDAC_032	Hybrid	1	0.901188726130732	0.815	0.690893871435041	-0.0336554356083499	0.63843246417172	33.6541057921365	cluster_1=33.654106;cluster_2=37.162792	0.815
STAB_UNSUP_HVG	2	YX16194T	PDAC_033	Hybrid	2	0.890713012586176	1	0	0.344399097162513	0.434074577491939	24.1800485228273	cluster_1=42.982719;cluster_2=24.180049	1
STAB_UNSUP_HVG	2	YX16202T	PDAC_034	Basal	1	0.927178725197912	0.904059040590406	0.455995064500373	0.143045683134057	0.618376302929431	33.5473702394346	cluster_1=33.547370;cluster_2=47.673096	0.904059040590406
STAB_UNSUP_HVG	2	YX16203T	PDAC_035	Hybrid	2	0.889622745537293	0.993506493506494	0.0565245930846693	0.352490429448956	0.431009361766994	18.2643140306678	cluster_1=36.614135;cluster_2=18.264314	0.993506493506494
STAB_UNSUP_HVG	2	YX16207T	PDAC_036	Hybrid	2	0.884590075033628	1	0	0.40437809390031	0.428109822315003	20.3172805460669	cluster_1=43.804220;cluster_2=20.317281	1
STAB_UNSUP_HVG	2	YX16218T	PDAC_037	Hybrid	2	0.885390548052639	1	0	0.365557512972893	0.423678874706204	21.8513256177907	cluster_1=42.376274;cluster_2=21.851326	1
STAB_UNSUP_HVG	2	YX16222T	PDAC_038	Classical	2	0.82311806218451	0.814159292035398	0.692688999268293	0.215654818232637	0.515486304672242	24.5234844705627	cluster_1=33.145672;cluster_2=24.523484	0.814159292035398
STAB_UNSUP_HVG	2	YX16224T	PDAC_039	Hybrid	2	0.883981963688619	1	0	0.393332805504053	0.42464506373562	22.0544780715003	cluster_1=45.154247;cluster_2=22.054478	1
STAB_UNSUP_HVG	2	YX16227T	PDAC_040	Classical	2	0.816687797068271	0.811083123425693	0.699200142885785	0.219370577357088	0.517513816374384	26.2909191802074	cluster_1=35.738688;cluster_2=26.290919	0.811083123425693
STAB_UNSUP_HVG	2	YX16236T	PDAC_041	Classical	1	0.774088777599384	0.659949622166247	0.924866904939748	-0.149075467620074	0.623156329466734	32.6376757214849	cluster_1=32.637676;cluster_2=29.569836	0.659949622166247
STAB_UNSUP_HVG	2	YX15047T	PDAC_042	Basal	1	0.898371717923782	0.963885429638854	0.224184795058444	0.138118877961368	0.575417670578355	25.2658101085442	cluster_1=25.265810;cluster_2=39.650332	0.963885429638854
STAB_UNSUP_HVG	2	YX15106T	PDAC_043	Basal	1	0.870267069191687	1	0	0.255740260677509	0.541734796585582	31.9833846787619	cluster_1=31.983385;cluster_2=54.134108	1
STAB_UNSUP_HVG	2	YX15166T	PDAC_044	Basal	1	0.872496330991934	1	0	0.232234614251231	0.543810691630848	29.5363845472264	cluster_1=29.536385;cluster_2=49.928870	1
STAB_UNSUP_HVG	2	YX15187T	PDAC_045	Basal	1	0.873643055735446	1	0	0.266764150771027	0.542009977146341	29.7109497109787	cluster_1=29.710950;cluster_2=52.483507	1
STAB_UNSUP_HVG	2	YX15211T	PDAC_046	Hybrid	2	0.627405982195375	0.559701492537313	0.989691118073148	0.141425883741274	0.581678179192181	24.8953271854288	cluster_1=27.896785;cluster_2=24.895327	0.559701492537313
STAB_UNSUP_HVG	2	YX15214T	PDAC_047	Basal	1	0.878715754708995	1	0	0.229965145860059	0.546356421726515	29.7167631161454	cluster_1=29.716763;cluster_2=49.740615	1
STAB_UNSUP_HVG	2	YX16009T	PDAC_048	Hybrid	2	0.886919384433157	1	0	0.33601586133079	0.429416319422623	22.3265644888948	cluster_1=39.843727;cluster_2=22.326564	1
STAB_UNSUP_HVG	2	YX16011T	PDAC_049	Basal	1	0.879880094282129	1	0	0.267254447492736	0.548349436156591	29.7861356899317	cluster_1=29.786136;cluster_2=52.767671	1
STAB_UNSUP_HVG	2	YX16068T	PDAC_050	Basal	1	0.873211694677896	1	0	0.274203447802503	0.543891759955305	29.7360104348384	cluster_1=29.736010;cluster_2=53.253035	1
STAB_UNSUP_HVG	2	YX16070T	PDAC_051	Basal	2	0.475378358118939	0.397260273972603	0.969325379719186	0.0998171173998901	0.596701360193	29.7503250632698	cluster_1=30.900865;cluster_2=29.750325	0.602739726027397
STAB_UNSUP_HVG	2	YX16075T	PDAC_052	Hybrid	2	0.888603623118526	1	0	0.34812211669145	0.430043503127482	24.1030546499539	cluster_1=43.475459;cluster_2=24.103055	1
STAB_UNSUP_HVG	2	YX16079T	PDAC_053	Basal	1	0.875975236697588	0.99874213836478	0.0139328281195058	0.234965409173219	0.544513021334295	28.0818219651853	cluster_1=28.081822;cluster_2=48.756751	0.99874213836478
STAB_UNSUP_HVG	2	YX16087T	PDAC_054	Basal	1	0.876767729740017	1	0	0.266336275123521	0.54634103139283	29.238783601643	cluster_1=29.238784;cluster_2=51.940652	1
STAB_UNSUP_HVG	2	YX16094T	PDAC_055	Basal	1	0.899740166509949	0.934918648310388	0.347294125172161	0.127574419294201	0.590852468631564	27.527427625001	cluster_1=27.527428;cluster_2=40.893356	0.934918648310388
STAB_UNSUP_HVG	2	YX16172T	PDAC_056	Basal	2	0.515204761973472	0.430188679245283	0.985891654156722	0.0781430394760624	0.610455749758697	30.2741622786671	cluster_1=30.196243;cluster_2=30.274162	0.569811320754717
STAB_UNSUP_HVG	2	YX16295T	PDAC_057	Basal	1	0.87609445693364	1	0	0.282310184708224	0.548050595552308	31.3614868524172	cluster_1=31.361487;cluster_2=55.552795	1
STAB_UNSUP_HVG	2	YX16327T	PDAC_058	Basal	1	0.878069872333174	1	0	0.15329863928972	0.549786513019527	29.292592513872	cluster_1=29.292593;cluster_2=44.036766	1
STAB_UNSUP_HVG	2	YX16335T	PDAC_059	Classical	1	0.920062396730887	0.836888331242158	0.641701956482545	0.11283629446355	0.641525041162795	23.6307096198633	cluster_1=23.630710;cluster_2=36.312782	0.836888331242158
STAB_UNSUP_HVG	2	YX16341T	PDAC_060	Basal	1	0.870759149173466	1	0	0.223583474562892	0.543037827948987	28.6390178372326	cluster_1=28.639018;cluster_2=48.408217	1
STAB_UNSUP_HVG	2	YX16343T	PDAC_061	Hybrid	1	0.882826236164146	1	0	0.226467916983384	0.549125656595276	25.9364571769816	cluster_1=25.936457;cluster_2=46.024175	1
STAB_UNSUP_HVG	2	YX16347T	PDAC_062	Classical	1	0.918139551357522	0.830808080808081	0.655852889474647	0.0964241532639185	0.641981855368791	27.8703716539915	cluster_1=27.870372;cluster_2=39.084117	0.830808080808081
STAB_UNSUP_HVG	3	YX15261T	PDAC_001	Classical	1	0.945361941719464	0.947696139476961	0.296104130863633	0.0552496909637413	0.421377157653555	26.4266441014513	cluster_1=26.426644;cluster_2=41.924036;cluster_3=34.295606	0.947696139476961
STAB_UNSUP_HVG	3	YX15263T	PDAC_002	Classical	1	0.946862658835968	0.953667953667954	0.300723395214396	0.0762259278610519	0.420657140603126	25.6196075876008	cluster_1=25.619608;cluster_2=34.778094;cluster_3=39.130309	0.953667953667954
STAB_UNSUP_HVG	3	YX15271T	PDAC_003	Hybrid	2	0.81666749108979	1	0	0.353909057932841	0.340929773728934	19.8707389607808	cluster_1=38.463501;cluster_2=19.870739;cluster_3=53.881350	1
STAB_UNSUP_HVG	3	YX16036T	PDAC_004	Hybrid	2	0.830967998202433	0.973076923076923	0.178718355905133	0.296874584167866	0.355281297264279	19.685359625105	cluster_1=34.124834;cluster_2=19.685360;cluster_3=49.245109	0.973076923076923
STAB_UNSUP_HVG	3	YX16041T	PDAC_005	Classical	2	0.711336837653413	0.64735516372796	0.936407964107386	0.142661331597136	0.423487634937085	28.3819360016871	cluster_1=33.574895;cluster_2=28.381936;cluster_3=49.185785	0.64735516372796
STAB_UNSUP_HVG	3	YX16057T	PDAC_006	Classical	2	0.82959851172829	0.912101910828025	0.429414723984211	0.20815722224577	0.376938453063255	22.9323932689356	cluster_1=31.489948;cluster_2=22.932393;cluster_3=46.235617	0.912101910828025
STAB_UNSUP_HVG	3	YX16062T	PDAC_007	Classical	1	0.94459448747402	0.94963144963145	0.323826108624065	0.10530377440406	0.423072298835416	25.9817441232231	cluster_1=25.981744;cluster_2=37.394503;cluster_3=38.203754	0.94963144963145
STAB_UNSUP_HVG	3	YX16112T	PDAC_008	Classical	2	0.578379222346452	0.467349551856594	1.00990698140405	0.0431513977914329	0.43461525009419	28.3523748344388	cluster_1=27.041292;cluster_2=28.352375;cluster_3=43.203218	0.531370038412292
STAB_UNSUP_HVG	3	YX16113T	PDAC_009	Hybrid	1	0.904502491704493	0.949238578680203	0.340017299618896	0.0702060902009811	0.402145927833335	29.22532251974	cluster_1=29.225323;cluster_2=38.441747;cluster_3=41.544777	0.949238578680203
STAB_UNSUP_HVG	3	YX16119T	PDAC_010	Classical	2	0.786346327293667	0.794117647058823	0.733537929108667	0.192126475394453	0.401086223704006	22.4786349199842	cluster_1=29.682567;cluster_2=22.478635;cluster_3=45.999206	0.794117647058823
STAB_UNSUP_HVG	3	YX16120T	PDAC_011	Classical	1	0.948746310135468	0.957816377171216	0.252215967270561	0.0401578172479359	0.420593632719986	24.3812294235082	cluster_1=24.381229;cluster_2=32.202790;cluster_3=37.071420	0.957816377171216
STAB_UNSUP_HVG	3	YX16127T	PDAC_012	Classical	1	0.944032116553904	0.949367088607595	0.289079459731646	0.000273439193355829	0.41892125137048	26.4211341160205	cluster_1=26.421134;cluster_2=42.108831;cluster_3=31.131434	0.949367088607595
STAB_UNSUP_HVG	3	YX16128T	PDAC_013	Classical	2	0.800839549070963	0.8275	0.663391891847518	0.206719630630554	0.394342116876956	22.8825697263358	cluster_1=31.340053;cluster_2=22.882570;cluster_3=46.157328	0.8275
STAB_UNSUP_HVG	3	YX16130T	PDAC_014	Hybrid	2	0.825045084796841	0.992452830188679	0.0640534770585784	0.308467629740017	0.346394275703284	21.7355424122696	cluster_1=37.649448;cluster_2=21.735542;cluster_3=51.549837	0.992452830188679
STAB_UNSUP_HVG	3	YX16132T	PDAC_015	Hybrid	2	0.809395345571264	0.846446700507614	0.618661463935635	0.241356516345647	0.391985951226126	19.8054374836039	cluster_1=30.049030;cluster_2=19.805437;cluster_3=46.906419	0.846446700507614
STAB_UNSUP_HVG	3	YX16135T	PDAC_016	Hybrid	2	0.815295474932398	1	0	0.345207969829777	0.339487733029243	23.2797959593361	cluster_1=42.202420;cluster_2=23.279796;cluster_3=56.078169	1
STAB_UNSUP_HVG	3	YX16139T	PDAC_017	Classical	1	0.936387186293565	0.962073324905183	0.266128381821044	0.0579971418184944	0.41411397489339	23.8904337108345	cluster_1=23.890434;cluster_2=33.016170;cluster_3=38.464902	0.962073324905183
STAB_UNSUP_HVG	3	YX16141T	PDAC_018	Hybrid	1	0.902404550323246	0.901985111662531	0.547962578994367	0.0200253450104289	0.427053246214888	25.8282448627722	cluster_1=25.828245;cluster_2=32.690360;cluster_3=34.834894	0.901985111662531
STAB_UNSUP_HVG	3	YX16144T	PDAC_019	Hybrid	2	0.82297118350741	1	0	0.248753803607354	0.343603281773633	25.3419287235265	cluster_1=37.059575;cluster_2=25.341929;cluster_3=53.464851	1
STAB_UNSUP_HVG	3	YX16147T	PDAC_020	Classical	1	0.895896565398658	0.946291560102302	0.349887398360287	-0.000818526432139283	0.400459672336952	32.368085785639	cluster_1=32.368086;cluster_2=37.330694;cluster_3=46.831000	0.946291560102302
STAB_UNSUP_HVG	3	YX16153T	PDAC_021	Classical	1	0.939503485568424	0.943949044585987	0.311564993003621	0.0926848579530199	0.418060574828338	25.1443390714753	cluster_1=25.144339;cluster_2=35.156932;cluster_3=37.927859	0.943949044585987
STAB_UNSUP_HVG	3	YX16155T	PDAC_022	Hybrid	1	0.942831295548447	0.947916666666667	0.295181743090759	0.119590725683266	0.418521851802868	24.4681778466592	cluster_1=24.468178;cluster_2=38.900002;cluster_3=35.548147	0.947916666666667
STAB_UNSUP_HVG	3	YX16158T	PDAC_023	Hybrid	1	0.860400341251797	0.90159901599016	0.562262857908911	0.00211394731845974	0.393426806920006	43.0163744352469	cluster_1=43.016374;cluster_2=47.067268;cluster_3=53.366475	0.90159901599016
STAB_UNSUP_HVG	3	YX16159T	PDAC_024	Hybrid	2	0.818877001459607	1	0	0.276487006936759	0.341897841123777	23.3653588456285	cluster_1=36.585756;cluster_2=23.365359;cluster_3=49.318068	1
STAB_UNSUP_HVG	3	YX16160T	PDAC_025	Basal	1	0.875800599839435	0.918987341772152	0.479701835323378	0.0436730564315072	0.393364250803773	35.8750809402079	cluster_1=35.875081;cluster_2=43.084185;cluster_3=43.578969	0.918987341772152
STAB_UNSUP_HVG	3	YX16161T	PDAC_026	Hybrid	2	0.826523784154572	1	0	0.325660309473451	0.344732550260489	21.5245860382533	cluster_1=38.173705;cluster_2=21.524586;cluster_3=53.786430	1
STAB_UNSUP_HVG	3	YX16166T	PDAC_027	Classical	1	0.94348092715913	0.950310559006211	0.285076257419116	0.0884423930932509	0.421339740424535	24.0037491208286	cluster_1=24.003749;cluster_2=36.155508;cluster_3=33.199003	0.950310559006211
STAB_UNSUP_HVG	3	YX16177T	PDAC_028	Classical	1	0.948320259668323	0.958385876418663	0.257797153646576	0.0897570377584885	0.418210047666043	26.5002668270679	cluster_1=26.500267;cluster_2=36.811267;cluster_3=42.546615	0.958385876418663
STAB_UNSUP_HVG	3	YX16178T	PDAC_029	Classical	1	0.93778415664211	0.93375796178344	0.351740529326224	0.0462026363288101	0.416087838257919	26.6189929842272	cluster_1=26.618993;cluster_2=39.276359;cluster_3=33.699396	0.93375796178344
STAB_UNSUP_HVG	3	YX16180T	PDAC_030	Hybrid	2	0.815471559335352	1	0	0.333006084037222	0.34009218093283	19.6513804773628	cluster_1=36.669924;cluster_2=19.651380;cluster_3=52.861194	1
STAB_UNSUP_HVG	3	YX16185T	PDAC_031	Classical	1	0.940700471394331	0.944514501891551	0.309257004435825	0.0453093325422982	0.420596607155434	30.0478313997302	cluster_1=30.047831;cluster_2=40.846399;cluster_3=36.828695	0.944514501891551
STAB_UNSUP_HVG	3	YX16188T	PDAC_032	Hybrid	1	0.886852767662492	0.93	0.43358695517859	0.0092191778882184	0.398178282133018	31.5761906692614	cluster_1=31.576191;cluster_2=37.162792;cluster_3=41.978113	0.93
STAB_UNSUP_HVG	3	YX16194T	PDAC_033	Hybrid	2	0.819468917726709	1	0	0.300023356745718	0.34186556600618	24.1800485228273	cluster_1=39.565453;cluster_2=24.180049;cluster_3=52.032334	1
STAB_UNSUP_HVG	3	YX16202T	PDAC_034	Basal	1	0.788501254289827	0.821648216482165	0.676458054467608	-0.0807735595666036	0.377419306148552	35.9447995823269	cluster_1=35.944800;cluster_2=47.673096;cluster_3=35.779728	0.821648216482165
STAB_UNSUP_HVG	3	YX16203T	PDAC_035	Hybrid	2	0.825529372007488	0.962337662337662	0.231469466105221	0.284247180999684	0.358279303884835	18.2643140306678	cluster_1=31.302124;cluster_2=18.264314;cluster_3=48.208807	0.962337662337662
STAB_UNSUP_HVG	3	YX16207T	PDAC_036	Hybrid	2	0.816806905680985	1	0	0.347092166845833	0.33996993534053	20.3172805460669	cluster_1=38.592010;cluster_2=20.317281;cluster_3=54.865768	1
STAB_UNSUP_HVG	3	YX16218T	PDAC_037	Hybrid	2	0.823243770863225	1	0	0.303336754401933	0.342928557541808	21.8513256177907	cluster_1=37.227734;cluster_2=21.851326;cluster_3=53.444895	1
STAB_UNSUP_HVG	3	YX16222T	PDAC_038	Classical	2	0.715571523545756	0.642225031605563	0.94082073200543	0.13192083260824	0.42722308537044	24.5234844705627	cluster_1=28.069778;cluster_2=24.523484;cluster_3=44.760269	0.642225031605563
STAB_UNSUP_HVG	3	YX16224T	PDAC_039	Hybrid	2	0.81880456213182	1	0	0.334088583395432	0.341349750487731	22.0544780715003	cluster_1=39.765974;cluster_2=22.054478;cluster_3=56.342850	1
STAB_UNSUP_HVG	3	YX16227T	PDAC_040	Classical	2	0.700877820960424	0.6272040302267	0.952794745762513	0.136714203483528	0.426985166894717	26.2909191802074	cluster_1=30.816908;cluster_2=26.290919;cluster_3=46.995496	0.6272040302267
STAB_UNSUP_HVG	3	YX16236T	PDAC_041	Classical	1	0.828741709540882	0.84256926952141	0.703938001128571	-0.0731843225695318	0.426853730736501	28.3401626142861	cluster_1=28.340163;cluster_2=29.569836;cluster_3=43.515313	0.84256926952141
STAB_UNSUP_HVG	3	YX15047T	PDAC_042	Basal	3	0.648189025647076	0.616438356164384	0.972607296524418	0.0300661011098756	0.320683048728074	28.5237321438874	cluster_1=28.141277;cluster_2=39.650332;cluster_3=28.523732	0.616438356164384
STAB_UNSUP_HVG	3	YX15106T	PDAC_043	Basal	3	0.931314071189168	0.994865211810013	0.0464414081448015	0.270213615648716	0.220582336771529	24.3038326763349	cluster_1=39.536058;cluster_2=54.134108;cluster_3=24.303833	0.994865211810013
STAB_UNSUP_HVG	3	YX15166T	PDAC_044	Basal	3	0.931476753183644	0.994791666666667	0.0469994478314271	0.224618920759834	0.220826282606027	24.5459343627247	cluster_1=36.183387;cluster_2=49.928870;cluster_3=24.545934	0.994791666666667
STAB_UNSUP_HVG	3	YX15187T	PDAC_045	Basal	3	0.933568215643684	0.994949494949495	0.045800011832609	0.301244117187952	0.219087630004317	20.8119172275524	cluster_1=37.867409;cluster_2=52.483507;cluster_3=20.811917	0.994949494949495
STAB_UNSUP_HVG	3	YX15211T	PDAC_046	Hybrid	2	0.517295628621384	0.385572139303483	1.09463662096637	0.100369849572347	0.442714770222858	24.8953271854288	cluster_1=26.492434;cluster_2=24.895327;cluster_3=36.260526	0.593283582089552
STAB_UNSUP_HVG	3	YX15214T	PDAC_047	Basal	3	0.936091420721973	0.992227979274611	0.0656313627099923	0.249362625423083	0.220984395781797	23.4298913383958	cluster_1=36.889020;cluster_2=49.740615;cluster_3=23.429891	0.992227979274611
STAB_UNSUP_HVG	3	YX16009T	PDAC_048	Hybrid	2	0.818911117178141	1	0	0.277849835623789	0.3419950267177	22.3265644888948	cluster_1=35.420174;cluster_2=22.326564;cluster_3=50.271974	1
STAB_UNSUP_HVG	3	YX16011T	PDAC_049	Basal	3	0.932891271784615	0.994750656167979	0.0473099684202414	0.260817525708697	0.216301075461416	22.8919009636392	cluster_1=37.194262;cluster_2=52.767671;cluster_3=22.891901	0.994750656167979
STAB_UNSUP_HVG	3	YX16068T	PDAC_050	Basal	3	0.935284824446657	0.993606138107417	0.0558003176817417	0.244247197383661	0.220743121162663	23.5214503435025	cluster_1=36.877320;cluster_2=53.253035;cluster_3=23.521450	0.993606138107417
STAB_UNSUP_HVG	3	YX16070T	PDAC_051	Basal	2	0.383773979413059	0.26027397260274	1.37388710406971	0.0985490804744087	0.424897261558653	29.7503250632698	cluster_1=31.962260;cluster_2=29.750325;cluster_3=35.589052	0.585305105853051
STAB_UNSUP_HVG	3	YX16075T	PDAC_052	Hybrid	2	0.822555162371598	1	0	0.292572269954637	0.343771771442071	24.1030546499539	cluster_1=38.956231;cluster_2=24.103055;cluster_3=53.778091	1
STAB_UNSUP_HVG	3	YX16079T	PDAC_053	Basal	3	0.928920427897627	0.966037735849057	0.213888832420445	0.162089778018934	0.233109612046153	25.8994401792805	cluster_1=33.595317;cluster_2=48.756751;cluster_3=25.899440	0.966037735849057
STAB_UNSUP_HVG	3	YX16087T	PDAC_054	Basal	3	0.931855961460956	0.992462311557789	0.0639867298084044	0.301150108573627	0.218475908093114	20.3818620001548	cluster_1=37.412131;cluster_2=51.940652;cluster_3=20.381862	0.992462311557789
STAB_UNSUP_HVG	3	YX16094T	PDAC_055	Basal	3	0.621440737765278	0.599499374217772	1.0019293347753	0.128330669912958	0.331385784753343	26.8262063338438	cluster_1=32.358950;cluster_2=40.893356;cluster_3=26.826206	0.599499374217772
STAB_UNSUP_HVG	3	YX16172T	PDAC_056	Basal	2	0.406602452587887	0.259119496855346	1.17328302536557	0.0729633803961794	0.443538541893167	30.2741622786671	cluster_1=31.557067;cluster_2=30.274162;cluster_3=34.587924	0.666666666666667
STAB_UNSUP_HVG	3	YX16295T	PDAC_057	Basal	3	0.934225945727823	0.995055624227441	0.0449894607036569	0.294755849913207	0.219428023643031	22.5604141173449	cluster_1=39.378044;cluster_2=55.552795;cluster_3=22.560414	0.995055624227441
STAB_UNSUP_HVG	3	YX16327T	PDAC_058	Basal	3	0.9284564101433	0.973248407643312	0.177830002380689	0.170347110821464	0.22912446653539	26.5555993102098	cluster_1=34.934454;cluster_2=44.036766;cluster_3=26.555599	0.973248407643312
STAB_UNSUP_HVG	3	YX16335T	PDAC_059	Classical	1	0.941502195129242	0.948557089084065	0.29249500445412	0.0820588590653569	0.418823294771894	22.937264480733	cluster_1=22.937264;cluster_2=36.312782;cluster_3=32.026902	0.948557089084065
STAB_UNSUP_HVG	3	YX16341T	PDAC_060	Basal	3	0.935712866874134	0.992700729927007	0.0623025471207737	0.213936766921122	0.222345535937125	24.2482721266872	cluster_1=35.114874;cluster_2=48.408217;cluster_3=24.248272	0.992700729927007
STAB_UNSUP_HVG	3	YX16343T	PDAC_061	Hybrid	3	0.92607625113062	0.9602053915276	0.241349682865334	0.168532402275756	0.236079235948366	23.8448773573082	cluster_1=31.686702;cluster_2=46.024175;cluster_3=23.844877	0.9602053915276
STAB_UNSUP_HVG	3	YX16347T	PDAC_062	Classical	1	0.945359237512178	0.948232323232323	0.293858988232944	0.0382886526187309	0.420336323760002	28.0054286285234	cluster_1=28.005429;cluster_2=39.084117;cluster_3=34.372459	0.948232323232323
STAB_UNSUP_HVG	4	YX15261T	PDAC_001	Classical	1	0.965104123381351	0.998754669987547	0.013812020584754	0.105491687267171	0.320039644308302	26.9768028984033	cluster_1=26.976803;cluster_2=41.924036;cluster_3=36.346968;cluster_4=34.295606	0.998754669987547
STAB_UNSUP_HVG	4	YX15263T	PDAC_002	Classical	1	0.969857198371057	0.98970398970399	0.091102098643268	0.183845741251955	0.322255216917479	22.1914597492349	cluster_1=22.191460;cluster_2=34.778094;cluster_3=42.361802;cluster_4=39.130309	0.98970398970399
STAB_UNSUP_HVG	4	YX15271T	PDAC_003	Hybrid	2	0.806498016346284	0.994884910485934	0.046291681707279	0.35222940546059	0.334013599425487	19.8707389607808	cluster_1=41.082324;cluster_2=19.870739;cluster_3=40.311447;cluster_4=53.881350	0.994884910485934
STAB_UNSUP_HVG	4	YX16036T	PDAC_004	Hybrid	2	0.822581033348141	0.962820512820513	0.262429827667628	0.267158441237449	0.34747409198404	19.685359625105	cluster_1=34.932773;cluster_2=19.685360;cluster_3=41.434306;cluster_4=49.245109	0.962820512820513
STAB_UNSUP_HVG	4	YX16041T	PDAC_005	Classical	2	0.698528287356766	0.630982367758186	1.09184664650351	0.073267192384495	0.383818884626196	28.3819360016871	cluster_1=32.271448;cluster_2=28.381936;cluster_3=45.356679;cluster_4=49.185785	0.630982367758186
STAB_UNSUP_HVG	4	YX16057T	PDAC_006	Classical	2	0.819370352915782	0.898089171974522	0.543203632157073	0.153371763968848	0.361847829240325	22.9323932689356	cluster_1=31.100466;cluster_2=22.932393;cluster_3=41.925013;cluster_4=46.235617	0.898089171974522
STAB_UNSUP_HVG	4	YX16062T	PDAC_007	Classical	1	0.943991851918035	0.952088452088452	0.309987966969388	0.155810086906293	0.323097531283085	26.3613208913537	cluster_1=26.361321;cluster_2=37.394503;cluster_3=36.375148;cluster_4=38.203754	0.952088452088452
STAB_UNSUP_HVG	4	YX16112T	PDAC_008	Classical	2	0.564784738017398	0.451984635083227	1.20809794081289	-0.013171147390249	0.374754364150367	28.3523748344388	cluster_1=27.724346;cluster_2=28.352375;cluster_3=36.504237;cluster_4=43.203218	0.505761843790013
STAB_UNSUP_HVG	4	YX16113T	PDAC_009	Hybrid	3	0.895031335360252	0.881979695431472	0.533762769396986	0.0226930846196215	0.119522244605006	26.5724104633567	cluster_1=34.242302;cluster_2=38.441747;cluster_3=26.572410;cluster_4=41.544777	0.881979695431472
STAB_UNSUP_HVG	4	YX16119T	PDAC_010	Classical	2	0.774600437387731	0.778772378516624	0.876688942659425	0.156987054459314	0.374458523869425	22.4786349199842	cluster_1=30.848527;cluster_2=22.478635;cluster_3=37.335400;cluster_4=45.999206	0.778772378516624
STAB_UNSUP_HVG	4	YX16120T	PDAC_011	Classical	1	0.965242710735313	0.998759305210918	0.0137672899838068	0.109276998233541	0.320905741594431	24.0401530840085	cluster_1=24.040153;cluster_2=32.202790;cluster_3=36.600104;cluster_4=37.071420	0.998759305210918
STAB_UNSUP_HVG	4	YX16127T	PDAC_012	Classical	1	0.965893704936831	0.99873417721519	0.0140094815193782	0.0866060410467274	0.318638541506964	24.9264969691669	cluster_1=24.926497;cluster_2=42.108831;cluster_3=40.047657;cluster_4=31.131434	0.99873417721519
STAB_UNSUP_HVG	4	YX16128T	PDAC_013	Classical	2	0.790997643998459	0.815	0.786061142198069	0.153077363686332	0.37168116709595	22.8825697263358	cluster_1=31.008944;cluster_2=22.882570;cluster_3=41.693315;cluster_4=46.157328	0.815
STAB_UNSUP_HVG	4	YX16130T	PDAC_014	Hybrid	2	0.816766560546519	0.987421383647799	0.109653040900229	0.277282846714273	0.339997948178373	21.7355424122696	cluster_1=37.952080;cluster_2=21.735542;cluster_3=45.360239;cluster_4=51.549837	0.987421383647799
STAB_UNSUP_HVG	4	YX16132T	PDAC_015	Hybrid	2	0.798219036636171	0.83248730964467	0.751563290855098	0.216436256194215	0.369978375831793	19.8054374836039	cluster_1=31.769345;cluster_2=19.805437;cluster_3=36.337778;cluster_4=46.906419	0.83248730964467
STAB_UNSUP_HVG	4	YX16135T	PDAC_016	Hybrid	2	0.806867918625266	0.99614890885751	0.0364329801420613	0.336477148984561	0.333526829903788	23.2797959593361	cluster_1=43.961336;cluster_2=23.279796;cluster_3=45.584870;cluster_4=56.078169	0.99614890885751
STAB_UNSUP_HVG	4	YX16139T	PDAC_017	Classical	1	0.814935341308205	0.814159292035398	0.744017353078972	0.0841416905500159	0.290790060959014	26.2100496092891	cluster_1=26.210050;cluster_2=33.016170;cluster_3=31.015019;cluster_4=38.464902	0.814159292035398
STAB_UNSUP_HVG	4	YX16141T	PDAC_018	Hybrid	1	0.889452853261812	0.905707196029777	0.599373111511211	0.0669541093608548	0.331207979766607	26.7119064687414	cluster_1=26.711906;cluster_2=32.690360;cluster_3=35.275675;cluster_4=34.834894	0.905707196029777
STAB_UNSUP_HVG	4	YX16144T	PDAC_019	Hybrid	2	0.813116139927478	0.995037220843672	0.0451302493507391	0.210731950902268	0.336509824994341	25.3419287235265	cluster_1=40.834828;cluster_2=25.341929;cluster_3=35.920811;cluster_4=53.464851	0.995037220843672
STAB_UNSUP_HVG	4	YX16147T	PDAC_020	Classical	3	0.954184376277327	0.983375959079284	0.122040764981932	0.0931268790108658	0.0910042496542169	25.0954270980449	cluster_1=38.305561;cluster_2=37.330694;cluster_3=25.095427;cluster_4=46.831000	0.983375959079284
STAB_UNSUP_HVG	4	YX16153T	PDAC_021	Classical	1	0.964375620929532	1	0	0.210703058973014	0.318687819166584	20.8741781446983	cluster_1=20.874178;cluster_2=35.156932;cluster_3=43.096836;cluster_4=37.927859	1
STAB_UNSUP_HVG	4	YX16155T	PDAC_022	Hybrid	1	0.963325030287008	0.998697916666667	0.0143577055717423	0.219632031089732	0.318061534297226	21.4857090369909	cluster_1=21.485709;cluster_2=38.900002;cluster_3=40.807557;cluster_4=35.548147	0.998697916666667
STAB_UNSUP_HVG	4	YX16158T	PDAC_023	Hybrid	3	0.940344494761313	1	0	0.229910432087662	0.079967626030932	25.7028222377688	cluster_1=50.591297;cluster_2=47.067268;cluster_3=25.702822;cluster_4=53.366475	1
STAB_UNSUP_HVG	4	YX16159T	PDAC_024	Hybrid	2	0.809491885158396	0.994949494949495	0.045800011832609	0.271661080560611	0.334909967206427	23.3653588456285	cluster_1=39.621220;cluster_2=23.365359;cluster_3=37.719184;cluster_4=49.318068	0.994949494949495
STAB_UNSUP_HVG	4	YX16160T	PDAC_025	Basal	3	0.958061171176935	0.988607594936709	0.100350289905761	0.131747224849037	0.0883884104371745	27.5891893453319	cluster_1=41.798613;cluster_2=43.084185;cluster_3=27.589189;cluster_4=43.578969	0.988607594936709
STAB_UNSUP_HVG	4	YX16161T	PDAC_026	Hybrid	2	0.81775798719528	0.994930291508238	0.0459463285856934	0.312061459388466	0.338437247986074	21.5245860382533	cluster_1=41.367158;cluster_2=21.524586;cluster_3=38.483166;cluster_4=53.786430	0.994930291508238
STAB_UNSUP_HVG	4	YX16166T	PDAC_027	Classical	1	0.964964973529197	0.998757763975155	0.0137821659114718	0.20050247097807	0.321276596146464	20.3995642015308	cluster_1=20.399564;cluster_2=36.155508;cluster_3=41.279893;cluster_4=33.199003	0.998757763975155
STAB_UNSUP_HVG	4	YX16177T	PDAC_028	Classical	1	0.964767175727606	0.996216897856242	0.0393611843030609	0.150506484215961	0.319992347790651	26.1235609447175	cluster_1=26.123561;cluster_2=36.811267;cluster_3=38.160315;cluster_4=42.546615	0.996216897856242
STAB_UNSUP_HVG	4	YX16178T	PDAC_029	Classical	1	0.959987120438719	0.985987261146497	0.120280962588496	0.128068948155468	0.317067396687824	25.0510500094443	cluster_1=25.051050;cluster_2=39.276359;cluster_3=40.319907;cluster_4=33.699396	0.985987261146497
STAB_UNSUP_HVG	4	YX16180T	PDAC_030	Hybrid	2	0.806519619412761	0.99737532808399	0.0262846385018254	0.330978380999305	0.333598421870256	19.6513804773628	cluster_1=39.382100;cluster_2=19.651380;cluster_3=38.674559;cluster_4=52.861194	0.99737532808399
STAB_UNSUP_HVG	4	YX16185T	PDAC_031	Classical	1	0.964186556518515	0.998738965952081	0.0139633821818463	0.12364487047789	0.320053500704617	28.2921619668001	cluster_1=28.292162;cluster_2=40.846399;cluster_3=43.325394;cluster_4=36.828695	0.998738965952081
STAB_UNSUP_HVG	4	YX16188T	PDAC_032	Hybrid	3	0.978445883223731	0.98375	0.119832791011942	0.105823470316999	0.0914592501276313	24.0013718875985	cluster_1=37.654122;cluster_2=37.162792;cluster_3=24.001372;cluster_4=41.978113	0.98375
STAB_UNSUP_HVG	4	YX16194T	PDAC_033	Hybrid	2	0.811493314252803	0.99873417721519	0.0140094815193782	0.289709399216608	0.335700491315461	24.1800485228273	cluster_1=41.428919;cluster_2=24.180049;cluster_3=43.174376;cluster_4=52.032334	0.99873417721519
STAB_UNSUP_HVG	4	YX16202T	PDAC_034	Basal	3	0.856010249862158	0.836408364083641	0.770982013075369	-0.0271991890191872	0.120804907977398	30.5830179935857	cluster_1=41.093793;cluster_2=47.673096;cluster_3=30.583018;cluster_4=35.779728	0.836408364083641
STAB_UNSUP_HVG	4	YX16203T	PDAC_035	Hybrid	2	0.815714157075306	0.954545454545455	0.302015563172715	0.267984776094909	0.347561667564773	18.2643140306678	cluster_1=33.440976;cluster_2=18.264314;cluster_3=36.216518;cluster_4=48.208807	0.954545454545455
STAB_UNSUP_HVG	4	YX16207T	PDAC_036	Hybrid	2	0.807684805491771	0.995085995085995	0.0447569017167268	0.335509833116457	0.333992695815521	20.3172805460669	cluster_1=40.356224;cluster_2=20.317281;cluster_3=42.649831;cluster_4=54.865768	0.995085995085995
STAB_UNSUP_HVG	4	YX16218T	PDAC_037	Hybrid	2	0.815040112318802	0.997405966277562	0.0260218139323565	0.27831734947069	0.337132074479898	21.8513256177907	cluster_1=38.056757;cluster_2=21.851326;cluster_3=43.824113;cluster_4=53.444895	0.997405966277562
STAB_UNSUP_HVG	4	YX16222T	PDAC_038	Classical	2	0.703654361558167	0.627054361567636	1.08145962053083	0.0772079364387867	0.387602428036539	24.5234844705627	cluster_1=28.438174;cluster_2=24.523484;cluster_3=37.861352;cluster_4=44.760269	0.627054361567636
STAB_UNSUP_HVG	4	YX16224T	PDAC_039	Hybrid	2	0.810104621508333	0.997347480106101	0.0265230787042303	0.326773575876836	0.335478034199649	22.0544780715003	cluster_1=41.812425;cluster_2=22.054478;cluster_3=42.862864;cluster_4=56.342850	0.997347480106101
STAB_UNSUP_HVG	4	YX16227T	PDAC_040	Classical	2	0.689370246276299	0.613350125944584	1.09209231212417	0.0513915200830833	0.385958004424347	26.2909191802074	cluster_1=28.901884;cluster_2=26.290919;cluster_3=44.223657;cluster_4=46.995496	0.613350125944584
STAB_UNSUP_HVG	4	YX16236T	PDAC_041	Classical	1	0.84614837839229	0.851385390428212	0.676857140317883	0.0270896232412029	0.341519858086965	25.7734645329325	cluster_1=25.773465;cluster_2=29.569836;cluster_3=43.296990;cluster_4=43.515313	0.851385390428212
STAB_UNSUP_HVG	4	YX15047T	PDAC_042	Basal	4	0.622560236485866	0.592777085927771	1.07956287677609	-0.0128970058716829	0.266412788566248	28.5237321438874	cluster_1=29.489658;cluster_2=39.650332;cluster_3=35.857932;cluster_4=28.523732	0.592777085927771
STAB_UNSUP_HVG	4	YX15106T	PDAC_043	Basal	4	0.92611634976785	1	0	0.251386296195888	0.203889979978417	24.3038326763349	cluster_1=40.726561;cluster_2=54.134108;cluster_3=44.826046;cluster_4=24.303833	1
STAB_UNSUP_HVG	4	YX15166T	PDAC_044	Basal	4	0.925646357807223	1	0	0.219346743980841	0.202832536288362	24.5459343627247	cluster_1=38.721230;cluster_2=49.928870;cluster_3=38.773661;cluster_4=24.545934	1
STAB_UNSUP_HVG	4	YX15187T	PDAC_045	Basal	4	0.928195471236	1	0	0.278073494703878	0.2034020099053	20.8119172275524	cluster_1=38.774030;cluster_2=52.483507;cluster_3=44.155748;cluster_4=20.811917	1
STAB_UNSUP_HVG	4	YX15211T	PDAC_046	Hybrid	2	0.508569026476989	0.376865671641791	1.18584442197959	0.0341492803328482	0.376853678149662	24.8953271854288	cluster_1=26.522095;cluster_2=24.895327;cluster_3=37.399709;cluster_4=36.260526	0.584577114427861
STAB_UNSUP_HVG	4	YX15214T	PDAC_047	Basal	4	0.930727941333982	1	0	0.219213539123358	0.204241688940099	23.4298913383958	cluster_1=37.466513;cluster_2=49.740615;cluster_3=44.129085;cluster_4=23.429891	1
STAB_UNSUP_HVG	4	YX16009T	PDAC_048	Hybrid	2	0.812141110723055	0.997503121098627	0.0251848960173825	0.214187339297223	0.336014455447623	22.3265644888948	cluster_1=39.963609;cluster_2=22.326564;cluster_3=32.285201;cluster_4=50.271974	0.997503121098627
STAB_UNSUP_HVG	4	YX16011T	PDAC_049	Basal	4	0.928804512285492	1	0	0.227301273861005	0.203497257133345	22.8919009636392	cluster_1=37.460444;cluster_2=52.767671;cluster_3=45.072210;cluster_4=22.891901	1
STAB_UNSUP_HVG	4	YX16068T	PDAC_050	Basal	4	0.929004909998017	1	0	0.189334805131108	0.203648367539919	23.5214503435025	cluster_1=35.653931;cluster_2=53.253035;cluster_3=47.933733;cluster_4=23.521450	1
STAB_UNSUP_HVG	4	YX16070T	PDAC_051	Basal	2	0.377047897965664	0.25653798256538	1.56252076151218	0.0675436146274478	0.351762362990233	29.7503250632698	cluster_1=33.388713;cluster_2=29.750325;cluster_3=38.393768;cluster_4=35.589052	0.565379825653798
STAB_UNSUP_HVG	4	YX16075T	PDAC_052	Hybrid	2	0.812513411077112	0.996103896103896	0.0367933756122462	0.290248767135269	0.336515812247629	24.1030546499539	cluster_1=41.461597;cluster_2=24.103055;cluster_3=41.004884;cluster_4=53.778091	0.996103896103896
STAB_UNSUP_HVG	4	YX16079T	PDAC_053	Basal	4	0.921067645394403	0.969811320754717	0.202880810582029	0.114772836459859	0.210429880811842	25.8994401792805	cluster_1=33.619248;cluster_2=48.756751;cluster_3=42.725147;cluster_4=25.899440	0.969811320754717
STAB_UNSUP_HVG	4	YX16087T	PDAC_054	Basal	4	0.926369144091756	1	0	0.273576070372387	0.202806008379193	20.3818620001548	cluster_1=37.985545;cluster_2=51.940652;cluster_3=44.558488;cluster_4=20.381862	1
STAB_UNSUP_HVG	4	YX16094T	PDAC_055	Basal	4	0.597235430627981	0.576971214017522	1.16980028796175	0.0837256311107708	0.27237198845645	26.8262063338438	cluster_1=32.784661;cluster_2=40.893356;cluster_3=40.917367;cluster_4=26.826206	0.576971214017522
STAB_UNSUP_HVG	4	YX16172T	PDAC_056	Basal	2	0.400756864463329	0.255345911949686	1.33172191356615	0.0542741321411149	0.365361743783727	30.2741622786671	cluster_1=33.310737;cluster_2=30.274162;cluster_3=37.330677;cluster_4=34.587924	0.647798742138365
STAB_UNSUP_HVG	4	YX16295T	PDAC_057	Basal	4	0.92861780420634	1	0	0.266797677976556	0.203747515086634	22.5604141173449	cluster_1=39.785266;cluster_2=55.552795;cluster_3=46.537590;cluster_4=22.560414	1
STAB_UNSUP_HVG	4	YX16327T	PDAC_058	Basal	4	0.921645849351192	0.979617834394904	0.143580949584538	0.133282149988472	0.208454248355963	26.5555993102098	cluster_1=35.492923;cluster_2=44.036766;cluster_3=42.621760;cluster_4=26.555599	0.979617834394904
STAB_UNSUP_HVG	4	YX16335T	PDAC_059	Classical	1	0.965087704054698	0.998745294855709	0.0139024159318212	0.190695626954822	0.319152946160192	19.8178764206036	cluster_1=19.817876;cluster_2=36.312782;cluster_3=39.785090;cluster_4=32.026902	0.998745294855709
STAB_UNSUP_HVG	4	YX16341T	PDAC_060	Basal	4	0.930043304147588	0.998783454987834	0.013533834205311	0.20448410310511	0.204070120329221	24.2482721266872	cluster_1=37.416295;cluster_2=48.408217;cluster_3=38.587612;cluster_4=24.248272	0.998783454987834
STAB_UNSUP_HVG	4	YX16343T	PDAC_061	Hybrid	4	0.917191832836883	0.958921694480103	0.255455747951845	0.125023121209725	0.214914801224076	23.8448773573082	cluster_1=32.184748;cluster_2=46.024175;cluster_3=40.252954;cluster_4=23.844877	0.958921694480103
STAB_UNSUP_HVG	4	YX16347T	PDAC_062	Classical	1	0.965916396466066	1	0	0.132129891657388	0.320240288032982	25.5241418173424	cluster_1=25.524142;cluster_2=39.084117;cluster_3=42.890312;cluster_4=34.372459	1
STAB_UNSUP_HVG	5	YX15261T	PDAC_001	Classical	1	0.881539117005196	0.998754669987547	0.013812020584754	0.105491687267171	0.240371067915346	26.9768028984033	cluster_1=26.976803;cluster_2=46.580842;cluster_3=38.398619;cluster_4=36.346968;cluster_5=34.295606	0.998754669987547
STAB_UNSUP_HVG	5	YX15263T	PDAC_002	Classical	1	0.876855551769505	0.903474903474903	0.467743429707139	0.0901933684467074	0.246728301660437	22.1914597492349	cluster_1=22.191460;cluster_2=40.757720;cluster_3=29.668696;cluster_4=42.361802;cluster_5=39.130309	0.903474903474903
STAB_UNSUP_HVG	5	YX15271T	PDAC_003	Hybrid	2	0.957150165167062	1	0	0.25076913803279	0.24178956957037	16.0369585279667	cluster_1=41.082324;cluster_2=16.036959;cluster_3=27.443090;cluster_4=40.311447;cluster_5=53.881350	1
STAB_UNSUP_HVG	5	YX16036T	PDAC_004	Hybrid	3	0.532561447764836	0.393589743589744	0.967077105905792	-0.0912884355098578	0.24293628719424	21.5879208119002	cluster_1=34.932773;cluster_2=22.127778;cluster_3=21.587921;cluster_4=41.434306;cluster_5=49.245109	0.606410256410256
STAB_UNSUP_HVG	5	YX16041T	PDAC_005	Classical	3	0.748546589432727	0.824937027707809	0.822345115189703	0.117457639357998	0.204677075351308	24.4287599820117	cluster_1=32.271448;cluster_2=33.969284;cluster_3=24.428760;cluster_4=45.356679;cluster_5=49.185785	0.824937027707809
STAB_UNSUP_HVG	5	YX16057T	PDAC_006	Classical	3	0.667127831419335	0.552866242038217	1.00452702973795	0.0330308464413924	0.234926895533452	21.602785119302	cluster_1=31.100466;cluster_2=27.314503;cluster_3=21.602785;cluster_4=41.925013;cluster_5=46.235617	0.552866242038217
STAB_UNSUP_HVG	5	YX16062T	PDAC_007	Classical	1	0.771778460630279	0.755528255528256	0.960833693502391	0.0728286872220919	0.246714862842849	26.3613208913537	cluster_1=26.361321;cluster_2=42.895789;cluster_3=32.874051;cluster_4=36.375148;cluster_5=38.203754	0.755528255528256
STAB_UNSUP_HVG	5	YX16112T	PDAC_008	Classical	3	0.658515383959863	0.752880921895006	1.08557912860277	0.062369415096788	0.207208455734341	24.0178333045488	cluster_1=27.724346;cluster_2=34.173990;cluster_3=24.017833;cluster_4=36.504237;cluster_5=43.203218	0.752880921895006
STAB_UNSUP_HVG	5	YX16113T	PDAC_009	Hybrid	4	0.892856939332316	0.897208121827411	0.564515164986054	0.0226930846196215	0.106866266824042	26.5724104633567	cluster_1=34.242302;cluster_2=41.657402;cluster_3=37.080173;cluster_4=26.572410;cluster_5=41.544777	0.897208121827411
STAB_UNSUP_HVG	5	YX16119T	PDAC_010	Classical	3	0.74288672900808	0.702046035805627	0.936759382890358	0.00382121359145415	0.221383691971804	21.8949419942176	cluster_1=30.848527;cluster_2=26.399276;cluster_3=21.894942;cluster_4=37.335400;cluster_5=45.999206	0.702046035805627
STAB_UNSUP_HVG	5	YX16120T	PDAC_011	Classical	1	0.889808008546975	0.972704714640198	0.18064097468635	0.0427006404473629	0.244595401307148	24.0401530840085	cluster_1=24.040153;cluster_2=37.047706;cluster_3=29.038923;cluster_4=36.600104;cluster_5=37.071420	0.972704714640198
STAB_UNSUP_HVG	5	YX16127T	PDAC_012	Classical	1	0.887569343637611	0.99873417721519	0.0140094815193782	0.0866060410467274	0.240019274788056	24.9264969691669	cluster_1=24.926497;cluster_2=47.848748;cluster_3=36.992127;cluster_4=40.047657;cluster_5=31.131434	0.99873417721519
STAB_UNSUP_HVG	5	YX16128T	PDAC_013	Classical	3	0.739685680227392	0.675	0.939255165959176	0.0001858026619461	0.22549802920894	22.4271864397074	cluster_1=31.008944;cluster_2=26.659519;cluster_3=22.427186;cluster_4=41.693315;cluster_5=46.157328	0.675
STAB_UNSUP_HVG	5	YX16130T	PDAC_014	Hybrid	2	0.821120061160255	0.831446540880503	0.654384984035962	0.0834038419621121	0.248065989955334	22.3244403057162	cluster_1=37.952080;cluster_2=22.324440;cluster_3=25.294930;cluster_4=45.360239;cluster_5=51.549837	0.831446540880503
STAB_UNSUP_HVG	5	YX16132T	PDAC_015	Hybrid	3	0.731603478322068	0.661167512690355	0.953812419761074	-0.0172666683266664	0.227983272342094	19.7905016645879	cluster_1=31.769345;cluster_2=23.710642;cluster_3=19.790502;cluster_4=36.337778;cluster_5=46.906419	0.661167512690355
STAB_UNSUP_HVG	5	YX16135T	PDAC_016	Hybrid	2	0.965496680061259	1	0	0.239849811965012	0.241900645630138	19.3409932295427	cluster_1=43.961336;cluster_2=19.340993;cluster_3=30.585518;cluster_4=45.584870;cluster_5=56.078169	1
STAB_UNSUP_HVG	5	YX16139T	PDAC_017	Classical	1	0.656432145046489	0.633375474083439	1.31455632129511	0.0145407836118852	0.224006246444326	26.2100496092891	cluster_1=26.210050;cluster_2=37.887440;cluster_3=29.745296;cluster_4=31.015019;cluster_5=38.464902	0.633375474083439
STAB_UNSUP_HVG	5	YX16141T	PDAC_018	Hybrid	1	0.637577208625211	0.61166253101737	1.17182016045631	-0.0295292418958646	0.231310273853283	26.7119064687414	cluster_1=26.711906;cluster_2=38.402953;cluster_3=28.151654;cluster_4=35.275675;cluster_5=34.834894	0.61166253101737
STAB_UNSUP_HVG	5	YX16144T	PDAC_019	Hybrid	2	0.957771188423957	0.995037220843672	0.0451302493507391	0.164052483118415	0.245174250922715	23.4058562680443	cluster_1=40.834828;cluster_2=23.405856;cluster_3=30.821964;cluster_4=35.920811;cluster_5=53.464851	0.995037220843672
STAB_UNSUP_HVG	5	YX16147T	PDAC_020	Classical	4	0.952920733816502	0.994884910485934	0.046291681707279	0.0910981796213627	0.0859614483586556	25.0954270980449	cluster_1=38.305561;cluster_2=39.373626;cluster_3=37.529097;cluster_4=25.095427;cluster_5=46.831000	0.994884910485934
STAB_UNSUP_HVG	5	YX16153T	PDAC_021	Classical	1	0.888461667096264	0.998726114649682	0.0140870376817623	0.0963898736351882	0.242233740815903	20.8741781446983	cluster_1=20.874178;cluster_2=41.954397;cluster_3=28.673316;cluster_4=43.096836;cluster_5=37.927859	0.998726114649682
STAB_UNSUP_HVG	5	YX16155T	PDAC_022	Hybrid	1	0.884795113320157	0.998697916666667	0.0143577055717423	0.168620128660818	0.239630254849395	21.4857090369909	cluster_1=21.485709;cluster_2=45.119699;cluster_3=33.184451;cluster_4=40.807557;cluster_5=35.548147	0.998697916666667
STAB_UNSUP_HVG	5	YX16158T	PDAC_023	Hybrid	4	0.93941806815526	1	0	0.203381113427665	0.0794073113097099	25.7028222377688	cluster_1=50.591297;cluster_2=46.745833;cluster_3=49.479079;cluster_4=25.702822;cluster_5=53.366475	1
STAB_UNSUP_HVG	5	YX16159T	PDAC_024	Hybrid	2	0.958943757437951	1	0	0.175501328858114	0.241742030746158	21.4098979687718	cluster_1=39.621220;cluster_2=21.409898;cluster_3=29.081952;cluster_4=37.719184;cluster_5=49.318068	1
STAB_UNSUP_HVG	5	YX16160T	PDAC_025	Basal	4	0.957736495852259	1	0	0.131747224849037	0.0842439445669088	27.5891893453319	cluster_1=41.798613;cluster_2=44.701976;cluster_3=43.453750;cluster_4=27.589189;cluster_5=43.578969	1
STAB_UNSUP_HVG	5	YX16161T	PDAC_026	Hybrid	2	0.954812138907584	1	0	0.22919763469917	0.241904445606523	18.224206028792	cluster_1=41.367158;cluster_2=18.224206;cluster_3=28.531198;cluster_4=38.483166;cluster_5=53.786430	1
STAB_UNSUP_HVG	5	YX16166T	PDAC_027	Classical	1	0.886034024098909	0.998757763975155	0.0137821659114718	0.131075214764298	0.241456011850818	20.3995642015308	cluster_1=20.399564;cluster_2=42.713346;cluster_3=30.024674;cluster_4=41.279893;cluster_5=33.199003	0.998757763975155
STAB_UNSUP_HVG	5	YX16177T	PDAC_028	Classical	1	0.885570137706889	0.943253467843632	0.334444047816433	0.0791719666116554	0.246695806830092	26.1235609447175	cluster_1=26.123561;cluster_2=41.821666;cluster_3=33.061978;cluster_4=38.160315;cluster_5=42.546615	0.943253467843632
STAB_UNSUP_HVG	5	YX16178T	PDAC_029	Classical	1	0.834236007111506	0.845859872611465	0.662979445245032	0.118613005087907	0.246832715539703	25.0510500094443	cluster_1=25.051050;cluster_2=45.212777;cluster_3=33.987450;cluster_4=40.319907;cluster_5=33.699396	0.845859872611465
STAB_UNSUP_HVG	5	YX16180T	PDAC_030	Hybrid	2	0.966017802049801	0.994750656167979	0.0473099684202414	0.190510921791455	0.247295782464123	17.8128827332867	cluster_1=39.382100;cluster_2=17.812883;cluster_3=25.772182;cluster_4=38.674559;cluster_5=52.861194	0.994750656167979
STAB_UNSUP_HVG	5	YX16185T	PDAC_031	Classical	1	0.885414528488685	0.998738965952081	0.0139633821818463	0.105696762819136	0.241624062861777	28.2921619668001	cluster_1=28.292162;cluster_2=46.050656;cluster_3=36.585409;cluster_4=43.325394;cluster_5=36.828695	0.998738965952081
STAB_UNSUP_HVG	5	YX16188T	PDAC_032	Hybrid	4	0.978138663561672	0.995	0.0454146923337941	0.0927509142997151	0.0860545959173538	24.0013718875985	cluster_1=37.654122;cluster_2=39.717983;cluster_3=36.736333;cluster_4=24.001372;cluster_5=41.978113	0.995
STAB_UNSUP_HVG	5	YX16194T	PDAC_033	Hybrid	2	0.95859693619651	0.99746835443038	0.025485002897852	0.166647149256316	0.241498448840978	22.3250060679505	cluster_1=41.428919;cluster_2=22.325006;cluster_3=29.715194;cluster_4=43.174376;cluster_5=52.032334	0.99746835443038
STAB_UNSUP_HVG	5	YX16202T	PDAC_034	Basal	4	0.852285324411298	0.848708487084871	0.792119614978226	-0.0271991890191872	0.108782881950073	30.5830179935857	cluster_1=41.093793;cluster_2=50.930452;cluster_3=45.778564;cluster_4=30.583018;cluster_5=35.779728	0.848708487084871
STAB_UNSUP_HVG	5	YX16203T	PDAC_035	Hybrid	2	0.715524940952265	0.705194805194805	0.874847802864334	0.0485125580053661	0.243687032440571	20.2311524483269	cluster_1=33.440976;cluster_2=20.231152;cluster_3=21.045730;cluster_4=36.216518;cluster_5=48.208807	0.705194805194805
STAB_UNSUP_HVG	5	YX16207T	PDAC_036	Hybrid	2	0.966236269756483	1	0	0.229106480486529	0.244632437855217	17.1462172820177	cluster_1=40.356224;cluster_2=17.146217;cluster_3=27.368994;cluster_4=42.649831;cluster_5=54.865768	1
STAB_UNSUP_HVG	5	YX16218T	PDAC_037	Hybrid	2	0.949029801749345	0.976653696498054	0.159837751349634	0.128427247917562	0.249916365137551	21.3136063968115	cluster_1=38.056757;cluster_2=21.313606;cluster_3=26.499631;cluster_4=43.824113;cluster_5=53.444895	0.976653696498054
STAB_UNSUP_HVG	5	YX16222T	PDAC_038	Classical	3	0.758593036597968	0.824273072060683	0.841664976135838	0.0935370199078534	0.205395865724403	21.2932865551112	cluster_1=28.438174;cluster_2=29.961448;cluster_3=21.293287;cluster_4=37.861352;cluster_5=44.760269	0.824273072060683
STAB_UNSUP_HVG	5	YX16224T	PDAC_039	Hybrid	2	0.959365670593805	0.99867374005305	0.0145890698098288	0.206331465294616	0.242928217051422	19.287058383051	cluster_1=41.812425;cluster_2=19.287058;cluster_3=28.592807;cluster_4=42.862864;cluster_5=56.342850	0.99867374005305
STAB_UNSUP_HVG	5	YX16227T	PDAC_040	Classical	3	0.750719490681287	0.83375314861461	0.802939105480423	0.132831731897987	0.203713972640557	21.5141088682098	cluster_1=28.901884;cluster_2=32.501970;cluster_3=21.514109;cluster_4=44.223657;cluster_5=46.995496	0.83375314861461
STAB_UNSUP_HVG	5	YX16236T	PDAC_041	Classical	1	0.707210823755886	0.691435768261965	0.924395036520406	-0.0553443014845031	0.238001936108798	25.7734645329325	cluster_1=25.773465;cluster_2=34.895474;cluster_3=25.913461;cluster_4=43.296990;cluster_5=43.515313	0.691435768261965
STAB_UNSUP_HVG	5	YX15047T	PDAC_042	Basal	5	0.608414363084927	0.577833125778331	1.43589632650201	-0.0128970058716829	0.228607450953679	28.5237321438874	cluster_1=29.489658;cluster_2=45.368858;cluster_3=34.678590;cluster_4=35.857932;cluster_5=28.523732	0.577833125778331
STAB_UNSUP_HVG	5	YX15106T	PDAC_043	Basal	5	0.918034276801973	1	0	0.251386296195888	0.199973650694898	24.3038326763349	cluster_1=40.726561;cluster_2=58.925609;cluster_3=49.961577;cluster_4=44.826046;cluster_5=24.303833	1
STAB_UNSUP_HVG	5	YX15166T	PDAC_044	Basal	5	0.919169782063817	1	0	0.219346743980841	0.199414765694953	24.5459343627247	cluster_1=38.721230;cluster_2=54.387651;cluster_3=46.345633;cluster_4=38.773661;cluster_5=24.545934	1
STAB_UNSUP_HVG	5	YX15187T	PDAC_045	Basal	5	0.921834577734256	1	0	0.278073494703878	0.200435759489405	20.8119172275524	cluster_1=38.774030;cluster_2=57.736102;cluster_3=47.715414;cluster_4=44.155748;cluster_5=20.811917	1
STAB_UNSUP_HVG	5	YX15211T	PDAC_046	Hybrid	3	0.61984169665712	0.835820895522388	0.749401790212635	0.102279428344375	0.185796804608261	20.7443383878345	cluster_1=26.522095;cluster_2=30.847935;cluster_3=20.744338;cluster_4=37.399709;cluster_5=36.260526	0.835820895522388
STAB_UNSUP_HVG	5	YX15214T	PDAC_047	Basal	5	0.92395321002976	1	0	0.219213539123358	0.200882131192409	23.4298913383958	cluster_1=37.466513;cluster_2=54.921252;cluster_3=45.157672;cluster_4=44.129085;cluster_5=23.429891	1
STAB_UNSUP_HVG	5	YX16009T	PDAC_048	Hybrid	2	0.963888290595597	0.99625468164794	0.0355830933230729	0.177753268718423	0.243829087978658	20.540408486591	cluster_1=39.963609;cluster_2=20.540408;cluster_3=28.026323;cluster_4=32.285201;cluster_5=50.271974	0.99625468164794
STAB_UNSUP_HVG	5	YX16011T	PDAC_049	Basal	5	0.922547270142491	1	0	0.227301273861005	0.200432621355908	22.8919009636392	cluster_1=37.460444;cluster_2=58.209755;cluster_3=47.723073;cluster_4=45.072210;cluster_5=22.891901	1
STAB_UNSUP_HVG	5	YX16068T	PDAC_050	Basal	5	0.921844647076508	1	0	0.189334805131108	0.200342692077156	23.5214503435025	cluster_1=35.653931;cluster_2=59.154632;cluster_3=47.535333;cluster_4=47.933733;cluster_5=23.521450	1
STAB_UNSUP_HVG	5	YX16070T	PDAC_051	Basal	3	0.470307227137485	0.678704856787049	1.38411787522958	0.0283795068581594	0.190070077865679	28.3536318785538	cluster_1=33.388713;cluster_2=33.527215;cluster_3=28.353632;cluster_4=38.393768;cluster_5=35.589052	0.678704856787049
STAB_UNSUP_HVG	5	YX16075T	PDAC_052	Hybrid	2	0.95920867038449	1	0	0.170108434251728	0.241447508759364	22.1651675689416	cluster_1=41.461597;cluster_2=22.165168;cluster_3=29.719263;cluster_4=41.004884;cluster_5=53.778091	1
STAB_UNSUP_HVG	5	YX16079T	PDAC_053	Basal	5	0.913654240920838	0.962264150943396	0.265069310372918	0.114772836459859	0.205375397621396	25.8994401792805	cluster_1=33.619248;cluster_2=54.386720;cluster_3=43.559326;cluster_4=42.725147;cluster_5=25.899440	0.962264150943396
STAB_UNSUP_HVG	5	YX16087T	PDAC_054	Basal	5	0.919123029269423	1	0	0.273576070372387	0.199416419795995	20.3818620001548	cluster_1=37.985545;cluster_2=57.212786;cluster_3=47.160565;cluster_4=44.558488;cluster_5=20.381862	1
STAB_UNSUP_HVG	5	YX16094T	PDAC_055	Basal	5	0.566620890501612	0.545682102628285	1.54615534258239	0.0837256311107708	0.205939075453009	26.8262063338438	cluster_1=32.784661;cluster_2=46.521662;cluster_3=35.999157;cluster_4=40.917367;cluster_5=26.826206	0.545682102628285
STAB_UNSUP_HVG	5	YX16172T	PDAC_056	Basal	3	0.528644758580474	0.771069182389937	0.998929526109552	0.0785443328183118	0.185899381727928	27.3826149522542	cluster_1=33.310737;cluster_2=35.055067;cluster_3=27.382615;cluster_4=37.330677;cluster_5=34.587924	0.771069182389937
STAB_UNSUP_HVG	5	YX16295T	PDAC_057	Basal	5	0.921323847714986	1	0	0.266797677976556	0.200336030760318	22.5604141173449	cluster_1=39.785266;cluster_2=60.805209;cluster_3=50.702698;cluster_4=46.537590;cluster_5=22.560414	1
STAB_UNSUP_HVG	5	YX16327T	PDAC_058	Basal	5	0.910249475160481	0.964331210191083	0.255607321620984	0.133282149988472	0.202815421596133	26.5555993102098	cluster_1=35.492923;cluster_2=48.627986;cluster_3=40.503779;cluster_4=42.621760;cluster_5=26.555599	0.964331210191083
STAB_UNSUP_HVG	5	YX16335T	PDAC_059	Classical	1	0.885207308108	0.998745294855709	0.0139024159318212	0.136619151750111	0.240883537691383	19.8178764206036	cluster_1=19.817876;cluster_2=43.113112;cluster_3=29.768212;cluster_4=39.785090;cluster_5=32.026902	0.998745294855709
STAB_UNSUP_HVG	5	YX16341T	PDAC_060	Basal	5	0.92394606529924	0.992700729927007	0.0670472363298858	0.20448410310511	0.20147764003807	24.2482721266872	cluster_1=37.416295;cluster_2=53.046835;cluster_3=44.631604;cluster_4=38.587612;cluster_5=24.248272	0.992700729927007
STAB_UNSUP_HVG	5	YX16343T	PDAC_061	Hybrid	5	0.90725326779026	0.946084724005135	0.360301382284665	0.125023121209725	0.205834959948306	23.8448773573082	cluster_1=32.184748;cluster_2=51.905797;cluster_3=40.545169;cluster_4=40.252954;cluster_5=23.844877	0.946084724005135
STAB_UNSUP_HVG	5	YX16347T	PDAC_062	Classical	1	0.890997527199398	0.996212121212121	0.0359255807831674	0.114412310789157	0.242975389429419	25.5241418173424	cluster_1=25.524142;cluster_2=44.771977;cluster_3=34.187480;cluster_4=42.890312;cluster_5=34.372459	0.996212121212121
STAB_UNSUP_HVG	6	YX15261T	PDAC_001	Classical	1	0.806036388352703	0.983810709838107	0.132090356257084	0.0981549215461354	0.203485700818241	26.9768028984033	cluster_1=26.976803;cluster_2=46.580842;cluster_3=40.542534;cluster_4=36.346968;cluster_5=34.295606;cluster_6=37.680069	0.983810709838107
STAB_UNSUP_HVG	6	YX15263T	PDAC_002	Classical	1	0.801793483943223	0.841698841698842	0.747908319343052	0.0691646458289815	0.214014558557867	22.1914597492349	cluster_1=22.191460;cluster_2=40.757720;cluster_3=29.919269;cluster_4=42.361802;cluster_5=39.130309;cluster_6=35.895695	0.841698841698842
STAB_UNSUP_HVG	6	YX15271T	PDAC_003	Hybrid	2	0.948489683327471	1	0	0.233582051230251	0.225947687364799	16.0369585279667	cluster_1=41.082324;cluster_2=16.036959;cluster_3=27.935389;cluster_4=40.311447;cluster_5=53.881350;cluster_6=33.532039	1
STAB_UNSUP_HVG	6	YX16036T	PDAC_004	Hybrid	3	0.60501701196351	0.467948717948718	0.997033849631248	-0.0730821566647433	0.21201501861251	21.895651127107	cluster_1=34.932773;cluster_2=22.127778;cluster_3=21.895651;cluster_4=41.434306;cluster_5=49.245109;cluster_6=29.647218	0.532051282051282
STAB_UNSUP_HVG	6	YX16041T	PDAC_005	Classical	3	0.800797739116535	0.978589420654912	0.175432277059845	0.16266432024077	0.141745538581826	22.9390995624851	cluster_1=32.271448;cluster_2=33.969284;cluster_3=22.939100;cluster_4=45.356679;cluster_5=49.185785;cluster_6=35.517787	0.978589420654912
STAB_UNSUP_HVG	6	YX16057T	PDAC_006	Classical	3	0.760576651319863	0.654777070063694	0.941859379461311	0.0681474389711817	0.193888601990434	21.1472690884703	cluster_1=31.100466;cluster_2=27.314503;cluster_3=21.147269;cluster_4=41.925013;cluster_5=46.235617;cluster_6=31.275600	0.654777070063694
STAB_UNSUP_HVG	6	YX16062T	PDAC_007	Classical	1	0.618344504001887	0.578624078624079	1.53832706743582	0.0641389795567199	0.191292499164506	26.3613208913537	cluster_1=26.361321;cluster_2=42.895789;cluster_3=33.637292;cluster_4=36.375148;cluster_5=38.203754;cluster_6=37.168180	0.578624078624079
STAB_UNSUP_HVG	6	YX16112T	PDAC_008	Classical	3	0.672529805735221	0.82842509603073	0.906926651362796	0.0945905215819569	0.151510606730036	23.3449666197274	cluster_1=27.724346;cluster_2=34.173990;cluster_3=23.344967;cluster_4=36.504237;cluster_5=43.203218;cluster_6=33.548855	0.82842509603073
STAB_UNSUP_HVG	6	YX16113T	PDAC_009	Hybrid	4	0.85635044764968	0.894670050761421	0.639056988814127	0.0226930846196215	0.0951529977019943	26.5724104633567	cluster_1=34.242302;cluster_2=41.657402;cluster_3=37.743675;cluster_4=26.572410;cluster_5=41.544777;cluster_6=40.976391	0.894670050761421
STAB_UNSUP_HVG	6	YX16119T	PDAC_010	Classical	3	0.830737409242934	0.841432225063939	0.630872181443207	0.0515088878178431	0.166529091206909	20.7902723637924	cluster_1=30.848527;cluster_2=26.399276;cluster_3=20.790272;cluster_4=37.335400;cluster_5=45.999206;cluster_6=32.770574	0.841432225063939
STAB_UNSUP_HVG	6	YX16120T	PDAC_011	Classical	1	0.822627769243991	0.939205955334988	0.379412097440965	0.0295622283719919	0.211059450473665	24.0401530840085	cluster_1=24.040153;cluster_2=37.047706;cluster_3=29.769940;cluster_4=36.600104;cluster_5=37.071420;cluster_6=34.166520	0.939205955334988
STAB_UNSUP_HVG	6	YX16127T	PDAC_012	Classical	1	0.82054124613766	0.984810126582279	0.125828452033577	0.0866060410467274	0.207368049133141	24.9264969691669	cluster_1=24.926497;cluster_2=47.848748;cluster_3=38.735922;cluster_4=40.047657;cluster_5=31.131434;cluster_6=37.753382	0.984810126582279
STAB_UNSUP_HVG	6	YX16128T	PDAC_013	Classical	3	0.835450601398743	0.81125	0.698849220812815	0.0480794797808326	0.17301712138026	21.2985614927264	cluster_1=31.008944;cluster_2=26.659519;cluster_3=21.298561;cluster_4=41.693315;cluster_5=46.157328;cluster_6=33.227871	0.81125
STAB_UNSUP_HVG	6	YX16130T	PDAC_014	Hybrid	2	0.784607324573029	0.79496855345912	0.731877563394869	0.0532405696157789	0.224729841142283	22.3244403057162	cluster_1=37.952080;cluster_2=22.324440;cluster_3=25.460795;cluster_4=45.360239;cluster_5=51.549837;cluster_6=32.674770	0.79496855345912
STAB_UNSUP_HVG	6	YX16132T	PDAC_015	Hybrid	3	0.826598244029405	0.793147208121827	0.735423740321768	0.0310927623442251	0.176303840918784	18.8844619405098	cluster_1=31.769345;cluster_2=23.710642;cluster_3=18.884462;cluster_4=36.337778;cluster_5=46.906419;cluster_6=30.819636	0.793147208121827
STAB_UNSUP_HVG	6	YX16135T	PDAC_016	Hybrid	2	0.958246111272623	1	0	0.216866404105914	0.226115705542144	19.3409932295427	cluster_1=43.961336;cluster_2=19.340993;cluster_3=30.554001;cluster_4=45.584870;cluster_5=56.078169;cluster_6=37.340561	1
STAB_UNSUP_HVG	6	YX16139T	PDAC_017	Classical	1	0.534457871806077	0.49936788874842	1.79282514189029	0.00522610671743367	0.178128681130139	26.2100496092891	cluster_1=26.210050;cluster_2=37.887440;cluster_3=30.654932;cluster_4=31.015019;cluster_5=38.464902;cluster_6=34.249362	0.49936788874842
STAB_UNSUP_HVG	6	YX16141T	PDAC_018	Hybrid	1	0.450221310531712	0.392059553349876	1.39459771428223	-0.0788049316628624	0.160259061386358	26.7119064687414	cluster_1=26.711906;cluster_2=38.402953;cluster_3=30.250556;cluster_4=35.275675;cluster_5=34.834894;cluster_6=29.628313	0.508684863523573
STAB_UNSUP_HVG	6	YX16144T	PDAC_019	Hybrid	2	0.946807188106453	0.991315136476427	0.0719427442800063	0.129789833416852	0.226739435206902	23.4058562680443	cluster_1=40.834828;cluster_2=23.405856;cluster_3=30.219625;cluster_4=35.920811;cluster_5=53.464851;cluster_6=38.901920	0.991315136476427
STAB_UNSUP_HVG	6	YX16147T	PDAC_020	Classical	4	0.913812643551633	0.9923273657289	0.072607737791319	0.0747175842741882	0.0801381809412244	25.0954270980449	cluster_1=38.305561;cluster_2=39.373626;cluster_3=37.709842;cluster_4=25.095427;cluster_5=46.831000;cluster_6=42.669648	0.9923273657289
STAB_UNSUP_HVG	6	YX16153T	PDAC_021	Classical	1	0.817264754200312	0.985987261146497	0.118197558737031	0.0826212137020024	0.2066267374722	20.8741781446983	cluster_1=20.874178;cluster_2=41.954397;cluster_3=29.324244;cluster_4=43.096836;cluster_5=37.927859;cluster_6=34.087611	0.985987261146497
STAB_UNSUP_HVG	6	YX16155T	PDAC_022	Hybrid	1	0.817718935858487	0.984375	0.122580963590764	0.165631606841187	0.206341404596783	21.4857090369909	cluster_1=21.485709;cluster_2=45.119699;cluster_3=34.205931;cluster_4=40.807557;cluster_5=35.548147;cluster_6=36.711806	0.984375
STAB_UNSUP_HVG	6	YX16158T	PDAC_023	Hybrid	4	0.910493571194119	0.991389913899139	0.0765255469976985	0.203381113427665	0.076680427397075	25.7028222377688	cluster_1=50.591297;cluster_2=46.745833;cluster_3=50.791096;cluster_4=25.702822;cluster_5=53.366475;cluster_6=50.065691	0.991389913899139
STAB_UNSUP_HVG	6	YX16159T	PDAC_024	Hybrid	2	0.949577629922155	1	0	0.149314278570644	0.224723992268061	21.4098979687718	cluster_1=39.621220;cluster_2=21.409898;cluster_3=30.941126;cluster_4=37.719184;cluster_5=49.318068;cluster_6=31.049038	1
STAB_UNSUP_HVG	6	YX16160T	PDAC_025	Basal	4	0.901622539801628	0.939240506329114	0.366866506233604	0.0757665014578641	0.077369448791085	27.5891893453319	cluster_1=41.798613;cluster_2=44.701976;cluster_3=45.684592;cluster_4=27.589189;cluster_5=43.578969;cluster_6=41.769971	0.939240506329114
STAB_UNSUP_HVG	6	YX16161T	PDAC_026	Hybrid	2	0.945806682090163	1	0	0.20676796715027	0.224348975751341	18.224206028792	cluster_1=41.367158;cluster_2=18.224206;cluster_3=28.680661;cluster_4=38.483166;cluster_5=53.786430;cluster_6=35.234060	1
STAB_UNSUP_HVG	6	YX16166T	PDAC_027	Classical	1	0.813889811376134	0.986335403726708	0.110214578616412	0.126837730986387	0.205237459505419	20.3995642015308	cluster_1=20.399564;cluster_2=42.713346;cluster_3=31.381860;cluster_4=41.279893;cluster_5=33.199003;cluster_6=33.234377	0.986335403726708
STAB_UNSUP_HVG	6	YX16177T	PDAC_028	Classical	1	0.809217949410984	0.890290037831021	0.593746350740886	0.0437783114254622	0.211334745401601	26.1235609447175	cluster_1=26.123561;cluster_2=41.821666;cluster_3=32.400680;cluster_4=38.160315;cluster_5=42.546615;cluster_6=40.939322	0.890290037831021
STAB_UNSUP_HVG	6	YX16178T	PDAC_029	Classical	1	0.701438524828855	0.689171974522293	1.17639680438184	0.0964713380118273	0.201043902195096	25.0510500094443	cluster_1=25.051050;cluster_2=45.212777;cluster_3=35.544016;cluster_4=40.319907;cluster_5=33.699396;cluster_6=35.826228	0.689171974522293
STAB_UNSUP_HVG	6	YX16180T	PDAC_030	Hybrid	2	0.955318121323423	0.990813648293963	0.0753495834450329	0.156925067332314	0.229504955820661	17.8128827332867	cluster_1=39.382100;cluster_2=17.812883;cluster_3=25.463887;cluster_4=38.674559;cluster_5=52.861194;cluster_6=34.127053	0.990813648293963
STAB_UNSUP_HVG	6	YX16185T	PDAC_031	Classical	1	0.808909703904372	0.986128625472888	0.117209490765122	0.0635780467030421	0.203616282459404	28.2921619668001	cluster_1=28.292162;cluster_2=46.050656;cluster_3=38.390603;cluster_4=43.325394;cluster_5=36.828695;cluster_6=37.222524	0.986128625472888
STAB_UNSUP_HVG	6	YX16188T	PDAC_032	Hybrid	4	0.943675069739851	0.99	0.0807931358959112	0.0688720181035519	0.0812448201358015	24.0013718875985	cluster_1=37.654122;cluster_2=39.717983;cluster_3=38.263313;cluster_4=24.001372;cluster_5=41.978113;cluster_6=38.197542	0.99
STAB_UNSUP_HVG	6	YX16194T	PDAC_033	Hybrid	2	0.950800954645699	0.99746835443038	0.025485002897852	0.16547460827512	0.22729075572897	22.3250060679505	cluster_1=41.428919;cluster_2=22.325006;cluster_3=31.055678;cluster_4=43.174376;cluster_5=52.032334;cluster_6=33.040405	0.99746835443038
STAB_UNSUP_HVG	6	YX16202T	PDAC_034	Basal	4	0.783758794211841	0.771217712177122	1.01454735694962	-0.0271991890191872	0.087755822083964	30.5830179935857	cluster_1=41.093793;cluster_2=50.930452;cluster_3=48.899141;cluster_4=30.583018;cluster_5=35.779728;cluster_6=40.772452	0.771217712177122
STAB_UNSUP_HVG	6	YX16203T	PDAC_035	Hybrid	2	0.658479940919804	0.646753246753247	0.949307684443558	0.0157252460381981	0.213899692211424	20.2311524483269	cluster_1=33.440976;cluster_2=20.231152;cluster_3=21.349277;cluster_4=36.216518;cluster_5=48.208807;cluster_6=29.281032	0.646753246753247
STAB_UNSUP_HVG	6	YX16207T	PDAC_036	Hybrid	2	0.958444550136717	1	0	0.207071801397938	0.228276130279941	17.1462172820177	cluster_1=40.356224;cluster_2=17.146217;cluster_3=27.580475;cluster_4=42.649831;cluster_5=54.865768;cluster_6=34.165223	1
STAB_UNSUP_HVG	6	YX16218T	PDAC_037	Hybrid	2	0.935306480462793	0.970168612191958	0.193545570037909	0.0795488173698492	0.230093502680241	21.3136063968115	cluster_1=38.056757;cluster_2=21.313606;cluster_3=25.463054;cluster_4=43.824113;cluster_5=53.444895;cluster_6=36.288888	0.970168612191958
STAB_UNSUP_HVG	6	YX16222T	PDAC_038	Classical	3	0.806062309032819	0.943109987357775	0.414783373371835	0.122034737089618	0.146252956456778	20.7462295363704	cluster_1=28.438174;cluster_2=29.961448;cluster_3=20.746230;cluster_4=37.861352;cluster_5=44.760269;cluster_6=31.232370	0.943109987357775
STAB_UNSUP_HVG	6	YX16224T	PDAC_039	Hybrid	2	0.95051732241349	0.99867374005305	0.0145890698098288	0.170732626992369	0.226230278164603	19.287058383051	cluster_1=41.812425;cluster_2=19.287058;cluster_3=27.978731;cluster_4=42.862864;cluster_5=56.342850;cluster_6=37.078687	0.99867374005305
STAB_UNSUP_HVG	6	YX16227T	PDAC_040	Classical	3	0.803361896697992	0.978589420654912	0.181315399909002	0.186954093167099	0.141542812993078	19.6500597352994	cluster_1=28.901884;cluster_2=32.501970;cluster_3=19.650060;cluster_4=44.223657;cluster_5=46.995496;cluster_6=33.854332	0.978589420654912
STAB_UNSUP_HVG	6	YX16236T	PDAC_041	Classical	1	0.630456023760111	0.622166246851385	1.10680162472694	-0.0857393757740625	0.202114118421075	25.7734645329325	cluster_1=25.773465;cluster_2=34.895474;cluster_3=25.930186;cluster_4=43.296990;cluster_5=43.515313;cluster_6=33.495806	0.622166246851385
STAB_UNSUP_HVG	6	YX15047T	PDAC_042	Basal	5	0.553098677500651	0.506849315068493	1.56778843723199	-0.0128970058716829	0.182334796701742	28.5237321438874	cluster_1=29.489658;cluster_2=45.368858;cluster_3=36.971173;cluster_4=35.857932;cluster_5=28.523732;cluster_6=34.101002	0.506849315068493
STAB_UNSUP_HVG	6	YX15106T	PDAC_043	Basal	5	0.885214687929913	1	0	0.23334877233999	0.189553233428372	24.3038326763349	cluster_1=40.726561;cluster_2=58.925609;cluster_3=53.578832;cluster_4=44.826046;cluster_5=24.303833;cluster_6=42.727345	1
STAB_UNSUP_HVG	6	YX15166T	PDAC_044	Basal	5	0.891563226808404	1	0	0.190515910676526	0.190752774719714	24.5459343627247	cluster_1=38.721230;cluster_2=54.387651;cluster_3=49.724660;cluster_4=38.773661;cluster_5=24.545934;cluster_6=40.337430	1
STAB_UNSUP_HVG	6	YX15187T	PDAC_045	Basal	5	0.89370667085653	1	0	0.262196519019687	0.191306533494	20.8119172275524	cluster_1=38.774030;cluster_2=57.736102;cluster_3=51.236192;cluster_4=44.155748;cluster_5=20.811917;cluster_6=41.044652	1
STAB_UNSUP_HVG	6	YX15211T	PDAC_046	Hybrid	6	0.916670357575221	0.754975124378109	0.838371714947662	0.0550711515948734	0.0944009890760034	17.7568651913588	cluster_1=26.522095;cluster_2=30.847935;cluster_3=24.893553;cluster_4=37.399709;cluster_5=36.260526;cluster_6=17.756865	0.754975124378109
STAB_UNSUP_HVG	6	YX15214T	PDAC_047	Basal	5	0.892843560693824	1	0	0.179998808686628	0.191230141346348	23.4298913383958	cluster_1=37.466513;cluster_2=54.921252;cluster_3=48.705692;cluster_4=44.129085;cluster_5=23.429891;cluster_6=38.641830	1
STAB_UNSUP_HVG	6	YX16009T	PDAC_048	Hybrid	2	0.953262920286913	0.991260923845193	0.0723130254350376	0.173877094685718	0.227370538204864	20.540408486591	cluster_1=39.963609;cluster_2=20.540408;cluster_3=29.277193;cluster_4=32.285201;cluster_5=50.271974;cluster_6=31.992184	0.991260923845193
STAB_UNSUP_HVG	6	YX16011T	PDAC_049	Basal	5	0.89484469759355	1	0	0.227301273861005	0.191603195600426	22.8919009636392	cluster_1=37.460444;cluster_2=58.209755;cluster_3=51.230588;cluster_4=45.072210;cluster_5=22.891901;cluster_6=41.101215	1
STAB_UNSUP_HVG	6	YX16068T	PDAC_050	Basal	5	0.893717570355624	1	0	0.189334805131108	0.191323228485244	23.5214503435025	cluster_1=35.653931;cluster_2=59.154632;cluster_3=50.588168;cluster_4=47.933733;cluster_5=23.521450;cluster_6=42.591153	1
STAB_UNSUP_HVG	6	YX16070T	PDAC_051	Basal	6	0.917452830188679	0.945205479452055	0.379909503658542	0.194481690283561	0.0756836352563484	18.4171084447772	cluster_1=33.388713;cluster_2=33.527215;cluster_3=33.314595;cluster_4=38.393768;cluster_5=35.589052;cluster_6=18.417108	0.945205479452055
STAB_UNSUP_HVG	6	YX16075T	PDAC_052	Hybrid	2	0.949841012648432	0.998701298701299	0.0143252889035044	0.144984180619804	0.225742081747816	22.1651675689416	cluster_1=41.461597;cluster_2=22.165168;cluster_3=29.673866;cluster_4=41.004884;cluster_5=53.778091;cluster_6=36.665873	0.998701298701299
STAB_UNSUP_HVG	6	YX16079T	PDAC_053	Basal	5	0.876180213550687	0.916981132075472	0.481761847924788	0.114772836459859	0.193348399454516	25.8994401792805	cluster_1=33.619248;cluster_2=54.386720;cluster_3=45.916634;cluster_4=42.725147;cluster_5=25.899440;cluster_6=41.445272	0.916981132075472
STAB_UNSUP_HVG	6	YX16087T	PDAC_054	Basal	5	0.894137421661049	1	0	0.245962308383179	0.191441008824352	20.3818620001548	cluster_1=37.985545;cluster_2=57.212786;cluster_3=50.928239;cluster_4=44.558488;cluster_5=20.381862;cluster_6=39.604062	1
STAB_UNSUP_HVG	6	YX16094T	PDAC_055	Basal	5	0.471480226734137	0.433041301627034	1.03243602551465	-0.0392852527042296	0.138961063359428	26.8262063338438	cluster_1=32.784661;cluster_2=46.521662;cluster_3=39.412113;cluster_4=40.917367;cluster_5=26.826206;cluster_6=31.255016	0.561952440550688
STAB_UNSUP_HVG	6	YX16172T	PDAC_056	Basal	6	0.999217527386541	0.948427672955975	0.307540730246937	0.204040238767966	0.0755029031699128	17.6118169188454	cluster_1=33.310737;cluster_2=35.055067;cluster_3=32.363133;cluster_4=37.330677;cluster_5=34.587924;cluster_6=17.611817	0.948427672955975
STAB_UNSUP_HVG	6	YX16295T	PDAC_057	Basal	5	0.892016600583	1	0	0.266797677976556	0.191030052537586	22.5604141173449	cluster_1=39.785266;cluster_2=60.805209;cluster_3=54.028732;cluster_4=46.537590;cluster_5=22.560414;cluster_6=44.483766	1
STAB_UNSUP_HVG	6	YX16327T	PDAC_058	Basal	5	0.868855548532234	0.910828025477707	0.461878008723358	0.0418413095491011	0.190106927519251	26.5555993102098	cluster_1=35.492923;cluster_2=48.627986;cluster_3=44.047737;cluster_4=42.621760;cluster_5=26.555599;cluster_6=34.564113	0.910828025477707
STAB_UNSUP_HVG	6	YX16335T	PDAC_059	Classical	1	0.815170480954055	0.984943538268507	0.12248845688209	0.124013764662959	0.205787300532939	19.8178764206036	cluster_1=19.817876;cluster_2=43.113112;cluster_3=31.307226;cluster_4=39.785090;cluster_5=32.026902;cluster_6=32.514939	0.984943538268507
STAB_UNSUP_HVG	6	YX16341T	PDAC_060	Basal	5	0.895291448238954	0.967153284671533	0.22500337637513	0.130014877217992	0.193253612817099	24.2482721266872	cluster_1=37.416295;cluster_2=53.046835;cluster_3=48.553068;cluster_4=38.587612;cluster_5=24.248272;cluster_6=36.725769	0.967153284671533
STAB_UNSUP_HVG	6	YX16343T	PDAC_061	Hybrid	5	0.865604683282245	0.897304236200257	0.524023225155414	0.120692666357296	0.192057863403054	23.8448773573082	cluster_1=32.184748;cluster_2=51.905797;cluster_3=43.743434;cluster_4=40.252954;cluster_5=23.844877;cluster_6=35.892084	0.897304236200257
STAB_UNSUP_HVG	6	YX16347T	PDAC_062	Classical	1	0.821003910531497	0.970959595959596	0.216625362659443	0.0778779838322745	0.20783135652926	25.5241418173424	cluster_1=25.524142;cluster_2=44.771977;cluster_3=35.974350;cluster_4=42.890312;cluster_5=34.372459;cluster_6=35.294993	0.970959595959596
STAB_CSY_OUTLIER_EXCL	2	YX15261T	PDAC_001	Classical	1	0.987271239388795	1	0	0.209135612722254	0.6928499030155	5.71173621614291	cluster_1=5.711736;cluster_2=9.881059	1
STAB_CSY_OUTLIER_EXCL	2	YX15263T	PDAC_002	Classical	1	0.987634807712135	1	0	0.283067341561601	0.693131968402443	14.177264278498	cluster_1=14.177264;cluster_2=18.530411	1
STAB_CSY_OUTLIER_EXCL	2	YX15271T	PDAC_003	Hybrid	1	0.988011612411955	1	0	0.232056976563885	0.693370102067518	5.0103572312978	cluster_1=5.010357;cluster_2=8.533072	1
STAB_CSY_OUTLIER_EXCL	2	YX16036T	PDAC_004	Hybrid	1	0.987997649776121	1	0	0.266743452990557	0.693359139232838	3.99642293607292	cluster_1=3.996423;cluster_2=8.158106	1
STAB_CSY_OUTLIER_EXCL	2	YX16041T	PDAC_005	Classical	1	0.98780040755618	1	0	0.292213089647519	0.693220510478566	10.9410555363656	cluster_1=10.941056;cluster_2=15.072630	1
STAB_CSY_OUTLIER_EXCL	2	YX16057T	PDAC_006	Classical	1	0.987096217135778	1	0	0.317229545716577	0.692727626345461	4.53117050375217	cluster_1=4.531171;cluster_2=9.385009	1
STAB_CSY_OUTLIER_EXCL	2	YX16062T	PDAC_007	Classical	1	0.988032149796856	1	0	0.253112626215501	0.693412855177561	10.7566231160267	cluster_1=10.756623;cluster_2=14.873121	1
STAB_CSY_OUTLIER_EXCL	2	YX16112T	PDAC_008	Classical	1	0.987775505272787	1	0	0.213014639216543	0.693202825315102	11.9504245403674	cluster_1=11.950425;cluster_2=15.246917	1
STAB_CSY_OUTLIER_EXCL	2	YX16113T	PDAC_009	Hybrid	1	0.987399290489413	1	0	0.187288813826994	0.692939498217675	7.07154979712029	cluster_1=7.071550;cluster_2=10.474298	1
STAB_CSY_OUTLIER_EXCL	2	YX16119T	PDAC_010	Classical	1	0.987196946486928	1	0	0.249657606319802	0.692824102363322	6.87428964365443	cluster_1=6.874290;cluster_2=10.887567	1
STAB_CSY_OUTLIER_EXCL	2	YX16120T	PDAC_011	Classical	1	0.987872108320498	1	0	0.273462736145967	0.693298841037178	6.30296794039903	cluster_1=6.302968;cluster_2=10.706319	1
STAB_CSY_OUTLIER_EXCL	2	YX16127T	PDAC_012	Classical	1	0.987970219435737	1	0	0.285838922880255	0.693366750046696	6.15973242242499	cluster_1=6.159732;cluster_2=10.838448	1
STAB_CSY_OUTLIER_EXCL	2	YX16128T	PDAC_013	Classical	1	0.988256152386892	1	0	0.279463450216013	0.69356817215616	5.35797276222304	cluster_1=5.357973;cluster_2=9.771611	1
STAB_CSY_OUTLIER_EXCL	2	YX16130T	PDAC_014	Hybrid	1	0.988473018905311	1	0	0.218692813842388	0.693720707260954	5.69054843764255	cluster_1=5.690548;cluster_2=9.483795	1
STAB_CSY_OUTLIER_EXCL	2	YX16132T	PDAC_015	Hybrid	1	0.991599678456592	1	0	0.294625531922738	0.695914942021503	3.96775345369235	cluster_1=3.967753;cluster_2=8.180601	1
STAB_CSY_OUTLIER_EXCL	2	YX16139T	PDAC_017	Classical	1	0.987361269411157	1	0	0.199069971255807	0.692940444746996	4.26353008217808	cluster_1=4.263530;cluster_2=8.234661	1
STAB_CSY_OUTLIER_EXCL	2	YX16141T	PDAC_018	Hybrid	1	0.987650606310184	1	0	0.138886477690865	0.693143141204309	5.96035652495096	cluster_1=5.960357;cluster_2=9.090006	1
STAB_CSY_OUTLIER_EXCL	2	YX16144T	PDAC_019	Hybrid	1	0.987180941872085	1	0	0.197970810564959	0.692814339037226	4.96551553979405	cluster_1=4.965516;cluster_2=8.494214	1
STAB_CSY_OUTLIER_EXCL	2	YX16147T	PDAC_020	Classical	1	0.987879412252382	1	0	0.162480668947015	0.693248710352549	15.3742172079807	cluster_1=15.374217;cluster_2=17.877362	1
STAB_CSY_OUTLIER_EXCL	2	YX16153T	PDAC_021	Classical	1	0.987993949706939	1	0	0.299735171760697	0.693356499794343	12.1495197972031	cluster_1=12.149520;cluster_2=16.442547	1
STAB_CSY_OUTLIER_EXCL	2	YX16155T	PDAC_022	Hybrid	1	0.98772528001423	1	0	0.231313817189309	0.693195201146784	15.3495644914245	cluster_1=15.349564;cluster_2=18.767745	1
STAB_CSY_OUTLIER_EXCL	2	YX16159T	PDAC_024	Hybrid	1	0.98936404936834	1	0	0.0948063110616991	0.694317845345385	5.39271423679838	cluster_1=5.392714;cluster_2=8.116370	1
STAB_CSY_OUTLIER_EXCL	2	YX16160T	PDAC_025	Basal	2	0.999901883830455	1	0	0.252127145512908	0.290164015020896	8.00392129983133	cluster_1=8.239459;cluster_2=8.003921	1
STAB_CSY_OUTLIER_EXCL	2	YX16161T	PDAC_026	Hybrid	1	0.98738070009605	1	0	0.152945061780024	0.692952718016121	5.00857466521152	cluster_1=5.008575;cluster_2=8.045413	1
STAB_CSY_OUTLIER_EXCL	2	YX16166T	PDAC_027	Classical	1	0.988096851742922	1	0	0.252214457233668	0.693428971171634	5.18950221666552	cluster_1=5.189502;cluster_2=9.541370	1
STAB_CSY_OUTLIER_EXCL	2	YX16177T	PDAC_028	Classical	1	0.987758082187882	1	0	0.294055574094507	0.693218220216014	10.2363336050386	cluster_1=10.236334;cluster_2=14.711119	1
STAB_CSY_OUTLIER_EXCL	2	YX16178T	PDAC_029	Classical	1	0.987511905606274	1	0	0.19874246358404	0.693045210516575	11.8097405299223	cluster_1=11.809741;cluster_2=15.148250	1
STAB_CSY_OUTLIER_EXCL	2	YX16180T	PDAC_030	Hybrid	1	0.987637534609366	1	0	0.198655905877198	0.693105674638418	6.07302983251274	cluster_1=6.073030;cluster_2=9.249202	1
STAB_CSY_OUTLIER_EXCL	2	YX16185T	PDAC_031	Classical	1	0.987583518651138	1	0	0.104604163352305	0.693068478000798	12.8449350152775	cluster_1=12.844935;cluster_2=15.275800	1
STAB_CSY_OUTLIER_EXCL	2	YX16188T	PDAC_032	Hybrid	1	0.607750966640468	0.601290322580645	0.970190798185669	-0.151650038528655	0.547955899313959	6.52883139158329	cluster_1=6.528831;cluster_2=7.924937	0.601290322580645
STAB_CSY_OUTLIER_EXCL	2	YX16202T	PDAC_034	Basal	2	0.999802215189873	1	0	0.330414169324289	0.289869953169581	8.34838907233281	cluster_1=10.457951;cluster_2=8.348389	1
STAB_CSY_OUTLIER_EXCL	2	YX16203T	PDAC_035	Hybrid	1	0.987222703867171	1	0	0.23903181853649	0.692843031732893	4.83677655110919	cluster_1=4.836777;cluster_2=8.469169	1
STAB_CSY_OUTLIER_EXCL	2	YX16207T	PDAC_036	Hybrid	1	0.988310682546999	1	0	0.302251394615443	0.693606095204999	4.78703146900697	cluster_1=4.787031;cluster_2=9.073222	1
STAB_CSY_OUTLIER_EXCL	2	YX16218T	PDAC_037	Hybrid	1	0.98717208037061	1	0	0.345944279857786	0.692752337102182	4.86816161787247	cluster_1=4.868162;cluster_2=10.019398	1
STAB_CSY_OUTLIER_EXCL	2	YX16222T	PDAC_038	Classical	1	0.987997018747239	1	0	0.322026193363372	0.693386672062307	6.71024671058547	cluster_1=6.710247;cluster_2=11.412921	1
STAB_CSY_OUTLIER_EXCL	2	YX16227T	PDAC_040	Classical	1	0.988174152710625	1	0	0.36206141250151	0.693511152290049	7.28222810142518	cluster_1=7.282228;cluster_2=12.435747	1
STAB_CSY_OUTLIER_EXCL	2	YX16236T	PDAC_041	Classical	1	0.987958553791887	1	0	0.312139384965214	0.693331746487625	7.2703997437886	cluster_1=7.270400;cluster_2=12.171467	1
STAB_CSY_OUTLIER_EXCL	2	YX15047T	PDAC_042	Basal	2	0.997142898377323	0.997518610421836	0.0250509668556863	0.17775854373252	0.290123979718506	11.5599245538537	cluster_1=12.785813;cluster_2=11.559925	0.997518610421836
STAB_CSY_OUTLIER_EXCL	2	YX15106T	PDAC_043	Basal	2	0.999806501547988	1	0	0.490246709288617	0.289027317030158	7.55338832039759	cluster_1=12.512846;cluster_2=7.553388	1
STAB_CSY_OUTLIER_EXCL	2	YX15166T	PDAC_044	Basal	2	0.999804992199688	1	0	0.46890419147184	0.289660837664442	5.62026479070308	cluster_1=8.088032;cluster_2=5.620265	1
STAB_CSY_OUTLIER_EXCL	2	YX15187T	PDAC_045	Basal	2	0.999794745484401	1	0	0.458374741917834	0.288745905369967	9.05168524683845	cluster_1=13.580710;cluster_2=9.051685	1
STAB_CSY_OUTLIER_EXCL	2	YX15211T	PDAC_046	Hybrid	1	0.988022121686253	1	0	0.0941374470991848	0.693404463851892	4.72520937206411	cluster_1=4.725209;cluster_2=7.637569	1
STAB_CSY_OUTLIER_EXCL	2	YX15214T	PDAC_047	Basal	2	0.999801271860095	1	0	0.407606135262089	0.28920156629465	18.2934832013152	cluster_1=23.148687;cluster_2=18.293483	1
STAB_CSY_OUTLIER_EXCL	2	YX16009T	PDAC_048	Hybrid	1	0.912458334808089	0.912019826517968	0.429691721836896	0.0254285351465325	0.667120240776356	5.919264877438	cluster_1=5.919265;cluster_2=8.184910	0.912019826517968
STAB_CSY_OUTLIER_EXCL	2	YX16011T	PDAC_049	Basal	2	0.999805295950156	1	0	0.436667702669711	0.289389568071489	8.02187829705923	cluster_1=12.088427;cluster_2=8.021878	1
STAB_CSY_OUTLIER_EXCL	2	YX16068T	PDAC_050	Basal	2	0.9998046875	1	0	0.490803585325089	0.289269015480252	5.45473865783833	cluster_1=9.398744;cluster_2=5.454739	1
STAB_CSY_OUTLIER_EXCL	2	YX16070T	PDAC_051	Basal	2	0.99989983974359	1	0	0.358440498697441	0.289132325413762	6.58634523596035	cluster_1=8.362511;cluster_2=6.586345	1
STAB_CSY_OUTLIER_EXCL	2	YX16075T	PDAC_052	Hybrid	1	0.987403272857204	1	0	0.248156415856214	0.692914577443652	5.60888406092941	cluster_1=5.608884;cluster_2=9.477167	1
STAB_CSY_OUTLIER_EXCL	2	YX16079T	PDAC_053	Basal	2	0.999801271860095	1	0	0.309386078563748	0.28956536581657	9.14536487206651	cluster_1=11.291345;cluster_2=9.145365	1
STAB_CSY_OUTLIER_EXCL	2	YX16087T	PDAC_054	Basal	2	0.999803149606299	1	0	0.49347803774826	0.289408010797615	9.08439557493717	cluster_1=14.113139;cluster_2=9.084396	1
STAB_CSY_OUTLIER_EXCL	2	YX16094T	PDAC_055	Basal	2	0.999902647975078	1	0	0.368912498828826	0.28955062185015	9.94938065981932	cluster_1=13.175528;cluster_2=9.949381	1
STAB_CSY_OUTLIER_EXCL	2	YX16172T	PDAC_056	Basal	2	0.999801587301587	1	0	0.420692054307163	0.289151864543582	5.63285467517901	cluster_1=7.744836;cluster_2=5.632855	1
STAB_CSY_OUTLIER_EXCL	2	YX16295T	PDAC_057	Basal	2	0.999802839116719	1	0	0.522628957421094	0.289158556973117	6.98319343667545	cluster_1=12.327046;cluster_2=6.983193	1
STAB_CSY_OUTLIER_EXCL	2	YX16327T	PDAC_058	Basal	2	0.999806201550388	1	0	0.28628827664315	0.289075195934444	10.6241891988925	cluster_1=12.884096;cluster_2=10.624189	1
STAB_CSY_OUTLIER_EXCL	2	YX16335T	PDAC_059	Classical	1	0.987960012449793	1	0	0.275889994831423	0.693358354677191	4.9723136465712	cluster_1=4.972314;cluster_2=9.613947	1
STAB_CSY_OUTLIER_EXCL	2	YX16341T	PDAC_060	Basal	2	0.99980376766091	1	0	0.520606293991175	0.289717706586999	5.97406093442415	cluster_1=10.809931;cluster_2=5.974061	1
STAB_CSY_OUTLIER_EXCL	2	YX16343T	PDAC_061	Hybrid	1	0.987232563950401	1	0	3.90837748084655e-06	0.692848846002012	22.1479660672717	cluster_1=22.147966;cluster_2=23.041351	1
STAB_CSY_OUTLIER_EXCL	2	YX16347T	PDAC_062	Classical	1	0.987728015281249	1	0	0.103019656964443	0.693197985407228	10.1403088979775	cluster_1=10.140309;cluster_2=12.662116	1
STAB_CSY_OUTLIER_EXCL	3	YX15261T	PDAC_001	Classical	1	0.934462845214335	0.969270166453265	0.198038835534416	0.231511251389552	0.327529627849394	6.01524806094875	cluster_1=6.015248;cluster_2=6.788042;cluster_3=9.881059	0.969270166453265
STAB_CSY_OUTLIER_EXCL	3	YX15263T	PDAC_002	Classical	1	0.955719362072656	1	0	0.39360239964127	0.324302632548881	11.9580110585233	cluster_1=11.958011;cluster_2=16.358910;cluster_3=18.530411	1
STAB_CSY_OUTLIER_EXCL	3	YX15271T	PDAC_003	Hybrid	2	0.926198040536954	0.996143958868895	0.0364726494496837	0.334954871857973	0.356343725196166	3.79582225538934	cluster_1=7.524956;cluster_2=3.795822;cluster_3=8.533072	0.996143958868895
STAB_CSY_OUTLIER_EXCL	3	YX16036T	PDAC_004	Hybrid	2	0.909714999209259	0.98375	0.119832791011942	0.212908318379142	0.353555887501819	3.3037351235994	cluster_1=6.400287;cluster_2=3.303735;cluster_3=8.158106	0.98375
STAB_CSY_OUTLIER_EXCL	3	YX16041T	PDAC_005	Classical	1	0.927581450540988	0.943960149439601	0.311519751280051	0.126949519902005	0.334827422996689	10.234044635828	cluster_1=10.234045;cluster_2=12.213260;cluster_3=15.072630	0.943960149439601
STAB_CSY_OUTLIER_EXCL	3	YX16057T	PDAC_006	Classical	1	0.620499242723661	0.610817941952507	0.964269672731772	0.0387697495541393	0.35887002299406	5.85298684718456	cluster_1=5.852987;cluster_2=5.020437;cluster_3=9.385009	0.610817941952507
STAB_CSY_OUTLIER_EXCL	3	YX16062T	PDAC_007	Classical	1	0.956683259193678	0.998692810457516	0.0144066243521553	0.293883647732545	0.323165991962097	9.42618466427648	cluster_1=9.426185;cluster_2=12.466868;cluster_3=14.873121	0.998692810457516
STAB_CSY_OUTLIER_EXCL	3	YX16112T	PDAC_008	Classical	2	0.68364921786442	0.681874229346486	0.902331646092745	0.0298146767339417	0.370420780990997	12.0312665024688	cluster_1=12.637441;cluster_2=12.031267;cluster_3=15.246917	0.681874229346486
STAB_CSY_OUTLIER_EXCL	3	YX16113T	PDAC_009	Hybrid	2	0.886616433051902	0.952020202020202	0.277752499731846	0.0110767974230181	0.355717173223329	6.86321175347946	cluster_1=8.515014;cluster_2=6.863212;cluster_3=10.474298	0.952020202020202
STAB_CSY_OUTLIER_EXCL	3	YX16119T	PDAC_010	Classical	1	0.931314147904734	0.95	0.286396957115956	0.11039592653749	0.333497787731627	7.26060418562633	cluster_1=7.260604;cluster_2=7.685536;cluster_3=10.887567	0.95
STAB_CSY_OUTLIER_EXCL	3	YX16120T	PDAC_011	Classical	1	0.955795111264305	0.998738965952081	0.0139633821818463	0.263125392958396	0.325203058668847	6.08734897205776	cluster_1=6.087349;cluster_2=7.652594;cluster_3=10.706319	0.998738965952081
STAB_CSY_OUTLIER_EXCL	3	YX16127T	PDAC_012	Classical	1	0.955163070499808	1	0	0.291713352222287	0.323294776411759	5.69178268497916	cluster_1=5.691783;cluster_2=7.698017;cluster_3=10.838448	1
STAB_CSY_OUTLIER_EXCL	3	YX16128T	PDAC_013	Classical	2	0.760661668512872	0.761421319796954	0.79266867426231	0.00111511271676139	0.374823382726686	5.57136871412886	cluster_1=6.718962;cluster_2=5.571369;cluster_3=9.771611	0.761421319796954
STAB_CSY_OUTLIER_EXCL	3	YX16130T	PDAC_014	Hybrid	2	0.897816922165584	0.967377666248432	0.207376882426909	0.219398726822496	0.354751613724046	4.79314721355052	cluster_1=7.900191;cluster_2=4.793147;cluster_3=9.483795	0.967377666248432
STAB_CSY_OUTLIER_EXCL	3	YX16132T	PDAC_015	Hybrid	2	0.921110607962675	0.976010101010101	0.163291542315298	0.136930441272219	0.36158721148391	3.6365079127317	cluster_1=6.147908;cluster_2=3.636508;cluster_3=8.180601	0.976010101010101
STAB_CSY_OUTLIER_EXCL	3	YX16139T	PDAC_017	Classical	1	0.960778098967565	1	0	0.250075708633905	0.324903260980528	5.45977143107348	cluster_1=5.459771;cluster_2=4.965872;cluster_3=8.234661	1
STAB_CSY_OUTLIER_EXCL	3	YX16141T	PDAC_018	Hybrid	2	0.919916147115604	0.99873417721519	0.0140094815193782	0.276953409996043	0.352626040374518	4.72172598035108	cluster_1=8.365599;cluster_2=4.721726;cluster_3=9.090006	0.99873417721519
STAB_CSY_OUTLIER_EXCL	3	YX16144T	PDAC_019	Hybrid	2	0.912133588226676	0.966921119592875	0.209604719811801	0.169449608773625	0.361881241582226	4.22541171671289	cluster_1=7.188167;cluster_2=4.225412;cluster_3=8.494214	0.966921119592875
STAB_CSY_OUTLIER_EXCL	3	YX16147T	PDAC_020	Classical	2	0.862134937462204	0.888198757763975	0.505325255845851	0.103100765879383	0.368926185031843	15.0802417345284	cluster_1=16.305525;cluster_2=15.080242;cluster_3=17.877362	0.888198757763975
STAB_CSY_OUTLIER_EXCL	3	YX16153T	PDAC_021	Classical	1	0.968053559239674	0.996231155778894	0.0357724940669927	0.319646553305512	0.329518261667038	10.4592206963865	cluster_1=10.459221;cluster_2=14.040750;cluster_3=16.442547	0.996231155778894
STAB_CSY_OUTLIER_EXCL	3	YX16155T	PDAC_022	Hybrid	2	0.74327041435343	0.792573623559539	0.736534466207358	-0.0471577730791894	0.352639485586438	15.6589125926672	cluster_1=15.608947;cluster_2=15.658913;cluster_3=18.767745	0.792573623559539
STAB_CSY_OUTLIER_EXCL	3	YX16159T	PDAC_024	Hybrid	2	0.919343661086879	0.9975	0.0252118658929347	0.30007250566589	0.352253345074424	3.79475476163561	cluster_1=8.075752;cluster_2=3.794755;cluster_3=8.116370	0.9975
STAB_CSY_OUTLIER_EXCL	3	YX16160T	PDAC_025	Basal	3	0.999901883830455	1	0	0.212134220126603	0.290164015020896	8.00392129983133	cluster_1=9.977123;cluster_2=7.555024;cluster_3=8.003921	1
STAB_CSY_OUTLIER_EXCL	3	YX16161T	PDAC_026	Hybrid	2	0.919337057907426	0.998753117206983	0.0138269995729043	0.318744767475117	0.352248788916032	3.76690681754249	cluster_1=7.539206;cluster_2=3.766907;cluster_3=8.045413	0.998753117206983
STAB_CSY_OUTLIER_EXCL	3	YX16166T	PDAC_027	Classical	1	0.95961511608925	0.998745294855709	0.0139024159318212	0.299518189842602	0.325420423638792	5.27357925158002	cluster_1=5.273579;cluster_2=6.534424;cluster_3=9.541370	0.998745294855709
STAB_CSY_OUTLIER_EXCL	3	YX16177T	PDAC_028	Classical	1	0.957900443266431	0.998765432098765	0.0137081261968613	0.3265344634992	0.3249355528195	8.81520213521952	cluster_1=8.815202;cluster_2=12.028830;cluster_3=14.711119	0.998765432098765
STAB_CSY_OUTLIER_EXCL	3	YX16178T	PDAC_029	Classical	1	0.960198150048322	1	0	0.230455692124493	0.32263934085009	10.6620319012882	cluster_1=10.662032;cluster_2=13.351838;cluster_3=15.148250	1
STAB_CSY_OUTLIER_EXCL	3	YX16180T	PDAC_030	Hybrid	2	0.917382821604924	0.995104039167687	0.0446186038776326	0.358041687437478	0.35325265593497	4.79094259644965	cluster_1=8.493916;cluster_2=4.790943;cluster_3=9.249202	0.995104039167687
STAB_CSY_OUTLIER_EXCL	3	YX16185T	PDAC_031	Classical	1	0.956179869334856	1	0	0.113962938843992	0.324892357028481	12.5109065629129	cluster_1=12.510907;cluster_2=13.741706;cluster_3=15.275800	1
STAB_CSY_OUTLIER_EXCL	3	YX16188T	PDAC_032	Hybrid	2	0.584465211884036	0.601290322580645	0.970190798185669	-0.123058274245747	0.343578479433093	5.85571478454862	cluster_1=8.450754;cluster_2=5.855715;cluster_3=7.924937	0.601290322580645
STAB_CSY_OUTLIER_EXCL	3	YX16202T	PDAC_034	Basal	3	0.999802215189873	1	0	0.271329627375734	0.289869953169581	8.34838907233281	cluster_1=12.067466;cluster_2=9.725489;cluster_3=8.348389	1
STAB_CSY_OUTLIER_EXCL	3	YX16203T	PDAC_035	Hybrid	2	0.915684947038256	0.991037131882202	0.073836413289	0.248415261217535	0.354411867671218	3.99028710348396	cluster_1=7.154253;cluster_2=3.990287;cluster_3=8.469169	0.991037131882202
STAB_CSY_OUTLIER_EXCL	3	YX16207T	PDAC_036	Hybrid	2	0.922368369359121	0.996277915632754	0.0353958324379338	0.20090423834224	0.35536758300206	4.29997882585859	cluster_1=6.868585;cluster_2=4.299979;cluster_3=9.073222	0.996277915632754
STAB_CSY_OUTLIER_EXCL	3	YX16218T	PDAC_037	Hybrid	2	0.827631989333593	0.869897959183674	0.557717965957583	-0.0426149654718294	0.360569016498215	5.38545058960561	cluster_1=6.057602;cluster_2=5.385451;cluster_3=10.019398	0.869897959183674
STAB_CSY_OUTLIER_EXCL	3	YX16222T	PDAC_038	Classical	1	0.873695285409482	0.880616174582799	0.527587093122521	0.0826473630439482	0.343544871627121	6.74580932473506	cluster_1=6.745809;cluster_2=7.819312;cluster_3=11.412921	0.880616174582799
STAB_CSY_OUTLIER_EXCL	3	YX16227T	PDAC_040	Classical	1	0.946914176627949	0.96969696969697	0.195909270873605	0.23063594928897	0.332473821583315	6.63050752193516	cluster_1=6.630508;cluster_2=8.797109;cluster_3=12.435747	0.96969696969697
STAB_CSY_OUTLIER_EXCL	3	YX16236T	PDAC_041	Classical	1	0.916655211714638	0.947761194029851	0.29583217796174	0.23164416013413	0.329855546433917	6.73209843062924	cluster_1=6.732098;cluster_2=8.711827;cluster_3=12.171467	0.947761194029851
STAB_CSY_OUTLIER_EXCL	3	YX15047T	PDAC_042	Basal	3	0.997142898377323	0.997518610421836	0.0250509668556863	0.133260286719721	0.289326684672101	11.5599245538537	cluster_1=13.823938;cluster_2=12.495887;cluster_3=11.559925	0.997518610421836
STAB_CSY_OUTLIER_EXCL	3	YX15106T	PDAC_043	Basal	3	0.999806501547988	1	0	0.462474734191452	0.289027317030158	7.55338832039759	cluster_1=13.685272;cluster_2=12.106689;cluster_3=7.553388	1
STAB_CSY_OUTLIER_EXCL	3	YX15166T	PDAC_044	Basal	3	0.999804992199688	1	0	0.440804606277831	0.289660837664442	5.62026479070308	cluster_1=9.761308;cluster_2=7.493307;cluster_3=5.620265	1
STAB_CSY_OUTLIER_EXCL	3	YX15187T	PDAC_045	Basal	3	0.999794745484401	1	0	0.437414363948499	0.288745905369967	9.05168524683845	cluster_1=14.470029;cluster_2=13.394734;cluster_3=9.051685	1
STAB_CSY_OUTLIER_EXCL	3	YX15211T	PDAC_046	Hybrid	2	0.917231692372232	0.996188055908513	0.0361189293340598	0.225124175889599	0.352114324573309	3.8322011199957	cluster_1=7.093177;cluster_2=3.832201;cluster_3=7.637569	0.996188055908513
STAB_CSY_OUTLIER_EXCL	3	YX15214T	PDAC_047	Basal	3	0.999801271860095	1	0	0.379150717392759	0.28920156629465	18.2934832013152	cluster_1=23.705905;cluster_2=23.018280;cluster_3=18.293483	1
STAB_CSY_OUTLIER_EXCL	3	YX16009T	PDAC_048	Hybrid	2	0.861842677137177	0.908302354399009	0.46455547729379	0.215889775193753	0.35624313888733	4.53005320231369	cluster_1=8.425151;cluster_2=4.530053;cluster_3=8.184910	0.908302354399009
STAB_CSY_OUTLIER_EXCL	3	YX16011T	PDAC_049	Basal	3	0.999805295950156	1	0	0.425296045373801	0.289389568071489	8.02187829705923	cluster_1=13.090821;cluster_2=11.868436;cluster_3=8.021878	1
STAB_CSY_OUTLIER_EXCL	3	YX16068T	PDAC_050	Basal	3	0.9998046875	1	0	0.484668175729008	0.289269015480252	5.45473865783833	cluster_1=10.519921;cluster_2=9.250777;cluster_3=5.454739	1
STAB_CSY_OUTLIER_EXCL	3	YX16070T	PDAC_051	Basal	3	0.99989983974359	1	0	0.347111745234117	0.289132325413762	6.58634523596035	cluster_1=9.588356;cluster_2=8.213087;cluster_3=6.586345	1
STAB_CSY_OUTLIER_EXCL	3	YX16075T	PDAC_052	Hybrid	2	0.925095475852996	0.991014120667522	0.0739925896594082	0.284410332879386	0.356846038796822	4.65874048486598	cluster_1=7.867197;cluster_2=4.658740;cluster_3=9.477167	0.991014120667522
STAB_CSY_OUTLIER_EXCL	3	YX16079T	PDAC_053	Basal	3	0.999801271860095	1	0	0.304298360930295	0.28956536581657	9.14536487206651	cluster_1=11.795157;cluster_2=11.574836;cluster_3=9.145365	1
STAB_CSY_OUTLIER_EXCL	3	YX16087T	PDAC_054	Basal	3	0.999803149606299	1	0	0.468970318674237	0.289408010797615	9.08439557493717	cluster_1=15.095202;cluster_2=13.817934;cluster_3=9.084396	1
STAB_CSY_OUTLIER_EXCL	3	YX16094T	PDAC_055	Basal	3	0.999902647975078	1	0	0.364846763820143	0.28955062185015	9.94938065981932	cluster_1=13.733835;cluster_2=13.309659;cluster_3=9.949381	1
STAB_CSY_OUTLIER_EXCL	3	YX16172T	PDAC_056	Basal	3	0.999801587301587	1	0	0.341957151107955	0.289151864543582	5.63285467517901	cluster_1=9.744940;cluster_2=6.804323;cluster_3=5.632855	1
STAB_CSY_OUTLIER_EXCL	3	YX16295T	PDAC_057	Basal	3	0.999802839116719	1	0	0.508410598484983	0.289158556973117	6.98319343667545	cluster_1=13.279121;cluster_2=12.142035;cluster_3=6.983193	1
STAB_CSY_OUTLIER_EXCL	3	YX16327T	PDAC_058	Basal	3	0.999806201550388	1	0	0.25579724979881	0.289075195934444	10.6241891988925	cluster_1=13.873663;cluster_2=12.635647;cluster_3=10.624189	1
STAB_CSY_OUTLIER_EXCL	3	YX16335T	PDAC_059	Classical	1	0.956981496578022	0.998769987699877	0.0136641069528099	0.393517487948526	0.323324012835976	4.27151730013975	cluster_1=4.271517;cluster_2=6.844420;cluster_3=9.613947	0.998769987699877
STAB_CSY_OUTLIER_EXCL	3	YX16341T	PDAC_060	Basal	3	0.99980376766091	1	0	0.48630946348813	0.289717706586999	5.97406093442415	cluster_1=12.307129;cluster_2=10.173051;cluster_3=5.974061	1
STAB_CSY_OUTLIER_EXCL	3	YX16343T	PDAC_061	Hybrid	2	0.886682227477644	0.954716981132075	0.266011098860696	0.116531689721363	0.35349966080375	21.3093269256938	cluster_1=23.491892;cluster_2=21.309327;cluster_3=23.041351	0.954716981132075
STAB_CSY_OUTLIER_EXCL	3	YX16347T	PDAC_062	Classical	1	0.928157294847828	0.959798994974874	0.24321303182592	0.118291307761968	0.329959477767431	10.1321398902733	cluster_1=10.132140;cluster_2=10.931441;cluster_3=12.662116	0.959798994974874
STAB_CSY_OUTLIER_EXCL	4	YX15261T	PDAC_001	Classical	1	0.854213482771611	0.911651728553137	0.453727903023034	0.0211856044116603	0.286626214786716	6.10296992789968	cluster_1=6.102970;cluster_2=6.788042;cluster_3=9.881059;cluster_4=13.500634	0.911651728553137
STAB_CSY_OUTLIER_EXCL	4	YX15263T	PDAC_002	Classical	1	0.91264594896369	0.993678887484197	0.0552701104529417	0.23110602058981	0.299647523089273	11.8687816773003	cluster_1=11.868782;cluster_2=16.358910;cluster_3=18.530411;cluster_4=18.614011	0.993678887484197
STAB_CSY_OUTLIER_EXCL	4	YX15271T	PDAC_003	Hybrid	2	0.847523447254532	0.998714652956298	0.0141971642756639	0.332591622191893	0.322953726920935	3.79582225538934	cluster_1=7.557854;cluster_2=3.795822;cluster_3=8.533072;cluster_4=14.591500	0.998714652956298
STAB_CSY_OUTLIER_EXCL	4	YX16036T	PDAC_004	Hybrid	2	0.79261796996746	0.895	0.484647739731445	0.195002838839437	0.301950473036498	3.3037351235994	cluster_1=6.491664;cluster_2=3.303735;cluster_3=8.158106;cluster_4=13.600645	0.895
STAB_CSY_OUTLIER_EXCL	4	YX16041T	PDAC_005	Classical	1	0.878549285784872	0.922789539227895	0.468961026759223	0.136004537367639	0.302635398364635	10.1682675389317	cluster_1=10.168268;cluster_2=12.213260;cluster_3=15.072630;cluster_4=17.149643	0.922789539227895
STAB_CSY_OUTLIER_EXCL	4	YX16057T	PDAC_006	Classical	1	0.552912586622344	0.559366754617414	1.32115997584727	0.0490652949077346	0.308631531712138	5.86450328215736	cluster_1=5.864503;cluster_2=5.020437;cluster_3=9.385009;cluster_4=14.037342	0.559366754617414
STAB_CSY_OUTLIER_EXCL	4	YX16062T	PDAC_007	Classical	1	0.913427143541374	0.994771241830065	0.047154157571912	0.0910201192822495	0.29834708838438	9.43942846848899	cluster_1=9.439428;cluster_2=12.466868;cluster_3=14.873121;cluster_4=15.797915	0.994771241830065
STAB_CSY_OUTLIER_EXCL	4	YX16112T	PDAC_008	Classical	2	0.543660485131738	0.569667077681874	1.39587100325479	0.0246204464129828	0.296966607529249	12.0312665024688	cluster_1=12.620046;cluster_2=12.031267;cluster_3=15.246917;cluster_4=18.243681	0.569667077681874
STAB_CSY_OUTLIER_EXCL	4	YX16113T	PDAC_009	Hybrid	2	0.745859842013529	0.839646464646465	0.735896352212113	-0.0863011758823842	0.291208257090024	6.86321175347946	cluster_1=8.637070;cluster_2=6.863212;cluster_3=10.474298;cluster_4=14.143570	0.839646464646465
STAB_CSY_OUTLIER_EXCL	4	YX16119T	PDAC_010	Classical	1	0.882166364718465	0.9225	0.47075025434869	0.126159081510664	0.301447133037332	7.16285059770516	cluster_1=7.162851;cluster_2=7.685536;cluster_3=10.887567;cluster_4=15.598521	0.9225
STAB_CSY_OUTLIER_EXCL	4	YX16120T	PDAC_011	Classical	1	0.914291417641301	1	0	0.200865888065675	0.300355769446117	6.07147547707659	cluster_1=6.071475;cluster_2=7.652594;cluster_3=10.706319;cluster_4=14.343931	1
STAB_CSY_OUTLIER_EXCL	4	YX16127T	PDAC_012	Classical	1	0.913637315631206	0.996305418719212	0.0351738919659455	0.0717525729567366	0.299467813120449	5.77720500200647	cluster_1=5.777205;cluster_2=7.698017;cluster_3=10.838448;cluster_4=13.415668	0.996305418719212
STAB_CSY_OUTLIER_EXCL	4	YX16128T	PDAC_013	Classical	2	0.62480213283468	0.657360406091371	1.26983977400925	-0.0904768862027426	0.300040605582529	5.57136871412886	cluster_1=6.859538;cluster_2=5.571369;cluster_3=9.771611;cluster_4=13.266666	0.657360406091371
STAB_CSY_OUTLIER_EXCL	4	YX16130T	PDAC_014	Hybrid	2	0.730480404122693	0.803011292346299	0.715864473207664	0.21571978557697	0.279874536544567	4.79314721355052	cluster_1=7.914595;cluster_2=4.793147;cluster_3=9.483795;cluster_4=14.950965	0.803011292346299
STAB_CSY_OUTLIER_EXCL	4	YX16132T	PDAC_015	Hybrid	2	0.820580170147835	0.928030303030303	0.428981581250299	0.131098972901133	0.31855570025545	3.6365079127317	cluster_1=6.195660;cluster_2=3.636508;cluster_3=8.180601;cluster_4=13.871036	0.928030303030303
STAB_CSY_OUTLIER_EXCL	4	YX16139T	PDAC_017	Classical	1	0.917331454269066	0.994981179422836	0.0455583667216451	-0.0708694561869948	0.301036422544216	5.59859422611845	cluster_1=5.598594;cluster_2=4.965872;cluster_3=8.234661;cluster_4=12.938116	0.994981179422836
STAB_CSY_OUTLIER_EXCL	4	YX16141T	PDAC_018	Hybrid	2	0.79401783894528	0.89620253164557	0.480918977447446	0.240236577293363	0.300693801692653	4.72172598035108	cluster_1=8.439466;cluster_2=4.721726;cluster_3=9.090006;cluster_4=14.589638	0.89620253164557
STAB_CSY_OUTLIER_EXCL	4	YX16144T	PDAC_019	Hybrid	2	0.813204548730508	0.930025445292621	0.423096095465503	0.167462835668109	0.317222578199009	4.22541171671289	cluster_1=7.239650;cluster_2=4.225412;cluster_3=8.494214;cluster_4=14.265973	0.930025445292621
STAB_CSY_OUTLIER_EXCL	4	YX16147T	PDAC_020	Classical	2	0.71458938299268	0.775155279503106	0.954692659809143	0.0986628108418913	0.294457012821916	15.0802417345284	cluster_1=16.275447;cluster_2=15.080242;cluster_3=17.877362;cluster_4=21.183208	0.775155279503106
STAB_CSY_OUTLIER_EXCL	4	YX16153T	PDAC_021	Classical	1	0.924929272660514	0.991206030150754	0.0802777159016191	0.266121046045252	0.303955912257123	10.3360695904333	cluster_1=10.336070;cluster_2=14.040750;cluster_3=16.442547;cluster_4=17.908409	0.991206030150754
STAB_CSY_OUTLIER_EXCL	4	YX16155T	PDAC_022	Hybrid	2	0.491978445815012	0.513444302176697	1.39009949819653	-0.0526233712344452	0.228233468079078	15.6589125926672	cluster_1=15.586988;cluster_2=15.658913;cluster_3=18.767745;cluster_4=20.522875	0.513444302176697
STAB_CSY_OUTLIER_EXCL	4	YX16159T	PDAC_024	Hybrid	2	0.843135100137055	0.9975	0.0252118658929347	0.30007250566589	0.320140278137925	3.79475476163561	cluster_1=8.152382;cluster_2=3.794755;cluster_3=8.116370;cluster_4=14.424018	0.9975
STAB_CSY_OUTLIER_EXCL	4	YX16160T	PDAC_025	Basal	3	0.993460851767726	0.99496855345912	0.0456546946774053	0.212134220126603	0.288131519553813	8.00392129983133	cluster_1=10.043802;cluster_2=7.555024;cluster_3=8.003921;cluster_4=15.515532	0.99496855345912
STAB_CSY_OUTLIER_EXCL	4	YX16161T	PDAC_026	Hybrid	2	0.842122544421958	1	0	0.31178944814511	0.319837496637339	3.76690681754249	cluster_1=7.609624;cluster_2=3.766907;cluster_3=8.045413;cluster_4=14.242770	1
STAB_CSY_OUTLIER_EXCL	4	YX16166T	PDAC_027	Classical	1	0.923855708203789	1	0	0.221127864147221	0.3023154353806	5.27059762515624	cluster_1=5.270598;cluster_2=6.534424;cluster_3=9.541370;cluster_4=13.913843	1
STAB_CSY_OUTLIER_EXCL	4	YX16177T	PDAC_028	Classical	1	0.920704295925272	1	0	0.229342575607568	0.3020017059989	8.74211192578479	cluster_1=8.742112;cluster_2=12.028830;cluster_3=14.711119;cluster_4=16.310276	1
STAB_CSY_OUTLIER_EXCL	4	YX16178T	PDAC_029	Classical	1	0.904855382833148	0.97375	0.175222176714232	0.0589538347647741	0.29641069030696	10.6633589232702	cluster_1=10.663359;cluster_2=13.351838;cluster_3=15.148250;cluster_4=16.684964	0.97375
STAB_CSY_OUTLIER_EXCL	4	YX16180T	PDAC_030	Hybrid	2	0.83952936455262	0.997552019583843	0.0247616157203119	0.356155163897419	0.319936106392524	4.79094259644965	cluster_1=8.509757;cluster_2=4.790943;cluster_3=9.249202;cluster_4=15.248497	0.997552019583843
STAB_CSY_OUTLIER_EXCL	4	YX16185T	PDAC_031	Classical	4	NA	0.273067331670823	0.845831712329551	0	0.220799398761123	0	cluster_1=13.205957;cluster_2=13.741706;cluster_3=15.275800;cluster_4=0.000000	0.726932668329177
STAB_CSY_OUTLIER_EXCL	4	YX16188T	PDAC_032	Hybrid	2	0.492909442760348	0.518709677419355	1.35255115859566	-0.123058274245747	0.303127609797447	5.85571478454862	cluster_1=8.530376;cluster_2=5.855715;cluster_3=7.924937;cluster_4=14.570403	0.518709677419355
STAB_CSY_OUTLIER_EXCL	4	YX16202T	PDAC_034	Basal	3	0.9957177410717	0.997452229299363	0.0256239604937857	0.271329627375734	0.288438523081412	8.34838907233281	cluster_1=12.103463;cluster_2=9.725489;cluster_3=8.348389;cluster_4=17.180821	0.997452229299363
STAB_CSY_OUTLIER_EXCL	4	YX16203T	PDAC_035	Hybrid	2	0.839179268454723	0.992317541613316	0.0699977802678733	0.246641304294605	0.320727290478015	3.99028710348396	cluster_1=7.208098;cluster_2=3.990287;cluster_3=8.469169;cluster_4=14.229608	0.992317541613316
STAB_CSY_OUTLIER_EXCL	4	YX16207T	PDAC_036	Hybrid	2	0.842240910630471	0.997518610421836	0.0250509668556863	0.193791522240447	0.321081480726107	4.29997882585859	cluster_1=6.869765;cluster_2=4.299979;cluster_3=9.073222;cluster_4=14.563791	0.997518610421836
STAB_CSY_OUTLIER_EXCL	4	YX16218T	PDAC_037	Hybrid	2	0.747027544973475	0.86734693877551	0.636775067115779	-0.0511340243557721	0.321954539535617	5.38545058960561	cluster_1=6.077842;cluster_2=5.385451;cluster_3=10.019398;cluster_4=14.053183	0.86734693877551
STAB_CSY_OUTLIER_EXCL	4	YX16222T	PDAC_038	Classical	1	0.828324918858987	0.86392811296534	0.685256109669951	0.0965925270117845	0.308484827704385	6.65467316516903	cluster_1=6.654673;cluster_2=7.819312;cluster_3=11.412921;cluster_4=15.254746	0.86392811296534
STAB_CSY_OUTLIER_EXCL	4	YX16227T	PDAC_040	Classical	1	0.904284429176734	0.958333333333333	0.291300218311392	0.249518035202448	0.304496630754613	6.48349565331918	cluster_1=6.483496;cluster_2=8.797109;cluster_3=12.435747;cluster_4=15.616804	0.958333333333333
STAB_CSY_OUTLIER_EXCL	4	YX16236T	PDAC_041	Classical	1	0.844779982118216	0.898009950248756	0.53960737119626	0.0817668241764098	0.288177201099381	6.77428388261063	cluster_1=6.774284;cluster_2=8.711827;cluster_3=12.171467;cluster_4=14.152163	0.898009950248756
STAB_CSY_OUTLIER_EXCL	4	YX15047T	PDAC_042	Basal	3	0.965945049269666	0.967741935483871	0.205592508185083	0.123191628523312	0.279076649224011	11.5599245538537	cluster_1=13.908276;cluster_2=12.495887;cluster_3=11.559925;cluster_4=17.726252	0.967741935483871
STAB_CSY_OUTLIER_EXCL	4	YX15106T	PDAC_043	Basal	3	0.997379811190573	1	0	0.44129496992248	0.287845200267742	7.55338832039759	cluster_1=13.760192;cluster_2=12.106689;cluster_3=7.553388;cluster_4=17.762133	1
STAB_CSY_OUTLIER_EXCL	4	YX15166T	PDAC_044	Basal	3	0.997357077465658	1	0	0.355315173316498	0.288461242879481	5.62026479070308	cluster_1=9.892755;cluster_2=7.493307;cluster_3=5.620265;cluster_4=14.628707	1
STAB_CSY_OUTLIER_EXCL	4	YX15187T	PDAC_045	Basal	3	0.998048039768318	1	0	0.437414363948499	0.287778373446834	9.05168524683845	cluster_1=14.496985;cluster_2=13.394734;cluster_3=9.051685;cluster_4=18.988023	1
STAB_CSY_OUTLIER_EXCL	4	YX15211T	PDAC_046	Hybrid	2	0.814946023380588	0.9428208386277	0.316143943947802	0.225124175889599	0.308444511983058	3.8322011199957	cluster_1=7.164116;cluster_2=3.832201;cluster_3=7.637569;cluster_4=14.047297	0.9428208386277
STAB_CSY_OUTLIER_EXCL	4	YX15214T	PDAC_047	Basal	3	0.997416149981136	1	0	0.379150717392759	0.288019231491631	18.2934832013152	cluster_1=23.736140;cluster_2=23.018280;cluster_3=18.293483;cluster_4=26.483380	1
STAB_CSY_OUTLIER_EXCL	4	YX16009T	PDAC_048	Hybrid	2	0.750083197351222	0.83271375464684	0.817943237317986	0.215889775193753	0.307685665777385	4.53005320231369	cluster_1=8.486423;cluster_2=4.530053;cluster_3=8.184910;cluster_4=14.749575	0.83271375464684
STAB_CSY_OUTLIER_EXCL	4	YX16011T	PDAC_049	Basal	3	0.99736255757017	1	0	0.402890725670718	0.288255077009664	8.02187829705923	cluster_1=13.132807;cluster_2=11.868436;cluster_3=8.021878;cluster_4=17.798025	1
STAB_CSY_OUTLIER_EXCL	4	YX16068T	PDAC_050	Basal	3	0.997248339780188	1	0	0.417915438183234	0.287984282309821	5.45473865783833	cluster_1=10.605974;cluster_2=9.250777;cluster_3=5.454739;cluster_4=15.593722	1
STAB_CSY_OUTLIER_EXCL	4	YX16070T	PDAC_051	Basal	3	0.997694128576308	1	0	0.25570621508236	0.288003504588529	6.58634523596035	cluster_1=9.696936;cluster_2=8.213087;cluster_3=6.586345;cluster_4=14.814285	1
STAB_CSY_OUTLIER_EXCL	4	YX16075T	PDAC_052	Hybrid	2	0.845938327579946	0.989730423620026	0.0825750052446069	0.282171354495819	0.322166407689218	4.65874048486598	cluster_1=7.891161;cluster_2=4.658740;cluster_3=9.477167;cluster_4=14.842979	0.989730423620026
STAB_CSY_OUTLIER_EXCL	4	YX16079T	PDAC_053	Basal	3	0.997601267292023	1	0	0.297871343478023	0.288488668464022	9.14536487206651	cluster_1=11.806586;cluster_2=11.574836;cluster_3=9.145365;cluster_4=17.305743	1
STAB_CSY_OUTLIER_EXCL	4	YX16087T	PDAC_054	Basal	3	0.997530879726296	1	0	0.447019151184648	0.288316807646727	9.08439557493717	cluster_1=15.162027;cluster_2=13.817934;cluster_3=9.084396;cluster_4=18.886205	1
STAB_CSY_OUTLIER_EXCL	4	YX16094T	PDAC_055	Basal	3	0.997171853083678	1	0	0.356300484599355	0.288422650048794	9.94938065981932	cluster_1=13.744326;cluster_2=13.309659;cluster_3=9.949381;cluster_4=18.672109	1
STAB_CSY_OUTLIER_EXCL	4	YX16172T	PDAC_056	Basal	3	0.997418082988823	1	0	0.341957151107955	0.287996652205858	5.63285467517901	cluster_1=9.842724;cluster_2=6.804323;cluster_3=5.632855;cluster_4=15.023503	1
STAB_CSY_OUTLIER_EXCL	4	YX16295T	PDAC_057	Basal	3	0.99792510895568	1	0	0.502237820219448	0.288036595677188	6.98319343667545	cluster_1=13.305004;cluster_2=12.142035;cluster_3=6.983193;cluster_4=18.142991	1
STAB_CSY_OUTLIER_EXCL	4	YX16327T	PDAC_058	Basal	3	0.997667562075186	1	0	0.198182990229992	0.288025286472882	10.6241891988925	cluster_1=13.982428;cluster_2=12.635647;cluster_3=10.624189;cluster_4=17.411524	1
STAB_CSY_OUTLIER_EXCL	4	YX16335T	PDAC_059	Classical	1	0.917246114282039	1	0	0.305613967524474	0.299148646199732	4.21213917431307	cluster_1=4.212139;cluster_2=6.844420;cluster_3=9.613947;cluster_4=13.875581	1
STAB_CSY_OUTLIER_EXCL	4	YX16341T	PDAC_060	Basal	3	0.99715165991442	1	0	0.48630946348813	0.28841122419749	5.97406093442415	cluster_1=12.372898;cluster_2=10.173051;cluster_3=5.974061;cluster_4=16.954839	1
STAB_CSY_OUTLIER_EXCL	4	YX16343T	PDAC_061	Hybrid	2	0.64267927606125	0.689308176100629	0.905779415233577	0.116531689721363	0.247020644038044	21.3093269256938	cluster_1=23.512325;cluster_2=21.309327;cluster_3=23.041351;cluster_4=26.453726	0.689308176100629
STAB_CSY_OUTLIER_EXCL	4	YX16347T	PDAC_062	Classical	1	0.564613301577386	0.591708542713568	0.997661310074103	0.105502425016455	0.187891651663663	10.0996725182901	cluster_1=10.099673;cluster_2=10.931441;cluster_3=12.662116;cluster_4=16.724308	0.591708542713568
STAB_CSY_OUTLIER_EXCL	5	YX15261T	PDAC_001	Classical	1	0.851301088120328	0.892445582586428	0.59987340832658	0.0386968202342841	0.267413515780835	6.08058456413834	cluster_1=6.080585;cluster_2=6.788042;cluster_3=9.881059;cluster_4=13.500634;cluster_5=12.242806	0.892445582586428
STAB_CSY_OUTLIER_EXCL	5	YX15263T	PDAC_002	Classical	1	0.916468185852826	0.986093552465234	0.115211545992795	0.255353248466226	0.282159647426657	11.6686346309432	cluster_1=11.668635;cluster_2=16.358910;cluster_3=18.530411;cluster_4=18.614011;cluster_5=18.137189	0.986093552465234
STAB_CSY_OUTLIER_EXCL	5	YX15271T	PDAC_003	Hybrid	2	0.772218790476709	0.997429305912596	0.025821247894661	0.242160922998669	0.293154568246222	3.79582225538934	cluster_1=7.692084;cluster_2=3.795822;cluster_3=8.533072;cluster_4=14.591500;cluster_5=11.416034	0.997429305912596
STAB_CSY_OUTLIER_EXCL	5	YX16036T	PDAC_004	Hybrid	2	0.684054097784467	0.82875	0.82889230017718	0.195002838839437	0.259391095092402	3.3037351235994	cluster_1=6.574115;cluster_2=3.303735;cluster_3=8.158106;cluster_4=13.600645;cluster_5=11.481788	0.82875
STAB_CSY_OUTLIER_EXCL	5	YX16041T	PDAC_005	Classical	1	0.869693211627196	0.897882938978829	0.636007349381142	0.144949868208417	0.280274748802287	10.1291692077964	cluster_1=10.129169;cluster_2=12.213260;cluster_3=15.072630;cluster_4=17.149643;cluster_5=14.996279	0.897882938978829
STAB_CSY_OUTLIER_EXCL	5	YX16057T	PDAC_006	Classical	1	0.497159752720242	0.5	1.70270172305495	-0.0289506394770092	0.260435554558069	6.00844113182563	cluster_1=6.008441;cluster_2=5.020437;cluster_3=9.385009;cluster_4=14.037342;cluster_5=10.646293	0.5
STAB_CSY_OUTLIER_EXCL	5	YX16062T	PDAC_007	Classical	1	0.921180844489952	0.988235294117647	0.101267888997616	0.116831569302999	0.28253574639445	9.25267561499654	cluster_1=9.252676;cluster_2=12.466868;cluster_3=14.873121;cluster_4=15.797915;cluster_5=16.014058	0.988235294117647
STAB_CSY_OUTLIER_EXCL	5	YX16112T	PDAC_008	Classical	2	0.401357500991129	0.425400739827374	1.88565925034079	0.0176066274560779	0.23050413097333	12.0312665024688	cluster_1=12.615756;cluster_2=12.031267;cluster_3=15.246917;cluster_4=18.243681;cluster_5=16.404553	0.425400739827374
STAB_CSY_OUTLIER_EXCL	5	YX16113T	PDAC_009	Hybrid	2	0.617052657495453	0.718434343434343	1.17981889656011	-0.0863011758823842	0.23561777163064	6.86321175347946	cluster_1=8.631443;cluster_2=6.863212;cluster_3=10.474298;cluster_4=14.143570;cluster_5=13.574043	0.718434343434343
STAB_CSY_OUTLIER_EXCL	5	YX16119T	PDAC_010	Classical	1	0.84988438325568	0.88	0.701137816796179	-0.0912147403382537	0.273842538317067	7.30555551943858	cluster_1=7.305556;cluster_2=7.685536;cluster_3=10.887567;cluster_4=15.598521;cluster_5=11.144949	0.88
STAB_CSY_OUTLIER_EXCL	5	YX16120T	PDAC_011	Classical	1	0.917328481905063	0.997477931904161	0.0254023991869818	0.19540917684078	0.28290668001313	6.091016468565	cluster_1=6.091016;cluster_2=7.652594;cluster_3=10.706319;cluster_4=14.343931;cluster_5=11.867016	0.997477931904161
STAB_CSY_OUTLIER_EXCL	5	YX16127T	PDAC_012	Classical	1	0.921114318730695	0.995073891625616	0.0488460581142235	0.0855016893780873	0.283168189168109	5.79143918287906	cluster_1=5.791439;cluster_2=7.698017;cluster_3=10.838448;cluster_4=13.415668;cluster_5=11.772013	0.995073891625616
STAB_CSY_OUTLIER_EXCL	5	YX16128T	PDAC_013	Classical	2	0.47294770249842	0.503807106598985	1.76846620491433	-0.0904768862027426	0.2249419628063	5.57136871412886	cluster_1=6.997348;cluster_2=5.571369;cluster_3=9.771611;cluster_4=13.266666;cluster_5=11.072190	0.503807106598985
STAB_CSY_OUTLIER_EXCL	5	YX16130T	PDAC_014	Hybrid	2	0.6131120257518	0.720200752823087	1.12998391409192	0.0949902559004957	0.233451685158284	4.79314721355052	cluster_1=8.070218;cluster_2=4.793147;cluster_3=9.483795;cluster_4=14.950965;cluster_5=11.329393	0.720200752823087
STAB_CSY_OUTLIER_EXCL	5	YX16132T	PDAC_015	Hybrid	2	0.69734129623518	0.821969696969697	0.885859396511688	0.114705974600209	0.268373484187896	3.6365079127317	cluster_1=6.227154;cluster_2=3.636508;cluster_3=8.180601;cluster_4=13.871036;cluster_5=11.821113	0.821969696969697
STAB_CSY_OUTLIER_EXCL	5	YX16139T	PDAC_017	Classical	1	0.914293785997685	0.978670012547051	0.155728706054843	-0.0587474895459287	0.282220805274726	5.67142317656277	cluster_1=5.671423;cluster_2=4.965872;cluster_3=8.234661;cluster_4=12.938116;cluster_5=11.197970	0.978670012547051
STAB_CSY_OUTLIER_EXCL	5	YX16141T	PDAC_018	Hybrid	2	0.68573465163326	0.810126582278481	0.891080002175486	0.240236577293363	0.25729415502312	4.72172598035108	cluster_1=8.513667;cluster_2=4.721726;cluster_3=9.090006;cluster_4=14.589638;cluster_5=12.563575	0.810126582278481
STAB_CSY_OUTLIER_EXCL	5	YX16144T	PDAC_019	Hybrid	2	0.715761998995002	0.877862595419847	0.69113247827361	0.165289549957869	0.276927688854943	4.22541171671289	cluster_1=7.325757;cluster_2=4.225412;cluster_3=8.494214;cluster_4=14.265973;cluster_5=11.793852	0.877862595419847
STAB_CSY_OUTLIER_EXCL	5	YX16147T	PDAC_020	Classical	2	0.550056938112069	0.609937888198758	1.47009125105806	0.0976948416179367	0.22360798902805	15.0802417345284	cluster_1=16.315429;cluster_2=15.080242;cluster_3=17.877362;cluster_4=21.183208;cluster_5=18.728106	0.609937888198758
STAB_CSY_OUTLIER_EXCL	5	YX16153T	PDAC_021	Classical	1	0.931180335307539	0.982412060301508	0.149902218572812	0.268970688157579	0.287570623747223	10.2315674657427	cluster_1=10.231567;cluster_2=14.040750;cluster_3=16.442547;cluster_4=17.908409;cluster_5=15.854875	0.982412060301508
STAB_CSY_OUTLIER_EXCL	5	YX16155T	PDAC_022	Hybrid	2	0.386501288732939	0.416133162612036	1.85135711109462	-0.0974919039649625	0.182497487961894	15.6589125926672	cluster_1=15.667490;cluster_2=15.658913;cluster_3=18.767745;cluster_4=20.522875;cluster_5=17.555199	0.416133162612036
STAB_CSY_OUTLIER_EXCL	5	YX16159T	PDAC_024	Hybrid	2	0.767934191901952	0.9975	0.0252118658929347	0.282131725907376	0.290249964529716	3.79475476163561	cluster_1=8.282881;cluster_2=3.794755;cluster_3=8.116370;cluster_4=14.424018;cluster_5=11.747483	0.9975
STAB_CSY_OUTLIER_EXCL	5	YX16160T	PDAC_025	Basal	3	0.96706679737052	0.979874213836478	0.156158033306261	0.0866839018285347	0.280498175712139	8.00392129983133	cluster_1=10.211532;cluster_2=7.555024;cluster_3=8.003921;cluster_4=15.515532;cluster_5=12.293307	0.979874213836478
STAB_CSY_OUTLIER_EXCL	5	YX16161T	PDAC_026	Hybrid	2	0.770531672887455	0.998753117206983	0.0138269995729043	0.249044128273212	0.291649351077788	3.76690681754249	cluster_1=7.734531;cluster_2=3.766907;cluster_3=8.045413;cluster_4=14.242770;cluster_5=11.546772	0.998753117206983
STAB_CSY_OUTLIER_EXCL	5	YX16166T	PDAC_027	Classical	1	0.92318003864906	0.996235884567127	0.035734440924384	0.0253396245796686	0.28464184990308	5.4139309835525	cluster_1=5.413931;cluster_2=6.534424;cluster_3=9.541370;cluster_4=13.913843;cluster_5=10.476075	0.996235884567127
STAB_CSY_OUTLIER_EXCL	5	YX16177T	PDAC_028	Classical	1	0.923007847312064	0.997530864197531	0.0249449149776041	0.0952550797521468	0.285092988785482	8.779099849566	cluster_1=8.779100;cluster_2=12.028830;cluster_3=14.711119;cluster_4=16.310276;cluster_5=13.168556	0.997530864197531
STAB_CSY_OUTLIER_EXCL	5	YX16178T	PDAC_029	Classical	1	0.904175519864128	0.95625	0.290813546623816	0.077885683190371	0.276890510764019	10.5242989163731	cluster_1=10.524299;cluster_2=13.351838;cluster_3=15.148250;cluster_4=16.684964;cluster_5=16.486323	0.95625
STAB_CSY_OUTLIER_EXCL	5	YX16180T	PDAC_030	Hybrid	2	0.768878941265562	0.996328029375765	0.0349912097676068	0.355406052058385	0.291930639561782	4.79094259644965	cluster_1=8.579876;cluster_2=4.790943;cluster_3=9.249202;cluster_4=15.248497;cluster_5=12.651023	0.996328029375765
STAB_CSY_OUTLIER_EXCL	5	YX16185T	PDAC_031	Classical	4	NA	0.482543640897756	0.999120572321359	0	0.149881334503642	0	cluster_1=13.211965;cluster_2=13.741706;cluster_3=15.275800;cluster_4=0.000000;cluster_5=16.724308	0.517456359102244
STAB_CSY_OUTLIER_EXCL	5	YX16188T	PDAC_032	Hybrid	2	0.381561026684872	0.39741935483871	1.79926874098656	-0.123058274245747	0.252084910101633	5.85571478454862	cluster_1=8.592894;cluster_2=5.855715;cluster_3=7.924937;cluster_4=14.570403;cluster_5=12.750377	0.39741935483871
STAB_CSY_OUTLIER_EXCL	5	YX16202T	PDAC_034	Basal	3	0.97450666889961	0.988535031847134	0.0961254481901854	0.271329627375734	0.282256609080336	8.34838907233281	cluster_1=12.207331;cluster_2=9.725489;cluster_3=8.348389;cluster_4=17.180821;cluster_5=14.545462	0.988535031847134
STAB_CSY_OUTLIER_EXCL	5	YX16203T	PDAC_035	Hybrid	2	0.766310531844588	0.989756722151088	0.0957055508073521	0.242134374829987	0.292041941459541	3.99028710348396	cluster_1=7.279194;cluster_2=3.990287;cluster_3=8.469169;cluster_4=14.229608;cluster_5=11.935254	0.989756722151088
STAB_CSY_OUTLIER_EXCL	5	YX16207T	PDAC_036	Hybrid	2	0.766570524128917	0.996277915632754	0.0353958324379338	0.192432629505904	0.291361928128934	4.29997882585859	cluster_1=6.964191;cluster_2=4.299979;cluster_3=9.073222;cluster_4=14.563791;cluster_5=11.532149	0.996277915632754
STAB_CSY_OUTLIER_EXCL	5	YX16218T	PDAC_037	Hybrid	2	0.671041219659107	0.852040816326531	0.757203382483811	-0.0650679324186497	0.289794744125577	5.38545058960561	cluster_1=6.096436;cluster_2=5.385451;cluster_3=10.019398;cluster_4=14.053183;cluster_5=11.878358	0.852040816326531
STAB_CSY_OUTLIER_EXCL	5	YX16222T	PDAC_038	Classical	1	0.819297790006908	0.838254172015404	0.876911056048614	0.10564909779965	0.282725664357365	6.66101005033557	cluster_1=6.661010;cluster_2=7.819312;cluster_3=11.412921;cluster_4=15.254746;cluster_5=12.282255	0.838254172015404
STAB_CSY_OUTLIER_EXCL	5	YX16227T	PDAC_040	Classical	1	0.903968944562956	0.945707070707071	0.39037062741882	0.184331298826809	0.28529372281457	6.49530870113902	cluster_1=6.495309;cluster_2=8.797109;cluster_3=12.435747;cluster_4=15.616804;cluster_5=12.142194	0.945707070707071
STAB_CSY_OUTLIER_EXCL	5	YX16236T	PDAC_041	Classical	1	0.843840591534971	0.883084577114428	0.664954006207346	0.0922369043163958	0.267910915374554	6.77962855839623	cluster_1=6.779629;cluster_2=8.711827;cluster_3=12.171467;cluster_4=14.152163;cluster_5=12.355687	0.883084577114428
STAB_CSY_OUTLIER_EXCL	5	YX15047T	PDAC_042	Basal	3	0.77079253404061	0.77667493796526	0.896016319171027	0.123191628523312	0.22162312018126	11.5599245538537	cluster_1=13.997123;cluster_2=12.495887;cluster_3=11.559925;cluster_4=17.726252;cluster_5=16.102655	0.77667493796526
STAB_CSY_OUTLIER_EXCL	5	YX15106T	PDAC_043	Basal	3	0.983414608133165	1	0	0.44129496992248	0.28325408604221	7.55338832039759	cluster_1=13.864345;cluster_2=12.106689;cluster_3=7.553388;cluster_4=17.762133;cluster_5=15.761796	1
STAB_CSY_OUTLIER_EXCL	5	YX15166T	PDAC_044	Basal	3	0.982975532635132	1	0	0.355315173316498	0.283682724773383	5.62026479070308	cluster_1=9.987104;cluster_2=7.493307;cluster_3=5.620265;cluster_4=14.628707;cluster_5=13.190306	1
STAB_CSY_OUTLIER_EXCL	5	YX15187T	PDAC_045	Basal	3	0.986438431881749	1	0	0.385945944872738	0.284010552447845	9.05168524683845	cluster_1=14.618273;cluster_2=13.394734;cluster_3=9.051685;cluster_4=18.988023;cluster_5=16.066533	1
STAB_CSY_OUTLIER_EXCL	5	YX15211T	PDAC_046	Hybrid	2	0.702632794087527	0.857687420584498	0.72782534458837	0.225124175889599	0.263618356260497	3.8322011199957	cluster_1=7.239381;cluster_2=3.832201;cluster_3=7.637569;cluster_4=14.047297;cluster_5=11.870079	0.857687420584498
STAB_CSY_OUTLIER_EXCL	5	YX15214T	PDAC_047	Basal	3	0.983898880741674	1	0	0.379150717392759	0.283595706216	18.2934832013152	cluster_1=23.795352;cluster_2=23.018280;cluster_3=18.293483;cluster_4=26.483380;cluster_5=24.971222	1
STAB_CSY_OUTLIER_EXCL	5	YX16009T	PDAC_048	Hybrid	2	0.624085339489496	0.716232961586121	1.29694829786531	0.215889775193753	0.255552973655199	4.53005320231369	cluster_1=8.564917;cluster_2=4.530053;cluster_3=8.184910;cluster_4=14.749575;cluster_5=12.540728	0.716232961586121
STAB_CSY_OUTLIER_EXCL	5	YX16011T	PDAC_049	Basal	3	0.983899677122041	1	0	0.383994816112295	0.283884811277538	8.02187829705923	cluster_1=13.232612;cluster_2=11.868436;cluster_3=8.021878;cluster_4=17.798025;cluster_5=15.353848	1
STAB_CSY_OUTLIER_EXCL	5	YX16068T	PDAC_050	Basal	3	0.984799968694415	1	0	0.417915438183234	0.283779689167459	5.45473865783833	cluster_1=10.718627;cluster_2=9.250777;cluster_3=5.454739;cluster_4=15.593722;cluster_5=13.403414	1
STAB_CSY_OUTLIER_EXCL	5	YX16070T	PDAC_051	Basal	3	0.983952813874575	1	0	0.24091770461118	0.283436232324477	6.58634523596035	cluster_1=9.847313;cluster_2=8.213087;cluster_3=6.586345;cluster_4=14.814285;cluster_5=12.331715	1
STAB_CSY_OUTLIER_EXCL	5	YX16075T	PDAC_052	Hybrid	2	0.771823565166661	0.985879332477535	0.120366957075467	0.202302557150675	0.29304252730286	4.65874048486598	cluster_1=8.023017;cluster_2=4.658740;cluster_3=9.477167;cluster_4=14.842979;cluster_5=11.601790	0.985879332477535
STAB_CSY_OUTLIER_EXCL	5	YX16079T	PDAC_053	Basal	3	0.983908691058901	0.998716302952503	0.0141813198597984	0.249953724083546	0.283954548046265	9.14536487206651	cluster_1=11.894233;cluster_2=11.574836;cluster_3=9.145365;cluster_4=17.305743;cluster_5=14.563125	0.998716302952503
STAB_CSY_OUTLIER_EXCL	5	YX16087T	PDAC_054	Basal	3	0.983726092466588	1	0	0.414342237234561	0.28384573680682	9.08439557493717	cluster_1=15.299530;cluster_2=13.817934;cluster_3=9.084396;cluster_4=18.886205;cluster_5=16.330492	1
STAB_CSY_OUTLIER_EXCL	5	YX16094T	PDAC_055	Basal	3	0.982158790529839	1	0	0.356300484599355	0.283485591282281	9.94938065981932	cluster_1=13.791057;cluster_2=13.309659;cluster_3=9.949381;cluster_4=18.672109;cluster_5=16.584183	1
STAB_CSY_OUTLIER_EXCL	5	YX16172T	PDAC_056	Basal	3	0.983509512287296	1	0	0.341957151107955	0.283576362618052	5.63285467517901	cluster_1=9.951810;cluster_2=6.804323;cluster_3=5.632855;cluster_4=15.023503;cluster_5=12.968216	1
STAB_CSY_OUTLIER_EXCL	5	YX16295T	PDAC_057	Basal	3	0.984996965791176	1	0	0.496574886565234	0.283667533438262	6.98319343667545	cluster_1=13.384731;cluster_2=12.142035;cluster_3=6.983193;cluster_4=18.142991;cluster_5=15.775048	1
STAB_CSY_OUTLIER_EXCL	5	YX16327T	PDAC_058	Basal	3	0.98375671841017	1	0	0.198182990229992	0.283444318334998	10.6241891988925	cluster_1=14.063291;cluster_2=12.635647;cluster_3=10.624189;cluster_4=17.411524;cluster_5=16.277537	1
STAB_CSY_OUTLIER_EXCL	5	YX16335T	PDAC_059	Classical	1	0.922001106204095	1	0	0.176800609258475	0.282924635934389	4.3150028351176	cluster_1=4.315003;cluster_2=6.844420;cluster_3=9.613947;cluster_4=13.875581;cluster_5=10.527794	1
STAB_CSY_OUTLIER_EXCL	5	YX16341T	PDAC_060	Basal	3	0.982713228197094	1	0	0.455927779295336	0.283599015973726	5.97406093442415	cluster_1=12.515988;cluster_2=10.173051;cluster_3=5.974061;cluster_4=16.954839;cluster_5=14.161547	1
STAB_CSY_OUTLIER_EXCL	5	YX16343T	PDAC_061	Hybrid	2	0.51974745681302	0.583647798742138	1.40499303569677	0.108901873840407	0.198420715554933	21.3093269256938	cluster_1=23.611958;cluster_2=21.309327;cluster_3=23.041351;cluster_4=26.453726;cluster_5=24.104261	0.583647798742138
STAB_CSY_OUTLIER_EXCL	5	YX16347T	PDAC_062	Classical	5	NA	0.708542713567839	0.87059628684702	0	0.0902959992624586	0	cluster_1=10.693771;cluster_2=10.931441;cluster_3=12.662116;cluster_4=16.724308;cluster_5=0.000000	0.708542713567839
STAB_CSY_OUTLIER_EXCL	6	YX15261T	PDAC_001	Classical	1	0.819341830419029	0.874519846350832	0.754065369889517	0.0386968202342841	0.251863415689877	6.08058456413834	cluster_1=6.080585;cluster_2=6.784666;cluster_3=8.311866;cluster_4=9.881059;cluster_5=13.500634;cluster_6=12.242806	0.874519846350832
STAB_CSY_OUTLIER_EXCL	6	YX15263T	PDAC_002	Classical	1	0.89221827444828	0.978508217446271	0.164185303351751	0.255353248466226	0.268134022509436	11.6686346309432	cluster_1=11.668635;cluster_2=16.495780;cluster_3=16.688613;cluster_4=18.530411;cluster_5=18.614011;cluster_6=18.137189	0.978508217446271
STAB_CSY_OUTLIER_EXCL	6	YX15271T	PDAC_003	Hybrid	2	0.798419041797783	0.889460154241645	0.511645672625886	0.245525364313792	0.266795110161816	4.00458066695898	cluster_1=7.692084;cluster_2=4.004581;cluster_3=5.740492;cluster_4=8.533072;cluster_5=14.591500;cluster_6=11.416034	0.889460154241645
STAB_CSY_OUTLIER_EXCL	6	YX16036T	PDAC_004	Hybrid	2	0.736131860356293	0.8375	0.896866324704999	0.189481415410208	0.227309141778111	3.26597033490163	cluster_1=6.574115;cluster_2=3.265970;cluster_3=5.870575;cluster_4=8.158106;cluster_5=13.600645;cluster_6=11.481788	0.8375
STAB_CSY_OUTLIER_EXCL	6	YX16041T	PDAC_005	Classical	1	0.834317484582958	0.863013698630137	0.823130273826477	0.130864519530174	0.261188648075596	10.1291692077964	cluster_1=10.129169;cluster_2=12.437932;cluster_3=12.541210;cluster_4=15.072630;cluster_5=17.149643;cluster_6=14.996279	0.863013698630137
STAB_CSY_OUTLIER_EXCL	6	YX16057T	PDAC_006	Classical	1	0.453136715263061	0.45910290237467	1.85539104612261	-0.0289506394770092	0.22240067807612	6.00844113182563	cluster_1=6.008441;cluster_2=5.447677;cluster_3=6.013797;cluster_4=9.385009;cluster_5=14.037342;cluster_6=10.646293	0.45910290237467
STAB_CSY_OUTLIER_EXCL	6	YX16062T	PDAC_007	Classical	1	0.898884245693605	0.97516339869281	0.190479356734656	0.116831569302999	0.26889139568311	9.25267561499654	cluster_1=9.252676;cluster_2=12.545735;cluster_3=13.154838;cluster_4=14.873121;cluster_5=15.797915;cluster_6=16.014058	0.97516339869281
STAB_CSY_OUTLIER_EXCL	6	YX16112T	PDAC_008	Classical	3	0.543269537488984	0.506781750924784	1.77609743464205	0.106678343469575	0.188011952386051	10.1649820487413	cluster_1=12.615756;cluster_2=12.994935;cluster_3=10.164982;cluster_4=15.246917;cluster_5=18.243681;cluster_6=16.404553	0.506781750924784
STAB_CSY_OUTLIER_EXCL	6	YX16113T	PDAC_009	Hybrid	2	0.580176051825796	0.656565656565657	1.47593061211878	-0.0877058618693566	0.184797122678086	7.03146178390997	cluster_1=8.631443;cluster_2=7.031462;cluster_3=7.984796;cluster_4=10.474298;cluster_5=14.143570;cluster_6=13.574043	0.656565656565657
STAB_CSY_OUTLIER_EXCL	6	YX16119T	PDAC_010	Classical	1	0.796061644485448	0.82625	0.92722442800268	-0.0912147403382537	0.249528925652207	7.30555551943858	cluster_1=7.305556;cluster_2=7.903334;cluster_3=8.538203;cluster_4=10.887567;cluster_5=15.598521;cluster_6=11.144949	0.82625
STAB_CSY_OUTLIER_EXCL	6	YX16120T	PDAC_011	Classical	1	0.896100480193905	0.992433795712484	0.0691056267647242	0.19540917684078	0.269450498777756	6.091016468565	cluster_1=6.091016;cluster_2=7.996159;cluster_3=8.192229;cluster_4=10.706319;cluster_5=14.343931;cluster_6=11.867016	0.992433795712484
STAB_CSY_OUTLIER_EXCL	6	YX16127T	PDAC_012	Classical	1	0.901585835091973	0.99384236453202	0.0585195813906335	0.0855016893780873	0.269970395506099	5.79143918287906	cluster_1=5.791439;cluster_2=7.850007;cluster_3=8.708911;cluster_4=10.838448;cluster_5=13.415668;cluster_6=11.772013	0.99384236453202
STAB_CSY_OUTLIER_EXCL	6	YX16128T	PDAC_013	Classical	3	0.630599404570611	0.5748730964467	1.61177838616225	0.0622672053160738	0.174015684628234	4.616534406294	cluster_1=6.997348;cluster_2=6.578056;cluster_3=4.616534;cluster_4=9.771611;cluster_5=13.266666;cluster_6=11.072190	0.5748730964467
STAB_CSY_OUTLIER_EXCL	6	YX16130T	PDAC_014	Hybrid	2	0.671185269590905	0.766624843161857	1.13438321508658	0.176992842418668	0.200798459286617	4.2888807180616	cluster_1=8.070218;cluster_2=4.288881;cluster_3=7.620652;cluster_4=9.483795;cluster_5=14.950965;cluster_6=11.329393	0.766624843161857
STAB_CSY_OUTLIER_EXCL	6	YX16132T	PDAC_015	Hybrid	3	0.655145435415371	0.42550505050505	1.02029512731452	0.0923602778895388	0.222253513452597	4.61745465623923	cluster_1=6.227154;cluster_2=4.332516;cluster_3=4.617455;cluster_4=8.180601;cluster_5=13.871036;cluster_6=11.821113	0.570707070707071
STAB_CSY_OUTLIER_EXCL	6	YX16139T	PDAC_017	Classical	1	0.859449714507956	0.937264742785445	0.376311619149772	-0.0587474895459287	0.259982665434732	5.67142317656277	cluster_1=5.671423;cluster_2=5.493496;cluster_3=5.729829;cluster_4=8.234661;cluster_5=12.938116;cluster_6=11.197970	0.937264742785445
STAB_CSY_OUTLIER_EXCL	6	YX16141T	PDAC_018	Hybrid	2	0.700512319759836	0.80126582278481	1.03289877497051	0.22906094178031	0.21767952239221	4.3106071445443	cluster_1=8.513667;cluster_2=4.310607;cluster_3=7.421885;cluster_4=9.090006;cluster_5=14.589638;cluster_6=12.563575	0.80126582278481
STAB_CSY_OUTLIER_EXCL	6	YX16144T	PDAC_019	Hybrid	2	0.665022392674441	0.716284987277354	1.04317168786528	-0.114092036566619	0.246490021238427	4.87812615621802	cluster_1=7.325757;cluster_2=4.878126;cluster_3=4.989601;cluster_4=8.494214;cluster_5=14.265973;cluster_6=11.793852	0.716284987277354
STAB_CSY_OUTLIER_EXCL	6	YX16147T	PDAC_020	Classical	3	0.646615578040826	0.554037267080745	1.40259403633238	0.13676281936231	0.181273011480168	12.6102967144786	cluster_1=16.315429;cluster_2=16.175421;cluster_3=12.610297;cluster_4=17.877362;cluster_5=21.183208;cluster_6=18.728106	0.554037267080745
STAB_CSY_OUTLIER_EXCL	6	YX16153T	PDAC_021	Classical	1	0.905384045622491	0.96356783919598	0.250851033959124	0.268970688157579	0.27309955776026	10.2315674657427	cluster_1=10.231567;cluster_2=14.399452;cluster_3=13.886175;cluster_4=16.442547;cluster_5=17.908409;cluster_6=15.854875	0.96356783919598
STAB_CSY_OUTLIER_EXCL	6	YX16155T	PDAC_022	Hybrid	2	0.433973687301126	0.471190781049936	2.01718475728079	-0.0334072728466585	0.154809139853919	15.0328216958492	cluster_1=15.667490;cluster_2=15.032822;cluster_3=17.869838;cluster_4=18.767745;cluster_5=20.522875;cluster_6=17.555199	0.471190781049936
STAB_CSY_OUTLIER_EXCL	6	YX16159T	PDAC_024	Hybrid	2	0.812927927182762	0.9175	0.427089927791077	0.284834162223592	0.265382132132477	3.81113109001855	cluster_1=8.282881;cluster_2=3.811131;cluster_3=6.079094;cluster_4=8.116370;cluster_5=14.424018;cluster_6=11.747483	0.9175
STAB_CSY_OUTLIER_EXCL	6	YX16160T	PDAC_025	Basal	4	0.90066736746261	0.933333333333333	0.443964252090874	0.0866839018285347	0.261803617630006	8.00392129983133	cluster_1=10.211532;cluster_2=7.775317;cluster_3=8.423774;cluster_4=8.003921;cluster_5=15.515532;cluster_6=12.293307	0.933333333333333
STAB_CSY_OUTLIER_EXCL	6	YX16161T	PDAC_026	Hybrid	2	0.799636605282526	0.899002493765586	0.481842433320728	0.159755487183602	0.266489260699828	4.00589694454075	cluster_1=7.734531;cluster_2=4.005897;cluster_3=5.667742;cluster_4=8.045413;cluster_5=14.242770;cluster_6=11.546772	0.899002493765586
STAB_CSY_OUTLIER_EXCL	6	YX16166T	PDAC_027	Classical	1	0.900275098353062	0.986198243412798	0.120178693444343	0.0253396245796686	0.270269581884918	5.4139309835525	cluster_1=5.413931;cluster_2=6.894464;cluster_3=7.258989;cluster_4=9.541370;cluster_5=13.913843;cluster_6=10.476075	0.986198243412798
STAB_CSY_OUTLIER_EXCL	6	YX16177T	PDAC_028	Classical	1	0.898357540489522	0.987654320987654	0.10176047205253	0.0952550797521468	0.270553527351494	8.779099849566	cluster_1=8.779100;cluster_2=12.418200;cluster_3=11.924611;cluster_4=14.711119;cluster_5=16.310276;cluster_6=13.168556	0.987654320987654
STAB_CSY_OUTLIER_EXCL	6	YX16178T	PDAC_029	Classical	1	0.877740086937377	0.9425	0.36143769997177	0.077885683190371	0.26269937192947	10.5242989163731	cluster_1=10.524299;cluster_2=13.542287;cluster_3=13.693076;cluster_4=15.148250;cluster_5=16.684964;cluster_6=16.486323	0.9425
STAB_CSY_OUTLIER_EXCL	6	YX16180T	PDAC_030	Hybrid	2	0.798691841606095	0.894736842105263	0.518924046579081	0.217724500285554	0.266136376751818	4.9139789734656	cluster_1=8.579876;cluster_2=4.913979;cluster_3=6.531183;cluster_4=9.249202;cluster_5=15.248497;cluster_6=12.651023	0.894736842105263
STAB_CSY_OUTLIER_EXCL	6	YX16185T	PDAC_031	Classical	5	NA	0.622194513715711	0.978125970883894	0	0.106851241309307	0	cluster_1=13.211965;cluster_2=13.881720;cluster_3=14.191834;cluster_4=15.275800;cluster_5=0.000000;cluster_6=16.724308	0.622194513715711
STAB_CSY_OUTLIER_EXCL	6	YX16188T	PDAC_032	Hybrid	3	0.469845339375963	0.427096774193548	1.79307497619966	0.0295793074578997	0.198943540059457	6.17452374740919	cluster_1=8.592894;cluster_2=6.436917;cluster_3=6.174524;cluster_4=7.924937;cluster_5=14.570403;cluster_6=12.750377	0.427096774193548
STAB_CSY_OUTLIER_EXCL	6	YX16202T	PDAC_034	Basal	4	0.921620642355924	0.956687898089172	0.314761839210825	0.251711904482431	0.267325380314283	8.34838907233281	cluster_1=12.207331;cluster_2=9.820340;cluster_3=10.607953;cluster_4=8.348389;cluster_5=17.180821;cluster_6=14.545462	0.956687898089172
STAB_CSY_OUTLIER_EXCL	6	YX16203T	PDAC_035	Hybrid	2	0.783639879134251	0.882202304737516	0.587604205480217	0.0404980292837952	0.265838075546329	4.47491357906921	cluster_1=7.279194;cluster_2=4.474914;cluster_3=5.279192;cluster_4=8.469169;cluster_5=14.229608;cluster_6=11.935254	0.882202304737516
STAB_CSY_OUTLIER_EXCL	6	YX16207T	PDAC_036	Hybrid	2	0.794685930282462	0.887096774193548	0.542945361307307	0.24064784957847	0.264143517707913	4.35769913979689	cluster_1=6.964191;cluster_2=4.357699;cluster_3=6.328080;cluster_4=9.073222;cluster_5=14.563791;cluster_6=11.532149	0.887096774193548
STAB_CSY_OUTLIER_EXCL	6	YX16218T	PDAC_037	Hybrid	2	0.674532470019582	0.725765306122449	1.22314189152517	-0.0157490409787014	0.262436079633291	5.47347257237573	cluster_1=6.096436;cluster_2=5.473473;cluster_3=7.024357;cluster_4=10.019398;cluster_5=14.053183;cluster_6=11.878358	0.725765306122449
STAB_CSY_OUTLIER_EXCL	6	YX16222T	PDAC_038	Classical	1	0.787885216768432	0.807445442875481	1.00808712818793	0.0440294765238816	0.262672471989314	6.66101005033557	cluster_1=6.661010;cluster_2=8.365978;cluster_3=7.773964;cluster_4=11.412921;cluster_5=15.254746;cluster_6=12.282255	0.807445442875481
STAB_CSY_OUTLIER_EXCL	6	YX16227T	PDAC_040	Classical	1	0.880838765275085	0.92550505050505	0.505825755338366	0.184331298826809	0.270589531030905	6.49530870113902	cluster_1=6.495309;cluster_2=9.119700;cluster_3=9.212151;cluster_4=12.435747;cluster_5=15.616804;cluster_6=12.142194	0.92550505050505
STAB_CSY_OUTLIER_EXCL	6	YX16236T	PDAC_041	Classical	1	0.818092960044297	0.869402985074627	0.802729125014537	0.0922369043163958	0.253962852499936	6.77962855839623	cluster_1=6.779629;cluster_2=8.559513;cluster_3=10.285836;cluster_4=12.171467;cluster_5=14.152163;cluster_6=12.355687	0.869402985074627
STAB_CSY_OUTLIER_EXCL	6	YX15047T	PDAC_042	Basal	4	0.391527629732541	0.401985111662531	1.84957736945273	0.123191628523312	0.111738445167043	11.5599245538537	cluster_1=13.997123;cluster_2=12.627038;cluster_3=13.047920;cluster_4=11.559925;cluster_5=17.726252;cluster_6=16.102655	0.401985111662531
STAB_CSY_OUTLIER_EXCL	6	YX15106T	PDAC_043	Basal	4	0.956129368339535	1	0	0.396822238811821	0.274419309777022	7.55338832039759	cluster_1=13.864345;cluster_2=12.401786;cluster_3=12.254509;cluster_4=7.553388;cluster_5=17.762133;cluster_6=15.761796	1
STAB_CSY_OUTLIER_EXCL	6	YX15166T	PDAC_044	Basal	4	0.95524772816178	1	0	0.355315173316498	0.274447714883831	5.62026479070308	cluster_1=9.987104;cluster_2=7.733849;cluster_3=8.322840;cluster_4=5.620265;cluster_5=14.628707;cluster_6=13.190306	1
STAB_CSY_OUTLIER_EXCL	6	YX15187T	PDAC_045	Basal	4	0.957730461425409	1	0	0.385945944872738	0.274698397968597	9.05168524683845	cluster_1=14.618273;cluster_2=13.507529;cluster_3=13.936085;cluster_4=9.051685;cluster_5=18.988023;cluster_6=16.066533	1
STAB_CSY_OUTLIER_EXCL	6	YX15211T	PDAC_046	Hybrid	2	0.691583661485085	0.773824650571792	1.12776115616731	0.147236706918643	0.220012440752517	4.04778747431733	cluster_1=7.239381;cluster_2=4.047787;cluster_3=5.748301;cluster_4=7.637569;cluster_5=14.047297;cluster_6=11.870079	0.773824650571792
STAB_CSY_OUTLIER_EXCL	6	YX15214T	PDAC_047	Basal	4	0.954664974306078	1	0	0.359243689530685	0.273933840813235	18.2934832013152	cluster_1=23.795352;cluster_2=23.096033;cluster_3=23.305948;cluster_4=18.293483;cluster_5=26.483380;cluster_6=24.971222	1
STAB_CSY_OUTLIER_EXCL	6	YX16009T	PDAC_048	Hybrid	3	0.617665839729492	0.437422552664188	1.38369247615301	0.0801678902842557	0.205256904986635	5.31634553180278	cluster_1=8.564917;cluster_2=5.118676;cluster_3=5.316346;cluster_4=8.184910;cluster_5=14.749575;cluster_6=12.540728	0.495662949194548
STAB_CSY_OUTLIER_EXCL	6	YX16011T	PDAC_049	Basal	4	0.95526724345123	1	0	0.383994816112295	0.274131944862356	8.02187829705923	cluster_1=13.232612;cluster_2=11.955751;cluster_3=12.577757;cluster_4=8.021878;cluster_5=17.798025;cluster_6=15.353848	1
STAB_CSY_OUTLIER_EXCL	6	YX16068T	PDAC_050	Basal	4	0.955818423479559	1	0	0.417915438183234	0.274080739843477	5.45473865783833	cluster_1=10.718627;cluster_2=9.249819;cluster_3=10.416885;cluster_4=5.454739;cluster_5=15.593722;cluster_6=13.403414	1
STAB_CSY_OUTLIER_EXCL	6	YX16070T	PDAC_051	Basal	4	0.954429210360266	1	0	0.24091770461118	0.273646158640029	6.58634523596035	cluster_1=9.847313;cluster_2=8.290609;cluster_3=9.323648;cluster_4=6.586345;cluster_5=14.814285;cluster_6=12.331715	1
STAB_CSY_OUTLIER_EXCL	6	YX16075T	PDAC_052	Hybrid	2	0.788942814772392	0.86392811296534	0.642354255366763	0.187398201576737	0.267630746785273	4.91286151625758	cluster_1=8.023017;cluster_2=4.912862;cluster_3=6.172924;cluster_4=9.477167;cluster_5=14.842979;cluster_6=11.601790	0.86392811296534
STAB_CSY_OUTLIER_EXCL	6	YX16079T	PDAC_053	Basal	4	0.949312352356707	0.992297817715019	0.0701488899379929	0.249953724083546	0.272434801394388	9.14536487206651	cluster_1=11.894233;cluster_2=11.694066;cluster_3=12.225628;cluster_4=9.145365;cluster_5=17.305743;cluster_6=14.563125	0.992297817715019
STAB_CSY_OUTLIER_EXCL	6	YX16087T	PDAC_054	Basal	4	0.953907719508861	1	0	0.414342237234561	0.273889993972907	9.08439557493717	cluster_1=15.299530;cluster_2=13.880031;cluster_3=14.464996;cluster_4=9.084396;cluster_5=18.886205;cluster_6=16.330492	1
STAB_CSY_OUTLIER_EXCL	6	YX16094T	PDAC_055	Basal	4	0.953374007830004	1	0	0.333402210172232	0.273959920740931	9.94938065981932	cluster_1=13.791057;cluster_2=13.443720;cluster_3=13.801094;cluster_4=9.949381;cluster_5=18.672109;cluster_6=16.584183	1
STAB_CSY_OUTLIER_EXCL	6	YX16172T	PDAC_056	Basal	4	0.955453694669064	1	0	0.313644054144367	0.27446774536469	5.63285467517901	cluster_1=9.951810;cluster_2=7.054401;cluster_3=7.742362;cluster_4=5.632855;cluster_5=15.023503;cluster_6=12.968216	1
STAB_CSY_OUTLIER_EXCL	6	YX16295T	PDAC_057	Basal	4	0.957258993180814	1	0	0.496574886565234	0.274654248400184	6.98319343667545	cluster_1=13.384731;cluster_2=12.176649;cluster_3=12.964247;cluster_4=6.983193;cluster_5=18.142991;cluster_6=15.775048	1
STAB_CSY_OUTLIER_EXCL	6	YX16327T	PDAC_058	Basal	4	0.95464304988884	1	0	0.198182990229992	0.274033457201528	10.6241891988925	cluster_1=14.063291;cluster_2=12.661641;cluster_3=13.445942;cluster_4=10.624189;cluster_5=17.411524;cluster_6=16.277537	1
STAB_CSY_OUTLIER_EXCL	6	YX16335T	PDAC_059	Classical	1	0.90297081637509	0.995079950799508	0.0487947345989942	0.176800609258475	0.270265966423682	4.3150028351176	cluster_1=4.315003;cluster_2=7.208300;cluster_3=7.489822;cluster_4=9.613947;cluster_5=13.875581;cluster_6=10.527794	0.995079950799508
STAB_CSY_OUTLIER_EXCL	6	YX16341T	PDAC_060	Basal	4	0.954788794260754	1	0	0.455927779295336	0.274268903440726	5.97406093442415	cluster_1=12.515988;cluster_2=10.253007;cluster_3=11.046409;cluster_4=5.974061;cluster_5=16.954839;cluster_6=14.161547	1
STAB_CSY_OUTLIER_EXCL	6	YX16343T	PDAC_061	Hybrid	2	0.578453394180056	0.644025157232704	1.49439893284655	0.170983681851129	0.169846003399625	20.5333579345725	cluster_1=23.611958;cluster_2=20.533358;cluster_3=23.739372;cluster_4=23.041351;cluster_5=26.453726;cluster_6=24.104261	0.644025157232704
STAB_CSY_OUTLIER_EXCL	6	YX16347T	PDAC_062	Classical	6	NA	0.861809045226131	0.658890862603803	0	0.0385075025542858	0	cluster_1=10.693771;cluster_2=10.998828;cluster_3=11.766176;cluster_4=12.662116;cluster_5=16.724308;cluster_6=0.000000	0.861809045226131
STAB_HVG_OUTLIER_EXCL	2	YX15261T	PDAC_001	Classical	1	0.885361288639671	0.748419721871049	0.81377321198161	0.148683746664506	0.65785258222083	27.911331505961	cluster_1=27.911332;cluster_2=42.476306	0.748419721871049
STAB_HVG_OUTLIER_EXCL	2	YX15263T	PDAC_002	Classical	1	0.871715036701723	0.717691342534504	0.858577479033041	-0.00471061195826857	0.659005579018464	28.9054181670435	cluster_1=28.905418;cluster_2=34.199253	0.717691342534504
STAB_HVG_OUTLIER_EXCL	2	YX15271T	PDAC_003	Hybrid	2	0.913924207360045	1	0	0.399976427832882	0.441403322497476	20.4797096396707	cluster_1=43.749187;cluster_2=20.479710	1
STAB_HVG_OUTLIER_EXCL	2	YX16036T	PDAC_004	Hybrid	2	0.915109403856755	1	0	0.355453516012642	0.44975670478357	19.8782176486658	cluster_1=39.360096;cluster_2=19.878218	1
STAB_HVG_OUTLIER_EXCL	2	YX16041T	PDAC_005	Classical	2	0.885646845340986	0.929824561403509	0.366578012553346	0.239567108320783	0.490541720602547	28.0932091118896	cluster_1=39.880965;cluster_2=28.093209	0.929824561403509
STAB_HVG_OUTLIER_EXCL	2	YX16057T	PDAC_006	Classical	2	0.915719967057774	0.99874213836478	0.0139328281195058	0.271765096388834	0.452290135422781	23.0477116995679	cluster_1=36.028377;cluster_2=23.047712	0.99874213836478
STAB_HVG_OUTLIER_EXCL	2	YX16062T	PDAC_007	Classical	1	0.870390171493477	0.71611253196931	0.860693835902103	0.0283377806898615	0.65983589678353	28.6630198615689	cluster_1=28.663020;cluster_2=35.931764	0.71611253196931
STAB_HVG_OUTLIER_EXCL	2	YX16112T	PDAC_008	Classical	2	0.748784937984799	0.756066411238825	0.801520734063498	0.148095829692704	0.55004080401526	27.8075903095281	cluster_1=32.675230;cluster_2=27.807590	0.756066411238825
STAB_HVG_OUTLIER_EXCL	2	YX16113T	PDAC_009	Hybrid	1	0.879241862909826	0.732142857142857	0.83837293770994	0.00164319038514462	0.66028170921237	33.1026426183579	cluster_1=33.102643;cluster_2=38.429629	0.732142857142857
STAB_HVG_OUTLIER_EXCL	2	YX16119T	PDAC_010	Classical	2	0.914887363508248	0.997452229299363	0.0256239604937857	0.284334734067622	0.448778500473354	21.6220436532179	cluster_1=35.371100;cluster_2=21.622044	0.997452229299363
STAB_HVG_OUTLIER_EXCL	2	YX16120T	PDAC_011	Classical	1	0.878531099768167	0.733247422680412	0.836766095441244	-0.0278764181133514	0.657984745257101	27.4121169085816	cluster_1=27.412117;cluster_2=31.890985	0.733247422680412
STAB_HVG_OUTLIER_EXCL	2	YX16127T	PDAC_012	Classical	1	0.888869160364386	0.759379042690815	0.796071385656161	0.173757569164592	0.654291170532698	25.5549757357335	cluster_1=25.554976;cluster_2=41.876104	0.759379042690815
STAB_HVG_OUTLIER_EXCL	2	YX16128T	PDAC_013	Classical	2	0.918728050750127	0.998765432098765	0.0137081261968613	0.271851213862711	0.456356608839157	23.3393206184131	cluster_1=36.403795;cluster_2=23.339321	0.998765432098765
STAB_HVG_OUTLIER_EXCL	2	YX16130T	PDAC_014	Hybrid	2	0.914043891122637	1	0	0.350986800301277	0.450507775498871	22.5588442601133	cluster_1=42.276783;cluster_2=22.558844	1
STAB_HVG_OUTLIER_EXCL	2	YX16132T	PDAC_015	Hybrid	2	0.916347290380455	1	0	0.330188687480848	0.453336336018553	19.4826245191893	cluster_1=36.666703;cluster_2=19.482625	1
STAB_HVG_OUTLIER_EXCL	2	YX16139T	PDAC_017	Classical	1	0.861908928373329	0.709346991037132	0.869563287941867	-0.0431792450617003	0.656441064315187	28.6959446609243	cluster_1=28.695945;cluster_2=32.185265	0.709346991037132
STAB_HVG_OUTLIER_EXCL	2	YX16141T	PDAC_018	Hybrid	1	0.827670953580211	0.668360864040661	0.916592311565313	-0.0423954800962498	0.654966322019746	27.6554246633215	cluster_1=27.655425;cluster_2=31.604010	0.668360864040661
STAB_HVG_OUTLIER_EXCL	2	YX16144T	PDAC_019	Hybrid	2	0.914487758956779	1	0	0.316214302473768	0.446111422392965	25.7978966054439	cluster_1=43.246159;cluster_2=25.797897	1
STAB_HVG_OUTLIER_EXCL	2	YX16147T	PDAC_020	Classical	1	0.869143821889248	0.717661691542289	0.858617388811415	-0.0882804598412046	0.65853630441061	37.7267730434257	cluster_1=37.726773;cluster_2=37.444977	0.717661691542289
STAB_HVG_OUTLIER_EXCL	2	YX16153T	PDAC_021	Classical	1	0.873976145132637	0.72625	0.846794333048864	0.0090266267370275	0.658153295355587	28.4529964697198	cluster_1=28.452996;cluster_2=34.551205	0.72625
STAB_HVG_OUTLIER_EXCL	2	YX16155T	PDAC_022	Hybrid	1	0.885052669790774	0.75125	0.809290903405214	0.113413698829305	0.656056684257955	26.643644518851	cluster_1=26.643645;cluster_2=38.839193	0.75125
STAB_HVG_OUTLIER_EXCL	2	YX16159T	PDAC_024	Hybrid	2	0.915122291121308	1	0	0.318675599968809	0.450306280504823	24.0036942458274	cluster_1=40.777536;cluster_2=24.003694	1
STAB_HVG_OUTLIER_EXCL	2	YX16160T	PDAC_025	Basal	1	0.880426885346975	0.754077791718946	0.804750770886327	0.0169308519670749	0.651852308967136	37.6056277241108	cluster_1=37.605628;cluster_2=43.500215	0.754077791718946
STAB_HVG_OUTLIER_EXCL	2	YX16161T	PDAC_026	Hybrid	2	0.915205001134897	1	0	0.378434335380518	0.442288853644931	21.9690390731075	cluster_1=43.669903;cluster_2=21.969039	1
STAB_HVG_OUTLIER_EXCL	2	YX16166T	PDAC_027	Classical	1	0.881050930972984	0.743329097839898	0.821681050435998	0.0908224940208295	0.656733759841173	24.9462115417398	cluster_1=24.946212;cluster_2=36.092042	0.743329097839898
STAB_HVG_OUTLIER_EXCL	2	YX16177T	PDAC_028	Classical	1	0.876128364550955	0.728900255754476	0.843038277451729	-0.00718234606571116	0.65843127347582	31.5108626122505	cluster_1=31.510863;cluster_2=36.368329	0.728900255754476
STAB_HVG_OUTLIER_EXCL	2	YX16178T	PDAC_029	Classical	1	0.881923046917575	0.745547073791349	0.818259860214863	0.0938732862848178	0.654478869384877	27.4220046050466	cluster_1=27.422005;cluster_2=38.574592	0.745547073791349
STAB_HVG_OUTLIER_EXCL	2	YX16180T	PDAC_030	Hybrid	2	0.916116444539021	1	0	0.393833999450394	0.45470493833668	19.7860101032489	cluster_1=42.587923;cluster_2=19.786010	1
STAB_HVG_OUTLIER_EXCL	2	YX16185T	PDAC_031	Classical	1	0.883141779104637	0.746231155778894	0.817197136534205	0.0988328483693243	0.65583009508786	30.2542521523289	cluster_1=30.254252;cluster_2=41.446961	0.746231155778894
STAB_HVG_OUTLIER_EXCL	2	YX16188T	PDAC_032	Hybrid	1	0.877348059858154	0.735602094240838	0.833310619292263	-0.054163879037549	0.65617777014365	35.214271357046	cluster_1=35.214271;cluster_2=37.254711	0.735602094240838
STAB_HVG_OUTLIER_EXCL	2	YX16202T	PDAC_034	Basal	1	0.8879818866859	0.787688442211055	0.745878026952484	0.129334239093641	0.643885180371805	34.7324736147685	cluster_1=34.732474;cluster_2=47.792625	0.787688442211055
STAB_HVG_OUTLIER_EXCL	2	YX16203T	PDAC_035	Hybrid	2	0.918328918314441	0.99875	0.0138570614629078	0.36372094319932	0.454189988120645	17.9461943998472	cluster_1=37.716734;cluster_2=17.946194	0.99875
STAB_HVG_OUTLIER_EXCL	2	YX16207T	PDAC_036	Hybrid	2	0.915107135995491	1	0	0.395473316132102	0.451148189860608	21.1652188891842	cluster_1=44.468186;cluster_2=21.165219	1
STAB_HVG_OUTLIER_EXCL	2	YX16218T	PDAC_037	Hybrid	2	0.913179964161613	1	0	0.359551652485794	0.447670169342398	22.5342440379313	cluster_1=43.103505;cluster_2=22.534244	1
STAB_HVG_OUTLIER_EXCL	2	YX16222T	PDAC_038	Classical	2	0.90553774678234	0.957286432160804	0.254598372462716	0.23803495903082	0.473236173269491	23.6882135198397	cluster_1=34.232348;cluster_2=23.688214	0.957286432160804
STAB_HVG_OUTLIER_EXCL	2	YX16227T	PDAC_040	Classical	2	0.900918786941523	0.955773955773956	0.261343710984698	0.242720249560042	0.477007483312247	25.3533524668845	cluster_1=36.683459;cluster_2=25.353352	0.955773955773956
STAB_HVG_OUTLIER_EXCL	2	YX16236T	PDAC_041	Classical	1	0.714262507844103	0.546035805626598	0.993876336991335	-0.16123467277545	0.623759548607685	32.4965259857826	cluster_1=32.496526;cluster_2=28.655542	0.546035805626598
STAB_HVG_OUTLIER_EXCL	2	YX15047T	PDAC_042	Basal	1	0.857455495302166	0.940731399747793	0.324534667382091	0.124452778340233	0.566876113760252	26.7512920733539	cluster_1=26.751292;cluster_2=40.015744	0.940731399747793
STAB_HVG_OUTLIER_EXCL	2	YX15106T	PDAC_043	Basal	1	0.814394743364391	1	0	0.258431277263503	0.517193579778456	32.6835475310202	cluster_1=32.683548;cluster_2=55.047928	1
STAB_HVG_OUTLIER_EXCL	2	YX15166T	PDAC_044	Basal	1	0.817810436278129	1	0	0.228711092943873	0.518712864763967	30.0774316671859	cluster_1=30.077432;cluster_2=50.113927	1
STAB_HVG_OUTLIER_EXCL	2	YX15187T	PDAC_045	Basal	1	0.803720654201884	1	0	0.263489259661715	0.508205070654432	30.1689687119306	cluster_1=30.168969;cluster_2=52.709910	1
STAB_HVG_OUTLIER_EXCL	2	YX15211T	PDAC_046	Hybrid	2	0.662876050427731	0.632552404438964	0.948692109021043	0.154620808740236	0.588182734065269	24.1212765939923	cluster_1=28.216630;cluster_2=24.121277	0.632552404438964
STAB_HVG_OUTLIER_EXCL	2	YX15214T	PDAC_047	Basal	1	0.806625580211636	1	0	0.230482029094735	0.509880105168407	29.8223211947405	cluster_1=29.822321;cluster_2=49.902370	1
STAB_HVG_OUTLIER_EXCL	2	YX16009T	PDAC_048	Hybrid	2	0.916769875409122	1	0	0.337714350822498	0.445357673039427	22.6159139126405	cluster_1=40.707120;cluster_2=22.615914	1
STAB_HVG_OUTLIER_EXCL	2	YX16011T	PDAC_049	Basal	1	0.80803515053523	1	0	0.264437006666946	0.511462203402357	30.0257944602062	cluster_1=30.025794;cluster_2=52.781449	1
STAB_HVG_OUTLIER_EXCL	2	YX16068T	PDAC_050	Basal	1	0.81351859764516	1	0	0.275722980105057	0.515381606414372	29.4709539491002	cluster_1=29.470954;cluster_2=53.163332	1
STAB_HVG_OUTLIER_EXCL	2	YX16070T	PDAC_051	Basal	2	0.511238155667901	0.46625	0.996710860008283	0.0932487926477688	0.60941366975895	30.112207230794	cluster_1=31.207047;cluster_2=30.112207	0.53375
STAB_HVG_OUTLIER_EXCL	2	YX16075T	PDAC_052	Hybrid	2	0.916139261369021	1	0	0.336500653325202	0.44836601400047	24.9310011985446	cluster_1=43.912570;cluster_2=24.931001	1
STAB_HVG_OUTLIER_EXCL	2	YX16079T	PDAC_053	Basal	1	0.814677487397731	1	0	0.234169487322666	0.515263890837393	28.3607495064501	cluster_1=28.360750;cluster_2=48.951983	1
STAB_HVG_OUTLIER_EXCL	2	YX16087T	PDAC_054	Basal	1	0.805925765203294	1	0	0.264916855828482	0.510698087501661	29.630367787543	cluster_1=29.630368;cluster_2=52.242059	1
STAB_HVG_OUTLIER_EXCL	2	YX16094T	PDAC_055	Basal	1	0.847256664394522	0.90314465408805	0.458947266626487	0.11591140206931	0.575651655830652	28.1597023604102	cluster_1=28.159702;cluster_2=40.726875	0.90314465408805
STAB_HVG_OUTLIER_EXCL	2	YX16172T	PDAC_056	Basal	2	0.562019939441011	0.515883100381194	0.999271971870717	0.0965454188909506	0.619617273602692	29.6994201710966	cluster_1=31.021823;cluster_2=29.699420	0.515883100381194
STAB_HVG_OUTLIER_EXCL	2	YX16295T	PDAC_057	Basal	1	0.807836791102156	1	0	0.281603161175684	0.511407723872189	31.6400318004322	cluster_1=31.640032;cluster_2=55.795744	1
STAB_HVG_OUTLIER_EXCL	2	YX16327T	PDAC_058	Basal	1	0.819836306380066	1	0	0.157286600199761	0.520732380756956	29.4873822264099	cluster_1=29.487382;cluster_2=44.444853	1
STAB_HVG_OUTLIER_EXCL	2	YX16335T	PDAC_059	Classical	1	0.88497959824104	0.749058971141782	0.812766215935223	0.0978000178421516	0.657084013794654	23.3529692151007	cluster_1=23.352969;cluster_2=35.172248	0.749058971141782
STAB_HVG_OUTLIER_EXCL	2	YX16341T	PDAC_060	Basal	1	0.803420098315161	1	0	0.219832829522758	0.506831323255997	28.8250821820944	cluster_1=28.825082;cluster_2=48.249190	1
STAB_HVG_OUTLIER_EXCL	2	YX16343T	PDAC_061	Hybrid	1	0.825592873642447	1	0	0.219605688851765	0.524501962087992	25.9219218877882	cluster_1=25.921922;cluster_2=45.520095	1
STAB_HVG_OUTLIER_EXCL	2	YX16347T	PDAC_062	Classical	1	0.886741769148552	0.756188118811881	0.801322046375372	0.0931705320547817	0.654932599664144	27.5329093693261	cluster_1=27.532909;cluster_2=38.606215	0.756188118811881
STAB_HVG_OUTLIER_EXCL	3	YX15261T	PDAC_001	Classical	1	0.977658137256446	1	0	0.0658706658828884	0.415987312432873	27.4719094214289	cluster_1=27.471909;cluster_2=42.476306;cluster_3=35.103762	1
STAB_HVG_OUTLIER_EXCL	3	YX15263T	PDAC_002	Classical	1	0.978818048599798	0.991217063989962	0.072612237107999	0.080917345302655	0.416293877500222	25.0330982579144	cluster_1=25.033098;cluster_2=34.199253;cluster_3=39.567041	0.991217063989962
STAB_HVG_OUTLIER_EXCL	3	YX15271T	PDAC_003	Hybrid	2	0.859179658080143	1	0	0.341097960600146	0.336987642462197	20.4797096396707	cluster_1=38.773061;cluster_2=20.479710;cluster_3=54.283330	1
STAB_HVG_OUTLIER_EXCL	3	YX16036T	PDAC_004	Hybrid	2	0.854482260626495	0.99384236453202	0.0540742113482236	0.288220563554534	0.336878482043623	19.8782176486658	cluster_1=34.379025;cluster_2=19.878218;cluster_3=50.168652	0.99384236453202
STAB_HVG_OUTLIER_EXCL	3	YX16041T	PDAC_005	Classical	2	0.768706678150183	0.771929824561403	0.774631986868684	0.156862937314375	0.389619851220852	28.0932091118896	cluster_1=34.738464;cluster_2=28.093209;cluster_3=50.821391	0.771929824561403
STAB_HVG_OUTLIER_EXCL	3	YX16057T	PDAC_006	Classical	2	0.858697028987317	0.987421383647799	0.0974398258756419	0.198346783218149	0.341475004283142	23.0477116995679	cluster_1=31.565004;cluster_2=23.047712;cluster_3=46.554404	0.987421383647799
STAB_HVG_OUTLIER_EXCL	3	YX16062T	PDAC_007	Classical	1	0.976488838053095	0.99616368286445	0.0398374001589632	0.0915106140809378	0.41752611743106	25.7947450988783	cluster_1=25.794745;cluster_2=35.931764;cluster_3=38.374409	0.99616368286445
STAB_HVG_OUTLIER_EXCL	3	YX16112T	PDAC_008	Classical	2	0.583197123960974	0.530012771392082	0.997399374409547	0.0517976671863905	0.407795430040466	27.8075903095281	cluster_1=27.697511;cluster_2=27.807590;cluster_3=43.990626	0.530012771392082
STAB_HVG_OUTLIER_EXCL	3	YX16113T	PDAC_009	Hybrid	1	0.977771382583288	0.994897959183674	0.0461924401296261	0.0617667036751714	0.415931791908588	30.2984467095376	cluster_1=30.298447;cluster_2=38.429629;cluster_3=42.180509	0.994897959183674
STAB_HVG_OUTLIER_EXCL	3	YX16119T	PDAC_010	Classical	2	0.859231775853163	0.98343949044586	0.121666615617471	0.201061028458249	0.343369533826539	21.6220436532179	cluster_1=30.025079;cluster_2=21.622044;cluster_3=46.821528	0.98343949044586
STAB_HVG_OUTLIER_EXCL	3	YX16120T	PDAC_011	Classical	1	0.979806358776992	1	0	0.0469557386162624	0.414478210796909	24.1258633772971	cluster_1=24.125863;cluster_2=31.890985;cluster_3=37.712083	1
STAB_HVG_OUTLIER_EXCL	3	YX16127T	PDAC_012	Classical	1	0.976974194279233	1	0	0.0326066894390623	0.412585622142608	26.2073839041619	cluster_1=26.207384;cluster_2=41.876104;cluster_3=31.923789	1
STAB_HVG_OUTLIER_EXCL	3	YX16128T	PDAC_013	Classical	2	0.859507013470393	0.98641975308642	0.103687912025736	0.195677063520651	0.342209274111045	23.3393206184131	cluster_1=31.750399;cluster_2=23.339321;cluster_3=47.092311	0.98641975308642
STAB_HVG_OUTLIER_EXCL	3	YX16130T	PDAC_014	Hybrid	2	0.85486118955759	0.998740554156171	0.0139480873529643	0.292219157136084	0.335364348906621	22.5588442601133	cluster_1=37.945972;cluster_2=22.558844;cluster_3=52.203425	0.998740554156171
STAB_HVG_OUTLIER_EXCL	3	YX16132T	PDAC_015	Hybrid	2	0.858446421747474	0.992518703241895	0.0635893828675494	0.250599737235896	0.33910670686928	19.4826245191893	cluster_1=31.111596;cluster_2=19.482625;cluster_3=48.228077	0.992518703241895
STAB_HVG_OUTLIER_EXCL	3	YX16139T	PDAC_017	Classical	1	0.966527819080557	0.985915492957746	0.116426376539772	0.0394750737442271	0.411889850332864	24.7390314409269	cluster_1=24.739031;cluster_2=32.185265;cluster_3=39.463152	0.985915492957746
STAB_HVG_OUTLIER_EXCL	3	YX16141T	PDAC_018	Hybrid	1	0.91405609365619	0.926302414231258	0.42222898987461	0.00164437331494341	0.42557266906754	26.1666733034667	cluster_1=26.166673;cluster_2=31.604010;cluster_3=36.079646	0.926302414231258
STAB_HVG_OUTLIER_EXCL	3	YX16144T	PDAC_019	Hybrid	2	0.856349754073709	1	0	0.245299737002153	0.335935902579991	25.7978966054439	cluster_1=38.054295;cluster_2=25.797897;cluster_3=54.038027	1
STAB_HVG_OUTLIER_EXCL	3	YX16147T	PDAC_020	Classical	1	0.975402265891223	0.990049751243781	0.088535555660183	-0.0196217953162727	0.416775777300541	34.0140679095681	cluster_1=34.014068;cluster_2=37.444977;cluster_3=47.324043	0.990049751243781
STAB_HVG_OUTLIER_EXCL	3	YX16153T	PDAC_021	Classical	1	0.975709419660093	1	0	0.0897618292954164	0.413850179889818	24.9182427000044	cluster_1=24.918243;cluster_2=34.551205;cluster_3=38.849467	1
STAB_HVG_OUTLIER_EXCL	3	YX16155T	PDAC_022	Hybrid	1	0.975617090907855	1	0	0.133124872812703	0.415291517510998	24.5443195463705	cluster_1=24.544320;cluster_2=38.839193;cluster_3=35.885942	1
STAB_HVG_OUTLIER_EXCL	3	YX16159T	PDAC_024	Hybrid	2	0.855732290511518	1	0	0.26636075778423	0.335798237303065	24.0036942458274	cluster_1=37.278875;cluster_2=24.003694;cluster_3=49.891618	1
STAB_HVG_OUTLIER_EXCL	3	YX16160T	PDAC_025	Basal	1	0.947688507496062	0.954830614805521	0.284202971522228	0.0392629895718279	0.412808023108857	36.9361665426515	cluster_1=36.936167;cluster_2=43.500215;cluster_3=43.655060	0.954830614805521
STAB_HVG_OUTLIER_EXCL	3	YX16161T	PDAC_026	Hybrid	2	0.863116496777603	1	0	0.316444805673703	0.338521388511463	21.9690390731075	cluster_1=38.647313;cluster_2=21.969039;cluster_3=54.258230	1
STAB_HVG_OUTLIER_EXCL	3	YX16166T	PDAC_027	Classical	1	0.976724985833464	1	0	0.103823366747505	0.414650959362676	23.9020429907989	cluster_1=23.902043;cluster_2=36.092042;cluster_3=33.399835	1
STAB_HVG_OUTLIER_EXCL	3	YX16177T	PDAC_028	Classical	1	0.977770741994313	1	0	0.0887966688601448	0.413580291126423	26.5423201873732	cluster_1=26.542320;cluster_2=36.368329;cluster_3=42.922265	1
STAB_HVG_OUTLIER_EXCL	3	YX16178T	PDAC_029	Classical	1	0.974677360208825	0.99236641221374	0.0696230528958417	0.0781473466190763	0.412397052733698	26.7376218637826	cluster_1=26.737622;cluster_2=38.574592;cluster_3=34.989884	0.99236641221374
STAB_HVG_OUTLIER_EXCL	3	YX16180T	PDAC_030	Hybrid	2	0.850379596840631	1	0	0.329176116803241	0.33325984901793	19.7860101032489	cluster_1=37.232573;cluster_2=19.786010;cluster_3=53.587853	1
STAB_HVG_OUTLIER_EXCL	3	YX16185T	PDAC_031	Classical	1	0.9757383497423	1	0	0.0583231223843635	0.413706421686613	29.9478032353202	cluster_1=29.947803;cluster_2=41.446961;cluster_3=36.874379	1
STAB_HVG_OUTLIER_EXCL	3	YX16188T	PDAC_032	Hybrid	1	0.97139619936101	0.982984293193717	0.139491894467426	-0.00755926445274547	0.416614565896519	33.1461634252564	cluster_1=33.146163;cluster_2=37.254711;cluster_3=43.230045	0.982984293193717
STAB_HVG_OUTLIER_EXCL	3	YX16202T	PDAC_034	Basal	1	0.916145673904233	0.922110552763819	0.394698513972161	-0.0651448596294724	0.408192622050817	37.082422187348	cluster_1=37.082422;cluster_2=47.792625;cluster_3=37.012559	0.922110552763819
STAB_HVG_OUTLIER_EXCL	3	YX16203T	PDAC_035	Hybrid	2	0.854091862158829	0.9775	0.155256137874336	0.288337798450522	0.343007450689194	17.9461943998472	cluster_1=32.017600;cluster_2=17.946194;cluster_3=49.349942	0.9775
STAB_HVG_OUTLIER_EXCL	3	YX16207T	PDAC_036	Hybrid	2	0.848739273583064	1	0	0.330894908652741	0.332619088212115	21.1652188891842	cluster_1=38.920761;cluster_2=21.165219;cluster_3=55.570112	1
STAB_HVG_OUTLIER_EXCL	3	YX16218T	PDAC_037	Hybrid	2	0.851824571372787	1	0	0.290605134515371	0.333977779549506	22.5342440379313	cluster_1=37.686290;cluster_2=22.534244;cluster_3=54.139841	1
STAB_HVG_OUTLIER_EXCL	3	YX16222T	PDAC_038	Classical	2	0.800122338011126	0.809045226130653	0.703464505532043	0.145779031680132	0.38687404125216	23.6882135198397	cluster_1=28.710080;cluster_2=23.688214;cluster_3=45.934279	0.809045226130653
STAB_HVG_OUTLIER_EXCL	3	YX16227T	PDAC_040	Classical	2	0.794481344366224	0.814496314496315	0.691970180221121	0.150869306944294	0.383218390863038	25.3533524668845	cluster_1=31.163128;cluster_2=25.353352;cluster_3=48.210024	0.814496314496315
STAB_HVG_OUTLIER_EXCL	3	YX16236T	PDAC_041	Classical	1	0.814525835799508	0.817135549872123	0.686303459143108	-0.0730819971651677	0.415482994523436	27.6204819884669	cluster_1=27.620482;cluster_2=28.655542;cluster_3=43.731576	0.817135549872123
STAB_HVG_OUTLIER_EXCL	3	YX15047T	PDAC_042	Basal	3	0.613916567297615	0.578814627994956	0.982001719873876	0.0203954642523149	0.323397371512995	29.6181307717568	cluster_1=29.760961;cluster_2=40.015744;cluster_3=29.618131	0.578814627994956
STAB_HVG_OUTLIER_EXCL	3	YX15106T	PDAC_043	Basal	3	0.921334337861711	1	0	0.267705781871399	0.213994262350427	24.6284385069951	cluster_1=40.666960;cluster_2=55.047928;cluster_3=24.628439	1
STAB_HVG_OUTLIER_EXCL	3	YX15166T	PDAC_044	Basal	3	0.924615716577051	1	0	0.215092195400374	0.215480201484667	24.9874170803194	cluster_1=37.004374;cluster_2=50.113927;cluster_3=24.987417	1
STAB_HVG_OUTLIER_EXCL	3	YX15187T	PDAC_045	Basal	3	0.923452466860107	1	0	0.284826415428816	0.214494408060502	21.6052551366566	cluster_1=38.517151;cluster_2=52.709910;cluster_3=21.605255	1
STAB_HVG_OUTLIER_EXCL	3	YX15211T	PDAC_046	Hybrid	2	0.503998358962804	0.410604192355117	1.00919911190458	0.104632312911315	0.424839132929028	24.1212765939923	cluster_1=26.570447;cluster_2=24.121277;cluster_3=36.717697	0.585696670776819
STAB_HVG_OUTLIER_EXCL	3	YX15214T	PDAC_047	Basal	3	0.925889895531842	0.99873257287706	0.0140249200113997	0.236402836924797	0.215983686470923	23.7541156935189	cluster_1=37.201217;cluster_2=49.902370;cluster_3=23.754116	0.99873257287706
STAB_HVG_OUTLIER_EXCL	3	YX16009T	PDAC_048	Hybrid	2	0.861570017893345	1	0	0.27746615523805	0.337752167983729	22.6159139126405	cluster_1=36.402550;cluster_2=22.615914;cluster_3=50.711757	1
STAB_HVG_OUTLIER_EXCL	3	YX16011T	PDAC_049	Basal	3	0.922983370834554	0.998729351969504	0.0140559058438719	0.246746024015489	0.215145986559287	23.3791771993524	cluster_1=37.629879;cluster_2=52.781449;cluster_3=23.379177	0.998729351969504
STAB_HVG_OUTLIER_EXCL	3	YX16068T	PDAC_050	Basal	3	0.923517665821817	1	0	0.230814377815836	0.214114842943534	23.5762179869355	cluster_1=36.807894;cluster_2=53.163332;cluster_3=23.576218	1
STAB_HVG_OUTLIER_EXCL	3	YX16070T	PDAC_051	Basal	2	0.37496095949917	0.27875	1.21253077583925	0.0864231697665352	0.418566778554169	30.112207230794	cluster_1=32.272449;cluster_2=30.112207;cluster_3=35.904872	0.6425
STAB_HVG_OUTLIER_EXCL	3	YX16075T	PDAC_052	Hybrid	2	0.859761504208029	1	0	0.276113955402055	0.337044472186755	24.9310011985446	cluster_1=39.366683;cluster_2=24.931001;cluster_3=53.971361	1
STAB_HVG_OUTLIER_EXCL	3	YX16079T	PDAC_053	Basal	3	0.928855517432856	0.988721804511278	0.0891524291626971	0.149085614681819	0.220132123997963	26.2638092415031	cluster_1=34.036935;cluster_2=48.951983;cluster_3=26.263809	0.988721804511278
STAB_HVG_OUTLIER_EXCL	3	YX16087T	PDAC_054	Basal	3	0.92427012256621	1	0	0.286651619507246	0.21457474302634	21.0514279698106	cluster_1=38.021581;cluster_2=52.242059;cluster_3=21.051428	1
STAB_HVG_OUTLIER_EXCL	3	YX16094T	PDAC_055	Basal	3	0.532507495780841	0.50062893081761	1.03201871892097	0.104760418417555	0.341977039785676	27.8685420250978	cluster_1=32.888633;cluster_2=40.726875;cluster_3=27.868542	0.50062893081761
STAB_HVG_OUTLIER_EXCL	3	YX16172T	PDAC_056	Basal	2	0.400590256580376	0.289707750952986	0.994956715210315	0.0911942273794852	0.431428834002345	29.6994201710966	cluster_1=32.172184;cluster_2=29.699420;cluster_3=35.637570	0.691232528589581
STAB_HVG_OUTLIER_EXCL	3	YX16295T	PDAC_057	Basal	3	0.92782716900055	0.998777506112469	0.013591405710669	0.281823816001051	0.216515655685734	23.0732402387028	cluster_1=39.892200;cluster_2=55.795744;cluster_3=23.073240	0.998777506112469
STAB_HVG_OUTLIER_EXCL	3	YX16327T	PDAC_058	Basal	3	0.922606998567443	0.98974358974359	0.0824882204535105	0.159399638481263	0.219356795493397	26.7622815880135	cluster_1=35.348469;cluster_2=44.444853;cluster_3=26.762282	0.98974358974359
STAB_HVG_OUTLIER_EXCL	3	YX16335T	PDAC_059	Classical	1	0.977106954216842	1	0	0.11123319482978	0.41594458476257	22.1059028233139	cluster_1=22.105903;cluster_2=35.172248;cluster_3=32.359285	1
STAB_HVG_OUTLIER_EXCL	3	YX16341T	PDAC_060	Basal	3	0.927769761211091	0.998719590268886	0.0141497436161198	0.200210728179721	0.215734278662529	24.5603219187745	cluster_1=35.503340;cluster_2=48.249190;cluster_3=24.560322	0.998719590268886
STAB_HVG_OUTLIER_EXCL	3	YX16343T	PDAC_061	Hybrid	3	0.908766018568746	0.953246753246753	0.272441506181171	0.139927936165125	0.232699593757486	24.5613717049552	cluster_1=31.552400;cluster_2=45.520095;cluster_3=24.561372	0.953246753246753
STAB_HVG_OUTLIER_EXCL	3	YX16347T	PDAC_062	Classical	1	0.976029190891948	1	0	0.0606489435986024	0.414459083905462	27.3589970477718	cluster_1=27.358997;cluster_2=38.606215;cluster_3=34.483437	1
STAB_HVG_OUTLIER_EXCL	4	YX15261T	PDAC_001	Classical	1	0.956882137292911	1	0	0.103950433784677	0.287783905568665	27.9219918746346	cluster_1=27.921992;cluster_2=42.476306;cluster_3=33.484079;cluster_4=35.103762	1
STAB_HVG_OUTLIER_EXCL	4	YX15263T	PDAC_002	Classical	1	0.966750041089262	0.987452948557089	0.108298681078353	0.174266853008683	0.292706057497634	22.0265684556823	cluster_1=22.026568;cluster_2=34.199253;cluster_3=36.413870;cluster_4=39.567041	0.987452948557089
STAB_HVG_OUTLIER_EXCL	4	YX15271T	PDAC_003	Hybrid	2	0.845635347087456	0.981084489281211	0.135307376847251	0.336071401236846	0.330828659330102	20.4797096396707	cluster_1=41.314607;cluster_2=20.479710;cluster_3=38.892139;cluster_4=54.283330	0.981084489281211
STAB_HVG_OUTLIER_EXCL	4	YX16036T	PDAC_004	Hybrid	2	0.848628945705899	0.992610837438424	0.0697242928088934	0.272090990915781	0.333053311891616	19.8782176486658	cluster_1=35.768980;cluster_2=19.878218;cluster_3=37.460026;cluster_4=50.168652	0.992610837438424
STAB_HVG_OUTLIER_EXCL	4	YX16041T	PDAC_005	Classical	2	0.754562764643113	0.768170426065163	0.899518350660731	0.109993394784813	0.357983892343977	28.0932091118896	cluster_1=34.286606;cluster_2=28.093209;cluster_3=41.054613;cluster_4=50.821391	0.768170426065163
STAB_HVG_OUTLIER_EXCL	4	YX16057T	PDAC_006	Classical	2	0.848314710668594	0.986163522012579	0.119022454869721	0.159804932867057	0.335302628171289	23.0477116995679	cluster_1=31.826383;cluster_2=23.047712;cluster_3=37.142327;cluster_4=46.554404	0.986163522012579
STAB_HVG_OUTLIER_EXCL	4	YX16062T	PDAC_007	Classical	3	0.489156275745109	0.383631713554987	0.973807175258562	-0.103803465941404	0.265960935322973	27.9586773991656	cluster_1=28.554863;cluster_2=35.931764;cluster_3=27.958677;cluster_4=38.374409	0.615089514066496
STAB_HVG_OUTLIER_EXCL	4	YX16112T	PDAC_008	Classical	2	0.564768398137012	0.524904214559387	1.43319986493491	0.0298807746088991	0.335744850039112	27.8075903095281	cluster_1=29.526392;cluster_2=27.807590;cluster_3=31.211888;cluster_4=43.990626	0.524904214559387
STAB_HVG_OUTLIER_EXCL	4	YX16113T	PDAC_009	Hybrid	3	0.824501453473584	0.951530612244898	0.279859099955433	0.0576823359596312	0.122639022705969	25.8774406110919	cluster_1=35.360197;cluster_2=38.429629;cluster_3=25.877441;cluster_4=42.180509	0.951530612244898
STAB_HVG_OUTLIER_EXCL	4	YX16119T	PDAC_010	Classical	2	0.851706076217212	0.982165605095541	0.145871670566366	0.181140807204715	0.337785597831755	21.6220436532179	cluster_1=31.640650;cluster_2=21.622044;cluster_3=33.445419;cluster_4=46.821528	0.982165605095541
STAB_HVG_OUTLIER_EXCL	4	YX16120T	PDAC_011	Classical	1	0.959932088190569	0.998711340206186	0.0142289663814061	0.113209898533602	0.285940441000051	23.3079451755267	cluster_1=23.307945;cluster_2=31.890985;cluster_3=32.802326;cluster_4=37.712083	0.998711340206186
STAB_HVG_OUTLIER_EXCL	4	YX16127T	PDAC_012	Classical	1	0.955659435466522	1	0	0.0982703910847083	0.284927909883305	25.2101561154251	cluster_1=25.210156;cluster_2=41.876104;cluster_3=34.723455;cluster_4=31.923789	1
STAB_HVG_OUTLIER_EXCL	4	YX16128T	PDAC_013	Classical	2	0.850348481731153	0.985185185185185	0.125757623655602	0.147729779238168	0.33641591661136	23.3393206184131	cluster_1=31.390354;cluster_2=23.339321;cluster_3=38.339225;cluster_4=47.092311	0.985185185185185
STAB_HVG_OUTLIER_EXCL	4	YX16130T	PDAC_014	Hybrid	2	0.847975385023646	0.998740554156171	0.0139480873529643	0.267087219567869	0.332338902631011	22.5588442601133	cluster_1=38.408352;cluster_2=22.558844;cluster_3=42.256700;cluster_4=52.203425	0.998740554156171
STAB_HVG_OUTLIER_EXCL	4	YX16132T	PDAC_015	Hybrid	2	0.848084363942763	0.988778054862843	0.0999109879914643	0.238868449578197	0.333939848890883	19.4826245191893	cluster_1=33.159101;cluster_2=19.482625;cluster_3=33.482587;cluster_4=48.228077	0.988778054862843
STAB_HVG_OUTLIER_EXCL	4	YX16139T	PDAC_017	Classical	3	0.643751465945627	0.556978233034571	1.06088630352792	-0.0228670727990631	0.22985970371313	23.7438797265661	cluster_1=29.057087;cluster_2=32.185265;cluster_3=23.743880;cluster_4=39.463152	0.556978233034571
STAB_HVG_OUTLIER_EXCL	4	YX16141T	PDAC_018	Hybrid	1	0.741620971622365	0.743329097839898	1.08092832809871	0.0243174575034111	0.305361225904096	27.6983317789728	cluster_1=27.698332;cluster_2=31.604010;cluster_3=30.594617;cluster_4=36.079646	0.743329097839898
STAB_HVG_OUTLIER_EXCL	4	YX16144T	PDAC_019	Hybrid	2	0.842796849637315	0.980867346938776	0.13654255345606	0.205205734608415	0.32981626583044	25.7978966054439	cluster_1=41.734166;cluster_2=25.797897;cluster_3=35.738610;cluster_4=54.038027	0.980867346938776
STAB_HVG_OUTLIER_EXCL	4	YX16147T	PDAC_020	Classical	3	0.832471669488308	0.97636815920398	0.168403068800237	0.080221584359941	0.11623573110158	26.0363252332083	cluster_1=40.058218;cluster_2=37.444977;cluster_3=26.036325;cluster_4=47.324043	0.97636815920398
STAB_HVG_OUTLIER_EXCL	4	YX16153T	PDAC_021	Classical	1	0.9552767505887	1	0	0.188695697813026	0.287774341798334	21.4782025808513	cluster_1=21.478203;cluster_2=34.551205;cluster_3=36.830306;cluster_4=38.849467	1
STAB_HVG_OUTLIER_EXCL	4	YX16155T	PDAC_022	Hybrid	1	0.956040564977119	1	0	0.210018702129132	0.288762679663859	22.4571508972537	cluster_1=22.457151;cluster_2=38.839193;cluster_3=34.856348;cluster_4=35.885942	1
STAB_HVG_OUTLIER_EXCL	4	YX16159T	PDAC_024	Hybrid	2	0.842634003932094	0.981296758104738	0.134096379561504	0.249626223809988	0.329960868768975	24.0036942458274	cluster_1=40.297309;cluster_2=24.003694;cluster_3=36.575111;cluster_4=49.891618	0.981296758104738
STAB_HVG_OUTLIER_EXCL	4	YX16160T	PDAC_025	Basal	3	0.81207527189147	0.984943538268507	0.127454775602333	0.0860267489206964	0.11071063250774	30.8765125872904	cluster_1=42.165291;cluster_2=43.500215;cluster_3=30.876513;cluster_4=43.655060	0.984943538268507
STAB_HVG_OUTLIER_EXCL	4	YX16161T	PDAC_026	Hybrid	2	0.849971502366116	0.980769230769231	0.137099478899818	0.302468594418578	0.332671512947491	21.9690390731075	cluster_1=41.560597;cluster_2=21.969039;cluster_3=37.981828;cluster_4=54.258230	0.980769230769231
STAB_HVG_OUTLIER_EXCL	4	YX16166T	PDAC_027	Classical	1	0.957573152084845	1	0	0.198785829636852	0.288294386778717	20.8195393503512	cluster_1=20.819539;cluster_2=36.092042;cluster_3=35.543746;cluster_4=33.399835	1
STAB_HVG_OUTLIER_EXCL	4	YX16177T	PDAC_028	Classical	1	0.941610148475917	0.974424552429668	0.171692676121088	0.11736411907708	0.286453916342339	26.7593839517405	cluster_1=26.759384;cluster_2=36.368329;cluster_3=33.131502;cluster_4=42.922265	0.974424552429668
STAB_HVG_OUTLIER_EXCL	4	YX16178T	PDAC_029	Classical	1	0.930125749967667	0.94529262086514	0.342924068921603	0.140367042610854	0.294473039613899	25.66234282713	cluster_1=25.662343;cluster_2=38.574592;cluster_3=35.269405;cluster_4=34.989884	0.94529262086514
STAB_HVG_OUTLIER_EXCL	4	YX16180T	PDAC_030	Hybrid	2	0.839323525967713	0.984886649874055	0.113044389204666	0.328000416216711	0.328226285457359	19.7860101032489	cluster_1=39.706606;cluster_2=19.786010;cluster_3=37.708165;cluster_4=53.587853	0.984886649874055
STAB_HVG_OUTLIER_EXCL	4	YX16185T	PDAC_031	Classical	1	0.954065430275755	1	0	0.126069422432615	0.284638301454642	28.2521208623816	cluster_1=28.252121;cluster_2=41.446961;cluster_3=38.866302;cluster_4=36.874379	1
STAB_HVG_OUTLIER_EXCL	4	YX16188T	PDAC_032	Hybrid	3	0.801588157928715	0.989528795811518	0.0839009841730119	0.0859622303481872	0.107554017180351	25.3689262371396	cluster_1=39.171185;cluster_2=37.254711;cluster_3=25.368926;cluster_4=43.230045	0.989528795811518
STAB_HVG_OUTLIER_EXCL	4	YX16202T	PDAC_034	Basal	3	0.78542821594267	0.951005025125628	0.315377574848169	-0.00201383138402765	0.118597689605418	30.9440843996316	cluster_1=42.332748;cluster_2=47.792625;cluster_3=30.944084;cluster_4=37.012559	0.951005025125628
STAB_HVG_OUTLIER_EXCL	4	YX16203T	PDAC_035	Hybrid	2	0.84412846710565	0.97125	0.215845944131502	0.284909852610541	0.33623867990871	17.9461943998472	cluster_1=34.518323;cluster_2=17.946194;cluster_3=33.297030;cluster_4=49.349942	0.97125
STAB_HVG_OUTLIER_EXCL	4	YX16207T	PDAC_036	Hybrid	2	0.836073005045777	0.9825	0.127163722669636	0.325898097316394	0.327058798154022	21.1652188891842	cluster_1=40.829416;cluster_2=21.165219;cluster_3=40.332813;cluster_4=55.570112	0.9825
STAB_HVG_OUTLIER_EXCL	4	YX16218T	PDAC_037	Hybrid	2	0.841771710604296	0.987421383647799	0.0974398258756419	0.274206744804806	0.329503774194929	22.5342440379313	cluster_1=38.805654;cluster_2=22.534244;cluster_3=40.808738;cluster_4=54.139841	0.987421383647799
STAB_HVG_OUTLIER_EXCL	4	YX16222T	PDAC_038	Classical	2	0.786654770989387	0.804020100502513	0.844081581302537	0.111567036138265	0.35906038999312	23.6882135198397	cluster_1=29.681596;cluster_2=23.688214;cluster_3=33.573101;cluster_4=45.934279	0.804020100502513
STAB_HVG_OUTLIER_EXCL	4	YX16227T	PDAC_040	Classical	2	0.779408920491099	0.80958230958231	0.811318209020545	0.0901636053794727	0.355967541269045	25.3533524668845	cluster_1=30.238117;cluster_2=25.353352;cluster_3=38.743717;cluster_4=48.210024	0.80958230958231
STAB_HVG_OUTLIER_EXCL	4	YX16236T	PDAC_041	Classical	1	0.803834118035936	0.80690537084399	0.78059325100135	0.00522915920032493	0.312776925216044	25.7916612031559	cluster_1=25.791661;cluster_2=28.655542;cluster_3=37.075529;cluster_4=43.731576	0.80690537084399
STAB_HVG_OUTLIER_EXCL	4	YX15047T	PDAC_042	Basal	4	0.609379916518302	0.573770491803279	1.33102642716234	-0.00187204281224903	0.265097188418237	29.6181307717568	cluster_1=31.544185;cluster_2=40.015744;cluster_3=32.915262;cluster_4=29.618131	0.573770491803279
STAB_HVG_OUTLIER_EXCL	4	YX15106T	PDAC_043	Basal	4	0.919006966380638	1	0	0.24784414910092	0.211861725617835	24.6284385069951	cluster_1=41.370417;cluster_2=55.047928;cluster_3=44.212256;cluster_4=24.628439	1
STAB_HVG_OUTLIER_EXCL	4	YX15166T	PDAC_044	Basal	4	0.92271813675336	1	0	0.21277618943877	0.212919303598606	24.9874170803194	cluster_1=39.306556;cluster_2=50.113927;cluster_3=37.872175;cluster_4=24.987417	1
STAB_HVG_OUTLIER_EXCL	4	YX15187T	PDAC_045	Basal	4	0.921593821156963	1	0	0.266297127180356	0.212299510353747	21.6052551366566	cluster_1=39.435553;cluster_2=52.709910;cluster_3=41.913345;cluster_4=21.605255	1
STAB_HVG_OUTLIER_EXCL	4	YX15211T	PDAC_046	Hybrid	2	0.491917804430347	0.408138101109741	1.47926845467485	0.0534511960087933	0.339154084951048	24.1212765939923	cluster_1=26.943565;cluster_2=24.121277;cluster_3=32.899787;cluster_4=36.717697	0.435265104808878
STAB_HVG_OUTLIER_EXCL	4	YX15214T	PDAC_047	Basal	4	0.923758727059555	1	0	0.209026211836988	0.213581397491047	23.7541156935189	cluster_1=37.661233;cluster_2=49.902370;cluster_3=41.610049;cluster_4=23.754116	1
STAB_HVG_OUTLIER_EXCL	4	YX16009T	PDAC_048	Hybrid	2	0.848717681576466	0.982389937106918	0.127802794325564	0.218231137579407	0.331973285326711	22.6159139126405	cluster_1=40.834337;cluster_2=22.615914;cluster_3=32.509876;cluster_4=50.711757	0.982389937106918
STAB_HVG_OUTLIER_EXCL	4	YX16011T	PDAC_049	Basal	4	0.921617046384605	1	0	0.221681802754278	0.212724108423213	23.3791771993524	cluster_1=38.197962;cluster_2=52.781449;cluster_3=41.787512;cluster_4=23.379177	1
STAB_HVG_OUTLIER_EXCL	4	YX16068T	PDAC_050	Basal	4	0.92140980090293	1	0	0.184409553093489	0.212240275156519	23.5762179869355	cluster_1=35.975062;cluster_2=53.163332;cluster_3=43.501658;cluster_4=23.576218	1
STAB_HVG_OUTLIER_EXCL	4	YX16070T	PDAC_051	Basal	2	0.362433156145093	0.2775	1.80703579121899	0.0635353352228444	0.315394000073674	30.112207230794	cluster_1=33.733114;cluster_2=30.112207;cluster_3=35.567236;cluster_4=35.904872	0.41
STAB_HVG_OUTLIER_EXCL	4	YX16075T	PDAC_052	Hybrid	2	0.844729317175532	0.978802992518703	0.148109660036264	0.261853133667004	0.33037409328547	24.9310011985446	cluster_1=42.132386;cluster_2=24.931001;cluster_3=38.926502;cluster_4=53.971361	0.978802992518703
STAB_HVG_OUTLIER_EXCL	4	YX16079T	PDAC_053	Basal	4	0.927765992137607	0.988721804511278	0.0948282750436255	0.108184482369469	0.217011421909633	26.2638092415031	cluster_1=34.103426;cluster_2=48.951983;cluster_3=39.570100;cluster_4=26.263809	0.988721804511278
STAB_HVG_OUTLIER_EXCL	4	YX16087T	PDAC_054	Basal	4	0.922466274390977	1	0	0.263494189545652	0.212500649372718	21.0514279698106	cluster_1=38.603900;cluster_2=52.242059;cluster_3=42.103931;cluster_4=21.051428	1
STAB_HVG_OUTLIER_EXCL	4	YX16094T	PDAC_055	Basal	4	0.525050417430199	0.493081761006289	1.51657617687806	0.0799775823808149	0.260588957745051	27.8685420250978	cluster_1=34.107205;cluster_2=40.726875;cluster_3=36.533888;cluster_4=27.868542	0.493081761006289
STAB_HVG_OUTLIER_EXCL	4	YX16172T	PDAC_056	Basal	2	0.38785152518086	0.28843710292249	1.62254542703587	0.0779668838833734	0.320600892985784	29.6994201710966	cluster_1=34.229654;cluster_2=29.699420;cluster_3=34.324209;cluster_4=35.637570	0.440914866581957
STAB_HVG_OUTLIER_EXCL	4	YX16295T	PDAC_057	Basal	4	0.925429485433375	1	0	0.255733606409459	0.213622852438655	23.0732402387028	cluster_1=40.132742;cluster_2=55.795744;cluster_3=44.376009;cluster_4=23.073240	1
STAB_HVG_OUTLIER_EXCL	4	YX16327T	PDAC_058	Basal	4	0.919751013947449	0.987179487179487	0.111407179900034	0.121438513833045	0.214948484183483	26.7622815880135	cluster_1=35.475801;cluster_2=44.444853;cluster_3=40.593339;cluster_4=26.762282	0.987179487179487
STAB_HVG_OUTLIER_EXCL	4	YX16335T	PDAC_059	Classical	1	0.959768373626124	1	0	0.194910688695054	0.291250806651591	19.9849637573747	cluster_1=19.984964;cluster_2=35.172248;cluster_3=32.917421;cluster_4=32.359285	1
STAB_HVG_OUTLIER_EXCL	4	YX16341T	PDAC_060	Basal	4	0.926651882572181	0.997439180537772	0.028297118974194	0.199044503344265	0.213682319457931	24.5603219187745	cluster_1=37.940790;cluster_2=48.249190;cluster_3=36.315229;cluster_4=24.560322	0.997439180537772
STAB_HVG_OUTLIER_EXCL	4	YX16343T	PDAC_061	Hybrid	4	0.904982134369178	0.949350649350649	0.336851978057061	0.108711051903388	0.222682441769235	24.5613717049552	cluster_1=32.507256;cluster_2=45.520095;cluster_3=35.910441;cluster_4=24.561372	0.949350649350649
STAB_HVG_OUTLIER_EXCL	4	YX16347T	PDAC_062	Classical	1	0.955075963099791	0.998762376237624	0.0137376403444077	0.142784751698342	0.287279827846786	25.0430019730522	cluster_1=25.043002;cluster_2=38.606215;cluster_3=37.517751;cluster_4=34.483437	0.998762376237624
STAB_HVG_OUTLIER_EXCL	5	YX15261T	PDAC_001	Classical	1	0.883489411115294	0.998735777496839	0.0139940791366003	0.103950433784677	0.223098509081639	27.9219918746346	cluster_1=27.921992;cluster_2=47.456466;cluster_3=40.696128;cluster_4=33.484079;cluster_5=35.103762	0.998735777496839
STAB_HVG_OUTLIER_EXCL	5	YX15263T	PDAC_002	Classical	1	0.880502551881914	0.893350062735257	0.543183403405797	0.111757863939665	0.237275475151523	22.0265684556823	cluster_1=22.026568;cluster_2=41.569641;cluster_3=30.829348;cluster_4=36.413870;cluster_5=39.567041	0.893350062735257
STAB_HVG_OUTLIER_EXCL	5	YX15271T	PDAC_003	Hybrid	2	0.994051898522155	0.907944514501892	0.443293799517841	0.236046253980551	0.233788016481786	15.5647738128226	cluster_1=41.314607;cluster_2=15.564774;cluster_3=25.945435;cluster_4=38.892139;cluster_5=54.283330	0.907944514501892
STAB_HVG_OUTLIER_EXCL	5	YX16036T	PDAC_004	Hybrid	3	0.671780440003416	0.433497536945813	0.987201245763081	-0.0446786344367558	0.264386580229631	20.6791821973248	cluster_1=35.768980;cluster_2=23.710181;cluster_3=20.679182;cluster_4=37.460026;cluster_5=50.168652	0.566502463054187
STAB_HVG_OUTLIER_EXCL	5	YX16041T	PDAC_005	Classical	3	0.697598356942096	0.763157894736842	0.936149127655888	0.116502128760577	0.23937826613175	25.3934772526487	cluster_1=34.286606;cluster_2=35.091474;cluster_3=25.393477;cluster_4=41.054613;cluster_5=50.821391	0.763157894736842
STAB_HVG_OUTLIER_EXCL	5	YX16057T	PDAC_006	Classical	3	0.724019241469123	0.524528301886792	0.998263343905063	0.0463455962888485	0.264419013452662	22.0258208516579	cluster_1=31.826383;cluster_2=28.642760;cluster_3=22.025821;cluster_4=37.142327;cluster_5=46.554404	0.524528301886792
STAB_HVG_OUTLIER_EXCL	5	YX16062T	PDAC_007	Classical	4	0.453603433210545	0.377237851662404	1.69449533490315	-0.103803465941404	0.195908028047879	27.9586773991656	cluster_1=28.554863;cluster_2=42.417935;cluster_3=33.230398;cluster_4=27.958677;cluster_5=38.374409	0.38618925831202
STAB_HVG_OUTLIER_EXCL	5	YX16112T	PDAC_008	Classical	3	0.540479262644115	0.642401021711367	1.50560947917017	0.0766141930881441	0.22277232191855	25.2686065454717	cluster_1=29.526392;cluster_2=34.647504;cluster_3=25.268607;cluster_4=31.211888;cluster_5=43.990626	0.642401021711367
STAB_HVG_OUTLIER_EXCL	5	YX16113T	PDAC_009	Hybrid	4	0.798716937724277	0.968112244897959	0.232610954393786	0.0576823359596312	0.101340681978761	25.8774406110919	cluster_1=35.360197;cluster_2=41.446134;cluster_3=38.233542;cluster_4=25.877441;cluster_5=42.180509	0.968112244897959
STAB_HVG_OUTLIER_EXCL	5	YX16119T	PDAC_010	Classical	3	0.719436771187632	0.529936305732484	1.01011098062526	0.00949196472630671	0.262221370325499	21.3699661302471	cluster_1=31.640650;cluster_2=26.494004;cluster_3=21.369966;cluster_4=33.445419;cluster_5=46.821528	0.529936305732484
STAB_HVG_OUTLIER_EXCL	5	YX16120T	PDAC_011	Classical	1	0.898307847110197	0.960051546391753	0.24205580087606	0.0691983030972693	0.230745025785052	23.3079451755267	cluster_1=23.307945;cluster_2=37.811036;cluster_3=29.860134;cluster_4=32.802326;cluster_5=37.712083	0.960051546391753
STAB_HVG_OUTLIER_EXCL	5	YX16127T	PDAC_012	Classical	1	0.885345411019766	1	0	0.0982703910847083	0.222860177231253	25.2101561154251	cluster_1=25.210156;cluster_2=48.527539;cluster_3=38.818939;cluster_4=34.723455;cluster_5=31.923789	1
STAB_HVG_OUTLIER_EXCL	5	YX16128T	PDAC_013	Classical	3	0.716641334415305	0.523456790123457	0.99841181490745	0.00909525541709647	0.263285531464766	23.0630381060563	cluster_1=31.390354;cluster_2=27.968335;cluster_3=23.063038;cluster_4=38.339225;cluster_5=47.092311	0.523456790123457
STAB_HVG_OUTLIER_EXCL	5	YX16130T	PDAC_014	Hybrid	3	0.673610686137968	0.443324937027708	0.990711996876785	-0.0612650164299617	0.2642413144136	23.6090665326646	cluster_1=38.408352;cluster_2=25.515472;cluster_3=23.609067;cluster_4=42.256700;cluster_5=52.203425	0.556675062972292
STAB_HVG_OUTLIER_EXCL	5	YX16132T	PDAC_015	Hybrid	3	0.701607970788828	0.481296758104738	0.998990422549467	-0.0152636035323427	0.264087969767829	19.7122111750914	cluster_1=33.159101;cluster_2=24.148214;cluster_3=19.712211;cluster_4=33.482587;cluster_5=48.228077	0.518703241895262
STAB_HVG_OUTLIER_EXCL	5	YX16139T	PDAC_017	Classical	4	0.609724029099983	0.560819462227913	1.50180336994262	-0.0228670727990631	0.170369042222229	23.7438797265661	cluster_1=29.057087;cluster_2=37.542571;cluster_3=30.587754;cluster_4=23.743880;cluster_5=39.463152	0.560819462227913
STAB_HVG_OUTLIER_EXCL	5	YX16141T	PDAC_018	Hybrid	1	0.486790206467243	0.439644218551461	1.65503102548117	-0.0415311702573927	0.212455333336219	27.6983317789728	cluster_1=27.698332;cluster_2=38.656257;cluster_3=28.638145;cluster_4=30.594617;cluster_5=36.079646	0.439644218551461
STAB_HVG_OUTLIER_EXCL	5	YX16144T	PDAC_019	Hybrid	2	0.998986342974562	0.887755102040816	0.50665033448409	0.175886848372085	0.241400927049697	22.1539564668358	cluster_1=41.734166;cluster_2=22.153956;cluster_3=30.293913;cluster_4=35.738610;cluster_5=54.038027	0.887755102040816
STAB_HVG_OUTLIER_EXCL	5	YX16147T	PDAC_020	Classical	4	0.805160950475494	0.982587064676617	0.14666205564435	0.0618027105044983	0.0941002641152139	26.0363252332083	cluster_1=40.058218;cluster_2=38.760283;cluster_3=38.438932;cluster_4=26.036325;cluster_5=47.324043	0.982587064676617
STAB_HVG_OUTLIER_EXCL	5	YX16153T	PDAC_021	Classical	1	0.890187905627819	1	0	0.111192364944206	0.225320133113478	21.4782025808513	cluster_1=21.478203;cluster_2=42.970855;cluster_3=30.233232;cluster_4=36.830306;cluster_5=38.849467	1
STAB_HVG_OUTLIER_EXCL	5	YX16155T	PDAC_022	Hybrid	1	0.889049145295322	1	0	0.183990527534968	0.226246742519681	22.4571508972537	cluster_1=22.457151;cluster_2=46.149068;cluster_3=35.340720;cluster_4=34.856348;cluster_5=35.885942	1
STAB_HVG_OUTLIER_EXCL	5	YX16159T	PDAC_024	Hybrid	2	0.993713545455706	0.908977556109726	0.439873425267167	0.16087507597647	0.237648492495003	21.2245247670389	cluster_1=40.297309;cluster_2=21.224525;cluster_3=28.228414;cluster_4=36.575111;cluster_5=49.891618	0.908977556109726
STAB_HVG_OUTLIER_EXCL	5	YX16160T	PDAC_025	Basal	4	0.769602588450351	0.949811794228356	0.335097234445058	0.0841236218382189	0.0885895984881677	30.8765125872904	cluster_1=42.165291;cluster_2=44.667449;cluster_3=44.339278;cluster_4=30.876513;cluster_5=43.655060	0.949811794228356
STAB_HVG_OUTLIER_EXCL	5	YX16161T	PDAC_026	Hybrid	2	0.993896310822405	0.902564102564103	0.460814479720931	0.21550084174849	0.234938129554111	17.6465657306214	cluster_1=41.560597;cluster_2=17.646566;cluster_3=27.066229;cluster_4=37.981828;cluster_5=54.258230	0.902564102564103
STAB_HVG_OUTLIER_EXCL	5	YX16166T	PDAC_027	Classical	1	0.88412559909242	1	0	0.159051272603855	0.222801648409687	20.8195393503512	cluster_1=20.819539;cluster_2=43.923052;cluster_3=32.244112;cluster_4=35.543746;cluster_5=33.399835	1
STAB_HVG_OUTLIER_EXCL	5	YX16177T	PDAC_028	Classical	1	0.863317045531213	0.904092071611253	0.545183795729912	0.0900609715470069	0.230828075627882	26.7593839517405	cluster_1=26.759384;cluster_2=41.842427;cluster_3=34.457041;cluster_4=33.131502;cluster_5=42.922265	0.904092071611253
STAB_HVG_OUTLIER_EXCL	5	YX16178T	PDAC_029	Classical	1	0.758368779657361	0.737913486005089	1.12395083370623	0.127731014137547	0.234259278457551	25.66234282713	cluster_1=25.662343;cluster_2=45.577551;cluster_3=35.341412;cluster_4=35.269405;cluster_5=34.989884	0.737913486005089
STAB_HVG_OUTLIER_EXCL	5	YX16180T	PDAC_030	Hybrid	2	0.995238095238095	0.900503778337531	0.467396616857059	0.161979255073991	0.242494512638255	17.6672474309516	cluster_1=39.706606;cluster_2=17.667247;cluster_3=24.132152;cluster_4=37.708165;cluster_5=53.587853	0.900503778337531
STAB_HVG_OUTLIER_EXCL	5	YX16185T	PDAC_031	Classical	1	0.884268327627481	0.998743718592965	0.0139176043545589	0.126069422432615	0.223310404982353	28.2521208623816	cluster_1=28.252121;cluster_2=47.658253;cluster_3=38.754571;cluster_4=38.866302;cluster_5=36.874379	0.998743718592965
STAB_HVG_OUTLIER_EXCL	5	YX16188T	PDAC_032	Hybrid	4	0.785754793152663	1	0	0.0811040571396679	0.0899769838781785	25.3689262371396	cluster_1=39.171185;cluster_2=39.349306;cluster_3=37.744207;cluster_4=25.368926;cluster_5=43.230045	1
STAB_HVG_OUTLIER_EXCL	5	YX16202T	PDAC_034	Basal	4	0.734174616987478	0.903266331658292	0.609802881655223	-0.00201383138402765	0.0956379217056299	30.9440843996316	cluster_1=42.332748;cluster_2=51.038892;cluster_3=47.092948;cluster_4=30.944084;cluster_5=37.012559	0.903266331658292
STAB_HVG_OUTLIER_EXCL	5	YX16203T	PDAC_035	Hybrid	3	0.659960298527551	0.4675	0.996950157006996	-0.0734898996142838	0.259480562088775	19.3163089396946	cluster_1=34.518323;cluster_2=21.452509;cluster_3=19.316309;cluster_4=33.297030;cluster_5=49.349942	0.5325
STAB_HVG_OUTLIER_EXCL	5	YX16207T	PDAC_036	Hybrid	2	0.994502998704679	0.9125	0.428069629229306	0.194241600305927	0.240021047282274	17.6728373705834	cluster_1=40.829416;cluster_2=17.672837;cluster_3=25.981201;cluster_4=40.332813;cluster_5=55.570112	0.9125
STAB_HVG_OUTLIER_EXCL	5	YX16218T	PDAC_037	Hybrid	2	0.9614744856121	0.860377358490566	0.583249689987044	0.114975629308157	0.250425836248248	21.3984810862341	cluster_1=38.805654;cluster_2=21.398481;cluster_3=26.071628;cluster_4=40.808738;cluster_5=54.139841	0.860377358490566
STAB_HVG_OUTLIER_EXCL	5	YX16222T	PDAC_038	Classical	3	0.727942798780169	0.756281407035176	0.971037046919707	0.100331010389795	0.245070304918283	21.4675271615342	cluster_1=29.681596;cluster_2=30.572519;cluster_3=21.467527;cluster_4=33.573101;cluster_5=45.934279	0.756281407035176
STAB_HVG_OUTLIER_EXCL	5	YX16227T	PDAC_040	Classical	3	0.714215157524479	0.754299754299754	0.928531386622194	0.154770953483472	0.241315168564521	21.6743100897431	cluster_1=30.238117;cluster_2=33.607902;cluster_3=21.674310;cluster_4=38.743717;cluster_5=48.210024	0.754299754299754
STAB_HVG_OUTLIER_EXCL	5	YX16236T	PDAC_041	Classical	1	0.695990859848243	0.676470588235294	1.13552294014842	-0.0558085547560789	0.241781146966942	25.7916612031559	cluster_1=25.791661;cluster_2=35.552895;cluster_3=26.005768;cluster_4=37.075529;cluster_5=43.731576	0.676470588235294
STAB_HVG_OUTLIER_EXCL	5	YX15047T	PDAC_042	Basal	5	0.595622556209029	0.558638083228247	1.78293443710069	-0.00187204281224903	0.219292153829531	29.6181307717568	cluster_1=31.544185;cluster_2=46.738092;cluster_3=36.962321;cluster_4=32.915262;cluster_5=29.618131	0.558638083228247
STAB_HVG_OUTLIER_EXCL	5	YX15106T	PDAC_043	Basal	5	0.912536602427231	1	0	0.24784414910092	0.209591667051951	24.6284385069951	cluster_1=41.370417;cluster_2=60.552781;cluster_3=52.545633;cluster_4=44.212256;cluster_5=24.628439	1
STAB_HVG_OUTLIER_EXCL	5	YX15166T	PDAC_044	Basal	5	0.917150093991033	1	0	0.21277618943877	0.210844818599677	24.9874170803194	cluster_1=39.306556;cluster_2=54.874231;cluster_3=48.269890;cluster_4=37.872175;cluster_5=24.987417	1
STAB_HVG_OUTLIER_EXCL	5	YX15187T	PDAC_045	Basal	5	0.916146149508396	1	0	0.266297127180356	0.21027680537446	21.6052551366566	cluster_1=39.435553;cluster_2=58.677240;cluster_3=49.908905;cluster_4=41.913345;cluster_5=21.605255	1
STAB_HVG_OUTLIER_EXCL	5	YX15211T	PDAC_046	Hybrid	3	0.489280036759115	0.806411837237978	0.999375389497184	0.103839012216823	0.17967361608525	21.2748200848451	cluster_1=26.943565;cluster_2=31.629151;cluster_3=21.274820;cluster_4=32.899787;cluster_5=36.717697	0.806411837237978
STAB_HVG_OUTLIER_EXCL	5	YX15214T	PDAC_047	Basal	5	0.917744119756908	1	0	0.209026211836988	0.211280828453204	23.7541156935189	cluster_1=37.661233;cluster_2=56.016896;cluster_3=47.050648;cluster_4=41.610049;cluster_5=23.754116	1
STAB_HVG_OUTLIER_EXCL	5	YX16009T	PDAC_048	Hybrid	2	0.993987001925641	0.89811320754717	0.474948208976206	0.187022636964355	0.235054049878622	19.2383070253746	cluster_1=40.834337;cluster_2=19.238307;cluster_3=27.243702;cluster_4=32.509876;cluster_5=50.711757	0.89811320754717
STAB_HVG_OUTLIER_EXCL	5	YX16011T	PDAC_049	Basal	5	0.915284037277926	1	0	0.221681802754278	0.210353552048668	23.3791771993524	cluster_1=38.197962;cluster_2=58.957111;cluster_3=49.821005;cluster_4=41.787512;cluster_5=23.379177	1
STAB_HVG_OUTLIER_EXCL	5	YX16068T	PDAC_050	Basal	5	0.915607052226172	1	0	0.184409553093489	0.210309682135456	23.5762179869355	cluster_1=35.975062;cluster_2=60.097091;cluster_3=49.612014;cluster_4=43.501658;cluster_5=23.576218	1
STAB_HVG_OUTLIER_EXCL	5	YX16070T	PDAC_051	Basal	3	0.367792925152978	0.68125	1.5272340261277	0.0255254648850321	0.170053150207183	29.3458498080016	cluster_1=33.733114;cluster_2=34.571478;cluster_3=29.345850;cluster_4=35.567236;cluster_5=35.904872	0.68125
STAB_HVG_OUTLIER_EXCL	5	YX16075T	PDAC_052	Hybrid	2	0.995070977917981	0.899002493765586	0.472149661945833	0.159196164504751	0.237938544046745	22.0176539852331	cluster_1=42.132386;cluster_2=22.017654;cluster_3=29.143512;cluster_4=38.926502;cluster_5=53.971361	0.899002493765586
STAB_HVG_OUTLIER_EXCL	5	YX16079T	PDAC_053	Basal	5	0.920959773545932	0.979949874686717	0.175863634221703	0.108184482369469	0.213677718247218	26.2638092415031	cluster_1=34.103426;cluster_2=55.590262;cluster_3=45.716815;cluster_4=39.570100;cluster_5=26.263809	0.979949874686717
STAB_HVG_OUTLIER_EXCL	5	YX16087T	PDAC_054	Basal	5	0.917796854032802	1	0	0.263494189545652	0.210730450658017	21.0514279698106	cluster_1=38.603900;cluster_2=58.241665;cluster_3=49.426411;cluster_4=42.103931;cluster_5=21.051428	1
STAB_HVG_OUTLIER_EXCL	5	YX16094T	PDAC_055	Basal	5	0.508161778837889	0.475471698113208	1.87313891412708	0.0799775823808149	0.187153482665175	27.8685420250978	cluster_1=34.107205;cluster_2=47.316706;cluster_3=37.756569;cluster_4=36.533888;cluster_5=27.868542	0.475471698113208
STAB_HVG_OUTLIER_EXCL	5	YX16172T	PDAC_056	Basal	3	0.401501925235429	0.748411689961881	1.2393872387496	0.0784651996031098	0.164077227139209	27.7811369861414	cluster_1=34.229654;cluster_2=35.653032;cluster_3=27.781137;cluster_4=34.324209;cluster_5=35.637570	0.748411689961881
STAB_HVG_OUTLIER_EXCL	5	YX16295T	PDAC_057	Basal	5	0.91979164310897	1	0	0.255733606409459	0.211579354743857	23.0732402387028	cluster_1=40.132742;cluster_2=61.760474;cluster_3=52.936379;cluster_4=44.376009;cluster_5=23.073240	1
STAB_HVG_OUTLIER_EXCL	5	YX16327T	PDAC_058	Basal	5	0.909917592107459	0.974358974358974	0.203733366131929	0.121438513833045	0.210842018521725	26.7622815880135	cluster_1=35.475801;cluster_2=50.002092;cluster_3=42.163884;cluster_4=40.593339;cluster_5=26.762282	0.974358974358974
STAB_HVG_OUTLIER_EXCL	5	YX16335T	PDAC_059	Classical	1	0.890323051040966	0.998745294855709	0.0139024159318212	0.155986809903266	0.226842268120292	19.9849637573747	cluster_1=19.984964;cluster_2=43.104728;cluster_3=31.269446;cluster_4=32.917421;cluster_5=32.359285	0.998745294855709
STAB_HVG_OUTLIER_EXCL	5	YX16341T	PDAC_060	Basal	5	0.923031149212357	0.994878361075544	0.0540239332856532	0.199044503344265	0.212349012410646	24.5603219187745	cluster_1=37.940790;cluster_2=53.635546;cluster_3=45.989709;cluster_4=36.315229;cluster_5=24.560322	0.994878361075544
STAB_HVG_OUTLIER_EXCL	5	YX16343T	PDAC_061	Hybrid	5	0.897280760117323	0.938961038961039	0.430192426597025	0.108711051903388	0.214193776306299	24.5613717049552	cluster_1=32.507256;cluster_2=52.567886;cluster_3=42.042008;cluster_4=35.910441;cluster_5=24.561372	0.938961038961039
STAB_HVG_OUTLIER_EXCL	5	YX16347T	PDAC_062	Classical	1	0.892517288806501	0.981435643564356	0.133302121232757	0.140118444697258	0.22701317388386	25.0430019730522	cluster_1=25.043002;cluster_2=45.500601;cluster_3=35.461676;cluster_4=37.517751;cluster_5=34.483437	0.981435643564356
STAB_HVG_OUTLIER_EXCL	6	YX15261T	PDAC_001	Classical	1	0.835911853589333	0.993678887484197	0.0614075984077752	0.102059233981847	0.200178947531717	27.9219918746346	cluster_1=27.921992;cluster_2=47.456466;cluster_3=42.677709;cluster_4=33.484079;cluster_5=35.103762;cluster_6=38.946463	0.993678887484197
STAB_HVG_OUTLIER_EXCL	6	YX15263T	PDAC_002	Classical	1	0.820358235921533	0.823086574654956	0.923789290091604	0.0994993006939316	0.211715154281872	22.0265684556823	cluster_1=22.026568;cluster_2=41.569641;cluster_3=31.285655;cluster_4=36.413870;cluster_5=39.567041;cluster_6=36.234678	0.823086574654956
STAB_HVG_OUTLIER_EXCL	6	YX15271T	PDAC_003	Hybrid	2	0.988094417910397	0.954602774274905	0.266513166711391	0.214761841306453	0.188512575899184	15.5647738128226	cluster_1=41.314607;cluster_2=15.564774;cluster_3=26.102900;cluster_4=38.892139;cluster_5=54.283330;cluster_6=33.309816	0.954602774274905
STAB_HVG_OUTLIER_EXCL	6	YX16036T	PDAC_004	Hybrid	3	0.768828995828702	0.594827586206897	0.973895964553929	-0.0183783628449042	0.216260997984368	20.6758199263722	cluster_1=35.768980;cluster_2=23.710181;cluster_3=20.675820;cluster_4=37.460026;cluster_5=50.168652;cluster_6=29.909326	0.594827586206897
STAB_HVG_OUTLIER_EXCL	6	YX16041T	PDAC_005	Classical	3	0.717742255734162	0.951127819548872	0.356745462602851	0.153987669792563	0.166887131439115	24.2257382747756	cluster_1=34.286606;cluster_2=35.091474;cluster_3=24.225738;cluster_4=41.054613;cluster_5=50.821391;cluster_6=36.382868	0.951127819548872
STAB_HVG_OUTLIER_EXCL	6	YX16057T	PDAC_006	Classical	3	0.830796404986506	0.70440251572327	0.875842532018314	0.0733599027050051	0.211605050629814	21.8344689448161	cluster_1=31.826383;cluster_2=28.642760;cluster_3=21.834469;cluster_4=37.142327;cluster_5=46.554404;cluster_6=31.342296	0.70440251572327
STAB_HVG_OUTLIER_EXCL	6	YX16062T	PDAC_007	Classical	4	0.397299181308466	0.381074168797954	1.97278147624617	-0.103803465941404	0.152416311823028	27.9586773991656	cluster_1=28.554863;cluster_2=42.417935;cluster_3=34.136257;cluster_4=27.958677;cluster_5=38.374409;cluster_6=36.700563	0.381074168797954
STAB_HVG_OUTLIER_EXCL	6	YX16112T	PDAC_008	Classical	3	0.537396566213307	0.735632183908046	1.26310269038048	0.0997627395795618	0.157470409786379	24.9646817730158	cluster_1=29.526392;cluster_2=34.647504;cluster_3=24.964682;cluster_4=31.211888;cluster_5=43.990626;cluster_6=34.072149	0.735632183908046
STAB_HVG_OUTLIER_EXCL	6	YX16113T	PDAC_009	Hybrid	4	0.724012667041638	0.977040816326531	0.197289560740862	0.0576823359596312	0.0862805368441049	25.8774406110919	cluster_1=35.360197;cluster_2=41.446134;cluster_3=38.873740;cluster_4=25.877441;cluster_5=42.180509;cluster_6=41.799904	0.977040816326531
STAB_HVG_OUTLIER_EXCL	6	YX16119T	PDAC_010	Classical	3	0.819382321818719	0.712101910828025	0.877786336335452	0.0540205679438292	0.208622686991532	20.3492133002746	cluster_1=31.640650;cluster_2=26.494004;cluster_3=20.349213;cluster_4=33.445419;cluster_5=46.821528;cluster_6=32.851936	0.712101910828025
STAB_HVG_OUTLIER_EXCL	6	YX16120T	PDAC_011	Classical	1	0.853275514657216	0.92139175257732	0.504013854872443	0.061234315820712	0.209237258664367	23.3079451755267	cluster_1=23.307945;cluster_2=37.811036;cluster_3=30.613523;cluster_4=32.802326;cluster_5=37.712083;cluster_6=34.510913	0.92139175257732
STAB_HVG_OUTLIER_EXCL	6	YX16127T	PDAC_012	Classical	1	0.839728432395594	0.989650711513583	0.0929776178636429	0.0982703910847083	0.201649152339818	25.2101561154251	cluster_1=25.210156;cluster_2=48.527539;cluster_3=40.453607;cluster_4=34.723455;cluster_5=31.923789;cluster_6=38.706549	0.989650711513583
STAB_HVG_OUTLIER_EXCL	6	YX16128T	PDAC_013	Classical	3	0.81604091769179	0.704938271604938	0.875170360488552	0.0481193936751738	0.208743997385981	22.2248688962182	cluster_1=31.390354;cluster_2=27.968335;cluster_3=22.224869;cluster_4=38.339225;cluster_5=47.092311;cluster_6=33.727078	0.704938271604938
STAB_HVG_OUTLIER_EXCL	6	YX16130T	PDAC_014	Hybrid	3	0.770842849971405	0.589420654911839	0.976803676935949	-0.0320282141415289	0.216233318706796	23.2713145843952	cluster_1=38.408352;cluster_2=25.515472;cluster_3=23.271315;cluster_4=42.256700;cluster_5=52.203425;cluster_6=32.891871	0.589420654911839
STAB_HVG_OUTLIER_EXCL	6	YX16132T	PDAC_015	Hybrid	3	0.798340253471038	0.645885286783042	0.93768925568065	0.0287272088759622	0.214604370267093	18.9127257948972	cluster_1=33.159101;cluster_2=24.148214;cluster_3=18.912726;cluster_4=33.482587;cluster_5=48.228077;cluster_6=31.116355	0.645885286783042
STAB_HVG_OUTLIER_EXCL	6	YX16139T	PDAC_017	Classical	4	0.537921542888068	0.564660691421255	1.7085521693269	-0.0228670727990631	0.134324015370927	23.7438797265661	cluster_1=29.057087;cluster_2=37.542571;cluster_3=31.453538;cluster_4=23.743880;cluster_5=39.463152;cluster_6=34.714370	0.564660691421255
STAB_HVG_OUTLIER_EXCL	6	YX16141T	PDAC_018	Hybrid	1	0.367381484438001	0.294790343074968	1.66611319855095	-0.0947320340589078	0.15991025410156	27.6983317789728	cluster_1=27.698332;cluster_2=38.656257;cluster_3=30.466374;cluster_4=30.594617;cluster_5=36.079646;cluster_6=29.838986	0.523506988564168
STAB_HVG_OUTLIER_EXCL	6	YX16144T	PDAC_019	Hybrid	2	0.99573504859945	0.933673469387755	0.352062972983504	0.144864844998951	0.193731627149511	22.1539564668358	cluster_1=41.734166;cluster_2=22.153956;cluster_3=29.672226;cluster_4=35.738610;cluster_5=54.038027;cluster_6=38.998006	0.933673469387755
STAB_HVG_OUTLIER_EXCL	6	YX16147T	PDAC_020	Classical	4	0.732842019398922	0.983830845771144	0.135453977153172	0.0618027105044983	0.0822949840030337	26.0363252332083	cluster_1=40.058218;cluster_2=38.760283;cluster_3=38.755165;cluster_4=26.036325;cluster_5=47.324043;cluster_6=43.063591	0.983830845771144
STAB_HVG_OUTLIER_EXCL	6	YX16153T	PDAC_021	Classical	1	0.84285669041932	0.99375	0.0608190992888759	0.104476300352974	0.201540278338606	21.4782025808513	cluster_1=21.478203;cluster_2=42.970855;cluster_3=31.003520;cluster_4=36.830306;cluster_5=38.849467;cluster_6=34.749407	0.99375
STAB_HVG_OUTLIER_EXCL	6	YX16155T	PDAC_022	Hybrid	1	0.836706843295407	0.99125	0.0799398827151101	0.168992058167247	0.200497436647055	22.4571508972537	cluster_1=22.457151;cluster_2=46.149068;cluster_3=36.566005;cluster_4=34.856348;cluster_5=35.885942;cluster_6=37.314066	0.99125
STAB_HVG_OUTLIER_EXCL	6	YX16159T	PDAC_024	Hybrid	2	0.987410831723907	0.956359102244389	0.258743478490053	0.15168076904409	0.191920277775574	21.2245247670389	cluster_1=40.297309;cluster_2=21.224525;cluster_3=29.630702;cluster_4=36.575111;cluster_5=49.891618;cluster_6=31.076958	0.956359102244389
STAB_HVG_OUTLIER_EXCL	6	YX16160T	PDAC_025	Basal	4	0.615654722021352	0.760351317440402	1.1257153511973	0.0269208081752553	0.066253642972404	30.8765125872904	cluster_1=42.165291;cluster_2=44.667449;cluster_3=46.343361;cluster_4=30.876513;cluster_5=43.655060;cluster_6=42.024250	0.760351317440402
STAB_HVG_OUTLIER_EXCL	6	YX16161T	PDAC_026	Hybrid	2	0.987586791876533	0.951282051282051	0.280925730463082	0.189669807507038	0.187911629759019	17.6465657306214	cluster_1=41.560597;cluster_2=17.646566;cluster_3=26.919501;cluster_4=37.981828;cluster_5=54.258230;cluster_6=35.043610	0.951282051282051
STAB_HVG_OUTLIER_EXCL	6	YX16166T	PDAC_027	Classical	1	0.836126795676758	0.991105463786531	0.0810491962836832	0.125428096189661	0.199673237321863	20.8195393503512	cluster_1=20.819539;cluster_2=43.923052;cluster_3=33.782221;cluster_4=35.543746;cluster_5=33.399835;cluster_6=33.671076	0.991105463786531
STAB_HVG_OUTLIER_EXCL	6	YX16177T	PDAC_028	Classical	1	0.803898944854065	0.840153452685422	0.905930525530116	0.0683042871745513	0.206073590093053	26.7593839517405	cluster_1=26.759384;cluster_2=41.842427;cluster_3=34.285447;cluster_4=33.131502;cluster_5=42.922265;cluster_6=41.194274	0.840153452685422
STAB_HVG_OUTLIER_EXCL	6	YX16178T	PDAC_029	Classical	1	0.645541042034104	0.594147582697201	1.50050028535907	0.0948624272203065	0.194694025646916	25.66234282713	cluster_1=25.662343;cluster_2=45.577551;cluster_3=36.801774;cluster_4=35.269405;cluster_5=34.989884;cluster_6=36.457403	0.594147582697201
STAB_HVG_OUTLIER_EXCL	6	YX16180T	PDAC_030	Hybrid	2	0.989273144919912	0.945843828715365	0.303796360007683	0.124481060107171	0.19888923852861	17.6672474309516	cluster_1=39.706606;cluster_2=17.667247;cluster_3=23.558586;cluster_4=37.708165;cluster_5=53.587853;cluster_6=33.898189	0.945843828715365
STAB_HVG_OUTLIER_EXCL	6	YX16185T	PDAC_031	Classical	1	0.837718342331387	0.993718592964824	0.0610791555685963	0.0781647407621403	0.200012138916505	28.2521208623816	cluster_1=28.252121;cluster_2=47.658253;cluster_3=40.538055;cluster_4=38.866302;cluster_5=36.874379;cluster_6=38.076456	0.993718592964824
STAB_HVG_OUTLIER_EXCL	6	YX16188T	PDAC_032	Hybrid	4	0.729283353943925	1	0	0.0643325924561934	0.0798426586480859	25.3689262371396	cluster_1=39.171185;cluster_2=39.349306;cluster_3=39.044158;cluster_4=25.368926;cluster_5=43.230045;cluster_6=39.051809	1
STAB_HVG_OUTLIER_EXCL	6	YX16202T	PDAC_034	Basal	4	0.570809445850702	0.702261306532663	1.31793903540347	-0.00201383138402765	0.0679925023155668	30.9440843996316	cluster_1=42.332748;cluster_2=51.038892;cluster_3=49.784756;cluster_4=30.944084;cluster_5=37.012559;cluster_6=41.569171	0.702261306532663
STAB_HVG_OUTLIER_EXCL	6	YX16203T	PDAC_035	Hybrid	3	0.679739671999507	0.5725	0.984780070975503	-0.0418961852770998	0.204913765498689	19.0353276478952	cluster_1=34.518323;cluster_2=21.452509;cluster_3=19.035328;cluster_4=33.297030;cluster_5=49.349942;cluster_6=29.648971	0.5725
STAB_HVG_OUTLIER_EXCL	6	YX16207T	PDAC_036	Hybrid	2	0.989985922019201	0.95375	0.270248414945952	0.165540359309591	0.196921438975959	17.6728373705834	cluster_1=40.829416;cluster_2=17.672837;cluster_3=25.759633;cluster_4=40.332813;cluster_5=55.570112;cluster_6=34.401849	0.95375
STAB_HVG_OUTLIER_EXCL	6	YX16218T	PDAC_037	Hybrid	2	0.929651202317496	0.857861635220126	0.589811716401401	0.0692144097312461	0.205150956365919	21.3984810862341	cluster_1=38.805654;cluster_2=21.398481;cluster_3=25.016595;cluster_4=40.808738;cluster_5=54.139841;cluster_6=36.657764	0.857861635220126
STAB_HVG_OUTLIER_EXCL	6	YX16222T	PDAC_038	Classical	3	0.767999728795209	0.948492462311558	0.375311413861465	0.124419331336377	0.17368863004183	21.0909896762482	cluster_1=29.681596;cluster_2=30.572519;cluster_3=21.090990;cluster_4=33.573101;cluster_5=45.934279;cluster_6=31.401305	0.948492462311558
STAB_HVG_OUTLIER_EXCL	6	YX16227T	PDAC_040	Classical	3	0.748650881427885	0.953316953316953	0.327466890782679	0.197219080256083	0.170022755404903	20.1427007616034	cluster_1=30.238117;cluster_2=33.607902;cluster_3=20.142701;cluster_4=38.743717;cluster_5=48.210024;cluster_6=34.220538	0.953316953316953
STAB_HVG_OUTLIER_EXCL	6	YX16236T	PDAC_041	Classical	1	0.635712126530843	0.607416879795396	1.3080394450811	-0.0792631799517196	0.205197424098122	25.7916612031559	cluster_1=25.791661;cluster_2=35.552895;cluster_3=26.155786;cluster_4=37.075529;cluster_5=43.731576;cluster_6=33.377192	0.607416879795396
STAB_HVG_OUTLIER_EXCL	6	YX15047T	PDAC_042	Basal	5	0.561117065900516	0.513240857503153	1.61393384975429	-0.0172071618765457	0.187075874372272	29.6181307717568	cluster_1=31.544185;cluster_2=46.738092;cluster_3=39.158516;cluster_4=32.915262;cluster_5=29.618131;cluster_6=34.923677	0.513240857503153
STAB_HVG_OUTLIER_EXCL	6	YX15106T	PDAC_043	Basal	5	0.893989067711886	1	0	0.239804948863546	0.20424623419983	24.6284385069951	cluster_1=41.370417;cluster_2=60.552781;cluster_3=55.810717;cluster_4=44.212256;cluster_5=24.628439;cluster_6=43.934419	1
STAB_HVG_OUTLIER_EXCL	6	YX15166T	PDAC_044	Basal	5	0.899192317091093	1	0	0.188733778909026	0.20556853899477	24.9874170803194	cluster_1=39.306556;cluster_2=54.874231;cluster_3=51.306044;cluster_4=37.872175;cluster_5=24.987417;cluster_6=41.083769	1
STAB_HVG_OUTLIER_EXCL	6	YX15187T	PDAC_045	Basal	5	0.897688597643877	0.998735777496839	0.0139940791366003	0.255643769919894	0.205041662638514	21.6052551366566	cluster_1=39.435553;cluster_2=58.677240;cluster_3=53.081567;cluster_4=41.913345;cluster_5=21.605255;cluster_6=41.943182	0.998735777496839
STAB_HVG_OUTLIER_EXCL	6	YX15211T	PDAC_046	Hybrid	6	0.924148606811146	0.727496917385943	0.937678284467685	0.0546715327020474	0.10877925652647	17.7661825617005	cluster_1=26.943565;cluster_2=31.629151;cluster_3=24.843195;cluster_4=32.899787;cluster_5=36.717697;cluster_6=17.766183	0.727496917385943
STAB_HVG_OUTLIER_EXCL	6	YX15214T	PDAC_047	Basal	5	0.898236303989687	0.99873257287706	0.0140249200113997	0.176248664011169	0.205535522778068	23.7541156935189	cluster_1=37.661233;cluster_2=56.016896;cluster_3=50.265538;cluster_4=41.610049;cluster_5=23.754116;cluster_6=39.154006	0.99873257287706
STAB_HVG_OUTLIER_EXCL	6	YX16009T	PDAC_048	Hybrid	2	0.988149962219628	0.948427672955975	0.293038911814593	0.179419727804308	0.186907961877856	19.2383070253746	cluster_1=40.834337;cluster_2=19.238307;cluster_3=28.154875;cluster_4=32.509876;cluster_5=50.711757;cluster_6=31.993185	0.948427672955975
STAB_HVG_OUTLIER_EXCL	6	YX16011T	PDAC_049	Basal	5	0.898908623806548	0.998729351969504	0.0140559058438719	0.221681802754278	0.205407348516331	23.3791771993524	cluster_1=38.197962;cluster_2=58.957111;cluster_3=52.966064;cluster_4=41.787512;cluster_5=23.379177;cluster_6=41.990871	0.998729351969504
STAB_HVG_OUTLIER_EXCL	6	YX16068T	PDAC_050	Basal	5	0.900833072518698	0.998745294855709	0.0139024159318212	0.184409553093489	0.205811908987935	23.5762179869355	cluster_1=35.975062;cluster_2=60.097091;cluster_3=52.430633;cluster_4=43.501658;cluster_5=23.576218;cluster_6=43.280215	0.998745294855709
STAB_HVG_OUTLIER_EXCL	6	YX16070T	PDAC_051	Basal	6	0.924148606811146	0.89625	0.642633956196513	0.195460868840288	0.09062214031975	18.6884173919834	cluster_1=33.733114;cluster_2=34.571478;cluster_3=33.585741;cluster_4=35.567236;cluster_5=35.904872;cluster_6=18.688417	0.89625
STAB_HVG_OUTLIER_EXCL	6	YX16075T	PDAC_052	Hybrid	2	0.988955193979271	0.940149625935162	0.326850673538227	0.13470535630131	0.193473200450789	22.0176539852331	cluster_1=42.132386;cluster_2=22.017654;cluster_3=28.983956;cluster_4=38.926502;cluster_5=53.971361;cluster_6=36.739358	0.940149625935162
STAB_HVG_OUTLIER_EXCL	6	YX16079T	PDAC_053	Basal	5	0.892355887177559	0.942355889724311	0.363700039280941	0.108184482369469	0.205931967918244	26.2638092415031	cluster_1=34.103426;cluster_2=55.590262;cluster_3=47.980548;cluster_4=39.570100;cluster_5=26.263809;cluster_6=42.175054	0.942355889724311
STAB_HVG_OUTLIER_EXCL	6	YX16087T	PDAC_054	Basal	5	0.900205414556613	1	0	0.24503774002113	0.205581764506485	21.0514279698106	cluster_1=38.603900;cluster_2=58.241665;cluster_3=52.771284;cluster_4=42.103931;cluster_5=21.051428;cluster_6=40.693886	1
STAB_HVG_OUTLIER_EXCL	6	YX16094T	PDAC_055	Basal	5	0.460668224180324	0.415094339622642	1.12617520765857	-0.0474137996974472	0.14849197658802	27.8685420250978	cluster_1=34.107205;cluster_2=47.316706;cluster_3=40.756238;cluster_4=36.533888;cluster_5=27.868542;cluster_6=32.069335	0.567295597484277
STAB_HVG_OUTLIER_EXCL	6	YX16172T	PDAC_056	Basal	6	1	0.907242693773825	0.500152328182918	0.190057171677879	0.0895791934796265	17.9235504491273	cluster_1=34.229654;cluster_2=35.653032;cluster_3=31.966757;cluster_4=34.324209;cluster_5=35.637570;cluster_6=17.923550	0.907242693773825
STAB_HVG_OUTLIER_EXCL	6	YX16295T	PDAC_057	Basal	5	0.900015305595799	0.998777506112469	0.013591405710669	0.255733606409459	0.205697373965977	23.0732402387028	cluster_1=40.132742;cluster_2=61.760474;cluster_3=55.979783;cluster_4=44.376009;cluster_5=23.073240;cluster_6=45.313109	0.998777506112469
STAB_HVG_OUTLIER_EXCL	6	YX16327T	PDAC_058	Basal	5	0.885405224940461	0.941025641025641	0.362365388395432	0.0472720030010694	0.20430629234865	26.7622815880135	cluster_1=35.475801;cluster_2=50.002092;cluster_3=45.269031;cluster_4=40.593339;cluster_5=26.762282;cluster_6=35.337681	0.941025641025641
STAB_HVG_OUTLIER_EXCL	6	YX16335T	PDAC_059	Classical	1	0.840969378092936	0.993726474278545	0.0594516691936702	0.121055718237555	0.202416502670964	19.9849637573747	cluster_1=19.984964;cluster_2=43.104728;cluster_3=32.870498;cluster_4=32.917421;cluster_5=32.359285;cluster_6=32.675259	0.993726474278545
STAB_HVG_OUTLIER_EXCL	6	YX16341T	PDAC_060	Basal	5	0.90810699580868	0.982074263764405	0.142797134193959	0.126772888494079	0.208014278312651	24.5603219187745	cluster_1=37.940790;cluster_2=53.635546;cluster_3=49.405477;cluster_4=36.315229;cluster_5=24.560322;cluster_6=37.238519	0.982074263764405
STAB_HVG_OUTLIER_EXCL	6	YX16343T	PDAC_061	Hybrid	5	0.871568153555559	0.907792207792208	0.473257003994662	0.108701088624359	0.204717216756691	24.5613717049552	cluster_1=32.507256;cluster_2=52.567886;cluster_3=44.907523;cluster_4=35.910441;cluster_5=24.561372;cluster_6=36.337179	0.907792207792208
STAB_HVG_OUTLIER_EXCL	6	YX16347T	PDAC_062	Classical	1	0.851669560703135	0.962871287128713	0.279947262809352	0.0800722706054928	0.205835138031511	25.0430019730522	cluster_1=25.043002;cluster_2=45.500601;cluster_3=37.284473;cluster_4=37.517751;cluster_5=34.483437;cluster_6=35.181735	0.962871287128713
STAB_CSY_FEAT_RESAMP	2	YX15261T	PDAC_001	Classical	1	0.973911545952049	1	0	0.19313183052747	0.705008081697352	5.84823711801652	cluster_1=5.848237;cluster_2=10.063460	1
STAB_CSY_FEAT_RESAMP	2	YX15263T	PDAC_002	Classical	1	0.973451130494896	1	0	0.269794561309368	0.704856556882405	14.6064163430561	cluster_1=14.606416;cluster_2=18.839652	1
STAB_CSY_FEAT_RESAMP	2	YX15271T	PDAC_003	Hybrid	1	0.974775475570934	0.993718592964824	0.0549802196737806	0.240461058690383	0.707555826159032	4.6688057711562	cluster_1=4.668806;cluster_2=8.604488	0.993718592964824
STAB_CSY_FEAT_RESAMP	2	YX16036T	PDAC_004	Hybrid	1	0.97356291402875	0.99236641221374	0.0646610496771519	0.254887313825859	0.707221502508321	3.85927868445808	cluster_1=3.859279;cluster_2=8.280313	0.99236641221374
STAB_CSY_FEAT_RESAMP	2	YX16041T	PDAC_005	Classical	1	0.974532667885539	1	0	0.278593689512586	0.705507872973391	11.2175402143898	cluster_1=11.217540;cluster_2=15.307691	1
STAB_CSY_FEAT_RESAMP	2	YX16057T	PDAC_006	Classical	1	0.974222429491682	1	0	0.305480049442076	0.705254516334775	4.5473707778353	cluster_1=4.547371;cluster_2=9.556905	1
STAB_CSY_FEAT_RESAMP	2	YX16062T	PDAC_007	Classical	1	0.974833479043794	1	0	0.238119210840021	0.705838802729398	11.1021486458468	cluster_1=11.102149;cluster_2=15.153504	1
STAB_CSY_FEAT_RESAMP	2	YX16112T	PDAC_008	Classical	1	0.97628764179939	1	0	0.209853697728193	0.706817010968905	12.1937141667749	cluster_1=12.193714;cluster_2=15.529173	1
STAB_CSY_FEAT_RESAMP	2	YX16113T	PDAC_009	Hybrid	1	0.972746605633357	0.994987468671679	0.0455103666339893	0.173647083629107	0.705812066022704	7.11887253021867	cluster_1=7.118873;cluster_2=10.657426	0.994987468671679
STAB_CSY_FEAT_RESAMP	2	YX16119T	PDAC_010	Classical	1	0.972282487444037	1	0	0.235320649033082	0.704142470870402	7.03809132016002	cluster_1=7.038091;cluster_2=11.125935	1
STAB_CSY_FEAT_RESAMP	2	YX16120T	PDAC_011	Classical	1	0.975688913620885	1	0	0.256916015028591	0.706346189524095	6.31976790549388	cluster_1=6.319768;cluster_2=10.810031	1
STAB_CSY_FEAT_RESAMP	2	YX16127T	PDAC_012	Classical	1	0.974668541211327	1	0	0.268131121151634	0.70577775777174	6.39147103492264	cluster_1=6.391471;cluster_2=11.046551	1
STAB_CSY_FEAT_RESAMP	2	YX16128T	PDAC_013	Classical	1	0.97451996628986	1	0	0.270153253052799	0.705588114204933	5.40151653528499	cluster_1=5.401517;cluster_2=9.957574	1
STAB_CSY_FEAT_RESAMP	2	YX16130T	PDAC_014	Hybrid	1	0.973688047314251	0.992462311557789	0.0639867298084044	0.215051641698396	0.707127994774731	5.58451604539324	cluster_1=5.584516;cluster_2=9.600638	0.992462311557789
STAB_CSY_FEAT_RESAMP	2	YX16132T	PDAC_015	Hybrid	1	0.97726098456599	0.997442455242967	0.0257081160737253	0.277802500883932	0.708205482793057	3.8721005875961	cluster_1=3.872101;cluster_2=8.348853	0.997442455242967
STAB_CSY_FEAT_RESAMP	2	YX16135T	PDAC_016	Hybrid	1	0.973347912414788	0.99125	0.0723875777401521	0.171234150654528	0.70720929875573	7.82604017357575	cluster_1=7.826040;cluster_2=10.859470	0.99125
STAB_CSY_FEAT_RESAMP	2	YX16139T	PDAC_017	Classical	1	0.958281079799271	0.979539641943734	0.14401757767242	0.181387389295236	0.699754283362346	4.21285627968195	cluster_1=4.212856;cluster_2=8.398194	0.979539641943734
STAB_CSY_FEAT_RESAMP	2	YX16141T	PDAC_018	Hybrid	1	0.971965914446775	0.98870765370138	0.0892437449257224	0.135710804451377	0.706981515289267	5.86746922354456	cluster_1=5.867469;cluster_2=9.195994	0.98870765370138
STAB_CSY_FEAT_RESAMP	2	YX16144T	PDAC_019	Hybrid	1	0.902154987866572	0.901015228426396	0.465769109697992	0.201946689991185	0.681444082147425	4.7486970218349	cluster_1=4.748697;cluster_2=8.642286	0.901015228426396
STAB_CSY_FEAT_RESAMP	2	YX16147T	PDAC_020	Classical	1	0.961795809572432	0.979407979407979	0.144751790072835	0.165016035695634	0.702395015606364	15.737943716766	cluster_1=15.737944;cluster_2=18.316966	0.979407979407979
STAB_CSY_FEAT_RESAMP	2	YX16153T	PDAC_021	Classical	1	0.97362316856217	1	0	0.282873940742657	0.704838819524759	12.6441317883477	cluster_1=12.644132;cluster_2=16.798881	1
STAB_CSY_FEAT_RESAMP	2	YX16155T	PDAC_022	Hybrid	1	0.975339367200718	0.997474747474748	0.0254298700531859	0.229271919622213	0.707057615409783	15.737353277353	cluster_1=15.737353;cluster_2=19.118134	0.997474747474748
STAB_CSY_FEAT_RESAMP	2	YX16158T	PDAC_023	Hybrid	1	0.788418625476384	0.778195488721805	0.763448826047396	-0.00734604399009489	0.633799851981937	7.3722306145094	cluster_1=7.372231;cluster_2=9.589847	0.778195488721805
STAB_CSY_FEAT_RESAMP	2	YX16159T	PDAC_024	Hybrid	1	0.972895103399901	0.989937106918239	0.0812097889460676	0.0998403315638546	0.707547079553249	5.0800299797459	cluster_1=5.080030;cluster_2=8.210788	0.989937106918239
STAB_CSY_FEAT_RESAMP	2	YX16160T	PDAC_025	Basal	2	0.96663372927364	0.971105527638191	0.188817027800912	0.251858469303136	0.293675947138484	8.16231936367556	cluster_1=8.175429;cluster_2=8.162319	0.971105527638191
STAB_CSY_FEAT_RESAMP	2	YX16161T	PDAC_026	Hybrid	1	0.973635253792287	0.991128010139417	0.0732187828540761	0.155518748955537	0.707668319337757	4.7744603894249	cluster_1=4.774460;cluster_2=8.196629	0.991128010139417
STAB_CSY_FEAT_RESAMP	2	YX16166T	PDAC_027	Classical	1	0.975771009208888	1	0	0.230633421534978	0.706654844995511	5.34743516729301	cluster_1=5.347435;cluster_2=9.735736	1
STAB_CSY_FEAT_RESAMP	2	YX16177T	PDAC_028	Classical	1	0.97562446271684	1	0	0.280120290262223	0.706327897698	10.5631796673246	cluster_1=10.563180;cluster_2=14.988129	1
STAB_CSY_FEAT_RESAMP	2	YX16178T	PDAC_029	Classical	1	0.973849929023054	1	0	0.184434960903445	0.705083422735614	12.1505177385316	cluster_1=12.150518;cluster_2=15.383941	1
STAB_CSY_FEAT_RESAMP	2	YX16180T	PDAC_030	Hybrid	1	0.971538193673529	0.988535031847134	0.0903556074093182	0.197612412438414	0.706590374587462	5.84416351121765	cluster_1=5.844164;cluster_2=9.330861	0.988535031847134
STAB_CSY_FEAT_RESAMP	2	YX16185T	PDAC_031	Classical	1	0.970015572296473	0.994871794871795	0.046391383573699	0.0974883449720646	0.704089847835997	13.1476912903201	cluster_1=13.147691;cluster_2=15.582369	0.994871794871795
STAB_CSY_FEAT_RESAMP	2	YX16188T	PDAC_032	Hybrid	1	0.556122985607365	0.538364779874214	0.995748943287252	-0.156552456041467	0.532402926925282	6.42768329685983	cluster_1=6.427683;cluster_2=8.084965	0.538364779874214
STAB_CSY_FEAT_RESAMP	2	YX16194T	PDAC_033	Hybrid	1	0.972640698637625	0.990885416666667	0.07486452394954	0.150869477462673	0.706909289801563	5.89198616877457	cluster_1=5.891986;cluster_2=9.313298	0.990885416666667
STAB_CSY_FEAT_RESAMP	2	YX16202T	PDAC_034	Basal	2	0.967128910747598	0.972465581977472	0.181872220834346	0.329155548822197	0.292880206732475	8.48982036351685	cluster_1=10.479094;cluster_2=8.489820	0.972465581977472
STAB_CSY_FEAT_RESAMP	2	YX16203T	PDAC_035	Hybrid	1	0.974433075117026	0.99238578680203	0.0645249584174468	0.228340967581868	0.707903048106894	4.70552080578594	cluster_1=4.705521;cluster_2=8.628083	0.99238578680203
STAB_CSY_FEAT_RESAMP	2	YX16207T	PDAC_036	Hybrid	1	0.978034754165654	1	0	0.310424525687179	0.708148560563465	4.4228139981039	cluster_1=4.422814;cluster_2=9.110266	1
STAB_CSY_FEAT_RESAMP	2	YX16218T	PDAC_037	Hybrid	1	0.975220874996864	1	0	0.342131497116487	0.706173693710425	4.80027680189113	cluster_1=4.800277;cluster_2=10.162468	1
STAB_CSY_FEAT_RESAMP	2	YX16222T	PDAC_038	Classical	1	0.974350672449747	1	0	0.310871838062985	0.705464507480339	6.80108451205114	cluster_1=6.801085;cluster_2=11.576273	1
STAB_CSY_FEAT_RESAMP	2	YX16224T	PDAC_039	Hybrid	1	0.973956109999327	0.99874843554443	0.0138721446107904	0.290143835883467	0.705258557557983	5.31635807072104	cluster_1=5.316358;cluster_2=10.062948	0.99874843554443
STAB_CSY_FEAT_RESAMP	2	YX16227T	PDAC_040	Classical	1	0.973391116126388	1	0	0.347346488526322	0.70484078380958	7.47530291506337	cluster_1=7.475303;cluster_2=12.613350	1
STAB_CSY_FEAT_RESAMP	2	YX16236T	PDAC_041	Classical	1	0.97434760242528	1	0	0.299160730086408	0.705505284244711	7.49413612095112	cluster_1=7.494136;cluster_2=12.343414	1
STAB_CSY_FEAT_RESAMP	2	YX15047T	PDAC_042	Basal	2	0.911673643183901	0.918136020151133	0.408713224849272	0.178042969574154	0.317045216011826	11.7797543628819	cluster_1=12.957452;cluster_2=11.779754	0.918136020151133
STAB_CSY_FEAT_RESAMP	2	YX15106T	PDAC_043	Basal	2	0.989998151209494	1	0	0.491505608446065	0.278118464550089	7.66739590255098	cluster_1=12.686821;cluster_2=7.667396	1
STAB_CSY_FEAT_RESAMP	2	YX15166T	PDAC_044	Basal	2	0.990252641892025	1	0	0.470632166496501	0.278374693171216	5.71031393950507	cluster_1=8.050554;cluster_2=5.710314	1
STAB_CSY_FEAT_RESAMP	2	YX15187T	PDAC_045	Basal	2	0.989683886892689	1	0	0.45633678337858	0.27791035658106	9.27443458183685	cluster_1=13.820087;cluster_2=9.274435	1
STAB_CSY_FEAT_RESAMP	2	YX15211T	PDAC_046	Hybrid	1	0.969849985795456	0.986267166042447	0.104630050603544	0.0721674806061962	0.706285010105628	4.62393065384469	cluster_1=4.623931;cluster_2=7.768230	0.986267166042447
STAB_CSY_FEAT_RESAMP	2	YX15214T	PDAC_047	Basal	2	0.989619818565714	1	0	0.406018365262468	0.27877223803311	18.8339963345424	cluster_1=23.766844;cluster_2=18.833996	1
STAB_CSY_FEAT_RESAMP	2	YX16009T	PDAC_048	Hybrid	1	0.885669008171782	0.886107634543179	0.511546008676608	0.0202527204865549	0.673428358127357	5.76390073036641	cluster_1=5.763901;cluster_2=8.336016	0.886107634543179
STAB_CSY_FEAT_RESAMP	2	YX16011T	PDAC_049	Basal	2	0.989160402303184	1	0	0.438548598876315	0.277791095858325	8.1880046078091	cluster_1=12.269276;cluster_2=8.188005	1
STAB_CSY_FEAT_RESAMP	2	YX16068T	PDAC_050	Basal	2	0.988871237762905	1	0	0.493398053575144	0.276735848478494	5.54563544212613	cluster_1=9.534531;cluster_2=5.545635	1
STAB_CSY_FEAT_RESAMP	2	YX16070T	PDAC_051	Basal	2	0.989299705906441	1	0	0.36326884662877	0.277692786687889	6.68105125435373	cluster_1=8.383415;cluster_2=6.681051	1
STAB_CSY_FEAT_RESAMP	2	YX16075T	PDAC_052	Hybrid	1	0.973968866523126	0.991304347826087	0.0720164716854138	0.250267981054629	0.707523330976489	5.4259940815083	cluster_1=5.425994;cluster_2=9.595241	0.991304347826087
STAB_CSY_FEAT_RESAMP	2	YX16079T	PDAC_053	Basal	2	0.98985546373119	1	0	0.317622126644475	0.277079211796541	9.28823480274805	cluster_1=11.483710;cluster_2=9.288235	1
STAB_CSY_FEAT_RESAMP	2	YX16087T	PDAC_054	Basal	2	0.989125756387493	1	0	0.494053717034443	0.277061857492936	9.25096391509606	cluster_1=14.319589;cluster_2=9.250964	1
STAB_CSY_FEAT_RESAMP	2	YX16094T	PDAC_055	Basal	2	0.989026598092369	1	0	0.37113992250861	0.278954873756514	10.1626680228369	cluster_1=13.424202;cluster_2=10.162668	1
STAB_CSY_FEAT_RESAMP	2	YX16172T	PDAC_056	Basal	2	0.985862308807999	0.996098829648895	0.0368338929596412	0.425973136257251	0.279550190237382	5.72130043053559	cluster_1=7.743937;cluster_2=5.721300	0.996098829648895
STAB_CSY_FEAT_RESAMP	2	YX16295T	PDAC_057	Basal	2	0.989462831324586	1	0	0.529255218964847	0.276959402073811	6.98100517065924	cluster_1=12.429417;cluster_2=6.981005	1
STAB_CSY_FEAT_RESAMP	2	YX16327T	PDAC_058	Basal	2	0.969470164470452	0.977358490566038	0.156025449393413	0.289033477654316	0.289294360446693	10.7851080849611	cluster_1=13.048811;cluster_2=10.785108	0.977358490566038
STAB_CSY_FEAT_RESAMP	2	YX16335T	PDAC_059	Classical	1	0.972672835843107	1	0	0.25090310954993	0.704353089381922	5.2094225515482	cluster_1=5.209423;cluster_2=9.797420	1
STAB_CSY_FEAT_RESAMP	2	YX16341T	PDAC_060	Basal	2	0.989365173942677	1	0	0.52129591071458	0.27787045631898	6.04570040045521	cluster_1=10.881622;cluster_2=6.045700	1
STAB_CSY_FEAT_RESAMP	2	YX16343T	PDAC_061	Hybrid	1	0.97015989516954	0.987389659520807	0.0976394588215592	0.00794202557860417	0.705845583334135	22.635385458865	cluster_1=22.635385;cluster_2=23.527026	0.987389659520807
STAB_CSY_FEAT_RESAMP	2	YX16347T	PDAC_062	Classical	1	0.943838579424231	0.966623876765083	0.211050131874724	0.0997577653735418	0.692392986516095	10.2489504152035	cluster_1=10.248950;cluster_2=12.831741	0.966623876765083
STAB_CSY_FEAT_RESAMP	3	YX15261T	PDAC_001	Classical	1	0.837368201022089	0.960609911054638	0.239488747574673	0.200065337867022	0.333652190348801	6.30776653223706	cluster_1=6.307767;cluster_2=6.841382;cluster_3=10.063460	0.960609911054638
STAB_CSY_FEAT_RESAMP	3	YX15263T	PDAC_002	Classical	1	0.857470506849194	0.998762376237624	0.0137376403444077	0.361787628595484	0.328369320488193	12.638649390902	cluster_1=12.638649;cluster_2=16.809943;cluster_3=18.839652	0.998762376237624
STAB_CSY_FEAT_RESAMP	3	YX15271T	PDAC_003	Hybrid	2	0.881485609001364	0.974874371859296	0.16932446044948	0.328657194206779	0.376814309600153	3.39730478694618	cluster_1=7.161111;cluster_2=3.397305;cluster_3=8.604488	0.974874371859296
STAB_CSY_FEAT_RESAMP	3	YX16036T	PDAC_004	Hybrid	2	0.860001743718541	0.958015267175573	0.251319261664725	0.20716168315601	0.370506437729896	3.12750950420235	cluster_1=6.245051;cluster_2=3.127510;cluster_3=8.280313	0.958015267175573
STAB_CSY_FEAT_RESAMP	3	YX16041T	PDAC_005	Classical	1	0.798822466070837	0.846540880503145	0.618429479535975	0.14529219684889	0.360819096431301	10.3677225334548	cluster_1=10.367723;cluster_2=12.701378;cluster_3=15.307691	0.846540880503145
STAB_CSY_FEAT_RESAMP	3	YX16057T	PDAC_006	Classical	1	0.640456206125464	0.608158220024722	0.965977834109708	0.0865373308650146	0.385602566371734	5.5932010474438	cluster_1=5.593201;cluster_2=5.336681;cluster_3=9.556905	0.608158220024722
STAB_CSY_FEAT_RESAMP	3	YX16062T	PDAC_007	Classical	1	0.856505089672645	0.996021220159151	0.037453366139511	0.268653064049621	0.329577581620257	9.99307033889728	cluster_1=9.993070;cluster_2=12.789938;cluster_3=15.153504	0.996021220159151
STAB_CSY_FEAT_RESAMP	3	YX16112T	PDAC_008	Classical	1	0.568923880330984	0.500611995104039	0.999998919311478	0.0213537276251382	0.392152712567244	11.9606583341652	cluster_1=11.960658;cluster_2=13.115526;cluster_3=15.529173	0.500611995104039
STAB_CSY_FEAT_RESAMP	3	YX16113T	PDAC_009	Hybrid	2	0.693032864110551	0.740601503759398	0.825837337942544	-0.0205336631389877	0.371356951589401	7.0143793199254	cluster_1=8.425189;cluster_2=7.014379;cluster_3=10.657426	0.740601503759398
STAB_CSY_FEAT_RESAMP	3	YX16119T	PDAC_010	Classical	1	0.828979488843008	0.904516129032258	0.454514095648066	0.112449226763534	0.351365569450734	7.36595993140487	cluster_1=7.365960;cluster_2=7.934937;cluster_3=11.125935	0.904516129032258
STAB_CSY_FEAT_RESAMP	3	YX16120T	PDAC_011	Classical	1	0.856393536685751	0.997471554993679	0.0254574045478629	0.270043350910282	0.329173284449214	6.06717275572894	cluster_1=6.067173;cluster_2=7.802442;cluster_3=10.810031	0.997471554993679
STAB_CSY_FEAT_RESAMP	3	YX16127T	PDAC_012	Classical	1	0.854911022492123	0.998738965952081	0.0139633821818463	0.271778527644461	0.326814531974763	5.9965682211032	cluster_1=5.996568;cluster_2=7.967187;cluster_3=11.046551	0.998738965952081
STAB_CSY_FEAT_RESAMP	3	YX16128T	PDAC_013	Classical	1	0.556757446720519	0.478260869565217	0.998635964158572	0.0721040067919749	0.39647231060371	6.03168267836326	cluster_1=6.031683;cluster_2=6.342761;cluster_3=9.957574	0.521739130434783
STAB_CSY_FEAT_RESAMP	3	YX16130T	PDAC_014	Hybrid	2	0.863423936222263	0.959798994974874	0.251278250893768	0.233956017228425	0.371989098322296	4.54756718036507	cluster_1=7.805918;cluster_2=4.547567;cluster_3=9.600638	0.959798994974874
STAB_CSY_FEAT_RESAMP	3	YX16132T	PDAC_015	Hybrid	2	0.782073050292038	0.842710997442455	0.62778436021396	0.06063284907104	0.385591456900435	3.78310139772061	cluster_1=5.870856;cluster_2=3.783101;cluster_3=8.348853	0.842710997442455
STAB_CSY_FEAT_RESAMP	3	YX16135T	PDAC_016	Hybrid	2	0.879090221539428	0.97875	0.148402562674549	0.288056319082251	0.373437036742116	6.81044914573971	cluster_1=9.774905;cluster_2=6.810449;cluster_3=10.859470	0.97875
STAB_CSY_FEAT_RESAMP	3	YX16139T	PDAC_017	Classical	1	0.845460013753378	0.974424552429668	0.194232085308574	0.268418209072432	0.330021295811822	5.30307881997975	cluster_1=5.303079;cluster_2=5.076468;cluster_3=8.398194	0.974424552429668
STAB_CSY_FEAT_RESAMP	3	YX16141T	PDAC_018	Hybrid	2	0.879039998742401	0.984943538268507	0.112701419165929	0.285343738207579	0.370449786970464	4.55919422361303	cluster_1=8.212776;cluster_2=4.559194;cluster_3=9.195994	0.984943538268507
STAB_CSY_FEAT_RESAMP	3	YX16144T	PDAC_019	Hybrid	2	0.809929462090681	0.875634517766497	0.65512000152887	0.11969266523619	0.378447776602874	4.23745044636226	cluster_1=6.790773;cluster_2=4.237450;cluster_3=8.642286	0.875634517766497
STAB_CSY_FEAT_RESAMP	3	YX16147T	PDAC_020	Classical	1	0.342179229909875	0.239382239382239	0.902891764764833	-0.0533239395818713	0.395033688000432	15.6379192415023	cluster_1=15.637919;cluster_2=16.389953;cluster_3=18.316966	0.745173745173745
STAB_CSY_FEAT_RESAMP	3	YX16153T	PDAC_021	Classical	1	0.862826990886978	0.976600985221675	0.160121597075961	0.324176133797949	0.338369774435224	10.8556963352205	cluster_1=10.855696;cluster_2=14.765517;cluster_3=16.798881	0.976600985221675
STAB_CSY_FEAT_RESAMP	3	YX16155T	PDAC_022	Hybrid	2	0.645703208670189	0.676767676767677	0.90786191542637	0.00225086596182505	0.369316475567168	15.9912461069311	cluster_1=16.062502;cluster_2=15.991246;cluster_3=19.118134	0.676767676767677
STAB_CSY_FEAT_RESAMP	3	YX16158T	PDAC_023	Hybrid	2	0.727452163729148	0.780701754385965	0.837956360931277	0.0849769249481872	0.367518157559741	6.31337198914312	cluster_1=9.394738;cluster_2=6.313372;cluster_3=9.589847	0.780701754385965
STAB_CSY_FEAT_RESAMP	3	YX16159T	PDAC_024	Hybrid	2	0.87973062089728	0.989937106918239	0.0812097889460676	0.319538534987507	0.370378715343791	3.24437485213894	cluster_1=7.780972;cluster_2=3.244375;cluster_3=8.210788	0.989937106918239
STAB_CSY_FEAT_RESAMP	3	YX16160T	PDAC_025	Basal	3	0.963128144869581	0.968592964824121	0.228266894457146	0.21166347866668	0.279631886448987	8.16231936367556	cluster_1=9.903424;cluster_2=7.409557;cluster_3=8.162319	0.968592964824121
STAB_CSY_FEAT_RESAMP	3	YX16161T	PDAC_026	Hybrid	2	0.881819126816278	0.983523447401774	0.121171627056494	0.324690072747211	0.373580678005375	3.36662035773508	cluster_1=7.317055;cluster_2=3.366620;cluster_3=8.196629	0.983523447401774
STAB_CSY_FEAT_RESAMP	3	YX16166T	PDAC_027	Classical	1	0.8575764620557	0.997509339975093	0.0251311409552014	0.298710340152387	0.330453632984012	5.36185657392707	cluster_1=5.361857;cluster_2=6.811250;cluster_3=9.735736	0.997509339975093
STAB_CSY_FEAT_RESAMP	3	YX16177T	PDAC_028	Classical	1	0.86201767999365	0.99618320610687	0.0361578675498935	0.33265452464169	0.332205522816516	8.96268253869423	cluster_1=8.962683;cluster_2=12.626120;cluster_3=14.988129	0.99618320610687
STAB_CSY_FEAT_RESAMP	3	YX16178T	PDAC_029	Classical	1	0.859837200193768	0.997435897435897	0.0257645491351782	0.219709620359477	0.328861500111369	11.0966554888006	cluster_1=11.096655;cluster_2=13.748273;cluster_3=15.383941	0.997435897435897
STAB_CSY_FEAT_RESAMP	3	YX16180T	PDAC_030	Hybrid	2	0.87828262912883	0.977070063694268	0.157589439064707	0.343170487889908	0.374785907602362	4.56379134738383	cluster_1=8.176035;cluster_2=4.563791;cluster_3=9.330861	0.977070063694268
STAB_CSY_FEAT_RESAMP	3	YX16185T	PDAC_031	Classical	1	0.85299986857633	0.98974358974359	0.0922772871501768	0.122557117138873	0.329443756368428	12.8308895991251	cluster_1=12.830890;cluster_2=14.095383;cluster_3=15.582369	0.98974358974359
STAB_CSY_FEAT_RESAMP	3	YX16188T	PDAC_032	Hybrid	2	0.522596487914216	0.543396226415094	1.05729660135026	-0.140635278585165	0.346646119589471	5.75042359184612	cluster_1=8.288502;cluster_2=5.750424;cluster_3=8.084965	0.543396226415094
STAB_CSY_FEAT_RESAMP	3	YX16194T	PDAC_033	Hybrid	2	0.87704211189908	0.98046875	0.145702047496197	0.323155496784688	0.371854627110396	4.17334852101045	cluster_1=8.459431;cluster_2=4.173349;cluster_3=9.313298	0.98046875
STAB_CSY_FEAT_RESAMP	3	YX16202T	PDAC_034	Basal	3	0.962759244974144	0.968710888610763	0.200816053378363	0.267703853704512	0.279551957061936	8.48982036351685	cluster_1=12.047094;cluster_2=9.693907;cluster_3=8.489820	0.968710888610763
STAB_CSY_FEAT_RESAMP	3	YX16203T	PDAC_035	Hybrid	2	0.862261828460027	0.946700507614213	0.300250969625012	0.18488563024752	0.381436550528621	4.07416942796409	cluster_1=6.833628;cluster_2=4.074169;cluster_3=8.628083	0.946700507614213
STAB_CSY_FEAT_RESAMP	3	YX16207T	PDAC_036	Hybrid	2	0.883187571649227	0.973282442748092	0.177653494463359	0.206087020522498	0.380086409928631	3.88121252261137	cluster_1=6.559322;cluster_2=3.881213;cluster_3=9.110266	0.973282442748092
STAB_CSY_FEAT_RESAMP	3	YX16218T	PDAC_037	Hybrid	2	0.548062246661578	0.540856031128405	0.995178288753159	-0.0357724994149682	0.377730080352543	5.47219984196644	cluster_1=5.881166;cluster_2=5.472200;cluster_3=10.162468	0.540856031128405
STAB_CSY_FEAT_RESAMP	3	YX16222T	PDAC_038	Classical	1	0.818547023601966	0.8727959697733	0.549720060544695	0.143837147271578	0.358622045069305	6.43829858593873	cluster_1=6.438299;cluster_2=8.294262;cluster_3=11.576273	0.8727959697733
STAB_CSY_FEAT_RESAMP	3	YX16224T	PDAC_039	Hybrid	2	0.620103595865592	0.630788485607009	0.950064747999976	-0.0257417043578163	0.394505337838251	5.80026892449979	cluster_1=6.434376;cluster_2=5.800269;cluster_3=10.062948	0.630788485607009
STAB_CSY_FEAT_RESAMP	3	YX16227T	PDAC_040	Classical	1	0.824585580562794	0.886934673366834	0.509093230846257	0.247924291901064	0.356076442587762	6.55979262741531	cluster_1=6.559793;cluster_2=9.279901;cluster_3=12.613350	0.886934673366834
STAB_CSY_FEAT_RESAMP	3	YX16236T	PDAC_041	Classical	1	0.787991886108894	0.890274314214464	0.499087988852851	0.194805900572286	0.342535176722199	7.12933736120301	cluster_1=7.129337;cluster_2=8.900031;cluster_3=12.343414	0.890274314214464
STAB_CSY_FEAT_RESAMP	3	YX15047T	PDAC_042	Basal	3	0.907269790775938	0.914357682619647	0.421754694636739	0.135671552501555	0.284605607373655	11.7797543628819	cluster_1=13.872926;cluster_2=12.741536;cluster_3=11.779754	0.914357682619647
STAB_CSY_FEAT_RESAMP	3	YX15106T	PDAC_043	Basal	3	0.989292126309457	1	0	0.468065527732116	0.274758458866081	7.66739590255098	cluster_1=13.707592;cluster_2=12.374571;cluster_3=7.667396	1
STAB_CSY_FEAT_RESAMP	3	YX15166T	PDAC_044	Basal	3	0.989646275180177	1	0	0.4458999211515	0.27540717565982	5.71031393950507	cluster_1=9.680919;cluster_2=7.423297;cluster_3=5.710314	1
STAB_CSY_FEAT_RESAMP	3	YX15187T	PDAC_045	Basal	3	0.988874815871066	1	0	0.433518614438071	0.274714365987303	9.27443458183685	cluster_1=14.666652;cluster_2=13.633535;cluster_3=9.274435	1
STAB_CSY_FEAT_RESAMP	3	YX15211T	PDAC_046	Hybrid	2	0.876009748969479	0.978776529338327	0.159346476453091	0.186969692555308	0.37112769742509	3.79094049532137	cluster_1=6.889874;cluster_2=3.790940;cluster_3=7.768230	0.978776529338327
STAB_CSY_FEAT_RESAMP	3	YX15214T	PDAC_047	Basal	3	0.988821726331515	1	0	0.375557711991067	0.274586555615043	18.8339963345424	cluster_1=24.293803;cluster_2=23.634377;cluster_3=18.833996	1
STAB_CSY_FEAT_RESAMP	3	YX16009T	PDAC_048	Hybrid	2	0.816991495265064	0.888610763454318	0.552668398244615	0.192371862191847	0.371978141666232	4.4282216090691	cluster_1=8.137337;cluster_2=4.428222;cluster_3=8.336016	0.888610763454318
STAB_CSY_FEAT_RESAMP	3	YX16011T	PDAC_049	Basal	3	0.988271520702912	1	0	0.42873164632537	0.273984116263954	8.1880046078091	cluster_1=13.235489;cluster_2=12.037829;cluster_3=8.188005	1
STAB_CSY_FEAT_RESAMP	3	YX16068T	PDAC_050	Basal	3	0.987995788361464	1	0	0.48497197636307	0.273296854621301	5.54563544212613	cluster_1=10.647221;cluster_2=9.347374;cluster_3=5.545635	1
STAB_CSY_FEAT_RESAMP	3	YX16070T	PDAC_051	Basal	3	0.988594976548694	1	0	0.349879550623267	0.274020565361769	6.68105125435373	cluster_1=9.630255;cluster_2=8.169687;cluster_3=6.681051	1
STAB_CSY_FEAT_RESAMP	3	YX16075T	PDAC_052	Hybrid	2	0.878797852144752	0.970186335403727	0.193456532621615	0.259313262189396	0.377774835778225	4.72954274026281	cluster_1=7.456357;cluster_2=4.729543;cluster_3=9.595241	0.970186335403727
STAB_CSY_FEAT_RESAMP	3	YX16079T	PDAC_053	Basal	3	0.988978941185326	1	0	0.31134744438589	0.273693034757755	9.28823480274805	cluster_1=11.969614;cluster_2=11.786467;cluster_3=9.288235	1
STAB_CSY_FEAT_RESAMP	3	YX16087T	PDAC_054	Basal	3	0.988411060075919	1	0	0.469187786680063	0.274433214878647	9.25096391509606	cluster_1=15.267723;cluster_2=14.005834;cluster_3=9.250964	1
STAB_CSY_FEAT_RESAMP	3	YX16094T	PDAC_055	Basal	3	0.988132551263023	1	0	0.363938873335892	0.2747896958549	10.1626680228369	cluster_1=14.007220;cluster_2=13.522475;cluster_3=10.162668	1
STAB_CSY_FEAT_RESAMP	3	YX16172T	PDAC_056	Basal	3	0.985142713118484	0.996098829648895	0.0368338929596412	0.354616787063982	0.274903563944426	5.72130043053559	cluster_1=9.629295;cluster_2=6.825226;cluster_3=5.721300	0.996098829648895
STAB_CSY_FEAT_RESAMP	3	YX16295T	PDAC_057	Basal	3	0.988554044552982	1	0	0.513897158901431	0.273753846998679	6.98100517065924	cluster_1=13.396028;cluster_2=12.188453;cluster_3=6.981005	1
STAB_CSY_FEAT_RESAMP	3	YX16327T	PDAC_058	Basal	3	0.965875776443672	0.974842767295597	0.187652952529906	0.25403958197015	0.275449155063057	10.7851080849611	cluster_1=14.029959;cluster_2=12.759472;cluster_3=10.785108	0.974842767295597
STAB_CSY_FEAT_RESAMP	3	YX16335T	PDAC_059	Classical	1	0.8619033940457	0.997405966277562	0.0260218139323565	0.387283989952763	0.329007837319283	4.3777839623729	cluster_1=4.377784;cluster_2=7.260187;cluster_3=9.797420	0.997405966277562
STAB_CSY_FEAT_RESAMP	3	YX16341T	PDAC_060	Basal	3	0.988362587133377	1	0	0.487405656643504	0.27386405856159	6.04570040045521	cluster_1=12.316223;cluster_2=10.223638;cluster_3=6.045700	1
STAB_CSY_FEAT_RESAMP	3	YX16343T	PDAC_061	Hybrid	2	0.852914075108233	0.952080706179067	0.291746299231953	0.150291482420556	0.367325622556005	21.6612056135674	cluster_1=24.004927;cluster_2=21.661206;cluster_3=23.527026	0.952080706179067
STAB_CSY_FEAT_RESAMP	3	YX16347T	PDAC_062	Classical	1	0.802051661753274	0.906290115532734	0.535617114584857	0.118871256942193	0.336880892365228	10.2244436414669	cluster_1=10.224444;cluster_2=11.111557;cluster_3=12.831741	0.906290115532734
STAB_CSY_FEAT_RESAMP	4	YX15261T	PDAC_001	Classical	1	0.854940905571761	0.927573062261754	0.431020149769161	0.241650398040709	0.297001099293537	6.20710388475309	cluster_1=6.207104;cluster_2=6.841382;cluster_3=9.365250;cluster_4=10.063460	0.927573062261754
STAB_CSY_FEAT_RESAMP	4	YX15263T	PDAC_002	Classical	1	0.903520391981158	0.997524752475248	0.0249978206310748	0.333089209798224	0.304330600825947	11.9506386727398	cluster_1=11.950639;cluster_2=16.809943;cluster_3=16.676812;cluster_4=18.839652	0.997524752475248
STAB_CSY_FEAT_RESAMP	4	YX15271T	PDAC_003	Hybrid	2	0.777268281389234	0.976130653266332	0.169747041876875	0.199551392363565	0.319201831869494	3.39730478694618	cluster_1=7.753554;cluster_2=3.397305;cluster_3=7.332811;cluster_4=8.604488	0.976130653266332
STAB_CSY_FEAT_RESAMP	4	YX16036T	PDAC_004	Hybrid	2	0.73126625859739	0.89440203562341	0.561175917336643	0.195539016288572	0.299462428566853	3.12750950420235	cluster_1=6.697352;cluster_2=3.127510;cluster_3=7.410077;cluster_4=8.280313	0.89440203562341
STAB_CSY_FEAT_RESAMP	4	YX16041T	PDAC_005	Classical	1	0.803013033369289	0.816352201257862	0.861568266453054	0.12060743940565	0.320379526671071	10.273432654345	cluster_1=10.273433;cluster_2=12.701378;cluster_3=12.589630;cluster_4=15.307691	0.816352201257862
STAB_CSY_FEAT_RESAMP	4	YX16057T	PDAC_006	Classical	3	0.633071914788018	0.127317676143387	1.38497583318836	0.127918276225621	0.322110891139641	5.5764881609912	cluster_1=6.380791;cluster_2=5.336681;cluster_3=5.576488;cluster_4=9.556905	0.542645241038319
STAB_CSY_FEAT_RESAMP	4	YX16062T	PDAC_007	Classical	1	0.900917236778273	0.997347480106101	0.0291755985981295	0.249908824449162	0.304556589206482	9.51477265637162	cluster_1=9.514773;cluster_2=12.789938;cluster_3=13.568343;cluster_4=15.153504	0.997347480106101
STAB_CSY_FEAT_RESAMP	4	YX16112T	PDAC_008	Classical	1	0.449632005110435	0.424724602203182	1.50853667875078	-0.0685317473202175	0.313632813313488	12.1738148881068	cluster_1=12.173815;cluster_2=13.115526;cluster_3=12.734144;cluster_4=15.529173	0.424724602203182
STAB_CSY_FEAT_RESAMP	4	YX16113T	PDAC_009	Hybrid	2	0.546261272519716	0.632832080200501	1.31267024903376	-0.0482312069077911	0.28222308450801	7.0143793199254	cluster_1=8.595931;cluster_2=7.014379;cluster_3=10.007838;cluster_4=10.657426	0.632832080200501
STAB_CSY_FEAT_RESAMP	4	YX16119T	PDAC_010	Classical	1	0.831198757648069	0.870967741935484	0.683773188083572	0.0324543199315323	0.309778880989875	7.63822874459617	cluster_1=7.638229;cluster_2=7.934937;cluster_3=8.838839;cluster_4=11.125935	0.870967741935484
STAB_CSY_FEAT_RESAMP	4	YX16120T	PDAC_011	Classical	1	0.902577363959888	0.998735777496839	0.0139940791366003	0.176740559306146	0.304163516848642	6.16233744623106	cluster_1=6.162337;cluster_2=7.802442;cluster_3=8.592112;cluster_4=10.810031	0.998735777496839
STAB_CSY_FEAT_RESAMP	4	YX16127T	PDAC_012	Classical	1	0.899077792187305	0.993694829760404	0.0551537591011268	0.250472754166104	0.302212556304606	5.87814971928298	cluster_1=5.878150;cluster_2=7.967187;cluster_3=9.194436;cluster_4=11.046551	0.993694829760404
STAB_CSY_FEAT_RESAMP	4	YX16128T	PDAC_013	Classical	3	0.663317460452563	0.18925831202046	1.510513511948	0.213625510874608	0.318144436966758	5.13699905739168	cluster_1=6.927542;cluster_2=6.342761;cluster_3=5.136999;cluster_4=9.957574	0.411764705882353
STAB_CSY_FEAT_RESAMP	4	YX16130T	PDAC_014	Hybrid	2	0.703214184814484	0.85678391959799	0.635202669749092	0.132698666342016	0.284567865559033	4.54756718036507	cluster_1=8.299492;cluster_2=4.547567;cluster_3=8.210471;cluster_4=9.600638	0.85678391959799
STAB_CSY_FEAT_RESAMP	4	YX16132T	PDAC_015	Hybrid	2	0.629291717419838	0.728900255754476	1.11412061692428	0.00426097735681501	0.310492319392863	3.78310139772061	cluster_1=6.386217;cluster_2=3.783101;cluster_3=6.949262;cluster_4=8.348853	0.728900255754476
STAB_CSY_FEAT_RESAMP	4	YX16135T	PDAC_016	Hybrid	2	0.773222613091132	0.97	0.194391857831576	0.184525891488856	0.314975037177023	6.81044914573971	cluster_1=10.294032;cluster_2=6.810449;cluster_3=9.535057;cluster_4=10.859470	0.97
STAB_CSY_FEAT_RESAMP	4	YX16139T	PDAC_017	Classical	1	0.877773789925288	0.960358056265985	0.262640584018821	0.0925402476461417	0.298658799603549	5.72578213004491	cluster_1=5.725782;cluster_2=5.076468;cluster_3=7.028152;cluster_4=8.398194	0.960358056265985
STAB_CSY_FEAT_RESAMP	4	YX16141T	PDAC_018	Hybrid	2	0.733074341939891	0.890840652446675	0.507258785856555	0.275779381353846	0.293137972377642	4.55919422361303	cluster_1=8.592972;cluster_2=4.559194;cluster_3=8.997112;cluster_4=9.195994	0.890840652446675
STAB_CSY_FEAT_RESAMP	4	YX16144T	PDAC_019	Hybrid	2	0.527791654501789	0.560913705583756	1.19675935247061	-0.00975445690298698	0.241376907080385	4.23745044636226	cluster_1=7.431165;cluster_2=4.237450;cluster_3=6.883410;cluster_4=8.642286	0.560913705583756
STAB_CSY_FEAT_RESAMP	4	YX16147T	PDAC_020	Classical	3	0.510538474818337	0.351351351351351	1.47720220232856	0.136441715064649	0.273722207317896	11.7990437215585	cluster_1=16.653517;cluster_2=16.389953;cluster_3=11.799044;cluster_4=18.316966	0.476190476190476
STAB_CSY_FEAT_RESAMP	4	YX16153T	PDAC_021	Classical	1	0.904670363055563	0.969211822660099	0.229081891299856	0.240817411187822	0.311103470055701	10.4487440575117	cluster_1=10.448744;cluster_2=14.765517;cluster_3=14.110692;cluster_4=16.798881	0.969211822660099
STAB_CSY_FEAT_RESAMP	4	YX16155T	PDAC_022	Hybrid	2	0.485491476397103	0.55050505050505	1.43347748453168	-0.00171539921169011	0.273892982377441	15.9912461069311	cluster_1=16.082840;cluster_2=15.991246;cluster_3=17.242766;cluster_4=19.118134	0.55050505050505
STAB_CSY_FEAT_RESAMP	4	YX16158T	PDAC_023	Hybrid	2	0.45279919858931	0.459899749373434	1.37969112525551	0.0698767524720345	0.226389937434566	6.31337198914312	cluster_1=9.949423;cluster_2=6.313372;cluster_3=9.067937;cluster_4=9.589847	0.459899749373434
STAB_CSY_FEAT_RESAMP	4	YX16159T	PDAC_024	Hybrid	2	0.774628434429668	0.972327044025157	0.182584113764262	0.275274015542941	0.31497737361024	3.24437485213894	cluster_1=8.368972;cluster_2=3.244375;cluster_3=7.749953;cluster_4=8.210788	0.972327044025157
STAB_CSY_FEAT_RESAMP	4	YX16160T	PDAC_025	Basal	4	0.911419442290795	0.918341708542714	0.444478504491208	0.21166347866668	0.25507967903762	8.16231936367556	cluster_1=10.393983;cluster_2=7.409557;cluster_3=9.773531;cluster_4=8.162319	0.918341708542714
STAB_CSY_FEAT_RESAMP	4	YX16161T	PDAC_026	Hybrid	2	0.775881028792717	0.982256020278834	0.128579010249141	0.209504562060059	0.315586320712162	3.36662035773508	cluster_1=7.868331;cluster_2=3.366620;cluster_3=7.623599;cluster_4=8.196629	0.982256020278834
STAB_CSY_FEAT_RESAMP	4	YX16166T	PDAC_027	Classical	1	0.899307236231606	0.991282689912827	0.0721644186043037	0.14175495886372	0.30381867903189	5.591296110398	cluster_1=5.591296;cluster_2=6.811250;cluster_3=7.726034;cluster_4=9.735736	0.991282689912827
STAB_CSY_FEAT_RESAMP	4	YX16177T	PDAC_028	Classical	1	0.903618248638778	0.99236641221374	0.0696230528958417	0.0959430038175848	0.30626818356939	9.03589891241278	cluster_1=9.035899;cluster_2=12.626120;cluster_3=10.800491;cluster_4=14.988129	0.99236641221374
STAB_CSY_FEAT_RESAMP	4	YX16178T	PDAC_029	Classical	1	0.898390944573107	0.985897435897436	0.113100726709203	0.26079775055576	0.301635080783625	10.6237669762148	cluster_1=10.623767;cluster_2=13.748273;cluster_3=14.546744;cluster_4=15.383941	0.985897435897436
STAB_CSY_FEAT_RESAMP	4	YX16180T	PDAC_030	Hybrid	2	0.771727971904331	0.963057324840764	0.252594686832651	0.266020722530466	0.320268131127737	4.56379134738383	cluster_1=8.683804;cluster_2=4.563791;cluster_3=8.400860;cluster_4=9.330861	0.963057324840764
STAB_CSY_FEAT_RESAMP	4	YX16185T	PDAC_031	Classical	1	0.775522020173829	0.847435897435897	0.626901274158224	0.0648553277297402	0.261674044317806	12.7466528388532	cluster_1=12.746653;cluster_2=14.095383;cluster_3=14.716599;cluster_4=15.582369	0.847435897435897
STAB_CSY_FEAT_RESAMP	4	YX16188T	PDAC_032	Hybrid	2	0.313483703224338	0.29559748427673	1.57983020026197	-0.140635278585165	0.230359393403411	5.75042359184612	cluster_1=8.720180;cluster_2=5.750424;cluster_3=8.826664;cluster_4=8.084965	0.362264150943396
STAB_CSY_FEAT_RESAMP	4	YX16194T	PDAC_033	Hybrid	2	0.757231092641219	0.94140625	0.321837152478326	0.204218461329768	0.305127453453711	4.17334852101045	cluster_1=9.051456;cluster_2=4.173349;cluster_3=8.195246;cluster_4=9.313298	0.94140625
STAB_CSY_FEAT_RESAMP	4	YX16202T	PDAC_034	Basal	4	0.915767345133487	0.923654568210263	0.435255421552645	0.267703853704512	0.25892934415676	8.48982036351685	cluster_1=12.449627;cluster_2=9.693907;cluster_3=11.958688;cluster_4=8.489820	0.923654568210263
STAB_CSY_FEAT_RESAMP	4	YX16203T	PDAC_035	Hybrid	2	0.744530061920271	0.91243654822335	0.50433604811723	0.104686646493055	0.319661604099875	4.07416942796409	cluster_1=7.369067;cluster_2=4.074169;cluster_3=7.397861;cluster_4=8.628083	0.91243654822335
STAB_CSY_FEAT_RESAMP	4	YX16207T	PDAC_036	Hybrid	2	0.770790047818206	0.964376590330789	0.239352101265961	0.148026023435287	0.318645818493643	3.88121252261137	cluster_1=7.052385;cluster_2=3.881213;cluster_3=7.421203;cluster_4=9.110266	0.964376590330789
STAB_CSY_FEAT_RESAMP	4	YX16218T	PDAC_037	Hybrid	2	0.455951424004365	0.523994811932555	1.19718085185099	-0.0545933292252179	0.321811599297717	5.47219984196644	cluster_1=6.209211;cluster_2=5.472200;cluster_3=7.680575;cluster_4=10.162468	0.523994811932555
STAB_CSY_FEAT_RESAMP	4	YX16222T	PDAC_038	Classical	1	0.823019321080691	0.845088161209068	0.770638098073834	0.0364505400906105	0.319085425095384	6.63147513381549	cluster_1=6.631475;cluster_2=8.294262;cluster_3=8.505362;cluster_4=11.576273	0.845088161209068
STAB_CSY_FEAT_RESAMP	4	YX16224T	PDAC_039	Hybrid	2	0.504370677335066	0.583229036295369	1.33077890137007	-0.106463844282444	0.323727603029936	5.80026892449979	cluster_1=6.933349;cluster_2=5.800269;cluster_3=7.323702;cluster_4=10.062948	0.583229036295369
STAB_CSY_FEAT_RESAMP	4	YX16227T	PDAC_040	Classical	1	0.840620635866235	0.868090452261307	0.688198550717553	0.125171151885676	0.319667301860993	6.65060403241141	cluster_1=6.650604;cluster_2=9.279901;cluster_3=8.937752;cluster_4=12.613350	0.868090452261307
STAB_CSY_FEAT_RESAMP	4	YX16236T	PDAC_041	Classical	1	0.790284822430789	0.856608478802993	0.73637356864244	0.211416259305779	0.296493674287084	6.88352216278263	cluster_1=6.883522;cluster_2=8.900031;cluster_3=10.420126;cluster_4=12.343414	0.856608478802993
STAB_CSY_FEAT_RESAMP	4	YX15047T	PDAC_042	Basal	4	0.846942259307709	0.858942065491184	0.685209018640538	0.135671552501555	0.243282672785861	11.7797543628819	cluster_1=14.238313;cluster_2=12.741536;cluster_3=13.729071;cluster_4=11.779754	0.858942065491184
STAB_CSY_FEAT_RESAMP	4	YX15106T	PDAC_043	Basal	4	0.979697960388652	1	0	0.468065527732116	0.26637936032313	7.66739590255098	cluster_1=14.064524;cluster_2=12.374571;cluster_3=13.621363;cluster_4=7.667396	1
STAB_CSY_FEAT_RESAMP	4	YX15166T	PDAC_044	Basal	4	0.978741082134949	1	0	0.4458999211515	0.265923756665847	5.71031393950507	cluster_1=10.076826;cluster_2=7.423297;cluster_3=10.038484;cluster_4=5.710314	1
STAB_CSY_FEAT_RESAMP	4	YX15187T	PDAC_045	Basal	4	0.978557575373225	1	0	0.433518614438071	0.265519004106949	9.27443458183685	cluster_1=14.972419;cluster_2=13.633535;cluster_3=14.716648;cluster_4=9.274435	1
STAB_CSY_FEAT_RESAMP	4	YX15211T	PDAC_046	Hybrid	2	0.732827192223473	0.901373283395755	0.491039430618136	0.186969692555308	0.29706711982495	3.79094049532137	cluster_1=7.314839;cluster_2=3.790940;cluster_3=7.909304;cluster_4=7.768230	0.901373283395755
STAB_CSY_FEAT_RESAMP	4	YX15214T	PDAC_047	Basal	4	0.979242320761145	1	0	0.375557711991067	0.265983497636882	18.8339963345424	cluster_1=24.445408;cluster_2=23.634377;cluster_3=24.478336;cluster_4=18.833996	1
STAB_CSY_FEAT_RESAMP	4	YX16009T	PDAC_048	Hybrid	2	0.621850964489474	0.69837296620776	1.10301129930996	0.190016210241551	0.273692325895059	4.4282216090691	cluster_1=8.683163;cluster_2=4.428222;cluster_3=8.194662;cluster_4=8.336016	0.69837296620776
STAB_CSY_FEAT_RESAMP	4	YX16011T	PDAC_049	Basal	4	0.9787070713894	1	0	0.42873164632537	0.265762243150497	8.1880046078091	cluster_1=13.492946;cluster_2=12.037829;cluster_3=13.655139;cluster_4=8.188005	1
STAB_CSY_FEAT_RESAMP	4	YX16068T	PDAC_050	Basal	4	0.978623539033901	1	0	0.48497197636307	0.265318184190095	5.54563544212613	cluster_1=10.930497;cluster_2=9.347374;cluster_3=11.318489;cluster_4=5.545635	1
STAB_CSY_FEAT_RESAMP	4	YX16070T	PDAC_051	Basal	4	0.979153487436269	1	0	0.349879550623267	0.266017009588153	6.68105125435373	cluster_1=9.983297;cluster_2=8.169687;cluster_3=10.189848;cluster_4=6.681051	1
STAB_CSY_FEAT_RESAMP	4	YX16075T	PDAC_052	Hybrid	2	0.754474094238021	0.924223602484472	0.418117430673982	0.15482866093187	0.314219283251178	4.72954274026281	cluster_1=8.064551;cluster_2=4.729543;cluster_3=7.441064;cluster_4=9.595241	0.924223602484472
STAB_CSY_FEAT_RESAMP	4	YX16079T	PDAC_053	Basal	4	0.97895206393774	1	0	0.31095020879333	0.264963593395653	9.28823480274805	cluster_1=12.171947;cluster_2=11.786467;cluster_3=12.788348;cluster_4=9.288235	1
STAB_CSY_FEAT_RESAMP	4	YX16087T	PDAC_054	Basal	4	0.977789741354804	1	0	0.469187786680063	0.265568170467301	9.25096391509606	cluster_1=15.558208;cluster_2=14.005834;cluster_3=15.331639;cluster_4=9.250964	1
STAB_CSY_FEAT_RESAMP	4	YX16094T	PDAC_055	Basal	4	0.976398110267583	1	0	0.363938873335892	0.265251564758808	10.1626680228369	cluster_1=14.147446;cluster_2=13.522475;cluster_3=14.855542;cluster_4=10.162668	1
STAB_CSY_FEAT_RESAMP	4	YX16172T	PDAC_056	Basal	4	0.973499543044665	0.99479843953186	0.0521496810064159	0.354616787063982	0.265373384114394	5.72130043053559	cluster_1=10.084095;cluster_2=6.825226;cluster_3=9.727739;cluster_4=5.721300	0.99479843953186
STAB_CSY_FEAT_RESAMP	4	YX16295T	PDAC_057	Basal	4	0.979652520413696	1	0	0.513897158901431	0.26580012330232	6.98100517065924	cluster_1=13.637676;cluster_2=12.188453;cluster_3=13.867503;cluster_4=6.981005	1
STAB_CSY_FEAT_RESAMP	4	YX16327T	PDAC_058	Basal	4	0.944153656443695	0.963522012578616	0.252733885708629	0.25403958197015	0.258757616658293	10.7851080849611	cluster_1=14.272313;cluster_2=12.759472;cluster_3=14.429984;cluster_4=10.785108	0.963522012578616
STAB_CSY_FEAT_RESAMP	4	YX16335T	PDAC_059	Classical	1	0.905389580350787	0.996108949416342	0.0367529538631388	0.172331755672105	0.306343550054409	4.60729775818086	cluster_1=4.607298;cluster_2=7.260187;cluster_3=7.220531;cluster_4=9.797420	0.996108949416342
STAB_CSY_FEAT_RESAMP	4	YX16341T	PDAC_060	Basal	4	0.978528318288299	1	0	0.487405656643504	0.265379889601313	6.04570040045521	cluster_1=12.695026;cluster_2=10.223638;cluster_3=12.300641;cluster_4=6.045700	1
STAB_CSY_FEAT_RESAMP	4	YX16343T	PDAC_061	Hybrid	2	0.67601765490384	0.818411097099622	0.733834716433783	0.150291482420556	0.270580807329637	21.6612056135674	cluster_1=24.164204;cluster_2=21.661206;cluster_3=24.165316;cluster_4=23.527026	0.818411097099622
STAB_CSY_FEAT_RESAMP	4	YX16347T	PDAC_062	Classical	3	0.327175686747031	0.278562259306804	1.06542384605151	0.0394770387103952	0.233553461385577	9.04264929600606	cluster_1=10.908176;cluster_2=11.111557;cluster_3=9.042649;cluster_4=12.831741	0.690629011553273
STAB_CSY_FEAT_RESAMP	5	YX15261T	PDAC_001	Classical	1	0.800458727363217	0.898348157560356	0.634100893492068	0.234855365722094	0.267080559655311	6.20710388475309	cluster_1=6.207104;cluster_2=7.173729;cluster_3=9.365250;cluster_4=7.248955;cluster_5=10.063460	0.898348157560356
STAB_CSY_FEAT_RESAMP	5	YX15263T	PDAC_002	Classical	1	0.868085521789082	0.995049504950495	0.0499867801430589	0.333089209798224	0.28274183698869	11.9506386727398	cluster_1=11.950639;cluster_2=16.790032;cluster_3=16.676812;cluster_4=17.222176;cluster_5=18.839652	0.995049504950495
STAB_CSY_FEAT_RESAMP	5	YX15271T	PDAC_003	Hybrid	2	0.826082838323799	0.905778894472362	0.503781696299483	0.28784033516595	0.28199815533588	4.16267188025531	cluster_1=7.753554;cluster_2=4.162672;cluster_3=7.332811;cluster_4=3.940742;cluster_5=8.604488	0.905778894472362
STAB_CSY_FEAT_RESAMP	5	YX16036T	PDAC_004	Hybrid	2	0.772842413856637	0.870229007633588	0.727040999393203	0.148801888365081	0.253748264606359	3.65565355221766	cluster_1=6.697352;cluster_2=3.655654;cluster_3=7.410077;cluster_4=4.146928;cluster_5=8.280313	0.870229007633588
STAB_CSY_FEAT_RESAMP	5	YX16041T	PDAC_005	Classical	1	0.748941232698478	0.772327044025157	1.11644919330714	0.12060743940565	0.285506454467385	10.273432654345	cluster_1=10.273433;cluster_2=12.845237;cluster_3=12.589630;cluster_4=12.984475;cluster_5=15.307691	0.772327044025157
STAB_CSY_FEAT_RESAMP	5	YX16057T	PDAC_006	Classical	3	0.569849678692057	0.228677379480841	1.7466706703555	0.127918276225621	0.260368014356141	5.5764881609912	cluster_1=6.380791;cluster_2=5.583607;cluster_3=5.576488;cluster_4=6.105247;cluster_5=9.556905	0.454882571075402
STAB_CSY_FEAT_RESAMP	5	YX16062T	PDAC_007	Classical	1	0.861859092667953	0.990716180371353	0.0888074091657994	0.249908824449162	0.280927688673108	9.51477265637162	cluster_1=9.514773;cluster_2=12.919652;cluster_3=13.568343;cluster_4=13.091347;cluster_5=15.153504	0.990716180371353
STAB_CSY_FEAT_RESAMP	5	YX16112T	PDAC_008	Classical	1	0.357820651318519	0.335373317013464	1.93343015639241	-0.0685317473202175	0.241777287153466	12.1738148881068	cluster_1=12.173815;cluster_2=13.412401;cluster_3=12.734144;cluster_4=13.143619;cluster_5=15.529173	0.335373317013464
STAB_CSY_FEAT_RESAMP	5	YX16113T	PDAC_009	Hybrid	4	0.451675057531694	0.354636591478697	1.79321458399897	0.0882639941751091	0.209213748833382	5.82079802968534	cluster_1=8.595931;cluster_2=8.209732;cluster_3=10.007838;cluster_4=5.820798;cluster_5=10.657426	0.402255639097744
STAB_CSY_FEAT_RESAMP	5	YX16119T	PDAC_010	Classical	1	0.763701938164327	0.812903225806452	0.970503746387624	0.0324543199315323	0.274804594660068	7.63822874459617	cluster_1=7.638229;cluster_2=8.407178;cluster_3=8.838839;cluster_4=7.996674;cluster_5=11.125935	0.812903225806452
STAB_CSY_FEAT_RESAMP	5	YX16120T	PDAC_011	Classical	1	0.862508740833323	0.987357774968394	0.108981461659325	0.176740559306146	0.281286005386437	6.16233744623106	cluster_1=6.162337;cluster_2=8.126920;cluster_3=8.592112;cluster_4=8.113342;cluster_5=10.810031	0.987357774968394
STAB_CSY_FEAT_RESAMP	5	YX16127T	PDAC_012	Classical	1	0.860734395859628	0.984867591424968	0.133209830019679	0.250472754166104	0.279517929890912	5.87814971928298	cluster_1=5.878150;cluster_2=8.166639;cluster_3=9.194436;cluster_4=8.453334;cluster_5=11.046551	0.984867591424968
STAB_CSY_FEAT_RESAMP	5	YX16128T	PDAC_013	Classical	3	0.603779227428383	0.318414322250639	1.93652100500623	0.213625510874608	0.237315263015258	5.13699905739168	cluster_1=6.927542;cluster_2=6.883523;cluster_3=5.136999;cluster_4=6.487936;cluster_5=9.957574	0.318414322250639
STAB_CSY_FEAT_RESAMP	5	YX16130T	PDAC_014	Hybrid	2	0.762614617049543	0.89321608040201	0.60973028184127	0.261156797184344	0.241693138874532	3.99144277703431	cluster_1=8.299492;cluster_2=3.991443;cluster_3=8.210471;cluster_4=6.407478;cluster_5=9.600638	0.89321608040201
STAB_CSY_FEAT_RESAMP	5	YX16132T	PDAC_015	Hybrid	4	0.520536054363025	0.332480818414322	1.65414395075874	-0.00734165282203216	0.255364261658062	3.48140003835091	cluster_1=6.386217;cluster_2=4.906173;cluster_3=6.949262;cluster_4=3.481400;cluster_5=8.348853	0.485933503836317
STAB_CSY_FEAT_RESAMP	5	YX16135T	PDAC_016	Hybrid	2	0.823637271071181	0.90875	0.489788283884067	0.326863838626624	0.277779597781963	6.46072789871242	cluster_1=10.294032;cluster_2=6.460728;cluster_3=9.535057;cluster_4=8.160290;cluster_5=10.859470	0.90875
STAB_CSY_FEAT_RESAMP	5	YX16139T	PDAC_017	Classical	1	0.835851072312974	0.945012787723785	0.368272300428031	0.0925402476461417	0.273993760358909	5.72578213004491	cluster_1=5.725782;cluster_2=6.060376;cluster_3=7.028152;cluster_4=4.659806;cluster_5=8.398194	0.945012787723785
STAB_CSY_FEAT_RESAMP	5	YX16141T	PDAC_018	Hybrid	4	0.550805458157711	0.283563362609787	1.11661737813237	0.0938389956660449	0.238457327467424	4.7240163275529	cluster_1=8.592972;cluster_2=5.305879;cluster_3=8.997112;cluster_4=4.724016;cluster_5=9.195994	0.670012547051443
STAB_CSY_FEAT_RESAMP	5	YX16144T	PDAC_019	Hybrid	4	0.537985107576054	0.626903553299492	1.31018081605505	0.0936565881023712	0.180750391443349	3.18783290299401	cluster_1=7.431165;cluster_2=5.596065;cluster_3=6.883410;cluster_4=3.187833;cluster_5=8.642286	0.626903553299492
STAB_CSY_FEAT_RESAMP	5	YX16147T	PDAC_020	Classical	3	0.474557662092621	0.277992277992278	1.88977266872709	0.0807690226788465	0.20035302615411	11.7990437215585	cluster_1=16.653517;cluster_2=16.712385;cluster_3=11.799044;cluster_4=16.279319;cluster_5=18.316966	0.352638352638353
STAB_CSY_FEAT_RESAMP	5	YX16153T	PDAC_021	Classical	1	0.859779990084159	0.944581280788177	0.3714772920572	0.240817411187822	0.28579793248836	10.4487440575117	cluster_1=10.448744;cluster_2=14.894138;cluster_3=14.110692;cluster_4=15.002490;cluster_5=16.798881	0.944581280788177
STAB_CSY_FEAT_RESAMP	5	YX16155T	PDAC_022	Hybrid	2	0.514989592746079	0.585858585858586	1.5599504635132	0.0631842295947648	0.226474912181818	14.9983463764251	cluster_1=16.082840;cluster_2=14.998346;cluster_3=17.242766;cluster_4=17.792475;cluster_5=19.118134	0.585858585858586
STAB_CSY_FEAT_RESAMP	5	YX16158T	PDAC_023	Hybrid	4	0.524043956417423	0.711779448621554	1.25420909588243	0.243254107454172	0.161570316328966	4.76148134099706	cluster_1=9.949423;cluster_2=7.697866;cluster_3=9.067937;cluster_4=4.761481;cluster_5=9.589847	0.711779448621554
STAB_CSY_FEAT_RESAMP	5	YX16159T	PDAC_024	Hybrid	2	0.825891712574607	0.914465408805031	0.448993440486755	0.263979169643947	0.279985397534237	3.99177275389296	cluster_1=8.368972;cluster_2=3.991773;cluster_3=7.749953;cluster_4=3.886070;cluster_5=8.210788	0.914465408805031
STAB_CSY_FEAT_RESAMP	5	YX16160T	PDAC_025	Basal	5	0.864709409275261	0.874371859296482	0.680828860204048	0.194317431292588	0.241026447923232	8.16231936367556	cluster_1=10.393983;cluster_2=8.125621;cluster_3=9.773531;cluster_4=7.112365;cluster_5=8.162319	0.874371859296482
STAB_CSY_FEAT_RESAMP	5	YX16161T	PDAC_026	Hybrid	2	0.827623428482405	0.907477820025348	0.482753673427647	0.241086434789995	0.28069974709469	4.36694383559885	cluster_1=7.868331;cluster_2=4.366944;cluster_3=7.623599;cluster_4=3.505525;cluster_5=8.196629	0.907477820025348
STAB_CSY_FEAT_RESAMP	5	YX16166T	PDAC_027	Classical	1	0.862729911322507	0.980074719800747	0.154893031175609	0.14175495886372	0.282549969786972	5.591296110398	cluster_1=5.591296;cluster_2=7.435888;cluster_3=7.726034;cluster_4=6.748202;cluster_5=9.735736	0.980074719800747
STAB_CSY_FEAT_RESAMP	5	YX16177T	PDAC_028	Classical	1	0.865779490006433	0.983460559796438	0.134331219002987	0.0959430038175848	0.283335807700213	9.03589891241278	cluster_1=9.035899;cluster_2=12.646397;cluster_3=10.800491;cluster_4=13.100008;cluster_5=14.988129	0.983460559796438
STAB_CSY_FEAT_RESAMP	5	YX16178T	PDAC_029	Classical	1	0.848128312622353	0.964102564102564	0.262921606697655	0.233298715829639	0.273673500912632	10.6237669762148	cluster_1=10.623767;cluster_2=13.945219;cluster_3=14.546744;cluster_4=13.911120;cluster_5=15.383941	0.964102564102564
STAB_CSY_FEAT_RESAMP	5	YX16180T	PDAC_030	Hybrid	2	0.794133505135369	0.863694267515924	0.67067233974879	0.0919128341920789	0.283835990688193	5.29847648796854	cluster_1=8.683804;cluster_2=5.298476;cluster_3=8.400860;cluster_4=4.748222;cluster_5=9.330861	0.863694267515924
STAB_CSY_FEAT_RESAMP	5	YX16185T	PDAC_031	Classical	1	0.549754696292782	0.623076923076923	1.31357409239464	0.0648553277297402	0.178927243938402	12.7466528388532	cluster_1=12.746653;cluster_2=14.347502;cluster_3=14.716599;cluster_4=14.160275;cluster_5=15.582369	0.623076923076923
STAB_CSY_FEAT_RESAMP	5	YX16188T	PDAC_032	Hybrid	4	0.399803314397873	0.632704402515723	1.29534208457566	0.00746987689831427	0.168113881194252	4.46344954140897	cluster_1=8.720180;cluster_2=7.061688;cluster_3=8.826664;cluster_4=4.463450;cluster_5=8.084965	0.632704402515723
STAB_CSY_FEAT_RESAMP	5	YX16194T	PDAC_033	Hybrid	2	0.820762831578551	0.93359375	0.397011626881372	0.345373305470025	0.267543373748035	3.81473638417228	cluster_1=9.051456;cluster_2=3.814736;cluster_3=8.195246;cluster_4=5.904352;cluster_5=9.313298	0.93359375
STAB_CSY_FEAT_RESAMP	5	YX16202T	PDAC_034	Basal	5	0.873736847060203	0.88485607008761	0.572439819688943	0.210301630566535	0.245100011791549	8.48982036351685	cluster_1=12.449627;cluster_2=10.212836;cluster_3=11.958688;cluster_4=9.533682;cluster_5=8.489820	0.88485607008761
STAB_CSY_FEAT_RESAMP	5	YX16203T	PDAC_035	Hybrid	2	0.74492064166874	0.802030456852792	0.938139546746424	0.0281805380939522	0.280231494943279	5.08184041885683	cluster_1=7.369067;cluster_2=5.081840;cluster_3=7.397861;cluster_4=3.903252;cluster_5=8.628083	0.802030456852792
STAB_CSY_FEAT_RESAMP	5	YX16207T	PDAC_036	Hybrid	2	0.827191882740925	0.902035623409669	0.523998499543173	0.33334897311294	0.282054285197775	4.01249738972139	cluster_1=7.052385;cluster_2=4.012497;cluster_3=7.421203;cluster_4=5.142004;cluster_5=9.110266	0.902035623409669
STAB_CSY_FEAT_RESAMP	5	YX16218T	PDAC_037	Hybrid	2	0.496466768863469	0.509727626459144	1.35956920695094	0.0268712261606985	0.286423455100737	5.49294675729945	cluster_1=6.209211;cluster_2=5.492947;cluster_3=7.680575;cluster_4=6.525301;cluster_5=10.162468	0.509727626459144
STAB_CSY_FEAT_RESAMP	5	YX16222T	PDAC_038	Classical	1	0.773486106946838	0.809823677581864	0.988311236280482	0.0364505400906105	0.286843171551627	6.63147513381549	cluster_1=6.631475;cluster_2=8.576869;cluster_3=8.505362;cluster_4=8.623602;cluster_5=11.576273	0.809823677581864
STAB_CSY_FEAT_RESAMP	5	YX16224T	PDAC_039	Hybrid	2	0.483079962362677	0.501877346683354	1.7289798398737	-0.0262889243931957	0.26120133222812	5.95402059613497	cluster_1=6.933349;cluster_2=5.954021;cluster_3=7.323702;cluster_4=6.619691;cluster_5=10.062948	0.501877346683354
STAB_CSY_FEAT_RESAMP	5	YX16227T	PDAC_040	Classical	1	0.7963281218565	0.835427135678392	0.895175172409602	0.125171151885676	0.291141309204042	6.65060403241141	cluster_1=6.650604;cluster_2=9.436416;cluster_3=8.937752;cluster_4=9.723589;cluster_5=12.613350	0.835427135678392
STAB_CSY_FEAT_RESAMP	5	YX16236T	PDAC_041	Classical	1	0.736312254584259	0.824189526184539	0.924850335255587	0.191775002180246	0.263347608520853	6.88352216278263	cluster_1=6.883522;cluster_2=8.615482;cluster_3=10.420126;cluster_4=9.997597;cluster_5=12.343414	0.824189526184539
STAB_CSY_FEAT_RESAMP	5	YX15047T	PDAC_042	Basal	5	0.747181702197573	0.76448362720403	1.08737161794765	0.133469502099304	0.209600062084149	11.7797543628819	cluster_1=14.238313;cluster_2=12.988326;cluster_3=13.729071;cluster_4=12.863034;cluster_5=11.779754	0.76448362720403
STAB_CSY_FEAT_RESAMP	5	YX15106T	PDAC_043	Basal	5	0.967374754335027	1	0	0.421344413789753	0.26050277508412	7.66739590255098	cluster_1=14.064524;cluster_2=12.843609;cluster_3=13.621363;cluster_4=12.153966;cluster_5=7.667396	1
STAB_CSY_FEAT_RESAMP	5	YX15166T	PDAC_044	Basal	5	0.966811841017882	1	0	0.389618044160906	0.260231651364669	5.71031393950507	cluster_1=10.076826;cluster_2=8.303247;cluster_3=10.038484;cluster_4=6.824011;cluster_5=5.710314	1
STAB_CSY_FEAT_RESAMP	5	YX15187T	PDAC_045	Basal	5	0.96723006458887	1	0	0.400964668829782	0.260014918371553	9.27443458183685	cluster_1=14.972419;cluster_2=13.990032;cluster_3=14.716648;cluster_4=13.547804;cluster_5=9.274435	1
STAB_CSY_FEAT_RESAMP	5	YX15211T	PDAC_046	Hybrid	4	0.576118035470975	0.295880149812734	1.13522982705926	0.103243475638647	0.244103137898303	3.00790352491387	cluster_1=7.314839;cluster_2=5.113058;cluster_3=7.909304;cluster_4=3.007904;cluster_5=7.768230	0.656679151061174
STAB_CSY_FEAT_RESAMP	5	YX15214T	PDAC_047	Basal	5	0.967879546272136	1	0	0.335457336826574	0.260632477788062	18.8339963345424	cluster_1=24.445408;cluster_2=23.883611;cluster_3=24.478336;cluster_4=23.519134;cluster_5=18.833996	1
STAB_CSY_FEAT_RESAMP	5	YX16009T	PDAC_048	Hybrid	4	0.622256372700684	0.550688360450563	1.31074149224924	0.229004644841265	0.208631714677014	3.07789514919546	cluster_1=8.683163;cluster_2=5.871514;cluster_3=8.194662;cluster_4=3.077895;cluster_5=8.336016	0.550688360450563
STAB_CSY_FEAT_RESAMP	5	YX16011T	PDAC_049	Basal	5	0.967301640500552	1	0	0.399043875372611	0.260011328287414	8.1880046078091	cluster_1=13.492946;cluster_2=12.485536;cluster_3=13.655139;cluster_4=11.866713;cluster_5=8.188005	1
STAB_CSY_FEAT_RESAMP	5	YX16068T	PDAC_050	Basal	5	0.967878982751632	1	0	0.472915832120467	0.260103145113855	5.54563544212613	cluster_1=10.930497;cluster_2=9.606152;cluster_3=11.318489;cluster_4=9.629757;cluster_5=5.545635	1
STAB_CSY_FEAT_RESAMP	5	YX16070T	PDAC_051	Basal	5	0.966783067729497	1	0	0.334514422479553	0.260208444323708	6.68105125435373	cluster_1=9.983297;cluster_2=8.523069;cluster_3=10.189848;cluster_4=8.399769;cluster_5=6.681051	1
STAB_CSY_FEAT_RESAMP	5	YX16075T	PDAC_052	Hybrid	4	0.557480881030984	0.219875776397516	0.932031014045909	-0.0364291261369008	0.271683132342528	4.55861934630393	cluster_1=8.064551;cluster_2=5.633726;cluster_3=7.441064;cluster_4=4.558619;cluster_5=9.595241	0.754037267080745
STAB_CSY_FEAT_RESAMP	5	YX16079T	PDAC_053	Basal	5	0.967836478821003	0.998762376237624	0.0137376403444077	0.305958096157141	0.259849168465255	9.28823480274805	cluster_1=12.171947;cluster_2=12.080192;cluster_3=12.788348;cluster_4=11.874531;cluster_5=9.288235	0.998762376237624
STAB_CSY_FEAT_RESAMP	5	YX16087T	PDAC_054	Basal	5	0.966504791579867	1	0	0.440333416584802	0.260110908961558	9.25096391509606	cluster_1=15.558208;cluster_2=14.361221;cluster_3=15.331639;cluster_4=13.909344;cluster_5=9.250964	1
STAB_CSY_FEAT_RESAMP	5	YX16094T	PDAC_055	Basal	5	0.964526122676662	1	0	0.307973219576877	0.259593356962793	10.1626680228369	cluster_1=14.147446;cluster_2=13.943718;cluster_3=14.855542;cluster_4=13.335969;cluster_5=10.162668	1
STAB_CSY_FEAT_RESAMP	5	YX16172T	PDAC_056	Basal	5	0.962472646869557	0.99479843953186	0.0511680327591292	0.26739222415787	0.260210623065799	5.72130043053559	cluster_1=10.084095;cluster_2=7.760078;cluster_3=9.727739;cluster_4=6.193707;cluster_5=5.721300	0.99479843953186
STAB_CSY_FEAT_RESAMP	5	YX16295T	PDAC_057	Basal	5	0.969333174254628	1	0	0.505484169475706	0.2603728378284	6.98100517065924	cluster_1=13.637676;cluster_2=12.474211;cluster_3=13.867503;cluster_4=12.271266;cluster_5=6.981005	1
STAB_CSY_FEAT_RESAMP	5	YX16327T	PDAC_058	Basal	5	0.929895512543022	0.959748427672956	0.294635686343349	0.237367636654458	0.251455126342024	10.7851080849611	cluster_1=14.272313;cluster_2=12.797894;cluster_3=14.429984;cluster_4=13.200949;cluster_5=10.785108	0.959748427672956
STAB_CSY_FEAT_RESAMP	5	YX16335T	PDAC_059	Classical	1	0.865473586966436	0.985732814526589	0.117669297198431	0.172331755672105	0.282719638524554	4.60729775818086	cluster_1=4.607298;cluster_2=7.583538;cluster_3=7.220531;cluster_4=7.631022;cluster_5=9.797420	0.985732814526589
STAB_CSY_FEAT_RESAMP	5	YX16341T	PDAC_060	Basal	5	0.967894099151569	1	0	0.462443653471646	0.260171180017576	6.04570040045521	cluster_1=12.695026;cluster_2=10.629035;cluster_3=12.300641;cluster_4=10.215733;cluster_5=6.045700	1
STAB_CSY_FEAT_RESAMP	5	YX16343T	PDAC_061	Hybrid	2	0.705838089902836	0.828499369482976	0.841947320313351	0.123846942153115	0.222229173427107	20.6017977881177	cluster_1=24.164204;cluster_2=20.601798;cluster_3=24.165316;cluster_4=23.491368;cluster_5=23.527026	0.828499369482976
STAB_CSY_FEAT_RESAMP	5	YX16347T	PDAC_062	Classical	3	0.229370389326964	0.469833119383825	1.35058474268437	0.0394770387103952	0.151439936132115	9.04264929600606	cluster_1=10.908176;cluster_2=11.030323;cluster_3=9.042649;cluster_4=11.800555;cluster_5=12.831741	0.469833119383825
STAB_CSY_FEAT_RESAMP	6	YX15261T	PDAC_001	Classical	1	0.747156704540924	0.864040660736976	0.817855815646526	0.23302076020905	0.240520348409905	6.20710388475309	cluster_1=6.207104;cluster_2=7.173729;cluster_3=10.112788;cluster_4=7.248955;cluster_5=10.063460;cluster_6=12.371426	0.864040660736976
STAB_CSY_FEAT_RESAMP	6	YX15263T	PDAC_002	Classical	1	0.822045414082075	0.976485148514851	0.186305106475076	0.32930512602511	0.258675083630129	11.9506386727398	cluster_1=11.950639;cluster_2=16.790032;cluster_3=17.157616;cluster_4=17.222176;cluster_5=18.839652;cluster_6=18.393991	0.976485148514851
STAB_CSY_FEAT_RESAMP	6	YX15271T	PDAC_003	Hybrid	2	0.791314533074885	0.909547738693467	0.503012050456008	0.28784033516595	0.252320090363487	4.16267188025531	cluster_1=7.753554;cluster_2=4.162672;cluster_3=8.008080;cluster_4=3.940742;cluster_5=8.604488;cluster_6=11.476866	0.909547738693467
STAB_CSY_FEAT_RESAMP	6	YX16036T	PDAC_004	Hybrid	2	0.713717399481786	0.823155216284987	0.994696764711845	0.148801888365081	0.215927208661178	3.65565355221766	cluster_1=6.697352;cluster_2=3.655654;cluster_3=8.057904;cluster_4=4.146928;cluster_5=8.280313;cluster_6=11.570373	0.823155216284987
STAB_CSY_FEAT_RESAMP	6	YX16041T	PDAC_005	Classical	1	0.701218986231227	0.744654088050314	1.30412399331723	0.111987079399354	0.254310306694588	10.273432654345	cluster_1=10.273433;cluster_2=12.845237;cluster_3=13.085916;cluster_4=12.984475;cluster_5=15.307691;cluster_6=15.142576	0.744654088050314
STAB_CSY_FEAT_RESAMP	6	YX16057T	PDAC_006	Classical	3	0.648123432823748	0.394313967861557	1.77196651617765	0.123847628613886	0.204340336107303	6.28815006042829	cluster_1=6.380791;cluster_2=5.583607;cluster_3=6.288150;cluster_4=6.105247;cluster_5=9.556905;cluster_6=10.714121	0.394313967861557
STAB_CSY_FEAT_RESAMP	6	YX16062T	PDAC_007	Classical	1	0.819837725866242	0.977453580901857	0.190996452981838	0.224882996294664	0.257838952734482	9.51477265637162	cluster_1=9.514773;cluster_2=12.919652;cluster_3=13.936254;cluster_4=13.091347;cluster_5=15.153504;cluster_6=16.210128	0.977453580901857
STAB_CSY_FEAT_RESAMP	6	YX16112T	PDAC_008	Classical	1	0.260990635129168	0.239902080783354	1.90672355589849	-0.135261317702423	0.180622043563768	12.1738148881068	cluster_1=12.173815;cluster_2=13.412401;cluster_3=12.653801;cluster_4=13.143619;cluster_5=15.529173;cluster_6=16.652439	0.466340269277846
STAB_CSY_FEAT_RESAMP	6	YX16113T	PDAC_009	Hybrid	4	0.396787601232748	0.426065162907268	2.01581962980675	0.0882639941751091	0.148552092521194	5.82079802968534	cluster_1=8.595931;cluster_2=8.209732;cluster_3=10.355389;cluster_4=5.820798;cluster_5=10.657426;cluster_6=13.709524	0.426065162907268
STAB_CSY_FEAT_RESAMP	6	YX16119T	PDAC_010	Classical	1	0.691729625972128	0.76258064516129	1.19804946053397	-0.112980029588947	0.238404986056435	7.63822874459617	cluster_1=7.638229;cluster_2=8.407178;cluster_3=9.907779;cluster_4=7.996674;cluster_5=11.125935;cluster_6=11.270937	0.76258064516129
STAB_CSY_FEAT_RESAMP	6	YX16120T	PDAC_011	Classical	1	0.824107063109698	0.979772439949431	0.149538882501404	0.173574110694047	0.259895688636434	6.16233744623106	cluster_1=6.162337;cluster_2=8.126920;cluster_3=9.385581;cluster_4=8.113342;cluster_5=10.810031;cluster_6=11.834534	0.979772439949431
STAB_CSY_FEAT_RESAMP	6	YX16127T	PDAC_012	Classical	1	0.82160842363967	0.977301387137453	0.188460162197404	0.204827496282924	0.257881276255051	5.87814971928298	cluster_1=5.878150;cluster_2=8.166639;cluster_3=10.082922;cluster_4=8.453334;cluster_5=11.046551;cluster_6=11.923954	0.977301387137453
STAB_CSY_FEAT_RESAMP	6	YX16128T	PDAC_013	Classical	3	0.772451843347366	0.553708439897698	1.66980950213389	0.268761669984273	0.174622472553894	5.46006808820795	cluster_1=6.927542;cluster_2=6.883523;cluster_3=5.460068;cluster_4=6.487936;cluster_5=9.957574;cluster_6=11.186779	0.553708439897698
STAB_CSY_FEAT_RESAMP	6	YX16130T	PDAC_014	Hybrid	2	0.708851498529965	0.835427135678392	0.889615793060849	0.245483874320135	0.206024751175804	3.99144277703431	cluster_1=8.299492;cluster_2=3.991443;cluster_3=9.090983;cluster_4=6.407478;cluster_5=9.600638;cluster_6=11.433960	0.835427135678392
STAB_CSY_FEAT_RESAMP	6	YX16132T	PDAC_015	Hybrid	4	0.445907548338175	0.375959079283887	1.77913837460256	-0.138608381033007	0.20538292670143	3.48140003835091	cluster_1=6.386217;cluster_2=4.906173;cluster_3=7.314248;cluster_4=3.481400;cluster_5=8.348853;cluster_6=11.903795	0.400255754475703
STAB_CSY_FEAT_RESAMP	6	YX16135T	PDAC_016	Hybrid	2	0.787391097698216	0.915	0.469409687506183	0.301780239292677	0.246978503709221	6.46072789871242	cluster_1=10.294032;cluster_2=6.460728;cluster_3=10.251734;cluster_4=8.160290;cluster_5=10.859470;cluster_6=12.545962	0.915
STAB_CSY_FEAT_RESAMP	6	YX16139T	PDAC_017	Classical	1	0.773054551068786	0.896419437340154	0.621146479947032	0.0558338788622529	0.24450376207022	5.72578213004491	cluster_1=5.725782;cluster_2=6.060376;cluster_3=7.719637;cluster_4=4.659806;cluster_5=8.398194;cluster_6=11.306073	0.896419437340154
STAB_CSY_FEAT_RESAMP	6	YX16141T	PDAC_018	Hybrid	4	0.488035547744987	0.351317440401506	1.42204066406684	0.0938389956660449	0.195399516892815	4.7240163275529	cluster_1=8.592972;cluster_2=5.305879;cluster_3=9.508112;cluster_4=4.724016;cluster_5=9.195994;cluster_6=12.712414	0.554579673776663
STAB_CSY_FEAT_RESAMP	6	YX16144T	PDAC_019	Hybrid	4	0.484733879401461	0.614213197969543	1.44137616158048	0.0110484468829731	0.145458920001158	3.18783290299401	cluster_1=7.431165;cluster_2=5.596065;cluster_3=7.232664;cluster_4=3.187833;cluster_5=8.642286;cluster_6=11.900297	0.614213197969543
STAB_CSY_FEAT_RESAMP	6	YX16147T	PDAC_020	Classical	3	0.638523994119832	0.481338481338481	1.70101223451743	0.210252459529499	0.149432517361483	10.0046856752915	cluster_1=16.653517;cluster_2=16.712385;cluster_3=10.004686;cluster_4=16.279319;cluster_5=18.316966;cluster_6=19.121049	0.481338481338481
STAB_CSY_FEAT_RESAMP	6	YX16153T	PDAC_021	Classical	1	0.807191836907945	0.917487684729064	0.520465303189803	0.234142656934784	0.25951631112055	10.4487440575117	cluster_1=10.448744;cluster_2=14.894138;cluster_3=14.671564;cluster_4=15.002490;cluster_5=16.798881;cluster_6=16.115464	0.917487684729064
STAB_CSY_FEAT_RESAMP	6	YX16155T	PDAC_022	Hybrid	2	0.454432857225489	0.512626262626263	1.88796907591762	0.0006249521389455	0.18489020041522	14.9983463764251	cluster_1=16.082840;cluster_2=14.998346;cluster_3=18.040900;cluster_4=17.792475;cluster_5=19.118134;cluster_6=17.940336	0.512626262626263
STAB_CSY_FEAT_RESAMP	6	YX16158T	PDAC_023	Hybrid	4	0.477935888156956	0.714285714285714	1.35521028556208	0.226548754845181	0.123813487654439	4.76148134099706	cluster_1=9.949423;cluster_2=7.697866;cluster_3=9.410135;cluster_4=4.761481;cluster_5=9.589847;cluster_6=13.125699	0.714285714285714
STAB_CSY_FEAT_RESAMP	6	YX16159T	PDAC_024	Hybrid	2	0.794407501748695	0.929559748427673	0.402167321860939	0.263979169643947	0.250692996235597	3.99177275389296	cluster_1=8.368972;cluster_2=3.991773;cluster_3=8.350454;cluster_4=3.886070;cluster_5=8.210788;cluster_6=11.835660	0.929559748427673
STAB_CSY_FEAT_RESAMP	6	YX16160T	PDAC_025	Basal	5	0.822641483790981	0.841708542713568	0.845075643880858	0.0942234186511427	0.228817108240557	8.16231936367556	cluster_1=10.393983;cluster_2=8.125621;cluster_3=10.594502;cluster_4=7.112365;cluster_5=8.162319;cluster_6=12.425105	0.841708542713568
STAB_CSY_FEAT_RESAMP	6	YX16161T	PDAC_026	Hybrid	2	0.791713585708598	0.91128010139417	0.487030208458083	0.241086434789995	0.251278515368011	4.36694383559885	cluster_1=7.868331;cluster_2=4.366944;cluster_3=8.266163;cluster_4=3.505525;cluster_5=8.196629;cluster_6=11.683949	0.91128010139417
STAB_CSY_FEAT_RESAMP	6	YX16166T	PDAC_027	Classical	1	0.821386017463561	0.968866749688667	0.224795786285668	0.00282200594786242	0.259937189459348	5.591296110398	cluster_1=5.591296;cluster_2=7.435888;cluster_3=8.877246;cluster_4=6.748202;cluster_5=9.735736;cluster_6=10.553478	0.968866749688667
STAB_CSY_FEAT_RESAMP	6	YX16177T	PDAC_028	Classical	1	0.827250976337216	0.972010178117048	0.217289648626105	0.065407750875867	0.261676336111754	9.03589891241278	cluster_1=9.035899;cluster_2=12.646397;cluster_3=11.531278;cluster_4=13.100008;cluster_5=14.988129;cluster_6=13.293505	0.972010178117048
STAB_CSY_FEAT_RESAMP	6	YX16178T	PDAC_029	Classical	1	0.799713670203013	0.933333333333333	0.442897530566736	0.233298715829639	0.249108767654628	10.6237669762148	cluster_1=10.623767;cluster_2=13.945219;cluster_3=15.005043;cluster_4=13.911120;cluster_5=15.383941;cluster_6=16.733294	0.933333333333333
STAB_CSY_FEAT_RESAMP	6	YX16180T	PDAC_030	Hybrid	2	0.741231442825611	0.840764331210191	0.800851615858101	0.0919128341920789	0.252173179883773	5.29847648796854	cluster_1=8.683804;cluster_2=5.298476;cluster_3=8.736006;cluster_4=4.748222;cluster_5=9.330861;cluster_6=12.742465	0.840764331210191
STAB_CSY_FEAT_RESAMP	6	YX16185T	PDAC_031	Classical	1	0.394170807862467	0.456410256410256	1.78131877277167	0.0513364102733212	0.125026733608788	12.7466528388532	cluster_1=12.746653;cluster_2=14.347502;cluster_3=15.133767;cluster_4=14.160275;cluster_5=15.582369;cluster_6=16.977819	0.456410256410256
STAB_CSY_FEAT_RESAMP	6	YX16188T	PDAC_032	Hybrid	4	0.361957015089218	0.657861635220126	1.37860631535056	0.00746987689831427	0.132838864115999	4.46344954140897	cluster_1=8.720180;cluster_2=7.061688;cluster_3=9.214658;cluster_4=4.463450;cluster_5=8.084965;cluster_6=12.881625	0.657861635220126
STAB_CSY_FEAT_RESAMP	6	YX16194T	PDAC_033	Hybrid	2	0.78888725430023	0.9375	0.426565845854176	0.312318991357861	0.237807562947142	3.81473638417228	cluster_1=9.051456;cluster_2=3.814736;cluster_3=9.009516;cluster_4=5.904352;cluster_5=9.313298;cluster_6=11.582751	0.9375
STAB_CSY_FEAT_RESAMP	6	YX16202T	PDAC_034	Basal	5	0.829739086719338	0.849812265331665	0.75932392033974	0.210301630566535	0.232700572862253	8.48982036351685	cluster_1=12.449627;cluster_2=10.212836;cluster_3=12.439870;cluster_4=9.533682;cluster_5=8.489820;cluster_6=14.724665	0.849812265331665
STAB_CSY_FEAT_RESAMP	6	YX16203T	PDAC_035	Hybrid	2	0.678089134975406	0.765228426395939	1.1198791679955	0.0281805380939522	0.244455992217273	5.08184041885683	cluster_1=7.369067;cluster_2=5.081840;cluster_3=7.807009;cluster_4=3.903252;cluster_5=8.628083;cluster_6=12.045382	0.765228426395939
STAB_CSY_FEAT_RESAMP	6	YX16207T	PDAC_036	Hybrid	2	0.792771719892684	0.917302798982188	0.490170671773729	0.30678631485885	0.250766657632626	4.01249738972139	cluster_1=7.052385;cluster_2=4.012497;cluster_3=8.063850;cluster_4=5.142004;cluster_5=9.110266;cluster_6=11.586457	0.917302798982188
STAB_CSY_FEAT_RESAMP	6	YX16218T	PDAC_037	Hybrid	2	0.469102311037258	0.505836575875486	1.45407616481283	0.0268712261606985	0.255117696239118	5.49294675729945	cluster_1=6.209211;cluster_2=5.492947;cluster_3=8.165068;cluster_4=6.525301;cluster_5=10.162468;cluster_6=12.041011	0.505836575875486
STAB_CSY_FEAT_RESAMP	6	YX16222T	PDAC_038	Classical	1	0.712202913185172	0.767002518891688	1.1604102617021	-0.00685564638314631	0.252870325052456	6.63147513381549	cluster_1=6.631475;cluster_2=8.576869;cluster_3=9.050861;cluster_4=8.623602;cluster_5=11.576273;cluster_6=12.354614	0.767002518891688
STAB_CSY_FEAT_RESAMP	6	YX16224T	PDAC_039	Hybrid	2	0.409210768159498	0.445556946182728	1.73101896011734	-0.103402342463487	0.208006579797889	5.95402059613497	cluster_1=6.933349;cluster_2=5.954021;cluster_3=7.772873;cluster_4=6.619691;cluster_5=10.062948;cluster_6=11.929786	0.445556946182728
STAB_CSY_FEAT_RESAMP	6	YX16227T	PDAC_040	Classical	1	0.753477289198365	0.816582914572864	1.02875460443913	0.112641905988271	0.26303383655266	6.65060403241141	cluster_1=6.650604;cluster_2=9.436416;cluster_3=9.645362;cluster_4=9.723589;cluster_5=12.613350;cluster_6=12.225410	0.816582914572864
STAB_CSY_FEAT_RESAMP	6	YX16236T	PDAC_041	Classical	1	0.681933434151329	0.786783042394015	1.13530111406567	0.15689764772691	0.23436042206646	6.88352216278263	cluster_1=6.883522;cluster_2=8.615482;cluster_3=11.354457;cluster_4=9.997597;cluster_5=12.343414;cluster_6=12.512834	0.786783042394015
STAB_CSY_FEAT_RESAMP	6	YX15047T	PDAC_042	Basal	5	0.566415280668253	0.584382871536524	1.66732311327445	0.133469502099304	0.157535089550012	11.7797543628819	cluster_1=14.238313;cluster_2=12.988326;cluster_3=14.079446;cluster_4=12.863034;cluster_5=11.779754;cluster_6=16.379353	0.584382871536524
STAB_CSY_FEAT_RESAMP	6	YX15106T	PDAC_043	Basal	5	0.951209444398263	1	0	0.421344413789753	0.254688824632553	7.66739590255098	cluster_1=14.064524;cluster_2=12.843609;cluster_3=14.080862;cluster_4=12.153966;cluster_5=7.667396;cluster_6=16.011875	1
STAB_CSY_FEAT_RESAMP	6	YX15166T	PDAC_044	Basal	5	0.95100428187301	1	0	0.389618044160906	0.254580264882835	5.71031393950507	cluster_1=10.076826;cluster_2=8.303247;cluster_3=10.553537;cluster_4=6.824011;cluster_5=5.710314;cluster_6=13.340884	1
STAB_CSY_FEAT_RESAMP	6	YX15187T	PDAC_045	Basal	5	0.950857576255703	1	0	0.389596329403939	0.254247519779591	9.27443458183685	cluster_1=14.972419;cluster_2=13.990032;cluster_3=15.358184;cluster_4=13.547804;cluster_5=9.274435;cluster_6=16.362258	1
STAB_CSY_FEAT_RESAMP	6	YX15211T	PDAC_046	Hybrid	4	0.507177149389285	0.393258426966292	1.37790752985326	0.103243475638647	0.19666715178427	3.00790352491387	cluster_1=7.314839;cluster_2=5.113058;cluster_3=8.464137;cluster_4=3.007904;cluster_5=7.768230;cluster_6=12.013721	0.529338327091136
STAB_CSY_FEAT_RESAMP	6	YX15214T	PDAC_047	Basal	5	0.950847788485558	1	0	0.335457336826574	0.254370247426889	18.8339963345424	cluster_1=24.445408;cluster_2=23.883611;cluster_3=24.844128;cluster_4=23.519134;cluster_5=18.833996;cluster_6=25.575178	1
STAB_CSY_FEAT_RESAMP	6	YX16009T	PDAC_048	Hybrid	4	0.56603168029078	0.622027534418022	1.38247814227966	0.229004644841265	0.16533390987017	3.07789514919546	cluster_1=8.683163;cluster_2=5.871514;cluster_3=8.502164;cluster_4=3.077895;cluster_5=8.336016;cluster_6=12.679729	0.622027534418022
STAB_CSY_FEAT_RESAMP	6	YX16011T	PDAC_049	Basal	5	0.952300480203514	1	0	0.38687447427471	0.254647253997665	8.1880046078091	cluster_1=13.492946;cluster_2=12.485536;cluster_3=14.287668;cluster_4=11.866713;cluster_5=8.188005;cluster_6=15.571285	1
STAB_CSY_FEAT_RESAMP	6	YX16068T	PDAC_050	Basal	5	0.951569400987075	1	0	0.44312861673415	0.254332029001158	5.54563544212613	cluster_1=10.930497;cluster_2=9.606152;cluster_3=12.068731;cluster_4=9.629757;cluster_5=5.545635;cluster_6=13.582928	1
STAB_CSY_FEAT_RESAMP	6	YX16070T	PDAC_051	Basal	5	0.950246919885999	1	0	0.253037498348512	0.254212965939483	6.68105125435373	cluster_1=9.983297;cluster_2=8.523069;cluster_3=11.080234;cluster_4=8.399769;cluster_5=6.681051;cluster_6=12.491728	1
STAB_CSY_FEAT_RESAMP	6	YX16075T	PDAC_052	Hybrid	4	0.480501167864854	0.249689440993789	1.12877790737471	-0.0364291261369008	0.234950534541992	4.55861934630393	cluster_1=8.064551;cluster_2=5.633726;cluster_3=8.021816;cluster_4=4.558619;cluster_5=9.595241;cluster_6=11.724128	0.698136645962733
STAB_CSY_FEAT_RESAMP	6	YX16079T	PDAC_053	Basal	5	0.94632894394167	0.991336633663366	0.0817485559772729	0.251030281834048	0.252680161373081	9.28823480274805	cluster_1=12.171947;cluster_2=12.080192;cluster_3=13.504798;cluster_4=11.874531;cluster_5=9.288235;cluster_6=14.698798	0.991336633663366
STAB_CSY_FEAT_RESAMP	6	YX16087T	PDAC_054	Basal	5	0.950162391813175	1	0	0.419722660343694	0.254266674738701	9.25096391509606	cluster_1=15.558208;cluster_2=14.361221;cluster_3=16.058640;cluster_4=13.909344;cluster_5=9.250964;cluster_6=16.601893	1
STAB_CSY_FEAT_RESAMP	6	YX16094T	PDAC_055	Basal	5	0.948216423015695	1	0	0.307973219576877	0.253767709482954	10.1626680228369	cluster_1=14.147446;cluster_2=13.943718;cluster_3=15.356019;cluster_4=13.335969;cluster_5=10.162668;cluster_6=16.862757	1
STAB_CSY_FEAT_RESAMP	6	YX16172T	PDAC_056	Basal	5	0.946187909627664	0.99479843953186	0.0469481205382755	0.26739222415787	0.253804919032929	5.72130043053559	cluster_1=10.084095;cluster_2=7.760078;cluster_3=10.247381;cluster_4=6.193707;cluster_5=5.721300;cluster_6=13.134502	0.99479843953186
STAB_CSY_FEAT_RESAMP	6	YX16295T	PDAC_057	Basal	5	0.953052313954981	1	0	0.501978685829229	0.254398625329589	6.98100517065924	cluster_1=13.637676;cluster_2=12.474211;cluster_3=14.439656;cluster_4=12.271266;cluster_5=6.981005;cluster_6=15.897975	1
STAB_CSY_FEAT_RESAMP	6	YX16327T	PDAC_058	Basal	5	0.9105925665134	0.955974842767296	0.332928546807624	0.237367636654458	0.245075839030703	10.7851080849611	cluster_1=14.272313;cluster_2=12.797894;cluster_3=14.917138;cluster_4=13.200949;cluster_5=10.785108;cluster_6=16.563840	0.955974842767296
STAB_CSY_FEAT_RESAMP	6	YX16335T	PDAC_059	Classical	1	0.82685201727449	0.98313878080415	0.136575208949114	0.137853063882915	0.26058564084254	4.60729775818086	cluster_1=4.607298;cluster_2=7.583538;cluster_3=8.263125;cluster_4=7.631022;cluster_5=9.797420;cluster_6=10.617561	0.98313878080415
STAB_CSY_FEAT_RESAMP	6	YX16341T	PDAC_060	Basal	5	0.95185450020656	1	0	0.462443653471646	0.254416009157528	6.04570040045521	cluster_1=12.695026;cluster_2=10.629035;cluster_3=13.012202;cluster_4=10.215733;cluster_5=6.045700;cluster_6=14.363037	1
STAB_CSY_FEAT_RESAMP	6	YX16343T	PDAC_061	Hybrid	2	0.641462166740361	0.75031525851198	1.20394414680947	0.123846942153115	0.186843020337547	20.6017977881177	cluster_1=24.164204;cluster_2=20.601798;cluster_3=24.724829;cluster_4=23.491368;cluster_5=23.527026;cluster_6=24.716885	0.75031525851198
STAB_CSY_FEAT_RESAMP	6	YX16347T	PDAC_062	Classical	6	NA	0.62002567394095	1.27275639285903	0	0.0953140098936378	0	cluster_1=10.908176;cluster_2=11.030323;cluster_3=12.056866;cluster_4=11.800555;cluster_5=12.831741;cluster_6=0.000000	0.62002567394095
STAB_CSY_IMPUTED	2	YX15261T	PDAC_001	Classical	1	0.989848503413171	1	0	0.19313183052747	0.71419305995102	5.84823711801652	cluster_1=5.848237;cluster_2=10.063460	1
STAB_CSY_IMPUTED	2	YX15263T	PDAC_002	Classical	1	0.989644151614827	1	0	0.269794561309368	0.714049349144381	14.6064163430561	cluster_1=14.606416;cluster_2=18.839652	1
STAB_CSY_IMPUTED	2	YX15271T	PDAC_003	Hybrid	1	0.989652103615317	1	0	0.240461058690383	0.714028547179862	4.6688057711562	cluster_1=4.668806;cluster_2=8.604488	1
STAB_CSY_IMPUTED	2	YX16036T	PDAC_004	Hybrid	1	0.989345127369997	1	0	0.254887313825859	0.713854129696021	3.85927868445808	cluster_1=3.859279;cluster_2=8.280313	1
STAB_CSY_IMPUTED	2	YX16041T	PDAC_005	Classical	1	0.989913904675102	1	0	0.278593689512586	0.71424403096285	11.2175402143898	cluster_1=11.217540;cluster_2=15.307691	1
STAB_CSY_IMPUTED	2	YX16057T	PDAC_006	Classical	1	0.989809181810307	1	0	0.305480049442076	0.714164013920916	4.5473707778353	cluster_1=4.547371;cluster_2=9.556905	1
STAB_CSY_IMPUTED	2	YX16062T	PDAC_007	Classical	1	0.989115798458167	1	0	0.238119210840021	0.71358837060625	11.1021486458468	cluster_1=11.102149;cluster_2=15.153504	1
STAB_CSY_IMPUTED	2	YX16112T	PDAC_008	Classical	1	0.989660279393649	1	0	0.209853697728193	0.714030838110531	12.1937141667749	cluster_1=12.193714;cluster_2=15.529173	1
STAB_CSY_IMPUTED	2	YX16113T	PDAC_009	Hybrid	1	0.98929993960629	1	0	0.173647083629107	0.713819113588268	7.11887253021867	cluster_1=7.118873;cluster_2=10.657426	1
STAB_CSY_IMPUTED	2	YX16119T	PDAC_010	Classical	1	0.989769070295318	1	0	0.235320649033082	0.714089081792225	7.03809132016002	cluster_1=7.038091;cluster_2=11.125935	1
STAB_CSY_IMPUTED	2	YX16120T	PDAC_011	Classical	1	0.989153985426359	1	0	0.256916015028591	0.713692300482789	6.31976790549388	cluster_1=6.319768;cluster_2=10.810031	1
STAB_CSY_IMPUTED	2	YX16127T	PDAC_012	Classical	1	0.989768745350465	1	0	0.268131121151634	0.714138274028394	6.39147103492264	cluster_1=6.391471;cluster_2=11.046551	1
STAB_CSY_IMPUTED	2	YX16128T	PDAC_013	Classical	1	0.98998978637067	1	0	0.270153253052799	0.714269183041424	5.40151653528499	cluster_1=5.401517;cluster_2=9.957574	1
STAB_CSY_IMPUTED	2	YX16130T	PDAC_014	Hybrid	1	0.989502051710949	1	0	0.215051641698396	0.71397018914758	5.58451604539324	cluster_1=5.584516;cluster_2=9.600638	1
STAB_CSY_IMPUTED	2	YX16132T	PDAC_015	Hybrid	1	0.991281777816585	1	0	0.277802500883932	0.715227960371187	3.8721005875961	cluster_1=3.872101;cluster_2=8.348853	1
STAB_CSY_IMPUTED	2	YX16135T	PDAC_016	Hybrid	1	0.989996929345443	1	0	0.171234150654528	0.714295952846514	7.82604017357575	cluster_1=7.826040;cluster_2=10.859470	1
STAB_CSY_IMPUTED	2	YX16139T	PDAC_017	Classical	1	0.989154572436716	1	0	0.181387389295236	0.713644679846803	4.21285627968195	cluster_1=4.212856;cluster_2=8.398194	1
STAB_CSY_IMPUTED	2	YX16141T	PDAC_018	Hybrid	1	0.989518866555065	1	0	0.135710804451377	0.713980181504419	5.86746922354456	cluster_1=5.867469;cluster_2=9.195994	1
STAB_CSY_IMPUTED	2	YX16144T	PDAC_019	Hybrid	1	0.977927600234966	0.981527093596059	0.13277830341112	0.201946689991185	0.710943269117155	4.7486970218349	cluster_1=4.748697;cluster_2=8.642286	0.981527093596059
STAB_CSY_IMPUTED	2	YX16147T	PDAC_020	Classical	1	0.989361593445836	0.998709677419355	0.0142449243476986	0.165016035695634	0.714224721073113	15.737943716766	cluster_1=15.737944;cluster_2=18.316966	0.998709677419355
STAB_CSY_IMPUTED	2	YX16153T	PDAC_021	Classical	1	0.989141767802626	1	0	0.282873940742657	0.713686420758273	12.6441317883477	cluster_1=12.644132;cluster_2=16.798881	1
STAB_CSY_IMPUTED	2	YX16155T	PDAC_022	Hybrid	1	0.989311548950792	1	0	0.229271919622213	0.71383033801603	15.737353277353	cluster_1=15.737353;cluster_2=19.118134	1
STAB_CSY_IMPUTED	2	YX16158T	PDAC_023	Hybrid	1	0.896833749024886	0.89493670886076	0.48484337344163	-0.00734604399009489	0.677235257908517	7.3722306145094	cluster_1=7.372231;cluster_2=9.589847	0.89493670886076
STAB_CSY_IMPUTED	2	YX16159T	PDAC_024	Hybrid	1	0.990391702791506	1	0	0.0998403315638546	0.714589908681501	5.0800299797459	cluster_1=5.080030;cluster_2=8.210788	1
STAB_CSY_IMPUTED	2	YX16160T	PDAC_025	Basal	2	0.998080520217811	0.998780487804878	0.0135625549883899	0.251858469303136	0.269770522245381	8.16231936367556	cluster_1=8.175429;cluster_2=8.162319	0.998780487804878
STAB_CSY_IMPUTED	2	YX16161T	PDAC_026	Hybrid	1	0.98927469049991	1	0	0.155518748955537	0.713776346135521	4.7744603894249	cluster_1=4.774460;cluster_2=8.196629	1
STAB_CSY_IMPUTED	2	YX16166T	PDAC_027	Classical	1	0.989578453159209	1	0	0.230633421534978	0.714001322909656	5.34743516729301	cluster_1=5.347435;cluster_2=9.735736	1
STAB_CSY_IMPUTED	2	YX16177T	PDAC_028	Classical	1	0.98910094147035	1	0	0.280120290262223	0.713654561910578	10.5631796673246	cluster_1=10.563180;cluster_2=14.988129	1
STAB_CSY_IMPUTED	2	YX16178T	PDAC_029	Classical	1	0.989320216086665	1	0	0.184434960903445	0.713813345732429	12.1505177385316	cluster_1=12.150518;cluster_2=15.383941	1
STAB_CSY_IMPUTED	2	YX16180T	PDAC_030	Hybrid	1	0.990729869843965	1	0	0.197612412438414	0.714803062050561	5.84416351121765	cluster_1=5.844164;cluster_2=9.330861	1
STAB_CSY_IMPUTED	2	YX16185T	PDAC_031	Classical	1	0.989784712616635	1	0	0.0974883449720646	0.714099244733333	13.1476912903201	cluster_1=13.147691;cluster_2=15.582369	1
STAB_CSY_IMPUTED	2	YX16188T	PDAC_032	Hybrid	1	0.72630688572003	0.719948849104859	0.855520497877907	-0.156552456041467	0.603205509771361	6.42768329685983	cluster_1=6.427683;cluster_2=8.084965	0.719948849104859
STAB_CSY_IMPUTED	2	YX16194T	PDAC_033	Hybrid	1	0.990034730522618	1	0	0.150869477462673	0.714227335689601	5.89198616877457	cluster_1=5.891986;cluster_2=9.313298	1
STAB_CSY_IMPUTED	2	YX16202T	PDAC_034	Basal	2	0.998535121649893	0.998756218905473	0.0137970760714616	0.329155548822197	0.270791491517151	8.48982036351685	cluster_1=10.479094;cluster_2=8.489820	0.998756218905473
STAB_CSY_IMPUTED	2	YX16203T	PDAC_035	Hybrid	1	0.989613740999997	1	0	0.228340967581868	0.71397300344689	4.70552080578594	cluster_1=4.705521;cluster_2=8.628083	1
STAB_CSY_IMPUTED	2	YX16207T	PDAC_036	Hybrid	1	0.989193925984965	1	0	0.310424525687179	0.713670769373161	4.4228139981039	cluster_1=4.422814;cluster_2=9.110266	1
STAB_CSY_IMPUTED	2	YX16218T	PDAC_037	Hybrid	1	0.989333221611068	1	0	0.342131497116487	0.713769844047523	4.80027680189113	cluster_1=4.800277;cluster_2=10.162468	1
STAB_CSY_IMPUTED	2	YX16222T	PDAC_038	Classical	1	0.990465933951192	1	0	0.310871838062985	0.71461809939511	6.80108451205114	cluster_1=6.801085;cluster_2=11.576273	1
STAB_CSY_IMPUTED	2	YX16224T	PDAC_039	Hybrid	1	0.990422729822666	1	0	0.290143835883467	0.714610240634707	5.31635807072104	cluster_1=5.316358;cluster_2=10.062948	1
STAB_CSY_IMPUTED	2	YX16227T	PDAC_040	Classical	1	0.990111538068069	1	0	0.347346488526322	0.71435905709497	7.47530291506337	cluster_1=7.475303;cluster_2=12.613350	1
STAB_CSY_IMPUTED	2	YX16236T	PDAC_041	Classical	1	0.989576269757851	1	0	0.299160730086408	0.71402305265078	7.49413612095112	cluster_1=7.494136;cluster_2=12.343414	1
STAB_CSY_IMPUTED	2	YX15047T	PDAC_042	Basal	2	0.991545724109713	0.991389913899139	0.071431193430569	0.178042969574154	0.27396961155338	11.7797543628819	cluster_1=12.957452;cluster_2=11.779754	0.991389913899139
STAB_CSY_IMPUTED	2	YX15106T	PDAC_043	Basal	2	0.9992489607028	1	0	0.491505608446065	0.269555658794317	7.66739590255098	cluster_1=12.686821;cluster_2=7.667396	1
STAB_CSY_IMPUTED	2	YX15166T	PDAC_044	Basal	2	0.999222696420606	1	0	0.470632166496501	0.269379047076823	5.71031393950507	cluster_1=8.050554;cluster_2=5.710314	1
STAB_CSY_IMPUTED	2	YX15187T	PDAC_045	Basal	2	0.999315129268403	1	0	0.45633678337858	0.269876016650917	9.27443458183685	cluster_1=13.820087;cluster_2=9.274435	1
STAB_CSY_IMPUTED	2	YX15211T	PDAC_046	Hybrid	1	0.990023725724275	1	0	0.0721674806061962	0.714293670085295	4.62393065384469	cluster_1=4.623931;cluster_2=7.768230	1
STAB_CSY_IMPUTED	2	YX15214T	PDAC_047	Basal	2	0.999209171244402	1	0	0.406018365262468	0.269389794172029	18.8339963345424	cluster_1=23.766844;cluster_2=18.833996	1
STAB_CSY_IMPUTED	2	YX16009T	PDAC_048	Hybrid	1	0.957828710874952	0.958495460440986	0.24914842538325	0.0202527204865549	0.703131837995698	5.76390073036641	cluster_1=5.763901;cluster_2=8.336016	0.958495460440986
STAB_CSY_IMPUTED	2	YX16011T	PDAC_049	Basal	2	0.99922359078359	1	0	0.438548598876315	0.269322408540686	8.1880046078091	cluster_1=12.269276;cluster_2=8.188005	1
STAB_CSY_IMPUTED	2	YX16068T	PDAC_050	Basal	2	0.999503159747521	1	0	0.493398053575144	0.269382956981365	5.54563544212613	cluster_1=9.534531;cluster_2=5.545635	1
STAB_CSY_IMPUTED	2	YX16070T	PDAC_051	Basal	2	0.999505195918326	1	0	0.36326884662877	0.270179230802331	6.68105125435373	cluster_1=8.383415;cluster_2=6.681051	1
STAB_CSY_IMPUTED	2	YX16075T	PDAC_052	Hybrid	1	0.990054778637177	1	0	0.250267981054629	0.714287230095223	5.4259940815083	cluster_1=5.425994;cluster_2=9.595241	1
STAB_CSY_IMPUTED	2	YX16079T	PDAC_053	Basal	2	0.999417523429529	1	0	0.317622126644475	0.269854922628143	9.28823480274805	cluster_1=11.483710;cluster_2=9.288235	1
STAB_CSY_IMPUTED	2	YX16087T	PDAC_054	Basal	2	0.999219500426674	1	0	0.494053717034443	0.269435559965501	9.25096391509606	cluster_1=14.319589;cluster_2=9.250964	1
STAB_CSY_IMPUTED	2	YX16094T	PDAC_055	Basal	2	0.9993961352657	1	0	0.37113992250861	0.269581191501294	10.1626680228369	cluster_1=13.424202;cluster_2=10.162668	1
STAB_CSY_IMPUTED	2	YX16172T	PDAC_056	Basal	2	0.999227481027713	1	0	0.425973136257251	0.269555734641652	5.72130043053559	cluster_1=7.743937;cluster_2=5.721300	1
STAB_CSY_IMPUTED	2	YX16295T	PDAC_057	Basal	2	0.999701563978379	1	0	0.529255218964847	0.270066191716265	6.98100517065924	cluster_1=12.429417;cluster_2=6.981005	1
STAB_CSY_IMPUTED	2	YX16327T	PDAC_058	Basal	2	0.999323462821024	1	0	0.289033477654316	0.269687573015581	10.7851080849611	cluster_1=13.048811;cluster_2=10.785108	1
STAB_CSY_IMPUTED	2	YX16335T	PDAC_059	Classical	1	0.989763153208752	1	0	0.25090310954993	0.714058545509448	5.2094225515482	cluster_1=5.209423;cluster_2=9.797420	1
STAB_CSY_IMPUTED	2	YX16341T	PDAC_060	Basal	2	0.99931502019062	1	0	0.52129591071458	0.269246443667254	6.04570040045521	cluster_1=10.881622;cluster_2=6.045700	1
STAB_CSY_IMPUTED	2	YX16343T	PDAC_061	Hybrid	1	0.98979315740598	1	0	0.00794202557860417	0.714077759368675	22.635385458865	cluster_1=22.635385;cluster_2=23.527026	1
STAB_CSY_IMPUTED	2	YX16347T	PDAC_062	Classical	1	0.989989518569004	1	0	0.0997577653735418	0.714320704653228	10.2489504152035	cluster_1=10.248950;cluster_2=12.831741	1
STAB_CSY_IMPUTED	3	YX15261T	PDAC_001	Classical	1	0.876964404263102	0.97747183979975	0.155409334336178	0.200065337867022	0.32776782320048	6.30776653223706	cluster_1=6.307767;cluster_2=6.841382;cluster_3=10.063460	0.97747183979975
STAB_CSY_IMPUTED	3	YX15263T	PDAC_002	Classical	1	0.892347211857185	1	0	0.361787628595484	0.324813059226151	12.638649390902	cluster_1=12.638649;cluster_2=16.809943;cluster_3=18.839652	1
STAB_CSY_IMPUTED	3	YX15271T	PDAC_003	Hybrid	2	0.937183869183202	0.997452229299363	0.0256239604937857	0.328657194206779	0.378118884600373	3.39730478694618	cluster_1=7.161111;cluster_2=3.397305;cluster_3=8.604488	0.997452229299363
STAB_CSY_IMPUTED	3	YX16036T	PDAC_004	Hybrid	2	0.926602579603493	0.986022871664549	0.106133277423342	0.20716168315601	0.375081388820777	3.12750950420235	cluster_1=6.245051;cluster_2=3.127510;cluster_3=8.280313	0.986022871664549
STAB_CSY_IMPUTED	3	YX16041T	PDAC_005	Classical	1	0.871372307840205	0.961538461538462	0.235193381819241	0.14529219684889	0.329664266241934	10.3677225334548	cluster_1=10.367723;cluster_2=12.701378;cluster_3=15.307691	0.961538461538462
STAB_CSY_IMPUTED	3	YX16057T	PDAC_006	Classical	1	0.639958669087729	0.5925	0.975169091953342	0.0865373308650146	0.38203976624127	5.5932010474438	cluster_1=5.593201;cluster_2=5.336681;cluster_3=9.556905	0.5925
STAB_CSY_IMPUTED	3	YX16062T	PDAC_007	Classical	1	0.887860173207021	1	0	0.268653064049621	0.322401796173465	9.99307033889728	cluster_1=9.993070;cluster_2=12.789938;cluster_3=15.153504	1
STAB_CSY_IMPUTED	3	YX16112T	PDAC_008	Classical	1	0.618809598147645	0.566131025957973	0.98734423695989	0.0213537276251382	0.383944361976428	11.9606583341652	cluster_1=11.960658;cluster_2=13.115526;cluster_3=15.529173	0.566131025957973
STAB_CSY_IMPUTED	3	YX16113T	PDAC_009	Hybrid	2	0.863527361727628	0.909876543209877	0.43688176554815	-0.0205336631389877	0.375809514853841	7.0143793199254	cluster_1=8.425189;cluster_2=7.014379;cluster_3=10.657426	0.909876543209877
STAB_CSY_IMPUTED	3	YX16119T	PDAC_010	Classical	1	0.889252503094592	0.987163029525032	0.0990622165321208	0.112449226763534	0.326955606480186	7.36595993140487	cluster_1=7.365960;cluster_2=7.934937;cluster_3=11.125935	0.987163029525032
STAB_CSY_IMPUTED	3	YX16120T	PDAC_011	Classical	1	0.890170803893274	1	0	0.270043350910282	0.323548474108559	6.06717275572894	cluster_1=6.067173;cluster_2=7.802442;cluster_3=10.810031	1
STAB_CSY_IMPUTED	3	YX16127T	PDAC_012	Classical	1	0.88372120617575	1	0	0.271778527644461	0.321019056678279	5.9965682211032	cluster_1=5.996568;cluster_2=7.967187;cluster_3=11.046551	1
STAB_CSY_IMPUTED	3	YX16128T	PDAC_013	Classical	1	0.538075127731813	0.459119496855346	0.995172504324471	0.0721040067919749	0.394246943042525	6.03168267836326	cluster_1=6.031683;cluster_2=6.342761;cluster_3=9.957574	0.540880503144654
STAB_CSY_IMPUTED	3	YX16130T	PDAC_014	Hybrid	2	0.927425757115243	0.985951468710089	0.106571459518412	0.233956017228425	0.375241990449691	4.54756718036507	cluster_1=7.805918;cluster_2=4.547567;cluster_3=9.600638	0.985951468710089
STAB_CSY_IMPUTED	3	YX16132T	PDAC_015	Hybrid	2	0.89110099523095	0.935929648241206	0.343395134518597	0.06063284907104	0.384297779183533	3.78310139772061	cluster_1=5.870856;cluster_2=3.783101;cluster_3=8.348853	0.935929648241206
STAB_CSY_IMPUTED	3	YX16135T	PDAC_016	Hybrid	2	0.938186345537606	0.996296296296296	0.0352475395407127	0.288056319082251	0.378292420265988	6.81044914573971	cluster_1=9.774905;cluster_2=6.810449;cluster_3=10.859470	0.996296296296296
STAB_CSY_IMPUTED	3	YX16139T	PDAC_017	Classical	1	0.890367493974361	1	0	0.268418209072432	0.323190917842152	5.30307881997975	cluster_1=5.303079;cluster_2=5.076468;cluster_3=8.398194	1
STAB_CSY_IMPUTED	3	YX16141T	PDAC_018	Hybrid	2	0.931328961678282	0.992433795712484	0.064187424331067	0.285343738207579	0.373495429354707	4.55919422361303	cluster_1=8.212776;cluster_2=4.559194;cluster_3=9.195994	0.992433795712484
STAB_CSY_IMPUTED	3	YX16144T	PDAC_019	Hybrid	2	0.925021732119041	0.975369458128079	0.189710739976693	0.11969266523619	0.381115514644117	4.23745044636226	cluster_1=6.790773;cluster_2=4.237450;cluster_3=8.642286	0.975369458128079
STAB_CSY_IMPUTED	3	YX16147T	PDAC_020	Classical	1	0.422296761972196	0.331612903225806	0.930060123005925	-0.0533239395818713	0.396332069315038	15.6379192415023	cluster_1=15.637919;cluster_2=16.389953;cluster_3=18.316966	0.667096774193548
STAB_CSY_IMPUTED	3	YX16153T	PDAC_021	Classical	1	0.895499344232732	0.997455470737914	0.0255960394261341	0.324176133797949	0.325709618042364	10.8556963352205	cluster_1=10.855696;cluster_2=14.765517;cluster_3=16.798881	0.997455470737914
STAB_CSY_IMPUTED	3	YX16155T	PDAC_022	Hybrid	2	0.821443728521423	0.858585858585859	0.58793037280172	0.00225086596182505	0.374663469852009	15.9912461069311	cluster_1=16.062502;cluster_2=15.991246;cluster_3=19.118134	0.858585858585859
STAB_CSY_IMPUTED	3	YX16158T	PDAC_023	Hybrid	2	0.856035212520832	0.89746835443038	0.476969730841084	0.0849769249481872	0.371712432477624	6.31337198914312	cluster_1=9.394738;cluster_2=6.313372;cluster_3=9.589847	0.89746835443038
STAB_CSY_IMPUTED	3	YX16159T	PDAC_024	Hybrid	2	0.931411823463336	0.998714652956298	0.0141971642756639	0.319538534987507	0.371942811454675	3.24437485213894	cluster_1=7.780972;cluster_2=3.244375;cluster_3=8.210788	0.998714652956298
STAB_CSY_IMPUTED	3	YX16160T	PDAC_025	Basal	3	0.998080520217811	0.998780487804878	0.0135625549883899	0.21166347866668	0.269211726876766	8.16231936367556	cluster_1=9.903424;cluster_2=7.409557;cluster_3=8.162319	0.998780487804878
STAB_CSY_IMPUTED	3	YX16161T	PDAC_026	Hybrid	2	0.93449854497831	0.99751552795031	0.0250776307083104	0.324690072747211	0.375621601758791	3.36662035773508	cluster_1=7.317055;cluster_2=3.366620;cluster_3=8.196629	0.99751552795031
STAB_CSY_IMPUTED	3	YX16166T	PDAC_027	Classical	1	0.890943960509463	1	0	0.298710340152387	0.323325225552836	5.36185657392707	cluster_1=5.361857;cluster_2=6.811250;cluster_3=9.735736	1
STAB_CSY_IMPUTED	3	YX16177T	PDAC_028	Classical	1	0.893160833223373	1	0	0.33265452464169	0.324792236361124	8.96268253869423	cluster_1=8.962683;cluster_2=12.626120;cluster_3=14.988129	1
STAB_CSY_IMPUTED	3	YX16178T	PDAC_029	Classical	1	0.894568017851636	1	0	0.219709620359477	0.321669795096891	11.0966554888006	cluster_1=11.096655;cluster_2=13.748273;cluster_3=15.383941	1
STAB_CSY_IMPUTED	3	YX16180T	PDAC_030	Hybrid	2	0.935409169932215	1	0	0.343170487889908	0.374423325562601	4.56379134738383	cluster_1=8.176035;cluster_2=4.563791;cluster_3=9.330861	1
STAB_CSY_IMPUTED	3	YX16185T	PDAC_031	Classical	1	0.889987777811885	1	0	0.122557117138873	0.323951683160758	12.8308895991251	cluster_1=12.830890;cluster_2=14.095383;cluster_3=15.582369	1
STAB_CSY_IMPUTED	3	YX16188T	PDAC_032	Hybrid	2	0.704777799799784	0.722506393861893	0.852013154319638	-0.140635278585165	0.360977814367927	5.75042359184612	cluster_1=8.288502;cluster_2=5.750424;cluster_3=8.084965	0.722506393861893
STAB_CSY_IMPUTED	3	YX16194T	PDAC_033	Hybrid	2	0.933540231333201	0.997425997425997	0.0258496975129353	0.323155496784688	0.373219674100646	4.17334852101045	cluster_1=8.459431;cluster_2=4.173349;cluster_3=9.313298	0.997425997425997
STAB_CSY_IMPUTED	3	YX16202T	PDAC_034	Basal	3	0.998535121649893	0.998756218905473	0.0137970760714616	0.267703853704512	0.270167799882798	8.48982036351685	cluster_1=12.047094;cluster_2=9.693907;cluster_3=8.489820	0.998756218905473
STAB_CSY_IMPUTED	3	YX16203T	PDAC_035	Hybrid	2	0.906398658054457	0.963383838383838	0.226556248623238	0.18488563024752	0.378369568851244	4.07416942796409	cluster_1=6.833628;cluster_2=4.074169;cluster_3=8.628083	0.963383838383838
STAB_CSY_IMPUTED	3	YX16207T	PDAC_036	Hybrid	2	0.940878169295701	0.996178343949045	0.0361968960127308	0.206087020522498	0.381422982842091	3.88121252261137	cluster_1=6.559322;cluster_2=3.881213;cluster_3=9.110266	0.996178343949045
STAB_CSY_IMPUTED	3	YX16218T	PDAC_037	Hybrid	2	0.702094136531043	0.71375	0.863827730316745	-0.0357724994149682	0.385912617431545	5.47219984196644	cluster_1=5.881166;cluster_2=5.472200;cluster_3=10.162468	0.71375
STAB_CSY_IMPUTED	3	YX16222T	PDAC_038	Classical	1	0.862665344769148	0.917205692108668	0.411949379574502	0.143837147271578	0.345028901916703	6.43829858593873	cluster_1=6.438299;cluster_2=8.294262;cluster_3=11.576273	0.917205692108668
STAB_CSY_IMPUTED	3	YX16224T	PDAC_039	Hybrid	2	0.675994350740454	0.682926829268293	0.901170195997422	-0.0257417043578163	0.39420795684231	5.80026892449979	cluster_1=6.434376;cluster_2=5.800269;cluster_3=10.062948	0.682926829268293
STAB_CSY_IMPUTED	3	YX16227T	PDAC_040	Classical	1	0.87861458815137	0.970588235294118	0.191433254814193	0.247924291901064	0.32860656051531	6.55979262741531	cluster_1=6.559793;cluster_2=9.279901;cluster_3=12.613350	0.970588235294118
STAB_CSY_IMPUTED	3	YX16236T	PDAC_041	Classical	1	0.856265377461133	0.950570342205323	0.283969226929732	0.194805900572286	0.33009624939186	7.12933736120301	cluster_1=7.129337;cluster_2=8.900031;cluster_3=12.343414	0.950570342205323
STAB_CSY_IMPUTED	3	YX15047T	PDAC_042	Basal	3	0.991545724109713	0.991389913899139	0.071431193430569	0.135671552501555	0.270546244289854	11.7797543628819	cluster_1=13.872926;cluster_2=12.741536;cluster_3=11.779754	0.991389913899139
STAB_CSY_IMPUTED	3	YX15106T	PDAC_043	Basal	3	0.9992489607028	1	0	0.468065527732116	0.269404066110072	7.66739590255098	cluster_1=13.707592;cluster_2=12.374571;cluster_3=7.667396	1
STAB_CSY_IMPUTED	3	YX15166T	PDAC_044	Basal	3	0.999222696420606	1	0	0.4458999211515	0.269299992364205	5.71031393950507	cluster_1=9.680919;cluster_2=7.423297;cluster_3=5.710314	1
STAB_CSY_IMPUTED	3	YX15187T	PDAC_045	Basal	3	0.999315129268403	1	0	0.433518614438071	0.269717353203137	9.27443458183685	cluster_1=14.666652;cluster_2=13.633535;cluster_3=9.274435	1
STAB_CSY_IMPUTED	3	YX15211T	PDAC_046	Hybrid	2	0.939406842688133	0.998754669987547	0.013812020584754	0.186969692555308	0.376482118241163	3.79094049532137	cluster_1=6.889874;cluster_2=3.790940;cluster_3=7.768230	0.998754669987547
STAB_CSY_IMPUTED	3	YX15214T	PDAC_047	Basal	3	0.999209171244402	1	0	0.375557711991067	0.269231550968143	18.8339963345424	cluster_1=24.293803;cluster_2=23.634377;cluster_3=18.833996	1
STAB_CSY_IMPUTED	3	YX16009T	PDAC_048	Hybrid	2	0.91526079568045	0.957198443579767	0.263378190676938	0.192371862191847	0.377393629468156	4.4282216090691	cluster_1=8.137337;cluster_2=4.428222;cluster_3=8.336016	0.957198443579767
STAB_CSY_IMPUTED	3	YX16011T	PDAC_049	Basal	3	0.99922359078359	1	0	0.42873164632537	0.269167306225334	8.1880046078091	cluster_1=13.235489;cluster_2=12.037829;cluster_3=8.188005	1
STAB_CSY_IMPUTED	3	YX16068T	PDAC_050	Basal	3	0.999503159747521	1	0	0.48497197636307	0.26922316748491	5.54563544212613	cluster_1=10.647221;cluster_2=9.347374;cluster_3=5.545635	1
STAB_CSY_IMPUTED	3	YX16070T	PDAC_051	Basal	3	0.999505195918326	1	0	0.349879550623267	0.270018215735023	6.68105125435373	cluster_1=9.630255;cluster_2=8.169687;cluster_3=6.681051	1
STAB_CSY_IMPUTED	3	YX16075T	PDAC_052	Hybrid	2	0.936399506153096	0.998766954377312	0.0136934196361268	0.259313262189396	0.376134892814326	4.72954274026281	cluster_1=7.456357;cluster_2=4.729543;cluster_3=9.595241	0.998766954377312
STAB_CSY_IMPUTED	3	YX16079T	PDAC_053	Basal	3	0.999417523429529	1	0	0.31134744438589	0.269698607777906	9.28823480274805	cluster_1=11.969614;cluster_2=11.786467;cluster_3=9.288235	1
STAB_CSY_IMPUTED	3	YX16087T	PDAC_054	Basal	3	0.999219500426674	1	0	0.469187786680063	0.269356904025607	9.25096391509606	cluster_1=15.267723;cluster_2=14.005834;cluster_3=9.250964	1
STAB_CSY_IMPUTED	3	YX16094T	PDAC_055	Basal	3	0.9993961352657	1	0	0.363938873335892	0.269581191501294	10.1626680228369	cluster_1=14.007220;cluster_2=13.522475;cluster_3=10.162668	1
STAB_CSY_IMPUTED	3	YX16172T	PDAC_056	Basal	3	0.999227481027713	1	0	0.354616787063982	0.269555734641652	5.72130043053559	cluster_1=9.629295;cluster_2=6.825226;cluster_3=5.721300	1
STAB_CSY_IMPUTED	3	YX16295T	PDAC_057	Basal	3	0.999701563978379	1	0	0.513897158901431	0.269904748952424	6.98100517065924	cluster_1=13.396028;cluster_2=12.188453;cluster_3=6.981005	1
STAB_CSY_IMPUTED	3	YX16327T	PDAC_058	Basal	3	0.999323462821024	1	0	0.25403958197015	0.269608944454078	10.7851080849611	cluster_1=14.029959;cluster_2=12.759472;cluster_3=10.785108	1
STAB_CSY_IMPUTED	3	YX16335T	PDAC_059	Classical	1	0.890355944287694	1	0	0.387283989952763	0.323216643335224	4.3777839623729	cluster_1=4.377784;cluster_2=7.260187;cluster_3=9.797420	1
STAB_CSY_IMPUTED	3	YX16341T	PDAC_060	Basal	3	0.99931502019062	1	0	0.487405656643504	0.269090295051898	6.04570040045521	cluster_1=12.316223;cluster_2=10.223638;cluster_3=6.045700	1
STAB_CSY_IMPUTED	3	YX16343T	PDAC_061	Hybrid	2	0.923089241909053	0.979513444302177	0.144163767272951	0.150291482420556	0.373974061292834	21.6612056135674	cluster_1=24.004927;cluster_2=21.661206;cluster_3=23.527026	0.979513444302177
STAB_CSY_IMPUTED	3	YX16347T	PDAC_062	Classical	1	0.885781587489154	0.987437185929648	0.0973403419957364	0.118871256942193	0.325919309351012	10.2244436414669	cluster_1=10.224444;cluster_2=11.111557;cluster_3=12.831741	0.987437185929648
STAB_CSY_IMPUTED	4	YX15261T	PDAC_001	Classical	1	0.903531047070457	0.951188986232791	0.30042159294599	0.241650398040709	0.296259685891257	6.20710388475309	cluster_1=6.207104;cluster_2=6.841382;cluster_3=9.365250;cluster_4=10.063460	0.951188986232791
STAB_CSY_IMPUTED	4	YX15263T	PDAC_002	Classical	1	0.941845637023797	1	0	0.333089209798224	0.307148752573009	11.9506386727398	cluster_1=11.950639;cluster_2=16.809943;cluster_3=16.676812;cluster_4=18.839652	1
STAB_CSY_IMPUTED	4	YX15271T	PDAC_003	Hybrid	2	0.805149619315596	0.979617834394904	0.143580949584538	0.199551392363565	0.319581558347971	3.39730478694618	cluster_1=7.753554;cluster_2=3.397305;cluster_3=7.332811;cluster_4=8.604488	0.979617834394904
STAB_CSY_IMPUTED	4	YX16036T	PDAC_004	Hybrid	2	0.7648381040564	0.903430749682338	0.467785022754506	0.195539016288572	0.297692701044746	3.12750950420235	cluster_1=6.697352;cluster_2=3.127510;cluster_3=7.410077;cluster_4=8.280313	0.903430749682338
STAB_CSY_IMPUTED	4	YX16041T	PDAC_005	Classical	1	0.907168580421102	0.937179487179487	0.400888863993629	0.12060743940565	0.306866005900583	10.273432654345	cluster_1=10.273433;cluster_2=12.701378;cluster_3=12.589630;cluster_4=15.307691	0.937179487179487
STAB_CSY_IMPUTED	4	YX16057T	PDAC_006	Classical	3	0.736060211189622	0.17	1.45170426396482	0.127918276225621	0.311954160046284	5.5764881609912	cluster_1=6.380791;cluster_2=5.336681;cluster_3=5.576488;cluster_4=9.556905	0.51625
STAB_CSY_IMPUTED	4	YX16062T	PDAC_007	Classical	1	0.938763351271156	1	0	0.249908824449162	0.303697343383041	9.51477265637162	cluster_1=9.514773;cluster_2=12.789938;cluster_3=13.568343;cluster_4=15.153504	1
STAB_CSY_IMPUTED	4	YX16112T	PDAC_008	Classical	1	0.517573682247329	0.503090234857849	1.48466666496271	-0.0685317473202175	0.307185225669841	12.1738148881068	cluster_1=12.173815;cluster_2=13.115526;cluster_3=12.734144;cluster_4=15.529173	0.503090234857849
STAB_CSY_IMPUTED	4	YX16113T	PDAC_009	Hybrid	2	0.632331007735696	0.68641975308642	1.11912940740837	-0.0482312069077911	0.262943648015771	7.0143793199254	cluster_1=8.595931;cluster_2=7.014379;cluster_3=10.007838;cluster_4=10.657426	0.68641975308642
STAB_CSY_IMPUTED	4	YX16119T	PDAC_010	Classical	1	0.919793562707943	0.956354300385109	0.293119555151446	0.0324543199315323	0.303994823905942	7.63822874459617	cluster_1=7.638229;cluster_2=7.934937;cluster_3=8.838839;cluster_4=11.125935	0.956354300385109
STAB_CSY_IMPUTED	4	YX16120T	PDAC_011	Classical	1	0.940046246149866	0.99746835443038	0.025485002897852	0.176740559306146	0.305605905626903	6.16233744623106	cluster_1=6.162337;cluster_2=7.802442;cluster_3=8.592112;cluster_4=10.810031	0.99746835443038
STAB_CSY_IMPUTED	4	YX16127T	PDAC_012	Classical	1	0.93705946236577	1	0	0.250472754166104	0.302546692462378	5.87814971928298	cluster_1=5.878150;cluster_2=7.967187;cluster_3=9.194436;cluster_4=11.046551	1
STAB_CSY_IMPUTED	4	YX16128T	PDAC_013	Classical	3	0.755542032009406	0.245283018867925	1.55828167201824	0.213625510874608	0.303344286334726	5.13699905739168	cluster_1=6.927542;cluster_2=6.342761;cluster_3=5.136999;cluster_4=9.957574	0.383647798742138
STAB_CSY_IMPUTED	4	YX16130T	PDAC_014	Hybrid	2	0.758819246675404	0.908045977011494	0.45266819912471	0.132698666342016	0.296639968665524	4.54756718036507	cluster_1=8.299492;cluster_2=4.547567;cluster_3=8.210471;cluster_4=9.600638	0.908045977011494
STAB_CSY_IMPUTED	4	YX16132T	PDAC_015	Hybrid	2	0.66654565693312	0.701005025125628	1.09183022089821	0.00426097735681501	0.293623517494839	3.78310139772061	cluster_1=6.386217;cluster_2=3.783101;cluster_3=6.949262;cluster_4=8.348853	0.701005025125628
STAB_CSY_IMPUTED	4	YX16135T	PDAC_016	Hybrid	2	0.80336126304991	0.977777777777778	0.160620923198769	0.184525891488856	0.317557014297701	6.81044914573971	cluster_1=10.294032;cluster_2=6.810449;cluster_3=9.535057;cluster_4=10.859470	0.977777777777778
STAB_CSY_IMPUTED	4	YX16139T	PDAC_017	Classical	1	0.942978609346666	1	0	0.0925402476461417	0.306491315914094	5.72578213004491	cluster_1=5.725782;cluster_2=5.076468;cluster_3=7.028152;cluster_4=8.398194	1
STAB_CSY_IMPUTED	4	YX16141T	PDAC_018	Hybrid	2	0.755926585443309	0.853720050441362	0.610911613309431	0.275779381353846	0.289275590202565	4.55919422361303	cluster_1=8.592972;cluster_2=4.559194;cluster_3=8.997112;cluster_4=9.195994	0.853720050441362
STAB_CSY_IMPUTED	4	YX16144T	PDAC_019	Hybrid	2	0.636377575030865	0.657635467980296	0.977541318054096	-0.00975445690298698	0.26278725117013	4.23745044636226	cluster_1=7.431165;cluster_2=4.237450;cluster_3=6.883410;cluster_4=8.642286	0.657635467980296
STAB_CSY_IMPUTED	4	YX16147T	PDAC_020	Classical	3	0.683164616379272	0.310967741935484	1.5477470692695	0.136441715064649	0.289995949122524	11.7990437215585	cluster_1=16.653517;cluster_2=16.389953;cluster_3=11.799044;cluster_4=18.316966	0.436129032258065
STAB_CSY_IMPUTED	4	YX16153T	PDAC_021	Classical	1	0.944162692813345	0.988549618320611	0.0960243030311373	0.240817411187822	0.307089578336828	10.4487440575117	cluster_1=10.448744;cluster_2=14.765517;cluster_3=14.110692;cluster_4=16.798881	0.988549618320611
STAB_CSY_IMPUTED	4	YX16155T	PDAC_022	Hybrid	2	0.630421571842367	0.736111111111111	1.08907384511488	-0.00171539921169011	0.27685490609939	15.9912461069311	cluster_1=16.082840;cluster_2=15.991246;cluster_3=17.242766;cluster_4=19.118134	0.736111111111111
STAB_CSY_IMPUTED	4	YX16158T	PDAC_023	Hybrid	2	0.544082505350576	0.527848101265823	1.2728803356771	0.0698767524720345	0.240078202228769	6.31337198914312	cluster_1=9.949423;cluster_2=6.313372;cluster_3=9.067937;cluster_4=9.589847	0.527848101265823
STAB_CSY_IMPUTED	4	YX16159T	PDAC_024	Hybrid	2	0.80665072247435	0.987146529562982	0.099165571846447	0.275274015542941	0.315164278201598	3.24437485213894	cluster_1=8.368972;cluster_2=3.244375;cluster_3=7.749953;cluster_4=8.210788	0.987146529562982
STAB_CSY_IMPUTED	4	YX16160T	PDAC_025	Basal	4	0.994990304051925	0.996341463414634	0.0382421933163932	0.21166347866668	0.266728213312253	8.16231936367556	cluster_1=10.393983;cluster_2=7.409557;cluster_3=9.773531;cluster_4=8.162319	0.996341463414634
STAB_CSY_IMPUTED	4	YX16161T	PDAC_026	Hybrid	2	0.811885410850198	0.980124223602485	0.140742493970155	0.209504562060059	0.320055061990132	3.36662035773508	cluster_1=7.868331;cluster_2=3.366620;cluster_3=7.623599;cluster_4=8.196629	0.980124223602485
STAB_CSY_IMPUTED	4	YX16166T	PDAC_027	Classical	1	0.940327389041306	0.997455470737914	0.0255960394261341	0.14175495886372	0.306456988043564	5.591296110398	cluster_1=5.591296;cluster_2=6.811250;cluster_3=7.726034;cluster_4=9.735736	0.997455470737914
STAB_CSY_IMPUTED	4	YX16177T	PDAC_028	Classical	1	0.940634009305228	0.993581514762516	0.0559795030036328	0.0959430038175848	0.307725521144133	9.03589891241278	cluster_1=9.035899;cluster_2=12.626120;cluster_3=10.800491;cluster_4=14.988129	0.993581514762516
STAB_CSY_IMPUTED	4	YX16178T	PDAC_029	Classical	1	0.944428566820613	0.99618320610687	0.0361578675498935	0.26079775055576	0.303597199039535	10.6237669762148	cluster_1=10.623767;cluster_2=13.748273;cluster_3=14.546744;cluster_4=15.383941	0.99618320610687
STAB_CSY_IMPUTED	4	YX16180T	PDAC_030	Hybrid	2	0.813122335979392	0.987468671679198	0.0971420356202179	0.266020722530466	0.320579582015647	4.56379134738383	cluster_1=8.683804;cluster_2=4.563791;cluster_3=8.400860;cluster_4=9.330861	0.987468671679198
STAB_CSY_IMPUTED	4	YX16185T	PDAC_031	Classical	1	0.811474069409836	0.85823754789272	0.599347582099419	0.0648553277297402	0.262014169006965	12.7466528388532	cluster_1=12.746653;cluster_2=14.095383;cluster_3=14.716599;cluster_4=15.582369	0.85823754789272
STAB_CSY_IMPUTED	4	YX16188T	PDAC_032	Hybrid	2	0.4101334318742	0.364450127877238	1.54226905392337	-0.140635278585165	0.230657441669699	5.75042359184612	cluster_1=8.720180;cluster_2=5.750424;cluster_3=8.826664;cluster_4=8.084965	0.410485933503836
STAB_CSY_IMPUTED	4	YX16194T	PDAC_033	Hybrid	2	0.801250573542227	0.966537966537967	0.211467152751486	0.204218461329768	0.313226641699346	4.17334852101045	cluster_1=9.051456;cluster_2=4.173349;cluster_3=8.195246;cluster_4=9.313298	0.966537966537967
STAB_CSY_IMPUTED	4	YX16202T	PDAC_034	Basal	4	0.986725199946431	0.987562189054726	0.0965523535167618	0.267703853704512	0.265131125637565	8.48982036351685	cluster_1=12.449627;cluster_2=9.693907;cluster_3=11.958688;cluster_4=8.489820	0.987562189054726
STAB_CSY_IMPUTED	4	YX16203T	PDAC_035	Hybrid	2	0.777185137489515	0.922979797979798	0.466069060500303	0.104686646493055	0.321620863868337	4.07416942796409	cluster_1=7.369067;cluster_2=4.074169;cluster_3=7.397861;cluster_4=8.628083	0.922979797979798
STAB_CSY_IMPUTED	4	YX16207T	PDAC_036	Hybrid	2	0.803745791786765	0.978343949044586	0.157630116958801	0.148026023435287	0.320116833512904	3.88121252261137	cluster_1=7.052385;cluster_2=3.881213;cluster_3=7.421203;cluster_4=9.110266	0.978343949044586
STAB_CSY_IMPUTED	4	YX16218T	PDAC_037	Hybrid	2	0.585147831855183	0.69125	1.0564544885891	-0.0545933292252179	0.326970529801044	5.47219984196644	cluster_1=6.209211;cluster_2=5.472200;cluster_3=7.680575;cluster_4=10.162468	0.69125
STAB_CSY_IMPUTED	4	YX16222T	PDAC_038	Classical	1	0.875952427065818	0.890038809831824	0.609221514986563	0.0364505400906105	0.314712668059504	6.63147513381549	cluster_1=6.631475;cluster_2=8.294262;cluster_3=8.505362;cluster_4=11.576273	0.890038809831824
STAB_CSY_IMPUTED	4	YX16224T	PDAC_039	Hybrid	2	0.546044400639426	0.636713735558408	1.23648915534096	-0.106463844282444	0.325785180976241	5.80026892449979	cluster_1=6.933349;cluster_2=5.800269;cluster_3=7.323702;cluster_4=10.062948	0.636713735558408
STAB_CSY_IMPUTED	4	YX16227T	PDAC_040	Classical	1	0.922458814502123	0.956521739130435	0.301496929534381	0.125171151885676	0.308775933801499	6.65060403241141	cluster_1=6.650604;cluster_2=9.279901;cluster_3=8.937752;cluster_4=12.613350	0.956521739130435
STAB_CSY_IMPUTED	4	YX16236T	PDAC_041	Classical	1	0.884049202734568	0.929024081115336	0.435146307775457	0.211416259305779	0.297083191058953	6.88352216278263	cluster_1=6.883522;cluster_2=8.900031;cluster_3=10.420126;cluster_4=12.343414	0.929024081115336
STAB_CSY_IMPUTED	4	YX15047T	PDAC_042	Basal	4	0.982226117901117	0.982779827798278	0.131927016877872	0.135671552501555	0.263312751800727	11.7797543628819	cluster_1=14.238313;cluster_2=12.741536;cluster_3=13.729071;cluster_4=11.779754	0.982779827798278
STAB_CSY_IMPUTED	4	YX15106T	PDAC_043	Basal	4	0.997922946123358	1	0	0.468065527732116	0.266701377217834	7.66739590255098	cluster_1=14.064524;cluster_2=12.374571;cluster_3=13.621363;cluster_4=7.667396	1
STAB_CSY_IMPUTED	4	YX15166T	PDAC_044	Basal	4	0.997750501833632	1	0	0.4458999211515	0.266669602187867	5.71031393950507	cluster_1=10.076826;cluster_2=7.423297;cluster_3=10.038484;cluster_4=5.710314	1
STAB_CSY_IMPUTED	4	YX15187T	PDAC_045	Basal	4	0.997932283771662	1	0	0.433518614438071	0.266875310964772	9.27443458183685	cluster_1=14.972419;cluster_2=13.633535;cluster_3=14.716648;cluster_4=9.274435	1
STAB_CSY_IMPUTED	4	YX15211T	PDAC_046	Hybrid	2	0.710492580885408	0.790784557907846	0.750977555852349	0.186969692555308	0.273919366502042	3.79094049532137	cluster_1=7.314839;cluster_2=3.790940;cluster_3=7.909304;cluster_4=7.768230	0.790784557907846
STAB_CSY_IMPUTED	4	YX15214T	PDAC_047	Basal	4	0.997927150920978	1	0	0.375557711991067	0.266814782795518	18.8339963345424	cluster_1=24.445408;cluster_2=23.634377;cluster_3=24.478336;cluster_4=18.833996	1
STAB_CSY_IMPUTED	4	YX16009T	PDAC_048	Hybrid	2	0.642527973084544	0.64461738002594	1.03098122492421	0.190016210241551	0.262177601546278	4.4282216090691	cluster_1=8.683163;cluster_2=4.428222;cluster_3=8.194662;cluster_4=8.336016	0.64461738002594
STAB_CSY_IMPUTED	4	YX16011T	PDAC_049	Basal	4	0.997666216027322	1	0	0.42873164632537	0.26677645110574	8.1880046078091	cluster_1=13.492946;cluster_2=12.037829;cluster_3=13.655139;cluster_4=8.188005	1
STAB_CSY_IMPUTED	4	YX16068T	PDAC_050	Basal	4	0.998399523378536	1	0	0.48497197636307	0.26665009621624	5.54563544212613	cluster_1=10.930497;cluster_2=9.347374;cluster_3=11.318489;cluster_4=5.545635	1
STAB_CSY_IMPUTED	4	YX16070T	PDAC_051	Basal	4	0.998112067110635	1	0	0.349879550623267	0.267185604363712	6.68105125435373	cluster_1=9.983297;cluster_2=8.169687;cluster_3=10.189848;cluster_4=6.681051	1
STAB_CSY_IMPUTED	4	YX16075T	PDAC_052	Hybrid	2	0.789314455456309	0.917385943279901	0.411323663742494	0.15482866093187	0.313702141486755	4.72954274026281	cluster_1=8.064551;cluster_2=4.729543;cluster_3=7.441064;cluster_4=9.595241	0.917385943279901
STAB_CSY_IMPUTED	4	YX16079T	PDAC_053	Basal	4	0.997756005649116	1	0	0.31095020879333	0.267107996286309	9.28823480274805	cluster_1=12.171947;cluster_2=11.786467;cluster_3=12.788348;cluster_4=9.288235	1
STAB_CSY_IMPUTED	4	YX16087T	PDAC_054	Basal	4	0.997852283117796	1	0	0.469187786680063	0.266751824816744	9.25096391509606	cluster_1=15.558208;cluster_2=14.005834;cluster_3=15.331639;cluster_4=9.250964	1
STAB_CSY_IMPUTED	4	YX16094T	PDAC_055	Basal	4	0.997986257711291	1	0	0.363938873335892	0.266975728809356	10.1626680228369	cluster_1=14.147446;cluster_2=13.522475;cluster_3=14.855542;cluster_4=10.162668	1
STAB_CSY_IMPUTED	4	YX16172T	PDAC_056	Basal	4	0.997870247106977	1	0	0.354616787063982	0.267060389736559	5.72130043053559	cluster_1=10.084095;cluster_2=6.825226;cluster_3=9.727739;cluster_4=5.721300	1
STAB_CSY_IMPUTED	4	YX16295T	PDAC_057	Basal	4	0.998510983275322	1	0	0.513897158901431	0.267232960516571	6.98100517065924	cluster_1=13.637676;cluster_2=12.188453;cluster_3=13.867503;cluster_4=6.981005	1
STAB_CSY_IMPUTED	4	YX16327T	PDAC_058	Basal	4	0.997861498646812	1	0	0.25403958197015	0.267077609507571	10.7851080849611	cluster_1=14.272313;cluster_2=12.759472;cluster_3=14.429984;cluster_4=10.785108	1
STAB_CSY_IMPUTED	4	YX16335T	PDAC_059	Classical	1	0.940155147887089	0.998717948717949	0.0141655130187898	0.172331755672105	0.306102260204308	4.60729775818086	cluster_1=4.607298;cluster_2=7.260187;cluster_3=7.220531;cluster_4=9.797420	0.998717948717949
STAB_CSY_IMPUTED	4	YX16341T	PDAC_060	Basal	4	0.997645612260248	1	0	0.487405656643504	0.266622476031488	6.04570040045521	cluster_1=12.695026;cluster_2=10.223638;cluster_3=12.300641;cluster_4=6.045700	1
STAB_CSY_IMPUTED	4	YX16343T	PDAC_061	Hybrid	2	0.727460718368455	0.855313700384123	0.606953106076527	0.150291482420556	0.280561352745334	21.6612056135674	cluster_1=24.164204;cluster_2=21.661206;cluster_3=24.165316;cluster_4=23.527026	0.855313700384123
STAB_CSY_IMPUTED	4	YX16347T	PDAC_062	Classical	3	0.315515635511292	0.321608040201005	0.91933536373008	0.0394770387103952	0.215788264682797	9.04264929600606	cluster_1=10.908176;cluster_2=11.111557;cluster_3=9.042649;cluster_4=12.831741	0.67713567839196
STAB_CSY_IMPUTED	5	YX15261T	PDAC_001	Classical	1	0.863499943017098	0.937421777221527	0.424210923678742	0.234855365722094	0.270831152322757	6.20710388475309	cluster_1=6.207104;cluster_2=7.173729;cluster_3=9.365250;cluster_4=7.248955;cluster_5=10.063460	0.937421777221527
STAB_CSY_IMPUTED	5	YX15263T	PDAC_002	Classical	1	0.909257905152783	0.998712998712999	0.0142130464035775	0.333089209798224	0.284578777211555	11.9506386727398	cluster_1=11.950639;cluster_2=16.790032;cluster_3=16.676812;cluster_4=17.222176;cluster_5=18.839652	0.998712998712999
STAB_CSY_IMPUTED	5	YX15271T	PDAC_003	Hybrid	2	0.883587037577218	0.929936305732484	0.387558792701681	0.28784033516595	0.281525887357074	4.16267188025531	cluster_1=7.753554;cluster_2=4.162672;cluster_3=7.332811;cluster_4=3.940742;cluster_5=8.604488	0.929936305732484
STAB_CSY_IMPUTED	5	YX16036T	PDAC_004	Hybrid	2	0.831859138704188	0.89707750952986	0.581012422938504	0.148801888365081	0.256044648042976	3.65565355221766	cluster_1=6.697352;cluster_2=3.655654;cluster_3=7.410077;cluster_4=4.146928;cluster_5=8.280313	0.89707750952986
STAB_CSY_IMPUTED	5	YX16041T	PDAC_005	Classical	1	0.860122781155764	0.9	0.601583801892104	0.12060743940565	0.280727910456706	10.273432654345	cluster_1=10.273433;cluster_2=12.845237;cluster_3=12.589630;cluster_4=12.984475;cluster_5=15.307691	0.9
STAB_CSY_IMPUTED	5	YX16057T	PDAC_006	Classical	3	0.662135412350481	0.26625	1.8011441580829	0.127918276225621	0.25041169278945	5.5764881609912	cluster_1=6.380791;cluster_2=5.583607;cluster_3=5.576488;cluster_4=6.105247;cluster_5=9.556905	0.42
STAB_CSY_IMPUTED	5	YX16062T	PDAC_007	Classical	1	0.908032895194918	0.99873257287706	0.0140249200113997	0.249908824449162	0.283252594541607	9.51477265637162	cluster_1=9.514773;cluster_2=12.919652;cluster_3=13.568343;cluster_4=13.091347;cluster_5=15.153504	0.99873257287706
STAB_CSY_IMPUTED	5	YX16112T	PDAC_008	Classical	1	0.428803016844514	0.411619283065513	1.88831628997357	-0.0685317473202175	0.240533633322089	12.1738148881068	cluster_1=12.173815;cluster_2=13.412401;cluster_3=12.734144;cluster_4=13.143619;cluster_5=15.529173	0.411619283065513
STAB_CSY_IMPUTED	5	YX16113T	PDAC_009	Hybrid	4	0.537433384068306	0.438271604938272	1.54932980458372	0.0882639941751091	0.189065043298483	5.82079802968534	cluster_1=8.595931;cluster_2=8.209732;cluster_3=10.007838;cluster_4=5.820798;cluster_5=10.657426	0.438271604938272
STAB_CSY_IMPUTED	5	YX16119T	PDAC_010	Classical	1	0.856789306202659	0.905006418485237	0.544777698393475	0.0324543199315323	0.274386509261572	7.63822874459617	cluster_1=7.638229;cluster_2=8.407178;cluster_3=8.838839;cluster_4=7.996674;cluster_5=11.125935	0.905006418485237
STAB_CSY_IMPUTED	5	YX16120T	PDAC_011	Classical	1	0.909638873091372	0.991139240506329	0.0731423647944804	0.176740559306146	0.285061393968586	6.16233744623106	cluster_1=6.162337;cluster_2=8.126920;cluster_3=8.592112;cluster_4=8.113342;cluster_5=10.810031	0.991139240506329
STAB_CSY_IMPUTED	5	YX16127T	PDAC_012	Classical	1	0.907830679294198	1	0	0.250472754166104	0.282142179173471	5.87814971928298	cluster_1=5.878150;cluster_2=8.166639;cluster_3=9.194436;cluster_4=8.453334;cluster_5=11.046551	1
STAB_CSY_IMPUTED	5	YX16128T	PDAC_013	Classical	3	0.695610919297548	0.316981132075472	1.95753020312705	0.213625510874608	0.230536141383568	5.13699905739168	cluster_1=6.927542;cluster_2=6.883523;cluster_3=5.136999;cluster_4=6.487936;cluster_5=9.957574	0.316981132075472
STAB_CSY_IMPUTED	5	YX16130T	PDAC_014	Hybrid	2	0.848902211347571	0.933588761174968	0.426607054050596	0.261156797184344	0.255320654882836	3.99144277703431	cluster_1=8.299492;cluster_2=3.991443;cluster_3=8.210471;cluster_4=6.407478;cluster_5=9.600638	0.933588761174968
STAB_CSY_IMPUTED	5	YX16132T	PDAC_015	Hybrid	4	0.647165473646404	0.487437185929648	1.4608045071456	-0.00734165282203216	0.227305776999824	3.48140003835091	cluster_1=6.386217;cluster_2=4.906173;cluster_3=6.949262;cluster_4=3.481400;cluster_5=8.348853	0.487437185929648
STAB_CSY_IMPUTED	5	YX16135T	PDAC_016	Hybrid	2	0.890138917143987	0.937037037037037	0.375426076889539	0.326863838626624	0.280204218655249	6.46072789871242	cluster_1=10.294032;cluster_2=6.460728;cluster_3=9.535057;cluster_4=8.160290;cluster_5=10.859470	0.937037037037037
STAB_CSY_IMPUTED	5	YX16139T	PDAC_017	Classical	1	0.909828532473771	0.998724489795918	0.0141026586829572	0.0925402476461417	0.284436462743522	5.72578213004491	cluster_1=5.725782;cluster_2=6.060376;cluster_3=7.028152;cluster_4=4.659806;cluster_5=8.398194	0.998724489795918
STAB_CSY_IMPUTED	5	YX16141T	PDAC_018	Hybrid	4	0.595422051935017	0.30390920554855	1.13771098530306	0.0938389956660449	0.234638940146834	4.7240163275529	cluster_1=8.592972;cluster_2=5.305879;cluster_3=8.997112;cluster_4=4.724016;cluster_5=9.195994	0.648171500630517
STAB_CSY_IMPUTED	5	YX16144T	PDAC_019	Hybrid	4	0.645848599861268	0.560344827586207	1.20098515878668	0.0936565881023712	0.206793002214574	3.18783290299401	cluster_1=7.431165;cluster_2=5.596065;cluster_3=6.883410;cluster_4=3.187833;cluster_5=8.642286	0.560344827586207
STAB_CSY_IMPUTED	5	YX16147T	PDAC_020	Classical	3	0.638405469794794	0.305806451612903	1.962997516313	0.0807690226788465	0.211410513298949	11.7990437215585	cluster_1=16.653517;cluster_2=16.712385;cluster_3=11.799044;cluster_4=16.279319;cluster_5=18.316966	0.305806451612903
STAB_CSY_IMPUTED	5	YX16153T	PDAC_021	Classical	1	0.909947005870816	0.970737913486005	0.218958043145538	0.240817411187822	0.287201466154843	10.4487440575117	cluster_1=10.448744;cluster_2=14.894138;cluster_3=14.110692;cluster_4=15.002490;cluster_5=16.798881	0.970737913486005
STAB_CSY_IMPUTED	5	YX16155T	PDAC_022	Hybrid	2	0.700972727580576	0.756313131313131	1.18301321923505	0.0631842295947648	0.235226876145896	14.9983463764251	cluster_1=16.082840;cluster_2=14.998346;cluster_3=17.242766;cluster_4=17.792475;cluster_5=19.118134	0.756313131313131
STAB_CSY_IMPUTED	5	YX16158T	PDAC_023	Hybrid	4	0.635553948825045	0.670886075949367	1.25325433692166	0.243254107454172	0.178256807496038	4.76148134099706	cluster_1=9.949423;cluster_2=7.697866;cluster_3=9.067937;cluster_4=4.761481;cluster_5=9.589847	0.670886075949367
STAB_CSY_IMPUTED	5	YX16159T	PDAC_024	Hybrid	2	0.886731090731577	0.944730077120823	0.317182058413381	0.263979169643947	0.280712618714	3.99177275389296	cluster_1=8.368972;cluster_2=3.991773;cluster_3=7.749953;cluster_4=3.886070;cluster_5=8.210788	0.944730077120823
STAB_CSY_IMPUTED	5	YX16160T	PDAC_025	Basal	5	0.975808622194666	0.981707317073171	0.138207938315934	0.194317431292588	0.261316769966565	8.16231936367556	cluster_1=10.393983;cluster_2=8.125621;cluster_3=9.773531;cluster_4=7.112365;cluster_5=8.162319	0.981707317073171
STAB_CSY_IMPUTED	5	YX16161T	PDAC_026	Hybrid	2	0.880141745303668	0.914285714285714	0.458534401768708	0.241086434789995	0.281990649802069	4.36694383559885	cluster_1=7.868331;cluster_2=4.366944;cluster_3=7.623599;cluster_4=3.505525;cluster_5=8.196629	0.914285714285714
STAB_CSY_IMPUTED	5	YX16166T	PDAC_027	Classical	1	0.906155658093294	0.99236641221374	0.0646610496771519	0.14175495886372	0.284314113297186	5.591296110398	cluster_1=5.591296;cluster_2=7.435888;cluster_3=7.726034;cluster_4=6.748202;cluster_5=9.735736	0.99236641221374
STAB_CSY_IMPUTED	5	YX16177T	PDAC_028	Classical	1	0.908938665855354	0.983311938382542	0.128946532486353	0.0959430038175848	0.286374058889763	9.03589891241278	cluster_1=9.035899;cluster_2=12.646397;cluster_3=10.800491;cluster_4=13.100008;cluster_5=14.988129	0.983311938382542
STAB_CSY_IMPUTED	5	YX16178T	PDAC_029	Classical	1	0.90254222428038	0.979643765903308	0.154500975150274	0.233298715829639	0.277277372491283	10.6237669762148	cluster_1=10.623767;cluster_2=13.945219;cluster_3=14.546744;cluster_4=13.911120;cluster_5=15.383941	0.979643765903308
STAB_CSY_IMPUTED	5	YX16180T	PDAC_030	Hybrid	2	0.871212643386336	0.911027568922306	0.465727828388211	0.0919128341920789	0.284133436056175	5.29847648796854	cluster_1=8.683804;cluster_2=5.298476;cluster_3=8.400860;cluster_4=4.748222;cluster_5=9.330861	0.911027568922306
STAB_CSY_IMPUTED	5	YX16185T	PDAC_031	Classical	1	0.584950222066456	0.639846743295019	1.33668840066829	0.0648553277297402	0.179416840155193	12.7466528388532	cluster_1=12.746653;cluster_2=14.347502;cluster_3=14.716599;cluster_4=14.160275;cluster_5=15.582369	0.639846743295019
STAB_CSY_IMPUTED	5	YX16188T	PDAC_032	Hybrid	4	0.539938632364415	0.677749360613811	1.29050017360287	0.00746987689831427	0.169902253233554	4.46344954140897	cluster_1=8.720180;cluster_2=7.061688;cluster_3=8.826664;cluster_4=4.463450;cluster_5=8.084965	0.677749360613811
STAB_CSY_IMPUTED	5	YX16194T	PDAC_033	Hybrid	2	0.888526660277253	0.953667953667954	0.289779507738965	0.345373305470025	0.276138431238947	3.81473638417228	cluster_1=9.051456;cluster_2=3.814736;cluster_3=8.195246;cluster_4=5.904352;cluster_5=9.313298	0.953667953667954
STAB_CSY_IMPUTED	5	YX16202T	PDAC_034	Basal	5	0.961104641793065	0.965174129353234	0.235151619308602	0.210301630566535	0.25835942753032	8.48982036351685	cluster_1=12.449627;cluster_2=10.212836;cluster_3=11.958688;cluster_4=9.533682;cluster_5=8.489820	0.965174129353234
STAB_CSY_IMPUTED	5	YX16203T	PDAC_035	Hybrid	2	0.805144833957673	0.840909090909091	0.823357552830272	0.0281805380939522	0.284259655783581	5.08184041885683	cluster_1=7.369067;cluster_2=5.081840;cluster_3=7.397861;cluster_4=3.903252;cluster_5=8.628083	0.840909090909091
STAB_CSY_IMPUTED	5	YX16207T	PDAC_036	Hybrid	2	0.895050755644942	0.940127388535032	0.359927904076772	0.33334897311294	0.282168660889856	4.01249738972139	cluster_1=7.052385;cluster_2=4.012497;cluster_3=7.421203;cluster_4=5.142004;cluster_5=9.110266	0.940127388535032
STAB_CSY_IMPUTED	5	YX16218T	PDAC_037	Hybrid	2	0.666074387369983	0.67125	1.23639872080142	0.0268712261606985	0.285904288661312	5.49294675729945	cluster_1=6.209211;cluster_2=5.492947;cluster_3=7.680575;cluster_4=6.525301;cluster_5=10.162468	0.67125
STAB_CSY_IMPUTED	5	YX16222T	PDAC_038	Classical	1	0.817777931154903	0.839586028460543	0.857931045327857	0.0364505400906105	0.283247125234037	6.63147513381549	cluster_1=6.631475;cluster_2=8.576869;cluster_3=8.505362;cluster_4=8.623602;cluster_5=11.576273	0.839586028460543
STAB_CSY_IMPUTED	5	YX16224T	PDAC_039	Hybrid	2	0.590316772056579	0.595635430038511	1.52805978766012	-0.0262889243931957	0.268748545487255	5.95402059613497	cluster_1=6.933349;cluster_2=5.954021;cluster_3=7.323702;cluster_4=6.619691;cluster_5=10.062948	0.595635430038511
STAB_CSY_IMPUTED	5	YX16227T	PDAC_040	Classical	1	0.888605194997019	0.938618925831202	0.41825059588978	0.125171151885676	0.286725369614798	6.65060403241141	cluster_1=6.650604;cluster_2=9.436416;cluster_3=8.937752;cluster_4=9.723589;cluster_5=12.613350	0.938618925831202
STAB_CSY_IMPUTED	5	YX16236T	PDAC_041	Classical	1	0.847232930159943	0.916349809885932	0.524587038707573	0.191775002180246	0.272067701341363	6.88352216278263	cluster_1=6.883522;cluster_2=8.615482;cluster_3=10.420126;cluster_4=9.997597;cluster_5=12.343414	0.916349809885932
STAB_CSY_IMPUTED	5	YX15047T	PDAC_042	Basal	5	0.919461651488626	0.922509225092251	0.488478808648082	0.133469502099304	0.245026228034246	11.7797543628819	cluster_1=14.238313;cluster_2=12.988326;cluster_3=13.729071;cluster_4=12.863034;cluster_5=11.779754	0.922509225092251
STAB_CSY_IMPUTED	5	YX15106T	PDAC_043	Basal	5	0.991612226647026	1	0	0.421344413789753	0.264076640375789	7.66739590255098	cluster_1=14.064524;cluster_2=12.843609;cluster_3=13.621363;cluster_4=12.153966;cluster_5=7.667396	1
STAB_CSY_IMPUTED	5	YX15166T	PDAC_044	Basal	5	0.991801794386605	1	0	0.389618044160906	0.26430816863771	5.71031393950507	cluster_1=10.076826;cluster_2=8.303247;cluster_3=10.038484;cluster_4=6.824011;cluster_5=5.710314	1
STAB_CSY_IMPUTED	5	YX15187T	PDAC_045	Basal	5	0.991561844701728	1	0	0.400964668829782	0.264138011436701	9.27443458183685	cluster_1=14.972419;cluster_2=13.990032;cluster_3=14.716648;cluster_4=13.547804;cluster_5=9.274435	1
STAB_CSY_IMPUTED	5	YX15211T	PDAC_046	Hybrid	4	0.576892602971648	0.38854296388543	1.33132738159642	0.103243475638647	0.206849991033952	3.00790352491387	cluster_1=7.314839;cluster_2=5.113058;cluster_3=7.909304;cluster_4=3.007904;cluster_5=7.768230	0.525529265255293
STAB_CSY_IMPUTED	5	YX15214T	PDAC_047	Basal	5	0.992592091452802	1	0	0.335457336826574	0.264430928288021	18.8339963345424	cluster_1=24.445408;cluster_2=23.883611;cluster_3=24.478336;cluster_4=23.519134;cluster_5=18.833996	1
STAB_CSY_IMPUTED	5	YX16009T	PDAC_048	Hybrid	4	0.719656455890848	0.643320363164721	1.07484811805679	0.229004644841265	0.198673524340554	3.07789514919546	cluster_1=8.683163;cluster_2=5.871514;cluster_3=8.194662;cluster_4=3.077895;cluster_5=8.336016	0.643320363164721
STAB_CSY_IMPUTED	5	YX16011T	PDAC_049	Basal	5	0.991741523340036	1	0	0.399043875372611	0.264204557207992	8.1880046078091	cluster_1=13.492946;cluster_2=12.485536;cluster_3=13.655139;cluster_4=11.866713;cluster_5=8.188005	1
STAB_CSY_IMPUTED	5	YX16068T	PDAC_050	Basal	5	0.993013411935414	1	0	0.472915832120467	0.264378811094625	5.54563544212613	cluster_1=10.930497;cluster_2=9.606152;cluster_3=11.318489;cluster_4=9.629757;cluster_5=5.545635	1
STAB_CSY_IMPUTED	5	YX16070T	PDAC_051	Basal	5	0.992267098770988	1	0	0.334514422479553	0.264596681419806	6.68105125435373	cluster_1=9.983297;cluster_2=8.523069;cluster_3=10.189848;cluster_4=8.399769;cluster_5=6.681051	1
STAB_CSY_IMPUTED	5	YX16075T	PDAC_052	Hybrid	4	0.611852913204228	0.255240443896424	0.895153371297657	-0.0364291261369008	0.269062906670157	4.55861934630393	cluster_1=8.064551;cluster_2=5.633726;cluster_3=7.441064;cluster_4=4.558619;cluster_5=9.595241	0.734895191122071
STAB_CSY_IMPUTED	5	YX16079T	PDAC_053	Basal	5	0.991628023758144	1	0	0.305958096157141	0.264372643371342	9.28823480274805	cluster_1=12.171947;cluster_2=12.080192;cluster_3=12.788348;cluster_4=11.874531;cluster_5=9.288235	1
STAB_CSY_IMPUTED	5	YX16087T	PDAC_054	Basal	5	0.991413694648983	1	0	0.440333416584802	0.26397974007303	9.25096391509606	cluster_1=15.558208;cluster_2=14.361221;cluster_3=15.331639;cluster_4=13.909344;cluster_5=9.250964	1
STAB_CSY_IMPUTED	5	YX16094T	PDAC_055	Basal	5	0.991147626532996	1	0	0.307973219576877	0.264185328704682	10.1626680228369	cluster_1=14.147446;cluster_2=13.943718;cluster_3=14.855542;cluster_4=13.335969;cluster_5=10.162668	1
STAB_CSY_IMPUTED	5	YX16172T	PDAC_056	Basal	5	0.991104379697274	1	0	0.26739222415787	0.264148256293152	5.72130043053559	cluster_1=10.084095;cluster_2=7.760078;cluster_3=9.727739;cluster_4=6.193707;cluster_5=5.721300	1
STAB_CSY_IMPUTED	5	YX16295T	PDAC_057	Basal	5	0.99282441426859	1	0	0.505484169475706	0.264524402762543	6.98100517065924	cluster_1=13.637676;cluster_2=12.474211;cluster_3=13.867503;cluster_4=12.271266;cluster_5=6.981005	1
STAB_CSY_IMPUTED	5	YX16327T	PDAC_058	Basal	5	0.990699660353678	1	0	0.237367636654458	0.264137494979681	10.7851080849611	cluster_1=14.272313;cluster_2=12.797894;cluster_3=14.429984;cluster_4=13.200949;cluster_5=10.785108	1
STAB_CSY_IMPUTED	5	YX16335T	PDAC_059	Classical	1	0.909004701712955	0.997435897435897	0.0257645491351782	0.172331755672105	0.284726536312872	4.60729775818086	cluster_1=4.607298;cluster_2=7.583538;cluster_3=7.220531;cluster_4=7.631022;cluster_5=9.797420	0.997435897435897
STAB_CSY_IMPUTED	5	YX16341T	PDAC_060	Basal	5	0.991575210445019	1	0	0.462443653471646	0.264137106862857	6.04570040045521	cluster_1=12.695026;cluster_2=10.629035;cluster_3=12.300641;cluster_4=10.215733;cluster_5=6.045700	1
STAB_CSY_IMPUTED	5	YX16343T	PDAC_061	Hybrid	2	0.792871943537793	0.865556978233035	0.70386232779098	0.123846942153115	0.23977460383644	20.6017977881177	cluster_1=24.164204;cluster_2=20.601798;cluster_3=24.165316;cluster_4=23.491368;cluster_5=23.527026	0.865556978233035
STAB_CSY_IMPUTED	5	YX16347T	PDAC_062	Classical	3	0.15289363496971	0.557788944723618	1.33898339390772	0.0394770387103952	0.106235936240026	9.04264929600606	cluster_1=10.908176;cluster_2=11.030323;cluster_3=9.042649;cluster_4=11.800555;cluster_5=12.831741	0.557788944723618
STAB_CSY_IMPUTED	6	YX15261T	PDAC_001	Classical	1	0.831506546197406	0.928660826032541	0.472296154779291	0.23302076020905	0.251735770116611	6.20710388475309	cluster_1=6.207104;cluster_2=7.173729;cluster_3=10.112788;cluster_4=7.248955;cluster_5=10.063460;cluster_6=12.371426	0.928660826032541
STAB_CSY_IMPUTED	6	YX15263T	PDAC_002	Classical	1	0.87937723039178	0.994851994851995	0.04654180663949	0.32930512602511	0.265113169451845	11.9506386727398	cluster_1=11.950639;cluster_2=16.790032;cluster_3=17.157616;cluster_4=17.222176;cluster_5=18.839652;cluster_6=18.393991	0.994851994851995
STAB_CSY_IMPUTED	6	YX15271T	PDAC_003	Hybrid	2	0.860774946641933	0.94140127388535	0.363646577466559	0.28784033516595	0.255626859521766	4.16267188025531	cluster_1=7.753554;cluster_2=4.162672;cluster_3=8.008080;cluster_4=3.940742;cluster_5=8.604488;cluster_6=11.476866	0.94140127388535
STAB_CSY_IMPUTED	6	YX16036T	PDAC_004	Hybrid	2	0.792067288630257	0.860228716645489	0.803263745334561	0.148801888365081	0.223615042615211	3.65565355221766	cluster_1=6.697352;cluster_2=3.655654;cluster_3=8.057904;cluster_4=4.146928;cluster_5=8.280313;cluster_6=11.570373	0.860228716645489
STAB_CSY_IMPUTED	6	YX16041T	PDAC_005	Classical	1	0.805846523773456	0.847435897435897	0.827115238794288	0.111987079399354	0.254061284557536	10.273432654345	cluster_1=10.273433;cluster_2=12.845237;cluster_3=13.085916;cluster_4=12.984475;cluster_5=15.307691;cluster_6=15.142576	0.847435897435897
STAB_CSY_IMPUTED	6	YX16057T	PDAC_006	Classical	3	0.871328118020904	0.4575	1.7042139937667	0.123847628613886	0.196496778373701	6.28815006042829	cluster_1=6.380791;cluster_2=5.583607;cluster_3=6.288150;cluster_4=6.105247;cluster_5=9.556905;cluster_6=10.714121	0.4575
STAB_CSY_IMPUTED	6	YX16062T	PDAC_007	Classical	1	0.878682172252459	0.997465145754119	0.028047519576967	0.224882996294664	0.264738572172947	9.51477265637162	cluster_1=9.514773;cluster_2=12.919652;cluster_3=13.936254;cluster_4=13.091347;cluster_5=15.153504;cluster_6=16.210128	0.997465145754119
STAB_CSY_IMPUTED	6	YX16112T	PDAC_008	Classical	1	0.346460848523446	0.325092707045735	1.75729289105922	-0.135261317702423	0.188200477295804	12.1738148881068	cluster_1=12.173815;cluster_2=13.412401;cluster_3=12.653801;cluster_4=13.143619;cluster_5=15.529173;cluster_6=16.652439	0.466007416563659
STAB_CSY_IMPUTED	6	YX16113T	PDAC_009	Hybrid	4	0.456338307285639	0.462962962962963	1.80396162145254	0.0882639941751091	0.140081806304102	5.82079802968534	cluster_1=8.595931;cluster_2=8.209732;cluster_3=10.355389;cluster_4=5.820798;cluster_5=10.657426;cluster_6=13.709524	0.462962962962963
STAB_CSY_IMPUTED	6	YX16119T	PDAC_010	Classical	1	0.802331244142308	0.85622593068036	0.764287304769581	-0.112980029588947	0.249008577535167	7.63822874459617	cluster_1=7.638229;cluster_2=8.407178;cluster_3=9.907779;cluster_4=7.996674;cluster_5=11.125935;cluster_6=11.270937	0.85622593068036
STAB_CSY_IMPUTED	6	YX16120T	PDAC_011	Classical	1	0.880933407540899	0.992405063291139	0.0713638838412713	0.173574110694047	0.265936734303601	6.16233744623106	cluster_1=6.162337;cluster_2=8.126920;cluster_3=9.385581;cluster_4=8.113342;cluster_5=10.810031;cluster_6=11.834534	0.992405063291139
STAB_CSY_IMPUTED	6	YX16127T	PDAC_012	Classical	1	0.877494952875991	1	0	0.204827496282924	0.262942874363217	5.87814971928298	cluster_1=5.878150;cluster_2=8.166639;cluster_3=10.082922;cluster_4=8.453334;cluster_5=11.046551;cluster_6=11.923954	1
STAB_CSY_IMPUTED	6	YX16128T	PDAC_013	Classical	3	0.965348081489814	0.566037735849057	1.6670149311984	0.268761669984273	0.168585179715903	5.46006808820795	cluster_1=6.927542;cluster_2=6.883523;cluster_3=5.460068;cluster_4=6.487936;cluster_5=9.957574;cluster_6=11.186779	0.566037735849057
STAB_CSY_IMPUTED	6	YX16130T	PDAC_014	Hybrid	2	0.811733239308242	0.891443167305236	0.66184979037741	0.245483874320135	0.223066188537189	3.99144277703431	cluster_1=8.299492;cluster_2=3.991443;cluster_3=9.090983;cluster_4=6.407478;cluster_5=9.600638;cluster_6=11.433960	0.891443167305236
STAB_CSY_IMPUTED	6	YX16132T	PDAC_015	Hybrid	4	0.574870138024255	0.548994974874372	1.54556391241797	-0.138608381033007	0.178580535972586	3.48140003835091	cluster_1=6.386217;cluster_2=4.906173;cluster_3=7.314248;cluster_4=3.481400;cluster_5=8.348853;cluster_6=11.903795	0.548994974874372
STAB_CSY_IMPUTED	6	YX16135T	PDAC_016	Hybrid	2	0.868220652780243	0.951851851851852	0.316001976332817	0.301780239292677	0.253099936676678	6.46072789871242	cluster_1=10.294032;cluster_2=6.460728;cluster_3=10.251734;cluster_4=8.160290;cluster_5=10.859470;cluster_6=12.545962	0.951851851851852
STAB_CSY_IMPUTED	6	YX16139T	PDAC_017	Classical	1	0.873042966537567	0.98469387755102	0.1323989764199	0.0558338788622529	0.262799979636502	5.72578213004491	cluster_1=5.725782;cluster_2=6.060376;cluster_3=7.719637;cluster_4=4.659806;cluster_5=8.398194;cluster_6=11.306073	0.98469387755102
STAB_CSY_IMPUTED	6	YX16141T	PDAC_018	Hybrid	4	0.517623334632788	0.351828499369483	1.48412421142254	0.0938389956660449	0.192697858015832	4.7240163275529	cluster_1=8.592972;cluster_2=5.305879;cluster_3=9.508112;cluster_4=4.724016;cluster_5=9.195994;cluster_6=12.712414	0.533417402269861
STAB_CSY_IMPUTED	6	YX16144T	PDAC_019	Hybrid	4	0.574836079123912	0.597290640394089	1.3467481014179	0.0110484468829731	0.166378937163109	3.18783290299401	cluster_1=7.431165;cluster_2=5.596065;cluster_3=7.232664;cluster_4=3.187833;cluster_5=8.642286;cluster_6=11.900297	0.597290640394089
STAB_CSY_IMPUTED	6	YX16147T	PDAC_020	Classical	3	0.904392734943788	0.541935483870968	1.67099342911286	0.210252459529499	0.15356510073356	10.0046856752915	cluster_1=16.653517;cluster_2=16.712385;cluster_3=10.004686;cluster_4=16.279319;cluster_5=18.316966;cluster_6=19.121049	0.541935483870968
STAB_CSY_IMPUTED	6	YX16153T	PDAC_021	Classical	1	0.874096795779961	0.9529262086514	0.302186246057037	0.234142656934784	0.267675041289949	10.4487440575117	cluster_1=10.448744;cluster_2=14.894138;cluster_3=14.671564;cluster_4=15.002490;cluster_5=16.798881;cluster_6=16.115464	0.9529262086514
STAB_CSY_IMPUTED	6	YX16155T	PDAC_022	Hybrid	2	0.656297340674981	0.69949494949495	1.46885989793326	0.0006249521389455	0.20527077033175	14.9983463764251	cluster_1=16.082840;cluster_2=14.998346;cluster_3=18.040900;cluster_4=17.792475;cluster_5=19.118134;cluster_6=17.940336	0.69949494949495
STAB_CSY_IMPUTED	6	YX16158T	PDAC_023	Hybrid	4	0.577804552542592	0.717721518987342	1.30230292176093	0.226548754845181	0.136065601956858	4.76148134099706	cluster_1=9.949423;cluster_2=7.697866;cluster_3=9.410135;cluster_4=4.761481;cluster_5=9.589847;cluster_6=13.125699	0.717721518987342
STAB_CSY_IMPUTED	6	YX16159T	PDAC_024	Hybrid	2	0.867401984731956	0.958868894601542	0.265916737953711	0.263979169643947	0.252907264678783	3.99177275389296	cluster_1=8.368972;cluster_2=3.991773;cluster_3=8.350454;cluster_4=3.886070;cluster_5=8.210788;cluster_6=11.835660	0.958868894601542
STAB_CSY_IMPUTED	6	YX16160T	PDAC_025	Basal	5	0.939827661828412	0.960975609756098	0.283515829629578	0.0942234186511427	0.25187914101804	8.16231936367556	cluster_1=10.393983;cluster_2=8.125621;cluster_3=10.594502;cluster_4=7.112365;cluster_5=8.162319;cluster_6=12.425105	0.960975609756098
STAB_CSY_IMPUTED	6	YX16161T	PDAC_026	Hybrid	2	0.85733779073779	0.925465838509317	0.436429161227241	0.241086434789995	0.253238743562296	4.36694383559885	cluster_1=7.868331;cluster_2=4.366944;cluster_3=8.266163;cluster_4=3.505525;cluster_5=8.196629;cluster_6=11.683949	0.925465838509317
STAB_CSY_IMPUTED	6	YX16166T	PDAC_027	Classical	1	0.877690996918766	0.991094147582697	0.082223374940281	0.00282200594786242	0.266137134375109	5.591296110398	cluster_1=5.591296;cluster_2=7.435888;cluster_3=8.877246;cluster_4=6.748202;cluster_5=9.735736;cluster_6=10.553478	0.991094147582697
STAB_CSY_IMPUTED	6	YX16177T	PDAC_028	Classical	1	0.881138267290996	0.982028241335045	0.147602153166884	0.065407750875867	0.26801265702134	9.03589891241278	cluster_1=9.035899;cluster_2=12.646397;cluster_3=11.531278;cluster_4=13.100008;cluster_5=14.988129;cluster_6=13.293505	0.982028241335045
STAB_CSY_IMPUTED	6	YX16178T	PDAC_029	Classical	1	0.870890571078369	0.969465648854962	0.226798419090273	0.233298715829639	0.258295416495068	10.6237669762148	cluster_1=10.623767;cluster_2=13.945219;cluster_3=15.005043;cluster_4=13.911120;cluster_5=15.383941;cluster_6=16.733294	0.969465648854962
STAB_CSY_IMPUTED	6	YX16180T	PDAC_030	Hybrid	2	0.849329811997817	0.927318295739348	0.424054758571268	0.0919128341920789	0.256039670423425	5.29847648796854	cluster_1=8.683804;cluster_2=5.298476;cluster_3=8.736006;cluster_4=4.748222;cluster_5=9.330861;cluster_6=12.742465	0.927318295739348
STAB_CSY_IMPUTED	6	YX16185T	PDAC_031	Classical	1	0.427265684627808	0.482758620689655	1.78077454029677	0.0513364102733212	0.125660580259659	12.7466528388532	cluster_1=12.746653;cluster_2=14.347502;cluster_3=15.133767;cluster_4=14.160275;cluster_5=15.582369;cluster_6=16.977819	0.482758620689655
STAB_CSY_IMPUTED	6	YX16188T	PDAC_032	Hybrid	4	0.489972561587704	0.71227621483376	1.32018945775274	0.00746987689831427	0.133197959056774	4.46344954140897	cluster_1=8.720180;cluster_2=7.061688;cluster_3=9.214658;cluster_4=4.463450;cluster_5=8.084965;cluster_6=12.881625	0.71227621483376
STAB_CSY_IMPUTED	6	YX16194T	PDAC_033	Hybrid	2	0.866733049625037	0.957528957528958	0.306201890263729	0.312318991357861	0.246764252464405	3.81473638417228	cluster_1=9.051456;cluster_2=3.814736;cluster_3=9.009516;cluster_4=5.904352;cluster_5=9.313298;cluster_6=11.582751	0.957528957528958
STAB_CSY_IMPUTED	6	YX16202T	PDAC_034	Basal	5	0.923080352337059	0.942786069651741	0.383380140903922	0.210301630566535	0.248385843410712	8.48982036351685	cluster_1=12.449627;cluster_2=10.212836;cluster_3=12.439870;cluster_4=9.533682;cluster_5=8.489820;cluster_6=14.724665	0.942786069651741
STAB_CSY_IMPUTED	6	YX16203T	PDAC_035	Hybrid	2	0.764234122198827	0.823232323232323	0.926387486918275	0.0281805380939522	0.250587102135435	5.08184041885683	cluster_1=7.369067;cluster_2=5.081840;cluster_3=7.807009;cluster_4=3.903252;cluster_5=8.628083;cluster_6=12.045382	0.823232323232323
STAB_CSY_IMPUTED	6	YX16207T	PDAC_036	Hybrid	2	0.870524248079286	0.946496815286624	0.348854019836683	0.30678631485885	0.253133078800159	4.01249738972139	cluster_1=7.052385;cluster_2=4.012497;cluster_3=8.063850;cluster_4=5.142004;cluster_5=9.110266;cluster_6=11.586457	0.946496815286624
STAB_CSY_IMPUTED	6	YX16218T	PDAC_037	Hybrid	2	0.64118348739202	0.665	1.29710436438236	0.0268712261606985	0.252961915531646	5.49294675729945	cluster_1=6.209211;cluster_2=5.492947;cluster_3=8.165068;cluster_4=6.525301;cluster_5=10.162468;cluster_6=12.041011	0.665
STAB_CSY_IMPUTED	6	YX16222T	PDAC_038	Classical	1	0.764815272057518	0.794307891332471	0.946783041876446	-0.00685564638314631	0.254804894383734	6.63147513381549	cluster_1=6.631475;cluster_2=8.576869;cluster_3=9.050861;cluster_4=8.623602;cluster_5=11.576273;cluster_6=12.354614	0.794307891332471
STAB_CSY_IMPUTED	6	YX16224T	PDAC_039	Hybrid	2	0.545525362432131	0.563543003851091	1.53270338424622	-0.103402342463487	0.222833731103861	5.95402059613497	cluster_1=6.933349;cluster_2=5.954021;cluster_3=7.772873;cluster_4=6.619691;cluster_5=10.062948;cluster_6=11.929786	0.563543003851091
STAB_CSY_IMPUTED	6	YX16227T	PDAC_040	Classical	1	0.851871528055541	0.911764705882353	0.540627749688653	0.112641905988271	0.265363269636157	6.65060403241141	cluster_1=6.650604;cluster_2=9.436416;cluster_3=9.645362;cluster_4=9.723589;cluster_5=12.613350;cluster_6=12.225410	0.911764705882353
STAB_CSY_IMPUTED	6	YX16236T	PDAC_041	Classical	1	0.814635284500021	0.908745247148289	0.579680500176474	0.15689764772691	0.25166532142527	6.88352216278263	cluster_1=6.883522;cluster_2=8.615482;cluster_3=11.354457;cluster_4=9.997597;cluster_5=12.343414;cluster_6=12.512834	0.908745247148289
STAB_CSY_IMPUTED	6	YX15047T	PDAC_042	Basal	5	0.673466788697255	0.68019680196802	1.38114366640844	0.133469502099304	0.178389466535169	11.7797543628819	cluster_1=14.238313;cluster_2=12.988326;cluster_3=14.079446;cluster_4=12.863034;cluster_5=11.779754;cluster_6=16.379353	0.68019680196802
STAB_CSY_IMPUTED	6	YX15106T	PDAC_043	Basal	5	0.974024588457305	1	0	0.421344413789753	0.258747531485111	7.66739590255098	cluster_1=14.064524;cluster_2=12.843609;cluster_3=14.080862;cluster_4=12.153966;cluster_5=7.667396;cluster_6=16.011875	1
STAB_CSY_IMPUTED	6	YX15166T	PDAC_044	Basal	5	0.97408932024396	1	0	0.389618044160906	0.258857492711043	5.71031393950507	cluster_1=10.076826;cluster_2=8.303247;cluster_3=10.553537;cluster_4=6.824011;cluster_5=5.710314;cluster_6=13.340884	1
STAB_CSY_IMPUTED	6	YX15187T	PDAC_045	Basal	5	0.973863858524718	1	0	0.389596329403939	0.258668560967747	9.27443458183685	cluster_1=14.972419;cluster_2=13.990032;cluster_3=15.358184;cluster_4=13.547804;cluster_5=9.274435;cluster_6=16.362258	1
STAB_CSY_IMPUTED	6	YX15211T	PDAC_046	Hybrid	4	0.488125570493409	0.417185554171856	1.62897722406407	0.103243475638647	0.164088937352491	3.00790352491387	cluster_1=7.314839;cluster_2=5.113058;cluster_3=8.464137;cluster_4=3.007904;cluster_5=7.768230;cluster_6=12.013721	0.424657534246575
STAB_CSY_IMPUTED	6	YX15214T	PDAC_047	Basal	5	0.974201795406125	1	0	0.335457336826574	0.258699038943001	18.8339963345424	cluster_1=24.445408;cluster_2=23.883611;cluster_3=24.844128;cluster_4=23.519134;cluster_5=18.833996;cluster_6=25.575178	1
STAB_CSY_IMPUTED	6	YX16009T	PDAC_048	Hybrid	4	0.652065267645126	0.710765239948119	1.15305370965333	0.229004644841265	0.154028413156868	3.07789514919546	cluster_1=8.683163;cluster_2=5.871514;cluster_3=8.502164;cluster_4=3.077895;cluster_5=8.336016;cluster_6=12.679729	0.710765239948119
STAB_CSY_IMPUTED	6	YX16011T	PDAC_049	Basal	5	0.973979544769846	1	0	0.38687447427471	0.258576516728426	8.1880046078091	cluster_1=13.492946;cluster_2=12.485536;cluster_3=14.287668;cluster_4=11.866713;cluster_5=8.188005;cluster_6=15.571285	1
STAB_CSY_IMPUTED	6	YX16068T	PDAC_050	Basal	5	0.975668820892469	1	0	0.44312861673415	0.259050521973918	5.54563544212613	cluster_1=10.930497;cluster_2=9.606152;cluster_3=12.068731;cluster_4=9.629757;cluster_5=5.545635;cluster_6=13.582928	1
STAB_CSY_IMPUTED	6	YX16070T	PDAC_051	Basal	5	0.97380351302918	1	0	0.253037498348512	0.258803997169297	6.68105125435373	cluster_1=9.983297;cluster_2=8.523069;cluster_3=11.080234;cluster_4=8.399769;cluster_5=6.681051;cluster_6=12.491728	1
STAB_CSY_IMPUTED	6	YX16075T	PDAC_052	Hybrid	4	0.528057755816221	0.287299630086313	1.09824782009707	-0.0364291261369008	0.233785128104484	4.55861934630393	cluster_1=8.064551;cluster_2=5.633726;cluster_3=8.021816;cluster_4=4.558619;cluster_5=9.595241;cluster_6=11.724128	0.672009864364982
STAB_CSY_IMPUTED	6	YX16079T	PDAC_053	Basal	5	0.974448000574285	0.998745294855709	0.0139024159318212	0.251030281834048	0.258866074312207	9.28823480274805	cluster_1=12.171947;cluster_2=12.080192;cluster_3=13.504798;cluster_4=11.874531;cluster_5=9.288235;cluster_6=14.698798	0.998745294855709
STAB_CSY_IMPUTED	6	YX16087T	PDAC_054	Basal	5	0.972772301166646	1	0	0.419722660343694	0.258190413145704	9.25096391509606	cluster_1=15.558208;cluster_2=14.361221;cluster_3=16.058640;cluster_4=13.909344;cluster_5=9.250964;cluster_6=16.601893	1
STAB_CSY_IMPUTED	6	YX16094T	PDAC_055	Basal	5	0.971128758404818	1	0	0.307973219576877	0.258069642101423	10.1626680228369	cluster_1=14.147446;cluster_2=13.943718;cluster_3=15.356019;cluster_4=13.335969;cluster_5=10.162668;cluster_6=16.862757	1
STAB_CSY_IMPUTED	6	YX16172T	PDAC_056	Basal	5	0.973212114517444	1	0	0.26739222415787	0.258817760439939	5.72130043053559	cluster_1=10.084095;cluster_2=7.760078;cluster_3=10.247381;cluster_4=6.193707;cluster_5=5.721300;cluster_6=13.134502	1
STAB_CSY_IMPUTED	6	YX16295T	PDAC_057	Basal	5	0.976346002692159	1	0	0.501978685829229	0.259415671268546	6.98100517065924	cluster_1=13.637676;cluster_2=12.474211;cluster_3=14.439656;cluster_4=12.271266;cluster_5=6.981005;cluster_6=15.897975	1
STAB_CSY_IMPUTED	6	YX16327T	PDAC_058	Basal	5	0.972160398965339	1	0	0.237367636654458	0.258397269271343	10.7851080849611	cluster_1=14.272313;cluster_2=12.797894;cluster_3=14.917138;cluster_4=13.200949;cluster_5=10.785108;cluster_6=16.563840	1
STAB_CSY_IMPUTED	6	YX16335T	PDAC_059	Classical	1	0.881696892992356	0.998717948717949	0.0141655130187898	0.137853063882915	0.265748353701223	4.60729775818086	cluster_1=4.607298;cluster_2=7.583538;cluster_3=8.263125;cluster_4=7.631022;cluster_5=9.797420;cluster_6=10.617561	0.998717948717949
STAB_CSY_IMPUTED	6	YX16341T	PDAC_060	Basal	5	0.973682820122173	1	0	0.462443653471646	0.258680723152886	6.04570040045521	cluster_1=12.695026;cluster_2=10.629035;cluster_3=13.012202;cluster_4=10.215733;cluster_5=6.045700;cluster_6=14.363037	1
STAB_CSY_IMPUTED	6	YX16343T	PDAC_061	Hybrid	2	0.744942367879197	0.804097311139565	1.01934468081974	0.123846942153115	0.208229680178787	20.6017977881177	cluster_1=24.164204;cluster_2=20.601798;cluster_3=24.724829;cluster_4=23.491368;cluster_5=23.527026;cluster_6=24.716885	0.804097311139565
STAB_CSY_IMPUTED	6	YX16347T	PDAC_062	Classical	6	NA	0.78894472361809	0.902463897043895	0	0.0499258922550754	0	cluster_1=10.908176;cluster_2=11.030323;cluster_3=12.056866;cluster_4=11.800555;cluster_5=12.831741;cluster_6=0.000000	0.78894472361809
STAB_HVG_VAR_FILTER	2	YX15261T	PDAC_001	Classical	1	0.94468165840624	0.940880503144654	0.323939689134232	0.148145708352048	0.660522195202477	19.4287553581684	cluster_1=19.428755;cluster_2=30.186345	0.940880503144654
STAB_HVG_VAR_FILTER	2	YX15263T	PDAC_002	Classical	1	0.94137638521058	0.936548223350254	0.340997454023244	0.0692340414584635	0.660335540690889	19.5498354470023	cluster_1=19.549835;cluster_2=26.760233	0.936548223350254
STAB_HVG_VAR_FILTER	2	YX15271T	PDAC_003	Hybrid	2	0.980759058353833	0.993686868686869	0.0552118686290684	0.447095052127649	0.354473008874491	12.6191560363348	cluster_1=30.307496;cluster_2=12.619156	0.993686868686869
STAB_HVG_VAR_FILTER	2	YX16036T	PDAC_004	Hybrid	2	0.977489359795719	0.988833746898263	0.088429144578356	0.35076488897544	0.353971361998998	14.5259287311974	cluster_1=26.387581;cluster_2=14.525929	0.988833746898263
STAB_HVG_VAR_FILTER	2	YX16041T	PDAC_005	Classical	1	0.734140266168971	0.696382428940568	0.885668140037982	-0.165065863336949	0.600666596041017	24.9924284240202	cluster_1=24.992428;cluster_2=22.412590	0.696382428940568
STAB_HVG_VAR_FILTER	2	YX16057T	PDAC_006	Classical	2	0.962959742404263	0.968233799237611	0.20317336856431	0.255207299370274	0.365079166986049	17.2989075124568	cluster_1=24.404141;cluster_2=17.298908	0.968233799237611
STAB_HVG_VAR_FILTER	2	YX16062T	PDAC_007	Classical	1	0.947061792688908	0.947096774193548	0.298603930127716	0.142037681612027	0.661631581277275	19.3027565243221	cluster_1=19.302757;cluster_2=29.708677	0.947096774193548
STAB_HVG_VAR_FILTER	2	YX16112T	PDAC_008	Classical	1	0.903712622784892	0.88621997471555	0.511213412777321	-0.0249697459448572	0.652836607989868	19.7812326017371	cluster_1=19.781233;cluster_2=23.617576	0.88621997471555
STAB_HVG_VAR_FILTER	2	YX16113T	PDAC_009	Hybrid	1	0.940407499467321	0.940414507772021	0.325797275916348	0.105303135121623	0.658392676508375	22.7720132330405	cluster_1=22.772013;cluster_2=31.421567	0.940414507772021
STAB_HVG_VAR_FILTER	2	YX16119T	PDAC_010	Classical	2	0.885143801380774	0.878824969400245	0.532729049451886	0.246725862714724	0.406613058188425	17.3041873061	cluster_1=24.041207;cluster_2=17.304187	0.878824969400245
STAB_HVG_VAR_FILTER	2	YX16120T	PDAC_011	Classical	1	0.935832106053899	0.924528301886792	0.386018900569893	-0.00512512575333437	0.660972348634494	18.8845852316713	cluster_1=18.884585;cluster_2=23.705982	0.924528301886792
STAB_HVG_VAR_FILTER	2	YX16127T	PDAC_012	Classical	1	0.945536750963239	0.946450809464508	0.30128650530846	0.224089630263659	0.660066827630499	16.9855997659077	cluster_1=16.985600;cluster_2=31.454222	0.946450809464508
STAB_HVG_VAR_FILTER	2	YX16128T	PDAC_013	Classical	2	0.959117591810909	0.966537966537967	0.211467152751486	0.289236153642188	0.368238205020301	15.9702254421963	cluster_1=24.655236;cluster_2=15.970225	0.966537966537967
STAB_HVG_VAR_FILTER	2	YX16130T	PDAC_014	Hybrid	2	0.980973134755125	0.995024875621891	0.045224636676715	0.370255375641663	0.349404441881715	15.7851290206685	cluster_1=29.528465;cluster_2=15.785129	0.995024875621891
STAB_HVG_VAR_FILTER	2	YX16132T	PDAC_015	Hybrid	2	0.962671741772235	0.97	0.194391857831576	0.28911181031601	0.364164051796636	15.5112279068332	cluster_1=23.994980;cluster_2=15.511228	0.97
STAB_HVG_VAR_FILTER	2	YX16135T	PDAC_016	Hybrid	2	0.977776710493699	0.992490613266583	0.0637873873239944	0.440050535408171	0.354340182000947	14.4268587562661	cluster_1=32.518429;cluster_2=14.426859	0.992490613266583
STAB_HVG_VAR_FILTER	2	YX16139T	PDAC_017	Classical	1	0.945369865458546	0.944091486658196	0.310984421669852	0.0766313183530555	0.659860343760275	17.491283836599	cluster_1=17.491284;cluster_2=25.529997	0.944091486658196
STAB_HVG_VAR_FILTER	2	YX16141T	PDAC_018	Hybrid	1	0.948998480201116	0.951282051282051	0.280925730463082	0.0914946607467568	0.66066951998456	17.8181488461759	cluster_1=17.818149;cluster_2=26.457858	0.951282051282051
STAB_HVG_VAR_FILTER	2	YX16144T	PDAC_019	Hybrid	2	0.978747301867474	0.994962216624685	0.0457030233130743	0.34913873535962	0.357210105245984	16.1735888283187	cluster_1=28.510337;cluster_2=16.173589	0.994962216624685
STAB_HVG_VAR_FILTER	2	YX16147T	PDAC_020	Classical	1	0.943178570765964	0.942675159235669	0.316732703502676	0.00331145923309562	0.659687218370459	23.6939726604718	cluster_1=23.693973;cluster_2=28.070130	0.942675159235669
STAB_HVG_VAR_FILTER	2	YX16153T	PDAC_021	Classical	1	0.94383553867388	0.941935483870968	0.319713369084152	0.08832213515049	0.659687007710457	19.2951358954762	cluster_1=19.295136;cluster_2=27.175785	0.941935483870968
STAB_HVG_VAR_FILTER	2	YX16155T	PDAC_022	Hybrid	1	0.943501573308954	0.941326530612245	0.322156425172358	0.175877393694557	0.660453885369028	17.9256155882248	cluster_1=17.925616;cluster_2=29.869608	0.941326530612245
STAB_HVG_VAR_FILTER	2	YX16158T	PDAC_023	Hybrid	1	0.939168302511304	0.93974358974359	0.328461932299697	0.00859921033809955	0.657723704292736	31.3979000630037	cluster_1=31.397900;cluster_2=35.147923	0.93974358974359
STAB_HVG_VAR_FILTER	2	YX16159T	PDAC_024	Hybrid	2	0.979029669513173	0.994930291508238	0.0459463285856934	0.363434786388942	0.351388641366734	15.7909768801457	cluster_1=28.630266;cluster_2=15.790977	0.994930291508238
STAB_HVG_VAR_FILTER	2	YX16160T	PDAC_025	Basal	1	0.944840348657669	0.953164556962025	0.272798926993284	0.0501618250064994	0.658374268006893	26.1333718988697	cluster_1=26.133372;cluster_2=32.118430	0.953164556962025
STAB_HVG_VAR_FILTER	2	YX16161T	PDAC_026	Hybrid	2	0.977926658635977	0.993662864385298	0.055386992851532	0.411913661002301	0.352801904609667	14.4826431150763	cluster_1=30.282081;cluster_2=14.482643	0.993662864385298
STAB_HVG_VAR_FILTER	2	YX16166T	PDAC_027	Classical	1	0.94303400063952	0.940667490729295	0.324789512033422	0.136506822605492	0.660563856043233	16.6373010689992	cluster_1=16.637301;cluster_2=26.993209	0.940667490729295
STAB_HVG_VAR_FILTER	2	YX16177T	PDAC_028	Classical	1	0.937001775928065	0.930261519302615	0.364946953446597	0.037133887975412	0.65989155711637	22.3109596949075	cluster_1=22.310960;cluster_2=28.052246	0.930261519302615
STAB_HVG_VAR_FILTER	2	YX16178T	PDAC_029	Classical	1	0.945065718751443	0.951492537313433	0.280022613088955	0.180369873951379	0.657884170836009	18.8970899190682	cluster_1=18.897090;cluster_2=31.104849	0.951492537313433
STAB_HVG_VAR_FILTER	2	YX16180T	PDAC_030	Hybrid	2	0.979132822626243	0.995037220843672	0.0451302493507391	0.410969465279461	0.349922599027114	13.191580469659	cluster_1=28.530227;cluster_2=13.191580	0.995037220843672
STAB_HVG_VAR_FILTER	2	YX16185T	PDAC_031	Classical	1	0.944963715218689	0.945569620253165	0.30492679781668	0.141587210781767	0.659785626033352	21.0387873453263	cluster_1=21.038787;cluster_2=31.318941	0.945569620253165
STAB_HVG_VAR_FILTER	2	YX16188T	PDAC_032	Hybrid	1	0.941583912561815	0.941028858218319	0.323347124697772	0.0295408906779278	0.658980095125559	22.3597739844128	cluster_1=22.359774;cluster_2=28.010273	0.941028858218319
STAB_HVG_VAR_FILTER	2	YX16194T	PDAC_033	Hybrid	2	0.979251389208442	0.996296296296296	0.0352475395407127	0.387431758217749	0.350865966879521	15.6135635557966	cluster_1=30.108496;cluster_2=15.613564	0.996296296296296
STAB_HVG_VAR_FILTER	2	YX16202T	PDAC_034	Basal	1	0.930478912677568	0.987789987789988	0.0951116344069115	0.181108641925055	0.636743689112663	23.2936382072178	cluster_1=23.293638;cluster_2=35.372985	0.987789987789988
STAB_HVG_VAR_FILTER	2	YX16203T	PDAC_035	Hybrid	2	0.985392608389326	0.98974358974359	0.0824882204535105	0.347793643036103	0.358678464778976	13.6157199248287	cluster_1=24.970332;cluster_2=13.615720	0.98974358974359
STAB_HVG_VAR_FILTER	2	YX16207T	PDAC_036	Hybrid	2	0.978891747325615	0.993678887484197	0.0552701104529417	0.442128710291506	0.35121389594285	13.0704554699861	cluster_1=30.757460;cluster_2=13.070455	0.993678887484197
STAB_HVG_VAR_FILTER	2	YX16218T	PDAC_037	Hybrid	2	0.979108068684568	0.996134020618557	0.0365522670117791	0.374264299616094	0.351983483236797	15.4265352389373	cluster_1=29.325893;cluster_2=15.426535	0.996134020618557
STAB_HVG_VAR_FILTER	2	YX16222T	PDAC_038	Classical	2	0.829100790883693	0.811630847029077	0.698047360728948	0.183168371651472	0.43613484734505	18.6336858499346	cluster_1=22.450936;cluster_2=18.633686	0.811630847029077
STAB_HVG_VAR_FILTER	2	YX16224T	PDAC_039	Hybrid	2	0.980462305351293	0.99620253164557	0.0360026529675599	0.430703712671932	0.349686658210221	14.2604815155097	cluster_1=31.685057;cluster_2=14.260482	0.99620253164557
STAB_HVG_VAR_FILTER	2	YX16227T	PDAC_040	Classical	1	0.715000438214437	0.672611464968153	0.912235972232378	-0.153243883041405	0.593697739996351	23.7879238037212	cluster_1=23.787924;cluster_2=21.966099	0.672611464968153
STAB_HVG_VAR_FILTER	2	YX16236T	PDAC_041	Classical	1	0.909756057044608	0.888466413181242	0.504524459745361	-0.109110187993131	0.655804364037978	21.9849281440778	cluster_1=21.984928;cluster_2=22.272331	0.888466413181242
STAB_HVG_VAR_FILTER	2	YX15047T	PDAC_042	Basal	1	0.929209985953671	0.989730423620026	0.0825750052446069	0.222799020912369	0.635703446416651	17.2274856412459	cluster_1=17.227486;cluster_2=31.755306	0.989730423620026
STAB_HVG_VAR_FILTER	2	YX15106T	PDAC_043	Basal	1	0.927694250761769	0.991139240506329	0.0731423647944804	0.288158378211865	0.630213235194301	22.5434433400942	cluster_1=22.543443;cluster_2=40.240481	0.991139240506329
STAB_HVG_VAR_FILTER	2	YX15166T	PDAC_044	Basal	1	0.91827358640985	0.991150442477876	0.0730661193138456	0.267645705402409	0.622900481979165	21.9537238123257	cluster_1=21.953724;cluster_2=38.491883	0.991150442477876
STAB_HVG_VAR_FILTER	2	YX15187T	PDAC_045	Basal	1	0.917544544407065	0.99234693877551	0.0647977632432896	0.30409481571463	0.62281773653653	21.3216000238053	cluster_1=21.321600;cluster_2=39.819591	0.99234693877551
STAB_HVG_VAR_FILTER	2	YX15211T	PDAC_046	Hybrid	1	0.746309654443646	0.71039603960396	0.868209106149862	-0.0844636435467088	0.60370611382907	18.0452740964129	cluster_1=18.045274;cluster_2=20.293772	0.71039603960396
STAB_HVG_VAR_FILTER	2	YX15214T	PDAC_047	Basal	1	0.916985706612777	0.990967741935484	0.0743071001509532	0.26448828212169	0.622517568860482	21.3714313521643	cluster_1=21.371431;cluster_2=37.633968	0.990967741935484
STAB_HVG_VAR_FILTER	2	YX16009T	PDAC_048	Hybrid	2	0.981315049638408	0.995024875621891	0.045224636676715	0.340456574458222	0.353470104008347	15.3956875823005	cluster_1=26.614972;cluster_2=15.395688	0.995024875621891
STAB_HVG_VAR_FILTER	2	YX16011T	PDAC_049	Basal	1	0.914440187923111	0.991325898389095	0.0718691801623119	0.297317178206368	0.620807338344412	21.0846523781953	cluster_1=21.084652;cluster_2=39.274888	0.991325898389095
STAB_HVG_VAR_FILTER	2	YX16068T	PDAC_050	Basal	1	0.921626929243462	0.992405063291139	0.064389485101617	0.306936299430931	0.625741738362278	21.608107262388	cluster_1=21.608107;cluster_2=40.533971	0.992405063291139
STAB_HVG_VAR_FILTER	2	YX16070T	PDAC_051	Basal	1	0.7547768486767	0.716129032258065	0.860671809242606	-0.11250725239186	0.607262999507503	21.8110050355196	cluster_1=21.811005;cluster_2=22.287885	0.716129032258065
STAB_HVG_VAR_FILTER	2	YX16075T	PDAC_052	Hybrid	2	0.978705774008847	0.996216897856242	0.0358871773646455	0.383109472294015	0.352897640829148	15.6211549028543	cluster_1=30.078393;cluster_2=15.621155	0.996216897856242
STAB_HVG_VAR_FILTER	2	YX16079T	PDAC_053	Basal	1	0.913788209595268	0.99078947368421	0.0755127877752042	0.29565110701018	0.620669204029816	20.5234784162985	cluster_1=20.523478;cluster_2=38.827624	0.99078947368421
STAB_HVG_VAR_FILTER	2	YX16087T	PDAC_054	Basal	1	0.918264938199294	0.991060025542784	0.07368094940903	0.296314673089896	0.623437899388691	21.0708276070626	cluster_1=21.070828;cluster_2=39.054741	0.991060025542784
STAB_HVG_VAR_FILTER	2	YX16094T	PDAC_055	Basal	1	0.941022373830301	0.963197969543147	0.227432390396683	0.178936517296743	0.651882684130898	18.6441962593344	cluster_1=18.644196;cluster_2=30.716215	0.963197969543147
STAB_HVG_VAR_FILTER	2	YX16172T	PDAC_056	Basal	1	0.817682369257977	0.789539227895392	0.74236256625944	-0.035702531623273	0.625881468051185	19.8512633295202	cluster_1=19.851263;cluster_2=23.452139	0.789539227895392
STAB_HVG_VAR_FILTER	2	YX16295T	PDAC_057	Basal	1	0.917871195946893	0.99234693877551	0.0647977632432896	0.321173178625654	0.623086222490372	22.5272084942515	cluster_1=22.527208;cluster_2=42.203979	0.99234693877551
STAB_HVG_VAR_FILTER	2	YX16327T	PDAC_058	Basal	1	0.930829929857194	0.997496871088861	0.0252388976208353	0.188828549757584	0.632294090768746	19.8126259222349	cluster_1=19.812626;cluster_2=32.279278	0.997496871088861
STAB_HVG_VAR_FILTER	2	YX16335T	PDAC_059	Classical	1	0.943590688583103	0.938802083333333	0.332181960445789	0.176636170314223	0.661124982929059	15.7896129734957	cluster_1=15.789613;cluster_2=28.016010	0.938802083333333
STAB_HVG_VAR_FILTER	2	YX16341T	PDAC_060	Basal	1	0.918735297712365	0.992395437262357	0.064457144787588	0.26385759693056	0.623658815547315	20.2522897626345	cluster_1=20.252290;cluster_2=36.514835	0.992395437262357
STAB_HVG_VAR_FILTER	2	YX16343T	PDAC_061	Hybrid	1	0.915332908842432	0.991183879093199	0.0728384123459868	0.283642721520835	0.621473395658817	19.3073736236553	cluster_1=19.307374;cluster_2=36.821207	0.991183879093199
STAB_HVG_VAR_FILTER	2	YX16347T	PDAC_062	Classical	1	0.946388081188099	0.947916666666667	0.295181743090759	0.139699605745511	0.660971240871439	19.0379978946082	cluster_1=19.037998;cluster_2=29.323589	0.947916666666667
STAB_HVG_VAR_FILTER	3	YX15261T	PDAC_001	Classical	1	0.913672392772551	0.99622641509434	0.0358106343161023	0.0769087404303496	0.430741670921241	19.1766498658839	cluster_1=19.176650;cluster_2=30.186345;cluster_3=25.189452	0.99622641509434
STAB_HVG_VAR_FILTER	3	YX15263T	PDAC_002	Classical	1	0.907234000665049	0.99746192893401	0.0255403920765987	0.137242579861804	0.427479415848986	17.4063351138308	cluster_1=17.406335;cluster_2=26.760233;cluster_3=27.896127	0.99746192893401
STAB_HVG_VAR_FILTER	3	YX15271T	PDAC_003	Hybrid	2	0.97054923243326	1	0	0.393622426175553	0.323394745318353	12.6191560363348	cluster_1=26.792918;cluster_2=12.619156;cluster_3=39.464904	1
STAB_HVG_VAR_FILTER	3	YX16036T	PDAC_004	Hybrid	2	0.968684395797432	0.991315136476427	0.0719427442800063	0.284718362788116	0.326691010863516	14.5259287311974	cluster_1=23.019370;cluster_2=14.525929;cluster_3=35.590691	0.991315136476427
STAB_HVG_VAR_FILTER	3	YX16041T	PDAC_005	Classical	1	0.723650973563389	0.760981912144703	0.793403577292138	-0.0719008687840107	0.420185192045265	21.1950498697902	cluster_1=21.195050;cluster_2=22.412590;cluster_3=34.827731	0.760981912144703
STAB_HVG_VAR_FILTER	3	YX16057T	PDAC_006	Classical	2	0.944909138621676	0.95425667090216	0.268032033531449	0.18228240940396	0.336909340460827	17.2989075124568	cluster_1=21.350697;cluster_2=17.298908;cluster_3=33.354887	0.95425667090216
STAB_HVG_VAR_FILTER	3	YX16062T	PDAC_007	Classical	1	0.911607236696056	0.998709677419355	0.0142449243476986	0.115773495413042	0.430711801504435	18.3976938735925	cluster_1=18.397694;cluster_2=29.708677;cluster_3=26.046221	0.998709677419355
STAB_HVG_VAR_FILTER	3	YX16112T	PDAC_008	Classical	1	0.878086768875515	0.950695322376738	0.2919181297668	0.0660075194426491	0.430886016076981	16.6789995171835	cluster_1=16.679000;cluster_2=23.617576;cluster_3=29.241753	0.950695322376738
STAB_HVG_VAR_FILTER	3	YX16113T	PDAC_009	Hybrid	1	0.883933346713112	0.94300518134715	0.315398113324179	0.0861031129406988	0.426475881414629	22.1711939557259	cluster_1=22.171194;cluster_2=31.421567;cluster_3=28.462902	0.94300518134715
STAB_HVG_VAR_FILTER	3	YX16119T	PDAC_010	Classical	2	0.847713705489036	0.839657282741738	0.635128813071075	0.164375555971231	0.357868571452724	17.3041873061	cluster_1=20.488849;cluster_2=17.304187;cluster_3=33.644014	0.839657282741738
STAB_HVG_VAR_FILTER	3	YX16120T	PDAC_011	Classical	1	0.907762142377118	0.988679245283019	0.0894269875449938	0.0640546110437415	0.431936845492526	16.7915266317277	cluster_1=16.791527;cluster_2=23.705982;cluster_3=27.267905	0.988679245283019
STAB_HVG_VAR_FILTER	3	YX16127T	PDAC_012	Classical	1	0.911727123261837	0.998754669987547	0.013812020584754	0.0112269662622962	0.429390797030524	17.9328909278217	cluster_1=17.932891;cluster_2=31.454222;cluster_3=21.445777	0.998754669987547
STAB_HVG_VAR_FILTER	3	YX16128T	PDAC_013	Classical	2	0.935619785378875	0.940797940797941	0.324269214894384	0.211932100893448	0.340143603561731	15.9702254421963	cluster_1=21.128127;cluster_2=15.970225;cluster_3=34.182059	0.940797940797941
STAB_HVG_VAR_FILTER	3	YX16130T	PDAC_014	Hybrid	2	0.973515778087124	0.997512437810945	0.0251043553370803	0.309928486849165	0.323153430539567	15.7851290206685	cluster_1=26.219014;cluster_2=15.785129;cluster_3=38.451061	0.997512437810945
STAB_HVG_VAR_FILTER	3	YX16132T	PDAC_015	Hybrid	2	0.94120640360592	0.94625	0.302118004310488	0.209465559877062	0.338934153414179	15.5112279068332	cluster_1=20.353099;cluster_2=15.511228;cluster_3=33.709742	0.94625
STAB_HVG_VAR_FILTER	3	YX16135T	PDAC_016	Hybrid	2	0.966940726334393	1	0	0.38770806704012	0.321292789659721	14.4268587562661	cluster_1=29.022561;cluster_2=14.426859;cluster_3=41.536650	1
STAB_HVG_VAR_FILTER	3	YX16139T	PDAC_017	Classical	1	0.91074843920233	1	0	0.129887722843706	0.427926190898634	15.9772179104847	cluster_1=15.977218;cluster_2=25.529997;cluster_3=25.394069	1
STAB_HVG_VAR_FILTER	3	YX16141T	PDAC_018	Hybrid	1	0.888504776667334	0.951282051282051	0.280925730463082	0.0713120387933841	0.430137348128794	17.7247542066507	cluster_1=17.724754;cluster_2=26.457858;cluster_3=23.700045	0.951282051282051
STAB_HVG_VAR_FILTER	3	YX16144T	PDAC_019	Hybrid	2	0.968066010179326	1	0	0.284899562880775	0.322823367690946	16.1735888283187	cluster_1=25.041925;cluster_2=16.173589;cluster_3=37.707939	1
STAB_HVG_VAR_FILTER	3	YX16147T	PDAC_020	Classical	1	0.873741364431445	0.927388535031847	0.37559441209486	0.0535611788150143	0.426017989273757	22.1872444162236	cluster_1=22.187244;cluster_2=28.070130;cluster_3=30.614246	0.927388535031847
STAB_HVG_VAR_FILTER	3	YX16153T	PDAC_021	Classical	1	0.905630936825969	1	0	0.158524047525765	0.425971729980208	17.0463145324381	cluster_1=17.046315;cluster_2=27.175785;cluster_3=27.808629	1
STAB_HVG_VAR_FILTER	3	YX16155T	PDAC_022	Hybrid	1	0.909602610489994	0.998724489795918	0.0141026586829572	0.123588355161732	0.428671118322378	17.0944646544215	cluster_1=17.094465;cluster_2=29.869608;cluster_3=24.841665	0.998724489795918
STAB_HVG_VAR_FILTER	3	YX16158T	PDAC_023	Hybrid	1	0.824392093742549	0.869230769230769	0.569938939692723	0.024614235804843	0.414945445030218	31.1902322223817	cluster_1=31.190232;cluster_2=35.147923;cluster_3=35.346710	0.869230769230769
STAB_HVG_VAR_FILTER	3	YX16159T	PDAC_024	Hybrid	2	0.970020627242233	1	0	0.312688146069059	0.323317464566355	15.7909768801457	cluster_1=25.970755;cluster_2=15.790977;cluster_3=36.710800	1
STAB_HVG_VAR_FILTER	3	YX16160T	PDAC_025	Basal	1	0.830929968398634	0.874683544303797	0.544452186664253	0.0264684670106213	0.417722177749527	26.3618331409641	cluster_1=26.361833;cluster_2=32.118430;cluster_3=29.942171	0.874683544303797
STAB_HVG_VAR_FILTER	3	YX16161T	PDAC_026	Hybrid	2	0.96689225543611	1	0	0.35672280215474	0.321387019187855	14.4826431150763	cluster_1=26.901686;cluster_2=14.482643;cluster_3=39.257848	1
STAB_HVG_VAR_FILTER	3	YX16166T	PDAC_027	Classical	1	0.908392463199563	1	0	0.132734494725615	0.427610921092237	15.748479459377	cluster_1=15.748479;cluster_2=26.993209;cluster_3=23.915201	1
STAB_HVG_VAR_FILTER	3	YX16177T	PDAC_028	Classical	1	0.906184457840855	0.993773349937733	0.0545798393107532	0.112990702010876	0.429185094990303	19.5938096580412	cluster_1=19.593810;cluster_2=28.052246;cluster_3=31.033348	0.993773349937733
STAB_HVG_VAR_FILTER	3	YX16178T	PDAC_029	Classical	1	0.899739756416662	0.982587064676617	0.126657468629508	0.0464833400830097	0.426291686685364	19.2285830520988	cluster_1=19.228583;cluster_2=31.104849;cluster_3=23.861892	0.982587064676617
STAB_HVG_VAR_FILTER	3	YX16180T	PDAC_030	Hybrid	2	0.969979224104037	1	0	0.349831316797515	0.321823822006715	13.191580469659	cluster_1=24.858218;cluster_2=13.191580;cluster_3=37.995081	1
STAB_HVG_VAR_FILTER	3	YX16185T	PDAC_031	Classical	1	0.908583895028527	0.99873417721519	0.0140094815193782	0.0709170072331905	0.428421030812412	20.8293599462312	cluster_1=20.829360;cluster_2=31.318941;cluster_3=26.414654	0.99873417721519
STAB_HVG_VAR_FILTER	3	YX16188T	PDAC_032	Hybrid	1	0.854649046203481	0.900878293601004	0.466205269836216	0.0517010751811146	0.423314637918952	22.1177025226516	cluster_1=22.117703;cluster_2=28.010273;cluster_3=27.551037	0.900878293601004
STAB_HVG_VAR_FILTER	3	YX16194T	PDAC_033	Hybrid	2	0.97054240250567	1	0	0.339246620871437	0.323826165855282	15.6135635557966	cluster_1=27.428590;cluster_2=15.613564;cluster_3=38.111365	1
STAB_HVG_VAR_FILTER	3	YX16202T	PDAC_034	Basal	3	0.56769939204377	0.556776556776557	0.990678629001717	0.108464585255582	0.332252064403763	22.4568179437938	cluster_1=26.086766;cluster_2=35.372985;cluster_3=22.456818	0.556776556776557
STAB_HVG_VAR_FILTER	3	YX16203T	PDAC_035	Hybrid	2	0.971449193572179	0.980769230769231	0.137099478899818	0.27468436269084	0.333686763594343	13.6157199248287	cluster_1=21.197552;cluster_2=13.615720;cluster_3=34.777101	0.980769230769231
STAB_HVG_VAR_FILTER	3	YX16207T	PDAC_036	Hybrid	2	0.968784374298676	1	0	0.382531916858574	0.32235836457498	13.0704554699861	cluster_1=26.790122;cluster_2=13.070455;cluster_3=40.499500	1
STAB_HVG_VAR_FILTER	3	YX16218T	PDAC_037	Hybrid	2	0.968839239911902	1	0	0.30625713110994	0.322132508915524	15.4265352389373	cluster_1=25.459722;cluster_2=15.426535;cluster_3=39.002511	1
STAB_HVG_VAR_FILTER	3	YX16222T	PDAC_038	Classical	2	0.795703302599178	0.780025284450063	0.760121331612021	0.0869133140380176	0.370215152549632	18.6336858499346	cluster_1=18.623659;cluster_2=18.633686;cluster_3=32.496446	0.780025284450063
STAB_HVG_VAR_FILTER	3	YX16224T	PDAC_039	Hybrid	2	0.972618613781911	1	0	0.371232374613366	0.323823210644951	14.2604815155097	cluster_1=27.731755;cluster_2=14.260482;cluster_3=41.367798	1
STAB_HVG_VAR_FILTER	3	YX16227T	PDAC_040	Classical	1	0.707714747940396	0.74140127388535	0.824624460643688	-0.0587833119828524	0.41880382131685	20.113622904193	cluster_1=20.113623;cluster_2=21.966099;cluster_3=33.556624	0.74140127388535
STAB_HVG_VAR_FILTER	3	YX16236T	PDAC_041	Classical	1	0.885469495321975	0.961977186311787	0.233152238925253	-0.0179453840386645	0.429999153784969	18.7329302238063	cluster_1=18.732930;cluster_2=22.272331;cluster_3=31.396378	0.961977186311787
STAB_HVG_VAR_FILTER	3	YX15047T	PDAC_042	Basal	3	0.686794247555712	0.676508344030809	0.908138165513799	0.0440742985669297	0.304781340625927	19.2031071876271	cluster_1=19.482892;cluster_2=31.755306;cluster_3=19.203107	0.676508344030809
STAB_HVG_VAR_FILTER	3	YX15106T	PDAC_043	Basal	3	0.918077650495029	0.99873417721519	0.0140094815193782	0.292696756671243	0.210957831450273	15.8009139566374	cluster_1=27.500167;cluster_2=40.240481;cluster_3=15.800914	0.99873417721519
STAB_HVG_VAR_FILTER	3	YX15166T	PDAC_044	Basal	3	0.920500094836181	1	0	0.256847522731843	0.21336743128576	16.679921238392	cluster_1=26.507026;cluster_2=38.491883;cluster_3=16.679921	1
STAB_HVG_VAR_FILTER	3	YX15187T	PDAC_045	Basal	3	0.916388994198657	1	0	0.318490543160271	0.211258331092187	13.7969976935328	cluster_1=26.561640;cluster_2=39.819591;cluster_3=13.796998	1
STAB_HVG_VAR_FILTER	3	YX15211T	PDAC_046	Hybrid	1	0.724283581939195	0.725247524752475	0.964026667608904	-0.0289408847605848	0.430307311465017	16.6127092331313	cluster_1=16.612709;cluster_2=20.293772;cluster_3=25.739041	0.725247524752475
STAB_HVG_VAR_FILTER	3	YX15214T	PDAC_047	Basal	3	0.920120349818331	0.998709677419355	0.0142449243476986	0.235489238073928	0.213298896231272	16.9085633722741	cluster_1=25.708767;cluster_2=37.633968;cluster_3=16.908563	0.998709677419355
STAB_HVG_VAR_FILTER	3	YX16009T	PDAC_048	Hybrid	2	0.972326979279521	1	0	0.28357011559794	0.324232632773177	15.3956875823005	cluster_1=23.796611;cluster_2=15.395688;cluster_3=35.072490	1
STAB_HVG_VAR_FILTER	3	YX16011T	PDAC_049	Basal	3	0.922302122133834	0.998760842627014	0.0137524481680633	0.278839249255507	0.212829324520245	15.0748455963418	cluster_1=25.922996;cluster_2=39.274888;cluster_3=15.074846	0.998760842627014
STAB_HVG_VAR_FILTER	3	YX16068T	PDAC_050	Basal	3	0.921509906619058	1	0	0.241884766374942	0.213803473443151	16.8661458440264	cluster_1=26.017597;cluster_2=40.533971;cluster_3=16.866146	1
STAB_HVG_VAR_FILTER	3	YX16070T	PDAC_051	Basal	1	0.681084361460382	0.668387096774194	1.19299703641393	-0.0981658094590145	0.421767967493186	21.9635489489523	cluster_1=21.963549;cluster_2=22.287885;cluster_3=26.456220	0.668387096774194
STAB_HVG_VAR_FILTER	3	YX16075T	PDAC_052	Hybrid	2	0.96905983223242	1	0	0.322094305537529	0.323270305533923	15.6211549028543	cluster_1=26.491835;cluster_2=15.621155;cluster_3=39.345409	1
STAB_HVG_VAR_FILTER	3	YX16079T	PDAC_053	Basal	3	0.925912564652689	0.998684210526316	0.014488948804186	0.199098166429322	0.212827259364489	17.4523996287915	cluster_1=24.460376;cluster_2=38.827624;cluster_3=17.452400	0.998684210526316
STAB_HVG_VAR_FILTER	3	YX16087T	PDAC_054	Basal	3	0.91860727389187	1	0	0.292329787775275	0.211670443034734	14.6304908164033	cluster_1=26.033198;cluster_2=39.054741;cluster_3=14.630491	1
STAB_HVG_VAR_FILTER	3	YX16094T	PDAC_055	Basal	1	0.652003631147313	0.656091370558376	0.974128784595241	-0.116480948527688	0.382961839765651	21.1248935357313	cluster_1=21.124894;cluster_2=30.716215;cluster_3=19.694228	0.656091370558376
STAB_HVG_VAR_FILTER	3	YX16172T	PDAC_056	Basal	1	0.741444277593308	0.738480697384807	1.07385860076468	-0.0265474801329019	0.426182996157589	20.343915425201	cluster_1=20.343915;cluster_2=23.452139;cluster_3=24.331767	0.738480697384807
STAB_HVG_VAR_FILTER	3	YX16295T	PDAC_057	Basal	3	0.921257072692917	0.998724489795918	0.0141026586829572	0.336314667468886	0.211838749835113	14.1168090269228	cluster_1=27.934815;cluster_2=42.203979;cluster_3=14.116809	0.998724489795918
STAB_HVG_VAR_FILTER	3	YX16327T	PDAC_058	Basal	3	0.756607522315697	0.787234042553192	0.746736607483068	0.132473922438794	0.273949327672386	18.86430161773	cluster_1=23.014400;cluster_2=32.279278;cluster_3=18.864302	0.787234042553192
STAB_HVG_VAR_FILTER	3	YX16335T	PDAC_059	Classical	1	0.908110733781649	0.998697916666667	0.0143577055717423	0.111139321595047	0.429005509373106	15.3279543217536	cluster_1=15.327954;cluster_2=28.016010;cluster_3=22.707046	0.998697916666667
STAB_HVG_VAR_FILTER	3	YX16341T	PDAC_060	Basal	3	0.924826025597477	0.99873257287706	0.0140249200113997	0.239322621397749	0.216229191986904	15.8489418053457	cluster_1=24.666206;cluster_2=36.514835;cluster_3=15.848942	0.99873257287706
STAB_HVG_VAR_FILTER	3	YX16343T	PDAC_061	Hybrid	3	0.925153054457021	0.973551637279597	0.176255166019203	0.199322847155208	0.227157352096635	16.4109544393834	cluster_1=23.308489;cluster_2=36.821207;cluster_3=16.410954	0.973551637279597
STAB_HVG_VAR_FILTER	3	YX16347T	PDAC_062	Classical	1	0.910355337880371	0.997395833333333	0.0261087953116286	0.0853060659270631	0.430245025112264	18.7369424302518	cluster_1=18.736942;cluster_2=29.323589;cluster_3=24.955095	0.997395833333333
STAB_HVG_VAR_FILTER	4	YX15261T	PDAC_001	Classical	1	0.721379315317865	0.828930817610063	0.660144780913413	0.0526931574642267	0.307659000927198	20.0329799244049	cluster_1=20.032980;cluster_2=30.186345;cluster_3=25.574412;cluster_4=25.189452	0.828930817610063
STAB_HVG_VAR_FILTER	4	YX15263T	PDAC_002	Classical	1	0.822581654072192	0.987309644670051	0.0981424573394588	0.180613135492661	0.34159226141425	16.3258109358164	cluster_1=16.325811;cluster_2=26.760233;cluster_3=34.246562;cluster_4=27.896127	0.987309644670051
STAB_HVG_VAR_FILTER	4	YX15271T	PDAC_003	Hybrid	2	0.966449150451382	0.998737373737374	0.0139787127336774	0.391016884246677	0.32111666172931	12.6191560363348	cluster_1=27.488998;cluster_2=12.619156;cluster_3=31.130351;cluster_4=39.464904	0.998737373737374
STAB_HVG_VAR_FILTER	4	YX16036T	PDAC_004	Hybrid	2	0.963985741386606	0.988833746898263	0.0969624455195193	0.266982459781814	0.323803722897645	14.5259287311974	cluster_1=23.001400;cluster_2=14.525929;cluster_3=33.209828;cluster_4=35.590691	0.988833746898263
STAB_HVG_VAR_FILTER	4	YX16041T	PDAC_005	Classical	1	0.665850115112671	0.745478036175711	0.930618248851507	-0.0290242798994391	0.354146962119832	20.220596796296	cluster_1=20.220597;cluster_2=22.412590;cluster_3=36.764838;cluster_4=34.827731	0.745478036175711
STAB_HVG_VAR_FILTER	4	YX16057T	PDAC_006	Classical	2	0.939673621046667	0.950444726810673	0.308146176728546	0.155411002869269	0.331035500342844	17.2989075124568	cluster_1=21.043652;cluster_2=17.298908;cluster_3=33.621968;cluster_4=33.354887	0.950444726810673
STAB_HVG_VAR_FILTER	4	YX16062T	PDAC_007	Classical	1	0.829462379260053	0.992258064516129	0.0654207944235721	0.139325657392877	0.345846339688074	18.4216508758113	cluster_1=18.421651;cluster_2=29.708677;cluster_3=29.953870;cluster_4=26.046221	0.992258064516129
STAB_HVG_VAR_FILTER	4	YX16112T	PDAC_008	Classical	1	0.803319766424335	0.943109987357775	0.356044171482512	0.0924272027427203	0.350437013393688	16.7295668595149	cluster_1=16.729567;cluster_2=23.617576;cluster_3=28.813550;cluster_4=29.241753	0.943109987357775
STAB_HVG_VAR_FILTER	4	YX16113T	PDAC_009	Hybrid	1	0.279471544499167	0.251295336787565	0.813324736918734	-0.0478932318344432	0.157668513557674	23.3219215032286	cluster_1=23.321922;cluster_2=31.421567;cluster_3=24.928301;cluster_4=28.462902	0.748704663212435
STAB_HVG_VAR_FILTER	4	YX16119T	PDAC_010	Classical	2	0.838837705003148	0.829865361077111	0.734254815632507	0.141383179982458	0.33934064750022	17.3041873061	cluster_1=20.461504;cluster_2=17.304187;cluster_3=31.547339;cluster_4=33.644014	0.829865361077111
STAB_HVG_VAR_FILTER	4	YX16120T	PDAC_011	Classical	1	0.818283018374463	0.969811320754717	0.211746686819505	0.0917731201303128	0.342239000490601	16.7598234212636	cluster_1=16.759823;cluster_2=23.705982;cluster_3=29.273354;cluster_4=27.267905	0.969811320754717
STAB_HVG_VAR_FILTER	4	YX16127T	PDAC_012	Classical	1	0.828549949438856	0.993773349937733	0.0545798393107532	0.038700746149417	0.344322197422318	17.9604869026153	cluster_1=17.960487;cluster_2=31.454222;cluster_3=29.655424;cluster_4=21.445777	0.993773349937733
STAB_HVG_VAR_FILTER	4	YX16128T	PDAC_013	Classical	2	0.927879973430581	0.931788931788932	0.400970516100019	0.18421530966052	0.332095857986081	15.9702254421963	cluster_1=20.731666;cluster_2=15.970225;cluster_3=33.923530;cluster_4=34.182059	0.931788931788932
STAB_HVG_VAR_FILTER	4	YX16130T	PDAC_014	Hybrid	2	0.969037969124942	0.993781094527363	0.0605614049206986	0.289693790705254	0.321317210183157	15.7851290206685	cluster_1=25.849524;cluster_2=15.785129;cluster_3=37.601461;cluster_4=38.451061	0.993781094527363
STAB_HVG_VAR_FILTER	4	YX16132T	PDAC_015	Hybrid	2	0.931045547188666	0.935	0.397639027524599	0.186429205277108	0.329830145092904	15.5112279068332	cluster_1=20.282217;cluster_2=15.511228;cluster_3=31.691655;cluster_4=33.709742	0.935
STAB_HVG_VAR_FILTER	4	YX16135T	PDAC_016	Hybrid	2	0.963619735404463	0.99874843554443	0.0138721446107904	0.378720188728723	0.319473516139341	14.4268587562661	cluster_1=29.200722;cluster_2=14.426859;cluster_3=36.358987;cluster_4=41.536650	0.99874843554443
STAB_HVG_VAR_FILTER	4	YX16139T	PDAC_017	Classical	1	0.824895870503634	0.991105463786531	0.0733721391299775	0.132370798852967	0.342134530028504	16.5987373606064	cluster_1=16.598737;cluster_2=25.529997;cluster_3=25.547206;cluster_4=25.394069	0.991105463786531
STAB_HVG_VAR_FILTER	4	YX16141T	PDAC_018	Hybrid	1	0.770781957261405	0.883333333333333	0.628848135665501	0.0994236176116649	0.334649923351016	17.6271580802272	cluster_1=17.627158;cluster_2=26.457858;cluster_3=30.150099;cluster_4=23.700045	0.883333333333333
STAB_HVG_VAR_FILTER	4	YX16144T	PDAC_019	Hybrid	2	0.963800514311879	0.997481108312343	0.0253749917234983	0.281316970677201	0.320706146361871	16.1735888283187	cluster_1=25.753857;cluster_2=16.173589;cluster_3=29.863833;cluster_4=37.707939	0.997481108312343
STAB_HVG_VAR_FILTER	4	YX16147T	PDAC_020	Classical	3	1	0.974522292993631	0.171179093273947	0.145316717799049	0.0823266118743811	15.5035422453631	cluster_1=24.298903;cluster_2=28.070130;cluster_3=15.503542;cluster_4=30.614246	0.974522292993631
STAB_HVG_VAR_FILTER	4	YX16153T	PDAC_021	Classical	1	0.822779014456086	0.993548387096774	0.0562203583902711	0.202303317406635	0.341508358110427	15.9248679610312	cluster_1=15.924868;cluster_2=27.175785;cluster_3=34.129389;cluster_4=27.808629	0.993548387096774
STAB_HVG_VAR_FILTER	4	YX16155T	PDAC_022	Hybrid	1	0.828183173544334	0.993622448979592	0.0556815468645996	0.156291314310353	0.344586150356619	16.7241185869311	cluster_1=16.724119;cluster_2=29.869608;cluster_3=31.027440;cluster_4=24.841665	0.993622448979592
STAB_HVG_VAR_FILTER	4	YX16158T	PDAC_023	Hybrid	3	1	0.993589743589744	0.055919636698743	0.370477191884496	0.0705328658112553	13.0781751259715	cluster_1=33.719116;cluster_2=35.147923;cluster_3=13.078175;cluster_4=35.346710	0.993589743589744
STAB_HVG_VAR_FILTER	4	YX16159T	PDAC_024	Hybrid	2	0.966577565303237	1	0	0.31222400479762	0.321267107469327	15.7909768801457	cluster_1=26.841134;cluster_2=15.790977;cluster_3=29.283733;cluster_4=36.710800	1
STAB_HVG_VAR_FILTER	4	YX16160T	PDAC_025	Basal	3	1	0.992405063291139	0.064389485101617	0.240712678466348	0.0789772733019798	15.2409487633036	cluster_1=28.607667;cluster_2=32.118430;cluster_3=15.240949;cluster_4=29.942171	0.992405063291139
STAB_HVG_VAR_FILTER	4	YX16161T	PDAC_026	Hybrid	2	0.963110280599896	0.99873257287706	0.0140249200113997	0.354810720935291	0.319257933709902	14.4826431150763	cluster_1=27.651702;cluster_2=14.482643;cluster_3=30.803320;cluster_4=39.257848	0.99873257287706
STAB_HVG_VAR_FILTER	4	YX16166T	PDAC_027	Classical	1	0.83057125939735	0.995055624227441	0.0449894607036569	0.174291185122994	0.34519553647871	14.9021439201242	cluster_1=14.902144;cluster_2=26.993209;cluster_3=32.098241;cluster_4=23.915201	0.995055624227441
STAB_HVG_VAR_FILTER	4	YX16177T	PDAC_028	Classical	1	0.80891704651272	0.960149439601494	0.255047792271054	0.130689187998671	0.338379942432639	19.8349755529801	cluster_1=19.834976;cluster_2=28.052246;cluster_3=29.509093;cluster_4=31.033348	0.960149439601494
STAB_HVG_VAR_FILTER	4	YX16178T	PDAC_029	Classical	1	0.818503504827241	0.967661691542289	0.238324416215091	0.0889585770315224	0.343441845831138	18.3270863725667	cluster_1=18.327086;cluster_2=31.104849;cluster_3=34.899630;cluster_4=23.861892	0.967661691542289
STAB_HVG_VAR_FILTER	4	YX16180T	PDAC_030	Hybrid	2	0.96651309034337	0.998759305210918	0.0137672899838068	0.343576653409281	0.319939599979202	13.191580469659	cluster_1=25.411184;cluster_2=13.191580;cluster_3=30.860931;cluster_4=37.995081	0.998759305210918
STAB_HVG_VAR_FILTER	4	YX16185T	PDAC_031	Classical	1	0.828445873066568	0.993670886075949	0.0553284850379546	0.0983712059859211	0.344430424432775	20.570795817603	cluster_1=20.570796;cluster_2=31.318941;cluster_3=33.002682;cluster_4=26.414654	0.993670886075949
STAB_HVG_VAR_FILTER	4	YX16188T	PDAC_032	Hybrid	1	0.197010106938865	0.156838143036386	0.626691442610186	-0.0650774464225427	0.131252594083532	23.3354577070406	cluster_1=23.335458;cluster_2=28.010273;cluster_3=24.373054;cluster_4=27.551037	0.843161856963614
STAB_HVG_VAR_FILTER	4	YX16194T	PDAC_033	Hybrid	2	0.966852541294722	0.998765432098765	0.0137081261968613	0.331725771381673	0.321820677530437	15.6135635557966	cluster_1=27.804888;cluster_2=15.613564;cluster_3=33.841324;cluster_4=38.111365	0.998765432098765
STAB_HVG_VAR_FILTER	4	YX16202T	PDAC_034	Basal	4	0.469609937524101	0.473748473748474	1.10073793673961	0.0418615272312215	0.155728456366984	22.4568179437938	cluster_1=27.296259;cluster_2=35.372985;cluster_3=26.619089;cluster_4=22.456818	0.51037851037851
STAB_HVG_VAR_FILTER	4	YX16203T	PDAC_035	Hybrid	2	0.968039443751162	0.97948717948718	0.158591559317162	0.264266313554405	0.329842890175897	13.6157199248287	cluster_1=21.709853;cluster_2=13.615720;cluster_3=28.849034;cluster_4=34.777101	0.97948717948718
STAB_HVG_VAR_FILTER	4	YX16207T	PDAC_036	Hybrid	2	0.965760975798589	1	0	0.375415191840696	0.320593804109487	13.0704554699861	cluster_1=27.176634;cluster_2=13.070455;cluster_3=33.316619;cluster_4=40.499500	1
STAB_HVG_VAR_FILTER	4	YX16218T	PDAC_037	Hybrid	2	0.963969870292267	0.996134020618557	0.0365522670117791	0.286808102947349	0.319945436005808	15.4265352389373	cluster_1=25.169092;cluster_2=15.426535;cluster_3=36.563997;cluster_4=39.002511	0.996134020618557
STAB_HVG_VAR_FILTER	4	YX16222T	PDAC_038	Classical	2	0.791086760036487	0.776232616940582	0.80850302057837	0.0625070887139078	0.349494867073705	18.6336858499346	cluster_1=18.739462;cluster_2=18.633686;cluster_3=29.612395;cluster_4=32.496446	0.776232616940582
STAB_HVG_VAR_FILTER	4	YX16224T	PDAC_039	Hybrid	2	0.970092571489563	1	0	0.366317380726502	0.322190340286072	14.2604815155097	cluster_1=28.236970;cluster_2=14.260482;cluster_3=33.159079;cluster_4=41.367798	1
STAB_HVG_VAR_FILTER	4	YX16227T	PDAC_040	Classical	1	0.653592808177994	0.728662420382166	0.956759715314818	-0.00851219661098135	0.354164039441661	18.8674915103534	cluster_1=18.867492;cluster_2=21.966099;cluster_3=37.087252;cluster_4=33.556624	0.728662420382166
STAB_HVG_VAR_FILTER	4	YX16236T	PDAC_041	Classical	1	0.806717975975651	0.950570342205323	0.332243956392744	0.0298035044007553	0.345597768150745	17.7263347931853	cluster_1=17.726335;cluster_2=22.272331;cluster_3=34.969467;cluster_4=31.396378	0.950570342205323
STAB_HVG_VAR_FILTER	4	YX15047T	PDAC_042	Basal	4	0.660222888924199	0.671373555840822	1.03887915220613	0.0243702530859687	0.263450415478411	19.2031071876271	cluster_1=19.810082;cluster_2=31.755306;cluster_3=28.957853;cluster_4=19.203107	0.671373555840822
STAB_HVG_VAR_FILTER	4	YX15106T	PDAC_043	Basal	4	0.910723805577119	1	0	0.284328883482352	0.201045972830561	15.8009139566374	cluster_1=27.848320;cluster_2=40.240481;cluster_3=34.085007;cluster_4=15.800914	1
STAB_HVG_VAR_FILTER	4	YX15166T	PDAC_044	Basal	4	0.913350953535451	1	0	0.251328189513587	0.203528734042038	16.679921238392	cluster_1=27.083134;cluster_2=38.491883;cluster_3=31.803323;cluster_4=16.679921	1
STAB_HVG_VAR_FILTER	4	YX15187T	PDAC_045	Basal	4	0.910138581829843	1	0	0.308133134535842	0.202981110289628	13.7969976935328	cluster_1=26.803135;cluster_2=39.819591;cluster_3=34.120905;cluster_4=13.796998	1
STAB_HVG_VAR_FILTER	4	YX15211T	PDAC_046	Hybrid	1	0.651096699615936	0.689356435643564	1.17221665154813	0.00606590537228653	0.359627522892121	16.386224609899	cluster_1=16.386225;cluster_2=20.293772;cluster_3=30.072798;cluster_4=25.739041	0.689356435643564
STAB_HVG_VAR_FILTER	4	YX15214T	PDAC_047	Basal	4	0.9133482994271	1	0	0.216581060290225	0.204538543124802	16.9085633722741	cluster_1=25.560299;cluster_2=37.633968;cluster_3=35.923284;cluster_4=16.908563	1
STAB_HVG_VAR_FILTER	4	YX16009T	PDAC_048	Hybrid	2	0.968529205985725	0.998756218905473	0.0137970760714616	0.232312506566992	0.322164199443954	15.3956875823005	cluster_1=25.070518;cluster_2=15.395688;cluster_3=24.771360;cluster_4=35.072490	0.998756218905473
STAB_HVG_VAR_FILTER	4	YX16011T	PDAC_049	Basal	4	0.916279571878317	1	0	0.265758672368739	0.204087908769631	15.0748455963418	cluster_1=26.062994;cluster_2=39.274888;cluster_3=34.314169;cluster_4=15.074846	1
STAB_HVG_VAR_FILTER	4	YX16068T	PDAC_050	Basal	4	0.91452032868062	1	0	0.224585213224549	0.203895895602305	16.8661458440264	cluster_1=25.948296;cluster_2=40.533971;cluster_3=35.679630;cluster_4=16.866146	1
STAB_HVG_VAR_FILTER	4	YX16070T	PDAC_051	Basal	1	0.602875593181008	0.623225806451613	1.44304790703535	-0.079864011163135	0.351154714969099	22.1139232975729	cluster_1=22.113923;cluster_2=22.287885;cluster_3=31.516234;cluster_4=26.456220	0.623225806451613
STAB_HVG_VAR_FILTER	4	YX16075T	PDAC_052	Hybrid	2	0.964951098131777	0.998738965952081	0.0139633821818463	0.317531290060811	0.320987337248711	15.6211549028543	cluster_1=27.075876;cluster_2=15.621155;cluster_3=31.736615;cluster_4=39.345409	0.998738965952081
STAB_HVG_VAR_FILTER	4	YX16079T	PDAC_053	Basal	4	0.919540292247384	1	0	0.178956293896127	0.203801150880279	17.4523996287915	cluster_1=24.338155;cluster_2=38.827624;cluster_3=34.844245;cluster_4=17.452400	1
STAB_HVG_VAR_FILTER	4	YX16087T	PDAC_054	Basal	4	0.912646319231777	1	0	0.276424651437076	0.204233955940127	14.6304908164033	cluster_1=25.979115;cluster_2=39.054741;cluster_3=35.598855;cluster_4=14.630491	1
STAB_HVG_VAR_FILTER	4	YX16094T	PDAC_055	Basal	1	0.571978726965266	0.621827411167513	1.18823748482384	-0.0851755210780979	0.313224708340729	20.6298578753727	cluster_1=20.629858;cluster_2=30.716215;cluster_3=34.418334;cluster_4=19.694228	0.621827411167513
STAB_HVG_VAR_FILTER	4	YX16172T	PDAC_056	Basal	1	0.655524211692027	0.689912826899128	1.33793741171264	-0.00211774150340139	0.350202976434087	20.3802795984461	cluster_1=20.380280;cluster_2=23.452139;cluster_3=31.106975;cluster_4=24.331767	0.689912826899128
STAB_HVG_VAR_FILTER	4	YX16295T	PDAC_057	Basal	4	0.915079117459967	1	0	0.326857768649944	0.203721026894703	14.1168090269228	cluster_1=28.168269;cluster_2=42.203979;cluster_3=35.175528;cluster_4=14.116809	1
STAB_HVG_VAR_FILTER	4	YX16327T	PDAC_058	Basal	4	0.738777600251575	0.784730913642053	0.815196025944842	0.111022074782918	0.242820250309347	18.86430161773	cluster_1=22.983637;cluster_2=32.279278;cluster_3=33.280094;cluster_4=18.864302	0.784730913642053
STAB_HVG_VAR_FILTER	4	YX16335T	PDAC_059	Classical	1	0.829600136318935	0.993489583333333	0.0566472848237817	0.15160368164765	0.345641147906483	14.6365619747662	cluster_1=14.636562;cluster_2=28.016010;cluster_3=31.204161;cluster_4=22.707046	0.993489583333333
STAB_HVG_VAR_FILTER	4	YX16341T	PDAC_060	Basal	4	0.916442324330669	0.997465145754119	0.0255126653310862	0.23346682570477	0.205251503571154	15.8489418053457	cluster_1=25.301551;cluster_2=36.514835;cluster_3=30.165797;cluster_4=15.848942	0.997465145754119
STAB_HVG_VAR_FILTER	4	YX16343T	PDAC_061	Hybrid	4	0.915979985318663	0.972292191435768	0.201716251554898	0.184991263358936	0.214146501011092	16.4109544393834	cluster_1=23.574231;cluster_2=36.821207;cluster_3=31.710767;cluster_4=16.410954	0.972292191435768
STAB_HVG_VAR_FILTER	4	YX16347T	PDAC_062	Classical	1	0.824925934879086	0.986979166666667	0.106318899228099	0.124388204974618	0.343843371379231	17.9405461306005	cluster_1=17.940546;cluster_2=29.323589;cluster_3=34.067550;cluster_4=24.955095	0.986979166666667
STAB_HVG_VAR_FILTER	5	YX15261T	PDAC_001	Classical	1	0.615458347225809	0.563522012578616	1.39320445627862	0.0823214279639387	0.222336777193148	19.2546124963703	cluster_1=19.254612;cluster_2=23.116860;cluster_3=30.186345;cluster_4=25.574412;cluster_5=25.189452	0.563522012578616
STAB_HVG_VAR_FILTER	5	YX15263T	PDAC_002	Classical	2	0.725649052080279	0.725888324873096	0.847302955110503	0.0691184818728981	0.24374620804131	14.7558569353746	cluster_1=19.463978;cluster_2=14.755857;cluster_3=26.760233;cluster_4=34.246562;cluster_5=27.896127	0.725888324873096
STAB_HVG_VAR_FILTER	5	YX15271T	PDAC_003	Hybrid	3	0.860071647239484	0.96969696969697	0.233377164864397	0.383549512814092	0.278683661549011	12.6191560363348	cluster_1=27.991696;cluster_2=28.535895;cluster_3=12.619156;cluster_4=31.130351;cluster_5=39.464904	0.96969696969697
STAB_HVG_VAR_FILTER	5	YX16036T	PDAC_004	Hybrid	3	0.847391581674346	0.906947890818859	0.568971042450538	0.242305134924036	0.279988390675799	14.5259287311974	cluster_1=22.843426;cluster_2=25.148173;cluster_3=14.525929;cluster_4=33.209828;cluster_5=35.590691	0.906947890818859
STAB_HVG_VAR_FILTER	5	YX16041T	PDAC_005	Classical	2	0.599201619153483	0.767441860465116	1.06427982993691	0.0162319139421799	0.223935630921527	18.5199681679767	cluster_1=23.121678;cluster_2=18.519968;cluster_3=22.412590;cluster_4=36.764838;cluster_5=34.827731	0.767441860465116
STAB_HVG_VAR_FILTER	5	YX16057T	PDAC_006	Classical	3	0.81118461054653	0.848792884371029	0.799027822888012	0.123328516497632	0.27765505398929	17.2989075124568	cluster_1=20.815377;cluster_2=23.433852;cluster_3=17.298908;cluster_4=33.621968;cluster_5=33.354887	0.848792884371029
STAB_HVG_VAR_FILTER	5	YX16062T	PDAC_007	Classical	1	0.724444678118301	0.660645161290323	0.936430788674101	0.0781229438923454	0.249701958029697	17.9176838139428	cluster_1=17.917684;cluster_2=21.373218;cluster_3=29.708677;cluster_4=29.953870;cluster_5=26.046221	0.660645161290323
STAB_HVG_VAR_FILTER	5	YX16112T	PDAC_008	Classical	1	0.66429797838738	0.601769911504425	1.11246647630338	0.0764713071433846	0.248516235057667	16.386134981376	cluster_1=16.386135;cluster_2=19.710450;cluster_3=23.617576;cluster_4=28.813550;cluster_5=29.241753	0.601769911504425
STAB_HVG_VAR_FILTER	5	YX16113T	PDAC_009	Hybrid	2	0.290270957208132	0.24740932642487	1.09836658046363	-0.0126447081978293	0.120502426806766	21.6439415623052	cluster_1=26.022482;cluster_2=21.643942;cluster_3=31.421567;cluster_4=24.928301;cluster_5=28.462902	0.69559585492228
STAB_HVG_VAR_FILTER	5	YX16119T	PDAC_010	Classical	3	0.682702241875802	0.624235006119951	1.2684458714557	0.0783485916822252	0.257594390800274	17.3041873061	cluster_1=23.420200;cluster_2=18.643506;cluster_3=17.304187;cluster_4=31.547339;cluster_5=33.644014	0.624235006119951
STAB_HVG_VAR_FILTER	5	YX16120T	PDAC_011	Classical	2	0.729504237858529	0.735849056603774	0.86888601235393	0.0536515253075812	0.240749542332627	15.4817215273249	cluster_1=19.678500;cluster_2=15.481722;cluster_3=23.705982;cluster_4=29.273354;cluster_5=27.267905	0.735849056603774
STAB_HVG_VAR_FILTER	5	YX16127T	PDAC_012	Classical	1	0.723831337633551	0.658779576587796	0.937859852511786	0.100155817550987	0.247277160290943	16.4818567772182	cluster_1=16.481857;cluster_2=21.944125;cluster_3=31.454222;cluster_4=29.655424;cluster_5=21.445777	0.658779576587796
STAB_HVG_VAR_FILTER	5	YX16128T	PDAC_013	Classical	3	0.782013804966664	0.746460746460746	1.03700581975675	0.141758319824788	0.268429548971312	15.9702254421963	cluster_1=23.168262;cluster_2=19.692934;cluster_3=15.970225;cluster_4=33.923530;cluster_5=34.182059	0.746460746460746
STAB_HVG_VAR_FILTER	5	YX16130T	PDAC_014	Hybrid	3	0.847819726947979	0.850746268656716	0.74628269705623	0.254610977581425	0.275583003798047	15.7851290206685	cluster_1=28.099325;cluster_2=24.655029;cluster_3=15.785129;cluster_4=37.601461;cluster_5=38.451061	0.850746268656716
STAB_HVG_VAR_FILTER	5	YX16132T	PDAC_015	Hybrid	3	0.787800104065207	0.75125	1.0154548439653	0.1252413751709	0.26917370753088	15.5112279068332	cluster_1=23.308175;cluster_2=18.375007;cluster_3=15.511228;cluster_4=31.691655;cluster_5=33.709742	0.75125
STAB_HVG_VAR_FILTER	5	YX16135T	PDAC_016	Hybrid	3	0.850511077566779	0.897371714643304	0.57759639182253	0.350802019793751	0.273805301200764	14.4268587562661	cluster_1=31.351622;cluster_2=27.947600;cluster_3=14.426859;cluster_4=36.358987;cluster_5=41.536650	0.897371714643304
STAB_HVG_VAR_FILTER	5	YX16139T	PDAC_017	Classical	1	0.725865793928595	0.664548919949174	0.958397025450881	0.0999396294839403	0.248030460741516	15.825849120717	cluster_1=15.825849;cluster_2=20.039014;cluster_3=25.529997;cluster_4=25.547206;cluster_5=25.394069	0.664548919949174
STAB_HVG_VAR_FILTER	5	YX16141T	PDAC_018	Hybrid	2	0.607742566451963	0.624358974358974	1.27753503402076	0.0418713797916417	0.230897499828103	16.5498843984232	cluster_1=20.337629;cluster_2=16.549884;cluster_3=26.457858;cluster_4=30.150099;cluster_5=23.700045	0.624358974358974
STAB_HVG_VAR_FILTER	5	YX16144T	PDAC_019	Hybrid	3	0.841530043023768	0.881612090680101	0.639067127669193	0.233810054802614	0.271816858374921	16.1735888283187	cluster_1=28.481163;cluster_2=23.856943;cluster_3=16.173589;cluster_4=29.863833;cluster_5=37.707939	0.881612090680101
STAB_HVG_VAR_FILTER	5	YX16147T	PDAC_020	Classical	4	1	0.95796178343949	0.277355984220221	0.131831038634104	0.0745609194146551	15.5035422453631	cluster_1=24.739508;cluster_2=25.633690;cluster_3=28.070130;cluster_4=15.503542;cluster_5=30.614246	0.95796178343949
STAB_HVG_VAR_FILTER	5	YX16153T	PDAC_021	Classical	1	0.718035796818076	0.643870967741936	0.939423007601513	0.100325426704606	0.248675286133865	15.1528410838894	cluster_1=15.152841;cluster_2=19.449588;cluster_3=27.175785;cluster_4=34.129389;cluster_5=27.808629	0.643870967741936
STAB_HVG_VAR_FILTER	5	YX16155T	PDAC_022	Hybrid	1	0.718868618571534	0.647959183673469	0.935877483208276	0.134243905741012	0.246104709702564	15.3025639381996	cluster_1=15.302564;cluster_2=20.779537;cluster_3=29.869608;cluster_4=31.027440;cluster_5=24.841665	0.647959183673469
STAB_HVG_VAR_FILTER	5	YX16158T	PDAC_023	Hybrid	4	1	0.962820512820513	0.237252839325468	0.36707294806421	0.0681307086080521	13.0781751259715	cluster_1=33.981695;cluster_2=34.763523;cluster_3=35.147923;cluster_4=13.078175;cluster_5=35.346710	0.962820512820513
STAB_HVG_VAR_FILTER	5	YX16159T	PDAC_024	Hybrid	3	0.86059168770035	0.964512040557668	0.268695033154324	0.295413845546038	0.27913272168276	15.7909768801457	cluster_1=26.910998;cluster_2=28.457260;cluster_3=15.790977;cluster_4=29.283733;cluster_5=36.710800	0.964512040557668
STAB_HVG_VAR_FILTER	5	YX16160T	PDAC_025	Basal	4	1	0.963291139240506	0.251338587117702	0.222835618355142	0.073916259295936	15.2409487633036	cluster_1=28.493616;cluster_2=30.345277;cluster_3=32.118430;cluster_4=15.240949;cluster_5=29.942171	0.963291139240506
STAB_HVG_VAR_FILTER	5	YX16161T	PDAC_026	Hybrid	3	0.853124475458841	0.907477820025348	0.541386393662029	0.320865682926619	0.27418285987139	14.4826431150763	cluster_1=30.065603;cluster_2=26.104483;cluster_3=14.482643;cluster_4=30.803320;cluster_5=39.257848	0.907477820025348
STAB_HVG_VAR_FILTER	5	YX16166T	PDAC_027	Classical	1	0.724428940490547	0.65265760197775	0.931672170546982	0.128986022098541	0.249471339623418	13.5962036308281	cluster_1=13.596204;cluster_2=19.068033;cluster_3=26.993209;cluster_4=32.098241;cluster_5=23.915201	0.65265760197775
STAB_HVG_VAR_FILTER	5	YX16177T	PDAC_028	Classical	2	0.723099025904419	0.723536737235367	0.944442292573124	0.0947223135642253	0.24093013689704	17.3586489829111	cluster_1=23.232893;cluster_2=17.358649;cluster_3=28.052246;cluster_4=29.509093;cluster_5=31.033348	0.723536737235367
STAB_HVG_VAR_FILTER	5	YX16178T	PDAC_029	Classical	2	0.68970296198214	0.677860696517413	1.04452566660002	0.0374684765773239	0.249184714057927	17.3689286277926	cluster_1=20.898072;cluster_2=17.368929;cluster_3=31.104849;cluster_4=34.899630;cluster_5=23.861892	0.677860696517413
STAB_HVG_VAR_FILTER	5	YX16180T	PDAC_030	Hybrid	3	0.855239278808111	0.895781637717122	0.582666637197276	0.308895925179184	0.27548433264343	13.191580469659	cluster_1=27.856096;cluster_2=23.960901;cluster_3=13.191580;cluster_4=30.860931;cluster_5=37.995081	0.895781637717122
STAB_HVG_VAR_FILTER	5	YX16185T	PDAC_031	Classical	1	0.723311337068172	0.650632911392405	0.933501541347468	0.0897325352166595	0.249020495938768	19.6041352487466	cluster_1=19.604135;cluster_2=23.806163;cluster_3=31.318941;cluster_4=33.002682;cluster_5=26.414654	0.650632911392405
STAB_HVG_VAR_FILTER	5	YX16188T	PDAC_032	Hybrid	2	0.213457345908798	0.178168130489335	0.885417479167189	-0.0377032359951564	0.103184553613728	21.9428914580371	cluster_1=25.846843;cluster_2=21.942891;cluster_3=28.010273;cluster_4=24.373054;cluster_5=27.551037	0.786700125470514
STAB_HVG_VAR_FILTER	5	YX16194T	PDAC_033	Hybrid	3	0.854228603742049	0.959259259259259	0.300513770654734	0.31491382004237	0.277093268674733	15.6135635557966	cluster_1=27.793389;cluster_2=29.463099;cluster_3=15.613564;cluster_4=33.841324;cluster_5=38.111365	0.959259259259259
STAB_HVG_VAR_FILTER	5	YX16202T	PDAC_034	Basal	5	0.461119545372019	0.467643467643468	1.2581118321938	0.0418615272312215	0.147132635702178	22.4568179437938	cluster_1=26.413066;cluster_2=29.993454;cluster_3=35.372985;cluster_4=26.619089;cluster_5=22.456818	0.487179487179487
STAB_HVG_VAR_FILTER	5	YX16203T	PDAC_035	Hybrid	3	0.835693949361049	0.873076923076923	0.707787532348326	0.252320807008248	0.280514716960133	13.6157199248287	cluster_1=22.314466;cluster_2=23.056223;cluster_3=13.615720;cluster_4=28.849034;cluster_5=34.777101	0.873076923076923
STAB_HVG_VAR_FILTER	5	YX16207T	PDAC_036	Hybrid	3	0.857936656154212	0.967130214917826	0.252456176188294	0.367474092981285	0.2774555798723	13.0704554699861	cluster_1=27.630773;cluster_2=28.302645;cluster_3=13.070455;cluster_4=33.316619;cluster_5=40.499500	0.967130214917826
STAB_HVG_VAR_FILTER	5	YX16218T	PDAC_037	Hybrid	3	0.842133724766311	0.867268041237113	0.677745746472517	0.244244761291938	0.272475919422386	15.4265352389373	cluster_1=27.672043;cluster_2=23.649578;cluster_3=15.426535;cluster_4=36.563997;cluster_5=39.002511	0.867268041237113
STAB_HVG_VAR_FILTER	5	YX16222T	PDAC_038	Classical	3	0.665633239080292	0.663716814159292	1.27823682126621	0.0444892490326428	0.277974722276918	18.6336858499346	cluster_1=19.391304;cluster_2=20.339180;cluster_3=18.633686;cluster_4=29.612395;cluster_5=32.496446	0.663716814159292
STAB_HVG_VAR_FILTER	5	YX16224T	PDAC_039	Hybrid	3	0.869064898779735	0.973417721518987	0.212101195906137	0.365969992285394	0.281079041354876	14.2604815155097	cluster_1=29.146464;cluster_2=28.723713;cluster_3=14.260482;cluster_4=33.159079;cluster_5=41.367798	0.973417721518987
STAB_HVG_VAR_FILTER	5	YX16227T	PDAC_040	Classical	2	0.59141767091223	0.760509554140127	1.07388194615336	0.0323895512832084	0.225609642715419	17.336989756196	cluster_1=21.759905;cluster_2=17.336990;cluster_3=21.966099;cluster_4=37.087252;cluster_5=33.556624	0.760509554140127
STAB_HVG_VAR_FILTER	5	YX16236T	PDAC_041	Classical	2	0.730948909655865	0.780735107731305	0.820070723034896	0.0787696282752417	0.237398775110614	15.8849356128023	cluster_1=20.900387;cluster_2=15.884936;cluster_3=22.272331;cluster_4=34.969467;cluster_5=31.396378	0.780735107731305
STAB_HVG_VAR_FILTER	5	YX15047T	PDAC_042	Basal	5	0.644595880623228	0.654685494223363	1.33473649118498	-0.0105822519350913	0.221318336513656	19.2031071876271	cluster_1=19.781246;cluster_2=22.091652;cluster_3=31.755306;cluster_4=28.957853;cluster_5=19.203107	0.654685494223363
STAB_HVG_VAR_FILTER	5	YX15106T	PDAC_043	Basal	5	0.906442236829345	1	0	0.25106235772739	0.197179126541038	15.8009139566374	cluster_1=26.892852;cluster_2=30.598132;cluster_3=40.240481;cluster_4=34.085007;cluster_5=15.800914	1
STAB_HVG_VAR_FILTER	5	YX15166T	PDAC_044	Basal	5	0.907571145265802	1	0	0.238714090574394	0.198952348102681	16.679921238392	cluster_1=27.283876;cluster_2=28.526386;cluster_3=38.491883;cluster_4=31.803323;cluster_5=16.679921	1
STAB_HVG_VAR_FILTER	5	YX15187T	PDAC_045	Basal	5	0.904038520056808	1	0	0.267766330863576	0.198332220566292	13.7969976935328	cluster_1=25.499974;cluster_2=29.988416;cluster_3=39.819591;cluster_4=34.120905;cluster_5=13.796998	1
STAB_HVG_VAR_FILTER	5	YX15211T	PDAC_046	Hybrid	1	0.372280434471165	0.607673267326733	1.54318035493622	0.065388924503615	0.171796571914408	15.0866006705858	cluster_1=15.086601;cluster_2=20.364558;cluster_3=20.293772;cluster_4=30.072798;cluster_5=25.739041	0.607673267326733
STAB_HVG_VAR_FILTER	5	YX15214T	PDAC_047	Basal	5	0.904565139565685	0.993548387096774	0.0660392493250282	0.19735873577329	0.2001735165749	16.9085633722741	cluster_1=25.614192;cluster_2=27.275768;cluster_3=37.633968;cluster_4=35.923284;cluster_5=16.908563	0.993548387096774
STAB_HVG_VAR_FILTER	5	YX16009T	PDAC_048	Hybrid	3	0.859595010696157	0.963930348258706	0.266482148853708	0.232312506566992	0.278672399671305	15.3956875823005	cluster_1=25.512330;cluster_2=26.348369;cluster_3=15.395688;cluster_4=24.771360;cluster_5=35.072490	0.963930348258706
STAB_HVG_VAR_FILTER	5	YX16011T	PDAC_049	Basal	5	0.911812269614493	1	0	0.215967744429948	0.200307420517157	15.0748455963418	cluster_1=24.454383;cluster_2=29.611716;cluster_3=39.274888;cluster_4=34.314169;cluster_5=15.074846	1
STAB_HVG_VAR_FILTER	5	YX16068T	PDAC_050	Basal	5	0.908231331172342	1	0	0.164679179994553	0.199300365125841	16.8661458440264	cluster_1=24.031020;cluster_2=29.823158;cluster_3=40.533971;cluster_4=35.679630;cluster_5=16.866146	1
STAB_HVG_VAR_FILTER	5	YX16070T	PDAC_051	Basal	1	0.325822055550881	0.596129032258064	1.67367935670057	-0.0241065346113633	0.156692388413337	20.5627733831719	cluster_1=20.562773;cluster_2=25.834594;cluster_3=22.287885;cluster_4=31.516234;cluster_5=26.456220	0.596129032258064
STAB_HVG_VAR_FILTER	5	YX16075T	PDAC_052	Hybrid	3	0.861176598170142	0.96469104665826	0.271290937598965	0.306279748262607	0.279104856868912	15.6211549028543	cluster_1=27.370305;cluster_2=28.405093;cluster_3=15.621155;cluster_4=31.736615;cluster_5=39.345409	0.96469104665826
STAB_HVG_VAR_FILTER	5	YX16079T	PDAC_053	Basal	5	0.916737913324946	1	0	0.160654740527395	0.201223045505426	17.4523996287915	cluster_1=24.547148;cluster_2=25.951713;cluster_3=38.827624;cluster_4=34.844245;cluster_5=17.452400	1
STAB_HVG_VAR_FILTER	5	YX16087T	PDAC_054	Basal	5	0.906948521426098	1	0	0.24136474574803	0.19961566371039	14.6304908164033	cluster_1=25.116363;cluster_2=28.725746;cluster_3=39.054741;cluster_4=35.598855;cluster_5=14.630491	1
STAB_HVG_VAR_FILTER	5	YX16094T	PDAC_055	Basal	1	0.315415811736709	0.543147208121827	1.5884346713343	-0.0448949112133874	0.158769537158354	19.7030078033801	cluster_1=19.703008;cluster_2=23.818428;cluster_3=30.716215;cluster_4=34.418334;cluster_5=19.694228	0.543147208121827
STAB_HVG_VAR_FILTER	5	YX16172T	PDAC_056	Basal	1	0.339786562399651	0.596513075965131	1.62458150620119	0.0121276879827691	0.156191459719313	20.564087972879	cluster_1=20.564088;cluster_2=22.359027;cluster_3=23.452139;cluster_4=31.106975;cluster_5=24.331767	0.596513075965131
STAB_HVG_VAR_FILTER	5	YX16295T	PDAC_057	Basal	5	0.908973617393595	1	0	0.293266370241565	0.199424521759237	14.1168090269228	cluster_1=27.075685;cluster_2=31.055116;cluster_3=42.203979;cluster_4=35.175528;cluster_5=14.116809	1
STAB_HVG_VAR_FILTER	5	YX16327T	PDAC_058	Basal	5	0.706683831794112	0.750938673341677	1.10182340293109	0.0882045451511476	0.195119091723656	18.86430161773	cluster_1=23.123820;cluster_2=24.782454;cluster_3=32.279278;cluster_4=33.280094;cluster_5=18.864302	0.750938673341677
STAB_HVG_VAR_FILTER	5	YX16335T	PDAC_059	Classical	1	0.724589166402043	0.653645833333333	0.930769802900057	0.134327347908935	0.249288593514486	13.3167115155651	cluster_1=13.316712;cluster_2=18.850301;cluster_3=28.016010;cluster_4=31.204161;cluster_5=22.707046	0.653645833333333
STAB_HVG_VAR_FILTER	5	YX16341T	PDAC_060	Basal	5	0.909313298224275	0.992395437262357	0.0714403830693712	0.19435654716759	0.200738751774733	15.8489418053457	cluster_1=24.323303;cluster_2=28.215284;cluster_3=36.514835;cluster_4=30.165797;cluster_5=15.848942	0.992395437262357
STAB_HVG_VAR_FILTER	5	YX16343T	PDAC_061	Hybrid	5	0.906695699762264	0.963476070528967	0.257896635792254	0.130000468393615	0.20625657424076	16.4109544393834	cluster_1=22.103738;cluster_2=27.117911;cluster_3=36.821207;cluster_4=31.710767;cluster_5=16.410954	0.963476070528967
STAB_HVG_VAR_FILTER	5	YX16347T	PDAC_062	Classical	2	0.68502501513734	0.704427083333333	0.899933807916286	0.000885366062238701	0.239353004527503	17.796823201241	cluster_1=19.996821;cluster_2=17.796823;cluster_3=29.323589;cluster_4=34.067550;cluster_5=24.955095	0.704427083333333
STAB_HVG_VAR_FILTER	6	YX15261T	PDAC_001	Classical	1	0.803690514477979	0.807547169811321	0.843721196379043	0.125466952208812	0.166848084455607	18.5278757340664	cluster_1=18.527876;cluster_2=23.116860;cluster_3=30.186345;cluster_4=25.574412;cluster_5=25.189452;cluster_6=26.171180	0.807547169811321
STAB_HVG_VAR_FILTER	6	YX15263T	PDAC_002	Classical	2	0.706762163832239	0.74238578680203	0.859133550479746	0.0221710364874501	0.171919288056926	14.7558569353746	cluster_1=19.172754;cluster_2=14.755857;cluster_3=26.760233;cluster_4=34.246562;cluster_5=27.896127;cluster_6=25.544510	0.74238578680203
STAB_HVG_VAR_FILTER	6	YX15271T	PDAC_003	Hybrid	3	0.714658497898013	0.891414141414141	0.653811573339773	0.306748965422052	0.22789645751366	12.6191560363348	cluster_1=30.432678;cluster_2=28.535895;cluster_3=12.619156;cluster_4=31.130351;cluster_5=39.464904;cluster_6=25.933546	0.891414141414141
STAB_HVG_VAR_FILTER	6	YX16036T	PDAC_004	Hybrid	3	0.690305874237723	0.807692307692308	0.950969932940057	0.167374766042686	0.22620959705171	14.5259287311974	cluster_1=25.131495;cluster_2=25.148173;cluster_3=14.525929;cluster_4=33.209828;cluster_5=35.590691;cluster_6=22.202322	0.807692307692308
STAB_HVG_VAR_FILTER	6	YX16041T	PDAC_005	Classical	2	0.568606966435821	0.842377260981912	0.90438283141881	0.0162319139421799	0.149416441785085	18.5199681679767	cluster_1=24.075980;cluster_2=18.519968;cluster_3=22.412590;cluster_4=36.764838;cluster_5=34.827731;cluster_6=25.837099	0.842377260981912
STAB_HVG_VAR_FILTER	6	YX16057T	PDAC_006	Classical	3	0.657045098260086	0.753494282083863	1.10296941384869	0.104544639336349	0.221889283885554	17.2989075124568	cluster_1=22.369871;cluster_2=23.433852;cluster_3=17.298908;cluster_4=33.621968;cluster_5=33.354887;cluster_6=22.605256	0.753494282083863
STAB_HVG_VAR_FILTER	6	YX16062T	PDAC_007	Classical	1	0.961064183451863	0.971612903225806	0.186237590770655	0.135735988017335	0.183691844943713	16.7545245293138	cluster_1=16.754525;cluster_2=21.373218;cluster_3=29.708677;cluster_4=29.953870;cluster_5=26.046221;cluster_6=25.834326	0.971612903225806
STAB_HVG_VAR_FILTER	6	YX16112T	PDAC_008	Classical	1	0.809063853976511	0.809102402022756	0.929781075120291	0.118578181531855	0.180557279278697	15.9613064325977	cluster_1=15.961306;cluster_2=19.710450;cluster_3=23.617576;cluster_4=28.813550;cluster_5=29.241753;cluster_6=23.418080	0.809102402022756
STAB_HVG_VAR_FILTER	6	YX16113T	PDAC_009	Hybrid	2	0.263798860132838	0.208549222797927	1.20402939051192	-0.0126447081978293	0.0987182019433142	21.6439415623052	cluster_1=26.014568;cluster_2=21.643942;cluster_3=31.421567;cluster_4=24.928301;cluster_5=28.462902;cluster_6=30.393171	0.708549222797927
STAB_HVG_VAR_FILTER	6	YX16119T	PDAC_010	Classical	3	0.518630260648302	0.425948592411261	1.79032357274618	0.0783485916822252	0.194317089855326	17.3041873061	cluster_1=24.964716;cluster_2=18.643506;cluster_3=17.304187;cluster_4=31.547339;cluster_5=33.644014;cluster_6=24.641900	0.425948592411261
STAB_HVG_VAR_FILTER	6	YX16120T	PDAC_011	Classical	2	0.702686119716896	0.754716981132076	0.831843877922467	0.0244318843912733	0.169536066526703	15.4817215273249	cluster_1=20.027406;cluster_2=15.481722;cluster_3=23.705982;cluster_4=29.273354;cluster_5=27.267905;cluster_6=24.457209	0.754716981132076
STAB_HVG_VAR_FILTER	6	YX16127T	PDAC_012	Classical	1	0.959203521429889	0.975093399750934	0.168167017770575	0.1703586410187	0.178901899262229	14.8736190296293	cluster_1=14.873619;cluster_2=21.944125;cluster_3=31.454222;cluster_4=29.655424;cluster_5=21.445777;cluster_6=25.362670	0.975093399750934
STAB_HVG_VAR_FILTER	6	YX16128T	PDAC_013	Classical	3	0.601919731194319	0.528957528957529	1.73081979987104	0.141758319824788	0.205546832107434	15.9702254421963	cluster_1=24.665179;cluster_2=19.692934;cluster_3=15.970225;cluster_4=33.923530;cluster_5=34.182059;cluster_6=24.562317	0.528957528957529
STAB_HVG_VAR_FILTER	6	YX16130T	PDAC_014	Hybrid	3	0.675238729749802	0.65547263681592	1.50482973560621	0.227354145570051	0.217910031129701	15.7851290206685	cluster_1=30.614949;cluster_2=24.655029;cluster_3=15.785129;cluster_4=37.601461;cluster_5=38.451061;cluster_6=25.804267	0.65547263681592
STAB_HVG_VAR_FILTER	6	YX16132T	PDAC_015	Hybrid	3	0.609093317061131	0.54	1.71338208153581	0.1252413751709	0.20751856271491	15.5112279068332	cluster_1=25.442866;cluster_2=18.375007;cluster_3=15.511228;cluster_4=31.691655;cluster_5=33.709742;cluster_6=22.992298	0.54
STAB_HVG_VAR_FILTER	6	YX16135T	PDAC_016	Hybrid	3	0.689174396957964	0.730913642052566	1.3029508432794	0.322165266363384	0.219562530119238	14.4268587562661	cluster_1=33.861212;cluster_2=27.947600;cluster_3=14.426859;cluster_4=36.358987;cluster_5=41.536650;cluster_6=28.623875	0.730913642052566
STAB_HVG_VAR_FILTER	6	YX16139T	PDAC_017	Classical	1	0.961330673303925	0.97712833545108	0.168784251247455	0.144747302331776	0.181618408752825	15.3473722015235	cluster_1=15.347372;cluster_2=20.039014;cluster_3=25.529997;cluster_4=25.547206;cluster_5=25.394069;cluster_6=23.093125	0.97712833545108
STAB_HVG_VAR_FILTER	6	YX16141T	PDAC_018	Hybrid	2	0.551301046201714	0.493589743589744	1.7436636498749	-0.0111148199289329	0.162583382577028	16.5498843984232	cluster_1=22.293927;cluster_2=16.549884;cluster_3=26.457858;cluster_4=30.150099;cluster_5=23.700045;cluster_6=21.228866	0.493589743589744
STAB_HVG_VAR_FILTER	6	YX16144T	PDAC_019	Hybrid	3	0.682390364437029	0.721662468513854	1.32359724812916	0.233810054802614	0.218098175085707	16.1735888283187	cluster_1=30.311296;cluster_2=23.856943;cluster_3=16.173589;cluster_4=29.863833;cluster_5=37.707939;cluster_6=28.066482	0.721662468513854
STAB_HVG_VAR_FILTER	6	YX16147T	PDAC_020	Classical	4	1	0.96687898089172	0.230324440147958	0.0997515454298593	0.0727286879973421	15.5035422453631	cluster_1=24.553256;cluster_2=25.633690;cluster_3=28.070130;cluster_4=15.503542;cluster_5=30.614246;cluster_6=29.673915	0.96687898089172
STAB_HVG_VAR_FILTER	6	YX16153T	PDAC_021	Classical	1	0.957477189067822	0.96	0.242292189082415	0.160846759290016	0.182799464908139	14.1088625044379	cluster_1=14.108863;cluster_2=19.449588;cluster_3=27.175785;cluster_4=34.129389;cluster_5=27.808629;cluster_6=23.484587	0.96
STAB_HVG_VAR_FILTER	6	YX16155T	PDAC_022	Hybrid	1	0.957939460167388	0.973214285714286	0.178006896139314	0.211582698803763	0.179961030725086	13.3772373699578	cluster_1=13.377237;cluster_2=20.779537;cluster_3=29.869608;cluster_4=31.027440;cluster_5=24.841665;cluster_6=24.854762	0.973214285714286
STAB_HVG_VAR_FILTER	6	YX16158T	PDAC_023	Hybrid	4	1	0.975641025641026	0.165260590080859	0.363171439660945	0.0667156698374757	13.0781751259715	cluster_1=34.558826;cluster_2=34.763523;cluster_3=35.147923;cluster_4=13.078175;cluster_5=35.346710;cluster_6=36.075048	0.975641025641026
STAB_HVG_VAR_FILTER	6	YX16159T	PDAC_024	Hybrid	3	0.71217968820848	0.888466413181242	0.676815447026716	0.188694754400534	0.227205515377946	15.7909768801457	cluster_1=29.615471;cluster_2=28.457260;cluster_3=15.790977;cluster_4=29.283733;cluster_5=36.710800;cluster_6=24.239673	0.888466413181242
STAB_HVG_VAR_FILTER	6	YX16160T	PDAC_025	Basal	4	1	0.977215189873418	0.171613806093264	0.221011623937495	0.0722795288666034	15.2409487633036	cluster_1=29.379938;cluster_2=30.345277;cluster_3=32.118430;cluster_4=15.240949;cluster_5=29.942171;cluster_6=30.482708	0.977215189873418
STAB_HVG_VAR_FILTER	6	YX16161T	PDAC_026	Hybrid	3	0.694419572157299	0.742712294043092	1.28000711403645	0.30735434329797	0.220439979735508	14.4826431150763	cluster_1=32.427847;cluster_2=26.104483;cluster_3=14.482643;cluster_4=30.803320;cluster_5=39.257848;cluster_6=27.936076	0.742712294043092
STAB_HVG_VAR_FILTER	6	YX16166T	PDAC_027	Classical	1	0.958043759711976	0.96168108776267	0.234530648893203	0.162719006081308	0.184559928933387	13.1054062703342	cluster_1=13.105406;cluster_2=19.068033;cluster_3=26.993209;cluster_4=32.098241;cluster_5=23.915201;cluster_6=21.521273	0.96168108776267
STAB_HVG_VAR_FILTER	6	YX16177T	PDAC_028	Classical	2	0.699414580078276	0.748443337484433	0.925033964089764	0.041160530064534	0.169022823424776	17.3586489829111	cluster_1=22.323046;cluster_2=17.358649;cluster_3=28.052246;cluster_4=29.509093;cluster_5=31.033348;cluster_6=29.815020	0.748443337484433
STAB_HVG_VAR_FILTER	6	YX16178T	PDAC_029	Classical	2	0.647183523911643	0.592039800995025	1.43685357175024	0.0125161473708797	0.176980484891175	17.3689286277926	cluster_1=21.299443;cluster_2=17.368929;cluster_3=31.104849;cluster_4=34.899630;cluster_5=23.861892;cluster_6=25.296897	0.592039800995025
STAB_HVG_VAR_FILTER	6	YX16180T	PDAC_030	Hybrid	3	0.69285935905962	0.72332506203474	1.33769990596962	0.296698587190308	0.220701525968388	13.191580469659	cluster_1=30.204409;cluster_2=23.960901;cluster_3=13.191580;cluster_4=30.860931;cluster_5=37.995081;cluster_6=26.089219	0.72332506203474
STAB_HVG_VAR_FILTER	6	YX16185T	PDAC_031	Classical	1	0.955988422613532	0.964556962025316	0.241964214093302	0.111279466261108	0.18344891040625	19.2069383429025	cluster_1=19.206938;cluster_2=23.806163;cluster_3=31.318941;cluster_4=33.002682;cluster_5=26.414654;cluster_6=25.853568	0.964556962025316
STAB_HVG_VAR_FILTER	6	YX16188T	PDAC_032	Hybrid	2	0.190210284948039	0.134253450439147	0.943252468134825	-0.0377032359951564	0.0888381188644793	21.9428914580371	cluster_1=27.430491;cluster_2=21.942891;cluster_3=28.010273;cluster_4=24.373054;cluster_5=27.551037;cluster_6=26.507993	0.800501882057716
STAB_HVG_VAR_FILTER	6	YX16194T	PDAC_033	Hybrid	3	0.708725002284274	0.877777777777778	0.701811018351577	0.204361528762898	0.226503798543269	15.6135635557966	cluster_1=30.603798;cluster_2=29.463099;cluster_3=15.613564;cluster_4=33.841324;cluster_5=38.111365;cluster_6=24.651943	0.877777777777778
STAB_HVG_VAR_FILTER	6	YX16202T	PDAC_034	Basal	5	0.448150050637696	0.452991452991453	1.3114545068258	0.0418615272312215	0.142150795496247	22.4568179437938	cluster_1=27.840981;cluster_2=29.993454;cluster_3=35.372985;cluster_4=26.619089;cluster_5=22.456818;cluster_6=27.377370	0.493284493284493
STAB_HVG_VAR_FILTER	6	YX16203T	PDAC_035	Hybrid	3	0.675914318118502	0.762820512820513	1.08054614302939	0.191653569749137	0.224657128557551	13.6157199248287	cluster_1=24.440138;cluster_2=23.056223;cluster_3=13.615720;cluster_4=28.849034;cluster_5=34.777101;cluster_6=22.249017	0.762820512820513
STAB_HVG_VAR_FILTER	6	YX16207T	PDAC_036	Hybrid	3	0.709426578859996	0.884955752212389	0.674508951709642	0.307500108358882	0.226301999902104	13.0704554699861	cluster_1=29.757498;cluster_2=28.302645;cluster_3=13.070455;cluster_4=33.316619;cluster_5=40.499500;cluster_6=26.530787	0.884955752212389
STAB_HVG_VAR_FILTER	6	YX16218T	PDAC_037	Hybrid	3	0.672951738557351	0.684278350515464	1.41641890683204	0.244244761291938	0.216243414443246	15.4265352389373	cluster_1=29.530461;cluster_2=23.649578;cluster_3=15.426535;cluster_4=36.563997;cluster_5=39.002511;cluster_6=27.304257	0.684278350515464
STAB_HVG_VAR_FILTER	6	YX16222T	PDAC_038	Classical	3	0.531574800901912	0.565107458912769	1.68761859480649	0.0359825513817591	0.215741369330824	18.6336858499346	cluster_1=20.478727;cluster_2=20.339180;cluster_3=18.633686;cluster_4=29.612395;cluster_5=32.496446;cluster_6=22.653465	0.565107458912769
STAB_HVG_VAR_FILTER	6	YX16224T	PDAC_039	Hybrid	3	0.72581812136187	0.908860759493671	0.581461696924012	0.318220420572001	0.230846538142209	14.2604815155097	cluster_1=31.065509;cluster_2=28.723713;cluster_3=14.260482;cluster_4=33.159079;cluster_5=41.367798;cluster_6=28.393459	0.908860759493671
STAB_HVG_VAR_FILTER	6	YX16227T	PDAC_040	Classical	2	0.563346588774796	0.84203821656051	0.899020853170763	0.0323895512832084	0.151155764467666	17.336989756196	cluster_1=22.677403;cluster_2=17.336990;cluster_3=21.966099;cluster_4=37.087252;cluster_5=33.556624;cluster_6=24.841726	0.84203821656051
STAB_HVG_VAR_FILTER	6	YX16236T	PDAC_041	Classical	2	0.706966363395822	0.807351077313055	0.794442945215622	0.0708405485555698	0.165803099636185	15.8849356128023	cluster_1=21.746141;cluster_2=15.884936;cluster_3=22.272331;cluster_4=34.969467;cluster_5=31.396378;cluster_6=24.335175	0.807351077313055
STAB_HVG_VAR_FILTER	6	YX15047T	PDAC_042	Basal	5	0.632164574640343	0.641848523748395	1.42674479519105	-0.028808889016504	0.199364443864714	19.2031071876271	cluster_1=20.527832;cluster_2=22.091652;cluster_3=31.755306;cluster_4=28.957853;cluster_5=19.203107;cluster_6=23.698270	0.641848523748395
STAB_HVG_VAR_FILTER	6	YX15106T	PDAC_043	Basal	5	0.900794460159767	1	0	0.221717977899863	0.194362453465493	15.8009139566374	cluster_1=28.445453;cluster_2=30.598132;cluster_3=40.240481;cluster_4=34.085007;cluster_5=15.800914;cluster_6=27.458612	1
STAB_HVG_VAR_FILTER	6	YX15166T	PDAC_044	Basal	5	0.902766724824484	0.998735777496839	0.0139940791366003	0.202066982993605	0.196903470204332	16.679921238392	cluster_1=28.929980;cluster_2=28.526386;cluster_3=38.491883;cluster_4=31.803323;cluster_5=16.679921;cluster_6=27.543075	0.998735777496839
STAB_HVG_VAR_FILTER	6	YX15187T	PDAC_045	Basal	5	0.898360512773016	1	0	0.245174688477824	0.19568415451597	13.7969976935328	cluster_1=26.964358;cluster_2=29.988416;cluster_3=39.819591;cluster_4=34.120905;cluster_5=13.796998;cluster_6=26.527806	1
STAB_HVG_VAR_FILTER	6	YX15211T	PDAC_046	Hybrid	6	0.91276035953464	0.850247524752475	0.841107809973207	0.0841804062826475	0.106263196515186	13.3829559433339	cluster_1=18.580221;cluster_2=20.364558;cluster_3=20.293772;cluster_4=30.072798;cluster_5=25.739041;cluster_6=13.382956	0.850247524752475
STAB_HVG_VAR_FILTER	6	YX15214T	PDAC_047	Basal	5	0.89745169725391	0.990967741935484	0.0743071001509532	0.103090661692478	0.197021658367696	16.9085633722741	cluster_1=28.033403;cluster_2=27.275768;cluster_3=37.633968;cluster_4=35.923284;cluster_5=16.908563;cluster_6=24.024372	0.990967741935484
STAB_HVG_VAR_FILTER	6	YX16009T	PDAC_048	Hybrid	3	0.714583099958285	0.888059701492537	0.671200782507808	0.177109458525617	0.228246240409533	15.3956875823005	cluster_1=28.113421;cluster_2=26.348369;cluster_3=15.395688;cluster_4=24.771360;cluster_5=35.072490;cluster_6=23.403230	0.888059701492537
STAB_HVG_VAR_FILTER	6	YX16011T	PDAC_049	Basal	5	0.906411215278838	1	0	0.212871599531915	0.197466841096889	15.0748455963418	cluster_1=25.621232;cluster_2=29.611716;cluster_3=39.274888;cluster_4=34.314169;cluster_5=15.074846;cluster_6=26.409959	1
STAB_HVG_VAR_FILTER	6	YX16068T	PDAC_050	Basal	5	0.904666024634178	1	0	0.142279623004329	0.197265046929311	16.8661458440264	cluster_1=24.224906;cluster_2=29.823158;cluster_3=40.533971;cluster_4=35.679630;cluster_5=16.866146;cluster_6=28.278002	1
STAB_HVG_VAR_FILTER	6	YX16070T	PDAC_051	Basal	6	0.924415443175639	0.900645161290323	0.623810409278761	0.179486133058369	0.096748600336225	13.4117207934226	cluster_1=24.864177;cluster_2=25.834594;cluster_3=22.287885;cluster_4=31.516234;cluster_5=26.456220;cluster_6=13.411721	0.900645161290323
STAB_HVG_VAR_FILTER	6	YX16075T	PDAC_052	Hybrid	3	0.710162705949789	0.89281210592686	0.64616901360685	0.262426020490704	0.226152654055936	15.6211549028543	cluster_1=29.169795;cluster_2=28.405093;cluster_3=15.621155;cluster_4=31.736615;cluster_5=39.345409;cluster_6=27.208839	0.89281210592686
STAB_HVG_VAR_FILTER	6	YX16079T	PDAC_053	Basal	5	0.912043340204688	1	0	0.143869839077192	0.199147616710543	17.4523996287915	cluster_1=24.916238;cluster_2=25.951713;cluster_3=38.827624;cluster_4=34.844245;cluster_5=17.452400;cluster_6=28.327852	1
STAB_HVG_VAR_FILTER	6	YX16087T	PDAC_054	Basal	5	0.900999175493791	1	0	0.178159095477848	0.196762849810598	14.6304908164033	cluster_1=27.174528;cluster_2=28.725746;cluster_3=39.054741;cluster_4=35.598855;cluster_5=14.630491;cluster_6=24.643847	1
STAB_HVG_VAR_FILTER	6	YX16094T	PDAC_055	Basal	6	0.780000853933464	0.692893401015228	1.18508564106997	0.068425394963605	0.115556224151432	15.6871556492083	cluster_1=23.308271;cluster_2=23.818428;cluster_3=30.716215;cluster_4=34.418334;cluster_5=19.694228;cluster_6=15.687156	0.692893401015228
STAB_HVG_VAR_FILTER	6	YX16172T	PDAC_056	Basal	6	0.939714631316498	0.910336239103362	0.587856936805806	0.233062968488058	0.0913147447415603	12.4458615230894	cluster_1=25.065772;cluster_2=22.359027;cluster_3=23.452139;cluster_4=31.106975;cluster_5=24.331767;cluster_6=12.445862	0.910336239103362
STAB_HVG_VAR_FILTER	6	YX16295T	PDAC_057	Basal	5	0.902778201562295	1	0	0.291652119240506	0.196375327808451	14.1168090269228	cluster_1=28.103437;cluster_2=31.055116;cluster_3=42.203979;cluster_4=35.175528;cluster_5=14.116809;cluster_6=28.928573	1
STAB_HVG_VAR_FILTER	6	YX16327T	PDAC_058	Basal	5	0.685604047904597	0.732165206508135	1.03171651122543	-0.0119480377020022	0.177233400631173	18.86430161773	cluster_1=25.585300;cluster_2=24.782454;cluster_3=32.279278;cluster_4=33.280094;cluster_5=18.864302;cluster_6=21.920666	0.732165206508135
STAB_HVG_VAR_FILTER	6	YX16335T	PDAC_059	Classical	1	0.958921008378909	0.967447916666667	0.20703323464753	0.185264611702151	0.181692320534481	12.5646504423517	cluster_1=12.564650;cluster_2=18.850301;cluster_3=28.016010;cluster_4=31.204161;cluster_5=22.707046;cluster_6=21.715006	0.967447916666667
STAB_HVG_VAR_FILTER	6	YX16341T	PDAC_060	Basal	5	0.901341809676255	0.984790874524715	0.113621093813909	0.138583166784581	0.197723182490242	15.8489418053457	cluster_1=26.310992;cluster_2=28.215284;cluster_3=36.514835;cluster_4=30.165797;cluster_5=15.848942;cluster_6=24.198261	0.984790874524715
STAB_HVG_VAR_FILTER	6	YX16343T	PDAC_061	Hybrid	5	0.895038110842899	0.95088161209068	0.318597998840204	0.12744847225088	0.200878805582493	16.4109544393834	cluster_1=23.225296;cluster_2=27.117911;cluster_3=36.821207;cluster_4=31.710767;cluster_5=16.410954;cluster_6=24.637840	0.95088161209068
STAB_HVG_VAR_FILTER	6	YX16347T	PDAC_062	Classical	2	0.650565273064808	0.647135416666667	1.24867275120967	-0.0214110475341008	0.171562628530298	17.796823201241	cluster_1=20.599032;cluster_2=17.796823;cluster_3=29.323589;cluster_4=34.067550;cluster_5=24.955095;cluster_6=24.172305	0.647135416666667
