genus	analysis_role	model	formula	n	coefficient	robust_se_HC3	ci_lower	ci_upper	t_statistic_HC3	p_value	r_squared	adjusted_r_squared	partial_r_squared	cohens_f2	residual_shapiro_p	residual_breusch_pagan_p	max_abs_studentized_residual	max_cooks_distance	max_leverage	residual_sum_squares	total_sum_squares	multiple_testing_family	coefficient_interpretation	bh_q_value	rank_by_p	analysis_id	matrix_path	n_available_genera	direction	rank_within_analysis	analyses_present	effect_min	effect_max	fraction_analyses_with_primary_direction	evidence_of_sign_reversal	contamination_risk_category
Lysobacter	preprocessing_sensitivity	Model_0	CLR_genus ~ standardized_Moffitt50_contrast	62	-0.031186813039910027	0.23801301536534028	-0.5072837292862468	0.44491010320642677	-0.13102986402671946	0.8961900409598567	0.0002925088549191601	-0.016369282664165485	0.0002925088549191601	0.00029259444138416514	0.010390831432118143	0.5687319889737736	2.1423990780697655	0.14858730651775912	0.09080065219490131	202.77095997478128	202.83028963054406	149_genus_tests_Moffitt50_MICRO_SENS_PREV_10	relative_compositional_CLR_association_not_absolute_load	0.9395983225722478	141	MICRO_SENS_PREV_10	03_processed/microbiome/sensitivity/MICRO_SENS_PREV_10_centered_log_ratio.tsv.gz	149	negative	141	9	-0.1064078828104997	0.06822276164190187	0.8888888888888888	True	LOW_CURRENT_CONCERN
Brevundimonas	preprocessing_sensitivity	Model_0	CLR_genus ~ standardized_Moffitt50_contrast	62	-0.24916193494723962	0.06359579018802927	-0.3763724555496304	-0.12195141434484882	-3.9178998202641995	0.00023146950010404898	0.21685673732341326	0.2038043496121369	0.21685673732341326	0.2769055773808887	0.9010839137246837	0.9920091349222502	2.4591219045021533	0.2160879906816952	0.09080065219490131	13.67607649959585	17.46305835902164	149_genus_tests_Moffitt50_MICRO_SENS_PREV_10	relative_compositional_CLR_association_not_absolute_load	0.0031353595923184815	11	MICRO_SENS_PREV_10	03_processed/microbiome/sensitivity/MICRO_SENS_PREV_10_centered_log_ratio.tsv.gz	149	negative	11	7	-0.47476939770179627	0.16603946550957993	0.8571428571428571	True	HIGH_RISK_POTENTIAL_CONTAMINANT
Paraburkholderia	preprocessing_sensitivity	Model_0	CLR_genus ~ standardized_Moffitt50_contrast	62	-0.18173829261862587	0.16038053167191663	-0.5025471208154497	0.139070535578198	-1.133169286347048	0.26165096319229053	0.014190991605421477	-0.0022391585344880838	0.014190991605421477	0.014395274829687305	5.313750749958687e-08	0.5329389100613262	4.768023862682783	0.22793576471520702	0.09080065219490131	139.95962224249698	141.97437946973693	149_genus_tests_Moffitt50_MICRO_SENS_PREV_10	relative_compositional_CLR_association_not_absolute_load	0.438044870962374	89	MICRO_SENS_PREV_10	03_processed/microbiome/sensitivity/MICRO_SENS_PREV_10_centered_log_ratio.tsv.gz	149	negative	89	6	-0.2295738398272358	-0.17552355289460428	1.0	False	MODERATE_RISK_ENVIRONMENTAL
Aerococcus	preprocessing_sensitivity	Model_0	CLR_genus ~ standardized_Moffitt50_contrast	62	0.21578267205994467	0.14752116543621285	-0.07930359386311725	0.5108689379830066	1.4627234771490984	0.14876184306056764	0.04226531501338626	0.02630307026360945	0.04226531501338626	0.04413050469606518	0.004821192729773476	0.17337066656320158	3.0088258256440583	0.17995575657976828	0.09080065219490131	64.36119130752586	67.20148316276698	149_genus_tests_Moffitt50_MICRO_SENS_PREV_10	relative_compositional_CLR_association_not_absolute_load	0.28786382618213735	77	MICRO_SENS_PREV_10	03_processed/microbiome/sensitivity/MICRO_SENS_PREV_10_centered_log_ratio.tsv.gz	149	positive	77	8	-0.43998823998597864	0.46464313098629384	0.875	True	LOW_CURRENT_CONCERN
Acidovorax	preprocessing_sensitivity	Model_0	CLR_genus ~ standardized_Moffitt50_contrast	62	-0.16066029171954405	0.08052571285612452	-0.3217356997617956	0.0004151163227075205	-1.9951427441144938	0.05057461567230584	0.07270857663263419	0.057253719576511486	0.07270857663263419	0.07840962916339751	0.06091363819295666	0.01614859559003776	2.411346756621644	0.16537444146099006	0.09080065219490131	20.080639409463494	21.65515489892343	149_genus_tests_Moffitt50_MICRO_SENS_PREV_10	relative_compositional_CLR_association_not_absolute_load	0.13723399694923905	54	MICRO_SENS_PREV_10	03_processed/microbiome/sensitivity/MICRO_SENS_PREV_10_centered_log_ratio.tsv.gz	149	negative	54	9	-0.3848994900514588	0.25608410912850155	0.8888888888888888	True	LOW_CURRENT_CONCERN
Cupriavidus	preprocessing_sensitivity	Model_0	CLR_genus ~ standardized_Moffitt50_contrast	62	-0.2657681326412657	0.07240776261810426	-0.4106052225031852	-0.12093104277934619	-3.6704370226572247	0.0005166665583855732	0.12456843850041388	0.10997791247542088	0.12456843850041388	0.14229374856788593	4.805465755204739e-09	0.5696372877144698	8.13335586264236	0.312056787465274	0.09080065219490131	30.27957843087947	34.58817315086461	149_genus_tests_Moffitt50_MICRO_SENS_PREV_10	relative_compositional_CLR_association_not_absolute_load	0.005132221146630027	15	MICRO_SENS_PREV_10	03_processed/microbiome/sensitivity/MICRO_SENS_PREV_10_centered_log_ratio.tsv.gz	149	negative	15	9	-0.47525427738843407	0.11145600631722874	0.8888888888888888	True	BIOLOGICALLY_PLAUSIBLE_BUT_CONTAMINATION_SENSITIVE
Staphylococcus	preprocessing_sensitivity	Model_0	CLR_genus ~ standardized_Moffitt50_contrast	62	-0.4203315296347092	0.16552579496052913	-0.7514324167814346	-0.08923064248798379	-2.539371762177251	0.013714831301695055	0.07636441070236766	0.060970484214073806	0.07636441070236766	0.0826780730270886	0.015382556155292205	0.13850756145117998	2.3045535066967426	0.10822530439194614	0.09080065219490131	130.35371880978911	141.13111309289744	149_genus_tests_Moffitt50_MICRO_SENS_PREV_10	relative_compositional_CLR_association_not_absolute_load	0.05377657536717271	38	MICRO_SENS_PREV_10	03_processed/microbiome/sensitivity/MICRO_SENS_PREV_10_centered_log_ratio.tsv.gz	149	negative	38	9	-0.6117666435337625	-0.0967237405855739	1.0	False	LOW_CURRENT_CONCERN
Neurospora	preprocessing_sensitivity	Model_0	CLR_genus ~ standardized_Moffitt50_contrast	62	-0.4031033421821234	0.12212411610866478	-0.6473879456497021	-0.15881873871454466	-3.300767735534284	0.0016265425966565	0.12751962579748155	0.11297828622743966	0.12751962579748155	0.14615758654060215	9.281787880443706e-10	0.9840635840621441	4.686309333626581	0.26805396530600617	0.09080065219490131	67.81742096178313	77.72945153496539	149_genus_tests_Moffitt50_MICRO_SENS_PREV_10	relative_compositional_CLR_association_not_absolute_load	0.01154070699532469	21	MICRO_SENS_PREV_10	03_processed/microbiome/sensitivity/MICRO_SENS_PREV_10_centered_log_ratio.tsv.gz	149	negative	21	1	-0.4031033421821234	-0.4031033421821234	1.0	False	
Luteimonas	preprocessing_sensitivity	Model_0	CLR_genus ~ standardized_Moffitt50_contrast	62	0.10892621439383185	0.1621946058991453	-0.21551130252868975	0.4333637313163534	0.6715772931534084	0.5044304333286855	0.010375686201810286	-0.006118052361492765	0.010375686201810286	0.0104844697701376	3.6262525383484184e-06	0.004703720071918314	3.946361248416862	0.3591372208477477	0.09080065219490131	69.03163888877367	69.75539901988608	149_genus_tests_Moffitt50_MICRO_SENS_PREV_10	relative_compositional_CLR_association_not_absolute_load	0.7319688905940235	102	MICRO_SENS_PREV_10	03_processed/microbiome/sensitivity/MICRO_SENS_PREV_10_centered_log_ratio.tsv.gz	149	positive	102	6	-0.24135337341528235	0.19972120534171772	0.8333333333333334	True	LOW_CURRENT_CONCERN
Neorhizobium	preprocessing_sensitivity	Model_0	CLR_genus ~ standardized_Moffitt50_contrast	62	0.17687719268540894	0.11666637369807015	-0.056490300525142534	0.4102446858959604	1.5160940301715642	0.13474672003403196	0.049744879132080144	0.03390729378428159	0.049744879132080144	0.052348972438733536	0.08130734507641045	0.0004235432292668273	2.7754254638999107	0.15713520277750334	0.09080065219490131	36.45569205894244	38.36411007777098	149_genus_tests_Moffitt50_MICRO_SENS_PREV_10	relative_compositional_CLR_association_not_absolute_load	0.2720819435186204	73	MICRO_SENS_PREV_10	03_processed/microbiome/sensitivity/MICRO_SENS_PREV_10_centered_log_ratio.tsv.gz	149	positive	73	1	0.17687719268540894	0.17687719268540894	1.0	False	
Rhodopseudomonas	preprocessing_sensitivity	Model_0	CLR_genus ~ standardized_Moffitt50_contrast	62	0.4388516025198835	0.20203914044839688	0.034713149919322006	0.842990055120445	2.172111807375122	0.03380967613286163	0.07377431930146461	0.058337224623155715	0.07377431930146461	0.0796504791854032	0.0021888705250176586	0.21817954694617986	2.2046737325774055	0.17691123466795908	0.09080065219490131	147.49483733480693	159.24287180589738	149_genus_tests_Moffitt50_MICRO_SENS_PREV_10	relative_compositional_CLR_association_not_absolute_load	0.102809015179518	49	MICRO_SENS_PREV_10	03_processed/microbiome/sensitivity/MICRO_SENS_PREV_10_centered_log_ratio.tsv.gz	149	positive	49	9	0.3285600369017634	0.45682013834174473	1.0	False	LOW_CURRENT_CONCERN
Rhodoferax	preprocessing_sensitivity	Model_0	CLR_genus ~ standardized_Moffitt50_contrast	62	0.049612132076063416	0.12583942886440833	-0.20210420340493096	0.3013284675570578	0.39424950131902115	0.6947946515863379	0.0016767592293639444	-0.01496196145014661	0.0016767592293639444	0.001679575473039777	0.00015170750951054793	0.011426178056521163	2.948804644232679	0.06372978618865834	0.09080065219490131	89.3935312864414	89.54367446903849	149_genus_tests_Moffitt50_MICRO_SENS_PREV_10	relative_compositional_CLR_association_not_absolute_load	0.8627033590530363	120	MICRO_SENS_PREV_10	03_processed/microbiome/sensitivity/MICRO_SENS_PREV_10_centered_log_ratio.tsv.gz	149	positive	120	9	-0.11760221629835572	0.07289599979546624	0.8888888888888888	True	LOW_CURRENT_CONCERN
Blastomonas	preprocessing_sensitivity	Model_0	CLR_genus ~ standardized_Moffitt50_contrast	62	-0.08637758586642634	0.04780205096336628	-0.18199592429626257	0.009240752563409893	-1.8069849331908985	0.07577920104317828	0.048809398294134	0.03295622159903633	0.048809398294134	0.05131400395104744	0.009811564576353328	0.8825453970763815	3.9278531152256857	0.12258210113181817	0.09080065219490131	8.869437048432289	9.324563376179112	149_genus_tests_Moffitt50_MICRO_SENS_PREV_10	relative_compositional_CLR_association_not_absolute_load	0.17922382468942166	63	MICRO_SENS_PREV_10	03_processed/microbiome/sensitivity/MICRO_SENS_PREV_10_centered_log_ratio.tsv.gz	149	negative	63	9	-0.30810806699131943	0.33320041136407413	0.8888888888888888	True	LOW_CURRENT_CONCERN
Aeromonas	preprocessing_sensitivity	Model_0	CLR_genus ~ standardized_Moffitt50_contrast	62	0.3882645533185735	0.15910723092818865	0.07000270582619783	0.7065264008109492	2.4402696914121558	0.017646873045817586	0.0890111520442306	0.07382800457830119	0.0890111520442306	0.09770827847560248	0.0008754700211911668	0.8867315474047223	4.4567858238189855	0.18920974883797015	0.09080065219490131	94.11394109742761	103.30965226261154	149_genus_tests_Moffitt50_MICRO_SENS_PREV_10	relative_compositional_CLR_association_not_absolute_load	0.06413131911772733	41	MICRO_SENS_PREV_10	03_processed/microbiome/sensitivity/MICRO_SENS_PREV_10_centered_log_ratio.tsv.gz	149	positive	41	9	-0.36993610811046285	0.6878998899726578	0.8888888888888888	True	LOW_CURRENT_CONCERN
Achromobacter	preprocessing_sensitivity	Model_0	CLR_genus ~ standardized_Moffitt50_contrast	62	-0.21052569767588472	0.11562714712473819	-0.44181442823522094	0.020763032883451493	-1.8207289802694022	0.07363567233271436	0.04645949736293731	0.0305671556523196	0.04645949736293731	0.04872315044243145	0.00015013526342249744	0.3611085474328394	5.322331562104918	0.29641817296304357	0.09080065219490131	55.48871958703462	58.192304819331625	149_genus_tests_Moffitt50_MICRO_SENS_PREV_10	relative_compositional_CLR_association_not_absolute_load	0.17696314802539417	62	MICRO_SENS_PREV_10	03_processed/microbiome/sensitivity/MICRO_SENS_PREV_10_centered_log_ratio.tsv.gz	149	negative	62	9	-0.4029494350455562	0.1319766261892544	0.8888888888888888	True	LOW_CURRENT_CONCERN
Azoarcus	preprocessing_sensitivity	Model_0	CLR_genus ~ standardized_Moffitt50_contrast	62	-0.1702987147162482	0.07548411932281136	-0.3212894341943323	-0.019307995238164094	-2.2560866609300665	0.02772238581884316	0.092733749879097	0.07761264571041537	0.092733749879097	0.10221227767123402	0.46855076184997874	0.23451854288264182	3.169681824813134	0.11296223106163426	0.09080065219490131	17.308104530892898	19.077205317167262	149_genus_tests_Moffitt50_MICRO_SENS_PREV_10	relative_compositional_CLR_association_not_absolute_load	0.09078403274075493	45	MICRO_SENS_PREV_10	03_processed/microbiome/sensitivity/MICRO_SENS_PREV_10_centered_log_ratio.tsv.gz	149	negative	45	9	-0.3942746859776195	0.24674330221477256	0.8888888888888888	True	LOW_CURRENT_CONCERN
Enterobacter	preprocessing_sensitivity	Model_0	CLR_genus ~ standardized_Moffitt50_contrast	62	0.28510812902054505	0.2157438381601346	-0.14644380056416917	0.7166600586052593	1.3215122686791416	0.19134768216634193	0.025467222984479343	0.009225010034220715	0.025467222984479343	0.02613275159658765	0.051036483205782066	0.0024060704369107786	2.223368860592426	0.09440309308420439	0.09080065219490131	189.74218389986865	194.700669259118	149_genus_tests_Moffitt50_MICRO_SENS_PREV_10	relative_compositional_CLR_association_not_absolute_load	0.35198524250351787	81	MICRO_SENS_PREV_10	03_processed/microbiome/sensitivity/MICRO_SENS_PREV_10_centered_log_ratio.tsv.gz	149	positive	81	9	0.03969291725914792	0.35951297607592725	1.0	False	LOW_CURRENT_CONCERN
Methyloversatilis	preprocessing_sensitivity	Model_0	CLR_genus ~ standardized_Moffitt50_contrast	62	-0.0454144432573321	0.052045417274357776	-0.1495207780770533	0.058691891562389104	-0.8725925477344056	0.3863639147400394	0.012580925188693914	-0.0038760593914943797	0.012580925188693914	0.012741221543748389	0.03281354219062745	0.8194661432107616	4.084789429965647	0.11054294030160854	0.09080065219490131	9.874309979368139	10.000120750406916	149_genus_tests_Moffitt50_MICRO_SENS_PREV_10	relative_compositional_CLR_association_not_absolute_load	0.6059812978554302	95	MICRO_SENS_PREV_10	03_processed/microbiome/sensitivity/MICRO_SENS_PREV_10_centered_log_ratio.tsv.gz	149	negative	95	9	-0.2700977226113444	0.37082864023250756	0.8888888888888888	True	LOW_CURRENT_CONCERN
Mycobacterium	preprocessing_sensitivity	Model_0	CLR_genus ~ standardized_Moffitt50_contrast	62	-0.12731499621771597	0.19901138646187044	-0.5253970391134336	0.27076704667800167	-0.6397372455977983	0.5247787259494757	0.007851782704760057	-0.008684020916827295	0.007851782704760057	0.007913921093529066	1.6461385374024081e-06	0.08981834476739321	2.828059050035216	0.1509221388333996	0.09080065219490131	124.93877463416283	125.92753023813977	149_genus_tests_Moffitt50_MICRO_SENS_PREV_10	relative_compositional_CLR_association_not_absolute_load	0.7446860015854465	105	MICRO_SENS_PREV_10	03_processed/microbiome/sensitivity/MICRO_SENS_PREV_10_centered_log_ratio.tsv.gz	149	negative	105	8	-0.2483434173588759	-0.01002275332773586	1.0	False	LOW_CURRENT_CONCERN
Rubrivivax	preprocessing_sensitivity	Model_0	CLR_genus ~ standardized_Moffitt50_contrast	62	0.4649524600150128	0.1263532679596701	0.21220829331090046	0.7176966267191252	3.6797818332915453	0.0005014818788563601	0.14477575583580482	0.13052201843306832	0.14477575583580482	0.1692839706354363	0.03222483474046275	0.12596314598554154	2.120442521180596	0.16459036557959394	0.09080065219490131	77.89885920689926	91.08588740141398	149_genus_tests_Moffitt50_MICRO_SENS_PREV_10	relative_compositional_CLR_association_not_absolute_load	0.005132221146630027	14	MICRO_SENS_PREV_10	03_processed/microbiome/sensitivity/MICRO_SENS_PREV_10_centered_log_ratio.tsv.gz	149	positive	14	9	-0.14255031101523494	0.6890998729537884	0.8888888888888888	True	LOW_CURRENT_CONCERN
Mesorhizobium	preprocessing_sensitivity	Model_0	CLR_genus ~ standardized_Moffitt50_contrast	62	0.3615595697627998	0.15520620191493906	0.05110094210924171	0.6720181974163579	2.329543312714739	0.02321401282810883	0.08008136251632025	0.06474938522492568	0.08008136251632025	0.08705265797785403	0.2616663789758844	0.9771239054336073	2.4397686861704546	0.14584160971993176	0.09080065219490131	91.60254100155423	99.57678567326492	149_genus_tests_Moffitt50_MICRO_SENS_PREV_10	relative_compositional_CLR_association_not_absolute_load	0.08043925375321431	43	MICRO_SENS_PREV_10	03_processed/microbiome/sensitivity/MICRO_SENS_PREV_10_centered_log_ratio.tsv.gz	149	positive	43	8	-0.2155946253935093	0.5796558786667678	0.875	True	MODERATE_RISK_ENVIRONMENTAL
Nocardioides	preprocessing_sensitivity	Model_0	CLR_genus ~ standardized_Moffitt50_contrast	62	0.6565435534117708	0.15756759759763833	0.3413614311171955	0.9717256757063462	4.166742169213674	0.00010062107543120947	0.194678747764928	0.18125672689434347	0.194678747764928	0.2417404821052724	0.08759680732242132	0.6081704592765145	2.7047702780001575	0.1582982704851045	0.09080065219490131	108.76960060694088	135.06361629606073	149_genus_tests_Moffitt50_MICRO_SENS_PREV_10	relative_compositional_CLR_association_not_absolute_load	0.001499254023925021	10	MICRO_SENS_PREV_10	03_processed/microbiome/sensitivity/MICRO_SENS_PREV_10_centered_log_ratio.tsv.gz	149	positive	10	9	0.0014533719312191237	0.9216275608468687	1.0	False	LOW_CURRENT_CONCERN
Comamonas	preprocessing_sensitivity	Model_0	CLR_genus ~ standardized_Moffitt50_contrast	62	-0.1434268014837813	0.048916571756914023	-0.2412745134295407	-0.045579089538021936	-2.9320697737471537	0.0047602070917784215	0.0951604333510756	0.08007977390692689	0.0951604333510756	0.10516829376007783	0.0007776406090429748	0.9804201007407868	4.865951057974533	0.14359939811295488	0.09080065219490131	11.93179089962845	13.186636990044397	149_genus_tests_Moffitt50_MICRO_SENS_PREV_10	relative_compositional_CLR_association_not_absolute_load	0.027720605809063204	25	MICRO_SENS_PREV_10	03_processed/microbiome/sensitivity/MICRO_SENS_PREV_10_centered_log_ratio.tsv.gz	149	negative	25	7	-0.3690210376262675	0.2717895009042564	0.8571428571428571	True	HIGH_RISK_POTENTIAL_CONTAMINANT
Dechloromonas	preprocessing_sensitivity	Model_0	CLR_genus ~ standardized_Moffitt50_contrast	62	-0.3844071477013687	0.10051017317450371	-0.5854574281926046	-0.1833568672101328	-3.824559599892131	0.0003143262469572322	0.2488555269741105	0.23633645242367907	0.2488555269741105	0.3313018146450946	0.000251681290519535	0.5580850126191069	3.7075500581344154	0.2556139162235072	0.09080065219490131	27.207518247656104	36.22141841509409	149_genus_tests_Moffitt50_MICRO_SENS_PREV_10	relative_compositional_CLR_association_not_absolute_load	0.0039028842330523	12	MICRO_SENS_PREV_10	03_processed/microbiome/sensitivity/MICRO_SENS_PREV_10_centered_log_ratio.tsv.gz	149	negative	12	8	-0.610176916443837	0.030611278190279773	0.875	True	MODERATE_RISK_ENVIRONMENTAL
Chelatococcus	preprocessing_sensitivity	Model_0	CLR_genus ~ standardized_Moffitt50_contrast	62	0.22708441331501023	0.13752581245529666	-0.048008169810061285	0.5021769964400817	1.6512130287456035	0.10392017396208322	0.06516695945294515	0.04958640877716092	0.06516695945294515	0.06970973064324952	0.032558113229716475	2.165134935103692e-05	2.586310700887362	0.2221643425152523	0.09080065219490131	45.1243628110701	48.26996998807806	149_genus_tests_Moffitt50_MICRO_SENS_PREV_10	relative_compositional_CLR_association_not_absolute_load	0.2244073321789913	69	MICRO_SENS_PREV_10	03_processed/microbiome/sensitivity/MICRO_SENS_PREV_10_centered_log_ratio.tsv.gz	149	positive	69	7	-0.35943713101054353	0.45352436596998374	0.8571428571428571	True	LOW_CURRENT_CONCERN
Bordetella	preprocessing_sensitivity	Model_0	CLR_genus ~ standardized_Moffitt50_contrast	62	-0.03390676705323193	0.11721039755118216	-0.2683624699922872	0.20054893588582332	-0.2892812221580077	0.7733634140964563	0.0008454002570523755	-0.015807176405330026	0.0008454002570523755	0.0008461155633671421	4.348983200128937e-08	0.08869161981716969	2.763154088856474	0.10359297909401702	0.09080065219490131	82.88442265860633	82.95455245857845	149_genus_tests_Moffitt50_MICRO_SENS_PREV_10	relative_compositional_CLR_association_not_absolute_load	0.8863215209899127	130	MICRO_SENS_PREV_10	03_processed/microbiome/sensitivity/MICRO_SENS_PREV_10_centered_log_ratio.tsv.gz	149	negative	130	9	-0.15801591206741342	0.15808509814265914	0.8888888888888888	True	LOW_CURRENT_CONCERN
Parvimonas	preprocessing_sensitivity	Model_0	CLR_genus ~ standardized_Moffitt50_contrast	62	0.12464110183502286	0.2254790889306075	-0.32638422866263095	0.5756664323326767	0.5527834196340127	0.5824654234607379	0.00748200187623671	-0.009059964759159378	0.00748200187623671	0.007538404230835653	1.7386243984984783e-07	0.01538593800702842	5.295475280298429	0.4757987165818715	0.09080065219490131	125.71091059155407	126.65857025181963	149_genus_tests_Moffitt50_MICRO_SENS_PREV_10	relative_compositional_CLR_association_not_absolute_load	0.7889758917786359	110	MICRO_SENS_PREV_10	03_processed/microbiome/sensitivity/MICRO_SENS_PREV_10_centered_log_ratio.tsv.gz	149	positive	110	1	0.12464110183502286	0.12464110183502286	1.0	False	
Kocuria	preprocessing_sensitivity	Model_0	CLR_genus ~ standardized_Moffitt50_contrast	62	0.06693049507757584	0.21727381312036734	-0.36768184008782834	0.50154283024298	0.30804676420207655	0.7591136373983416	0.0015844473206416687	-0.015055811890680948	0.0015844473206416687	0.0015869617779787478	0.0015714188858982335	0.4571649144488952	2.0945741356341947	0.12002131891457447	0.09080065219490131	172.1913944261171	172.46465558756822	149_genus_tests_Moffitt50_MICRO_SENS_PREV_10	relative_compositional_CLR_association_not_absolute_load	0.8843365003105573	127	MICRO_SENS_PREV_10	03_processed/microbiome/sensitivity/MICRO_SENS_PREV_10_centered_log_ratio.tsv.gz	149	positive	127	9	-0.029317548333144244	0.08203008655403657	0.8888888888888888	True	LOW_CURRENT_CONCERN
Bosea	preprocessing_sensitivity	Model_0	CLR_genus ~ standardized_Moffitt50_contrast	62	0.3968939712353046	0.18368042317475577	0.029478420812183048	0.7643095216584261	2.160785370456681	0.03471456490422747	0.08369920856522428	0.06842752870797808	0.08369920856522428	0.09134468653482787	0.021060547624466307	0.36552815048482545	3.3566012032943546	0.17479221363207964	0.09080065219490131	105.19510935006602	114.80412363864478	149_genus_tests_Moffitt50_MICRO_SENS_PREV_10	relative_compositional_CLR_association_not_absolute_load	0.10344940341459785	50	MICRO_SENS_PREV_10	03_processed/microbiome/sensitivity/MICRO_SENS_PREV_10_centered_log_ratio.tsv.gz	149	positive	50	9	0.22389621387352693	0.7115024363829625	1.0	False	LOW_CURRENT_CONCERN
Phenylobacterium	preprocessing_sensitivity	Model_0	CLR_genus ~ standardized_Moffitt50_contrast	62	0.0176584613244255	0.18130298452097834	-0.34500150373757255	0.38031842638642355	0.09739752145327901	0.9227353417134146	0.00019964627867252727	-0.01646369295001615	0.00019964627867252727	0.00019968614526833255	0.018562273335253114	0.9025596139677267	2.2233454250013662	0.16372423137464304	0.09080065219490131	95.2549642918137	95.27398538845082	149_genus_tests_Moffitt50_MICRO_SENS_PREV_10	relative_compositional_CLR_association_not_absolute_load	0.9514960523742033	144	MICRO_SENS_PREV_10	03_processed/microbiome/sensitivity/MICRO_SENS_PREV_10_centered_log_ratio.tsv.gz	149	positive	144	9	-0.21706339432744476	0.06043358537804597	0.6666666666666666	True	LOW_CURRENT_CONCERN
Chromobacterium	preprocessing_sensitivity	Model_0	CLR_genus ~ standardized_Moffitt50_contrast	62	-0.06735730094693484	0.12119683933527502	-0.30978707470429767	0.17507247281042795	-0.5557678015067685	0.5804361818610424	0.007441131771262932	-0.009101516032549384	0.007441131771262932	0.007496917320926207	0.0678030352457063	5.718708699016047e-05	2.6649195893205504	0.2225971429489804	0.09080065219490131	36.916155480292005	37.19291284573421	149_genus_tests_Moffitt50_MICRO_SENS_PREV_10	relative_compositional_CLR_association_not_absolute_load	0.7889758917786359	109	MICRO_SENS_PREV_10	03_processed/microbiome/sensitivity/MICRO_SENS_PREV_10_centered_log_ratio.tsv.gz	149	negative	109	1	-0.06735730094693484	-0.06735730094693484	1.0	False	
Vibrio	preprocessing_sensitivity	Model_0	CLR_genus ~ standardized_Moffitt50_contrast	62	-0.2839824925938571	0.07636811326472172	-0.4367414632286183	-0.13122352195909592	-3.718600348413255	0.00044284928870647885	0.16910127785409346	0.15525296581832837	0.16910127785409346	0.20351611255023586	3.189636273914347e-06	0.2408377997437558	6.3503733085396705	0.19977512538817507	0.09080065219490131	24.172088197069506	29.09149761915853	149_genus_tests_Moffitt50_MICRO_SENS_PREV_10	relative_compositional_CLR_association_not_absolute_load	0.005075734155174257	13	MICRO_SENS_PREV_10	03_processed/microbiome/sensitivity/MICRO_SENS_PREV_10_centered_log_ratio.tsv.gz	149	negative	13	1	-0.2839824925938571	-0.2839824925938571	1.0	False	
Xanthomonas	preprocessing_sensitivity	Model_0	CLR_genus ~ standardized_Moffitt50_contrast	62	0.1151951437882759	0.19157897696450746	-0.26801986657754845	0.4984101541541002	0.6012932400699547	0.5499097938202762	0.005509349770454142	-0.011065494400038123	0.005509349770454142	0.005539870856686774	0.09347740486772581	0.22888373387523855	2.138080023259087	0.11402739868776887	0.09080065219490131	146.1162563599158	146.9257215502123	149_genus_tests_Moffitt50_MICRO_SENS_PREV_10	relative_compositional_CLR_association_not_absolute_load	0.7676096898857028	106	MICRO_SENS_PREV_10	03_processed/microbiome/sensitivity/MICRO_SENS_PREV_10_centered_log_ratio.tsv.gz	149	positive	106	9	-0.12549556930516964	0.1685307743332001	0.8888888888888888	True	LOW_CURRENT_CONCERN
Azospira	preprocessing_sensitivity	Model_0	CLR_genus ~ standardized_Moffitt50_contrast	62	-0.021874935955043803	0.14782324173894038	-0.3175654444485337	0.2738155725384461	-0.14798035611798785	0.8828544602314214	0.00029115589714667767	-0.016370658171234176	0.00029115589714667767	0.0002912406935921061	0.00018229860137355556	0.03650338511880095	2.088721686243341	0.09764810538487664	0.09080065219490131	100.22391392242211	100.25310320462738	149_genus_tests_Moffitt50_MICRO_SENS_PREV_10	relative_compositional_CLR_association_not_absolute_load	0.9395983225722478	138	MICRO_SENS_PREV_10	03_processed/microbiome/sensitivity/MICRO_SENS_PREV_10_centered_log_ratio.tsv.gz	149	negative	138	9	-0.07620677347319324	-0.009782914418844477	1.0	False	LOW_CURRENT_CONCERN
Deinococcus	preprocessing_sensitivity	Model_0	CLR_genus ~ standardized_Moffitt50_contrast	62	-0.010044670427690514	0.16093138658748357	-0.3319553725123688	0.31186603165698773	-0.062415857097149606	0.9504391299288398	8.25687150421972e-05	-0.016582721806373657	8.25687150421972e-05	8.257553319786728e-05	0.00040422640557099767	0.022835457667775904	2.16566172762313	0.10523748063119662	0.09080065219490131	74.53321105805482	74.53936567769887	149_genus_tests_Moffitt50_MICRO_SENS_PREV_10	relative_compositional_CLR_association_not_absolute_load	0.9590825381799579	147	MICRO_SENS_PREV_10	03_processed/microbiome/sensitivity/MICRO_SENS_PREV_10_centered_log_ratio.tsv.gz	149	negative	147	9	-0.22986178284624154	0.031810294018513485	0.8888888888888888	True	LOW_CURRENT_CONCERN
Hydrogenophaga	preprocessing_sensitivity	Model_0	CLR_genus ~ standardized_Moffitt50_contrast	62	-0.2386856137600694	0.07214528347054927	-0.3829976671548105	-0.09437356036532829	-3.3084021890010904	0.001589557158505267	0.11566633276582872	0.10092743831192597	0.11566633276582872	0.13079489908779002	1.6564794280936564e-05	0.725406276986934	6.044333663430431	0.22577149225591123	0.09080065219490131	26.569997602465374	30.045217757642654	149_genus_tests_Moffitt50_MICRO_SENS_PREV_10	relative_compositional_CLR_association_not_absolute_load	0.01154070699532469	20	MICRO_SENS_PREV_10	03_processed/microbiome/sensitivity/MICRO_SENS_PREV_10_centered_log_ratio.tsv.gz	149	negative	20	9	-0.44695758884248316	0.13991111124886363	0.8888888888888888	True	LOW_CURRENT_CONCERN
Porphyrobacter	preprocessing_sensitivity	Model_0	CLR_genus ~ standardized_Moffitt50_contrast	62	-0.10343530432446	0.06907754951177268	-0.24161097616294108	0.034740367514021084	-1.497379467794118	0.1395371188029357	0.02239137754218823	0.006097900501224718	0.02239137754218823	0.022904234913450262	1.4595952703636357e-08	0.3165834145134155	5.094576961176406	0.26666320106631564	0.09080065219490131	28.493883139448176	29.146513732470492	149_genus_tests_Moffitt50_MICRO_SENS_PREV_10	relative_compositional_CLR_association_not_absolute_load	0.2772137426884989	75	MICRO_SENS_PREV_10	03_processed/microbiome/sensitivity/MICRO_SENS_PREV_10_centered_log_ratio.tsv.gz	149	negative	75	9	-0.2765363425352776	0.20037411264436958	0.8888888888888888	True	LOW_CURRENT_CONCERN
Aromatoleum	preprocessing_sensitivity	Model_0	CLR_genus ~ standardized_Moffitt50_contrast	62	0.2854848136437769	0.1510770407819049	-0.016714261988626966	0.5876838892761809	1.8896637911772667	0.06363707262655706	0.04319168229143122	0.027244876996288414	0.04319168229143122	0.04514141598901405	0.0012643482377322666	0.7827556810221601	2.2577960272284976	0.05838373078557982	0.09080065219490131	110.13381390837299	115.10541021646752	149_genus_tests_Moffitt50_MICRO_SENS_PREV_10	relative_compositional_CLR_association_not_absolute_load	0.16348144519581037	58	MICRO_SENS_PREV_10	03_processed/microbiome/sensitivity/MICRO_SENS_PREV_10_centered_log_ratio.tsv.gz	149	positive	58	9	-0.29320953734121424	0.491506412046362	0.8888888888888888	True	LOW_CURRENT_CONCERN
Microbacterium	preprocessing_sensitivity	Model_0	CLR_genus ~ standardized_Moffitt50_contrast	62	0.35318681579693056	0.1624134750013555	0.028311495485951688	0.6780621361079094	2.1746152269322656	0.03361248604271992	0.06090929680488166	0.04525778508496303	0.06090929680488166	0.06485986561004886	0.0798599130293109	0.5011606534524866	2.3279804520982945	0.14980952383387153	0.09080065219490131	117.31748850309602	124.92668504111528	149_genus_tests_Moffitt50_MICRO_SENS_PREV_10	relative_compositional_CLR_association_not_absolute_load	0.102809015179518	48	MICRO_SENS_PREV_10	03_processed/microbiome/sensitivity/MICRO_SENS_PREV_10_centered_log_ratio.tsv.gz	149	positive	48	9	-0.08520596426249223	0.5160267710139143	0.8888888888888888	True	LOW_CURRENT_CONCERN
Mitsuaria	preprocessing_sensitivity	Model_0	CLR_genus ~ standardized_Moffitt50_contrast	62	0.08188839811453165	0.17154174750705642	-0.26124618580835346	0.42502298203741673	0.47736716749468316	0.6348350504135405	0.005258742445311104	-0.01132027851393369	0.005258742445311104	0.00528654301344487	0.00019131808812137286	0.0012194765027463573	2.54919217367373	0.1952207343986912	0.09080065219490131	77.37538377183279	77.7844320663244	149_genus_tests_Moffitt50_MICRO_SENS_PREV_10	relative_compositional_CLR_association_not_absolute_load	0.8353514191584864	113	MICRO_SENS_PREV_10	03_processed/microbiome/sensitivity/MICRO_SENS_PREV_10_centered_log_ratio.tsv.gz	149	positive	113	7	-0.13146021074424055	0.12727482329082404	0.8571428571428571	True	LOW_CURRENT_CONCERN
Pandoraea	preprocessing_sensitivity	Model_0	CLR_genus ~ standardized_Moffitt50_contrast	62	0.46319550356438133	0.09148106870313637	0.28020612108196075	0.6461848860468019	5.063293533085944	4.193156034598834e-06	0.300539784543303	0.28888211428569144	0.300539784543303	0.4296738798032597	0.226613005972667	0.05483680109697719	3.7058445900059054	0.26252152939552315	0.09080065219490131	30.459274256676835	43.54682880253472	149_genus_tests_Moffitt50_MICRO_SENS_PREV_10	relative_compositional_CLR_association_not_absolute_load	0.0002082600830517421	3	MICRO_SENS_PREV_10	03_processed/microbiome/sensitivity/MICRO_SENS_PREV_10_centered_log_ratio.tsv.gz	149	positive	3	9	-0.5456379311439243	0.8742960847593249	0.8888888888888888	True	LOW_CURRENT_CONCERN
Rhodococcus	preprocessing_sensitivity	Model_0	CLR_genus ~ standardized_Moffitt50_contrast	62	-0.03259127867065975	0.1664719702701783	-0.36558479822852	0.3004022408872005	-0.19577637375087964	0.8454467365255314	0.0006291723899651824	-0.016027008070202076	0.0006291723899651824	0.0006295684970811378	0.00036723883758354596	0.9831560428688509	2.496424276800054	0.08311858942942148	0.09080065219490131	102.9175990683575	102.9823927465262	149_genus_tests_Moffitt50_MICRO_SENS_PREV_10	relative_compositional_CLR_association_not_absolute_load	0.9395983225722478	134	MICRO_SENS_PREV_10	03_processed/microbiome/sensitivity/MICRO_SENS_PREV_10_centered_log_ratio.tsv.gz	149	negative	134	9	-0.14268623077401146	-0.028207831559175084	1.0	False	LOW_CURRENT_CONCERN
Streptococcus	preprocessing_sensitivity	Model_0	CLR_genus ~ standardized_Moffitt50_contrast	62	0.3233983981945944	0.1478916092145462	0.02757113438855363	0.6192256620006352	2.186725804879442	0.03267272915630567	0.03975975430764456	0.023755750212771987	0.03975975430764456	0.04140604862794191	2.477226593491649e-05	0.9957101833964417	4.48748798549819	0.1262507408101683	0.09080065219490131	154.07840575590146	160.45818371714606	149_genus_tests_Moffitt50_MICRO_SENS_PREV_10	relative_compositional_CLR_association_not_absolute_load	0.102809015179518	47	MICRO_SENS_PREV_10	03_processed/microbiome/sensitivity/MICRO_SENS_PREV_10_centered_log_ratio.tsv.gz	149	positive	47	9	-0.32746799762473516	0.5624492567048618	0.8888888888888888	True	LOW_CURRENT_CONCERN
Rhizorhabdus	preprocessing_sensitivity	Model_0	CLR_genus ~ standardized_Moffitt50_contrast	62	-0.2467439366773906	0.08431765919269413	-0.4154043667178773	-0.07808350663690392	-2.9263613226441447	0.004837152691514385	0.06826221205384031	0.05273324892140441	0.06826221205384031	0.07326332895042444	4.333168789886915e-08	0.7060479504304512	5.0807659814284225	0.16867253977679053	0.09080065219490131	50.69161940516595	54.40545619267636	149_genus_tests_Moffitt50_MICRO_SENS_PREV_10	relative_compositional_CLR_association_not_absolute_load	0.027720605809063204	26	MICRO_SENS_PREV_10	03_processed/microbiome/sensitivity/MICRO_SENS_PREV_10_centered_log_ratio.tsv.gz	149	negative	26	9	-0.45101556253195624	0.11880202223864327	0.8888888888888888	True	LOW_CURRENT_CONCERN
Citromicrobium	preprocessing_sensitivity	Model_0	CLR_genus ~ standardized_Moffitt50_contrast	62	0.020269458092304585	0.14773439130748717	-0.27524332307666444	0.3157822392612736	0.13720202799710138	0.8913304803416937	0.0004126449907245755	-0.016247144259429858	0.0004126449907245755	0.00041281533690544383	0.02851521537566336	0.1987002760954371	2.451710003459713	0.1562325873740749	0.09080065219490131	60.70972798773138	60.734789894544065	149_genus_tests_Moffitt50_MICRO_SENS_PREV_10	relative_compositional_CLR_association_not_absolute_load	0.9395983225722478	140	MICRO_SENS_PREV_10	03_processed/microbiome/sensitivity/MICRO_SENS_PREV_10_centered_log_ratio.tsv.gz	149	positive	140	8	-0.24433764086255402	0.08801287332680278	0.625	True	LOW_CURRENT_CONCERN
Massilia	preprocessing_sensitivity	Model_0	CLR_genus ~ standardized_Moffitt50_contrast	62	0.19000880502397738	0.13884556058742054	-0.0877236674153889	0.46774127746334365	1.3684903155714743	0.1762611836757962	0.02449776098676837	0.008239390336547858	0.02449776098676837	0.025112972586868745	1.9765805145664665e-06	0.0018732011460821129	2.165342063347058	0.08059096827419628	0.09080065219490131	87.69587501308318	89.89817911826822	149_genus_tests_Moffitt50_MICRO_SENS_PREV_10	relative_compositional_CLR_association_not_absolute_load	0.3324419793378941	79	MICRO_SENS_PREV_10	03_processed/microbiome/sensitivity/MICRO_SENS_PREV_10_centered_log_ratio.tsv.gz	149	positive	79	9	0.06097083215404797	0.20851399837116188	1.0	False	LOW_CURRENT_CONCERN
Candida	preprocessing_sensitivity	Model_0	CLR_genus ~ standardized_Moffitt50_contrast	62	-1.0939940377459845	0.24162079235367265	-1.5773075824443956	-0.6106804930475733	-4.527731355771111	2.8847769500079877e-05	0.23458403435332087	0.22182710159254293	0.23458403435332087	0.30647914974588647	0.004887277550883773	0.00022417730608514062	2.983184620059424	0.12849870825007292	0.09080065219490131	238.20935385843234	311.2155540904817	149_genus_tests_Moffitt50_MICRO_SENS_PREV_10	relative_compositional_CLR_association_not_absolute_load	0.0006079410244140851	6	MICRO_SENS_PREV_10	03_processed/microbiome/sensitivity/MICRO_SENS_PREV_10_centered_log_ratio.tsv.gz	149	negative	6	9	-1.659106789594824	0.04321095299072192	0.8888888888888888	True	LOW_CURRENT_CONCERN
Ramlibacter	preprocessing_sensitivity	Model_0	CLR_genus ~ standardized_Moffitt50_contrast	62	-0.3324197704858138	0.09563270356797271	-0.523713659146165	-0.14112588182546262	-3.476005153922479	0.0009522665316457895	0.19945503106755857	0.18611261491868458	0.19945503106755857	0.24914906570900044	0.04833562071864674	0.13892712200445895	2.85037922623847	0.16052626928606878	0.09080065219490131	27.05479594402025	33.79547307642055	149_genus_tests_Moffitt50_MICRO_SENS_PREV_10	relative_compositional_CLR_association_not_absolute_load	0.008346336071483685	17	MICRO_SENS_PREV_10	03_processed/microbiome/sensitivity/MICRO_SENS_PREV_10_centered_log_ratio.tsv.gz	149	negative	17	9	-0.5581009449099799	0.0826983858998724	0.8888888888888888	True	LOW_CURRENT_CONCERN
Caulobacter	preprocessing_sensitivity	Model_0	CLR_genus ~ standardized_Moffitt50_contrast	62	-0.08869310974119547	0.04544555450234065	-0.17959775343245782	0.002211533950066874	-1.9516344494515385	0.05565412597719874	0.04713903212601411	0.03125801599478106	0.04713903212601411	0.049471049518577996	0.0002741779320831949	0.917154429027241	4.87238803555578	0.1438704919622318	0.09080065219490131	9.699703873660292	10.179558404309681	149_genus_tests_Moffitt50_MICRO_SENS_PREV_10	relative_compositional_CLR_association_not_absolute_load	0.14548183808074758	57	MICRO_SENS_PREV_10	03_processed/microbiome/sensitivity/MICRO_SENS_PREV_10_centered_log_ratio.tsv.gz	149	negative	57	7	-0.3141267058656657	0.3267041949783222	0.8571428571428571	True	HIGH_RISK_POTENTIAL_CONTAMINANT
Bacteroides	preprocessing_sensitivity	Model_0	CLR_genus ~ standardized_Moffitt50_contrast	62	0.2803945508998239	0.29399106141430065	-0.3076751289388623	0.8684642307385101	0.95375195950153	0.3440359629484421	0.016547992304083325	0.00015712550915147894	0.016547992304083325	0.016826436038147746	0.01976585602280845	0.10197364995571574	2.520757951535418	0.16344474564294398	0.09080065219490131	285.0209838708687	289.8168712255018	149_genus_tests_Moffitt50_MICRO_SENS_PREV_10	relative_compositional_CLR_association_not_absolute_load	0.5511974030034179	93	MICRO_SENS_PREV_10	03_processed/microbiome/sensitivity/MICRO_SENS_PREV_10_centered_log_ratio.tsv.gz	149	positive	93	9	0.2085361443718291	0.3629281165357989	1.0	False	LOW_CURRENT_CONCERN
Myroides	preprocessing_sensitivity	Model_0	CLR_genus ~ standardized_Moffitt50_contrast	62	-0.23909696245937118	0.08997190755717281	-0.4190675731884523	-0.05912635173029007	-2.657462411891585	0.010074998643810004	0.06565401323373499	0.050081580120963975	0.06565401323373499	0.07026734653290582	7.133251835302237e-08	0.31129158410776786	6.212751214484623	0.2576023108249574	0.09080065219490131	49.62772862444902	53.11493742934419	149_genus_tests_Moffitt50_MICRO_SENS_PREV_10	relative_compositional_CLR_association_not_absolute_load	0.040572291835883526	37	MICRO_SENS_PREV_10	03_processed/microbiome/sensitivity/MICRO_SENS_PREV_10_centered_log_ratio.tsv.gz	149	negative	37	1	-0.23909696245937118	-0.23909696245937118	1.0	False	
Martelella	preprocessing_sensitivity	Model_0	CLR_genus ~ standardized_Moffitt50_contrast	62	-0.11520356449097965	0.10334045580459342	-0.32191525316286873	0.09150812418090945	-1.114796365024925	0.26938317738033696	0.026254116194832977	0.010025018131413543	0.026254116194832977	0.02696197912769412	0.07292745298366542	0.0016260387440771306	3.027946927229339	0.1986348959362765	0.09080065219490131	30.02685870064698	30.836442238204047	149_genus_tests_Moffitt50_MICRO_SENS_PREV_10	relative_compositional_CLR_association_not_absolute_load	0.44597881588522453	90	MICRO_SENS_PREV_10	03_processed/microbiome/sensitivity/MICRO_SENS_PREV_10_centered_log_ratio.tsv.gz	149	negative	90	1	-0.11520356449097965	-0.11520356449097965	1.0	False	
Enterococcus	preprocessing_sensitivity	Model_0	CLR_genus ~ standardized_Moffitt50_contrast	62	-0.04389784025977447	0.1559089267076892	-0.35576212678574604	0.26796644626619714	-0.281560787998225	0.7792491224810641	0.001181105784812897	-0.01546587578544023	0.001181105784812897	0.0011825024452915861	1.1042533822718785e-05	0.14829956931201216	2.91398879632424	0.09957158575658757	0.09080065219490131	99.40634255421037	99.5238907973582	149_genus_tests_Moffitt50_MICRO_SENS_PREV_10	relative_compositional_CLR_association_not_absolute_load	0.8863215209899127	131	MICRO_SENS_PREV_10	03_processed/microbiome/sensitivity/MICRO_SENS_PREV_10_centered_log_ratio.tsv.gz	149	negative	131	7	-0.2298813209184645	-0.012890142506474578	1.0	False	LOW_CURRENT_CONCERN
Laribacter	preprocessing_sensitivity	Model_0	CLR_genus ~ standardized_Moffitt50_contrast	62	0.12560610054535287	0.14840683151904416	-0.17125176131422837	0.4224639624049341	0.8463633328714696	0.4007131270870309	0.017031785054253956	0.0006489814718249054	0.017031785054253956	0.01732689297099399	0.04248535249248438	0.00016521376915324082	2.5868976512667863	0.20800618097402343	0.09080065219490131	55.54316309091463	56.50555353306139	149_genus_tests_Moffitt50_MICRO_SENS_PREV_10	relative_compositional_CLR_association_not_absolute_load	0.6155284117110063	97	MICRO_SENS_PREV_10	03_processed/microbiome/sensitivity/MICRO_SENS_PREV_10_centered_log_ratio.tsv.gz	149	positive	97	7	-0.23930810783405404	0.25523828637123697	0.8571428571428571	True	LOW_CURRENT_CONCERN
Variovorax	preprocessing_sensitivity	Model_0	CLR_genus ~ standardized_Moffitt50_contrast	62	-0.28134887745118325	0.083237438366325	-0.4478485441253893	-0.11484921077697716	-3.3800761168667504	0.0012789849751025676	0.19147469477499635	0.1779992730212463	0.19147469477499635	0.23681966852195313	0.22924324089082174	0.4695863565941266	2.8990371672824664	0.1375946876156708	0.09080065219490131	20.389305802013116	25.217894443438603	149_genus_tests_Moffitt50_MICRO_SENS_PREV_10	relative_compositional_CLR_association_not_absolute_load	0.010587153405015698	18	MICRO_SENS_PREV_10	03_processed/microbiome/sensitivity/MICRO_SENS_PREV_10_centered_log_ratio.tsv.gz	149	negative	18	9	-0.5062890166792315	0.13460549111784675	0.8888888888888888	True	LOW_CURRENT_CONCERN
Pseudomonas	preprocessing_sensitivity	Model_0	CLR_genus ~ standardized_Moffitt50_contrast	62	0.14010413495191915	0.06782848165912361	0.004426970818639991	0.27578129908519833	2.065564959216122	0.04319678280132158	0.07831721176089379	0.06295583195690879	0.07831721176089379	0.08497198033883265	0.002365381195569789	0.07743041266685775	4.027438314019832	0.15156776688529985	0.09080065219490131	14.091460287185408	15.288839573653568	149_genus_tests_Moffitt50_MICRO_SENS_PREV_10	relative_compositional_CLR_association_not_absolute_load	0.12377539687301761	52	MICRO_SENS_PREV_10	03_processed/microbiome/sensitivity/MICRO_SENS_PREV_10_centered_log_ratio.tsv.gz	149	positive	52	9	-0.08549070714273956	0.5553197543428676	0.8888888888888888	True	BIOLOGICALLY_PLAUSIBLE_BUT_CONTAMINATION_SENSITIVE
Methylobacterium	preprocessing_sensitivity	Model_0	CLR_genus ~ standardized_Moffitt50_contrast	62	0.24003228650803066	0.12084626702106006	-0.0016962382127494735	0.48176081122881076	1.9862614909420402	0.05157787804803615	0.03646543043804029	0.02040652094534101	0.03646543043804029	0.03784548223798357	1.0606248393380568e-06	0.031251130930399475	2.391017547991067	0.077123552676937	0.09080065219490131	92.86565277308897	96.38019818563167	149_genus_tests_Moffitt50_MICRO_SENS_PREV_10	relative_compositional_CLR_association_not_absolute_load	0.13723399694923905	56	MICRO_SENS_PREV_10	03_processed/microbiome/sensitivity/MICRO_SENS_PREV_10_centered_log_ratio.tsv.gz	149	positive	56	9	0.1933856744331671	0.26302630389204706	1.0	False	BIOLOGICALLY_PLAUSIBLE_BUT_CONTAMINATION_SENSITIVE
Elizabethkingia	preprocessing_sensitivity	Model_0	CLR_genus ~ standardized_Moffitt50_contrast	62	0.41846140805984855	0.17666628201167667	0.06507622892853465	0.7718465871911624	2.3686546368377783	0.021090259063521164	0.052350047355179674	0.036555881477766006	0.052350047355179674	0.05524196694050857	3.2525602314198516e-06	0.7639364076243956	4.894278297615934	0.18808933895033175	0.09080065219490131	193.36217632628134	204.0438832784426	149_genus_tests_Moffitt50_MICRO_SENS_PREV_10	relative_compositional_CLR_association_not_absolute_load	0.07482020477296794	42	MICRO_SENS_PREV_10	03_processed/microbiome/sensitivity/MICRO_SENS_PREV_10_centered_log_ratio.tsv.gz	149	positive	42	7	0.19333376074063405	0.834203814164222	1.0	False	HIGH_RISK_POTENTIAL_CONTAMINANT
Tessaracoccus	preprocessing_sensitivity	Model_0	CLR_genus ~ standardized_Moffitt50_contrast	62	-0.07807108700639487	0.07937353235888644	-0.23684179090945381	0.08069961689666408	-0.9835909362506057	0.32926643333778594	0.017224173923689023	0.0008445768224172312	0.017224173923689023	0.017526045580970154	0.22088231306094974	0.7776705151968966	3.7980504915911277	0.12130100925179221	0.09080065219490131	21.214184939223074	21.585985711431025	149_genus_tests_Moffitt50_MICRO_SENS_PREV_10	relative_compositional_CLR_association_not_absolute_load	0.5332684626883707	92	MICRO_SENS_PREV_10	03_processed/microbiome/sensitivity/MICRO_SENS_PREV_10_centered_log_ratio.tsv.gz	149	negative	92	9	-0.3014307485195948	0.3396662970328276	0.8888888888888888	True	LOW_CURRENT_CONCERN
Agrobacterium	preprocessing_sensitivity	Model_0	CLR_genus ~ standardized_Moffitt50_contrast	62	-0.18417743283242363	0.10511918156987718	-0.3944471027785705	0.026092237113723216	-1.7520820661069652	0.08486900207959724	0.05534345631069182	0.03959918058253675	0.05534345631069182	0.058585796796104074	0.024590518337399447	0.15436818497563784	3.9795115860154087	0.19674211509747427	0.09080065219490131	35.31915661829593	37.38835755094517	149_genus_tests_Moffitt50_MICRO_SENS_PREV_10	relative_compositional_CLR_association_not_absolute_load	0.19758564546656235	64	MICRO_SENS_PREV_10	03_processed/microbiome/sensitivity/MICRO_SENS_PREV_10_centered_log_ratio.tsv.gz	149	negative	64	9	-0.4096484481680811	0.2311776858832548	0.8888888888888888	True	LOW_CURRENT_CONCERN
Azospirillum	preprocessing_sensitivity	Model_0	CLR_genus ~ standardized_Moffitt50_contrast	62	0.1308742026136443	0.17345190905307714	-0.21608127328944143	0.47782967851673	0.7545273115073997	0.45348401246001613	0.010219986173278683	-0.00627634739049987	0.010219986173278683	0.010325512771030628	0.014940395243038852	0.6030580223498543	2.14876616171435	0.1727466422964267	0.09080065219490131	101.18736905991402	102.23218053140916	149_genus_tests_Moffitt50_MICRO_SENS_PREV_10	relative_compositional_CLR_association_not_absolute_load	0.6755683529609602	100	MICRO_SENS_PREV_10	03_processed/microbiome/sensitivity/MICRO_SENS_PREV_10_centered_log_ratio.tsv.gz	149	positive	100	9	-0.20345224187648708	0.23705431387501902	0.8888888888888888	True	LOW_CURRENT_CONCERN
Clostridium	preprocessing_sensitivity	Model_0	CLR_genus ~ standardized_Moffitt50_contrast	62	-0.2977283174837974	0.248675466548105	-0.7951533116083518	0.19969667664075696	-1.197256495047948	0.23591544347064258	0.022327055328252077	0.0060325062503896465	0.022327055328252077	0.022836936881533883	1.8190406151622036e-10	0.4916724841903527	3.810321126768162	0.1966527091683	0.09080065219490131	236.7730506497113	242.180221862647	149_genus_tests_Moffitt50_MICRO_SENS_PREV_10	relative_compositional_CLR_association_not_absolute_load	0.40873722182704353	86	MICRO_SENS_PREV_10	03_processed/microbiome/sensitivity/MICRO_SENS_PREV_10_centered_log_ratio.tsv.gz	149	negative	86	7	-0.41688453664955655	-0.17447146947156106	1.0	False	LOW_CURRENT_CONCERN
Ensifer	preprocessing_sensitivity	Model_0	CLR_genus ~ standardized_Moffitt50_contrast	62	0.445927930905375	0.15866215556801952	0.12855636668657788	0.7632994951241722	2.8105500603400206	0.006669705450759444	0.11539721847149553	0.10065383877935385	0.11539721847149553	0.1304508881060726	0.4215390305535041	0.287507155608234	2.687086398178415	0.14507591168123676	0.09080065219490131	92.98483950060431	105.11479439385876	149_genus_tests_Moffitt50_MICRO_SENS_PREV_10	relative_compositional_CLR_association_not_absolute_load	0.03066843368937006	32	MICRO_SENS_PREV_10	03_processed/microbiome/sensitivity/MICRO_SENS_PREV_10_centered_log_ratio.tsv.gz	149	positive	32	9	-0.18286826333619935	0.7006069735000906	0.8888888888888888	True	LOW_CURRENT_CONCERN
Roseomonas	preprocessing_sensitivity	Model_0	CLR_genus ~ standardized_Moffitt50_contrast	62	-0.03425974405871612	0.17029345558463707	-0.3748973723679478	0.30637788425051554	-0.20118062635524345	0.8412378059988269	0.001064831040564651	-0.01558408844209258	0.001064831040564651	0.0010659661143714238	0.00030084651057331454	0.08749391632608022	2.763357162770467	0.21124480956607994	0.09080065219490131	67.16680096657925	67.23839850042035	149_genus_tests_Moffitt50_MICRO_SENS_PREV_10	relative_compositional_CLR_association_not_absolute_load	0.9395983225722478	133	MICRO_SENS_PREV_10	03_processed/microbiome/sensitivity/MICRO_SENS_PREV_10_centered_log_ratio.tsv.gz	149	negative	133	7	-0.2087329530620105	-0.0010848606149457243	1.0	False	LOW_CURRENT_CONCERN
Croceicoccus	preprocessing_sensitivity	Model_0	CLR_genus ~ standardized_Moffitt50_contrast	62	0.06587150090441082	0.1935508079057595	-0.3212877585985803	0.453030760407402	0.3403318313012874	0.7347953333270413	0.002102986535089002	-0.014528630355992833	0.002102986535089002	0.002107418407624034	2.3685576326587094e-07	0.030855719967174032	2.4287852845674753	0.21127101252937963	0.09080065219490131	125.5955303217577	125.86021265427308	149_genus_tests_Moffitt50_MICRO_SENS_PREV_10	relative_compositional_CLR_association_not_absolute_load	0.8843365003105573	123	MICRO_SENS_PREV_10	03_processed/microbiome/sensitivity/MICRO_SENS_PREV_10_centered_log_ratio.tsv.gz	149	positive	123	9	0.029793905760261908	0.06587150090441082	1.0	False	LOW_CURRENT_CONCERN
Simplicispira	preprocessing_sensitivity	Model_0	CLR_genus ~ standardized_Moffitt50_contrast	62	-0.18631608137517744	0.09918728449015266	-0.3847201905123386	0.0120880277619837	-1.878427081988266	0.06518389934833738	0.07724364100858594	0.061864368358729105	0.07724364100858594	0.0837096816032938	0.02260300645855601	0.009997805538973377	3.5300216319125375	0.3328105244138967	0.09080065219490131	25.296173302321865	27.41370791524097	149_genus_tests_Moffitt50_MICRO_SENS_PREV_10	relative_compositional_CLR_association_not_absolute_load	0.16461696615088592	59	MICRO_SENS_PREV_10	03_processed/microbiome/sensitivity/MICRO_SENS_PREV_10_centered_log_ratio.tsv.gz	149	negative	59	1	-0.18631608137517744	-0.18631608137517744	1.0	False	
Rhodobacter	preprocessing_sensitivity	Model_0	CLR_genus ~ standardized_Moffitt50_contrast	62	0.26107427241143616	0.21739609742904298	-0.1737826677902784	0.6959312126131507	1.2009151751063494	0.23450362359606694	0.026771444433982272	0.010550968507882064	0.026771444433982272	0.02750786984298085	0.0006835180412672206	0.7805867635707331	1.9492762433214474	0.17910228667052105	0.09080065219490131	151.14752041353645	155.30526673216133	149_genus_tests_Moffitt50_MICRO_SENS_PREV_10	relative_compositional_CLR_association_not_absolute_load	0.40873722182704353	84	MICRO_SENS_PREV_10	03_processed/microbiome/sensitivity/MICRO_SENS_PREV_10_centered_log_ratio.tsv.gz	149	positive	84	9	-0.043015260923906576	0.3474735820889823	0.8888888888888888	True	LOW_CURRENT_CONCERN
Micrococcus	preprocessing_sensitivity	Model_0	CLR_genus ~ standardized_Moffitt50_contrast	62	-0.02580438369773945	0.2764860926568087	-0.5788589126563867	0.5272501452609079	-0.09332977094717533	0.925952534189661	0.00017991248197346543	-0.016483755643326825	0.00017991248197346543	0.00017994485629918057	4.6116243495338364e-05	0.8053852833335243	1.8353447494266295	0.1042479642360835	0.09080065219490131	225.7238141426125	225.76443198191174	149_genus_tests_Moffitt50_MICRO_SENS_PREV_10	relative_compositional_CLR_association_not_absolute_load	0.9514960523742033	145	MICRO_SENS_PREV_10	03_processed/microbiome/sensitivity/MICRO_SENS_PREV_10_centered_log_ratio.tsv.gz	149	negative	145	9	-0.11824482363478143	0.06125927896510893	0.7777777777777778	True	LOW_CURRENT_CONCERN
Bradyrhizobium	preprocessing_sensitivity	Model_0	CLR_genus ~ standardized_Moffitt50_contrast	62	0.17246991500541278	0.12088444622391	-0.0693349794916743	0.41427480950249984	1.426733714657987	0.15883989247346497	0.030674675343647206	0.01451925326604142	0.030674675343647206	0.0316453873259961	0.47387359589056627	0.13191644969487767	2.4595957525762318	0.09616673948905279	0.09080065219490131	57.33847235959865	59.15297052609906	149_genus_tests_Moffitt50_MICRO_SENS_PREV_10	relative_compositional_CLR_association_not_absolute_load	0.3034249228018754	78	MICRO_SENS_PREV_10	03_processed/microbiome/sensitivity/MICRO_SENS_PREV_10_centered_log_ratio.tsv.gz	149	positive	78	9	-0.05220776042730265	0.588719273938456	0.8888888888888888	True	BIOLOGICALLY_PLAUSIBLE_BUT_CONTAMINATION_SENSITIVE
Aquabacterium	preprocessing_sensitivity	Model_0	CLR_genus ~ standardized_Moffitt50_contrast	62	-0.1579022296125771	0.10425441135788184	-0.36644210158712687	0.05063764236197266	-1.5145855945657247	0.13512794510320747	0.021228042297143257	0.004915176335429039	0.021228042297143257	0.021688445536348144	5.8125341213538196e-08	0.3201824498642418	3.650335940404681	0.14882224265138444	0.09080065219490131	70.12581692703816	71.64673688815216	149_genus_tests_Moffitt50_MICRO_SENS_PREV_10	relative_compositional_CLR_association_not_absolute_load	0.2720819435186204	74	MICRO_SENS_PREV_10	03_processed/microbiome/sensitivity/MICRO_SENS_PREV_10_centered_log_ratio.tsv.gz	149	negative	74	9	-0.31610622843601016	0.09838843324846691	0.8888888888888888	True	LOW_CURRENT_CONCERN
Pseudonocardia	preprocessing_sensitivity	Model_0	CLR_genus ~ standardized_Moffitt50_contrast	62	-0.0363774533779575	0.1602050104969954	-0.3568351869508691	0.28408028019495407	-0.2270681376637702	0.8211426652377822	0.0017164744833355616	-0.014921584275275457	0.0017164744833355616	0.0017194258339054483	2.354395094838558e-05	1.5323011936208897e-05	3.1817679895134097	0.4387948043796935	0.09080065219490131	46.947338104641126	47.02806057061133	149_genus_tests_Moffitt50_MICRO_SENS_PREV_10	relative_compositional_CLR_association_not_absolute_load	0.9268958872759814	132	MICRO_SENS_PREV_10	03_processed/microbiome/sensitivity/MICRO_SENS_PREV_10_centered_log_ratio.tsv.gz	149	negative	132	1	-0.0363774533779575	-0.0363774533779575	1.0	False	
Prevotella	preprocessing_sensitivity	Model_0	CLR_genus ~ standardized_Moffitt50_contrast	62	0.08437951204656395	0.234637683087967	-0.3849657343967686	0.5537247584898966	0.35961620033099967	0.7203968162845642	0.001856891650281467	-0.014778826822213764	0.001856891650281467	0.001860346111442438	3.806346446009775e-08	0.5788224338456364	5.407653379782975	0.16441777256756074	0.09080065219490131	233.4587217802294	233.89303580547562	149_genus_tests_Moffitt50_MICRO_SENS_PREV_10	relative_compositional_CLR_association_not_absolute_load	0.8798288985770497	122	MICRO_SENS_PREV_10	03_processed/microbiome/sensitivity/MICRO_SENS_PREV_10_centered_log_ratio.tsv.gz	149	positive	122	8	-0.086727673839346	0.11844940032578634	0.875	True	LOW_CURRENT_CONCERN
Sulfuritalea	preprocessing_sensitivity	Model_0	CLR_genus ~ standardized_Moffitt50_contrast	62	0.08146436762175006	0.12175035753699255	-0.16207260738895357	0.3250013426324537	0.6691098841085372	0.5059919176589558	0.010944561429116373	-0.0055396958803983765	0.010944561429116373	0.011065670337883691	0.08374040084842829	0.0010791051441732251	2.734939998667078	0.3370981555831484	0.09080065219490131	36.58368832178175	36.98851135649446	149_genus_tests_Moffitt50_MICRO_SENS_PREV_10	relative_compositional_CLR_association_not_absolute_load	0.7319688905940235	103	MICRO_SENS_PREV_10	03_processed/microbiome/sensitivity/MICRO_SENS_PREV_10_centered_log_ratio.tsv.gz	149	positive	103	7	-0.3671647377803614	0.23742308397315082	0.8571428571428571	True	LOW_CURRENT_CONCERN
Escherichia	preprocessing_sensitivity	Model_0	CLR_genus ~ standardized_Moffitt50_contrast	62	-0.1978468933349552	0.2648284399442827	-0.7275826449629381	0.3318888582930277	-0.7470757044695814	0.45793559496011393	0.008281006716527206	-0.008247643171530594	0.008281006716527206	0.008350154401207645	3.0644313583733196e-08	0.9350811685561702	2.775302710025266	0.1798417173663605	0.09080065219490131	285.9524352022265	288.3401821875664	149_genus_tests_Moffitt50_MICRO_SENS_PREV_10	relative_compositional_CLR_association_not_absolute_load	0.6755683529609602	101	MICRO_SENS_PREV_10	03_processed/microbiome/sensitivity/MICRO_SENS_PREV_10_centered_log_ratio.tsv.gz	149	negative	101	8	-0.29994939621157063	-0.07765983859141491	1.0	False	LOW_CURRENT_CONCERN
Moraxella	preprocessing_sensitivity	Model_0	CLR_genus ~ standardized_Moffitt50_contrast	62	0.027685777026975406	0.1620453146438218	-0.29645311292267684	0.3518246669766276	0.17085206744686934	0.8649149485022893	0.0004001084416823675	-0.01625988975095627	0.0004001084416823675	0.0004002685925251771	0.020006659828504737	0.06910999588517107	2.068853059376368	0.07576459019212974	0.09080065219490131	116.81315521122757	116.8599118484524	149_genus_tests_Moffitt50_MICRO_SENS_PREV_10	relative_compositional_CLR_association_not_absolute_load	0.9395983225722478	136	MICRO_SENS_PREV_10	03_processed/microbiome/sensitivity/MICRO_SENS_PREV_10_centered_log_ratio.tsv.gz	149	positive	136	9	-0.019348150201788605	0.05441808627834647	0.7777777777777778	True	LOW_CURRENT_CONCERN
Shinella	preprocessing_sensitivity	Model_0	CLR_genus ~ standardized_Moffitt50_contrast	62	-0.016336716645099152	0.11832806614181307	-0.2530280896317271	0.22035465634152884	-0.13806290576506192	0.8906530091788031	0.00019082238606127344	-0.016472663907504348	0.00019082238606127344	0.0001908588061940722	1.491964883300349e-09	0.5368444773831366	5.393733327977891	0.21308005176602396	0.09080065219490131	85.29963735982695	85.31591754678222	149_genus_tests_Moffitt50_MICRO_SENS_PREV_10	relative_compositional_CLR_association_not_absolute_load	0.9395983225722478	139	MICRO_SENS_PREV_10	03_processed/microbiome/sensitivity/MICRO_SENS_PREV_10_centered_log_ratio.tsv.gz	149	negative	139	9	-0.18815592009410778	0.27934349426687316	0.8888888888888888	True	LOW_CURRENT_CONCERN
Cutibacterium	preprocessing_sensitivity	Model_0	CLR_genus ~ standardized_Moffitt50_contrast	62	-0.3050777835395918	0.10565918842847083	-0.5164276280288563	-0.09372793905032731	-2.88737579833034	0.0053942680997952925	0.13340282280192806	0.11895953651529356	0.13340282280192806	0.1539386768293582	0.9664214850633381	0.392914171543583	2.6348034508124316	0.1586561263765555	0.09080065219490131	36.88104777507393	42.55846746964916	149_genus_tests_Moffitt50_MICRO_SENS_PREV_10	relative_compositional_CLR_association_not_absolute_load	0.027962903300019822	28	MICRO_SENS_PREV_10	03_processed/microbiome/sensitivity/MICRO_SENS_PREV_10_centered_log_ratio.tsv.gz	149	negative	28	9	-0.5301639531414378	0.11071122879435037	0.8888888888888888	True	LOW_CURRENT_CONCERN
Chryseobacterium	preprocessing_sensitivity	Model_0	CLR_genus ~ standardized_Moffitt50_contrast	62	0.4054593897847324	0.12914669737995604	0.1471275322952716	0.6637912472741931	3.139525810651205	0.002625149324076983	0.08607808815784002	0.07084605629380403	0.08607808815784002	0.09418538612815998	1.2766784549764194e-07	0.3193153987017403	5.128132860663809	0.20081907433831067	0.09080065219490131	106.47337909721351	116.50161541985455	149_genus_tests_Moffitt50_MICRO_SENS_PREV_10	relative_compositional_CLR_association_not_absolute_load	0.017779420422157747	22	MICRO_SENS_PREV_10	03_processed/microbiome/sensitivity/MICRO_SENS_PREV_10_centered_log_ratio.tsv.gz	149	positive	22	9	-0.3740108559502305	0.7127171626372459	0.8888888888888888	True	LOW_CURRENT_CONCERN
Aminobacter	preprocessing_sensitivity	Model_0	CLR_genus ~ standardized_Moffitt50_contrast	62	0.060402790893993176	0.15035251296856228	-0.24034701333139272	0.3611525951193791	0.40174114619968476	0.6893019812453349	0.002578614827097425	-0.014045074925784329	0.002578614827097425	0.0025852812717168916	0.003315291612671225	0.2561297069120453	2.406594093993559	0.09168549842003182	0.09080065219490131	86.08669719986527	86.30925552588006	149_genus_tests_Moffitt50_MICRO_SENS_PREV_10	relative_compositional_CLR_association_not_absolute_load	0.8627033590530363	119	MICRO_SENS_PREV_10	03_processed/microbiome/sensitivity/MICRO_SENS_PREV_10_centered_log_ratio.tsv.gz	149	positive	119	9	-0.24092469454535548	0.1564522681286722	0.8888888888888888	True	LOW_CURRENT_CONCERN
Sphingopyxis	preprocessing_sensitivity	Model_0	CLR_genus ~ standardized_Moffitt50_contrast	62	-0.1387069105889226	0.0479163538640688	-0.23455388886208398	-0.04285993231576121	-2.8947718138657295	0.005284212355250436	0.10835423504629726	0.09349347229706895	0.10835423504629726	0.12152161688551662	0.005915314961365392	0.5472870773218576	3.850613484201456	0.13869044870141428	0.09080065219490131	9.657672929567417	10.83128895931993	149_genus_tests_Moffitt50_MICRO_SENS_PREV_10	relative_compositional_CLR_association_not_absolute_load	0.027962903300019822	27	MICRO_SENS_PREV_10	03_processed/microbiome/sensitivity/MICRO_SENS_PREV_10_centered_log_ratio.tsv.gz	149	negative	27	8	-0.36430425996026083	0.276505884125694	0.875	True	MODERATE_RISK_ENVIRONMENTAL
Thiomonas	preprocessing_sensitivity	Model_0	CLR_genus ~ standardized_Moffitt50_contrast	62	0.034485438640100334	0.1896528162169623	-0.3448766765775601	0.4138475538577608	0.18183457186656846	0.8563254770531584	0.0006452392580220678	-0.016010673421010813	0.0006452392580220678	0.000645655860530454	5.3673483157276055e-05	0.8779110065616049	2.354985849915935	0.155002449707112	0.09080065219490131	112.35702888311633	112.42957285728653	149_genus_tests_Moffitt50_MICRO_SENS_PREV_10	relative_compositional_CLR_association_not_absolute_load	0.9395983225722478	135	MICRO_SENS_PREV_10	03_processed/microbiome/sensitivity/MICRO_SENS_PREV_10_centered_log_ratio.tsv.gz	149	positive	135	9	-0.021532683918471227	0.08142286817244676	0.7777777777777778	True	LOW_CURRENT_CONCERN
Flavobacterium	preprocessing_sensitivity	Model_0	CLR_genus ~ standardized_Moffitt50_contrast	62	-0.16831134472719964	0.05079197449069793	-0.26991042067674653	-0.06671226877765271	-3.3137389600403164	0.0015641757334079094	0.12649971114836012	0.11194137300083284	0.12649971114836012	0.14481931232634718	0.007637369105770805	0.522645729024851	4.5267552427820945	0.12925806170845286	0.09080065219490131	11.932464025947372	13.660515260543942	149_genus_tests_Moffitt50_MICRO_SENS_PREV_10	relative_compositional_CLR_association_not_absolute_load	0.01154070699532469	19	MICRO_SENS_PREV_10	03_processed/microbiome/sensitivity/MICRO_SENS_PREV_10_centered_log_ratio.tsv.gz	149	negative	19	9	-0.393077952299256	0.247837964787162	0.8888888888888888	True	LOW_CURRENT_CONCERN
Bifidobacterium	preprocessing_sensitivity	Model_0	CLR_genus ~ standardized_Moffitt50_contrast	62	-0.4030258966199429	0.16344855248801204	-0.7299716801730969	-0.07608011306678897	-2.4657660804276773	0.016548593332785504	0.1076832002226068	0.09281125355965025	0.1076832002226068	0.12067821680536621	2.443796457521298e-09	0.6793754772446723	3.801285847679237	0.3891883132102088	0.09080065219490131	82.10448029825571	92.01270257238053	149_genus_tests_Moffitt50_MICRO_SENS_PREV_10	relative_compositional_CLR_association_not_absolute_load	0.061643510164626006	40	MICRO_SENS_PREV_10	03_processed/microbiome/sensitivity/MICRO_SENS_PREV_10_centered_log_ratio.tsv.gz	149	negative	40	1	-0.4030258966199429	-0.4030258966199429	1.0	False	
Verminephrobacter	preprocessing_sensitivity	Model_0	CLR_genus ~ standardized_Moffitt50_contrast	62	0.037063044707126146	0.11584543815284828	-0.19466233292030394	0.26878842233455624	0.3199352973936236	0.7501288261532795	0.0025200110822015676	-0.01410465539976169	0.0025200110822015676	0.0025263775817052905	0.022691167500320165	0.00016043601141251722	2.71211884131431	0.23280407407155732	0.09080065219490131	33.167578301636134	33.25137212789684	149_genus_tests_Moffitt50_MICRO_SENS_PREV_10	relative_compositional_CLR_association_not_absolute_load	0.8843365003105573	125	MICRO_SENS_PREV_10	03_processed/microbiome/sensitivity/MICRO_SENS_PREV_10_centered_log_ratio.tsv.gz	149	positive	125	7	-0.3012078938216442	0.14723977879467354	0.2857142857142857	True	LOW_CURRENT_CONCERN
Citrobacter	preprocessing_sensitivity	Model_0	CLR_genus ~ standardized_Moffitt50_contrast	62	-0.5529474692353951	0.2455895360926655	-1.0441996833910463	-0.06169525507974377	-2.2515107037245987	0.028027285275669306	0.07159952942495595	0.0561261882487053	0.07159952942495595	0.07712138424553766	7.1525069700085485e-06	0.5377254483567118	1.9683023286410246	0.05468502454203971	0.09080065219490131	241.83701200672834	260.4878171344919	149_genus_tests_Moffitt50_MICRO_SENS_PREV_10	relative_compositional_CLR_association_not_absolute_load	0.09078403274075493	46	MICRO_SENS_PREV_10	03_processed/microbiome/sensitivity/MICRO_SENS_PREV_10_centered_log_ratio.tsv.gz	149	negative	46	9	-0.8402377941493787	-0.0941438315238226	1.0	False	LOW_CURRENT_CONCERN
Sphingobium	preprocessing_sensitivity	Model_0	CLR_genus ~ standardized_Moffitt50_contrast	62	-0.3724565551770839	0.06999226428453707	-0.5124619289832899	-0.23245118137087795	-5.321395999748622	1.6122887251859128e-06	0.34476220728743256	0.33384157740888987	0.34476220728743256	0.5261634953322497	0.08069069422699802	0.4672157469701107	3.5876569974506287	0.24226214959656353	0.09080065219490131	16.08275201572787	24.544909030885037	149_genus_tests_Moffitt50_MICRO_SENS_PREV_10	relative_compositional_CLR_association_not_absolute_load	0.00012011551002635051	2	MICRO_SENS_PREV_10	03_processed/microbiome/sensitivity/MICRO_SENS_PREV_10_centered_log_ratio.tsv.gz	149	negative	2	9	-0.5980979111566338	0.0427066561292963	0.8888888888888888	True	LOW_CURRENT_CONCERN
Methylorubrum	preprocessing_sensitivity	Model_0	CLR_genus ~ standardized_Moffitt50_contrast	62	0.5535984328687747	0.19469367603289173	0.16415309674023149	0.943043768997318	2.8434330490285125	0.00609308880943637	0.08695065129004909	0.07173316214488334	0.08695065129004909	0.09523105340680854	0.16435722334617567	0.18769648983415502	2.4017925105761386	0.10993557202475567	0.09080065219490131	196.30933449302657	215.00407921038706	149_genus_tests_Moffitt50_MICRO_SENS_PREV_10	relative_compositional_CLR_association_not_absolute_load	0.029286136535678037	31	MICRO_SENS_PREV_10	03_processed/microbiome/sensitivity/MICRO_SENS_PREV_10_centered_log_ratio.tsv.gz	149	positive	31	9	-0.09252678410057186	0.8099745415623402	0.8888888888888888	True	LOW_CURRENT_CONCERN
Ralstonia	preprocessing_sensitivity	Model_0	CLR_genus ~ standardized_Moffitt50_contrast	62	0.06173356432060069	0.15293562975279062	-0.24418324278228565	0.367650371423487	0.4036571753775659	0.6878998779567519	0.004084058776875565	-0.012514540243509842	0.004084058776875565	0.004100806712522112	2.5783254830026225e-09	0.022688279263061092	4.623329411267941	0.5261104675089887	0.09080065219490131	56.689580144656304	56.92205315544358	149_genus_tests_Moffitt50_MICRO_SENS_PREV_10	relative_compositional_CLR_association_not_absolute_load	0.8627033590530363	118	MICRO_SENS_PREV_10	03_processed/microbiome/sensitivity/MICRO_SENS_PREV_10_centered_log_ratio.tsv.gz	149	positive	118	7	-0.1618885070895937	0.479173989276415	0.7142857142857143	True	HIGH_RISK_POTENTIAL_CONTAMINANT
Erythrobacter	preprocessing_sensitivity	Model_0	CLR_genus ~ standardized_Moffitt50_contrast	62	-0.2244968881934995	0.045940096649695776	-0.31639076346501055	-0.13260301292198845	-4.886730864006273	7.988949756222513e-06	0.21569357567812297	0.20262180193942503	0.21569357567812297	0.27501186907223774	0.15138168998513024	0.45981251669786116	3.2259875553464274	0.09287853817714248	0.09080065219490131	11.178899411482853	14.25322943280529	149_genus_tests_Moffitt50_MICRO_SENS_PREV_10	relative_compositional_CLR_association_not_absolute_load	0.00023807070273543088	5	MICRO_SENS_PREV_10	03_processed/microbiome/sensitivity/MICRO_SENS_PREV_10_centered_log_ratio.tsv.gz	149	negative	5	9	-0.44916835556876505	0.19176002050544386	0.8888888888888888	True	LOW_CURRENT_CONCERN
Xanthobacter	preprocessing_sensitivity	Model_0	CLR_genus ~ standardized_Moffitt50_contrast	62	-0.03084037091509054	0.18540763993159545	-0.4017108692550651	0.340030127424884	-0.1663381882562597	0.8684500875915545	0.000571310156272653	-0.016085834674456123	0.000571310156272653	0.0005716367381468549	0.0036730922870273886	0.7772727370569661	1.9658500043075324	0.1473458987417553	0.09080065219490131	101.49599089287882	101.55400973004782	149_genus_tests_Moffitt50_MICRO_SENS_PREV_10	relative_compositional_CLR_association_not_absolute_load	0.9395983225722478	137	MICRO_SENS_PREV_10	03_processed/microbiome/sensitivity/MICRO_SENS_PREV_10_centered_log_ratio.tsv.gz	149	negative	137	9	-0.17392530238505788	-0.029782636046835852	1.0	False	LOW_CURRENT_CONCERN
Paucibacter	preprocessing_sensitivity	Model_0	CLR_genus ~ standardized_Moffitt50_contrast	62	0.3494569514789369	0.15298804231158109	0.04343530364885578	0.655478599309018	2.2842108847122837	0.02591204265578097	0.11222962367050382	0.09743345073167897	0.11222962367050382	0.1264174010114185	0.06370940898369985	3.0292712746919316e-05	2.375377979420052	0.17778144946590704	0.09080065219490131	58.9264591547899	66.37578897194396	149_genus_tests_Moffitt50_MICRO_SENS_PREV_10	relative_compositional_CLR_association_not_absolute_load	0.0877475989934401	44	MICRO_SENS_PREV_10	03_processed/microbiome/sensitivity/MICRO_SENS_PREV_10_centered_log_ratio.tsv.gz	149	positive	44	8	-0.28853300527194714	0.6035809848525555	0.875	True	LOW_CURRENT_CONCERN
Microvirga	preprocessing_sensitivity	Model_0	CLR_genus ~ standardized_Moffitt50_contrast	62	-0.0506609319730818	0.11484267432953807	-0.28038048330874976	0.17905861936258616	-0.4411333353985782	0.6607020307229062	0.004889710554502047	-0.011695460936256286	0.004889710554502047	0.004913737307677448	0.027740380412929273	4.521015821689529e-06	2.6023990975056908	0.14260801728098707	0.09080065219490131	31.861355609435467	32.017913941166725	149_genus_tests_Moffitt50_MICRO_SENS_PREV_10	relative_compositional_CLR_association_not_absolute_load	0.8486603670492503	116	MICRO_SENS_PREV_10	03_processed/microbiome/sensitivity/MICRO_SENS_PREV_10_centered_log_ratio.tsv.gz	149	negative	116	1	-0.0506609319730818	-0.0506609319730818	1.0	False	
Streptomyces	preprocessing_sensitivity	Model_0	CLR_genus ~ standardized_Moffitt50_contrast	62	0.47247213895611634	0.10516677715179987	0.26210726367111203	0.6828370142411206	4.492598820197185	3.264112882760188e-05	0.19033920009567784	0.17684485343060585	0.19033920009567784	0.23508511233120125	0.026520222542818953	0.6081763856363285	2.7128506079974652	0.12625958588295189	0.09080065219490131	57.923809434139635	71.54083468161545	149_genus_tests_Moffitt50_MICRO_SENS_PREV_10	relative_compositional_CLR_association_not_absolute_load	0.0006079410244140851	8	MICRO_SENS_PREV_10	03_processed/microbiome/sensitivity/MICRO_SENS_PREV_10_centered_log_ratio.tsv.gz	149	positive	8	9	-0.3855406472376602	0.8096660256382195	0.8888888888888888	True	LOW_CURRENT_CONCERN
Collimonas	preprocessing_sensitivity	Model_0	CLR_genus ~ standardized_Moffitt50_contrast	62	0.2063694690677087	0.15468602223365963	-0.10304864430233007	0.5157875824377475	1.3341184037687588	0.18720680635366818	0.03399259812052191	0.017892474755863974	0.03399259812052191	0.035188755339126195	0.033454387842511694	0.06688005725733115	2.3510920294843576	0.11395182155505096	0.09080065219490131	73.82727233526093	76.42516215882148	149_genus_tests_Moffitt50_MICRO_SENS_PREV_10	relative_compositional_CLR_association_not_absolute_load	0.348672676833707	80	MICRO_SENS_PREV_10	03_processed/microbiome/sensitivity/MICRO_SENS_PREV_10_centered_log_ratio.tsv.gz	149	positive	80	9	-0.2188196156802856	0.3603269031781349	0.8888888888888888	True	LOW_CURRENT_CONCERN
Bacillus	preprocessing_sensitivity	Model_0	CLR_genus ~ standardized_Moffitt50_contrast	62	0.2923723079138964	0.16049139592378847	-0.028658281804485986	0.6134028976322787	1.8217319765399347	0.07348125429176801	0.03384996793181161	0.0177474673973419	0.03384996793181161	0.03503593314523905	5.5272539579418847e-08	0.5719865640042009	6.936986024828038	0.2210466707869195	0.09080065219490131	148.8293612992398	154.0437368517686	149_genus_tests_Moffitt50_MICRO_SENS_PREV_10	relative_compositional_CLR_association_not_absolute_load	0.17696314802539417	61	MICRO_SENS_PREV_10	03_processed/microbiome/sensitivity/MICRO_SENS_PREV_10_centered_log_ratio.tsv.gz	149	positive	61	9	-0.2907021190413025	0.5055671603501686	0.8888888888888888	True	LOW_CURRENT_CONCERN
Polaromonas	preprocessing_sensitivity	Model_0	CLR_genus ~ standardized_Moffitt50_contrast	62	0.11690688260088145	0.13571094612169696	-0.15455542734984357	0.38836919255160646	0.8614403328678203	0.39242524936929013	0.011372642756123819	-0.005104479864607381	0.011372642756123819	0.011503467583406552	0.0018930527143304556	0.14124030214891603	2.9154553446847373	0.17507877771039582	0.09080065219490131	72.47383148794198	73.30753185910878	149_genus_tests_Moffitt50_MICRO_SENS_PREV_10	relative_compositional_CLR_association_not_absolute_load	0.6090766891252525	96	MICRO_SENS_PREV_10	03_processed/microbiome/sensitivity/MICRO_SENS_PREV_10_centered_log_ratio.tsv.gz	149	positive	96	9	-0.13711754169364163	0.18602350765886658	0.8888888888888888	True	LOW_CURRENT_CONCERN
Desulfotomaculum	preprocessing_sensitivity	Model_0	CLR_genus ~ standardized_Moffitt50_contrast	62	-0.20397303737757383	0.12926192672401038	-0.46253538787297865	0.054589313117830995	-1.5779823382416431	0.11982788654686004	0.046154008252974554	0.030256575057190815	0.046154008252974554	0.04838727493988915	1.8235460970578719e-06	0.044450964345014575	3.205370801875178	0.3114830498099199	0.09080065219490131	52.4498435126141	54.98774851121312	149_genus_tests_Moffitt50_MICRO_SENS_PREV_10	relative_compositional_CLR_association_not_absolute_load	0.24797715410391868	72	MICRO_SENS_PREV_10	03_processed/microbiome/sensitivity/MICRO_SENS_PREV_10_centered_log_ratio.tsv.gz	149	negative	72	1	-0.20397303737757383	-0.20397303737757383	1.0	False	
Ochrobactrum	preprocessing_sensitivity	Model_0	CLR_genus ~ standardized_Moffitt50_contrast	62	0.8688461532947634	0.31369087101240256	0.2413709872228984	1.4963213193666285	2.769752752098455	0.00745490523605757	0.1518245885467724	0.13768833168921868	0.1518245885467724	0.17900140288981334	0.00028858261472286285	0.0009274506270391574	2.5465674265217255	0.13396385060804283	0.09080065219490131	257.25224037572127	303.30075229952286	149_genus_tests_Moffitt50_MICRO_SENS_PREV_10	relative_compositional_CLR_association_not_absolute_load	0.03173659657635937	35	MICRO_SENS_PREV_10	03_processed/microbiome/sensitivity/MICRO_SENS_PREV_10_centered_log_ratio.tsv.gz	149	positive	35	8	0.29623425602014886	1.1094349812787232	1.0	False	LOW_CURRENT_CONCERN
Cercospora	preprocessing_sensitivity	Model_0	CLR_genus ~ standardized_Moffitt50_contrast	62	-0.137957126978215	0.13298846681535606	-0.40397366750198743	0.12805941354555744	-1.0373615869243573	0.3037300699949742	0.024534286509300784	0.00827652461778916	0.024534286509300784	0.025151357110753756	4.360743352606089e-08	0.045978973492064056	7.291610861149367	0.5850748203816634	0.09080065219490131	46.1590321674005	47.319994469329586	149_genus_tests_Moffitt50_MICRO_SENS_PREV_10	relative_compositional_CLR_association_not_absolute_load	0.4973162684533094	91	MICRO_SENS_PREV_10	03_processed/microbiome/sensitivity/MICRO_SENS_PREV_10_centered_log_ratio.tsv.gz	149	negative	91	1	-0.137957126978215	-0.137957126978215	1.0	False	
Brevibacterium	preprocessing_sensitivity	Model_0	CLR_genus ~ standardized_Moffitt50_contrast	62	-0.7311530653355041	0.12936696672644887	-0.989925527119011	-0.4723806035519971	-5.651775594936485	4.648964198377459e-07	0.23848115603510078	0.22578917530235254	0.23848115603510078	0.3131651408564397	1.617194922239354e-06	0.05732110142644606	2.99948991717282	0.08802496149139404	0.09080065219490131	104.1293197982993	136.73899290021896	149_genus_tests_Moffitt50_MICRO_SENS_PREV_10	relative_compositional_CLR_association_not_absolute_load	6.926956655582414e-05	1	MICRO_SENS_PREV_10	03_processed/microbiome/sensitivity/MICRO_SENS_PREV_10_centered_log_ratio.tsv.gz	149	negative	1	1	-0.7311530653355041	-0.7311530653355041	1.0	False	
Fusarium	preprocessing_sensitivity	Model_0	CLR_genus ~ standardized_Moffitt50_contrast	62	-0.5238260712254668	0.1879426991391983	-0.8997674429770866	-0.14788469947384703	-2.7871583925561216	0.00711005270969741	0.0932360073129489	0.07812327410149811	0.0932360073129489	0.10282279409514133	5.330845859902763e-08	0.5321477572958457	3.4523252677326526	0.20744138065495224	0.09080065219490131	162.78510104615873	179.52311997278468	149_genus_tests_Moffitt50_MICRO_SENS_PREV_10	relative_compositional_CLR_association_not_absolute_load	0.031158760404262176	34	MICRO_SENS_PREV_10	03_processed/microbiome/sensitivity/MICRO_SENS_PREV_10_centered_log_ratio.tsv.gz	149	negative	34	8	-0.9374383291812549	0.21856476146408563	0.875	True	LOW_CURRENT_CONCERN
Eggerthella	preprocessing_sensitivity	Model_0	CLR_genus ~ standardized_Moffitt50_contrast	62	-0.092589685991435	0.1414332435667137	-0.37549829505834476	0.19031892307547474	-0.6546529207453315	0.515193067225427	0.00981279798708512	-0.0066903220464633595	0.00981279798708512	0.009910043239436993	3.2469936637570026e-06	0.013223938595769799	3.535895049400663	0.25823773733251165	0.09080065219490131	52.76907824079888	53.29202208787042	149_genus_tests_Moffitt50_MICRO_SENS_PREV_10	relative_compositional_CLR_association_not_absolute_load	0.7381131443902752	104	MICRO_SENS_PREV_10	03_processed/microbiome/sensitivity/MICRO_SENS_PREV_10_centered_log_ratio.tsv.gz	149	negative	104	1	-0.092589685991435	-0.092589685991435	1.0	False	
Serratia	preprocessing_sensitivity	Model_0	CLR_genus ~ standardized_Moffitt50_contrast	62	-0.39065340466950654	0.21026961642923486	-0.8112552604486789	0.02994845110966582	-1.8578690126682136	0.06809620157062325	0.05796519589151683	0.042264615823042195	0.05796519589151683	0.06153190480724707	0.003521196320469462	0.2481455997887897	1.9123995952235258	0.11321051906165343	0.09080065219490131	151.29086392716357	160.60007896453604	149_genus_tests_Moffitt50_MICRO_SENS_PREV_10	relative_compositional_CLR_association_not_absolute_load	0.16910556723371442	60	MICRO_SENS_PREV_10	03_processed/microbiome/sensitivity/MICRO_SENS_PREV_10_centered_log_ratio.tsv.gz	149	negative	60	9	-0.5867959762309412	-0.10022395853865375	1.0	False	LOW_CURRENT_CONCERN
Candidatus Accumulibacter	preprocessing_sensitivity	Model_0	CLR_genus ~ standardized_Moffitt50_contrast	62	0.010923062974032907	0.1523352718857452	-0.29379284959497337	0.31563897554303916	0.07170409609552175	0.9430758785205535	7.665548347002282e-05	-0.01658873359180535	7.665548347002282e-05	7.666135998363584e-05	0.012628638933953457	0.16687038659801448	2.9032318663185332	0.10614014001798197	0.09080065219490131	94.93846170198579	94.94573981357462	149_genus_tests_Moffitt50_MICRO_SENS_PREV_10	relative_compositional_CLR_association_not_absolute_load	0.9590825381799579	146	MICRO_SENS_PREV_10	03_processed/microbiome/sensitivity/MICRO_SENS_PREV_10_centered_log_ratio.tsv.gz	149	positive	146	9	-0.21743076503705616	0.05941397137977953	0.7777777777777778	True	LOW_CURRENT_CONCERN
Methylibium	preprocessing_sensitivity	Model_0	CLR_genus ~ standardized_Moffitt50_contrast	62	0.3780804180550497	0.13484109406407818	0.10835807128065417	0.6478027648294453	2.8038961021436175	0.00679233766274639	0.08933177804629311	0.07415397434706472	0.08933177804629311	0.09809475711653219	0.08520046004845401	0.05444248011203646	2.591240249720605	0.13052297518230194	0.09080065219490131	88.88989799076614	97.60953094428369	149_genus_tests_Moffitt50_MICRO_SENS_PREV_10	relative_compositional_CLR_association_not_absolute_load	0.03066843368937006	33	MICRO_SENS_PREV_10	03_processed/microbiome/sensitivity/MICRO_SENS_PREV_10_centered_log_ratio.tsv.gz	149	positive	33	9	-0.20808019394578747	0.594704326769632	0.8888888888888888	True	LOW_CURRENT_CONCERN
Novosphingobium	preprocessing_sensitivity	Model_0	CLR_genus ~ standardized_Moffitt50_contrast	62	-0.22746449424228565	0.05026033645609261	-0.3280001357891116	-0.1269288526954597	-4.5257256572685	2.905225958625853e-05	0.22271497600026757	0.20976022560027208	0.22271497600026757	0.2865293542569839	0.005877816851020291	0.6052204449776928	3.8978553774124567	0.19076006000729367	0.09080065219490131	11.01508734691149	14.171233211506312	149_genus_tests_Moffitt50_MICRO_SENS_PREV_10	relative_compositional_CLR_association_not_absolute_load	0.0006079410244140851	7	MICRO_SENS_PREV_10	03_processed/microbiome/sensitivity/MICRO_SENS_PREV_10_centered_log_ratio.tsv.gz	149	negative	7	8	-0.4522689530788984	0.18864235267728774	0.875	True	MODERATE_RISK_ENVIRONMENTAL
Pseudoxanthomonas	preprocessing_sensitivity	Model_0	CLR_genus ~ standardized_Moffitt50_contrast	62	0.26787170242490754	0.18295398664321502	-0.09809075858634148	0.6338341634361566	1.4641479387234864	0.14837349516257875	0.03941250064666002	0.023402708990771126	0.03941250064666002	0.04102957895370511	6.978262803425871e-06	0.017392774959482264	3.537394772877763	0.3169707565235149	0.09080065219490131	106.68084582344594	111.05791601000706	149_genus_tests_Moffitt50_MICRO_SENS_PREV_10	relative_compositional_CLR_association_not_absolute_load	0.28786382618213735	76	MICRO_SENS_PREV_10	03_processed/microbiome/sensitivity/MICRO_SENS_PREV_10_centered_log_ratio.tsv.gz	149	positive	76	7	-0.24836254129331017	0.4471652512048728	0.8571428571428571	True	LOW_CURRENT_CONCERN
Burkholderia	preprocessing_sensitivity	Model_0	CLR_genus ~ standardized_Moffitt50_contrast	62	-0.13814255354593838	0.05513641901228732	-0.24843181240988235	-0.027853294681994406	-2.505468364116155	0.014960547843791536	0.0807963680259135	0.06547630749301214	0.0807963680259135	0.08789822539364298	0.016575047597333848	0.9875224118851169	3.974116063833946	0.16416151942670398	0.09080065219490131	13.243558284578631	14.407643555690374	149_genus_tests_Moffitt50_MICRO_SENS_PREV_10	relative_compositional_CLR_association_not_absolute_load	0.057156964839100995	39	MICRO_SENS_PREV_10	03_processed/microbiome/sensitivity/MICRO_SENS_PREV_10_centered_log_ratio.tsv.gz	149	negative	39	9	-0.3593707530521878	0.28200611747374704	0.8888888888888888	True	BIOLOGICALLY_PLAUSIBLE_BUT_CONTAMINATION_SENSITIVE
Pantoea	preprocessing_sensitivity	Model_0	CLR_genus ~ standardized_Moffitt50_contrast	62	-0.4651814181761828	0.09363459323839186	-0.6524784910961292	-0.2778843452562364	-4.968050824889471	5.9427137331474325e-06	0.17797348239289135	0.1642730404327729	0.17797348239289135	0.21650576785645081	1.9201764202722005e-10	0.960886311007927	7.226958257533746	0.2468947959879789	0.09080065219490131	60.96843973945598	74.16845860025663	149_genus_tests_Moffitt50_MICRO_SENS_PREV_10	relative_compositional_CLR_association_not_absolute_load	0.00022136608655974187	4	MICRO_SENS_PREV_10	03_processed/microbiome/sensitivity/MICRO_SENS_PREV_10_centered_log_ratio.tsv.gz	149	negative	4	1	-0.4651814181761828	-0.4651814181761828	1.0	False	
Chroococcidiopsis	preprocessing_sensitivity	Model_0	CLR_genus ~ standardized_Moffitt50_contrast	62	-0.3426923133515824	0.17205583102041244	-0.686855217406567	0.0014705907034021637	-1.9917506504672073	0.050955804755361864	0.06342789589254261	0.04781836082408508	0.06342789589254261	0.06772345195246732	1.5055245423014406e-09	0.7952275849711972	3.4427314608507573	0.19020694292156803	0.09080065219490131	105.77900436135144	112.94272368079724	149_genus_tests_Moffitt50_MICRO_SENS_PREV_10	relative_compositional_CLR_association_not_absolute_load	0.13723399694923905	55	MICRO_SENS_PREV_10	03_processed/microbiome/sensitivity/MICRO_SENS_PREV_10_centered_log_ratio.tsv.gz	149	negative	55	1	-0.3426923133515824	-0.3426923133515824	1.0	False	
Rhizobacter	preprocessing_sensitivity	Model_0	CLR_genus ~ standardized_Moffitt50_contrast	62	0.18313042641821656	0.15497028491533005	-0.1268562969748475	0.49311714981128063	1.1817131685488746	0.24198205069393203	0.02670257861915004	0.010480954929469322	0.02670257861915004	0.027435168359190954	0.017773647293979542	0.07931745928429587	2.191394513144948	0.15395106884391913	0.09080065219490131	74.56640728803201	76.61214922591918	149_genus_tests_Moffitt50_MICRO_SENS_PREV_10	relative_compositional_CLR_association_not_absolute_load	0.4144290293493778	87	MICRO_SENS_PREV_10	03_processed/microbiome/sensitivity/MICRO_SENS_PREV_10_centered_log_ratio.tsv.gz	149	positive	87	9	-0.24087556655934075	0.3226817792874378	0.8888888888888888	True	LOW_CURRENT_CONCERN
Sphingomonas	preprocessing_sensitivity	Model_0	CLR_genus ~ standardized_Moffitt50_contrast	62	-0.16553677199296837	0.05815159566720046	-0.2818572821527233	-0.04921626183321341	-2.8466419552840736	0.006039356482692161	0.12076335128706073	0.10610940714184514	0.12076335128706073	0.13735022472486652	0.9427852333099499	0.7401702147671639	2.4188640214813777	0.1149331638205735	0.09080065219490131	12.16996768036836	13.841515476161318	149_genus_tests_Moffitt50_MICRO_SENS_PREV_10	relative_compositional_CLR_association_not_absolute_load	0.029286136535678037	30	MICRO_SENS_PREV_10	03_processed/microbiome/sensitivity/MICRO_SENS_PREV_10_centered_log_ratio.tsv.gz	149	negative	30	9	-0.39107144070970945	0.24974664654442913	0.8888888888888888	True	BIOLOGICALLY_PLAUSIBLE_BUT_CONTAMINATION_SENSITIVE
Diaphorobacter	preprocessing_sensitivity	Model_0	CLR_genus ~ standardized_Moffitt50_contrast	62	0.07579239075601774	0.2531075788428958	-0.4304981479387293	0.5820829294507648	0.29944733817339453	0.7656336143628315	0.0013071911469724196	-0.01533768900057808	0.0013071911469724196	0.0013089021322519527	3.384960764920103e-05	0.01898824883668666	1.9461202001346243	0.07445583865661284	0.09080065219490131	267.7157196500928	268.0661333263801	149_genus_tests_Moffitt50_MICRO_SENS_PREV_10	relative_compositional_CLR_association_not_absolute_load	0.8843365003105573	129	MICRO_SENS_PREV_10	03_processed/microbiome/sensitivity/MICRO_SENS_PREV_10_centered_log_ratio.tsv.gz	149	positive	129	9	-0.05979035189504726	0.08748395255077038	0.8888888888888888	True	LOW_CURRENT_CONCERN
Magnetospirillum	preprocessing_sensitivity	Model_0	CLR_genus ~ standardized_Moffitt50_contrast	62	-0.2603168755241214	0.09732676364581008	-0.454999388868532	-0.06563436217971086	-2.6746689787349984	0.009625355427726707	0.12337184241206067	0.10876137311892842	0.12337184241206067	0.14073451935598427	0.0034647942292484967	0.007965627517635987	3.202338118816727	0.24492969883015606	0.09080065219490131	29.372022127599866	33.50567954424096	149_genus_tests_Moffitt50_MICRO_SENS_PREV_10	relative_compositional_CLR_association_not_absolute_load	0.039838276631424425	36	MICRO_SENS_PREV_10	03_processed/microbiome/sensitivity/MICRO_SENS_PREV_10_centered_log_ratio.tsv.gz	149	negative	36	1	-0.2603168755241214	-0.2603168755241214	1.0	False	
Fusobacterium	preprocessing_sensitivity	Model_0	CLR_genus ~ standardized_Moffitt50_contrast	62	0.4674678084278353	0.22389942391995316	0.01960227841050549	0.9153333384451652	2.0878473032380866	0.04106531045320569	0.057578142382781694	0.04187111142249478	0.057578142382781694	0.0610959326944729	4.738612941938488e-06	0.2404602273815925	5.189508715869296	0.15549361188488414	0.09080065219490131	218.18302264991266	231.51311791680837	149_genus_tests_Moffitt50_MICRO_SENS_PREV_10	relative_compositional_CLR_association_not_absolute_load	0.11997512269662054	51	MICRO_SENS_PREV_10	03_processed/microbiome/sensitivity/MICRO_SENS_PREV_10_centered_log_ratio.tsv.gz	149	positive	51	9	0.06814505347672907	0.6069006031379385	1.0	False	LOW_CURRENT_CONCERN
Sphingobacterium	preprocessing_sensitivity	Model_0	CLR_genus ~ standardized_Moffitt50_contrast	62	-0.0871655697839912	0.1498879380443638	-0.38698608580034044	0.21265494623235803	-0.5815382539867349	0.5630562579886322	0.005070900974998627	-0.011511250675418028	0.005070900974998627	0.005096746069612345	5.17212222158353e-05	0.5807379383793392	2.616722449883551	0.0973896501778471	0.09080065219490131	90.93410257676089	91.39757060666273	149_genus_tests_Moffitt50_MICRO_SENS_PREV_10	relative_compositional_CLR_association_not_absolute_load	0.7768090966695019	108	MICRO_SENS_PREV_10	03_processed/microbiome/sensitivity/MICRO_SENS_PREV_10_centered_log_ratio.tsv.gz	149	negative	108	8	-0.26475368163621577	-0.0599523670802288	1.0	False	LOW_CURRENT_CONCERN
Alicycliphilus	preprocessing_sensitivity	Model_0	CLR_genus ~ standardized_Moffitt50_contrast	62	-0.0038009114071565374	0.07377587321833458	-0.1513746299229914	0.1437728071086783	-0.05151970747818875	0.9590825381799579	1.61423709449382e-05	-0.016650255256206004	1.61423709449382e-05	1.614263152528431e-05	3.118470455546039e-12	0.4518935412369113	6.459599084282559	0.25747696280237214	0.09080065219490131	54.592250195657996	54.59313145823704	149_genus_tests_Moffitt50_MICRO_SENS_PREV_10	relative_compositional_CLR_association_not_absolute_load	0.9590825381799579	149	MICRO_SENS_PREV_10	03_processed/microbiome/sensitivity/MICRO_SENS_PREV_10_centered_log_ratio.tsv.gz	149	negative	149	9	-0.194668218417088	0.33004477103611285	0.8888888888888888	True	LOW_CURRENT_CONCERN
Devosia	preprocessing_sensitivity	Model_0	CLR_genus ~ standardized_Moffitt50_contrast	62	-0.28531551017495016	0.16707610798098413	-0.6195174850799321	0.04888646473003172	-1.7076978487398302	0.09286232316950238	0.04588081905072894	0.02997883270157453	0.04588081905072894	0.04808709432408774	0.0009256627484358944	0.4115580327988756	2.839405312328582	0.12652018520137334	0.09080065219490131	103.26474142236724	108.23044278349714	149_genus_tests_Moffitt50_MICRO_SENS_PREV_10	relative_compositional_CLR_association_not_absolute_load	0.20747917306776878	66	MICRO_SENS_PREV_10	03_processed/microbiome/sensitivity/MICRO_SENS_PREV_10_centered_log_ratio.tsv.gz	149	negative	66	9	-0.47662148338685567	0.015339100589214744	0.8888888888888888	True	LOW_CURRENT_CONCERN
Ottowia	preprocessing_sensitivity	Model_0	CLR_genus ~ standardized_Moffitt50_contrast	62	0.0853118911265083	0.1423551825259701	-0.19944087043263212	0.3700646526856487	0.5992889729247807	0.5512364887098671	0.006962211850049749	-0.009588417952449468	0.006962211850049749	0.007011024085015427	0.010711832135479138	0.0009441122391275776	2.624885660549299	0.1257802293618241	0.09080065219490131	63.32387957007907	63.767844814901515	149_genus_tests_Moffitt50_MICRO_SENS_PREV_10	relative_compositional_CLR_association_not_absolute_load	0.7676096898857028	107	MICRO_SENS_PREV_10	03_processed/microbiome/sensitivity/MICRO_SENS_PREV_10_centered_log_ratio.tsv.gz	149	positive	107	9	-0.20681100111315293	0.17201155233939397	0.8888888888888888	True	LOW_CURRENT_CONCERN
Thauera	preprocessing_sensitivity	Model_0	CLR_genus ~ standardized_Moffitt50_contrast	62	-0.059115340215069034	0.11425866404499267	-0.28766669705052694	0.16943601662038885	-0.5173816857493682	0.6067920011777527	0.0026145326133988345	-0.014008558509711166	0.0026145326133988345	0.002621386313407556	3.206351091048313e-09	0.19575311840414347	3.818684081213036	0.2202984763878434	0.09080065219490131	81.32034156242595	81.53351359279931	149_genus_tests_Moffitt50_MICRO_SENS_PREV_10	relative_compositional_CLR_association_not_absolute_load	0.8072500729954031	112	MICRO_SENS_PREV_10	03_processed/microbiome/sensitivity/MICRO_SENS_PREV_10_centered_log_ratio.tsv.gz	149	negative	112	9	-0.20375566760429745	0.16382083954361717	0.8888888888888888	True	LOW_CURRENT_CONCERN
Phreatobacter	preprocessing_sensitivity	Model_0	CLR_genus ~ standardized_Moffitt50_contrast	62	-0.20677711552036843	0.1250582254130192	-0.4569308114389991	0.043376580398262254	-1.6534467432067197	0.10346336534807295	0.03536343482933246	0.019286158743154758	0.03536343482933246	0.036659853157314036	2.0484976440133063e-05	0.9174870789734132	3.3148702887840606	0.11694109939611845	0.09080065219490131	71.1449468847079	73.75311019038625	149_genus_tests_Moffitt50_MICRO_SENS_PREV_10	relative_compositional_CLR_association_not_absolute_load	0.2244073321789913	68	MICRO_SENS_PREV_10	03_processed/microbiome/sensitivity/MICRO_SENS_PREV_10_centered_log_ratio.tsv.gz	149	negative	68	7	-0.25148940770107003	-0.20677711552036843	1.0	False	LOW_CURRENT_CONCERN
Dickeya	preprocessing_sensitivity	Model_0	CLR_genus ~ standardized_Moffitt50_contrast	62	0.22307065600829315	0.19083920043413974	-0.1586645809750594	0.6048058929916457	1.1688932645956918	0.2470697460329862	0.02152118072024045	0.005213200398911155	0.02152118072024045	0.021994528952687806	0.09385352793308205	0.41505927030394096	2.509945553076458	0.1908559791899797	0.09080065219490131	138.00666422179842	141.0420557936886	149_genus_tests_Moffitt50_MICRO_SENS_PREV_10	relative_compositional_CLR_association_not_absolute_load	0.4183340018058516	88	MICRO_SENS_PREV_10	03_processed/microbiome/sensitivity/MICRO_SENS_PREV_10_centered_log_ratio.tsv.gz	149	positive	88	9	-0.030285564141239733	0.2811914149858607	0.8888888888888888	True	LOW_CURRENT_CONCERN
Rhizobium	preprocessing_sensitivity	Model_0	CLR_genus ~ standardized_Moffitt50_contrast	62	-0.27509645560512586	0.093672451508867	-0.46246925634104885	-0.08772365486920283	-2.936791459750419	0.00469742200036791	0.13115679919337364	0.11667607917992995	0.13115679919337364	0.15095566043632364	0.330628830022106	0.47924765276025494	3.079594333962101	0.15099144787286137	0.09080065219490131	30.5809112406484	35.19727289372507	149_genus_tests_Moffitt50_MICRO_SENS_PREV_10	relative_compositional_CLR_association_not_absolute_load	0.027720605809063204	24	MICRO_SENS_PREV_10	03_processed/microbiome/sensitivity/MICRO_SENS_PREV_10_centered_log_ratio.tsv.gz	149	negative	24	9	-0.500609013719891	0.14021188641999227	0.8888888888888888	True	BIOLOGICALLY_PLAUSIBLE_BUT_CONTAMINATION_SENSITIVE
Roseateles	preprocessing_sensitivity	Model_0	CLR_genus ~ standardized_Moffitt50_contrast	62	-0.022572951463045526	0.178251386982587	-0.37912881261533526	0.33398290968924427	-0.1266354884815041	0.8996523327264427	0.0004969830430641142	-0.016161400572884732	0.0004969830430641142	0.0004972301580211508	4.6876006819276485e-06	0.0005248371605149057	3.1294176073169058	0.31486834214391524	0.09080065219490131	62.509938107219746	62.5410199336227	149_genus_tests_Moffitt50_MICRO_SENS_PREV_10	relative_compositional_CLR_association_not_absolute_load	0.9395983225722478	142	MICRO_SENS_PREV_10	03_processed/microbiome/sensitivity/MICRO_SENS_PREV_10_centered_log_ratio.tsv.gz	149	negative	142	1	-0.022572951463045526	-0.022572951463045526	1.0	False	
Sinorhizobium	preprocessing_sensitivity	Model_0	CLR_genus ~ standardized_Moffitt50_contrast	62	0.28260615133177647	0.16571435629130857	-0.048871914634223135	0.6140842172977761	1.7053812213770079	0.09329600399691616	0.03149313368142481	0.015351352576115307	0.03149313368142481	0.03251720227976746	1.519577309052744e-07	0.025984690984576356	2.5241789965700714	0.09403532700379948	0.09080065219490131	149.823481155863	154.69532159886708	149_genus_tests_Moffitt50_MICRO_SENS_PREV_10	relative_compositional_CLR_association_not_absolute_load	0.20747917306776878	67	MICRO_SENS_PREV_10	03_processed/microbiome/sensitivity/MICRO_SENS_PREV_10_centered_log_ratio.tsv.gz	149	positive	67	9	0.21739330610018118	0.3334367165483815	1.0	False	LOW_CURRENT_CONCERN
Mycolicibacterium	preprocessing_sensitivity	Model_0	CLR_genus ~ standardized_Moffitt50_contrast	62	0.09744079864939714	0.22690495444923753	-0.35643668753965757	0.5513182848384519	0.4294344250257272	0.6691453038165829	0.004435069208445053	-0.012157679638080898	0.004435069208445053	0.004454826673051664	4.337417400975236e-08	0.005613047514596748	3.4381652309804998	0.32303070571055437	0.09080065219490131	130.01117803997727	130.59035530370463	149_genus_tests_Moffitt50_MICRO_SENS_PREV_10	relative_compositional_CLR_association_not_absolute_load	0.8521594040057338	117	MICRO_SENS_PREV_10	03_processed/microbiome/sensitivity/MICRO_SENS_PREV_10_centered_log_ratio.tsv.gz	149	positive	117	1	0.09744079864939714	0.09744079864939714	1.0	False	
Stenotrophomonas	preprocessing_sensitivity	Model_0	CLR_genus ~ standardized_Moffitt50_contrast	62	-0.02038831695030131	0.06690902597239731	-0.1542262958759832	0.11344966197538058	-0.30471698928500796	0.7616361780072738	0.0010127732558478098	-0.015637013856554693	0.0010127732558478098	0.001013800005380037	0.04621516662267904	0.3659043740473943	2.5254911263079887	0.12029961681004918	0.09080065219490131	25.011532272091248	25.03688896364326	149_genus_tests_Moffitt50_MICRO_SENS_PREV_10	relative_compositional_CLR_association_not_absolute_load	0.8843365003105573	128	MICRO_SENS_PREV_10	03_processed/microbiome/sensitivity/MICRO_SENS_PREV_10_centered_log_ratio.tsv.gz	149	negative	128	9	-0.2430872508961397	0.3980946401662395	0.8888888888888888	True	BIOLOGICALLY_PLAUSIBLE_BUT_CONTAMINATION_SENSITIVE
Corynebacterium	preprocessing_sensitivity	Model_0	CLR_genus ~ standardized_Moffitt50_contrast	62	0.2261933460102142	0.17335466044588133	-0.12056760371570377	0.5729542957361322	1.3048010675249675	0.1969429983620001	0.028759468675276345	0.012572126486531054	0.028759468675276345	0.02961106723588838	0.010871052044529185	0.38177010245653376	2.272470877171066	0.13863494917649585	0.09080065219490131	105.3987413447392	108.51971056127626	149_genus_tests_Moffitt50_MICRO_SENS_PREV_10	relative_compositional_CLR_association_not_absolute_load	0.357859838487049	82	MICRO_SENS_PREV_10	03_processed/microbiome/sensitivity/MICRO_SENS_PREV_10_centered_log_ratio.tsv.gz	149	positive	82	9	-0.27168729937554625	0.40399767435545403	0.8888888888888888	True	LOW_CURRENT_CONCERN
Leptothrix	preprocessing_sensitivity	Model_0	CLR_genus ~ standardized_Moffitt50_contrast	62	0.1416100367458293	0.17203425892434923	-0.20250971669238374	0.4857297901840424	0.8231502122382569	0.4136823413763798	0.013898875063042881	-0.002536143685906378	0.013898875063042881	0.014094776602076645	0.003377728683389447	0.19247155423373852	2.0092904655068873	0.17004797596329385	0.09080065219490131	86.78800576067526	88.01126331361172	149_genus_tests_Moffitt50_MICRO_SENS_PREV_10	relative_compositional_CLR_association_not_absolute_load	0.628966008827353	98	MICRO_SENS_PREV_10	03_processed/microbiome/sensitivity/MICRO_SENS_PREV_10_centered_log_ratio.tsv.gz	149	positive	98	9	-0.13843812944432018	0.2232670673173095	0.8888888888888888	True	LOW_CURRENT_CONCERN
Parabacteroides	preprocessing_sensitivity	Model_0	CLR_genus ~ standardized_Moffitt50_contrast	62	0.011567317452531825	0.20020397560180714	-0.3889002589023591	0.4120348938074227	0.05777766109669309	0.9541177250235593	8.202144839164482e-05	-0.016583278194135076	8.202144839164482e-05	8.202817646148713e-05	5.594146697153504e-09	0.05123426230462089	6.9429202278825475	0.6640722270047074	0.09080065219490131	99.5020634130259	99.51022538584178	149_genus_tests_Moffitt50_MICRO_SENS_PREV_10	relative_compositional_CLR_association_not_absolute_load	0.9590825381799579	148	MICRO_SENS_PREV_10	03_processed/microbiome/sensitivity/MICRO_SENS_PREV_10_centered_log_ratio.tsv.gz	149	positive	148	1	0.011567317452531825	0.011567317452531825	1.0	False	
Altererythrobacter	preprocessing_sensitivity	Model_0	CLR_genus ~ standardized_Moffitt50_contrast	62	0.05258384839237329	0.112324229895345	-0.17209806402671435	0.2772657608114609	0.46814341341460197	0.641378217791476	0.002554210604315821	-0.014069885885612088	0.002554210604315821	0.002560751302447548	2.1729950527241045e-07	0.044381881358992674	2.557304943255928	0.10384557110985602	0.09080065219490131	65.86689135163854	66.03556007945544	149_genus_tests_Moffitt50_MICRO_SENS_PREV_10	relative_compositional_CLR_association_not_absolute_load	0.8353514191584864	114	MICRO_SENS_PREV_10	03_processed/microbiome/sensitivity/MICRO_SENS_PREV_10_centered_log_ratio.tsv.gz	149	positive	114	9	-0.025842758457895597	0.13441345874383576	0.8888888888888888	True	LOW_CURRENT_CONCERN
Alcanivorax	preprocessing_sensitivity	Model_0	CLR_genus ~ standardized_Moffitt50_contrast	62	0.09006772933920802	0.11203547811223513	-0.13403659351702218	0.31417205219543826	0.803921497518668	0.42461602692570455	0.015418576235877945	-0.0009911141601905982	0.015418576235877945	0.01566003162738098	0.07063225267376849	0.0003418020126317033	2.931039457935352	0.1875240699272995	0.09080065219490131	31.599166575267738	32.094010523235305	149_genus_tests_Moffitt50_MICRO_SENS_PREV_10	relative_compositional_CLR_association_not_absolute_load	0.6390685657770705	99	MICRO_SENS_PREV_10	03_processed/microbiome/sensitivity/MICRO_SENS_PREV_10_centered_log_ratio.tsv.gz	149	positive	99	1	0.09006772933920802	0.09006772933920802	1.0	False	
Collinsella	preprocessing_sensitivity	Model_0	CLR_genus ~ standardized_Moffitt50_contrast	62	-0.05962915407193542	0.16134979339594752	-0.38237679438430006	0.2631184862404292	-0.36956448977661394	0.713008180198798	0.003047501223765736	-0.013568373755838081	0.003047501223765736	0.0030568168769390357	1.4280780687504126e-07	0.06816688217889305	5.2452401408525935	0.4696714890991589	0.09080065219490131	70.95413486221875	71.17102865915416	149_genus_tests_Moffitt50_MICRO_SENS_PREV_10	relative_compositional_CLR_association_not_absolute_load	0.8780018086745528	121	MICRO_SENS_PREV_10	03_processed/microbiome/sensitivity/MICRO_SENS_PREV_10_centered_log_ratio.tsv.gz	149	negative	121	1	-0.05962915407193542	-0.05962915407193542	1.0	False	
Roseolovirus	preprocessing_sensitivity	Model_0	CLR_genus ~ standardized_Moffitt50_contrast	62	-0.9066439203154447	0.20985504348845122	-1.3264165067441014	-0.48687133388678794	-4.320334194709689	5.946417935292465e-05	0.20972077893748875	0.1965494585864469	0.20972077893748875	0.2653755449314791	7.56075559809679e-05	0.0008907736542045437	2.487930358526954	0.11320098359475947	0.09080065219490131	188.9480626630055	239.0902577559479	149_genus_tests_Moffitt50_MICRO_SENS_PREV_10	relative_compositional_CLR_association_not_absolute_load	0.0009844625248428636	9	MICRO_SENS_PREV_10	03_processed/microbiome/sensitivity/MICRO_SENS_PREV_10_centered_log_ratio.tsv.gz	149	negative	9	8	-1.4070681167254238	0.07664365012380091	0.875	True	LOW_CURRENT_CONCERN
Kytococcus	preprocessing_sensitivity	Model_0	CLR_genus ~ standardized_Moffitt50_contrast	62	-0.0741966512897787	0.14296483996314865	-0.3601689092926822	0.2117756067131248	-0.5189853065194492	0.6056800503463295	0.004127769833926043	-0.012470100668841688	0.004127769833926043	0.004144878940180595	7.799790156259482e-07	0.12540567615928086	4.8474140703445725	0.14372467565966945	0.09080065219490131	81.01894691405317	81.35476064087285	149_genus_tests_Moffitt50_MICRO_SENS_PREV_10	relative_compositional_CLR_association_not_absolute_load	0.8072500729954031	111	MICRO_SENS_PREV_10	03_processed/microbiome/sensitivity/MICRO_SENS_PREV_10_centered_log_ratio.tsv.gz	149	negative	111	1	-0.0741966512897787	-0.0741966512897787	1.0	False	
Janibacter	preprocessing_sensitivity	Model_0	CLR_genus ~ standardized_Moffitt50_contrast	62	0.29706579857295434	0.1813155577640859	-0.06561931671984744	0.6597509138657561	1.6383911134612834	0.10657420728698683	0.051755001586924476	0.035950918280039934	0.051755001586924476	0.05457977808850926	0.0013795059719132936	0.024190785730063648	3.3599718032149113	0.13720809384625876	0.09080065219490131	98.62871558142784	104.01184899101685	149_genus_tests_Moffitt50_MICRO_SENS_PREV_10	relative_compositional_CLR_association_not_absolute_load	0.2268508126537291	70	MICRO_SENS_PREV_10	03_processed/microbiome/sensitivity/MICRO_SENS_PREV_10_centered_log_ratio.tsv.gz	149	positive	70	8	-0.2104935493871246	0.4826706433361536	0.875	True	LOW_CURRENT_CONCERN
Lactobacillus	preprocessing_sensitivity	Model_0	CLR_genus ~ standardized_Moffitt50_contrast	62	0.1736681036699491	0.19192041810917518	-0.21022989067390016	0.5575660980137983	0.904896442916026	0.3691395254847505	0.01480746823268464	-0.0016124072967704794	0.01480746823268464	0.015030024848160232	1.914538894376084e-05	0.12555494957489519	4.606901430809244	0.1454047275770777	0.09080065219490131	122.40812924514216	124.24792646931347	149_genus_tests_Moffitt50_MICRO_SENS_PREV_10	relative_compositional_CLR_association_not_absolute_load	0.5851254180556151	94	MICRO_SENS_PREV_10	03_processed/microbiome/sensitivity/MICRO_SENS_PREV_10_centered_log_ratio.tsv.gz	149	positive	94	9	-0.30725411039006767	0.32572207484052784	0.8888888888888888	True	LOW_CURRENT_CONCERN
Acinetobacter	preprocessing_sensitivity	Model_0	CLR_genus ~ standardized_Moffitt50_contrast	62	-0.07430914211667615	0.061998441787414954	-0.19832449019232018	0.04970620595896787	-1.198564673148933	0.23540993433638444	0.025503476182430096	0.009261867452137307	0.025503476182430096	0.026170925764332907	0.47167281386016985	0.7204670188916718	2.1711835030895346	0.1522906717744328	0.09080065219490131	12.87049482934819	13.207327594077286	149_genus_tests_Moffitt50_MICRO_SENS_PREV_10	relative_compositional_CLR_association_not_absolute_load	0.40873722182704353	85	MICRO_SENS_PREV_10	03_processed/microbiome/sensitivity/MICRO_SENS_PREV_10_centered_log_ratio.tsv.gz	149	negative	85	9	-0.2999014566621953	0.3409093251196318	0.8888888888888888	True	BIOLOGICALLY_PLAUSIBLE_BUT_CONTAMINATION_SENSITIVE
Janthinobacterium	preprocessing_sensitivity	Model_0	CLR_genus ~ standardized_Moffitt50_contrast	62	-0.04189977489826524	0.1274510521553047	-0.2968398369379471	0.2130402871414166	-0.3287518948624177	0.7434879357272864	0.0020932825033587177	-0.01453849612158531	0.0020932825033587177	0.0020976735266498127	0.004761979068448782	0.006275915019441488	3.5048735049531907	0.10747859162070608	0.09080065219490131	51.052300545107855	51.15939160443588	149_genus_tests_Moffitt50_MICRO_SENS_PREV_10	relative_compositional_CLR_association_not_absolute_load	0.8843365003105573	124	MICRO_SENS_PREV_10	03_processed/microbiome/sensitivity/MICRO_SENS_PREV_10_centered_log_ratio.tsv.gz	149	negative	124	7	-0.2073114288744969	-0.012677479223610427	1.0	False	LOW_CURRENT_CONCERN
Paracoccus	preprocessing_sensitivity	Model_0	CLR_genus ~ standardized_Moffitt50_contrast	62	0.33700903449970043	0.19509501367533044	-0.0532390964409053	0.7272571654403062	1.7274097792193592	0.08923890753863109	0.0435512969945866	0.02761048527782972	0.0435512969945866	0.04553437822408767	5.00469056302051e-05	0.019305149083062897	2.1962276046000238	0.17566057824864692	0.09080065219490131	152.1505447006352	159.07862515003487	149_genus_tests_Moffitt50_MICRO_SENS_PREV_10	relative_compositional_CLR_association_not_absolute_load	0.20456303420393898	65	MICRO_SENS_PREV_10	03_processed/microbiome/sensitivity/MICRO_SENS_PREV_10_centered_log_ratio.tsv.gz	149	positive	65	9	0.14074699964343015	0.3831964909827919	1.0	False	LOW_CURRENT_CONCERN
Delftia	preprocessing_sensitivity	Model_0	CLR_genus ~ standardized_Moffitt50_contrast	62	0.014243717464059606	0.11490676338091248	-0.21560403106148754	0.24409146598960677	0.12395891281736054	0.9017621485089358	0.0001079374350693163	-0.016556930274346238	0.0001079374350693163	0.00010794908681686539	2.563136548380312e-08	0.7687174772802516	5.541589666621096	0.22297473194880985	0.09080065219490131	114.64564531208322	114.65802120480217	149_genus_tests_Moffitt50_MICRO_SENS_PREV_10	relative_compositional_CLR_association_not_absolute_load	0.9395983225722478	143	MICRO_SENS_PREV_10	03_processed/microbiome/sensitivity/MICRO_SENS_PREV_10_centered_log_ratio.tsv.gz	149	positive	143	7	-0.2105480408070087	0.4303661368109584	0.7142857142857143	True	HIGH_RISK_POTENTIAL_CONTAMINANT
Calothrix	preprocessing_sensitivity	Model_0	CLR_genus ~ standardized_Moffitt50_contrast	62	-0.3620246731091468	0.11753950769955167	-0.5971386943611884	-0.1269106518571053	-3.080025433104036	0.0031213605239913114	0.07561291180066265	0.06020646033067378	0.07561291180066265	0.08179788831533016	3.536916244769394e-11	0.5812131263171452	6.574838082580532	0.27543690878344446	0.09080065219490131	97.73814293966956	105.7329166399964	149_genus_tests_Moffitt50_MICRO_SENS_PREV_10	relative_compositional_CLR_association_not_absolute_load	0.020220987742378495	23	MICRO_SENS_PREV_10	03_processed/microbiome/sensitivity/MICRO_SENS_PREV_10_centered_log_ratio.tsv.gz	149	negative	23	1	-0.3620246731091468	-0.3620246731091468	1.0	False	
Sphingorhabdus	preprocessing_sensitivity	Model_0	CLR_genus ~ standardized_Moffitt50_contrast	62	0.2622975945982882	0.12929827581745526	0.0036625350904334053	0.520932654106143	2.0286240705065772	0.04694173401904529	0.06801653428845289	0.0524834765265938	0.06801653428845289	0.07298040876350086	0.29080575715275553	0.5085724372191487	2.859627725802294	0.18022663238379086	0.09080065219490131	57.505867494590355	61.702669210645276	149_genus_tests_Moffitt50_MICRO_SENS_PREV_10	relative_compositional_CLR_association_not_absolute_load	0.1319682711101462	53	MICRO_SENS_PREV_10	03_processed/microbiome/sensitivity/MICRO_SENS_PREV_10_centered_log_ratio.tsv.gz	149	positive	53	9	-0.351892084151617	0.5011679943879076	0.8888888888888888	True	LOW_CURRENT_CONCERN
Klebsiella	preprocessing_sensitivity	Model_0	CLR_genus ~ standardized_Moffitt50_contrast	62	-0.6724244212308156	0.1857974725656153	-1.04407470093957	-0.3007741415220611	-3.6191257714409737	0.0006081856916218309	0.21668401555473094	0.20362874914730988	0.21668401555473094	0.27662401873259723	0.14274496834596254	0.48627211843803575	2.996001680527586	0.1786271486271714	0.09080065219490131	99.70728812592876	127.28871886425215	149_genus_tests_Moffitt50_MICRO_SENS_PREV_10	relative_compositional_CLR_association_not_absolute_load	0.0056637292532283005	16	MICRO_SENS_PREV_10	03_processed/microbiome/sensitivity/MICRO_SENS_PREV_10_centered_log_ratio.tsv.gz	149	negative	16	9	-0.9000886543866474	-0.2595436216423461	1.0	False	LOW_CURRENT_CONCERN
Brachybacterium	preprocessing_sensitivity	Model_0	CLR_genus ~ standardized_Moffitt50_contrast	62	0.20689175763000064	0.12978918726884833	-0.05272527098487759	0.4665087862448789	1.5940600444738147	0.11617734341247048	0.046922239825378464	0.03103761048913478	0.046922239825378464	0.04923233107105703	0.0017893059347254567	0.01937550308586252	4.02317420426052	0.13897558441320643	0.09080065219490131	53.03539574676049	55.646451908649574	149_genus_tests_Moffitt50_MICRO_SENS_PREV_10	relative_compositional_CLR_association_not_absolute_load	0.2438087911050437	71	MICRO_SENS_PREV_10	03_processed/microbiome/sensitivity/MICRO_SENS_PREV_10_centered_log_ratio.tsv.gz	149	positive	71	7	-0.43011364035076505	0.444301166968059	0.8571428571428571	True	LOW_CURRENT_CONCERN
Herbaspirillum	preprocessing_sensitivity	Model_0	CLR_genus ~ standardized_Moffitt50_contrast	62	0.3969784147076514	0.1376398579692482	0.1216577065894121	0.6722991228258907	2.884182100771603	0.005442444266446811	0.12097598070117566	0.10632558037952866	0.12097598070117566	0.13762534133899457	0.02003192481222168	0.25189656098397795	3.057528945331617	0.22542411227287112	0.09080065219490131	69.84980725819285	79.46291082456463	149_genus_tests_Moffitt50_MICRO_SENS_PREV_10	relative_compositional_CLR_association_not_absolute_load	0.027962903300019822	29	MICRO_SENS_PREV_10	03_processed/microbiome/sensitivity/MICRO_SENS_PREV_10_centered_log_ratio.tsv.gz	149	positive	29	8	-0.4180183650526207	0.7134656317250663	0.875	True	MODERATE_RISK_ENVIRONMENTAL
Melaminivora	preprocessing_sensitivity	Model_0	CLR_genus ~ standardized_Moffitt50_contrast	62	0.04384521456724275	0.14231664078801692	-0.2408304520374133	0.3285208811718988	0.30808213519142114	0.7590868554110903	0.0014896151634523624	-0.01515222458382337	0.0014896151634523624	0.001491837427105184	5.022873092599286e-07	0.022559182454947316	2.100796628369784	0.16176591183118036	0.09080065219490131	78.60546406511132	78.72273063837865	149_genus_tests_Moffitt50_MICRO_SENS_PREV_10	relative_compositional_CLR_association_not_absolute_load	0.8843365003105573	126	MICRO_SENS_PREV_10	03_processed/microbiome/sensitivity/MICRO_SENS_PREV_10_centered_log_ratio.tsv.gz	149	positive	126	9	-0.014138444892149504	0.08689498779858233	0.8888888888888888	True	LOW_CURRENT_CONCERN
Afipia	preprocessing_sensitivity	Model_0	CLR_genus ~ standardized_Moffitt50_contrast	62	0.2596765557025287	0.21324869300143778	-0.16688434045563488	0.6862374518606922	1.2177169859642603	0.22809887091450798	0.04082026070252798	0.024833931714236868	0.04082026070252798	0.042557467625854765	8.521670906655637e-05	2.4799833132230533e-06	2.7082909364307364	0.22160315130053806	0.09080065219490131	96.65393544173965	100.76728217021292	149_genus_tests_Moffitt50_MICRO_SENS_PREV_10	relative_compositional_CLR_association_not_absolute_load	0.40873722182704353	83	MICRO_SENS_PREV_10	03_processed/microbiome/sensitivity/MICRO_SENS_PREV_10_centered_log_ratio.tsv.gz	149	positive	83	1	0.2596765557025287	0.2596765557025287	1.0	False	
Nitrobacter	preprocessing_sensitivity	Model_0	CLR_genus ~ standardized_Moffitt50_contrast	62	0.07396324588180067	0.15960027709026672	-0.24528484077473225	0.3932113325383336	0.4634280543257988	0.6447343168001741	0.00544787758142562	-0.01112799112555063	0.00544787758142562	0.0054777195268331915	0.003044069533487695	4.73542322583076e-05	3.058743187917074	0.19029776162235504	0.09080065219490131	60.92029075037493	61.25399501659861	149_genus_tests_Moffitt50_MICRO_SENS_PREV_10	relative_compositional_CLR_association_not_absolute_load	0.8353514191584864	115	MICRO_SENS_PREV_10	03_processed/microbiome/sensitivity/MICRO_SENS_PREV_10_centered_log_ratio.tsv.gz	149	positive	115	1	0.07396324588180067	0.07396324588180067	1.0	False	
Lysobacter	preprocessing_sensitivity	Model_0	CLR_genus ~ standardized_Moffitt50_contrast	62	-0.06464926674641192	0.237630703594411	-0.5399814455900285	0.4106829120972046	-0.2720577171574408	0.7865116527723696	0.0012421811022592655	-0.015403782546036249	0.0012421811022592655	0.0012437260352366243	0.020286683442067962	0.7308744062643215	2.1071209543166374	0.14151479108035894	0.09080065219490131	204.98983049211378	205.24478168125557	99_genus_tests_Moffitt50_MICRO_SENS_PREV_30	relative_compositional_CLR_association_not_absolute_load	0.9317728959418901	83	MICRO_SENS_PREV_30	03_processed/microbiome/sensitivity/MICRO_SENS_PREV_30_centered_log_ratio.tsv.gz	99	negative	83	9	-0.1064078828104997	0.06822276164190187	0.8888888888888888	True	LOW_CURRENT_CONCERN
Brevundimonas	preprocessing_sensitivity	Model_0	CLR_genus ~ standardized_Moffitt50_contrast	62	-0.28262438865311934	0.06598642071401892	-0.414616882289888	-0.15063189501635066	-4.283068934409945	6.761143671666294e-05	0.23500352899524113	0.22225358781182858	0.23500352899524113	0.3071955726626865	0.8603470167089822	0.7588657489786264	2.4861596691818697	0.2118255466315033	0.09080065219490131	15.86113109157557	20.733600340330064	99_genus_tests_Moffitt50_MICRO_SENS_PREV_30	relative_compositional_CLR_association_not_absolute_load	0.0009562188907070902	7	MICRO_SENS_PREV_30	03_processed/microbiome/sensitivity/MICRO_SENS_PREV_30_centered_log_ratio.tsv.gz	99	negative	7	7	-0.47476939770179627	0.16603946550957993	0.8571428571428571	True	HIGH_RISK_POTENTIAL_CONTAMINANT
Acidovorax	preprocessing_sensitivity	Model_0	CLR_genus ~ standardized_Moffitt50_contrast	62	-0.1941227454253034	0.08041291329053256	-0.3549725207421772	-0.033272970108429584	-2.414074275905615	0.018843044181058977	0.09954312781362384	0.08453551327718434	0.09954312781362384	0.11054735755630998	0.04466912713770946	0.007224991540035279	2.1472994740719464	0.13362126667989166	0.09080065219490131	20.793821838825863	23.09252389660475	99_genus_tests_Moffitt50_MICRO_SENS_PREV_30	relative_compositional_CLR_association_not_absolute_load	0.05486651099778937	34	MICRO_SENS_PREV_30	03_processed/microbiome/sensitivity/MICRO_SENS_PREV_30_centered_log_ratio.tsv.gz	99	negative	34	9	-0.3848994900514588	0.25608410912850155	0.8888888888888888	True	LOW_CURRENT_CONCERN
Cupriavidus	preprocessing_sensitivity	Model_0	CLR_genus ~ standardized_Moffitt50_contrast	62	-0.2992305863471918	0.07324988988887209	-0.445752181554687	-0.1527089911396966	-4.085065340045651	0.00013262034549172511	0.15486331835108524	0.14077770699027004	0.15486331835108524	0.18324055944292605	1.3552501802217202e-07	0.5707437701318661	7.303706345573796	0.28032788546824794	0.09080065219490131	29.807132158685267	35.26900773083199	99_genus_tests_Moffitt50_MICRO_SENS_PREV_30	relative_compositional_CLR_association_not_absolute_load	0.0014588238004089762	9	MICRO_SENS_PREV_30	03_processed/microbiome/sensitivity/MICRO_SENS_PREV_30_centered_log_ratio.tsv.gz	99	negative	9	9	-0.47525427738843407	0.11145600631722874	0.8888888888888888	True	BIOLOGICALLY_PLAUSIBLE_BUT_CONTAMINATION_SENSITIVE
Staphylococcus	preprocessing_sensitivity	Model_0	CLR_genus ~ standardized_Moffitt50_contrast	62	-0.45379398334023824	0.1620881411771729	-0.778018539111277	-0.12956942756919937	-2.7996741775464735	0.006871221047629246	0.0900844810445326	0.07491922239527482	0.0900844810445326	0.0990031262989608	0.04592747275811514	0.0956638385097355	2.297712387971834	0.11082336131202372	0.09080065219490131	126.88152594627323	139.44319368453702	99_genus_tests_Moffitt50_MICRO_SENS_PREV_30	relative_compositional_CLR_association_not_absolute_load	0.027210035348611813	25	MICRO_SENS_PREV_30	03_processed/microbiome/sensitivity/MICRO_SENS_PREV_30_centered_log_ratio.tsv.gz	99	negative	25	9	-0.6117666435337625	-0.0967237405855739	1.0	False	LOW_CURRENT_CONCERN
Rhodopseudomonas	preprocessing_sensitivity	Model_0	CLR_genus ~ standardized_Moffitt50_contrast	62	0.4053891488139614	0.1991341278803046	0.007061586526278973	0.8037167111016438	2.035759280084991	0.04619730035168194	0.06500128478876244	0.04941797286857519	0.06500128478876244	0.06952018621124753	0.0060768550830667565	0.15220785779758408	2.1780143581532063	0.17297508410942325	0.09080065219490131	144.19929846103994	154.22406054158262	99_genus_tests_Moffitt50_MICRO_SENS_PREV_30	relative_compositional_CLR_association_not_absolute_load	0.11710346974236124	39	MICRO_SENS_PREV_30	03_processed/microbiome/sensitivity/MICRO_SENS_PREV_30_centered_log_ratio.tsv.gz	99	positive	39	9	0.3285600369017634	0.45682013834174473	1.0	False	LOW_CURRENT_CONCERN
Rhodoferax	preprocessing_sensitivity	Model_0	CLR_genus ~ standardized_Moffitt50_contrast	62	0.016149678370365787	0.12344101525522573	-0.23076911559189128	0.26306847233262287	0.13082911167714256	0.8963481684098511	0.00018808914592882697	-0.01647544270163892	0.00018808914592882697	0.0001881245301110238	0.0006868506300503084	0.013249741537256773	3.0841815700025683	0.06888458463436183	0.09080065219490131	84.56918823968357	84.585097778483	99_genus_tests_Moffitt50_MICRO_SENS_PREV_30	relative_compositional_CLR_association_not_absolute_load	0.9440262624742048	94	MICRO_SENS_PREV_30	03_processed/microbiome/sensitivity/MICRO_SENS_PREV_30_centered_log_ratio.tsv.gz	99	positive	94	9	-0.11760221629835572	0.07289599979546624	0.8888888888888888	True	LOW_CURRENT_CONCERN
Blastomonas	preprocessing_sensitivity	Model_0	CLR_genus ~ standardized_Moffitt50_contrast	62	-0.11984003957244131	0.04806405067777509	-0.21598245546037784	-0.023697623684504787	-2.4933404047831447	0.015430408975485659	0.08204171426120221	0.06674240949888899	0.08204171426120221	0.08937412030130848	0.04728797688951517	0.7535987335081	3.527028473633854	0.14269724001566791	0.09080065219490131	9.802163503424724	10.678223243592903	99_genus_tests_Moffitt50_MICRO_SENS_PREV_30	relative_compositional_CLR_association_not_absolute_load	0.047737827767908754	32	MICRO_SENS_PREV_30	03_processed/microbiome/sensitivity/MICRO_SENS_PREV_30_centered_log_ratio.tsv.gz	99	negative	32	9	-0.30810806699131943	0.33320041136407413	0.8888888888888888	True	LOW_CURRENT_CONCERN
Aeromonas	preprocessing_sensitivity	Model_0	CLR_genus ~ standardized_Moffitt50_contrast	62	0.3548020996127282	0.16083664110861554	0.033080916703075336	0.676523282522381	2.2059780480812496	0.03122624574597233	0.07646418150757328	0.06107191786603294	0.07646418150757328	0.08279503618212974	0.001189489077293815	0.8115148242071463	4.599418030075211	0.18545386162019098	0.09080065219490131	92.74657850711867	100.42553483038427	99_genus_tests_Moffitt50_MICRO_SENS_PREV_30	relative_compositional_CLR_association_not_absolute_load	0.08587217580142391	36	MICRO_SENS_PREV_30	03_processed/microbiome/sensitivity/MICRO_SENS_PREV_30_centered_log_ratio.tsv.gz	99	positive	36	9	-0.36993610811046285	0.6878998899726578	0.8888888888888888	True	LOW_CURRENT_CONCERN
Achromobacter	preprocessing_sensitivity	Model_0	CLR_genus ~ standardized_Moffitt50_contrast	62	-0.24398815138151334	0.11691944270106473	-0.4778618579675742	-0.010114444795452482	-2.08680563082509	0.041162880688513794	0.058684605168890513	0.04299601525503871	0.058684605168890513	0.0623431907000944	0.00021948178607516478	0.3647542701648748	5.142416721263899	0.28281422682596535	0.09080065219490131	58.24763311132788	61.87897641021653	99_genus_tests_Moffitt50_MICRO_SENS_PREV_30	relative_compositional_CLR_association_not_absolute_load	0.10724013653060173	38	MICRO_SENS_PREV_30	03_processed/microbiome/sensitivity/MICRO_SENS_PREV_30_centered_log_ratio.tsv.gz	99	negative	38	9	-0.4029494350455562	0.1319766261892544	0.8888888888888888	True	LOW_CURRENT_CONCERN
Azoarcus	preprocessing_sensitivity	Model_0	CLR_genus ~ standardized_Moffitt50_contrast	62	-0.20376116842203335	0.07438250692322776	-0.35254833501652644	-0.05497400182754025	-2.7393694680436207	0.008093939818464506	0.12212891185367702	0.10749772705123839	0.12212891185367702	0.13911941457322566	0.9115440524501449	0.4628133195140516	2.7869354827713546	0.08721916270467271	0.09080065219490131	18.20475917706214	20.737394616221582	99_genus_tests_Moffitt50_MICRO_SENS_PREV_30	relative_compositional_CLR_association_not_absolute_load	0.0303754882832327	26	MICRO_SENS_PREV_30	03_processed/microbiome/sensitivity/MICRO_SENS_PREV_30_centered_log_ratio.tsv.gz	99	negative	26	9	-0.3942746859776195	0.24674330221477256	0.8888888888888888	True	LOW_CURRENT_CONCERN
Enterobacter	preprocessing_sensitivity	Model_0	CLR_genus ~ standardized_Moffitt50_contrast	62	0.25164567531471993	0.2119609734695015	-0.17233939826834627	0.6756307488977862	1.1872264558689083	0.2398174448321207	0.01991438174701965	0.003579621442803327	0.01991438174701965	0.02031902251817283	0.11262362167037795	0.0025203461980565552	2.3721327950945343	0.09449409066752908	0.09080065219490131	190.11043945277646	193.97329775295717	99_genus_tests_Moffitt50_MICRO_SENS_PREV_30	relative_compositional_CLR_association_not_absolute_load	0.40122415693436414	59	MICRO_SENS_PREV_30	03_processed/microbiome/sensitivity/MICRO_SENS_PREV_30_centered_log_ratio.tsv.gz	99	positive	59	9	0.03969291725914792	0.35951297607592725	1.0	False	LOW_CURRENT_CONCERN
Methyloversatilis	preprocessing_sensitivity	Model_0	CLR_genus ~ standardized_Moffitt50_contrast	62	-0.07887689696351009	0.05652256621592743	-0.19193886305988653	0.03418506913286634	-1.3954939105592743	0.16801042326804908	0.03187694135900765	0.015741557048324473	0.03187694135900765	0.032926538702378466	0.26141660713790676	0.9781925036975794	3.3104322475935795	0.10043495460518859	0.09080065219490131	11.526126714397376	11.9056421717475	99_genus_tests_Moffitt50_MICRO_SENS_PREV_30	relative_compositional_CLR_association_not_absolute_load	0.2918075772550326	57	MICRO_SENS_PREV_30	03_processed/microbiome/sensitivity/MICRO_SENS_PREV_30_centered_log_ratio.tsv.gz	99	negative	57	9	-0.2700977226113444	0.37082864023250756	0.8888888888888888	True	LOW_CURRENT_CONCERN
Rubrivivax	preprocessing_sensitivity	Model_0	CLR_genus ~ standardized_Moffitt50_contrast	62	0.4314900063092652	0.12181594066124772	0.18782184551795306	0.6751581671005773	3.542147308201442	0.0007749868445770584	0.13643453488347834	0.12204177713153641	0.13643453488347834	0.15798979972533883	0.08030240657885546	0.13211845128421382	2.138426429538276	0.16719238161234218	0.09080065219490131	71.88566083364333	83.2428619918743	99_genus_tests_Moffitt50_MICRO_SENS_PREV_30	relative_compositional_CLR_association_not_absolute_load	0.004795231100820549	16	MICRO_SENS_PREV_30	03_processed/microbiome/sensitivity/MICRO_SENS_PREV_30_centered_log_ratio.tsv.gz	99	positive	16	9	-0.14255031101523494	0.6890998729537884	0.8888888888888888	True	LOW_CURRENT_CONCERN
Mesorhizobium	preprocessing_sensitivity	Model_0	CLR_genus ~ standardized_Moffitt50_contrast	62	0.32809711605712094	0.15340713339220774	0.021237161251236758	0.6349570708630051	2.1387344173774028	0.036537231712210246	0.06817590681521624	0.052645505262136516	0.06817590681521624	0.07316392365666889	0.5142069646508913	0.9954550674245949	2.4333428596682483	0.1502066906064009	0.09080065219490131	89.75066457998057	96.31717535144554	99_genus_tests_Moffitt50_MICRO_SENS_PREV_30	relative_compositional_CLR_association_not_absolute_load	0.09776178214888687	37	MICRO_SENS_PREV_30	03_processed/microbiome/sensitivity/MICRO_SENS_PREV_30_centered_log_ratio.tsv.gz	99	positive	37	8	-0.2155946253935093	0.5796558786667678	0.875	True	MODERATE_RISK_ENVIRONMENTAL
Nocardioides	preprocessing_sensitivity	Model_0	CLR_genus ~ standardized_Moffitt50_contrast	62	0.6230810997054892	0.1551873583068809	0.31266016488008874	0.9335020345308896	4.015024848050798	0.0001677065161499695	0.1818667918212904	0.16823123835164533	0.1818667918212904	0.22229484147960923	0.21441023954123328	0.5532434178749737	2.7411296208483544	0.1620987761560478	0.09080065219490131	106.5343365945566	130.21637005997886	99_genus_tests_Moffitt50_MICRO_SENS_PREV_30	relative_compositional_CLR_association_not_absolute_load	0.0016602945098846981	10	MICRO_SENS_PREV_30	03_processed/microbiome/sensitivity/MICRO_SENS_PREV_30_centered_log_ratio.tsv.gz	99	positive	10	9	0.0014533719312191237	0.9216275608468687	1.0	False	LOW_CURRENT_CONCERN
Comamonas	preprocessing_sensitivity	Model_0	CLR_genus ~ standardized_Moffitt50_contrast	62	-0.17688925518980259	0.05299583572174303	-0.2828967099598307	-0.07088180041977449	-3.3377953716697175	0.0014544396468686106	0.12649781627297518	0.11193944654419152	0.12649781627297518	0.14481682888672273	0.05350282009554773	0.9014809397236114	4.122484211038982	0.11213419428645223	0.09080065219490131	13.179948348342663	15.088626673040444	99_genus_tests_Moffitt50_MICRO_SENS_PREV_30	relative_compositional_CLR_association_not_absolute_load	0.007440036117126383	19	MICRO_SENS_PREV_30	03_processed/microbiome/sensitivity/MICRO_SENS_PREV_30_centered_log_ratio.tsv.gz	99	negative	19	7	-0.3690210376262675	0.2717895009042564	0.8571428571428571	True	HIGH_RISK_POTENTIAL_CONTAMINANT
Dechloromonas	preprocessing_sensitivity	Model_0	CLR_genus ~ standardized_Moffitt50_contrast	62	-0.4178696014071498	0.10046519993549925	-0.6188299220263561	-0.21690928078794347	-4.159346735739647	0.00010317932215429794	0.26874371079219317	0.25655610597206313	0.26874371079219317	0.3675096060826113	0.009344612782011956	0.5516572315507232	3.3514238755356986	0.21634285423623276	0.09080065219490131	28.98295732764062	39.63447255823097	99_genus_tests_Moffitt50_MICRO_SENS_PREV_30	relative_compositional_CLR_association_not_absolute_load	0.001276844111659437	8	MICRO_SENS_PREV_30	03_processed/microbiome/sensitivity/MICRO_SENS_PREV_30_centered_log_ratio.tsv.gz	99	negative	8	8	-0.610176916443837	0.030611278190279773	0.875	True	MODERATE_RISK_ENVIRONMENTAL
Bordetella	preprocessing_sensitivity	Model_0	CLR_genus ~ standardized_Moffitt50_contrast	62	-0.06736922075881017	0.11572115291443098	-0.2988459908945256	0.16410754937690525	-0.5821685928814222	0.5626343929279296	0.0035362059660103418	-0.013071523934556017	0.0035362059660103418	0.0035487550949490103	1.4362417495231296e-07	0.06271239052020268	2.8516427441006624	0.10785999962143643	0.09080065219490131	78.01477386779072	78.29162919403534	99_genus_tests_Moffitt50_MICRO_SENS_PREV_30	relative_compositional_CLR_association_not_absolute_load	0.7527135797279058	74	MICRO_SENS_PREV_30	03_processed/microbiome/sensitivity/MICRO_SENS_PREV_30_centered_log_ratio.tsv.gz	99	negative	74	9	-0.15801591206741342	0.15808509814265914	0.8888888888888888	True	LOW_CURRENT_CONCERN
Kocuria	preprocessing_sensitivity	Model_0	CLR_genus ~ standardized_Moffitt50_contrast	62	0.03346804137183866	0.21997688786841613	-0.4065512483248292	0.47348733106850655	0.15214344423246084	0.8795842515596377	0.0003948435617433521	-0.016265242378894262	0.0003948435617433521	0.0003949995247625963	0.008831665054845431	0.3685823234170823	2.197896099555532	0.12201910080526228	0.09080065219490131	172.97918884950064	173.04751554688994	99_genus_tests_Moffitt50_MICRO_SENS_PREV_30	relative_compositional_CLR_association_not_absolute_load	0.9378871567642517	92	MICRO_SENS_PREV_30	03_processed/microbiome/sensitivity/MICRO_SENS_PREV_30_centered_log_ratio.tsv.gz	99	positive	92	9	-0.029317548333144244	0.08203008655403657	0.8888888888888888	True	LOW_CURRENT_CONCERN
Bosea	preprocessing_sensitivity	Model_0	CLR_genus ~ standardized_Moffitt50_contrast	62	0.36343151752903047	0.18571253658303552	-0.008048864918759058	0.73491189997682	1.9569573719463655	0.055010158669822756	0.07079782230372955	0.05531111934212507	0.07079782230372955	0.07619205378882714	0.019676785472384294	0.3797270625822273	3.1871254963524844	0.1725366948771091	0.09080065219490131	105.74633630787086	113.80336685181156	99_genus_tests_Moffitt50_MICRO_SENS_PREV_30	relative_compositional_CLR_association_not_absolute_load	0.12377285700710121	44	MICRO_SENS_PREV_30	03_processed/microbiome/sensitivity/MICRO_SENS_PREV_30_centered_log_ratio.tsv.gz	99	positive	44	9	0.22389621387352693	0.7115024363829625	1.0	False	LOW_CURRENT_CONCERN
Phenylobacterium	preprocessing_sensitivity	Model_0	CLR_genus ~ standardized_Moffitt50_contrast	62	-0.015803992380838846	0.18137034722802275	-0.37859870291902287	0.34699071815734517	-0.0871365833631543	0.930853105986204	0.00016561851059626598	-0.016498287847560356	0.00016561851059626598	0.00016564594463090205	0.07725460007652409	0.7460407671097107	2.300547748515389	0.17371798444644088	0.09080065219490131	91.9777222408415	91.99295797752707	99_genus_tests_Moffitt50_MICRO_SENS_PREV_30	relative_compositional_CLR_association_not_absolute_load	0.9599422655482728	96	MICRO_SENS_PREV_30	03_processed/microbiome/sensitivity/MICRO_SENS_PREV_30_centered_log_ratio.tsv.gz	99	negative	96	9	-0.21706339432744476	0.06043358537804597	0.6666666666666666	True	LOW_CURRENT_CONCERN
Xanthomonas	preprocessing_sensitivity	Model_0	CLR_genus ~ standardized_Moffitt50_contrast	62	0.08173269008278379	0.18857470920685498	-0.2954728900306607	0.45893827019622824	0.4334233918564764	0.6662615184230785	0.002803014708527618	-0.013816935046330192	0.002803014708527618	0.0028108936848704174	0.23141762930091506	0.2737276889104019	2.2660675318019323	0.10920240880959727	0.09080065219490131	144.96962034228878	145.377114532607	99_genus_tests_Moffitt50_MICRO_SENS_PREV_30	relative_compositional_CLR_association_not_absolute_load	0.8566219522582437	77	MICRO_SENS_PREV_30	03_processed/microbiome/sensitivity/MICRO_SENS_PREV_30_centered_log_ratio.tsv.gz	99	positive	77	9	-0.12549556930516964	0.1685307743332001	0.8888888888888888	True	LOW_CURRENT_CONCERN
Azospira	preprocessing_sensitivity	Model_0	CLR_genus ~ standardized_Moffitt50_contrast	62	-0.05533738966104335	0.1453133351614285	-0.34600733749407697	0.23533255817199028	-0.3808142563073725	0.7046861003400057	0.001937259989169715	-0.014697119011010784	0.001937259989169715	0.0019410202500382825	0.0014276679409284804	0.037221489457271946	2.0978629806350875	0.1092341863502815	0.09080065219490131	96.23589880669071	96.42269463505512	99_genus_tests_Moffitt50_MICRO_SENS_PREV_30	relative_compositional_CLR_association_not_absolute_load	0.872049049170757	80	MICRO_SENS_PREV_30	03_processed/microbiome/sensitivity/MICRO_SENS_PREV_30_centered_log_ratio.tsv.gz	99	negative	80	9	-0.07620677347319324	-0.009782914418844477	1.0	False	LOW_CURRENT_CONCERN
Deinococcus	preprocessing_sensitivity	Model_0	CLR_genus ~ standardized_Moffitt50_contrast	62	-0.0435071241341054	0.16311580115081428	-0.36978730591219033	0.28277305764397953	-0.2667253805404138	0.7905951844355431	0.001546431201519316	-0.015094461611788734	0.001546431201519316	0.0015488263549203003	0.004256333065016474	0.016446419267455943	2.246720008107851	0.1094622964807958	0.09080065219490131	74.55003623153628	74.66550129241195	99_genus_tests_Moffitt50_MICRO_SENS_PREV_30	relative_compositional_CLR_association_not_absolute_load	0.9317728959418901	84	MICRO_SENS_PREV_30	03_processed/microbiome/sensitivity/MICRO_SENS_PREV_30_centered_log_ratio.tsv.gz	99	negative	84	9	-0.22986178284624154	0.031810294018513485	0.8888888888888888	True	LOW_CURRENT_CONCERN
Hydrogenophaga	preprocessing_sensitivity	Model_0	CLR_genus ~ standardized_Moffitt50_contrast	62	-0.27214806746582876	0.07299797824092906	-0.4181657643526035	-0.12613037057905402	-3.7281589713020122	0.00042945152396259674	0.14581233802372873	0.13157587699079087	0.14581233802372873	0.1707029315857518	0.00027180568565764277	0.6799456810355583	5.373698104599416	0.1940006536834623	0.09080065219490131	26.466673806822904	30.984612614971404	99_genus_tests_Moffitt50_MICRO_SENS_PREV_30	relative_compositional_CLR_association_not_absolute_load	0.0032090702224658453	13	MICRO_SENS_PREV_30	03_processed/microbiome/sensitivity/MICRO_SENS_PREV_30_centered_log_ratio.tsv.gz	99	negative	13	9	-0.44695758884248316	0.13991111124886363	0.8888888888888888	True	LOW_CURRENT_CONCERN
Porphyrobacter	preprocessing_sensitivity	Model_0	CLR_genus ~ standardized_Moffitt50_contrast	62	-0.13689775803039667	0.06929885218052843	-0.27551610111519587	0.001720585054402507	-1.9754693436157973	0.05281993862929128	0.0382608764245147	0.022231891031589956	0.0382608764245147	0.03978300922423862	1.7623083633553328e-07	0.311199480099714	4.87743753566691	0.2508089507098719	0.09080065219490131	28.735904791288828	29.87910555666752	99_genus_tests_Moffitt50_MICRO_SENS_PREV_30	relative_compositional_CLR_association_not_absolute_load	0.1216086959139497	43	MICRO_SENS_PREV_30	03_processed/microbiome/sensitivity/MICRO_SENS_PREV_30_centered_log_ratio.tsv.gz	99	negative	43	9	-0.2765363425352776	0.20037411264436958	0.8888888888888888	True	LOW_CURRENT_CONCERN
Aromatoleum	preprocessing_sensitivity	Model_0	CLR_genus ~ standardized_Moffitt50_contrast	62	0.252022359938176	0.15036559213438835	-0.04875360651412558	0.5527983263904777	1.676064027420133	0.09892956247475547	0.034765408680507925	0.018678165491849752	0.034765408680507925	0.036017574373275435	0.005808688500470117	0.8508154407043178	2.2932807242187194	0.0668149457745951	0.09080065219490131	107.57058274618366	111.4450142106209	99_genus_tests_Moffitt50_MICRO_SENS_PREV_30	relative_compositional_CLR_association_not_absolute_load	0.18834666701924596	52	MICRO_SENS_PREV_30	03_processed/microbiome/sensitivity/MICRO_SENS_PREV_30_centered_log_ratio.tsv.gz	99	positive	52	9	-0.29320953734121424	0.491506412046362	0.8888888888888888	True	LOW_CURRENT_CONCERN
Microbacterium	preprocessing_sensitivity	Model_0	CLR_genus ~ standardized_Moffitt50_contrast	62	0.3197243620904556	0.1654534312904363	-0.01123177616459009	0.6506805003455014	1.9324130034463458	0.058033397625367106	0.04975573895372698	0.03391833460295579	0.04975573895372698	0.05236099915925099	0.21467251628656428	0.44320654531776604	2.4374652373238583	0.17135073021499822	0.09080065219490131	119.08947175736542	125.32511548792846	99_genus_tests_Moffitt50_MICRO_SENS_PREV_30	relative_compositional_CLR_association_not_absolute_load	0.12489796445459442	46	MICRO_SENS_PREV_30	03_processed/microbiome/sensitivity/MICRO_SENS_PREV_30_centered_log_ratio.tsv.gz	99	positive	46	9	-0.08520596426249223	0.5160267710139143	0.8888888888888888	True	LOW_CURRENT_CONCERN
Pandoraea	preprocessing_sensitivity	Model_0	CLR_genus ~ standardized_Moffitt50_contrast	62	0.42973304985857674	0.08877951790522301	0.25214757355328316	0.6073185261638703	4.840452617881303	9.446648793022713e-06	0.27445623434242994	0.26236383824813714	0.27445623434242994	0.3782766076057267	0.5984721517839169	0.13080180759398666	3.700182937108792	0.26187096792697623	0.09080065219490131	29.77953147535688	41.04443161794285	99_genus_tests_Moffitt50_MICRO_SENS_PREV_30	relative_compositional_CLR_association_not_absolute_load	0.00023380455762731214	4	MICRO_SENS_PREV_30	03_processed/microbiome/sensitivity/MICRO_SENS_PREV_30_centered_log_ratio.tsv.gz	99	positive	4	9	-0.5456379311439243	0.8742960847593249	0.8888888888888888	True	LOW_CURRENT_CONCERN
Rhodococcus	preprocessing_sensitivity	Model_0	CLR_genus ~ standardized_Moffitt50_contrast	62	-0.06605373237664505	0.17112293829990596	-0.4083505731546275	0.2762431084013375	-0.38600162569018576	0.7008608134433983	0.002507154007967749	-0.014117726758566151	0.002507154007967749	0.002513455628320141	0.0039745951320405625	0.9618094193480455	2.6660814847136245	0.08346764153877348	0.09080065219490131	105.88960720658518	106.1557560357992	99_genus_tests_Moffitt50_MICRO_SENS_PREV_30	relative_compositional_CLR_association_not_absolute_load	0.872049049170757	79	MICRO_SENS_PREV_30	03_processed/microbiome/sensitivity/MICRO_SENS_PREV_30_centered_log_ratio.tsv.gz	99	negative	79	9	-0.14268623077401146	-0.028207831559175084	1.0	False	LOW_CURRENT_CONCERN
Streptococcus	preprocessing_sensitivity	Model_0	CLR_genus ~ standardized_Moffitt50_contrast	62	0.2899359444884069	0.14563096256794458	-0.001369352754092834	0.5812412417309067	1.9908949262979458	0.05105235610382207	0.03211024480707658	0.015978748887194527	0.03211024480707658	0.03317551883858534	6.787055305373299e-05	0.9897523571114074	4.441680702423421	0.12432900898725423	0.09080065219490131	154.56680545792906	159.69463942421854	99_genus_tests_Moffitt50_MICRO_SENS_PREV_30	relative_compositional_CLR_association_not_absolute_load	0.12033769653043773	42	MICRO_SENS_PREV_30	03_processed/microbiome/sensitivity/MICRO_SENS_PREV_30_centered_log_ratio.tsv.gz	99	positive	42	9	-0.32746799762473516	0.5624492567048618	0.8888888888888888	True	LOW_CURRENT_CONCERN
Rhizorhabdus	preprocessing_sensitivity	Model_0	CLR_genus ~ standardized_Moffitt50_contrast	62	-0.28020639038307843	0.084223524395192	-0.4486785227931459	-0.11173425797301098	-3.3269373657209997	0.0015030375994194713	0.08756341777665921	0.07235614140627022	0.08756341777665921	0.0959665794671371	4.4381462084629055e-07	0.723569175539271	4.990923260244046	0.1505189734187133	0.09080065219490131	49.90750863994746	54.696961533849816	99_genus_tests_Moffitt50_MICRO_SENS_PREV_30	relative_compositional_CLR_association_not_absolute_load	0.007440036117126383	20	MICRO_SENS_PREV_30	03_processed/microbiome/sensitivity/MICRO_SENS_PREV_30_centered_log_ratio.tsv.gz	99	negative	20	9	-0.45101556253195624	0.11880202223864327	0.8888888888888888	True	LOW_CURRENT_CONCERN
Citromicrobium	preprocessing_sensitivity	Model_0	CLR_genus ~ standardized_Moffitt50_contrast	62	-0.013192995613535288	0.1482230395362843	-0.3096832187702983	0.2832972275432278	-0.08900772548457762	0.9293722085283449	0.00017495864052696763	-0.016488792048797496	0.00017495864052696763	0.00017498925640937584	0.15491290918429218	0.11334409684224482	2.400244298928273	0.1514735348881883	0.09080065219490131	60.674371367999555	60.68498873112834	99_genus_tests_Moffitt50_MICRO_SENS_PREV_30	relative_compositional_CLR_association_not_absolute_load	0.9599422655482728	95	MICRO_SENS_PREV_30	03_processed/microbiome/sensitivity/MICRO_SENS_PREV_30_centered_log_ratio.tsv.gz	99	negative	95	8	-0.24433764086255402	0.08801287332680278	0.625	True	LOW_CURRENT_CONCERN
Massilia	preprocessing_sensitivity	Model_0	CLR_genus ~ standardized_Moffitt50_contrast	62	0.15654635131855446	0.13701853237137382	-0.11753152055949498	0.4306242231966039	1.1425195454163282	0.2577768626230045	0.017802529114844368	0.0014325712667585533	0.017802529114844368	0.018125203579276928	1.2227933415904525e-05	0.0008875873699548916	2.284929357405087	0.0952886919820434	0.09080065219490131	82.47699730608437	83.97190967286463	99_genus_tests_Moffitt50_MICRO_SENS_PREV_30	relative_compositional_CLR_association_not_absolute_load	0.4183591704865155	61	MICRO_SENS_PREV_30	03_processed/microbiome/sensitivity/MICRO_SENS_PREV_30_centered_log_ratio.tsv.gz	99	positive	61	9	0.06097083215404797	0.20851399837116188	1.0	False	LOW_CURRENT_CONCERN
Candida	preprocessing_sensitivity	Model_0	CLR_genus ~ standardized_Moffitt50_contrast	62	-1.1274564914525809	0.2442469710966676	-1.616023175770825	-0.6388898071343367	-4.616051066632709	2.1109614562061787e-05	0.24151072423340414	0.22886923630396094	0.24151072423340414	0.31841020295153444	0.0037708842234425396	0.00024048663070905675	2.9777830293876923	0.12703467046846378	0.09080065219490131	243.52437776321779	321.0650243104501	99_genus_tests_Moffitt50_MICRO_SENS_PREV_30	relative_compositional_CLR_association_not_absolute_load	0.00041797036832882337	5	MICRO_SENS_PREV_30	03_processed/microbiome/sensitivity/MICRO_SENS_PREV_30_centered_log_ratio.tsv.gz	99	negative	5	9	-1.659106789594824	0.04321095299072192	0.8888888888888888	True	LOW_CURRENT_CONCERN
Ramlibacter	preprocessing_sensitivity	Model_0	CLR_genus ~ standardized_Moffitt50_contrast	62	-0.3658822241917251	0.09794590353626106	-0.5618032017105269	-0.1699612466729233	-3.735554127143969	0.0004193531811759223	0.2178664414710424	0.20483088216222645	0.2178664414710424	0.27855401305220445	0.1702092490359582	0.20129031916158382	2.788666515363648	0.16478040918311887	0.09080065219490131	29.315886823063217	37.48194474381171	99_genus_tests_Moffitt50_MICRO_SENS_PREV_30	relative_compositional_CLR_association_not_absolute_load	0.0032090702224658453	12	MICRO_SENS_PREV_30	03_processed/microbiome/sensitivity/MICRO_SENS_PREV_30_centered_log_ratio.tsv.gz	99	negative	12	9	-0.5581009449099799	0.0826983858998724	0.8888888888888888	True	LOW_CURRENT_CONCERN
Caulobacter	preprocessing_sensitivity	Model_0	CLR_genus ~ standardized_Moffitt50_contrast	62	-0.12215556344794568	0.04851503776121572	-0.21920008781664507	-0.025111039079246292	-2.5178907218248163	0.014492712473606032	0.07619284289691286	0.06079605694519474	0.07619284289691286	0.08247700000056456	0.03764009830057331	0.9348858435509131	4.00706874350553	0.10726772631756018	0.09080065219490131	11.036299605370626	11.946540487929012	99_genus_tests_Moffitt50_MICRO_SENS_PREV_30	relative_compositional_CLR_association_not_absolute_load	0.04628317854474184	31	MICRO_SENS_PREV_30	03_processed/microbiome/sensitivity/MICRO_SENS_PREV_30_centered_log_ratio.tsv.gz	99	negative	31	7	-0.3141267058656657	0.3267041949783222	0.8571428571428571	True	HIGH_RISK_POTENTIAL_CONTAMINANT
Bacteroides	preprocessing_sensitivity	Model_0	CLR_genus ~ standardized_Moffitt50_contrast	62	0.246932097193722	0.2967245128057374	-0.346605299509837	0.840469493897281	0.8321931169717212	0.408600032376213	0.012646574569471492	-0.0038093158543706096	0.012646574569471492	0.012808558965556879	0.030427219302067498	0.1114149973941594	2.4085893934391507	0.16269323618685658	0.09080065219490131	290.392003354622	294.1115064527159	99_genus_tests_Moffitt50_MICRO_SENS_PREV_30	relative_compositional_CLR_association_not_absolute_load	0.603752286645449	67	MICRO_SENS_PREV_30	03_processed/microbiome/sensitivity/MICRO_SENS_PREV_30_centered_log_ratio.tsv.gz	99	positive	67	9	0.2085361443718291	0.3629281165357989	1.0	False	LOW_CURRENT_CONCERN
Variovorax	preprocessing_sensitivity	Model_0	CLR_genus ~ standardized_Moffitt50_contrast	62	-0.3148113311565705	0.08483227368083386	-0.4845011434368601	-0.1451215188762809	-3.7109854244976552	0.0004538079102476953	0.21393652658433304	0.20083546869407198	0.21393652658433304	0.2721618976324121	0.21812835937307293	0.6019766716168281	2.8362861577702296	0.1468215072820986	0.09080065219490131	22.212795693628053	28.258272321326935	99_genus_tests_Moffitt50_MICRO_SENS_PREV_30	relative_compositional_CLR_association_not_absolute_load	0.0032090702224658453	14	MICRO_SENS_PREV_30	03_processed/microbiome/sensitivity/MICRO_SENS_PREV_30_centered_log_ratio.tsv.gz	99	negative	14	9	-0.5062890166792315	0.13460549111784675	0.8888888888888888	True	LOW_CURRENT_CONCERN
Pseudomonas	preprocessing_sensitivity	Model_0	CLR_genus ~ standardized_Moffitt50_contrast	62	0.10664168124647595	0.0703704968259696	-0.03412027028857244	0.24740363278152433	1.5154316944813837	0.13491400624274696	0.04380451755869186	0.027867926184670155	0.04380451755869186	0.045811257596461825	0.013847194200455366	0.07387172699567568	3.4945188130870792	0.16791822507523604	0.09080065219490131	15.142988324711572	15.836707663635146	99_genus_tests_Moffitt50_MICRO_SENS_PREV_30	relative_compositional_CLR_association_not_absolute_load	0.2385086896077134	56	MICRO_SENS_PREV_30	03_processed/microbiome/sensitivity/MICRO_SENS_PREV_30_centered_log_ratio.tsv.gz	99	positive	56	9	-0.08549070714273956	0.5553197543428676	0.8888888888888888	True	BIOLOGICALLY_PLAUSIBLE_BUT_CONTAMINATION_SENSITIVE
Methylobacterium	preprocessing_sensitivity	Model_0	CLR_genus ~ standardized_Moffitt50_contrast	62	0.20656983280169058	0.11890287718314507	-0.03127133345898356	0.4444109990623647	1.7372988584919846	0.08746555462371973	0.028373987432027015	0.012180220555894183	0.028373987432027015	0.02920258110117449	7.456348902229579e-06	0.022928607912707195	2.486837933257558	0.07859540189436452	0.09080065219490131	89.13379390091475	91.73673074616156	99_genus_tests_Moffitt50_MICRO_SENS_PREV_30	relative_compositional_CLR_association_not_absolute_load	0.17671612056629088	49	MICRO_SENS_PREV_30	03_processed/microbiome/sensitivity/MICRO_SENS_PREV_30_centered_log_ratio.tsv.gz	99	positive	49	9	0.1933856744331671	0.26302630389204706	1.0	False	BIOLOGICALLY_PLAUSIBLE_BUT_CONTAMINATION_SENSITIVE
Elizabethkingia	preprocessing_sensitivity	Model_0	CLR_genus ~ standardized_Moffitt50_contrast	62	0.38499895435362863	0.17381472271633353	0.037317743070134135	0.7326801656371231	2.21499622320227	0.030568269411044235	0.04543817233718506	0.02952880854280482	0.04543817233718506	0.04760107833814975	5.019338509286116e-06	0.8024979388752121	4.7770505014455305	0.18166993031813808	0.09080065219490131	189.94687098948017	198.98854687553683	99_genus_tests_Moffitt50_MICRO_SENS_PREV_30	relative_compositional_CLR_association_not_absolute_load	0.08587217580142391	35	MICRO_SENS_PREV_30	03_processed/microbiome/sensitivity/MICRO_SENS_PREV_30_centered_log_ratio.tsv.gz	99	positive	35	7	0.19333376074063405	0.834203814164222	1.0	False	HIGH_RISK_POTENTIAL_CONTAMINANT
Tessaracoccus	preprocessing_sensitivity	Model_0	CLR_genus ~ standardized_Moffitt50_contrast	62	-0.11153354071297383	0.08254906673600716	-0.2766562591143188	0.0535891776883711	-1.3511181303800726	0.18173060856552894	0.032519639989864846	0.016394967323029364	0.032519639989864846	0.03361271332631928	0.8619552240476704	0.6801583715163168	3.3717697921746854	0.10724606856111368	0.09080065219490131	22.575492956355745	23.33431652929807	99_genus_tests_Moffitt50_MICRO_SENS_PREV_30	relative_compositional_CLR_association_not_absolute_load	0.31019534910323043	58	MICRO_SENS_PREV_30	03_processed/microbiome/sensitivity/MICRO_SENS_PREV_30_centered_log_ratio.tsv.gz	99	negative	58	9	-0.3014307485195948	0.3396662970328276	0.8888888888888888	True	LOW_CURRENT_CONCERN
Agrobacterium	preprocessing_sensitivity	Model_0	CLR_genus ~ standardized_Moffitt50_contrast	62	-0.21763988653803	0.10809585535758144	-0.4338637905785686	-0.0014159824974913637	-2.0133971447663424	0.04856505656221683	0.07109955528720069	0.055617881208654074	0.07109955528720069	0.07654163122850426	0.12610066383605859	0.11756213526681553	3.591136458635356	0.17741299027221086	0.09080065219490131	37.74931741817209	40.63871175112157	99_genus_tests_Moffitt50_MICRO_SENS_PREV_30	relative_compositional_CLR_association_not_absolute_load	0.11726684389413332	41	MICRO_SENS_PREV_30	03_processed/microbiome/sensitivity/MICRO_SENS_PREV_30_centered_log_ratio.tsv.gz	99	negative	41	9	-0.4096484481680811	0.2311776858832548	0.8888888888888888	True	LOW_CURRENT_CONCERN
Azospirillum	preprocessing_sensitivity	Model_0	CLR_genus ~ standardized_Moffitt50_contrast	62	0.09741174890740552	0.17153662342898301	-0.2457125853332695	0.4405360831480805	0.5678772670241725	0.5722373361551236	0.005956313893184739	-0.010611080875262191	0.005956313893184739	0.005992004150755907	0.09733120991192136	0.5319861549274856	2.2004035691421038	0.1851408036217316	0.09080065219490131	96.6007305358956	97.17956251423274	99_genus_tests_Moffitt50_MICRO_SENS_PREV_30	relative_compositional_CLR_association_not_absolute_load	0.7553532837247632	75	MICRO_SENS_PREV_30	03_processed/microbiome/sensitivity/MICRO_SENS_PREV_30_centered_log_ratio.tsv.gz	99	positive	75	9	-0.20345224187648708	0.23705431387501902	0.8888888888888888	True	LOW_CURRENT_CONCERN
Ensifer	preprocessing_sensitivity	Model_0	CLR_genus ~ standardized_Moffitt50_contrast	62	0.41246547719965954	0.1607148508477728	0.090987911083513	0.7339430433158061	2.5664428335272014	0.01278842972872394	0.10099391035319327	0.08601047552574659	0.10099391035319327	0.11233951751413701	0.7220402050488972	0.2631337931425085	2.662149212927409	0.17301580716455836	0.09080065219490131	92.37883687250259	102.7566308352767	99_genus_tests_Moffitt50_MICRO_SENS_PREV_30	relative_compositional_CLR_association_not_absolute_load	0.042201818104789	30	MICRO_SENS_PREV_30	03_processed/microbiome/sensitivity/MICRO_SENS_PREV_30_centered_log_ratio.tsv.gz	99	positive	30	9	-0.18286826333619935	0.7006069735000906	0.8888888888888888	True	LOW_CURRENT_CONCERN
Croceicoccus	preprocessing_sensitivity	Model_0	CLR_genus ~ standardized_Moffitt50_contrast	62	0.03240904719861994	0.1913510794219746	-0.3503501002092336	0.4151681946064734	0.16936955514711413	0.8660757071366031	0.0005112697254360254	-0.01614687577914009	0.0005112697254360254	0.0005115312558807715	1.1874869107721445e-06	0.029594831680810223	2.373449969016261	0.20258334067999365	0.09080065219490131	125.25359110132601	125.31766222808567	99_genus_tests_Moffitt50_MICRO_SENS_PREV_30	relative_compositional_CLR_association_not_absolute_load	0.9378871567642517	90	MICRO_SENS_PREV_30	03_processed/microbiome/sensitivity/MICRO_SENS_PREV_30_centered_log_ratio.tsv.gz	99	positive	90	9	0.029793905760261908	0.06587150090441082	1.0	False	LOW_CURRENT_CONCERN
Rhodobacter	preprocessing_sensitivity	Model_0	CLR_genus ~ standardized_Moffitt50_contrast	62	0.2276118187056644	0.2149968689070604	-0.2024459499090139	0.6576695873203428	1.058675039607471	0.2939913681887544	0.021190199590809033	0.004876702917322562	0.021190199590809033	0.021648945057508088	0.001947162913180868	0.7340511148448247	1.9925181640128355	0.1888952794891138	0.09080065219490131	145.97642206073718	149.13665760162164	99_genus_tests_Moffitt50_MICRO_SENS_PREV_30	relative_compositional_CLR_association_not_absolute_load	0.4547678976669794	64	MICRO_SENS_PREV_30	03_processed/microbiome/sensitivity/MICRO_SENS_PREV_30_centered_log_ratio.tsv.gz	99	positive	64	9	-0.043015260923906576	0.3474735820889823	0.8888888888888888	True	LOW_CURRENT_CONCERN
Micrococcus	preprocessing_sensitivity	Model_0	CLR_genus ~ standardized_Moffitt50_contrast	62	-0.059266837404034524	0.27326880155480987	-0.6058858259785677	0.4873521511704986	-0.2168810968058763	0.8290367816488244	0.000972013471163713	-0.01567845297098347	0.000972013471163713	0.000972959200613602	0.0001306820758586944	0.7529180497904951	1.7951050887127187	0.11127087547295549	0.09080065219490131	220.22099059578716	220.43525663475563	99_genus_tests_Moffitt50_MICRO_SENS_PREV_30	relative_compositional_CLR_association_not_absolute_load	0.9378871567642517	85	MICRO_SENS_PREV_30	03_processed/microbiome/sensitivity/MICRO_SENS_PREV_30_centered_log_ratio.tsv.gz	99	negative	85	9	-0.11824482363478143	0.06125927896510893	0.7777777777777778	True	LOW_CURRENT_CONCERN
Bradyrhizobium	preprocessing_sensitivity	Model_0	CLR_genus ~ standardized_Moffitt50_contrast	62	0.13900746129956476	0.11793163106930928	-0.09689092347496381	0.37490584607409333	1.1787122762498643	0.24316615571779646	0.019639318648855375	0.003299973959669744	0.019639318648855375	0.020032748173649962	0.40675823763308155	0.25363613045404054	2.3468152229447767	0.09052279638440434	0.09080065219490131	58.83903306209234	60.017740594206295	99_genus_tests_Moffitt50_MICRO_SENS_PREV_30	relative_compositional_CLR_association_not_absolute_load	0.40122415693436414	60	MICRO_SENS_PREV_30	03_processed/microbiome/sensitivity/MICRO_SENS_PREV_30_centered_log_ratio.tsv.gz	99	positive	60	9	-0.05220776042730265	0.588719273938456	0.8888888888888888	True	BIOLOGICALLY_PLAUSIBLE_BUT_CONTAMINATION_SENSITIVE
Aquabacterium	preprocessing_sensitivity	Model_0	CLR_genus ~ standardized_Moffitt50_contrast	62	-0.1913646833183613	0.10340733473530549	-0.3982101497696924	0.0154807831329698	-1.8505910031256736	0.06915317501786018	0.03132191948913754	0.015177284813956526	0.03132191948913754	0.032334704500197785	5.056762400595377e-07	0.32610863116083044	3.629591219781038	0.14441745991535376	0.09080065219490131	69.08512070367225	71.318967666986	99_genus_tests_Moffitt50_MICRO_SENS_PREV_30	relative_compositional_CLR_association_not_absolute_load	0.14262842347433663	48	MICRO_SENS_PREV_30	03_processed/microbiome/sensitivity/MICRO_SENS_PREV_30_centered_log_ratio.tsv.gz	99	negative	48	9	-0.31610622843601016	0.09838843324846691	0.8888888888888888	True	LOW_CURRENT_CONCERN
Moraxella	preprocessing_sensitivity	Model_0	CLR_genus ~ standardized_Moffitt50_contrast	62	-0.005776676678760398	0.15848294923067263	-0.3227897748512714	0.3112364214937506	-0.03644983076603667	0.9710446818427734	1.7723307718320314e-05	-0.016648647970486374	1.7723307718320314e-05	1.772362183952406e-05	0.09394387992534887	0.05471007514813469	2.193363615411809	0.08475064122743277	0.09080065219490131	114.850656313656	114.85269188325653	99_genus_tests_Moffitt50_MICRO_SENS_PREV_30	relative_compositional_CLR_association_not_absolute_load	0.9809533010452506	98	MICRO_SENS_PREV_30	03_processed/microbiome/sensitivity/MICRO_SENS_PREV_30_centered_log_ratio.tsv.gz	99	negative	98	9	-0.019348150201788605	0.05441808627834647	0.7777777777777778	True	LOW_CURRENT_CONCERN
Shinella	preprocessing_sensitivity	Model_0	CLR_genus ~ standardized_Moffitt50_contrast	62	-0.04979917035050278	0.11969816247380283	-0.2892311440459596	0.18963280334495403	-0.41603955584031493	0.6788654461720284	0.0017341859076699384	-0.014903577660535516	0.0017341859076699384	0.0017371985328844917	5.390143373421068e-09	0.58260345637169	5.561985007682559	0.20491453017642536	0.09080065219490131	87.0812383040102	87.2325157034337	99_genus_tests_Moffitt50_MICRO_SENS_PREV_30	relative_compositional_CLR_association_not_absolute_load	0.861636912449113	78	MICRO_SENS_PREV_30	03_processed/microbiome/sensitivity/MICRO_SENS_PREV_30_centered_log_ratio.tsv.gz	99	negative	78	9	-0.18815592009410778	0.27934349426687316	0.8888888888888888	True	LOW_CURRENT_CONCERN
Cutibacterium	preprocessing_sensitivity	Model_0	CLR_genus ~ standardized_Moffitt50_contrast	62	-0.33854023724569066	0.10657539174397308	-0.5517227612314766	-0.12535771325990475	-3.1765328909976573	0.0023548826102711747	0.1460649134299309	0.13183266198709642	0.1460649134299309	0.17104920002364327	0.9010317587274363	0.5556902030534725	2.5295673513515307	0.1316539989017957	0.09080065219490131	40.87232810986603	47.863507136162504	99_genus_tests_Moffitt50_MICRO_SENS_PREV_30	relative_compositional_CLR_association_not_absolute_load	0.010744937349231888	21	MICRO_SENS_PREV_30	03_processed/microbiome/sensitivity/MICRO_SENS_PREV_30_centered_log_ratio.tsv.gz	99	negative	21	9	-0.5301639531414378	0.11071122879435037	0.8888888888888888	True	LOW_CURRENT_CONCERN
Chryseobacterium	preprocessing_sensitivity	Model_0	CLR_genus ~ standardized_Moffitt50_contrast	62	0.3719969360788487	0.13142391825423036	0.1091099586343316	0.6348839135233658	2.8305116832633668	0.006313950672705025	0.07537233632333873	0.05996187526206109	0.07537233632333873	0.08151641929426	3.834921736995979e-07	0.2988906212968693	4.979696783769329	0.1927521984262461	0.09080065219490131	103.55318622501653	111.9944711725916	99_genus_tests_Moffitt50_MICRO_SENS_PREV_30	relative_compositional_CLR_association_not_absolute_load	0.026045046524908227	24	MICRO_SENS_PREV_30	03_processed/microbiome/sensitivity/MICRO_SENS_PREV_30_centered_log_ratio.tsv.gz	99	positive	24	9	-0.3740108559502305	0.7127171626372459	0.8888888888888888	True	LOW_CURRENT_CONCERN
Aminobacter	preprocessing_sensitivity	Model_0	CLR_genus ~ standardized_Moffitt50_contrast	62	0.026940337187772685	0.15175031900876484	-0.2766054954154288	0.3304861697909741	0.17753067910332798	0.8596895545035855	0.0005153673946661774	-0.016142709815422762	0.0005153673946661774	0.0005156331351716544	0.033142651803919405	0.20010134840212107	2.535660540806934	0.08757132685145988	0.09080065219490131	85.8608278160678	85.90510050390304	99_genus_tests_Moffitt50_MICRO_SENS_PREV_30	relative_compositional_CLR_association_not_absolute_load	0.9378871567642517	87	MICRO_SENS_PREV_30	03_processed/microbiome/sensitivity/MICRO_SENS_PREV_30_centered_log_ratio.tsv.gz	99	positive	87	9	-0.24092469454535548	0.1564522681286722	0.8888888888888888	True	LOW_CURRENT_CONCERN
Sphingopyxis	preprocessing_sensitivity	Model_0	CLR_genus ~ standardized_Moffitt50_contrast	62	-0.1721693642946508	0.0510311717991223	-0.27424690609927066	-0.07009182249003093	-3.3738077771831994	0.0013036688333185667	0.13799702972770955	0.12363031355650478	0.13799702972770955	0.16008881000040975	0.45063222180728196	0.49461079440666156	3.22294356069249	0.1226771464119479	0.09080065219490131	11.294853713350971	13.10303340345004	99_genus_tests_Moffitt50_MICRO_SENS_PREV_30	relative_compositional_CLR_association_not_absolute_load	0.00742301246504979	17	MICRO_SENS_PREV_30	03_processed/microbiome/sensitivity/MICRO_SENS_PREV_30_centered_log_ratio.tsv.gz	99	negative	17	8	-0.36430425996026083	0.276505884125694	0.875	True	MODERATE_RISK_ENVIRONMENTAL
Thiomonas	preprocessing_sensitivity	Model_0	CLR_genus ~ standardized_Moffitt50_contrast	62	0.0010229849342691974	0.19107556039619686	-0.38118504236639755	0.383231012234936	0.005353824069117103	0.995746048134812	5.771245603636288e-07	-0.016666079923363553	5.771245603636288e-07	5.771248934365792e-07	0.00021824591250663421	0.9719395232553365	2.451840273970455	0.18292927846905258	0.09080065219490131	110.61104704175573	110.61111087814443	99_genus_tests_Moffitt50_MICRO_SENS_PREV_30	relative_compositional_CLR_association_not_absolute_load	0.995746048134812	99	MICRO_SENS_PREV_30	03_processed/microbiome/sensitivity/MICRO_SENS_PREV_30_centered_log_ratio.tsv.gz	99	positive	99	9	-0.021532683918471227	0.08142286817244676	0.7777777777777778	True	LOW_CURRENT_CONCERN
Flavobacterium	preprocessing_sensitivity	Model_0	CLR_genus ~ standardized_Moffitt50_contrast	62	-0.2017737984331604	0.055381822134030985	-0.3125539366270437	-0.09099366023927709	-3.6433217734303214	0.0005632529316934986	0.1552420830897958	0.14116278447462582	0.1552420830897958	0.18377108989710444	0.3661021963357713	0.5098270186364757	3.7769812340209303	0.09763240671495085	0.09080065219490131	13.5139461336024	15.997418743385277	99_genus_tests_Moffitt50_MICRO_SENS_PREV_30	relative_compositional_CLR_association_not_absolute_load	0.0037174693491770906	15	MICRO_SENS_PREV_30	03_processed/microbiome/sensitivity/MICRO_SENS_PREV_30_centered_log_ratio.tsv.gz	99	negative	15	9	-0.393077952299256	0.247837964787162	0.8888888888888888	True	LOW_CURRENT_CONCERN
Citrobacter	preprocessing_sensitivity	Model_0	CLR_genus ~ standardized_Moffitt50_contrast	62	-0.5864099229415387	0.24190999467599883	-1.0703019584154205	-0.102517887467657	-2.424083071585961	0.018377681623342947	0.0796874268593385	0.0643488839736609	0.0796874268593385	0.08658734997762438	1.7944484265046676e-05	0.5179726996254858	1.9267161815999492	0.05154155658258825	0.09080065219490131	242.25793336559178	263.2344058267742	99_genus_tests_Moffitt50_MICRO_SENS_PREV_30	relative_compositional_CLR_association_not_absolute_load	0.05486651099778937	33	MICRO_SENS_PREV_30	03_processed/microbiome/sensitivity/MICRO_SENS_PREV_30_centered_log_ratio.tsv.gz	99	negative	33	9	-0.8402377941493787	-0.0941438315238226	1.0	False	LOW_CURRENT_CONCERN
Sphingobium	preprocessing_sensitivity	Model_0	CLR_genus ~ standardized_Moffitt50_contrast	62	-0.4059190088821047	0.06986961397409013	-0.5456790455394542	-0.26615897222475515	-5.809664399070995	2.548583690066311e-07	0.3618502896930471	0.3512144611879313	0.3618502896930471	0.5670304065780982	0.6764328083289886	0.4926315265065643	3.116009850283504	0.19116125717145455	0.09080065219490131	17.725653918168284	27.776638666249905	99_genus_tests_Moffitt50_MICRO_SENS_PREV_30	relative_compositional_CLR_association_not_absolute_load	2.5230978531656478e-05	1	MICRO_SENS_PREV_30	03_processed/microbiome/sensitivity/MICRO_SENS_PREV_30_centered_log_ratio.tsv.gz	99	negative	1	9	-0.5980979111566338	0.0427066561292963	0.8888888888888888	True	LOW_CURRENT_CONCERN
Methylorubrum	preprocessing_sensitivity	Model_0	CLR_genus ~ standardized_Moffitt50_contrast	62	0.5201359791630505	0.1904738354169926	0.13913158102773765	0.9011403772983635	2.7307476537360054	0.008284224077245281	0.07825702931148892	0.06289464646668042	0.07825702931148892	0.08490114033962586	0.24721887864745695	0.1733945474234338	2.391852246196426	0.10910774780177013	0.09080065219490131	194.3793402538291	210.88236789984333	99_genus_tests_Moffitt50_MICRO_SENS_PREV_30	relative_compositional_CLR_association_not_absolute_load	0.0303754882832327	27	MICRO_SENS_PREV_30	03_processed/microbiome/sensitivity/MICRO_SENS_PREV_30_centered_log_ratio.tsv.gz	99	positive	27	9	-0.09252678410057186	0.8099745415623402	0.8888888888888888	True	LOW_CURRENT_CONCERN
Ralstonia	preprocessing_sensitivity	Model_0	CLR_genus ~ standardized_Moffitt50_contrast	62	0.028271110614817713	0.14786085990889622	-0.267494645422103	0.3240368666517385	0.19120077234933455	0.8490138421052948	0.0008639980321217822	-0.01578826866734273	0.0008639980321217822	0.0008647451702471625	6.137359945888023e-09	0.03328636844627085	4.275247821139486	0.46790463944533794	0.09080065219490131	56.380306125523404	56.429060722942516	99_genus_tests_Moffitt50_MICRO_SENS_PREV_30	relative_compositional_CLR_association_not_absolute_load	0.9378871567642517	86	MICRO_SENS_PREV_30	03_processed/microbiome/sensitivity/MICRO_SENS_PREV_30_centered_log_ratio.tsv.gz	99	positive	86	7	-0.1618885070895937	0.479173989276415	0.7142857142857143	True	HIGH_RISK_POTENTIAL_CONTAMINANT
Erythrobacter	preprocessing_sensitivity	Model_0	CLR_genus ~ standardized_Moffitt50_contrast	62	-0.2579593418992007	0.048199531531395334	-0.3543727598435584	-0.161545923954843	-5.351905582965591	1.4386480079708072e-06	0.23794883035516234	0.2252479775277484	0.23794883035516234	0.3122478382469527	0.3422816196416534	0.4373195741141056	2.7519654853992366	0.0958733111479084	0.09080065219490131	12.99968758549701	17.058811931954196	99_genus_tests_Moffitt50_MICRO_SENS_PREV_30	relative_compositional_CLR_association_not_absolute_load	7.121307639455495e-05	2	MICRO_SENS_PREV_30	03_processed/microbiome/sensitivity/MICRO_SENS_PREV_30_centered_log_ratio.tsv.gz	99	negative	2	9	-0.44916835556876505	0.19176002050544386	0.8888888888888888	True	LOW_CURRENT_CONCERN
Xanthobacter	preprocessing_sensitivity	Model_0	CLR_genus ~ standardized_Moffitt50_contrast	62	-0.06430282462055305	0.18362595496477732	-0.4316094224018857	0.30300377316077964	-0.3501837451731018	0.7274271616028583	0.0025812167801256836	-0.014042429606872187	0.0025812167801256836	0.0025878967025194585	0.029677120475783778	0.9882868299347015	2.070074315148133	0.1572868774196514	0.09080065219490131	97.46372343978807	97.71594948829315	99_genus_tests_Moffitt50_MICRO_SENS_PREV_30	relative_compositional_CLR_association_not_absolute_load	0.8782352316912557	82	MICRO_SENS_PREV_30	03_processed/microbiome/sensitivity/MICRO_SENS_PREV_30_centered_log_ratio.tsv.gz	99	negative	82	9	-0.17392530238505788	-0.029782636046835852	1.0	False	LOW_CURRENT_CONCERN
Streptomyces	preprocessing_sensitivity	Model_0	CLR_genus ~ standardized_Moffitt50_contrast	62	0.43900968525063394	0.10162272668960763	0.23573396638626137	0.6422854041150066	4.3199951384056785	5.953382221602648e-05	0.16911376565120795	0.1552656617453948	0.16911376565120795	0.2035342007847212	0.1927499688063491	0.7037070980951137	2.919823670651991	0.11617357613635221	0.09080065219490131	57.76178982720629	69.51828955558176	99_genus_tests_Moffitt50_MICRO_SENS_PREV_30	relative_compositional_CLR_association_not_absolute_load	0.0009562188907070902	6	MICRO_SENS_PREV_30	03_processed/microbiome/sensitivity/MICRO_SENS_PREV_30_centered_log_ratio.tsv.gz	99	positive	6	9	-0.3855406472376602	0.8096660256382195	0.8888888888888888	True	LOW_CURRENT_CONCERN
Collimonas	preprocessing_sensitivity	Model_0	CLR_genus ~ standardized_Moffitt50_contrast	62	0.17290701536149747	0.15689469821065374	-0.1409291077548578	0.4867431384778528	1.1020577325649645	0.27483771548683616	0.024246171603786504	0.00798360779718299	0.024246171603786504	0.024848656390760407	0.07840479142383548	0.04378135695551776	2.2223041488905064	0.14175565529472164	0.09080065219490131	73.39257966127379	75.21628665490827	99_genus_tests_Moffitt50_MICRO_SENS_PREV_30	relative_compositional_CLR_association_not_absolute_load	0.4318878386221711	63	MICRO_SENS_PREV_30	03_processed/microbiome/sensitivity/MICRO_SENS_PREV_30_centered_log_ratio.tsv.gz	99	positive	63	9	-0.2188196156802856	0.3603269031781349	0.8888888888888888	True	LOW_CURRENT_CONCERN
Bacillus	preprocessing_sensitivity	Model_0	CLR_genus ~ standardized_Moffitt50_contrast	62	0.25890985420762475	0.16048639940074974	-0.06211074097660563	0.5799304493918551	1.6132822169005256	0.11193099126846102	0.026590900510154336	0.010367415518656942	0.026590900510154336	0.027317291901308886	1.1782849412265243e-07	0.5910961933074275	6.915179777968968	0.22028029538640284	0.09080065219490131	149.6888155578367	153.77790862679132	99_genus_tests_Moffitt50_MICRO_SENS_PREV_30	relative_compositional_CLR_association_not_absolute_load	0.20907864406750268	53	MICRO_SENS_PREV_30	03_processed/microbiome/sensitivity/MICRO_SENS_PREV_30_centered_log_ratio.tsv.gz	99	positive	53	9	-0.2907021190413025	0.5055671603501686	0.8888888888888888	True	LOW_CURRENT_CONCERN
Polaromonas	preprocessing_sensitivity	Model_0	CLR_genus ~ standardized_Moffitt50_contrast	62	0.08344442889545402	0.1338794388666699	-0.18435432108203703	0.35124317887294504	0.6232803901916265	0.535462470152724	0.0062724143821412115	-0.010289712044823096	0.0062724143821412115	0.006312005898720506	0.013427732416265587	0.14958889491798075	3.0078751183958436	0.1848554850357154	0.09080065219490131	67.29102322624433	67.71576456177934	99_genus_tests_Moffitt50_MICRO_SENS_PREV_30	relative_compositional_CLR_association_not_absolute_load	0.726175130755064	73	MICRO_SENS_PREV_30	03_processed/microbiome/sensitivity/MICRO_SENS_PREV_30_centered_log_ratio.tsv.gz	99	positive	73	9	-0.13711754169364163	0.18602350765886658	0.8888888888888888	True	LOW_CURRENT_CONCERN
Serratia	preprocessing_sensitivity	Model_0	CLR_genus ~ standardized_Moffitt50_contrast	62	-0.424115858375036	0.2094308814852762	-0.8430399944725606	-0.0051917222775114125	-2.0250874912392183	0.047314533229236864	0.06738982738615329	0.05184632450925586	0.06738982738615329	0.07225937413622496	0.014300155197398905	0.23321802482438367	2.090012875932972	0.11909005355972227	0.09080065219490131	151.84645690608235	162.81878684691915	99_genus_tests_Moffitt50_MICRO_SENS_PREV_30	relative_compositional_CLR_association_not_absolute_load	0.11710346974236124	40	MICRO_SENS_PREV_30	03_processed/microbiome/sensitivity/MICRO_SENS_PREV_30_centered_log_ratio.tsv.gz	99	negative	40	9	-0.5867959762309412	-0.10022395853865375	1.0	False	LOW_CURRENT_CONCERN
Candidatus Accumulibacter	preprocessing_sensitivity	Model_0	CLR_genus ~ standardized_Moffitt50_contrast	62	-0.022539390732377523	0.14997975904373956	-0.3225435760937933	0.2774647946290382	-0.1502828840110632	0.8810455108997517	0.00034708586081133586	-0.01631379604150851	0.00034708586081133586	0.00034720637123357467	0.060791605400707285	0.20377242170227805	2.8764707906573714	0.11041058983013698	0.09080065219490131	89.25375447360678	89.28474394581656	99_genus_tests_Moffitt50_MICRO_SENS_PREV_30	relative_compositional_CLR_association_not_absolute_load	0.9378871567642517	93	MICRO_SENS_PREV_30	03_processed/microbiome/sensitivity/MICRO_SENS_PREV_30_centered_log_ratio.tsv.gz	99	negative	93	9	-0.21743076503705616	0.05941397137977953	0.7777777777777778	True	LOW_CURRENT_CONCERN
Methylibium	preprocessing_sensitivity	Model_0	CLR_genus ~ standardized_Moffitt50_contrast	62	0.34461796434943187	0.13104642354581034	0.08248608874798924	0.6067498399508745	2.6297395611789636	0.010839924783081864	0.07791880524021533	0.06255078532755232	0.07791880524021533	0.0845031930843295	0.3099238695763855	0.05654705514972278	2.681487667309881	0.12643489497457683	0.09080065219490131	85.72994413670892	92.97439815920202	99_genus_tests_Moffitt50_MICRO_SENS_PREV_30	relative_compositional_CLR_association_not_absolute_load	0.03700526046638292	29	MICRO_SENS_PREV_30	03_processed/microbiome/sensitivity/MICRO_SENS_PREV_30_centered_log_ratio.tsv.gz	99	positive	29	9	-0.20808019394578747	0.594704326769632	0.8888888888888888	True	LOW_CURRENT_CONCERN
Novosphingobium	preprocessing_sensitivity	Model_0	CLR_genus ~ standardized_Moffitt50_contrast	62	-0.2609269479482569	0.05307407369546799	-0.36709090196672584	-0.15476299392978793	-4.91627888685201	7.176031693661314e-06	0.2434477245246951	0.23083851993344007	0.2434477245246951	0.32178572772350567	0.1235302389019954	0.6274021254443294	3.644152217072323	0.13999558280780589	0.09080065219490131	12.906275338816892	17.05933054091802	99_genus_tests_Moffitt50_MICRO_SENS_PREV_30	relative_compositional_CLR_association_not_absolute_load	0.00023380455762731214	3	MICRO_SENS_PREV_30	03_processed/microbiome/sensitivity/MICRO_SENS_PREV_30_centered_log_ratio.tsv.gz	99	negative	3	8	-0.4522689530788984	0.18864235267728774	0.875	True	MODERATE_RISK_ENVIRONMENTAL
Burkholderia	preprocessing_sensitivity	Model_0	CLR_genus ~ standardized_Moffitt50_contrast	62	-0.17160500725140956	0.05693511662889358	-0.28549219704031326	-0.05771781746250587	-3.0140450641374996	0.003773421702064183	0.110452351869753	0.09562655773424888	0.110452351869753	0.12416687526735008	0.002443467693590969	0.9398885544237148	4.058887376476598	0.17438929941983466	0.09080065219490131	14.467183662883752	16.26352865222288	99_genus_tests_Moffitt50_MICRO_SENS_PREV_30	relative_compositional_CLR_association_not_absolute_load	0.01624211950018931	23	MICRO_SENS_PREV_30	03_processed/microbiome/sensitivity/MICRO_SENS_PREV_30_centered_log_ratio.tsv.gz	99	negative	23	9	-0.3593707530521878	0.28200611747374704	0.8888888888888888	True	BIOLOGICALLY_PLAUSIBLE_BUT_CONTAMINATION_SENSITIVE
Rhizobacter	preprocessing_sensitivity	Model_0	CLR_genus ~ standardized_Moffitt50_contrast	62	0.14966797271257717	0.15317989041625427	-0.15673742846343927	0.4560733738885936	0.9770732457495972	0.33245604528625006	0.018061084162760865	0.0016954355654735798	0.018061084162760865	0.018393286864856848	0.05233547950168525	0.07224892422399058	2.1628019526020323	0.15894804667327536	0.09080065219490131	74.28963814076305	75.65606876617251	99_genus_tests_Moffitt50_MICRO_SENS_PREV_30	relative_compositional_CLR_association_not_absolute_load	0.4986840679293751	66	MICRO_SENS_PREV_30	03_processed/microbiome/sensitivity/MICRO_SENS_PREV_30_centered_log_ratio.tsv.gz	99	positive	66	9	-0.24087556655934075	0.3226817792874378	0.8888888888888888	True	LOW_CURRENT_CONCERN
Sphingomonas	preprocessing_sensitivity	Model_0	CLR_genus ~ standardized_Moffitt50_contrast	62	-0.1989992256992097	0.05918320216028766	-0.31738325608026274	-0.08061519531815664	-3.362427486776637	0.0013496386300090527	0.14258650609958146	0.12829628120124115	0.14258650609958146	0.16629841624132602	0.9933299722344416	0.856921564041474	2.5860841322542045	0.09231288338809819	0.09080065219490131	14.525948329276195	16.94159053083817	99_genus_tests_Moffitt50_MICRO_SENS_PREV_30	relative_compositional_CLR_association_not_absolute_load	0.00742301246504979	18	MICRO_SENS_PREV_30	03_processed/microbiome/sensitivity/MICRO_SENS_PREV_30_centered_log_ratio.tsv.gz	99	negative	18	9	-0.39107144070970945	0.24974664654442913	0.8888888888888888	True	BIOLOGICALLY_PLAUSIBLE_BUT_CONTAMINATION_SENSITIVE
Diaphorobacter	preprocessing_sensitivity	Model_0	CLR_genus ~ standardized_Moffitt50_contrast	62	0.04232993705048951	0.2470761730478821	-0.4518959937688074	0.5365558678697865	0.1713234284322762	0.8645459507389411	0.0004232945806980082	-0.01623631717629026	0.0004232945806980082	0.0004234738348773792	7.269469344930304e-05	0.02322731885758237	1.9652849630519211	0.07583894995336414	0.09080065219490131	258.10623658539305	258.21553782320564	99_genus_tests_Moffitt50_MICRO_SENS_PREV_30	relative_compositional_CLR_association_not_absolute_load	0.9378871567642517	89	MICRO_SENS_PREV_30	03_processed/microbiome/sensitivity/MICRO_SENS_PREV_30_centered_log_ratio.tsv.gz	99	positive	89	9	-0.05979035189504726	0.08748395255077038	0.8888888888888888	True	LOW_CURRENT_CONCERN
Fusobacterium	preprocessing_sensitivity	Model_0	CLR_genus ~ standardized_Moffitt50_contrast	62	0.4340053547216541	0.22858643327019829	-0.023235589890731545	0.8912462993340398	1.898648789049709	0.06242268160059958	0.04927919890671728	0.03343385222182926	0.04927919890671728	0.051833512898895866	1.5109669259341645e-05	0.22550215928644918	5.0961396100529095	0.15164345825589234	0.09080065219490131	221.6712485986265	233.1612481221777	99_genus_tests_Moffitt50_MICRO_SENS_PREV_30	relative_compositional_CLR_association_not_absolute_load	0.13148607400977358	47	MICRO_SENS_PREV_30	03_processed/microbiome/sensitivity/MICRO_SENS_PREV_30_centered_log_ratio.tsv.gz	99	positive	47	9	0.06814505347672907	0.6069006031379385	1.0	False	LOW_CURRENT_CONCERN
Sphingobacterium	preprocessing_sensitivity	Model_0	CLR_genus ~ standardized_Moffitt50_contrast	62	-0.12062802349040105	0.15479989355294022	-0.43027391341238663	0.18901786643158455	-0.779251333587948	0.43889450466922986	0.009329605074348657	-0.007181568174412067	0.009329605074348657	0.009417466315876769	0.00026375490240175266	0.49328696786735005	2.4972361391384124	0.09644306384547174	0.09080065219490131	94.25234912991367	95.13996745303693	99_genus_tests_Moffitt50_MICRO_SENS_PREV_30	relative_compositional_CLR_association_not_absolute_load	0.6207222280321966	70	MICRO_SENS_PREV_30	03_processed/microbiome/sensitivity/MICRO_SENS_PREV_30_centered_log_ratio.tsv.gz	99	negative	70	8	-0.26475368163621577	-0.0599523670802288	1.0	False	LOW_CURRENT_CONCERN
Alicycliphilus	preprocessing_sensitivity	Model_0	CLR_genus ~ standardized_Moffitt50_contrast	62	-0.03726336511261751	0.07414663694866584	-0.18557872151071586	0.11105199128548082	-0.5025631187887344	0.6171111249633581	0.0016104863923105395	-0.015029338834484207	0.0016104863923105395	0.001613084242532789	1.1425395410500942e-11	0.4316908750719638	6.426893841051809	0.2559472533323136	0.09080065219490131	52.509384765594255	52.594086826744736	99_genus_tests_Moffitt50_MICRO_SENS_PREV_30	relative_compositional_CLR_association_not_absolute_load	0.803868439097006	76	MICRO_SENS_PREV_30	03_processed/microbiome/sensitivity/MICRO_SENS_PREV_30_centered_log_ratio.tsv.gz	99	negative	76	9	-0.194668218417088	0.33004477103611285	0.8888888888888888	True	LOW_CURRENT_CONCERN
Devosia	preprocessing_sensitivity	Model_0	CLR_genus ~ standardized_Moffitt50_contrast	62	-0.318777963880839	0.16449956186736975	-0.6478260792064388	0.010270151444760733	-1.9378651241506561	0.05734987490583244	0.05823151659234982	0.04253537520222239	0.05823151659234982	0.061832093150588005	0.0018784703085858688	0.4023513285814584	2.923316380378443	0.13532353416632648	0.09080065219490131	100.25186743266259	106.45065023827942	99_genus_tests_Moffitt50_MICRO_SENS_PREV_30	relative_compositional_CLR_association_not_absolute_load	0.12489796445459442	45	MICRO_SENS_PREV_30	03_processed/microbiome/sensitivity/MICRO_SENS_PREV_30_centered_log_ratio.tsv.gz	99	negative	45	9	-0.47662148338685567	0.015339100589214744	0.8888888888888888	True	LOW_CURRENT_CONCERN
Ottowia	preprocessing_sensitivity	Model_0	CLR_genus ~ standardized_Moffitt50_contrast	62	0.05184943742081301	0.14349272048566108	-0.23517873884155588	0.33887761368318187	0.3613384514930443	0.7191157523600251	0.0025975830869182648	-0.014025790528299664	0.0025975830869182648	0.0026043480974887495	0.05324433864394235	0.0005102557436667068	2.414416253827019	0.13084460504469259	0.09080065219490131	62.96785516892983	63.131845382741986	99_genus_tests_Moffitt50_MICRO_SENS_PREV_30	relative_compositional_CLR_association_not_absolute_load	0.8782352316912557	81	MICRO_SENS_PREV_30	03_processed/microbiome/sensitivity/MICRO_SENS_PREV_30_centered_log_ratio.tsv.gz	99	positive	81	9	-0.20681100111315293	0.17201155233939397	0.8888888888888888	True	LOW_CURRENT_CONCERN
Thauera	preprocessing_sensitivity	Model_0	CLR_genus ~ standardized_Moffitt50_contrast	62	-0.09257779392122874	0.11464579355653834	-0.3219035250754689	0.13674793723301137	-0.8075114755568714	0.422561673437409	0.0065558369954807905	-0.010001565721261096	0.0065558369954807905	0.006599099616886035	2.7128106321018344e-08	0.20786561949551133	3.695054041651156	0.21233514635599812	0.09080065219490131	79.22437209901113	79.74718162257774	99_genus_tests_Moffitt50_MICRO_SENS_PREV_30	relative_compositional_CLR_association_not_absolute_load	0.6152000833868161	68	MICRO_SENS_PREV_30	03_processed/microbiome/sensitivity/MICRO_SENS_PREV_30_centered_log_ratio.tsv.gz	99	negative	68	9	-0.20375566760429745	0.16382083954361717	0.8888888888888888	True	LOW_CURRENT_CONCERN
Dickeya	preprocessing_sensitivity	Model_0	CLR_genus ~ standardized_Moffitt50_contrast	62	0.18960820230236278	0.1850035267776246	-0.18045394937587653	0.559670353980602	1.024889663483405	0.3095296495611924	0.01601600666768832	-0.0003837265545167945	0.01601600666768832	0.016276694312322402	0.24359717190921396	0.4186309683373082	2.4922275300124386	0.17151477290435305	0.09080065219490131	134.7342065360358	136.92723402923616	99_genus_tests_Moffitt50_MICRO_SENS_PREV_30	relative_compositional_CLR_association_not_absolute_load	0.47143746625473915	65	MICRO_SENS_PREV_30	03_processed/microbiome/sensitivity/MICRO_SENS_PREV_30_centered_log_ratio.tsv.gz	99	positive	65	9	-0.030285564141239733	0.2811914149858607	0.8888888888888888	True	LOW_CURRENT_CONCERN
Rhizobium	preprocessing_sensitivity	Model_0	CLR_genus ~ standardized_Moffitt50_contrast	62	-0.3085589093104123	0.09728123190207501	-0.5031503456069971	-0.11396747301382751	-3.1718236218576377	0.002387763855384864	0.1474476560148794	0.13323845028179415	0.1474476560148794	0.17294850815336305	0.6026066265072183	0.4020166668333274	2.7070916844652166	0.13140993215140656	0.09080065219490131	33.58065758077923	39.38838221218392	99_genus_tests_Moffitt50_MICRO_SENS_PREV_30	relative_compositional_CLR_association_not_absolute_load	0.010744937349231888	22	MICRO_SENS_PREV_30	03_processed/microbiome/sensitivity/MICRO_SENS_PREV_30_centered_log_ratio.tsv.gz	99	negative	22	9	-0.500609013719891	0.14021188641999227	0.8888888888888888	True	BIOLOGICALLY_PLAUSIBLE_BUT_CONTAMINATION_SENSITIVE
Sinorhizobium	preprocessing_sensitivity	Model_0	CLR_genus ~ standardized_Moffitt50_contrast	62	0.24914369762555344	0.16199989706647552	-0.07490434364305187	0.5731917388941588	1.5379250366024557	0.12932430268311937	0.025820152684371545	0.009583821895777778	0.025820152684371545	0.026504502998619277	4.6887926097999056e-07	0.02150397808737383	2.5859163999064756	0.09357599960634634	0.09080065219490131	142.8597814588635	146.64620896492204	99_genus_tests_Moffitt50_MICRO_SENS_PREV_30	relative_compositional_CLR_association_not_absolute_load	0.23278374482961486	55	MICRO_SENS_PREV_30	03_processed/microbiome/sensitivity/MICRO_SENS_PREV_30_centered_log_ratio.tsv.gz	99	positive	55	9	0.21739330610018118	0.3334367165483815	1.0	False	LOW_CURRENT_CONCERN
Stenotrophomonas	preprocessing_sensitivity	Model_0	CLR_genus ~ standardized_Moffitt50_contrast	62	-0.05385077065618219	0.06819373753598768	-0.19025855532443042	0.08255701401206605	-0.7896732544944275	0.43282834044010254	0.006309731317340472	-0.010251773160703692	0.006309731317340472	0.006349796829252758	0.09820051431016281	0.24633303583881078	2.6432655500748754	0.09556110919684106	0.09080065219490131	27.858251259507693	28.03514549502384	99_genus_tests_Moffitt50_MICRO_SENS_PREV_30	relative_compositional_CLR_association_not_absolute_load	0.6207222280321966	69	MICRO_SENS_PREV_30	03_processed/microbiome/sensitivity/MICRO_SENS_PREV_30_centered_log_ratio.tsv.gz	99	negative	69	9	-0.2430872508961397	0.3980946401662395	0.8888888888888888	True	BIOLOGICALLY_PLAUSIBLE_BUT_CONTAMINATION_SENSITIVE
Corynebacterium	preprocessing_sensitivity	Model_0	CLR_genus ~ standardized_Moffitt50_contrast	62	0.19273089230408655	0.17326108255778466	-0.153842873776083	0.5393046583842561	1.1123726659147963	0.2704150691756113	0.02130232640898333	0.004990698515799807	0.02130232640898333	0.02176599268987867	0.06130034519926515	0.47544453564163325	2.3189423755824947	0.1652475562681313	0.09080065219490131	104.10078878698383	106.36664579473191	99_genus_tests_Moffitt50_MICRO_SENS_PREV_30	relative_compositional_CLR_association_not_absolute_load	0.431791804006218	62	MICRO_SENS_PREV_30	03_processed/microbiome/sensitivity/MICRO_SENS_PREV_30_centered_log_ratio.tsv.gz	99	positive	62	9	-0.27168729937554625	0.40399767435545403	0.8888888888888888	True	LOW_CURRENT_CONCERN
Leptothrix	preprocessing_sensitivity	Model_0	CLR_genus ~ standardized_Moffitt50_contrast	62	0.1081475830398784	0.17292234614658067	-0.2377486093347229	0.4540437754144797	0.6254112637831388	0.5340728051093366	0.008371600130400836	-0.008155539867425787	0.008371600130400836	0.008442275484951536	0.010645858548311985	0.12447712609057354	2.1533084597189833	0.17903864966608862	0.09080065219490131	84.50919234170054	85.22264222445992	99_genus_tests_Moffitt50_MICRO_SENS_PREV_30	relative_compositional_CLR_association_not_absolute_load	0.726175130755064	72	MICRO_SENS_PREV_30	03_processed/microbiome/sensitivity/MICRO_SENS_PREV_30_centered_log_ratio.tsv.gz	99	positive	72	9	-0.13843812944432018	0.2232670673173095	0.8888888888888888	True	LOW_CURRENT_CONCERN
Altererythrobacter	preprocessing_sensitivity	Model_0	CLR_genus ~ standardized_Moffitt50_contrast	62	0.019121394686683932	0.10912670958139965	-0.19916452481257246	0.23740731418594035	0.1752219485040088	0.8614952220627048	0.00036401272232744475	-0.01629658706563375	0.00036401272232744475	0.0003641452758406262	1.1049015260191642e-06	0.03822189569185314	2.5830026948649847	0.10836622536470396	0.09080065219490131	61.248334937510855	61.270638229331446	99_genus_tests_Moffitt50_MICRO_SENS_PREV_30	relative_compositional_CLR_association_not_absolute_load	0.9378871567642517	88	MICRO_SENS_PREV_30	03_processed/microbiome/sensitivity/MICRO_SENS_PREV_30_centered_log_ratio.tsv.gz	99	positive	88	9	-0.025842758457895597	0.13441345874383576	0.8888888888888888	True	LOW_CURRENT_CONCERN
Lactobacillus	preprocessing_sensitivity	Model_0	CLR_genus ~ standardized_Moffitt50_contrast	62	0.14020564996427617	0.1901013519667329	-0.24005367033674588	0.5204649702652983	0.7375310512721219	0.46367411337135866	0.009676973333931471	-0.006828410443836308	0.009676973333931471	0.009771532190369327	5.503359834472767e-05	0.12964712261574948	4.557496539069226	0.15297780398719873	0.09080065219490131	122.71515437241942	123.91426945361566	99_genus_tests_Moffitt50_MICRO_SENS_PREV_30	relative_compositional_CLR_association_not_absolute_load	0.6465315101938663	71	MICRO_SENS_PREV_30	03_processed/microbiome/sensitivity/MICRO_SENS_PREV_30_centered_log_ratio.tsv.gz	99	positive	71	9	-0.30725411039006767	0.32572207484052784	0.8888888888888888	True	LOW_CURRENT_CONCERN
Acinetobacter	preprocessing_sensitivity	Model_0	CLR_genus ~ standardized_Moffitt50_contrast	62	-0.10777159582114317	0.06290539026168399	-0.23360111095454666	0.018057919312260348	-1.7132330849998307	0.0918328218910878	0.0460121269960071	0.030112329112607306	0.0460121269960071	0.04823135419019579	0.3430295153567215	0.47345321212879665	2.1756247872876706	0.11882461130243449	0.09080065219490131	14.689567413390282	15.398065142206265	99_genus_tests_Moffitt50_MICRO_SENS_PREV_30	relative_compositional_CLR_association_not_absolute_load	0.17826371308269984	51	MICRO_SENS_PREV_30	03_processed/microbiome/sensitivity/MICRO_SENS_PREV_30_centered_log_ratio.tsv.gz	99	negative	51	9	-0.2999014566621953	0.3409093251196318	0.8888888888888888	True	BIOLOGICALLY_PLAUSIBLE_BUT_CONTAMINATION_SENSITIVE
Paracoccus	preprocessing_sensitivity	Model_0	CLR_genus ~ standardized_Moffitt50_contrast	62	0.3035465807940193	0.18990363457151416	-0.07631724583197241	0.683410407420011	1.5984242822888644	0.11520202721280545	0.037076862135679844	0.02102814317127455	0.037076862135679844	0.03850448771842071	0.00018155993826835155	0.014634563432351644	2.1925519491067202	0.1751173530152622	0.09080065219490131	145.97187139636173	151.59244352577787	99_genus_tests_Moffitt50_MICRO_SENS_PREV_30	relative_compositional_CLR_association_not_absolute_load	0.21120371655681	54	MICRO_SENS_PREV_30	03_processed/microbiome/sensitivity/MICRO_SENS_PREV_30_centered_log_ratio.tsv.gz	99	positive	54	9	0.14074699964343015	0.3831964909827919	1.0	False	LOW_CURRENT_CONCERN
Delftia	preprocessing_sensitivity	Model_0	CLR_genus ~ standardized_Moffitt50_contrast	62	-0.019218736241819554	0.11436268551019459	-0.24797816698756356	0.20954069450392446	-0.16805076022901147	0.8671085294451341	0.00019687073801388788	-0.016466514749685857	0.00019687073801388788	0.0001969095037332098	6.85675395359582e-08	0.8212345346163301	5.294629896920175	0.20980252762648022	0.09080065219490131	114.4228630895396	114.4453940387263	99_genus_tests_Moffitt50_MICRO_SENS_PREV_30	relative_compositional_CLR_association_not_absolute_load	0.9378871567642517	91	MICRO_SENS_PREV_30	03_processed/microbiome/sensitivity/MICRO_SENS_PREV_30_centered_log_ratio.tsv.gz	99	negative	91	7	-0.2105480408070087	0.4303661368109584	0.7142857142857143	True	HIGH_RISK_POTENTIAL_CONTAMINANT
Sphingorhabdus	preprocessing_sensitivity	Model_0	CLR_genus ~ standardized_Moffitt50_contrast	62	0.22883514089198784	0.13276589658465957	-0.03673619288407717	0.4944064746680529	1.7235988064605787	0.08993018634915038	0.05232449688826479	0.03652990516973598	0.05232449688826479	0.05521351635286018	0.5340672928332888	0.48609341417498075	2.856125960254913	0.217141787864128	0.09080065219490131	57.85352998921858	61.04782681334898	99_genus_tests_Moffitt50_MICRO_SENS_PREV_30	relative_compositional_CLR_association_not_absolute_load	0.17806176897131776	50	MICRO_SENS_PREV_30	03_processed/microbiome/sensitivity/MICRO_SENS_PREV_30_centered_log_ratio.tsv.gz	99	positive	50	9	-0.351892084151617	0.5011679943879076	0.8888888888888888	True	LOW_CURRENT_CONCERN
Klebsiella	preprocessing_sensitivity	Model_0	CLR_genus ~ standardized_Moffitt50_contrast	62	-0.7058868749363693	0.18427326543110098	-1.0744882864336562	-0.33728546343908233	-3.8306526629621023	0.0003081450090999478	0.2262332616045969	0.21333714929800685	0.2262332616045969	0.29237915043201207	0.25514936362181373	0.603815396314774	2.8201155985893744	0.16068767800156747	0.09080065219490131	103.95697862772616	134.35183172037955	99_genus_tests_Moffitt50_MICRO_SENS_PREV_30	relative_compositional_CLR_association_not_absolute_load	0.0027733050818995303	11	MICRO_SENS_PREV_30	03_processed/microbiome/sensitivity/MICRO_SENS_PREV_30_centered_log_ratio.tsv.gz	99	negative	11	9	-0.9000886543866474	-0.2595436216423461	1.0	False	LOW_CURRENT_CONCERN
Herbaspirillum	preprocessing_sensitivity	Model_0	CLR_genus ~ standardized_Moffitt50_contrast	62	0.3635159610018089	0.13562204460346644	0.09223148056437414	0.6348004414392436	2.680360424182232	0.009480711013282399	0.10513713561871796	0.09022275454569662	0.10513713561871796	0.11748966216338737	0.04425033157702089	0.31701524500829675	3.151421638538111	0.24157176954908857	0.09080065219490131	68.6083774492216	76.6691525373088	99_genus_tests_Moffitt50_MICRO_SENS_PREV_30	relative_compositional_CLR_association_not_absolute_load	0.03352108536839134	28	MICRO_SENS_PREV_30	03_processed/microbiome/sensitivity/MICRO_SENS_PREV_30_centered_log_ratio.tsv.gz	99	positive	28	8	-0.4180183650526207	0.7134656317250663	0.875	True	MODERATE_RISK_ENVIRONMENTAL
Melaminivora	preprocessing_sensitivity	Model_0	CLR_genus ~ standardized_Moffitt50_contrast	62	0.010382760861414498	0.13912878333232315	-0.2679162414177254	0.2886817631405544	0.07462697949865792	0.9407597632658327	8.823867233398452e-05	-0.01657695734979381	8.823867233398452e-05	8.82464590843723e-05	1.4281176287274039e-06	0.013996462278554691	2.0878428572962506	0.15991395319484475	0.09080065219490131	74.51749540659713	74.52407131170659	99_genus_tests_Moffitt50_MICRO_SENS_PREV_30	relative_compositional_CLR_association_not_absolute_load	0.9601568717867777	97	MICRO_SENS_PREV_30	03_processed/microbiome/sensitivity/MICRO_SENS_PREV_30_centered_log_ratio.tsv.gz	99	positive	97	9	-0.014138444892149504	0.08689498779858233	0.8888888888888888	True	LOW_CURRENT_CONCERN
Lysobacter	preprocessing_sensitivity	Model_0	CLR_genus ~ standardized_Moffitt50_contrast	62	-0.063635664312947	0.2380264435238466	-0.5397594408754977	0.41248811224960363	-0.2673470366185246	0.7901188108987203	0.0012090626582531572	-0.015437452964109255	0.0012090626582531572	0.0012105262603513828	0.019310162610421584	0.6657739696589506	2.114640703256196	0.14606824402840063	0.09080065219490131	204.05948405772418	204.30650342184978	106_genus_tests_Moffitt50_MICRO_SENS_DET_10_P20	relative_compositional_CLR_association_not_absolute_load	0.9246150176019019	90	MICRO_SENS_DET_10_P20	03_processed/microbiome/sensitivity/MICRO_SENS_DET_10_P20_centered_log_ratio.tsv.gz	106	negative	90	9	-0.1064078828104997	0.06822276164190187	0.8888888888888888	True	LOW_CURRENT_CONCERN
Brevundimonas	preprocessing_sensitivity	Model_0	CLR_genus ~ standardized_Moffitt50_contrast	62	-0.2816107862201049	0.06480571931767364	-0.4112415254253149	-0.15198004701489484	-4.345461931217308	5.45171815003779e-05	0.24219440010991955	0.22956430677841821	0.24219440010991955	0.3195996442162077	0.8520763697930789	0.835238954542742	2.527781753152359	0.21959761485831303	0.09080065219490131	15.13638333894148	19.97396606878731	106_genus_tests_Moffitt50_MICRO_SENS_DET_10_P20	relative_compositional_CLR_association_not_absolute_load	0.0007223526548800072	8	MICRO_SENS_DET_10_P20	03_processed/microbiome/sensitivity/MICRO_SENS_DET_10_P20_centered_log_ratio.tsv.gz	106	negative	8	7	-0.47476939770179627	0.16603946550957993	0.8571428571428571	True	HIGH_RISK_POTENTIAL_CONTAMINANT
Aerococcus	preprocessing_sensitivity	Model_0	CLR_genus ~ standardized_Moffitt50_contrast	62	0.18333382078759952	0.1499823963098815	-0.11667563989153601	0.48334328146673505	1.2223689266092936	0.22634836676540634	0.03006104922293562	0.013895400043317907	0.03006104922293562	0.030992722994423804	0.017171610515081946	0.19446149515298877	3.0624774855827237	0.18554261259034374	0.09080065219490131	66.15387363311807	68.20416231363741	106_genus_tests_Moffitt50_MICRO_SENS_DET_10_P20	relative_compositional_CLR_association_not_absolute_load	0.37488948245520426	64	MICRO_SENS_DET_10_P20	03_processed/microbiome/sensitivity/MICRO_SENS_DET_10_P20_centered_log_ratio.tsv.gz	106	positive	64	8	-0.43998823998597864	0.46464313098629384	0.875	True	LOW_CURRENT_CONCERN
Acidovorax	preprocessing_sensitivity	Model_0	CLR_genus ~ standardized_Moffitt50_contrast	62	-0.19310914299161788	0.07952638612291331	-0.35218559994594645	-0.03403268603728932	-2.4282398887478034	0.018187458644351274	0.10133130530345913	0.08635349372518353	0.10133130530345913	0.1127571327469867	0.026009051175860606	0.009971950332090323	2.2350677093965823	0.14389761616220503	0.09080065219490131	20.173975269738886	22.44873487726326	106_genus_tests_Moffitt50_MICRO_SENS_DET_10_P20	relative_compositional_CLR_association_not_absolute_load	0.053551961563923195	36	MICRO_SENS_DET_10_P20	03_processed/microbiome/sensitivity/MICRO_SENS_DET_10_P20_centered_log_ratio.tsv.gz	106	negative	36	9	-0.3848994900514588	0.25608410912850155	0.8888888888888888	True	LOW_CURRENT_CONCERN
Cupriavidus	preprocessing_sensitivity	Model_0	CLR_genus ~ standardized_Moffitt50_contrast	62	-0.29821698391383916	0.0735120031118463	-0.4452628836303708	-0.1511710841973075	-4.0567114388123935	0.0001458742965119733	0.15152489234391275	0.1373836405496447	0.15152489234391275	0.17858495903609986	6.268295504006752e-08	0.5934886998419819	7.432199045909214	0.2854668779439182	0.09080065219490131	30.37733731023809	35.80227284941275	106_genus_tests_Moffitt50_MICRO_SENS_DET_10_P20	relative_compositional_CLR_association_not_absolute_load	0.0015462675430269169	10	MICRO_SENS_DET_10_P20	03_processed/microbiome/sensitivity/MICRO_SENS_DET_10_P20_centered_log_ratio.tsv.gz	106	negative	10	9	-0.47525427738843407	0.11145600631722874	0.8888888888888888	True	BIOLOGICALLY_PLAUSIBLE_BUT_CONTAMINATION_SENSITIVE
Staphylococcus	preprocessing_sensitivity	Model_0	CLR_genus ~ standardized_Moffitt50_contrast	62	-0.452780380907244	0.16126788079959445	-0.775364171631528	-0.13019659018295993	-2.807629012437439	0.006723286858833686	0.09035972458648756	0.07519905332959576	0.09035972458648756	0.09933566820731528	0.030856110471975718	0.09756060347977709	2.3012203847213732	0.10987625629106856	0.09080065219490131	125.89248856015733	138.39810303356236	106_genus_tests_Moffitt50_MICRO_SENS_DET_10_P20	relative_compositional_CLR_association_not_absolute_load	0.02639512618653225	27	MICRO_SENS_DET_10_P20	03_processed/microbiome/sensitivity/MICRO_SENS_DET_10_P20_centered_log_ratio.tsv.gz	106	negative	27	9	-0.6117666435337625	-0.0967237405855739	1.0	False	LOW_CURRENT_CONCERN
Rhodopseudomonas	preprocessing_sensitivity	Model_0	CLR_genus ~ standardized_Moffitt50_contrast	62	0.406402751247401	0.19865270114266143	0.009038185814485677	0.8037673166803163	2.0457952442113783	0.04516748296719683	0.065297666258613	0.04971929402958997	0.065297666258613	0.06985931659894574	0.004116811086544865	0.15123717303871556	2.1824881014659367	0.17363327400230713	0.09080065219490131	144.21777165883208	154.29272662834092	106_genus_tests_Moffitt50_MICRO_SENS_DET_10_P20	relative_compositional_CLR_association_not_absolute_load	0.11230876469088703	42	MICRO_SENS_DET_10_P20	03_processed/microbiome/sensitivity/MICRO_SENS_DET_10_P20_centered_log_ratio.tsv.gz	106	positive	42	9	0.3285600369017634	0.45682013834174473	1.0	False	LOW_CURRENT_CONCERN
Rhodoferax	preprocessing_sensitivity	Model_0	CLR_genus ~ standardized_Moffitt50_contrast	62	0.017163280802828813	0.12326070479641439	-0.22939483854138154	0.26372140014703915	0.1392437340933336	0.8897238848622075	0.0002094712082264527	-0.016453704271636393	0.0002094712082264527	0.00020951509560667111	0.00045909331442621536	0.01295524434507612	3.0550808315688114	0.06776751408972034	0.09080065219490131	85.76599519420346	85.78396446488637	106_genus_tests_Moffitt50_MICRO_SENS_DET_10_P20	relative_compositional_CLR_association_not_absolute_load	0.9246150176019019	102	MICRO_SENS_DET_10_P20	03_processed/microbiome/sensitivity/MICRO_SENS_DET_10_P20_centered_log_ratio.tsv.gz	106	positive	102	9	-0.11760221629835572	0.07289599979546624	0.8888888888888888	True	LOW_CURRENT_CONCERN
Blastomonas	preprocessing_sensitivity	Model_0	CLR_genus ~ standardized_Moffitt50_contrast	62	-0.11882643713988347	0.04804994687657255	-0.21494064122499243	-0.022712233054774517	-2.472977492464597	0.016249321966633788	0.08039038777031327	0.06506356089981857	0.08039038777031327	0.0874179507273729	0.02676697625496595	0.9070118317143816	3.5934507765450907	0.1397496699532859	0.09080065219490131	9.85270238890627	10.714005440871148	106_genus_tests_Moffitt50_MICRO_SENS_DET_10_P20	relative_compositional_CLR_association_not_absolute_load	0.04921223224180519	35	MICRO_SENS_DET_10_P20	03_processed/microbiome/sensitivity/MICRO_SENS_DET_10_P20_centered_log_ratio.tsv.gz	106	negative	35	9	-0.30810806699131943	0.33320041136407413	0.8888888888888888	True	LOW_CURRENT_CONCERN
Aeromonas	preprocessing_sensitivity	Model_0	CLR_genus ~ standardized_Moffitt50_contrast	62	0.35581570204579943	0.16062178709583544	0.03452429114996164	0.6771071129416373	2.2152393425525827	0.030550701381139002	0.07648121826854659	0.0610892385730224	0.07648121826854659	0.08281501121737476	0.0009616685854416972	0.8286224676373763	4.575575796434271	0.1803793162838524	0.09080065219490131	93.25475574581304	100.97764938897612	106_genus_tests_Moffitt50_MICRO_SENS_DET_10_P20	relative_compositional_CLR_association_not_absolute_load	0.08303523965130089	39	MICRO_SENS_DET_10_P20	03_processed/microbiome/sensitivity/MICRO_SENS_DET_10_P20_centered_log_ratio.tsv.gz	106	positive	39	9	-0.36993610811046285	0.6878998899726578	0.8888888888888888	True	LOW_CURRENT_CONCERN
Achromobacter	preprocessing_sensitivity	Model_0	CLR_genus ~ standardized_Moffitt50_contrast	62	-0.24297454894881512	0.11557652736696528	-0.47416202491692727	-0.011787072980702973	-2.102282829257798	0.039733720138110745	0.0595128958427551	0.043838110773467776	0.0595128958427551	0.0632788005063436	0.0002041988558228222	0.3629439206560874	5.185402233674151	0.2860757086326913	0.09080065219490131	56.91060021418483	60.51183473183451	106_genus_tests_Moffitt50_MICRO_SENS_DET_10_P20	relative_compositional_CLR_association_not_absolute_load	0.10272620328389606	41	MICRO_SENS_DET_10_P20	03_processed/microbiome/sensitivity/MICRO_SENS_DET_10_P20_centered_log_ratio.tsv.gz	106	negative	41	9	-0.4029494350455562	0.1319766261892544	0.8888888888888888	True	LOW_CURRENT_CONCERN
Azoarcus	preprocessing_sensitivity	Model_0	CLR_genus ~ standardized_Moffitt50_contrast	62	-0.20274756598896174	0.07549140813748616	-0.3537528652671649	-0.0517422667107586	-2.6857038567847966	0.009346722437656125	0.11980430815796794	0.10513437996060082	0.11980430815796794	0.13611099130381693	0.8124163059186531	0.3441854275791466	2.9992372813552652	0.10419204297336779	0.09080065219490131	18.42247332387943	20.92997443026078	106_genus_tests_Moffitt50_MICRO_SENS_DET_10_P20	relative_compositional_CLR_association_not_absolute_load	0.03302508594638497	30	MICRO_SENS_DET_10_P20	03_processed/microbiome/sensitivity/MICRO_SENS_DET_10_P20_centered_log_ratio.tsv.gz	106	negative	30	9	-0.3942746859776195	0.24674330221477256	0.8888888888888888	True	LOW_CURRENT_CONCERN
Enterobacter	preprocessing_sensitivity	Model_0	CLR_genus ~ standardized_Moffitt50_contrast	62	0.2526592777474989	0.2123670543060407	-0.17213807844845835	0.6774566339434562	1.189729162902045	0.2388394726442637	0.020176648256999608	0.003846259061282997	0.020176648256999608	0.020592128388354412	0.08354664515500655	0.002005150729142621	2.3339989333719102	0.09637574407210267	0.09080065219490131	189.1032959345504	192.99733528309562	106_genus_tests_Moffitt50_MICRO_SENS_DET_10_P20	relative_compositional_CLR_association_not_absolute_load	0.3835906681862417	66	MICRO_SENS_DET_10_P20	03_processed/microbiome/sensitivity/MICRO_SENS_DET_10_P20_centered_log_ratio.tsv.gz	106	positive	66	9	0.03969291725914792	0.35951297607592725	1.0	False	LOW_CURRENT_CONCERN
Methyloversatilis	preprocessing_sensitivity	Model_0	CLR_genus ~ standardized_Moffitt50_contrast	62	-0.07786329453043439	0.05574994164095336	-0.18937978137225547	0.033653192311386707	-1.3966524849819175	0.16766319332616625	0.03160336760489857	0.015463423731646886	0.03160336760489857	0.03263473513609302	0.11710699881715081	0.8516875205771175	3.6648365172841992	0.09297987267029427	0.09080065219490131	11.332227738355733	11.702051989098857	106_genus_tests_Moffitt50_MICRO_SENS_DET_10_P20	relative_compositional_CLR_association_not_absolute_load	0.28664997568667133	62	MICRO_SENS_DET_10_P20	03_processed/microbiome/sensitivity/MICRO_SENS_DET_10_P20_centered_log_ratio.tsv.gz	106	negative	62	9	-0.2700977226113444	0.37082864023250756	0.8888888888888888	True	LOW_CURRENT_CONCERN
Mycobacterium	preprocessing_sensitivity	Model_0	CLR_genus ~ standardized_Moffitt50_contrast	62	-0.15976384748985384	0.1946321729477811	-0.5490861591312031	0.22955846415149544	-0.8208501455343549	0.41498112347405114	0.012604126550629702	-0.0038524713401930644	0.012604126550629702	0.012765018458704336	5.267511061097933e-06	0.12765321477680588	2.937240931277636	0.13710045976380772	0.09080065219490131	121.97347852550496	123.53047223035536	106_genus_tests_Moffitt50_MICRO_SENS_DET_10_P20	relative_compositional_CLR_association_not_absolute_load	0.5865066545099923	75	MICRO_SENS_DET_10_P20	03_processed/microbiome/sensitivity/MICRO_SENS_DET_10_P20_centered_log_ratio.tsv.gz	106	negative	75	8	-0.2483434173588759	-0.01002275332773586	1.0	False	LOW_CURRENT_CONCERN
Rubrivivax	preprocessing_sensitivity	Model_0	CLR_genus ~ standardized_Moffitt50_contrast	62	0.4325036087424198	0.12269947068977072	0.18706812475936888	0.6779390927254707	3.5249019927392156	0.0008179153301962515	0.13445828259052373	0.12003258730036581	0.13445828259052373	0.15534581394060443	0.06799815294885926	0.11512864753776184	2.12017931584174	0.16455240026281537	0.09080065219490131	73.45303601454592	84.86365768063408	106_genus_tests_Moffitt50_MICRO_SENS_DET_10_P20	relative_compositional_CLR_association_not_absolute_load	0.005099942647106039	17	MICRO_SENS_DET_10_P20	03_processed/microbiome/sensitivity/MICRO_SENS_DET_10_P20_centered_log_ratio.tsv.gz	106	positive	17	9	-0.14255031101523494	0.6890998729537884	0.8888888888888888	True	LOW_CURRENT_CONCERN
Mesorhizobium	preprocessing_sensitivity	Model_0	CLR_genus ~ standardized_Moffitt50_contrast	62	0.3291107184894073	0.15528900342992633	0.018486463145760745	0.6397349738330539	2.1193433612182173	0.03820855450565269	0.06750279467904974	0.05196117459036731	0.06750279467904974	0.07238927290491598	0.3378684172835103	0.9464636399555748	2.45133685780895	0.146342664527798	0.09080065219490131	91.27244274410631	97.87958851060776	106_genus_tests_Moffitt50_MICRO_SENS_DET_10_P20	relative_compositional_CLR_association_not_absolute_load	0.10125266943997963	40	MICRO_SENS_DET_10_P20	03_processed/microbiome/sensitivity/MICRO_SENS_DET_10_P20_centered_log_ratio.tsv.gz	106	positive	40	8	-0.2155946253935093	0.5796558786667678	0.875	True	MODERATE_RISK_ENVIRONMENTAL
Nocardioides	preprocessing_sensitivity	Model_0	CLR_genus ~ standardized_Moffitt50_contrast	62	0.6240947021391685	0.15554379217711936	0.31296079341943794	0.9352286108588991	4.012340791000551	0.00016921529360514203	0.18222431205306544	0.16859471725394992	0.18222431205306544	0.22282921189617216	0.16368970241999528	0.5236288499246959	2.762619284753972	0.1643580951989541	0.09080065219490131	106.6249161380125	130.38406216954127	106_genus_tests_Moffitt50_MICRO_SENS_DET_10_P20	relative_compositional_CLR_association_not_absolute_load	0.0016306201020131867	11	MICRO_SENS_DET_10_P20	03_processed/microbiome/sensitivity/MICRO_SENS_DET_10_P20_centered_log_ratio.tsv.gz	106	positive	11	9	0.0014533719312191237	0.9216275608468687	1.0	False	LOW_CURRENT_CONCERN
Comamonas	preprocessing_sensitivity	Model_0	CLR_genus ~ standardized_Moffitt50_contrast	62	-0.1758756527566957	0.05264139037059287	-0.28117411126279507	-0.07057719425059635	-3.3410145803243325	0.0014403189198582793	0.12447733509413972	0.10988529067904207	0.12447733509413972	0.14217488602368053	0.008220016080792907	0.8245765414950454	4.438654090564122	0.12552295084155782	0.09080065219490131	13.271450478771186	15.1583174379594	106_genus_tests_Moffitt50_MICRO_SENS_DET_10_P20	relative_compositional_CLR_association_not_absolute_load	0.007486293058179018	20	MICRO_SENS_DET_10_P20	03_processed/microbiome/sensitivity/MICRO_SENS_DET_10_P20_centered_log_ratio.tsv.gz	106	negative	20	7	-0.3690210376262675	0.2717895009042564	0.8571428571428571	True	HIGH_RISK_POTENTIAL_CONTAMINANT
Dechloromonas	preprocessing_sensitivity	Model_0	CLR_genus ~ standardized_Moffitt50_contrast	62	-0.416855998974102	0.10110763755602292	-0.6191013861664219	-0.21461061178178217	-4.12289327542764	0.00011673673997183815	0.26744293749409365	0.25523365311899526	0.26744293749409365	0.36508137206299524	0.0036523408093009193	0.5042495177644553	3.4004217465556024	0.2216707943859264	0.09080065219490131	29.03436101607902	39.63426537280148	106_genus_tests_Moffitt50_MICRO_SENS_DET_10_P20	relative_compositional_CLR_association_not_absolute_load	0.0013748993818905382	9	MICRO_SENS_DET_10_P20	03_processed/microbiome/sensitivity/MICRO_SENS_DET_10_P20_centered_log_ratio.tsv.gz	106	negative	9	8	-0.610176916443837	0.030611278190279773	0.875	True	MODERATE_RISK_ENVIRONMENTAL
Bordetella	preprocessing_sensitivity	Model_0	CLR_genus ~ standardized_Moffitt50_contrast	62	-0.06635561832595013	0.11629050233103097	-0.29897125685965564	0.16626002020775535	-0.5706022159665552	0.57040018217944	0.003374498900657996	-0.01323592611766422	0.003374498900657996	0.003385924699835301	1.0059546857446696e-07	0.0695190243694362	2.843431770318063	0.10801313309845693	0.09080065219490131	79.3246090504091	79.59319620349767	106_genus_tests_Moffitt50_MICRO_SENS_DET_10_P20	relative_compositional_CLR_association_not_absolute_load	0.7384892866300756	81	MICRO_SENS_DET_10_P20	03_processed/microbiome/sensitivity/MICRO_SENS_DET_10_P20_centered_log_ratio.tsv.gz	106	negative	81	9	-0.15801591206741342	0.15808509814265914	0.8888888888888888	True	LOW_CURRENT_CONCERN
Kocuria	preprocessing_sensitivity	Model_0	CLR_genus ~ standardized_Moffitt50_contrast	62	0.03448164380455995	0.21868320079432052	-0.4029498864554265	0.47191317406454636	0.1576785216208317	0.8752395798035006	0.0004226397251662073	-0.01623698294608089	0.0004226397251662073	0.0004228184250291568	0.00549666049236298	0.4097941968600939	2.172135858165782	0.12363806295575293	0.09080065219490131	171.53464710628566	171.60717511561305	106_genus_tests_Moffitt50_MICRO_SENS_DET_10_P20	relative_compositional_CLR_association_not_absolute_load	0.9246150176019019	100	MICRO_SENS_DET_10_P20	03_processed/microbiome/sensitivity/MICRO_SENS_DET_10_P20_centered_log_ratio.tsv.gz	106	positive	100	9	-0.029317548333144244	0.08203008655403657	0.8888888888888888	True	LOW_CURRENT_CONCERN
Bosea	preprocessing_sensitivity	Model_0	CLR_genus ~ standardized_Moffitt50_contrast	62	0.3644451199621788	0.1865387783121021	-0.008687992016719881	0.7375782319410775	1.9537230985421044	0.05540067765098294	0.07047937305720908	0.054987362608162615	0.07047937305720908	0.07582335562473415	0.01238142782836505	0.355361477642555	3.218914097783115	0.1721049207047835	0.09080065219490131	106.85408086418349	114.95611583750255	106_genus_tests_Moffitt50_MICRO_SENS_DET_10_P20	relative_compositional_CLR_association_not_absolute_load	0.12009038414503435	48	MICRO_SENS_DET_10_P20	03_processed/microbiome/sensitivity/MICRO_SENS_DET_10_P20_centered_log_ratio.tsv.gz	106	positive	48	9	0.22389621387352693	0.7115024363829625	1.0	False	LOW_CURRENT_CONCERN
Phenylobacterium	preprocessing_sensitivity	Model_0	CLR_genus ~ standardized_Moffitt50_contrast	62	-0.014790389948127747	0.1810332624958922	-0.3769108306307967	0.3473300507345412	-0.08169984755405574	0.9351573322291552	0.00014387987320807483	-0.016520388795571828	0.00014387987320807483	0.00014390057760493518	0.05914488585958263	0.8230783394309417	2.2867817976498013	0.17325820088311622	0.09080065219490131	92.73134233341607	92.74468642713994	106_genus_tests_Moffitt50_MICRO_SENS_DET_10_P20	relative_compositional_CLR_association_not_absolute_load	0.9531411270797159	104	MICRO_SENS_DET_10_P20	03_processed/microbiome/sensitivity/MICRO_SENS_DET_10_P20_centered_log_ratio.tsv.gz	106	negative	104	9	-0.21706339432744476	0.06043358537804597	0.6666666666666666	True	LOW_CURRENT_CONCERN
Xanthomonas	preprocessing_sensitivity	Model_0	CLR_genus ~ standardized_Moffitt50_contrast	62	0.08274629251573742	0.1898004558661983	-0.29691114597073265	0.46240373100220755	0.43596466688188695	0.6644269583386302	0.00285082651279156	-0.013768326378661877	0.00285082651279156	0.0028589769601088987	0.18521870534262802	0.2767898817925973	2.2679933299816293	0.11240849220621468	0.09080065219490131	146.08858002659946	146.50624391103057	106_genus_tests_Moffitt50_MICRO_SENS_DET_10_P20	relative_compositional_CLR_association_not_absolute_load	0.8384435426654142	84	MICRO_SENS_DET_10_P20	03_processed/microbiome/sensitivity/MICRO_SENS_DET_10_P20_centered_log_ratio.tsv.gz	106	positive	84	9	-0.12549556930516964	0.1685307743332001	0.8888888888888888	True	LOW_CURRENT_CONCERN
Azospira	preprocessing_sensitivity	Model_0	CLR_genus ~ standardized_Moffitt50_contrast	62	-0.05432378722835187	0.1461435280513356	-0.3466543680909184	0.23800679363421465	-0.3717153126977312	0.7114143491250402	0.0018495900512432994	-0.014786250114569244	0.0018495900512432994	0.0018530173737425547	0.0008626707487280605	0.033498023746171925	2.1082001754426303	0.107555421118148	0.09080065219490131	97.14723020925831	97.32724571464705	106_genus_tests_Moffitt50_MICRO_SENS_DET_10_P20	relative_compositional_CLR_association_not_absolute_load	0.8629486296541347	87	MICRO_SENS_DET_10_P20	03_processed/microbiome/sensitivity/MICRO_SENS_DET_10_P20_centered_log_ratio.tsv.gz	106	negative	87	9	-0.07620677347319324	-0.009782914418844477	1.0	False	LOW_CURRENT_CONCERN
Deinococcus	preprocessing_sensitivity	Model_0	CLR_genus ~ standardized_Moffitt50_contrast	62	-0.042493521700592916	0.16349186698807272	-0.3695259471538799	0.2845389037526941	-0.25991214415389213	0.7958213704362543	0.001465963335312237	-0.015176270609099207	0.001465963335312237	0.0014681155388642142	0.0022407579620579315	0.015868184888170853	2.199026448665867	0.10593378513517895	0.09080065219490131	75.02656273418634	75.13671039676399	106_genus_tests_Moffitt50_MICRO_SENS_DET_10_P20	relative_compositional_CLR_association_not_absolute_load	0.9246150176019019	91	MICRO_SENS_DET_10_P20	03_processed/microbiome/sensitivity/MICRO_SENS_DET_10_P20_centered_log_ratio.tsv.gz	106	negative	91	9	-0.22986178284624154	0.031810294018513485	0.8888888888888888	True	LOW_CURRENT_CONCERN
Hydrogenophaga	preprocessing_sensitivity	Model_0	CLR_genus ~ standardized_Moffitt50_contrast	62	-0.2711344650327302	0.07162305667766124	-0.41440190931105986	-0.12786702075440054	-3.7855751710370003	0.00035678217775218714	0.14529981854107787	0.13105481551676257	0.14529981854107787	0.17000092160160743	0.00013386301794268292	0.6870445025252596	5.582619609381903	0.20406337306591218	0.09080065219490131	26.37837338524907	30.86272117109273	106_genus_tests_Moffitt50_MICRO_SENS_DET_10_P20	relative_compositional_CLR_association_not_absolute_load	0.0027296577117109913	13	MICRO_SENS_DET_10_P20	03_processed/microbiome/sensitivity/MICRO_SENS_DET_10_P20_centered_log_ratio.tsv.gz	106	negative	13	9	-0.44695758884248316	0.13991111124886363	0.8888888888888888	True	LOW_CURRENT_CONCERN
Porphyrobacter	preprocessing_sensitivity	Model_0	CLR_genus ~ standardized_Moffitt50_contrast	62	-0.13588415559748024	0.06915275454302133	-0.27421025989617254	0.00244194870121206	-1.964985436884426	0.05405097295213614	0.037516740347318	0.021475352686440075	0.037516740347318	0.03897910947651822	1.0353063765851466e-07	0.31944077546805766	4.924830412052235	0.2542798848768211	0.09080065219490131	28.895855842150077	30.022190570438926	106_genus_tests_Moffitt50_MICRO_SENS_DET_10_P20	relative_compositional_CLR_association_not_absolute_load	0.12009038414503435	47	MICRO_SENS_DET_10_P20	03_processed/microbiome/sensitivity/MICRO_SENS_DET_10_P20_centered_log_ratio.tsv.gz	106	negative	47	9	-0.2765363425352776	0.20037411264436958	0.8888888888888888	True	LOW_CURRENT_CONCERN
Aromatoleum	preprocessing_sensitivity	Model_0	CLR_genus ~ standardized_Moffitt50_contrast	62	0.25303596237135356	0.15040196542158382	-0.047812761488104594	0.5538846862308118	1.6823979770615483	0.09768942073192101	0.034744621059181524	0.018657031410167946	0.034744621059181524	0.03599526282599641	0.004826432681210301	0.8168916800891071	2.267578551017129	0.06406929862579323	0.09080065219490131	108.50480832228567	112.41046741573068	106_genus_tests_Moffitt50_MICRO_SENS_DET_10_P20	relative_compositional_CLR_association_not_absolute_load	0.18491211781399333	56	MICRO_SENS_DET_10_P20	03_processed/microbiome/sensitivity/MICRO_SENS_DET_10_P20_centered_log_ratio.tsv.gz	106	positive	56	9	-0.29320953734121424	0.491506412046362	0.8888888888888888	True	LOW_CURRENT_CONCERN
Microbacterium	preprocessing_sensitivity	Model_0	CLR_genus ~ standardized_Moffitt50_contrast	62	0.3207379645242432	0.16424579892982855	-0.0078025493500848975	0.6492784783985712	1.9527925013246366	0.0555134794632706	0.05046673742505059	0.03464118304880148	0.05046673742505059	0.05314899373634855	0.18484227448148688	0.48001105004161904	2.391629755037982	0.1673665555370823	0.09080065219490131	118.06890241883902	124.34414577395546	106_genus_tests_Moffitt50_MICRO_SENS_DET_10_P20	relative_compositional_CLR_association_not_absolute_load	0.12009038414503435	49	MICRO_SENS_DET_10_P20	03_processed/microbiome/sensitivity/MICRO_SENS_DET_10_P20_centered_log_ratio.tsv.gz	106	positive	49	9	-0.08520596426249223	0.5160267710139143	0.8888888888888888	True	LOW_CURRENT_CONCERN
Pandoraea	preprocessing_sensitivity	Model_0	CLR_genus ~ standardized_Moffitt50_contrast	62	0.43074665229131365	0.09028200366998988	0.25015575698314946	0.6113375475994778	4.771124197307726	1.2129387390517334e-05	0.2740669018985997	0.2619680169302431	0.2740669018985997	0.3775374102866947	0.28178363418632896	0.10409340061899133	3.926037289605883	0.28799122693672213	0.09080065219490131	29.9787599260053	41.296863312075885	106_genus_tests_Moffitt50_MICRO_SENS_DET_10_P20	relative_compositional_CLR_association_not_absolute_load	0.0003214287658487094	4	MICRO_SENS_DET_10_P20	03_processed/microbiome/sensitivity/MICRO_SENS_DET_10_P20_centered_log_ratio.tsv.gz	106	positive	4	9	-0.5456379311439243	0.8742960847593249	0.8888888888888888	True	LOW_CURRENT_CONCERN
Rhodococcus	preprocessing_sensitivity	Model_0	CLR_genus ~ standardized_Moffitt50_contrast	62	-0.0650401299436111	0.16963616245165944	-0.40436297623052264	0.2742827163433005	-0.38340958085600013	0.7027712831317814	0.002437245839043145	-0.014188800063639428	0.002437245839043145	0.0024432005193428617	0.0025502990795019083	0.9894245629500118	2.607674254131844	0.08430509696952153	0.09080065219490131	105.61692609552925	105.87496942421724	106_genus_tests_Moffitt50_MICRO_SENS_DET_10_P20	relative_compositional_CLR_association_not_absolute_load	0.8629486296541347	86	MICRO_SENS_DET_10_P20	03_processed/microbiome/sensitivity/MICRO_SENS_DET_10_P20_centered_log_ratio.tsv.gz	106	negative	86	9	-0.14268623077401146	-0.028207831559175084	1.0	False	LOW_CURRENT_CONCERN
Streptococcus	preprocessing_sensitivity	Model_0	CLR_genus ~ standardized_Moffitt50_contrast	62	0.29094954692177444	0.14627833847116012	-0.0016506949299519014	0.5835497887735008	1.9890132056643324	0.05126522309279544	0.03253872247506828	0.016414367849652778	0.03253872247506828	0.0336331006015171	5.8975384628008287e-05	0.9940466196625766	4.46543076782391	0.12532540961468364	0.09080065219490131	153.5317849898182	158.69553495991136	106_genus_tests_Moffitt50_MICRO_SENS_DET_10_P20	relative_compositional_CLR_association_not_absolute_load	0.118132905387746	46	MICRO_SENS_DET_10_P20	03_processed/microbiome/sensitivity/MICRO_SENS_DET_10_P20_centered_log_ratio.tsv.gz	106	positive	46	9	-0.32746799762473516	0.5624492567048618	0.8888888888888888	True	LOW_CURRENT_CONCERN
Rhizorhabdus	preprocessing_sensitivity	Model_0	CLR_genus ~ standardized_Moffitt50_contrast	62	-0.27919278795022456	0.08380785884005752	-0.44683346545567015	-0.11155211044477895	-3.3313437643484956	0.0014831335303939564	0.08686211725845361	0.07164315254609455	0.08686211725845361	0.09512486438265422	2.41794245635027e-07	0.7204230093755621	4.9953949353516975	0.1562803879630287	0.09080065219490131	49.98551550435207	54.740380887800626	106_genus_tests_Moffitt50_MICRO_SENS_DET_10_P20	relative_compositional_CLR_association_not_absolute_load	0.007486293058179018	21	MICRO_SENS_DET_10_P20	03_processed/microbiome/sensitivity/MICRO_SENS_DET_10_P20_centered_log_ratio.tsv.gz	106	negative	21	9	-0.45101556253195624	0.11880202223864327	0.8888888888888888	True	LOW_CURRENT_CONCERN
Massilia	preprocessing_sensitivity	Model_0	CLR_genus ~ standardized_Moffitt50_contrast	62	0.1575599537514328	0.13643795091571936	-0.11535658230536913	0.4304764898082347	1.1548103199582713	0.2527467076288061	0.017941466815925344	0.0015738245961908204	0.017941466815925344	0.018269243848179507	5.796430648630447e-06	0.0008994945012480516	2.2330650214539385	0.09134526834160495	0.09080065219490131	82.88977328124417	84.40410676183954	106_genus_tests_Moffitt50_MICRO_SENS_DET_10_P20	relative_compositional_CLR_association_not_absolute_load	0.3998679255022902	67	MICRO_SENS_DET_10_P20	03_processed/microbiome/sensitivity/MICRO_SENS_DET_10_P20_centered_log_ratio.tsv.gz	106	positive	67	9	0.06097083215404797	0.20851399837116188	1.0	False	LOW_CURRENT_CONCERN
Candida	preprocessing_sensitivity	Model_0	CLR_genus ~ standardized_Moffitt50_contrast	62	-1.126442889019041	0.24347365938917223	-1.613462719613044	-0.639423058425038	-4.626549302479233	2.0337052771120216e-05	0.24268503269115738	0.23006311656934342	0.24268503269115738	0.32045455743935847	0.0042121160825411294	0.00024255936504009493	2.98359713009419	0.12687090316135324	0.09080065219490131	241.53592675979476	318.9372152753101	106_genus_tests_Moffitt50_MICRO_SENS_DET_10_P20	relative_compositional_CLR_association_not_absolute_load	0.00043114551874774855	5	MICRO_SENS_DET_10_P20	03_processed/microbiome/sensitivity/MICRO_SENS_DET_10_P20_centered_log_ratio.tsv.gz	106	negative	5	9	-1.659106789594824	0.04321095299072192	0.8888888888888888	True	LOW_CURRENT_CONCERN
Ramlibacter	preprocessing_sensitivity	Model_0	CLR_genus ~ standardized_Moffitt50_contrast	62	-0.3648686217580432	0.09646590178824799	-0.5578291550037171	-0.17190808851236924	-3.7823584810202178	0.0003605208298486215	0.2213231563306025	0.20834520893611264	0.2213231563306025	0.28422979074047	0.14300351096392389	0.1779771923226902	2.7668043765893073	0.16756698906070666	0.09080065219490131	28.571515176520027	36.69239095628046	106_genus_tests_Moffitt50_MICRO_SENS_DET_10_P20	relative_compositional_CLR_association_not_absolute_load	0.0027296577117109913	14	MICRO_SENS_DET_10_P20	03_processed/microbiome/sensitivity/MICRO_SENS_DET_10_P20_centered_log_ratio.tsv.gz	106	negative	14	9	-0.5581009449099799	0.0826983858998724	0.8888888888888888	True	LOW_CURRENT_CONCERN
Caulobacter	preprocessing_sensitivity	Model_0	CLR_genus ~ standardized_Moffitt50_contrast	62	-0.12114196101431148	0.0485420332577266	-0.21824048441588578	-0.02404343761273718	-2.49560953434164	0.015341498605343878	0.07486730723742396	0.059448429024714367	0.07486730723742396	0.08092602047589484	0.004179902664773683	0.9475128120149362	4.362143323432718	0.12227906907886707	0.09080065219490131	11.061928568310353	11.957126426132325	106_genus_tests_Moffitt50_MICRO_SENS_DET_10_P20	relative_compositional_CLR_association_not_absolute_load	0.047829378004895624	34	MICRO_SENS_DET_10_P20	03_processed/microbiome/sensitivity/MICRO_SENS_DET_10_P20_centered_log_ratio.tsv.gz	106	negative	34	7	-0.3141267058656657	0.3267041949783222	0.8571428571428571	True	HIGH_RISK_POTENTIAL_CONTAMINANT
Bacteroides	preprocessing_sensitivity	Model_0	CLR_genus ~ standardized_Moffitt50_contrast	62	0.24794569962651886	0.29491878627686285	-0.3419797062341789	0.8378711054872165	0.840725349363649	0.40383984258372607	0.012945921858608878	-0.0035049794437476134	0.012945921858608878	0.013115716904777766	0.02702978280570908	0.10968304559151112	2.4209264192591773	0.16576605021108967	0.09080065219490131	285.92423082830135	289.67433209606173	106_genus_tests_Moffitt50_MICRO_SENS_DET_10_P20	relative_compositional_CLR_association_not_absolute_load	0.5784732880253374	74	MICRO_SENS_DET_10_P20	03_processed/microbiome/sensitivity/MICRO_SENS_DET_10_P20_centered_log_ratio.tsv.gz	106	positive	74	9	0.2085361443718291	0.3629281165357989	1.0	False	LOW_CURRENT_CONCERN
Variovorax	preprocessing_sensitivity	Model_0	CLR_genus ~ standardized_Moffitt50_contrast	62	-0.3137977287234728	0.0835316921720554	-0.48088599064440085	-0.14670946680254474	-3.756630813573418	0.0003918040415635456	0.21938472786777696	0.2063744733322399	0.21938472786777696	0.2810407837250421	0.27388531394753446	0.5486497739923037	2.826042853419168	0.14438611320803676	0.09080065219490131	21.372733907364914	27.37934379503752	106_genus_tests_Moffitt50_MICRO_SENS_DET_10_P20	relative_compositional_CLR_association_not_absolute_load	0.002768748560382389	15	MICRO_SENS_DET_10_P20	03_processed/microbiome/sensitivity/MICRO_SENS_DET_10_P20_centered_log_ratio.tsv.gz	106	negative	15	9	-0.5062890166792315	0.13460549111784675	0.8888888888888888	True	LOW_CURRENT_CONCERN
Pseudomonas	preprocessing_sensitivity	Model_0	CLR_genus ~ standardized_Moffitt50_contrast	62	0.10765528367916588	0.07109762213524068	-0.0345611350283489	0.24987170238668066	1.5141896514399011	0.13522815274829483	0.04376063956413134	0.027823316890200234	0.04376063956413134	0.04576326950627149	0.003605181283015583	0.06437117439531403	3.731175805132455	0.15254428897228098	0.09080065219490131	15.448399425431278	16.15536869177782	106_genus_tests_Moffitt50_MICRO_SENS_DET_10_P20	relative_compositional_CLR_association_not_absolute_load	0.23890306985532087	60	MICRO_SENS_DET_10_P20	03_processed/microbiome/sensitivity/MICRO_SENS_DET_10_P20_centered_log_ratio.tsv.gz	106	positive	60	9	-0.08549070714273956	0.5553197543428676	0.8888888888888888	True	BIOLOGICALLY_PLAUSIBLE_BUT_CONTAMINATION_SENSITIVE
Methylobacterium	preprocessing_sensitivity	Model_0	CLR_genus ~ standardized_Moffitt50_contrast	62	0.20758343523459047	0.11884526220856562	-0.030142483917916962	0.4453093543870979	1.7466698409087205	0.08581210314501328	0.02862451747720207	0.012434926101822175	0.02862451747720207	0.029468025487796128	2.7915553558936393e-06	0.022445607924900312	2.462636509854578	0.08010727663582323	0.09080065219490131	89.19986304138276	91.82840687899413	106_genus_tests_Moffitt50_MICRO_SENS_DET_10_P20	relative_compositional_CLR_association_not_absolute_load	0.17162420629002656	53	MICRO_SENS_DET_10_P20	03_processed/microbiome/sensitivity/MICRO_SENS_DET_10_P20_centered_log_ratio.tsv.gz	106	positive	53	9	0.1933856744331671	0.26302630389204706	1.0	False	BIOLOGICALLY_PLAUSIBLE_BUT_CONTAMINATION_SENSITIVE
Elizabethkingia	preprocessing_sensitivity	Model_0	CLR_genus ~ standardized_Moffitt50_contrast	62	0.3860125567865528	0.17403967106202975	0.03788138181709644	0.7341437317560091	2.217957287732252	0.03035490450669137	0.04561843578968061	0.029712076386175346	0.04561843578968061	0.04779894907905782	4.083851919588836e-06	0.7984678492855578	4.842188799757903	0.18523952388318074	0.09080065219490131	190.15789068451912	199.24723801832945	106_genus_tests_Moffitt50_MICRO_SENS_DET_10_P20	relative_compositional_CLR_association_not_absolute_load	0.08303523965130089	38	MICRO_SENS_DET_10_P20	03_processed/microbiome/sensitivity/MICRO_SENS_DET_10_P20_centered_log_ratio.tsv.gz	106	positive	38	7	0.19333376074063405	0.834203814164222	1.0	False	HIGH_RISK_POTENTIAL_CONTAMINANT
Tessaracoccus	preprocessing_sensitivity	Model_0	CLR_genus ~ standardized_Moffitt50_contrast	62	-0.11051993828008863	0.08269748686786031	-0.2759395411479225	0.05489966458774523	-1.3364364803090683	0.1864528006661367	0.03165270692625377	0.015513585375024674	0.03165270692625377	0.032687350037176384	0.6112054117534781	0.8152185523318076	3.5773644603915016	0.10471516514666372	0.09080065219490131	22.794569194385186	23.5396632565887	106_genus_tests_Moffitt50_MICRO_SENS_DET_10_P20	relative_compositional_CLR_association_not_absolute_load	0.3137142360414364	63	MICRO_SENS_DET_10_P20	03_processed/microbiome/sensitivity/MICRO_SENS_DET_10_P20_centered_log_ratio.tsv.gz	106	negative	63	9	-0.3014307485195948	0.3396662970328276	0.8888888888888888	True	LOW_CURRENT_CONCERN
Agrobacterium	preprocessing_sensitivity	Model_0	CLR_genus ~ standardized_Moffitt50_contrast	62	-0.21662628410601337	0.10880306494973713	-0.4342648179534486	0.001012249741421889	-1.9909943180928447	0.051041133673932905	0.0695907539979439	0.05408393323124305	0.0695907539979439	0.0747958538642791	0.05240765316447275	0.11341451233266699	3.739712360412655	0.1735045245777798	0.09080065219490131	38.271423040300625	41.13396680520096	106_genus_tests_Moffitt50_MICRO_SENS_DET_10_P20	relative_compositional_CLR_association_not_absolute_load	0.118132905387746	45	MICRO_SENS_DET_10_P20	03_processed/microbiome/sensitivity/MICRO_SENS_DET_10_P20_centered_log_ratio.tsv.gz	106	negative	45	9	-0.4096484481680811	0.2311776858832548	0.8888888888888888	True	LOW_CURRENT_CONCERN
Azospirillum	preprocessing_sensitivity	Model_0	CLR_genus ~ standardized_Moffitt50_contrast	62	0.09842535134082171	0.17289125321779594	-0.24740864591605144	0.44425934859769484	0.5692905193811774	0.5712841651289264	0.0059659976051680275	-0.010601235768079142	0.0059659976051680275	0.006001804355580106	0.06306549591258859	0.5641826054130394	2.199491040568112	0.18259233984772882	0.09080065219490131	98.46047987735643	99.05142041433685	106_genus_tests_Moffitt50_MICRO_SENS_DET_10_P20	relative_compositional_CLR_association_not_absolute_load	0.7384892866300756	82	MICRO_SENS_DET_10_P20	03_processed/microbiome/sensitivity/MICRO_SENS_DET_10_P20_centered_log_ratio.tsv.gz	106	positive	82	9	-0.20345224187648708	0.23705431387501902	0.8888888888888888	True	LOW_CURRENT_CONCERN
Ensifer	preprocessing_sensitivity	Model_0	CLR_genus ~ standardized_Moffitt50_contrast	62	0.41347907963283714	0.16158172769681073	0.09026750164360542	0.7366906576220689	2.558947014161666	0.013039091445911283	0.09963645275156252	0.08463039363075531	0.09963645275156252	0.11066246857289727	0.5250667459619078	0.26293235567481715	2.67133814239236	0.16354484661643132	0.09080065219490131	94.24027894394216	104.66914085087723	106_genus_tests_Moffitt50_MICRO_SENS_DET_10_P20	relative_compositional_CLR_association_not_absolute_load	0.04188314222019988	33	MICRO_SENS_DET_10_P20	03_processed/microbiome/sensitivity/MICRO_SENS_DET_10_P20_centered_log_ratio.tsv.gz	106	positive	33	9	-0.18286826333619935	0.7006069735000906	0.8888888888888888	True	LOW_CURRENT_CONCERN
Croceicoccus	preprocessing_sensitivity	Model_0	CLR_genus ~ standardized_Moffitt50_contrast	62	0.03342264963163029	0.19160706577110959	-0.3498485467128633	0.41669384597612386	0.1744332835384912	0.8621122107257931	0.0005460807542368995	-0.01611148456652578	0.0005460807542368995	0.0005463791213595908	8.242316800635356e-07	0.027973509118785562	2.384144357387599	0.20425228212268548	0.09080065219490131	124.71465571879658	124.78279720280888	106_genus_tests_Moffitt50_MICRO_SENS_DET_10_P20	relative_compositional_CLR_association_not_absolute_load	0.9246150176019019	97	MICRO_SENS_DET_10_P20	03_processed/microbiome/sensitivity/MICRO_SENS_DET_10_P20_centered_log_ratio.tsv.gz	106	positive	97	9	0.029793905760261908	0.06587150090441082	1.0	False	LOW_CURRENT_CONCERN
Rhodobacter	preprocessing_sensitivity	Model_0	CLR_genus ~ standardized_Moffitt50_contrast	62	0.2286254211385734	0.2168293709315197	-0.2050978972844675	0.6623487395616143	1.054402455517796	0.2959262295412561	0.020986280099160703	0.004669384767480134	0.020986280099160703	0.021436145043285323	0.0017013381692571137	0.7373278567990098	2.0311447337952315	0.18616317394981705	0.09080065219490131	148.74150964176982	151.92995421640802	106_genus_tests_Moffitt50_MICRO_SENS_DET_10_P20	relative_compositional_CLR_association_not_absolute_load	0.44811686187675925	70	MICRO_SENS_DET_10_P20	03_processed/microbiome/sensitivity/MICRO_SENS_DET_10_P20_centered_log_ratio.tsv.gz	106	positive	70	9	-0.043015260923906576	0.3474735820889823	0.8888888888888888	True	LOW_CURRENT_CONCERN
Micrococcus	preprocessing_sensitivity	Model_0	CLR_genus ~ standardized_Moffitt50_contrast	62	-0.05825323497158323	0.2746605138430197	-0.607656062605093	0.49114959266192654	-0.2120917716074669	0.8327542918709707	0.0009347563860918617	-0.015716331007473272	0.0009347563860918617	0.0009356309731190101	0.0001122417757720643	0.7547454593949297	1.8059555252350228	0.1090883448741222	0.09080065219490131	221.2408614198079	221.44786122227183	106_genus_tests_Moffitt50_MICRO_SENS_DET_10_P20	relative_compositional_CLR_association_not_absolute_load	0.9246150176019019	93	MICRO_SENS_DET_10_P20	03_processed/microbiome/sensitivity/MICRO_SENS_DET_10_P20_centered_log_ratio.tsv.gz	106	negative	93	9	-0.11824482363478143	0.06125927896510893	0.7777777777777778	True	LOW_CURRENT_CONCERN
Bradyrhizobium	preprocessing_sensitivity	Model_0	CLR_genus ~ standardized_Moffitt50_contrast	62	0.14002106373199563	0.11729565148995903	-0.0946051724751131	0.3746472999391044	1.1937447122153713	0.23727636656578666	0.020230363305903665	0.0039008693610020906	0.020230363305903665	0.020648081496140495	0.4019701784300106	0.22386424296338764	2.3757063138355177	0.09585117610126204	0.09080065219490131	57.921109805313655	59.11706960092066	106_genus_tests_Moffitt50_MICRO_SENS_DET_10_P20	relative_compositional_CLR_association_not_absolute_load	0.3835906681862417	65	MICRO_SENS_DET_10_P20	03_processed/microbiome/sensitivity/MICRO_SENS_DET_10_P20_centered_log_ratio.tsv.gz	106	positive	65	9	-0.05220776042730265	0.588719273938456	0.8888888888888888	True	BIOLOGICALLY_PLAUSIBLE_BUT_CONTAMINATION_SENSITIVE
Aquabacterium	preprocessing_sensitivity	Model_0	CLR_genus ~ standardized_Moffitt50_contrast	62	-0.19035108088468172	0.10314800790867995	-0.3966778164495239	0.015975654680160434	-1.8454169376999048	0.06991296937201984	0.03077606201456351	0.01462232971480626	0.03077606201456351	0.0317533036570811	2.6582638958724675e-07	0.32728734168839285	3.6828032319769695	0.14570681249340128	0.09080065219490131	69.60679107602272	71.81703664965465	106_genus_tests_Moffitt50_MICRO_SENS_DET_10_P20	relative_compositional_CLR_association_not_absolute_load	0.14251489910450196	52	MICRO_SENS_DET_10_P20	03_processed/microbiome/sensitivity/MICRO_SENS_DET_10_P20_centered_log_ratio.tsv.gz	106	negative	52	9	-0.31610622843601016	0.09838843324846691	0.8888888888888888	True	LOW_CURRENT_CONCERN
Prevotella	preprocessing_sensitivity	Model_0	CLR_genus ~ standardized_Moffitt50_contrast	62	0.0519306607738756	0.23764042117621004	-0.4234209561274488	0.5272822776752	0.21852621080556445	0.8277607322986178	0.0007003531534700569	-0.01595464096063881	0.0007003531534700569	0.0007008439917697834	8.372913816484589e-08	0.5606730674885132	5.354855354388122	0.1622677595054227	0.09080065219490131	234.723286729837	234.8877911350701	106_genus_tests_Moffitt50_MICRO_SENS_DET_10_P20	relative_compositional_CLR_association_not_absolute_load	0.9246150176019019	92	MICRO_SENS_DET_10_P20	03_processed/microbiome/sensitivity/MICRO_SENS_DET_10_P20_centered_log_ratio.tsv.gz	106	positive	92	8	-0.086727673839346	0.11844940032578634	0.875	True	LOW_CURRENT_CONCERN
Escherichia	preprocessing_sensitivity	Model_0	CLR_genus ~ standardized_Moffitt50_contrast	62	-0.23029574460785457	0.2654792367604296	-0.76133328368975	0.30074179447404087	-0.8674717745089614	0.3891397964565395	0.01104974811412951	-0.005432756083968204	0.01104974811412951	0.011173209262102198	4.671696584890627e-08	0.9320616146990685	2.798567520365491	0.17468788660867032	0.09080065219490131	289.5501062552275	292.7853101842811	106_genus_tests_Moffitt50_MICRO_SENS_DET_10_P20	relative_compositional_CLR_association_not_absolute_load	0.5650523071834683	73	MICRO_SENS_DET_10_P20	03_processed/microbiome/sensitivity/MICRO_SENS_DET_10_P20_centered_log_ratio.tsv.gz	106	negative	73	8	-0.29994939621157063	-0.07765983859141491	1.0	False	LOW_CURRENT_CONCERN
Moraxella	preprocessing_sensitivity	Model_0	CLR_genus ~ standardized_Moffitt50_contrast	62	-0.004763074246006674	0.1584761947061338	-0.32176266135779397	0.3122365128657806	-0.03005545567798972	0.9761225782180909	1.2077493346862589e-05	-0.016654387881763988	1.2077493346862589e-05	1.2077639214469848e-05	0.05355172982176609	0.05149879333847385	2.1110025116411437	0.08215283887098607	0.09080065219490131	114.58360595685218	114.58498985630482	106_genus_tests_Moffitt50_MICRO_SENS_DET_10_P20	relative_compositional_CLR_association_not_absolute_load	0.9854189837249299	105	MICRO_SENS_DET_10_P20	03_processed/microbiome/sensitivity/MICRO_SENS_DET_10_P20_centered_log_ratio.tsv.gz	106	negative	105	9	-0.019348150201788605	0.05441808627834647	0.7777777777777778	True	LOW_CURRENT_CONCERN
Shinella	preprocessing_sensitivity	Model_0	CLR_genus ~ standardized_Moffitt50_contrast	62	-0.04878556791866782	0.12037150086171682	-0.2895644189249476	0.19199328308761196	-0.4052916809163395	0.6867046553167009	0.0016465103894582889	-0.014992714437384036	0.0016465103894582889	0.0016492258569663473	4.121377366979862e-09	0.5906483623357138	5.540537198806358	0.20447976484914399	0.09080065219490131	88.03035027175324	88.17553220161922	106_genus_tests_Moffitt50_MICRO_SENS_DET_10_P20	relative_compositional_CLR_association_not_absolute_load	0.8563610995714152	85	MICRO_SENS_DET_10_P20	03_processed/microbiome/sensitivity/MICRO_SENS_DET_10_P20_centered_log_ratio.tsv.gz	106	negative	85	9	-0.18815592009410778	0.27934349426687316	0.8888888888888888	True	LOW_CURRENT_CONCERN
Cutibacterium	preprocessing_sensitivity	Model_0	CLR_genus ~ standardized_Moffitt50_contrast	62	-0.33752663481237377	0.10529543225198262	-0.5481488586140647	-0.12690441101068287	-3.20552019772936	0.002161662944252982	0.1509257335967501	0.13677449582336265	0.1509257335967501	0.17775327738536256	0.9555163771607106	0.5036267346959722	2.578034404247576	0.14211717982255873	0.09080065219490131	39.09563910097536	46.04501708264906	106_genus_tests_Moffitt50_MICRO_SENS_DET_10_P20	relative_compositional_CLR_association_not_absolute_load	0.010415285095037096	22	MICRO_SENS_DET_10_P20	03_processed/microbiome/sensitivity/MICRO_SENS_DET_10_P20_centered_log_ratio.tsv.gz	106	negative	22	9	-0.5301639531414378	0.11071122879435037	0.8888888888888888	True	LOW_CURRENT_CONCERN
Chryseobacterium	preprocessing_sensitivity	Model_0	CLR_genus ~ standardized_Moffitt50_contrast	62	0.3730105385123165	0.1305218511981758	0.11192796383533615	0.6340931131892968	2.857839779991795	0.005855260776749883	0.07561932311487363	0.06021297850012153	0.07561932311487363	0.0818053914429357	2.639784071628939e-07	0.3021443204074858	5.069729565817312	0.1976510357807087	0.09080065219490131	103.75047930962536	112.2378278819415	106_genus_tests_Moffitt50_MICRO_SENS_DET_10_P20	relative_compositional_CLR_association_not_absolute_load	0.02387144778213414	26	MICRO_SENS_DET_10_P20	03_processed/microbiome/sensitivity/MICRO_SENS_DET_10_P20_centered_log_ratio.tsv.gz	106	positive	26	9	-0.3740108559502305	0.7127171626372459	0.8888888888888888	True	LOW_CURRENT_CONCERN
Aminobacter	preprocessing_sensitivity	Model_0	CLR_genus ~ standardized_Moffitt50_contrast	62	0.027953939621777082	0.15213566930205344	-0.27636270833380217	0.3322705875773563	0.18374349519754454	0.8548342463017851	0.0005541827314501369	-0.016103247556358946	0.0005541827314501369	0.0005544900202441176	0.01838153174270524	0.2032986180130149	2.516430691317851	0.08582601420697247	0.09080065219490131	85.96509481282202	86.01276159998507	106_genus_tests_Moffitt50_MICRO_SENS_DET_10_P20	relative_compositional_CLR_association_not_absolute_load	0.9246150176019019	95	MICRO_SENS_DET_10_P20	03_processed/microbiome/sensitivity/MICRO_SENS_DET_10_P20_centered_log_ratio.tsv.gz	106	positive	95	9	-0.24092469454535548	0.1564522681286722	0.8888888888888888	True	LOW_CURRENT_CONCERN
Sphingopyxis	preprocessing_sensitivity	Model_0	CLR_genus ~ standardized_Moffitt50_contrast	62	-0.17115576186179046	0.049955909912965966	-0.2710824596574369	-0.07122906406614406	-3.426136410286209	0.0011107117886891347	0.14031651124474698	0.12598845309882611	0.14031651124474698	0.16321880445547826	0.1298302899671245	0.6160805504927879	3.484324877734289	0.12457698857313909	0.09080065219490131	10.948199197325403	12.735151181253277	106_genus_tests_Moffitt50_MICRO_SENS_DET_10_P20	relative_compositional_CLR_association_not_absolute_load	0.006540858311169349	18	MICRO_SENS_DET_10_P20	03_processed/microbiome/sensitivity/MICRO_SENS_DET_10_P20_centered_log_ratio.tsv.gz	106	negative	18	8	-0.36430425996026083	0.276505884125694	0.875	True	MODERATE_RISK_ENVIRONMENTAL
Thiomonas	preprocessing_sensitivity	Model_0	CLR_genus ~ standardized_Moffitt50_contrast	62	0.002036587367531771	0.19190390689838607	-0.38182837963733723	0.38590155437240076	0.01061253728726926	0.9915677878212552	2.253987304690064e-06	-0.01666437511290675	2.253987304690064e-06	2.2539923851602846e-06	0.00013208611502920264	0.9959088852001181	2.434343074784695	0.1745353605179354	0.09080065219490131	112.24925874440602	112.24951175338047	106_genus_tests_Moffitt50_MICRO_SENS_DET_10_P20	relative_compositional_CLR_association_not_absolute_load	0.9915677878212552	106	MICRO_SENS_DET_10_P20	03_processed/microbiome/sensitivity/MICRO_SENS_DET_10_P20_centered_log_ratio.tsv.gz	106	positive	106	9	-0.021532683918471227	0.08142286817244676	0.7777777777777778	True	LOW_CURRENT_CONCERN
Flavobacterium	preprocessing_sensitivity	Model_0	CLR_genus ~ standardized_Moffitt50_contrast	62	-0.20076019600046593	0.05452958289305035	-0.3098356018967806	-0.09168479010415127	-3.681674888183535	0.0004984581764917219	0.15494683905578088	0.14086261970671066	0.15494683905578088	0.18335750484934132	0.14120925960531122	0.6059666955562046	4.111392803441347	0.11166581139303997	0.09080065219490131	13.408690504416533	15.867274538603407	106_genus_tests_Moffitt50_MICRO_SENS_DET_10_P20	relative_compositional_CLR_association_not_absolute_load	0.0033022854192576575	16	MICRO_SENS_DET_10_P20	03_processed/microbiome/sensitivity/MICRO_SENS_DET_10_P20_centered_log_ratio.tsv.gz	106	negative	16	9	-0.393077952299256	0.247837964787162	0.8888888888888888	True	LOW_CURRENT_CONCERN
Citrobacter	preprocessing_sensitivity	Model_0	CLR_genus ~ standardized_Moffitt50_contrast	62	-0.5853963205077639	0.24218122823173013	-1.069830903872432	-0.1009617371430957	-2.417182887303015	0.0186973894217458	0.0796647702423533	0.06432584974639255	0.0796647702423533	0.08656060060129563	1.219612532773473e-05	0.47540537878499844	1.950533797036569	0.05387853349242956	0.09080065219490131	241.4957825002987	262.3998024762044	106_genus_tests_Moffitt50_MICRO_SENS_DET_10_P20	relative_compositional_CLR_association_not_absolute_load	0.05356549401905554	37	MICRO_SENS_DET_10_P20	03_processed/microbiome/sensitivity/MICRO_SENS_DET_10_P20_centered_log_ratio.tsv.gz	106	negative	37	9	-0.8402377941493787	-0.0941438315238226	1.0	False	LOW_CURRENT_CONCERN
Sphingobium	preprocessing_sensitivity	Model_0	CLR_genus ~ standardized_Moffitt50_contrast	62	-0.4049054064501482	0.06910760511991776	-0.5431411984561412	-0.2666696144441552	-5.859057129060444	2.110023654748634e-07	0.36846871664658054	0.35794319525735696	0.36846871664658054	0.5834528333893746	0.4096584346804017	0.502294819779638	3.2444659937019313	0.20481173937685562	0.09080065219490131	17.140805745049697	27.141657423575822	106_genus_tests_Moffitt50_MICRO_SENS_DET_10_P20	relative_compositional_CLR_association_not_absolute_load	2.236625074033552e-05	1	MICRO_SENS_DET_10_P20	03_processed/microbiome/sensitivity/MICRO_SENS_DET_10_P20_centered_log_ratio.tsv.gz	106	negative	1	9	-0.5980979111566338	0.0427066561292963	0.8888888888888888	True	LOW_CURRENT_CONCERN
Methylorubrum	preprocessing_sensitivity	Model_0	CLR_genus ~ standardized_Moffitt50_contrast	62	0.5211495815961181	0.19081889726874499	0.1394549569902847	0.9028442062019515	2.731121440567508	0.00827589021182437	0.07886829147288577	0.06351609633076727	0.07886829147288577	0.0856210797465607	0.24439533306030778	0.168550531543066	2.4255039124814473	0.11191914916069974	0.09080065219490131	193.49685987733432	210.06426994760065	106_genus_tests_Moffitt50_MICRO_SENS_DET_10_P20	relative_compositional_CLR_association_not_absolute_load	0.03133015580190655	28	MICRO_SENS_DET_10_P20	03_processed/microbiome/sensitivity/MICRO_SENS_DET_10_P20_centered_log_ratio.tsv.gz	106	positive	28	9	-0.09252678410057186	0.8099745415623402	0.8888888888888888	True	LOW_CURRENT_CONCERN
Ralstonia	preprocessing_sensitivity	Model_0	CLR_genus ~ standardized_Moffitt50_contrast	62	0.029284713047661715	0.14721336818845412	-0.2651858667110864	0.32375529280640986	0.1989269956120636	0.8429924167753027	0.0009509435076672235	-0.015699874100538302	0.0009509435076672235	0.0009518486619726081	6.042620425094141e-09	0.02890121623138413	4.428609151494049	0.4935507991961524	0.09080065219490131	54.959639704601045	55.01195296411636	106_genus_tests_Moffitt50_MICRO_SENS_DET_10_P20	relative_compositional_CLR_association_not_absolute_load	0.9246150176019019	94	MICRO_SENS_DET_10_P20	03_processed/microbiome/sensitivity/MICRO_SENS_DET_10_P20_centered_log_ratio.tsv.gz	106	positive	94	7	-0.1618885070895937	0.479173989276415	0.7142857142857143	True	HIGH_RISK_POTENTIAL_CONTAMINANT
Erythrobacter	preprocessing_sensitivity	Model_0	CLR_genus ~ standardized_Moffitt50_contrast	62	-0.2569457394666695	0.047373330103381774	-0.3517065084940266	-0.16218497043931235	-5.423847952127124	1.0988358406402527e-06	0.24292267428486147	0.2303047188562759	0.24292267428486147	0.3208690394411108	0.43110373910071975	0.5181878036566956	2.9464991877928126	0.09756113908671997	0.09080065219490131	12.551188802288955	16.57847669712344	106_genus_tests_Moffitt50_MICRO_SENS_DET_10_P20	relative_compositional_CLR_association_not_absolute_load	5.8238299553933396e-05	2	MICRO_SENS_DET_10_P20	03_processed/microbiome/sensitivity/MICRO_SENS_DET_10_P20_centered_log_ratio.tsv.gz	106	negative	2	9	-0.44916835556876505	0.19176002050544386	0.8888888888888888	True	LOW_CURRENT_CONCERN
Xanthobacter	preprocessing_sensitivity	Model_0	CLR_genus ~ standardized_Moffitt50_contrast	62	-0.06328922218841376	0.18369950354455605	-0.43074293903369004	0.3041644946568625	-0.3445258205233149	0.7316555739812919	0.0024787621732479392	-0.014146591790531238	0.0024787621732479392	0.002484921703169238	0.01726247876288019	0.8692912399988499	2.016770085236809	0.15678401249829071	0.09080065219490131	98.32787248243477	98.57220954679285	106_genus_tests_Moffitt50_MICRO_SENS_DET_10_P20	relative_compositional_CLR_association_not_absolute_load	0.8714100094608644	89	MICRO_SENS_DET_10_P20	03_processed/microbiome/sensitivity/MICRO_SENS_DET_10_P20_centered_log_ratio.tsv.gz	106	negative	89	9	-0.17392530238505788	-0.029782636046835852	1.0	False	LOW_CURRENT_CONCERN
Paucibacter	preprocessing_sensitivity	Model_0	CLR_genus ~ standardized_Moffitt50_contrast	62	0.31700810020622244	0.15524738004274746	0.006467104033294591	0.6275490963791504	2.041954589629365	0.04555921586517116	0.09143918779164961	0.07629650758817719	0.09143918779164961	0.10064179146071386	0.07745782211262775	3.9580637814187564e-05	2.3168432968424213	0.17513605246550826	0.09080065219490131	60.910504298513	67.04064656989085	106_genus_tests_Moffitt50_MICRO_SENS_DET_10_P20	relative_compositional_CLR_association_not_absolute_load	0.11230876469088703	43	MICRO_SENS_DET_10_P20	03_processed/microbiome/sensitivity/MICRO_SENS_DET_10_P20_centered_log_ratio.tsv.gz	106	positive	43	8	-0.28853300527194714	0.6035809848525555	0.875	True	LOW_CURRENT_CONCERN
Streptomyces	preprocessing_sensitivity	Model_0	CLR_genus ~ standardized_Moffitt50_contrast	62	0.4400232876832307	0.10114458087559404	0.23770400284923474	0.6423425725172266	4.350438588741113	5.358595886197985e-05	0.17218634632966912	0.1583894521018303	0.17218634632966912	0.20800133649189692	0.12488477566146658	0.7474285389998507	2.8809368128759774	0.11907407947903999	0.09080065219490131	56.782568396512	68.59341851242907	106_genus_tests_Moffitt50_MICRO_SENS_DET_10_P20	relative_compositional_CLR_association_not_absolute_load	0.0007223526548800072	7	MICRO_SENS_DET_10_P20	03_processed/microbiome/sensitivity/MICRO_SENS_DET_10_P20_centered_log_ratio.tsv.gz	106	positive	7	9	-0.3855406472376602	0.8096660256382195	0.8888888888888888	True	LOW_CURRENT_CONCERN
Collimonas	preprocessing_sensitivity	Model_0	CLR_genus ~ standardized_Moffitt50_contrast	62	0.17392061779514073	0.1577679284935322	-0.14166222595417322	0.4895034615444547	1.1023825910363698	0.27469766090094716	0.024085131432305507	0.007819883622844026	0.024085131432305507	0.024679541431369058	0.06086573239963591	0.04451012321633358	2.2480558741832852	0.13301174863355186	0.09080065219490131	74.76440614101239	76.60955739996122	106_genus_tests_Moffitt50_MICRO_SENS_DET_10_P20	relative_compositional_CLR_association_not_absolute_load	0.4219993051521797	69	MICRO_SENS_DET_10_P20	03_processed/microbiome/sensitivity/MICRO_SENS_DET_10_P20_centered_log_ratio.tsv.gz	106	positive	69	9	-0.2188196156802856	0.3603269031781349	0.8888888888888888	True	LOW_CURRENT_CONCERN
Bacillus	preprocessing_sensitivity	Model_0	CLR_genus ~ standardized_Moffitt50_contrast	62	0.2599234566412948	0.16070247446196492	-0.061529353017275856	0.5813762662998654	1.6174203758313224	0.11103345118184592	0.02675354867992663	0.010532774491258778	0.02675354867992663	0.027488976346781605	9.721156584430718e-08	0.5865860517404364	6.960176852317581	0.22185960298591764	0.09080065219490131	149.92091193444236	154.04208433649617	106_genus_tests_Moffitt50_MICRO_SENS_DET_10_P20	relative_compositional_CLR_association_not_absolute_load	0.20648326009255558	57	MICRO_SENS_DET_10_P20	03_processed/microbiome/sensitivity/MICRO_SENS_DET_10_P20_centered_log_ratio.tsv.gz	106	positive	57	9	-0.2907021190413025	0.5055671603501686	0.8888888888888888	True	LOW_CURRENT_CONCERN
Polaromonas	preprocessing_sensitivity	Model_0	CLR_genus ~ standardized_Moffitt50_contrast	62	0.08445803132825801	0.13523956814078503	-0.1860613822739034	0.35497744493041944	0.6245068103170575	0.5346624230376207	0.006262860376906931	-0.010299425283477825	0.006262860376906931	0.006302330995983831	0.00785767164416905	0.18799440884265173	3.105775560661903	0.19536628545365387	0.09080065219490131	69.04155029049014	69.47667299289667	106_genus_tests_Moffitt50_MICRO_SENS_DET_10_P20	relative_compositional_CLR_association_not_absolute_load	0.7084277105248473	80	MICRO_SENS_DET_10_P20	03_processed/microbiome/sensitivity/MICRO_SENS_DET_10_P20_centered_log_ratio.tsv.gz	106	positive	80	9	-0.13711754169364163	0.18602350765886658	0.8888888888888888	True	LOW_CURRENT_CONCERN
Ochrobactrum	preprocessing_sensitivity	Model_0	CLR_genus ~ standardized_Moffitt50_contrast	62	0.8363973020221989	0.3160063301478076	0.20429052808482018	1.4685040759595775	2.6467738846591633	0.010363882814100282	0.14128010581703154	0.1269681075806488	0.14128010581703154	0.1645240861124487	0.0004316264885675765	0.0009508550568620823	2.5831194728394142	0.13744360216300489	0.09080065219490131	259.37349518212466	302.0466824387554	106_genus_tests_Moffitt50_MICRO_SENS_DET_10_P20	relative_compositional_CLR_association_not_absolute_load	0.03529961300527613	31	MICRO_SENS_DET_10_P20	03_processed/microbiome/sensitivity/MICRO_SENS_DET_10_P20_centered_log_ratio.tsv.gz	106	positive	31	8	0.29623425602014886	1.1094349812787232	1.0	False	LOW_CURRENT_CONCERN
Fusarium	preprocessing_sensitivity	Model_0	CLR_genus ~ standardized_Moffitt50_contrast	62	-0.5562749224977349	0.1876850938465709	-0.9317010069435727	-0.18084883805189716	-2.9638737477600614	0.0043519041548475985	0.10287065919327243	0.08791850351316033	0.10287065919327243	0.11466647507121752	1.0433110346092756e-07	0.5495382059878948	3.4235439876188996	0.20456785258662344	0.09080065219490131	164.61611069554476	183.4920598489363	106_genus_tests_Moffitt50_MICRO_SENS_DET_10_P20	relative_compositional_CLR_association_not_absolute_load	0.018452073616553818	25	MICRO_SENS_DET_10_P20	03_processed/microbiome/sensitivity/MICRO_SENS_DET_10_P20_centered_log_ratio.tsv.gz	106	negative	25	8	-0.9374383291812549	0.21856476146408563	0.875	True	LOW_CURRENT_CONCERN
Serratia	preprocessing_sensitivity	Model_0	CLR_genus ~ standardized_Moffitt50_contrast	62	-0.42310225594185624	0.21017877918622446	-0.8435224101816772	-0.0026821017020353666	-2.0130588710241555	0.04860166152974648	0.06697267274611263	0.051422217291881234	0.06697267274611263	0.07177996912826606	0.012110049730994806	0.23228474557580497	2.0808233523931645	0.11831945087007241	0.09080065219490131	152.13083525370556	163.05078191167394	106_genus_tests_Moffitt50_MICRO_SENS_DET_10_P20	relative_compositional_CLR_association_not_absolute_load	0.11708582095802561	44	MICRO_SENS_DET_10_P20	03_processed/microbiome/sensitivity/MICRO_SENS_DET_10_P20_centered_log_ratio.tsv.gz	106	negative	44	9	-0.5867959762309412	-0.10022395853865375	1.0	False	LOW_CURRENT_CONCERN
Candidatus Accumulibacter	preprocessing_sensitivity	Model_0	CLR_genus ~ standardized_Moffitt50_contrast	62	-0.02152578829916624	0.1521329477457052	-0.3258369923315096	0.2827854157331771	-0.1414932703147726	0.8879542878808604	0.00030606671944621855	-0.016355498835229687	0.00030606671944621855	0.0003061604249631113	0.043418128189768986	0.21571171800794017	2.924758220771473	0.1168841651881926	0.09080065219490131	92.3206625393899	92.34892747266584	106_genus_tests_Moffitt50_MICRO_SENS_DET_10_P20	relative_compositional_CLR_association_not_absolute_load	0.9246150176019019	101	MICRO_SENS_DET_10_P20	03_processed/microbiome/sensitivity/MICRO_SENS_DET_10_P20_centered_log_ratio.tsv.gz	106	negative	101	9	-0.21743076503705616	0.05941397137977953	0.7777777777777778	True	LOW_CURRENT_CONCERN
Methylibium	preprocessing_sensitivity	Model_0	CLR_genus ~ standardized_Moffitt50_contrast	62	0.345631566782591	0.13110870970326435	0.08337510031605144	0.6078880332491305	2.636221251546536	0.010656486944989019	0.07786563843335459	0.06249673240724385	0.07786563843335459	0.08444066469995327	0.2311471221826457	0.05096301606131402	2.6677029677470916	0.1263512842868273	0.09080065219490131	86.2988466901056	93.58597866745748	106_genus_tests_Moffitt50_MICRO_SENS_DET_10_P20	relative_compositional_CLR_association_not_absolute_load	0.03529961300527613	32	MICRO_SENS_DET_10_P20	03_processed/microbiome/sensitivity/MICRO_SENS_DET_10_P20_centered_log_ratio.tsv.gz	106	positive	32	9	-0.20808019394578747	0.594704326769632	0.8888888888888888	True	LOW_CURRENT_CONCERN
Novosphingobium	preprocessing_sensitivity	Model_0	CLR_genus ~ standardized_Moffitt50_contrast	62	-0.2599133455158025	0.052014230481209414	-0.3639572974611134	-0.15586939357049157	-4.996966082381982	5.34702205889512e-06	0.24948386700651093	0.2369752647899528	0.24948386700651093	0.3324163945835862	0.07647419962263498	0.6673705727487322	3.7238382671296013	0.14687274915462822	0.09080065219490131	12.396656256898412	16.517508034708637	106_genus_tests_Moffitt50_MICRO_SENS_DET_10_P20	relative_compositional_CLR_association_not_absolute_load	0.00018892811274762755	3	MICRO_SENS_DET_10_P20	03_processed/microbiome/sensitivity/MICRO_SENS_DET_10_P20_centered_log_ratio.tsv.gz	106	negative	3	8	-0.4522689530788984	0.18864235267728774	0.875	True	MODERATE_RISK_ENVIRONMENTAL
Burkholderia	preprocessing_sensitivity	Model_0	CLR_genus ~ standardized_Moffitt50_contrast	62	-0.1705914048188681	0.055563967651395645	-0.2817358882944256	-0.05944692134331059	-3.0701804070066836	0.0032114709677927423	0.11294345798192107	0.0981591822816198	0.11294345798192107	0.12732385437908106	0.003427158303309883	0.9579648182684862	4.036898019066829	0.17872547096114416	0.09080065219490131	13.942297615318127	15.717484686600697	106_genus_tests_Moffitt50_MICRO_SENS_DET_10_P20	relative_compositional_CLR_association_not_absolute_load	0.014183996774417945	24	MICRO_SENS_DET_10_P20	03_processed/microbiome/sensitivity/MICRO_SENS_DET_10_P20_centered_log_ratio.tsv.gz	106	negative	24	9	-0.3593707530521878	0.28200611747374704	0.8888888888888888	True	BIOLOGICALLY_PLAUSIBLE_BUT_CONTAMINATION_SENSITIVE
Rhizobacter	preprocessing_sensitivity	Model_0	CLR_genus ~ standardized_Moffitt50_contrast	62	0.15068157514526298	0.15460536097842112	-0.15857519169160122	0.4599383419821272	0.974620635349729	0.3336615786563337	0.018091648660129134	0.0017265094711313989	0.018091648660129134	0.01842498705244948	0.04558337871202087	0.07353409426781866	2.1566938659719668	0.15809692301695777	0.09080065219490131	75.169722423201	76.55472358558468	106_genus_tests_Moffitt50_MICRO_SENS_DET_10_P20	relative_compositional_CLR_association_not_absolute_load	0.49122399079960244	72	MICRO_SENS_DET_10_P20	03_processed/microbiome/sensitivity/MICRO_SENS_DET_10_P20_centered_log_ratio.tsv.gz	106	positive	72	9	-0.24087556655934075	0.3226817792874378	0.8888888888888888	True	LOW_CURRENT_CONCERN
Sphingomonas	preprocessing_sensitivity	Model_0	CLR_genus ~ standardized_Moffitt50_contrast	62	-0.19798562326589303	0.058274341110543824	-0.3145516608686299	-0.08141958566315617	-3.3974751064164437	0.0012127667387729266	0.1476239017821489	0.1334176334785181	0.1476239017821489	0.17319103866333316	0.9993961866179017	0.9820308992026642	2.6924212739272626	0.09548668773231414	0.09080065219490131	13.806122687831923	16.197219416050945	106_genus_tests_Moffitt50_MICRO_SENS_DET_10_P20	relative_compositional_CLR_association_not_absolute_load	0.006765961805785802	19	MICRO_SENS_DET_10_P20	03_processed/microbiome/sensitivity/MICRO_SENS_DET_10_P20_centered_log_ratio.tsv.gz	106	negative	19	9	-0.39107144070970945	0.24974664654442913	0.8888888888888888	True	BIOLOGICALLY_PLAUSIBLE_BUT_CONTAMINATION_SENSITIVE
Diaphorobacter	preprocessing_sensitivity	Model_0	CLR_genus ~ standardized_Moffitt50_contrast	62	0.04334353948299705	0.24950352752132451	-0.45573782320278333	0.5424249021687775	0.1737191450300941	0.862670970248528	0.0004382209369792056	-0.016221142047404324	0.0004382209369792056	0.0004384130587605996	6.399031512280098e-05	0.024476090964317885	1.974821344578911	0.07653099558124224	0.09080065219490131	261.3936903105436	261.50828871785336	106_genus_tests_Moffitt50_MICRO_SENS_DET_10_P20	relative_compositional_CLR_association_not_absolute_load	0.9246150176019019	98	MICRO_SENS_DET_10_P20	03_processed/microbiome/sensitivity/MICRO_SENS_DET_10_P20_centered_log_ratio.tsv.gz	106	positive	98	9	-0.05979035189504726	0.08748395255077038	0.8888888888888888	True	LOW_CURRENT_CONCERN
Fusobacterium	preprocessing_sensitivity	Model_0	CLR_genus ~ standardized_Moffitt50_contrast	62	0.4350189571546917	0.22644050496150012	-0.017929491735606207	0.8879674060449896	1.9211181198728315	0.05947151768781161	0.05001825411054095	0.0341852250123833	0.05001825411054095	0.052651805497282815	1.1403165445354523e-05	0.2295249336189632	5.140311915825925	0.15346701266274526	0.09080065219490131	219.24663302794022	230.7903641060615	106_genus_tests_Moffitt50_MICRO_SENS_DET_10_P20	relative_compositional_CLR_association_not_absolute_load	0.12360746813545158	51	MICRO_SENS_DET_10_P20	03_processed/microbiome/sensitivity/MICRO_SENS_DET_10_P20_centered_log_ratio.tsv.gz	106	positive	51	9	0.06814505347672907	0.6069006031379385	1.0	False	LOW_CURRENT_CONCERN
Alicycliphilus	preprocessing_sensitivity	Model_0	CLR_genus ~ standardized_Moffitt50_contrast	62	-0.036249762679747846	0.07403340562432474	-0.1843386227063829	0.1118390973468872	-0.48964062066378133	0.6261736987628232	0.0015077232446792932	-0.015133814701242754	0.0015077232446792932	0.0015099999066379949	7.91061070513275e-12	0.4405850877897858	6.420775609699014	0.25566052637480036	0.09080065219490131	53.083952258710774	53.164109021665396	106_genus_tests_Moffitt50_MICRO_SENS_DET_10_P20	relative_compositional_CLR_association_not_absolute_load	0.7996917116730031	83	MICRO_SENS_DET_10_P20	03_processed/microbiome/sensitivity/MICRO_SENS_DET_10_P20_centered_log_ratio.tsv.gz	106	negative	83	9	-0.194668218417088	0.33004477103611285	0.8888888888888888	True	LOW_CURRENT_CONCERN
Devosia	preprocessing_sensitivity	Model_0	CLR_genus ~ standardized_Moffitt50_contrast	62	-0.31776436144804443	0.16429168776550826	-0.6463966666604375	0.010867943764348575	-1.9341475260853491	0.05781519474016366	0.057988487407542255	0.04228829553100133	0.057988487407542255	0.06155815150067046	0.0010912626972062393	0.44180459876454636	2.9228467219008167	0.1350046231448026	0.09080065219490131	100.05865029472733	106.21807584852279	106_genus_tests_Moffitt50_MICRO_SENS_DET_10_P20	relative_compositional_CLR_association_not_absolute_load	0.12256821284914696	50	MICRO_SENS_DET_10_P20	03_processed/microbiome/sensitivity/MICRO_SENS_DET_10_P20_centered_log_ratio.tsv.gz	106	negative	50	9	-0.47662148338685567	0.015339100589214744	0.8888888888888888	True	LOW_CURRENT_CONCERN
Ottowia	preprocessing_sensitivity	Model_0	CLR_genus ~ standardized_Moffitt50_contrast	62	0.05286303985331189	0.1448384291703416	-0.23685695456008907	0.3425830342667128	0.36497937844341516	0.716410183109093	0.0026468527889602633	-0.013975699664557029	0.0026468527889602633	0.0026538772112584407	0.03525145617813387	0.000485857413352503	2.4714153308752804	0.12925638871409814	0.09080065219490131	64.2322708870376	64.40273544697212	106_genus_tests_Moffitt50_MICRO_SENS_DET_10_P20	relative_compositional_CLR_association_not_absolute_load	0.8629486296541347	88	MICRO_SENS_DET_10_P20	03_processed/microbiome/sensitivity/MICRO_SENS_DET_10_P20_centered_log_ratio.tsv.gz	106	positive	88	9	-0.20681100111315293	0.17201155233939397	0.8888888888888888	True	LOW_CURRENT_CONCERN
Thauera	preprocessing_sensitivity	Model_0	CLR_genus ~ standardized_Moffitt50_contrast	62	-0.091564191488525	0.11543366125765933	-0.32246589268935283	0.1393375097123028	-0.7932191571412145	0.43077581304904733	0.006297862068409654	-0.010263840230450016	0.006297862068409654	0.0063377765106944145	1.711416366254739e-08	0.20822399519021667	3.705079813020153	0.2158875998281907	0.09080065219490131	80.69455748034089	81.20598155128064	106_genus_tests_Moffitt50_MICRO_SENS_DET_10_P20	relative_compositional_CLR_association_not_absolute_load	0.5991155054405596	76	MICRO_SENS_DET_10_P20	03_processed/microbiome/sensitivity/MICRO_SENS_DET_10_P20_centered_log_ratio.tsv.gz	106	negative	76	9	-0.20375566760429745	0.16382083954361717	0.8888888888888888	True	LOW_CURRENT_CONCERN
Dickeya	preprocessing_sensitivity	Model_0	CLR_genus ~ standardized_Moffitt50_contrast	62	0.19062180473582718	0.18512568760345532	-0.17968470497625677	0.5609283144479111	1.0296885710649983	0.3072892865196382	0.01632082548228042	-7.382742634809425e-05	0.01632082548228042	0.016591614324133915	0.20252197900902175	0.44609939318319924	2.422460875401169	0.1781990855257734	0.09080065219490131	133.59381284925672	135.8103498681421	106_genus_tests_Moffitt50_MICRO_SENS_DET_10_P20	relative_compositional_CLR_association_not_absolute_load	0.4587699207194599	71	MICRO_SENS_DET_10_P20	03_processed/microbiome/sensitivity/MICRO_SENS_DET_10_P20_centered_log_ratio.tsv.gz	106	positive	71	9	-0.030285564141239733	0.2811914149858607	0.8888888888888888	True	LOW_CURRENT_CONCERN
Rhizobium	preprocessing_sensitivity	Model_0	CLR_genus ~ standardized_Moffitt50_contrast	62	-0.30754530687767817	0.09747489866173671	-0.5025241343718108	-0.11256647938354553	-3.1551231250307885	0.002507875992196844	0.14642834328784238	0.1322021490093065	0.14642834328784238	0.17154780402604336	0.6023682452032821	0.36256539860556747	2.8736329565204497	0.12983233174448258	0.09080065219490131	33.63278880477939	39.40241986751097	106_genus_tests_Moffitt50_MICRO_SENS_DET_10_P20	relative_compositional_CLR_association_not_absolute_load	0.011558037181428933	23	MICRO_SENS_DET_10_P20	03_processed/microbiome/sensitivity/MICRO_SENS_DET_10_P20_centered_log_ratio.tsv.gz	106	negative	23	9	-0.500609013719891	0.14021188641999227	0.8888888888888888	True	BIOLOGICALLY_PLAUSIBLE_BUT_CONTAMINATION_SENSITIVE
Sinorhizobium	preprocessing_sensitivity	Model_0	CLR_genus ~ standardized_Moffitt50_contrast	62	0.2501573000596647	0.16336598998755789	-0.07662333390365078	0.5769379340229801	1.5312691465262562	0.13095878149496476	0.025617062797797185	0.009377347177760509	0.025617062797797185	0.02629054945415281	3.328664486957441e-07	0.02047167110078422	2.579498048106406	0.09401864599508779	0.09080065219490131	145.19662922292704	149.01392838408864	106_genus_tests_Moffitt50_MICRO_SENS_DET_10_P20	relative_compositional_CLR_association_not_absolute_load	0.2352818786180723	59	MICRO_SENS_DET_10_P20	03_processed/microbiome/sensitivity/MICRO_SENS_DET_10_P20_centered_log_ratio.tsv.gz	106	positive	59	9	0.21739330610018118	0.3334367165483815	1.0	False	LOW_CURRENT_CONCERN
Stenotrophomonas	preprocessing_sensitivity	Model_0	CLR_genus ~ standardized_Moffitt50_contrast	62	-0.05283716822368403	0.06725904253588871	-0.1873752845189867	0.08170094807161862	-0.785577168980523	0.4352065464049347	0.006272296217934015	-0.010289832178433711	0.006272296217934015	0.006311886238113363	0.0791391110402928	0.28164085513194087	2.5680555763324975	0.10776422985773344	0.09080065219490131	26.98048422854043	27.1507819756402	106_genus_tests_Moffitt50_MICRO_SENS_DET_10_P20	relative_compositional_CLR_association_not_absolute_load	0.5991155054405596	77	MICRO_SENS_DET_10_P20	03_processed/microbiome/sensitivity/MICRO_SENS_DET_10_P20_centered_log_ratio.tsv.gz	106	negative	77	9	-0.2430872508961397	0.3980946401662395	0.8888888888888888	True	BIOLOGICALLY_PLAUSIBLE_BUT_CONTAMINATION_SENSITIVE
Corynebacterium	preprocessing_sensitivity	Model_0	CLR_genus ~ standardized_Moffitt50_contrast	62	0.1937444947381165	0.17295283901112846	-0.15221269244702668	0.5397016819232596	1.120215752721181	0.2670858997112275	0.0215977889472162	0.005291085429669828	0.0215977889472162	0.022074550428475087	0.04268665280707029	0.44297389781959373	2.2851553603274537	0.16013352719067772	0.09080065219490131	103.72816837833756	106.01792106205855	106_genus_tests_Moffitt50_MICRO_SENS_DET_10_P20	relative_compositional_CLR_association_not_absolute_load	0.41633978484397227	68	MICRO_SENS_DET_10_P20	03_processed/microbiome/sensitivity/MICRO_SENS_DET_10_P20_centered_log_ratio.tsv.gz	106	positive	68	9	-0.27168729937554625	0.40399767435545403	0.8888888888888888	True	LOW_CURRENT_CONCERN
Leptothrix	preprocessing_sensitivity	Model_0	CLR_genus ~ standardized_Moffitt50_contrast	62	0.1091611854734247	0.17398291801961557	-0.2388564665088979	0.4571788374557473	0.6274247306342879	0.5327614253997699	0.008355254616062568	-0.008172157807003089	0.008355254616062568	0.008425653092960872	0.008907967265246636	0.13186302012817294	2.1017538748842837	0.17637902733974026	0.09080065219490131	86.27058593938675	86.9974719686385	106_genus_tests_Moffitt50_MICRO_SENS_DET_10_P20	relative_compositional_CLR_association_not_absolute_load	0.7084277105248473	79	MICRO_SENS_DET_10_P20	03_processed/microbiome/sensitivity/MICRO_SENS_DET_10_P20_centered_log_ratio.tsv.gz	106	positive	79	9	-0.13843812944432018	0.2232670673173095	0.8888888888888888	True	LOW_CURRENT_CONCERN
Altererythrobacter	preprocessing_sensitivity	Model_0	CLR_genus ~ standardized_Moffitt50_contrast	62	0.020134997119757074	0.10972536722383341	-0.19934841595779176	0.23961841019730593	0.18350357469009734	0.8550216405831169	0.00039647253086350087	-0.016263586260288676	0.00039647253086350087	0.0003966297836776514	8.266565886957226e-07	0.0361435438040905	2.577861075685327	0.1079788656465707	0.09080065219490131	62.35160763886479	62.37633814351456	106_genus_tests_Moffitt50_MICRO_SENS_DET_10_P20	relative_compositional_CLR_association_not_absolute_load	0.9246150176019019	96	MICRO_SENS_DET_10_P20	03_processed/microbiome/sensitivity/MICRO_SENS_DET_10_P20_centered_log_ratio.tsv.gz	106	positive	96	9	-0.025842758457895597	0.13441345874383576	0.8888888888888888	True	LOW_CURRENT_CONCERN
Roseolovirus	preprocessing_sensitivity	Model_0	CLR_genus ~ standardized_Moffitt50_contrast	62	-0.9390927715882018	0.2104267129439409	-1.3600088671835868	-0.5181766759928169	-4.462802077027086	3.623535633611607e-05	0.21931614798905397	0.2063047504555382	0.21931614798905397	0.2809282495393269	9.325954264190223e-05	0.0008477188088824731	2.471451758283624	0.1118466089465273	0.09080065219490131	191.4923448988031	245.28795415140485	106_genus_tests_Moffitt50_MICRO_SENS_DET_10_P20	relative_compositional_CLR_association_not_absolute_load	0.0006401579619380506	6	MICRO_SENS_DET_10_P20	03_processed/microbiome/sensitivity/MICRO_SENS_DET_10_P20_centered_log_ratio.tsv.gz	106	negative	6	8	-1.4070681167254238	0.07664365012380091	0.875	True	LOW_CURRENT_CONCERN
Janibacter	preprocessing_sensitivity	Model_0	CLR_genus ~ standardized_Moffitt50_contrast	62	0.26461694730030716	0.1810117179279085	-0.09746039782994775	0.6266942924305621	1.4618774426841035	0.1489928719325135	0.040814073375726845	0.02482764126532233	0.040814073375726845	0.04255074250241195	0.005486531445812558	0.026717373886156043	3.436637456242576	0.1391833067650138	0.09080065219490131	100.38249876529008	104.65384862200061	106_genus_tests_Moffitt50_MICRO_SENS_DET_10_P20	relative_compositional_CLR_association_not_absolute_load	0.2589056463089579	61	MICRO_SENS_DET_10_P20	03_processed/microbiome/sensitivity/MICRO_SENS_DET_10_P20_centered_log_ratio.tsv.gz	106	positive	61	8	-0.2104935493871246	0.4826706433361536	0.875	True	LOW_CURRENT_CONCERN
Lactobacillus	preprocessing_sensitivity	Model_0	CLR_genus ~ standardized_Moffitt50_contrast	62	0.1412192523974821	0.1904308274700902	-0.2396991170353127	0.5221376218302769	0.7415776861005475	0.46123616002609646	0.009917312435728132	-0.006584065690343088	0.009917312435728132	0.01001665069018222	4.9437004193548274e-05	0.12668877843183862	4.593948614224525	0.15387283962594894	0.09080065219490131	121.44932969483256	122.66584520694249	106_genus_tests_Moffitt50_MICRO_SENS_DET_10_P20	relative_compositional_CLR_association_not_absolute_load	0.6268081149072593	78	MICRO_SENS_DET_10_P20	03_processed/microbiome/sensitivity/MICRO_SENS_DET_10_P20_centered_log_ratio.tsv.gz	106	positive	78	9	-0.30725411039006767	0.32572207484052784	0.8888888888888888	True	LOW_CURRENT_CONCERN
Acinetobacter	preprocessing_sensitivity	Model_0	CLR_genus ~ standardized_Moffitt50_contrast	62	-0.10675799338938279	0.06283740753527056	-0.2324515228232069	0.018935536044441356	-1.6989560450828538	0.0945075436229656	0.0465102967640566	0.03061880171012432	0.0465102967640566	0.04877902362889756	0.3690604546226166	0.6151670667501079	2.19898807379331	0.12564550552662235	0.09080065219490131	14.252712879072494	14.947946297376664	106_genus_tests_Moffitt50_MICRO_SENS_DET_10_P20	relative_compositional_CLR_association_not_absolute_load	0.18214181134607915	55	MICRO_SENS_DET_10_P20	03_processed/microbiome/sensitivity/MICRO_SENS_DET_10_P20_centered_log_ratio.tsv.gz	106	negative	55	9	-0.2999014566621953	0.3409093251196318	0.8888888888888888	True	BIOLOGICALLY_PLAUSIBLE_BUT_CONTAMINATION_SENSITIVE
Paracoccus	preprocessing_sensitivity	Model_0	CLR_genus ~ standardized_Moffitt50_contrast	62	0.30456018322726325	0.19047888983557223	-0.07645432525052603	0.6855746917050525	1.5989183026537472	0.11509204108226843	0.037241294923333834	0.021195316505389417	0.037241294923333834	0.03868185738229003	0.00011176998658230138	0.013410481557330727	2.19469530289617	0.17543404212391328	0.09080065219490131	146.27454834274218	151.93271956039501	106_genus_tests_Moffitt50_MICRO_SENS_DET_10_P20	relative_compositional_CLR_association_not_absolute_load	0.21034062680552507	58	MICRO_SENS_DET_10_P20	03_processed/microbiome/sensitivity/MICRO_SENS_DET_10_P20_centered_log_ratio.tsv.gz	106	positive	58	9	0.14074699964343015	0.3831964909827919	1.0	False	LOW_CURRENT_CONCERN
Delftia	preprocessing_sensitivity	Model_0	CLR_genus ~ standardized_Moffitt50_contrast	62	-0.01820513380824541	0.11319634902020687	-0.2446315442133312	0.2082212765968404	-0.16082792392001602	0.872769216969661	0.0001776790125807004	-0.016486026337209525	0.0001776790125807004	0.00017771058802250537	4.3250824429497974e-08	0.8074941495534841	5.415628204638419	0.21628092062562454	0.09080065219490131	113.76385020445414	113.78406724516968	106_genus_tests_Moffitt50_MICRO_SENS_DET_10_P20	relative_compositional_CLR_association_not_absolute_load	0.9246150176019019	99	MICRO_SENS_DET_10_P20	03_processed/microbiome/sensitivity/MICRO_SENS_DET_10_P20_centered_log_ratio.tsv.gz	106	negative	99	7	-0.2105480408070087	0.4303661368109584	0.7142857142857143	True	HIGH_RISK_POTENTIAL_CONTAMINANT
Sphingorhabdus	preprocessing_sensitivity	Model_0	CLR_genus ~ standardized_Moffitt50_contrast	62	0.229848743325829	0.13309219219340107	-0.03637527884573444	0.49607276549739243	1.7269889355479808	0.08931502894391437	0.052106773064233836	0.03630855261530441	0.052106773064233836	0.054971141879215944	0.3696164430948356	0.4843453113793219	2.865843792645769	0.2056688135573259	0.09080065219490131	58.62452594485153	61.847183078167745	106_genus_tests_Moffitt50_MICRO_SENS_DET_10_P20	relative_compositional_CLR_association_not_absolute_load	0.17532209385286895	54	MICRO_SENS_DET_10_P20	03_processed/microbiome/sensitivity/MICRO_SENS_DET_10_P20_centered_log_ratio.tsv.gz	106	positive	54	9	-0.351892084151617	0.5011679943879076	0.8888888888888888	True	LOW_CURRENT_CONCERN
Klebsiella	preprocessing_sensitivity	Model_0	CLR_genus ~ standardized_Moffitt50_contrast	62	-0.7048732725035584	0.18294447340968947	-1.070816704214506	-0.3389298407926108	-3.8529355895056265	0.00028651803048958523	0.23011211313021884	0.21728064834905592	0.23011211313021884	0.2988904190528458	0.24418586854035026	0.5873777421790395	2.886565296006671	0.16740125809910916	0.09080065219490131	101.40046055582592	131.70808670350831	106_genus_tests_Moffitt50_MICRO_SENS_DET_10_P20	relative_compositional_CLR_association_not_absolute_load	0.0025309092693246694	12	MICRO_SENS_DET_10_P20	03_processed/microbiome/sensitivity/MICRO_SENS_DET_10_P20_centered_log_ratio.tsv.gz	106	negative	12	9	-0.9000886543866474	-0.2595436216423461	1.0	False	LOW_CURRENT_CONCERN
Herbaspirillum	preprocessing_sensitivity	Model_0	CLR_genus ~ standardized_Moffitt50_contrast	62	0.3645295634350225	0.13458798049213105	0.09531351918731507	0.6337456076827299	2.708485275595137	0.008794683132649488	0.10647782968480413	0.0915857935128842	0.10647782968480413	0.11916641043975816	0.036976661966414436	0.31886910761993825	3.1513608346381767	0.23493599924876812	0.09080065219490131	68.0207613017216	76.12655126142738	106_genus_tests_Moffitt50_MICRO_SENS_DET_10_P20	relative_compositional_CLR_association_not_absolute_load	0.032146083174511925	29	MICRO_SENS_DET_10_P20	03_processed/microbiome/sensitivity/MICRO_SENS_DET_10_P20_centered_log_ratio.tsv.gz	106	positive	29	8	-0.4180183650526207	0.7134656317250663	0.875	True	MODERATE_RISK_ENVIRONMENTAL
Melaminivora	preprocessing_sensitivity	Model_0	CLR_genus ~ standardized_Moffitt50_contrast	62	0.011396363294521017	0.13927431595184284	-0.26719374756647607	0.28998647415551815	0.08182674039096742	0.935056849389809	0.00010511393021872539	-0.016559800837610883	0.00010511393021872539	0.00010512498031857085	1.145619003015762e-06	0.014769935955220933	2.0815745333533515	0.15902077147553717	0.09080065219490131	75.36270497035417	75.37062747323095	106_genus_tests_Moffitt50_MICRO_SENS_DET_10_P20	relative_compositional_CLR_association_not_absolute_load	0.9531411270797159	103	MICRO_SENS_DET_10_P20	03_processed/microbiome/sensitivity/MICRO_SENS_DET_10_P20_centered_log_ratio.tsv.gz	106	positive	103	9	-0.014138444892149504	0.08689498779858233	0.8888888888888888	True	LOW_CURRENT_CONCERN
Lysobacter	preprocessing_sensitivity	Model_0	CLR_genus ~ standardized_Moffitt50_contrast	62	-0.1064078828104997	0.3501801445702382	-0.8068724633069859	0.5940566976859865	-0.3038661227954251	0.7622811877166227	0.001493245510193475	-0.015148533731303315	0.001493245510193475	0.0014954786269387415	0.0007489991065473679	0.513285887817268	1.806572488324174	0.08229692801647605	0.09080065219490131	461.84604482836085	462.53672571733784	122_genus_tests_Moffitt50_MICRO_SENS_PSEUDO_0.1	relative_compositional_CLR_association_not_absolute_load	0.8773424990700752	106	MICRO_SENS_PSEUDO_0.1	03_processed/microbiome/sensitivity/MICRO_SENS_PSEUDO_0.1_centered_log_ratio.tsv.gz	122	negative	106	9	-0.1064078828104997	0.06822276164190187	0.8888888888888888	True	LOW_CURRENT_CONCERN
Brevundimonas	preprocessing_sensitivity	Model_0	CLR_genus ~ standardized_Moffitt50_contrast	62	-0.47476939770179627	0.10424816226143258	-0.683296769622329	-0.26624202578126355	-4.554223186315496	2.6274900220115614e-05	0.2663760783873005	0.2541490130270889	0.2663760783873005	0.3630962275626664	0.7906147417830592	0.8952193597042581	2.57126297212851	0.22150374540573656	0.09080065219490131	37.86810161300454	51.61786645364622	122_genus_tests_Moffitt50_MICRO_SENS_PSEUDO_0.1	relative_compositional_CLR_association_not_absolute_load	0.0004579339752648721	7	MICRO_SENS_PSEUDO_0.1	03_processed/microbiome/sensitivity/MICRO_SENS_PSEUDO_0.1_centered_log_ratio.tsv.gz	122	negative	7	7	-0.47476939770179627	0.16603946550957993	0.8571428571428571	True	HIGH_RISK_POTENTIAL_CONTAMINANT
Paraburkholderia	preprocessing_sensitivity	Model_0	CLR_genus ~ standardized_Moffitt50_contrast	62	-0.2295738398272358	0.26425986095519227	-0.758172264141698	0.29902458448722646	-0.8687427557004663	0.38844966141884796	0.009256320776864335	-0.007256073876854563	0.009256320776864335	0.009342800737444446	5.981729579518842e-07	0.4471040014163946	4.070795756741988	0.1796966354324283	0.09080065219490131	344.1101993141341	347.3251523380484	122_genus_tests_Moffitt50_MICRO_SENS_PSEUDO_0.1	relative_compositional_CLR_association_not_absolute_load	0.5447225137137868	87	MICRO_SENS_PSEUDO_0.1	03_processed/microbiome/sensitivity/MICRO_SENS_PSEUDO_0.1_centered_log_ratio.tsv.gz	122	negative	87	6	-0.2295738398272358	-0.17552355289460428	1.0	False	MODERATE_RISK_ENVIRONMENTAL
Aerococcus	preprocessing_sensitivity	Model_0	CLR_genus ~ standardized_Moffitt50_contrast	62	0.46464313098629384	0.2335132296553586	-0.0024528737048356564	0.9317391356774234	1.9897936047223497	0.0511768492832248	0.07023297936914097	0.05473686235862674	0.07023297936914097	0.0755382561552753	0.076183319389175	0.13802464909536105	2.5480099416891253	0.13331182317918752	0.09080065219490131	174.3419594234012	187.51144701293867	122_genus_tests_Moffitt50_MICRO_SENS_PSEUDO_0.1	relative_compositional_CLR_association_not_absolute_load	0.11562177060284122	54	MICRO_SENS_PSEUDO_0.1	03_processed/microbiome/sensitivity/MICRO_SENS_PSEUDO_0.1_centered_log_ratio.tsv.gz	122	positive	54	8	-0.43998823998597864	0.46464313098629384	0.875	True	LOW_CURRENT_CONCERN
Acidovorax	preprocessing_sensitivity	Model_0	CLR_genus ~ standardized_Moffitt50_contrast	62	-0.3848994900514588	0.11196222135772466	-0.6088572775811939	-0.1609417025217237	-3.437762178920035	0.0010716818732985477	0.18139686875086913	0.16775348323005035	0.18139686875086913	0.22159317723848704	0.273945742580868	0.3153286105440362	2.6665069059884607	0.16488196643950598	0.09080065219490131	40.78196258826248	49.818967252216694	122_genus_tests_Moffitt50_MICRO_SENS_PSEUDO_0.1	relative_compositional_CLR_association_not_absolute_load	0.004508454777324925	29	MICRO_SENS_PSEUDO_0.1	03_processed/microbiome/sensitivity/MICRO_SENS_PSEUDO_0.1_centered_log_ratio.tsv.gz	122	negative	29	9	-0.3848994900514588	0.25608410912850155	0.8888888888888888	True	LOW_CURRENT_CONCERN
Cupriavidus	preprocessing_sensitivity	Model_0	CLR_genus ~ standardized_Moffitt50_contrast	62	-0.47525427738843407	0.1138352590832738	-0.7029586982011357	-0.24754985657573247	-4.174930344215862	9.786017932127877e-05	0.16492872027613237	0.15101086561406796	0.16492872027613237	0.1975025656859726	2.4920846173970865e-07	0.5744768223012984	6.910107707094746	0.264078770438446	0.09080065219490131	69.76043207784363	83.5382963965798	122_genus_tests_Moffitt50_MICRO_SENS_PSEUDO_0.1	relative_compositional_CLR_association_not_absolute_load	0.0008527815626568579	14	MICRO_SENS_PSEUDO_0.1	03_processed/microbiome/sensitivity/MICRO_SENS_PSEUDO_0.1_centered_log_ratio.tsv.gz	122	negative	14	9	-0.47525427738843407	0.11145600631722874	0.8888888888888888	True	BIOLOGICALLY_PLAUSIBLE_BUT_CONTAMINATION_SENSITIVE
Staphylococcus	preprocessing_sensitivity	Model_0	CLR_genus ~ standardized_Moffitt50_contrast	62	-0.6117666435337625	0.23837273188925037	-1.0885830999594193	-0.13495018710810586	-2.5664287969732777	0.01278889500085453	0.07794181124997823	0.06257417477081129	0.07794181124997823	0.08453025221286653	0.00044156265735493383	0.10678574858532633	2.319288079490972	0.11989382214340576	0.09080065219490131	270.07803001798567	292.90779401256015	122_genus_tests_Moffitt50_MICRO_SENS_PSEUDO_0.1	relative_compositional_CLR_association_not_absolute_load	0.037148695002482204	42	MICRO_SENS_PSEUDO_0.1	03_processed/microbiome/sensitivity/MICRO_SENS_PSEUDO_0.1_centered_log_ratio.tsv.gz	122	negative	42	9	-0.6117666435337625	-0.0967237405855739	1.0	False	LOW_CURRENT_CONCERN
Luteimonas	preprocessing_sensitivity	Model_0	CLR_genus ~ standardized_Moffitt50_contrast	62	0.19972120534171772	0.2604837360729047	-0.32132384459505087	0.7207662552784864	0.7667319593643243	0.4462473117435476	0.013570184112853823	-0.0028703128185985083	0.013570184112853823	0.013756867335411462	0.0005842029022320475	0.0006830884892895197	3.400507058874656	0.24477868066988848	0.09080065219490131	176.8718191669167	179.30502131856883	122_genus_tests_Moffitt50_MICRO_SENS_PSEUDO_0.1	relative_compositional_CLR_association_not_absolute_load	0.5897732635920131	92	MICRO_SENS_PSEUDO_0.1	03_processed/microbiome/sensitivity/MICRO_SENS_PSEUDO_0.1_centered_log_ratio.tsv.gz	122	positive	92	6	-0.24135337341528235	0.19972120534171772	0.8333333333333334	True	LOW_CURRENT_CONCERN
Rhodopseudomonas	preprocessing_sensitivity	Model_0	CLR_genus ~ standardized_Moffitt50_contrast	62	0.45682013834174473	0.29830586986478247	-0.1398804434428489	1.0535207201263384	1.5313816605379384	0.13093101572826443	0.03628174353511748	0.02021977259403618	0.03628174353511748	0.037647666516359674	0.000315960386934803	0.037335677057011574	2.0188478115514155	0.15019117777836466	0.09080065219490131	338.12887077442736	350.8586337408962	122_genus_tests_Moffitt50_MICRO_SENS_PSEUDO_0.1	relative_compositional_CLR_association_not_absolute_load	0.24958724873200405	64	MICRO_SENS_PSEUDO_0.1	03_processed/microbiome/sensitivity/MICRO_SENS_PSEUDO_0.1_centered_log_ratio.tsv.gz	122	positive	64	9	0.3285600369017634	0.45682013834174473	1.0	False	LOW_CURRENT_CONCERN
Rhodoferax	preprocessing_sensitivity	Model_0	CLR_genus ~ standardized_Moffitt50_contrast	62	0.07289599979546624	0.2065110948792055	-0.3401876935131887	0.4859796931041212	0.3529882974960996	0.7253343383798068	0.0013756890394348575	-0.015268049476574452	0.0013756890394348575	0.0013775841668741253	0.00014290961905366877	0.004649145887008413	2.739573885649553	0.0559912207622081	0.09080065219490131	235.29846070495037	235.62260413890735	122_genus_tests_Moffitt50_MICRO_SENS_PSEUDO_0.1	relative_compositional_CLR_association_not_absolute_load	0.8640157328861446	101	MICRO_SENS_PSEUDO_0.1	03_processed/microbiome/sensitivity/MICRO_SENS_PSEUDO_0.1_centered_log_ratio.tsv.gz	122	positive	101	9	-0.11760221629835572	0.07289599979546624	0.8888888888888888	True	LOW_CURRENT_CONCERN
Blastomonas	preprocessing_sensitivity	Model_0	CLR_genus ~ standardized_Moffitt50_contrast	62	-0.30810806699131943	0.08251945371132774	-0.4731715505238948	-0.14304458345874402	-3.7337628054246843	0.00042177822762780174	0.1763032653883937	0.16257498647820035	0.1763032653883937	0.21403904857231845	0.05015891806702987	0.7143080752112259	3.327379817938514	0.16291042604522252	0.09080065219490131	27.054714904959017	32.845480342611765	122_genus_tests_Moffitt50_MICRO_SENS_PSEUDO_0.1	relative_compositional_CLR_association_not_absolute_load	0.0020582777508236726	25	MICRO_SENS_PSEUDO_0.1	03_processed/microbiome/sensitivity/MICRO_SENS_PSEUDO_0.1_centered_log_ratio.tsv.gz	122	negative	25	9	-0.30810806699131943	0.33320041136407413	0.8888888888888888	True	LOW_CURRENT_CONCERN
Aeromonas	preprocessing_sensitivity	Model_0	CLR_genus ~ standardized_Moffitt50_contrast	62	0.6878998899726578	0.25724110408398904	0.173341069740911	1.2024587102044046	2.674144524539356	0.009638785063216509	0.10580112080025816	0.09089780614692922	0.10580112080025816	0.11831945136740081	0.042880152598898366	0.9023214171472986	3.602449818049447	0.18812147125560236	0.09080065219490131	243.96311377793566	272.8286955540237	122_genus_tests_Moffitt50_MICRO_SENS_PSEUDO_0.1	relative_compositional_CLR_association_not_absolute_load	0.029398294442810353	40	MICRO_SENS_PSEUDO_0.1	03_processed/microbiome/sensitivity/MICRO_SENS_PSEUDO_0.1_centered_log_ratio.tsv.gz	122	positive	40	9	-0.36993610811046285	0.6878998899726578	0.8888888888888888	True	LOW_CURRENT_CONCERN
Achromobacter	preprocessing_sensitivity	Model_0	CLR_genus ~ standardized_Moffitt50_contrast	62	-0.4029494350455562	0.16119055042479924	-0.7253785419895619	-0.08052032810155052	-2.499832862308796	0.015177247672460908	0.08575925608368307	0.07052191035174449	0.08575925608368307	0.093803800207282	0.00013908066074499014	0.3872484414711006	5.696485127795953	0.324250812432036	0.09080065219490131	105.58701307973904	115.49147615915453	122_genus_tests_Moffitt50_MICRO_SENS_PSEUDO_0.1	relative_compositional_CLR_association_not_absolute_load	0.04306102828000537	43	MICRO_SENS_PSEUDO_0.1	03_processed/microbiome/sensitivity/MICRO_SENS_PSEUDO_0.1_centered_log_ratio.tsv.gz	122	negative	43	9	-0.4029494350455562	0.1319766261892544	0.8888888888888888	True	LOW_CURRENT_CONCERN
Azoarcus	preprocessing_sensitivity	Model_0	CLR_genus ~ standardized_Moffitt50_contrast	62	-0.3942746859776195	0.10557953727302512	-0.605465204434125	-0.18308416752111398	-3.7343854326434345	0.00042093381269505824	0.20269944530564077	0.18941110272740147	0.20269944530564077	0.2542321639088091	0.5199152841038475	0.658820598642176	3.1264726355875827	0.10726459808540934	0.09080065219490131	37.298994990929096	46.78159919909685	122_genus_tests_Moffitt50_MICRO_SENS_PSEUDO_0.1	relative_compositional_CLR_association_not_absolute_load	0.0020582777508236726	24	MICRO_SENS_PSEUDO_0.1	03_processed/microbiome/sensitivity/MICRO_SENS_PSEUDO_0.1_centered_log_ratio.tsv.gz	122	negative	24	9	-0.3942746859776195	0.24674330221477256	0.8888888888888888	True	LOW_CURRENT_CONCERN
Enterobacter	preprocessing_sensitivity	Model_0	CLR_genus ~ standardized_Moffitt50_contrast	62	0.35951297607592725	0.29653097671425865	-0.23363729080536555	0.95266324295722	1.2123960203400905	0.23011322360312203	0.020223813104644495	0.0038942099897220084	0.020223813104644495	0.020641258049686084	0.006489803570233973	0.0006725991428330804	2.1982262791739005	0.08002014087134089	0.09080065219490131	381.9643337148767	389.8485580928618	122_genus_tests_Moffitt50_MICRO_SENS_PSEUDO_0.1	relative_compositional_CLR_association_not_absolute_load	0.40105447542258416	70	MICRO_SENS_PSEUDO_0.1	03_processed/microbiome/sensitivity/MICRO_SENS_PSEUDO_0.1_centered_log_ratio.tsv.gz	122	positive	70	9	0.03969291725914792	0.35951297607592725	1.0	False	LOW_CURRENT_CONCERN
Methyloversatilis	preprocessing_sensitivity	Model_0	CLR_genus ~ standardized_Moffitt50_contrast	62	-0.2700977226113444	0.07056484342807098	-0.41124842523129207	-0.12894701999139674	-3.82765282950941	0.00031117353376614525	0.15414945512524503	0.14005194604399918	0.15414945512524503	0.1822419528594971	0.08437077818352616	0.6976073210811176	3.8009789955467967	0.09863218278308855	0.09080065219490131	24.41874384862856	28.868863413978463	122_genus_tests_Moffitt50_MICRO_SENS_PSEUDO_0.1	relative_compositional_CLR_association_not_absolute_load	0.0017255986872486235	22	MICRO_SENS_PSEUDO_0.1	03_processed/microbiome/sensitivity/MICRO_SENS_PSEUDO_0.1_centered_log_ratio.tsv.gz	122	negative	22	9	-0.2700977226113444	0.37082864023250756	0.8888888888888888	True	LOW_CURRENT_CONCERN
Mycobacterium	preprocessing_sensitivity	Model_0	CLR_genus ~ standardized_Moffitt50_contrast	62	-0.2483434173588759	0.31786510939584145	-0.884168303377702	0.38748146865995026	-0.7812855516948566	0.437706553237469	0.011385583393770937	-0.005091323549666127	0.011385583393770937	0.011516707831204814	6.725680236334305e-06	0.0956922388852264	2.6854476753694034	0.12892983543964848	0.09080065219490131	326.66814898968136	330.430290619356	122_genus_tests_Moffitt50_MICRO_SENS_PSEUDO_0.1	relative_compositional_CLR_association_not_absolute_load	0.5868153790656178	91	MICRO_SENS_PSEUDO_0.1	03_processed/microbiome/sensitivity/MICRO_SENS_PSEUDO_0.1_centered_log_ratio.tsv.gz	122	negative	91	8	-0.2483434173588759	-0.01002275332773586	1.0	False	LOW_CURRENT_CONCERN
Rubrivivax	preprocessing_sensitivity	Model_0	CLR_genus ~ standardized_Moffitt50_contrast	62	0.6890998729537884	0.2050743401640671	0.2788901169725935	1.0993096289349833	3.360244252901084	0.0013586310795664837	0.12050800945739193	0.10584980961501522	0.12050800945739193	0.13702001923069676	0.025090371514082825	0.06468412939628249	2.0201974546391166	0.15037906056636544	0.09080065219490131	211.40251542682026	240.36889215602076	122_genus_tests_Moffitt50_MICRO_SENS_PSEUDO_0.1	relative_compositional_CLR_association_not_absolute_load	0.005525099723570367	30	MICRO_SENS_PSEUDO_0.1	03_processed/microbiome/sensitivity/MICRO_SENS_PSEUDO_0.1_centered_log_ratio.tsv.gz	122	positive	30	9	-0.14255031101523494	0.6890998729537884	0.8888888888888888	True	LOW_CURRENT_CONCERN
Mesorhizobium	preprocessing_sensitivity	Model_0	CLR_genus ~ standardized_Moffitt50_contrast	62	0.5796558786667678	0.2577745490270869	0.06403000967717776	1.0952817476563579	2.248693212167574	0.028216487257410282	0.07289220826146425	0.057440411732488705	0.07289220826146425	0.07862322904737426	0.4534989262425384	0.658223673184025	2.330286513318773	0.14502793572184564	0.09080065219490131	260.6870443555504	281.18310155359995	122_genus_tests_Moffitt50_MICRO_SENS_PSEUDO_0.1	relative_compositional_CLR_association_not_absolute_load	0.07324279671072456	47	MICRO_SENS_PSEUDO_0.1	03_processed/microbiome/sensitivity/MICRO_SENS_PSEUDO_0.1_centered_log_ratio.tsv.gz	122	positive	47	8	-0.2155946253935093	0.5796558786667678	0.875	True	MODERATE_RISK_ENVIRONMENTAL
Nocardioides	preprocessing_sensitivity	Model_0	CLR_genus ~ standardized_Moffitt50_contrast	62	0.9216275608468687	0.24313448958809397	0.4352861708672556	1.4079689508264819	3.7906080803601454	0.0003510070470772426	0.16333781182235285	0.1493934420193921	0.16333781182235285	0.19522552128012696	0.060637214646324204	0.27507981873665077	2.7594696591697914	0.1640263585442576	0.09080065219490131	265.4019754995002	317.21521451516566	122_genus_tests_Moffitt50_MICRO_SENS_PSEUDO_0.1	relative_compositional_CLR_association_not_absolute_load	0.001861863467105374	23	MICRO_SENS_PSEUDO_0.1	03_processed/microbiome/sensitivity/MICRO_SENS_PSEUDO_0.1_centered_log_ratio.tsv.gz	122	positive	23	9	0.0014533719312191237	0.9216275608468687	1.0	False	LOW_CURRENT_CONCERN
Comamonas	preprocessing_sensitivity	Model_0	CLR_genus ~ standardized_Moffitt50_contrast	62	-0.3690210376262675	0.08223402075464983	-0.533513570237269	-0.20452850501526595	-4.487449771272452	3.323639811075858e-05	0.2097625723079488	0.19659194851308137	0.2097625723079488	0.265442466981824	0.09035547009261505	0.8335344458744482	3.964655594154189	0.1379719235880464	0.09080065219490131	31.29404346375957	39.60081156261634	122_genus_tests_Moffitt50_MICRO_SENS_PSEUDO_0.1	relative_compositional_CLR_association_not_absolute_load	0.0004608354546557455	8	MICRO_SENS_PSEUDO_0.1	03_processed/microbiome/sensitivity/MICRO_SENS_PSEUDO_0.1_centered_log_ratio.tsv.gz	122	negative	8	7	-0.3690210376262675	0.2717895009042564	0.8571428571428571	True	HIGH_RISK_POTENTIAL_CONTAMINANT
Dechloromonas	preprocessing_sensitivity	Model_0	CLR_genus ~ standardized_Moffitt50_contrast	62	-0.610176916443837	0.13841832685958624	-0.8870547941879252	-0.3332990386997487	-4.408209016012815	4.384515871076336e-05	0.2832608744152535	0.2713152223221744	0.2832608744152535	0.3952077740756194	0.016546377208621964	0.8347398700988468	3.6724993796366974	0.25169869302571735	0.09080065219490131	57.46665303873763	80.17792106975303	122_genus_tests_Moffitt50_MICRO_SENS_PSEUDO_0.1	relative_compositional_CLR_association_not_absolute_load	0.0004928939934238947	10	MICRO_SENS_PSEUDO_0.1	03_processed/microbiome/sensitivity/MICRO_SENS_PSEUDO_0.1_centered_log_ratio.tsv.gz	122	negative	10	8	-0.610176916443837	0.030611278190279773	0.875	True	MODERATE_RISK_ENVIRONMENTAL
Chelatococcus	preprocessing_sensitivity	Model_0	CLR_genus ~ standardized_Moffitt50_contrast	62	0.45352436596998374	0.23918341726088835	-0.024913702638899193	0.9319624345788666	1.8961363256855883	0.0627602650878244	0.08615071114038975	0.07091988965939633	0.08615071114038975	0.09427234029792479	0.2651895581231108	9.408255471075732e-06	2.593510170922895	0.241076819378338	0.09080065219490131	133.09042018672838	145.63716556896543	122_genus_tests_Moffitt50_MICRO_SENS_PSEUDO_0.1	relative_compositional_CLR_association_not_absolute_load	0.13672772036990313	56	MICRO_SENS_PSEUDO_0.1	03_processed/microbiome/sensitivity/MICRO_SENS_PSEUDO_0.1_centered_log_ratio.tsv.gz	122	positive	56	7	-0.35943713101054353	0.45352436596998374	0.8571428571428571	True	LOW_CURRENT_CONCERN
Bordetella	preprocessing_sensitivity	Model_0	CLR_genus ~ standardized_Moffitt50_contrast	62	-0.15801591206741342	0.18155577763288122	-0.521181538640571	0.20514971450574418	-0.870343616312409	0.38758149202319725	0.007578853810207842	-0.0089614986262887	0.007578853810207842	0.007636731481695423	5.4016192488928785e-08	0.06885051281458232	2.860178584058632	0.10812061508111533	0.09080065219490131	199.44537006531985	200.96848080177608	122_genus_tests_Moffitt50_MICRO_SENS_PSEUDO_0.1	relative_compositional_CLR_association_not_absolute_load	0.5447225137137868	86	MICRO_SENS_PSEUDO_0.1	03_processed/microbiome/sensitivity/MICRO_SENS_PSEUDO_0.1_centered_log_ratio.tsv.gz	122	negative	86	9	-0.15801591206741342	0.15808509814265914	0.8888888888888888	True	LOW_CURRENT_CONCERN
Kocuria	preprocessing_sensitivity	Model_0	CLR_genus ~ standardized_Moffitt50_contrast	62	0.0705101412838559	0.34034579638198814	-0.6102828139507438	0.7513030965184556	0.20717206451029183	0.8365770010687369	0.0007342802244830748	-0.01592014843844214	0.0007342802244830748	0.0007348197881220517	0.0009549084537556454	0.6185367732132185	1.8995202381118732	0.1275669891352083	0.09080065219490131	412.71681350756023	413.02008598901625	122_genus_tests_Moffitt50_MICRO_SENS_PSEUDO_0.1	relative_compositional_CLR_association_not_absolute_load	0.9276104368935347	110	MICRO_SENS_PSEUDO_0.1	03_processed/microbiome/sensitivity/MICRO_SENS_PSEUDO_0.1_centered_log_ratio.tsv.gz	122	positive	110	9	-0.029317548333144244	0.08203008655403657	0.8888888888888888	True	LOW_CURRENT_CONCERN
Bosea	preprocessing_sensitivity	Model_0	CLR_genus ~ standardized_Moffitt50_contrast	62	0.22389621387352693	0.2110668098418005	-0.1983002661525246	0.6460926938995785	1.0607836165304358	0.293039700534777	0.020393874207677687	0.004067105444472419	0.020393874207677687	0.020818442913658558	1.6289674583752058e-05	0.6959005241557432	4.228251536063681	0.3257578794698881	0.09080065219490131	146.8842027467268	149.94210313652775	122_genus_tests_Moffitt50_MICRO_SENS_PSEUDO_0.1	relative_compositional_CLR_association_not_absolute_load	0.4525423223448455	79	MICRO_SENS_PSEUDO_0.1	03_processed/microbiome/sensitivity/MICRO_SENS_PSEUDO_0.1_centered_log_ratio.tsv.gz	122	positive	79	9	0.22389621387352693	0.7115024363829625	1.0	False	LOW_CURRENT_CONCERN
Phenylobacterium	preprocessing_sensitivity	Model_0	CLR_genus ~ standardized_Moffitt50_contrast	62	0.06043358537804597	0.305733660341879	-0.5511247895202621	0.6719919602763541	0.19766742500798776	0.84397343028838	0.0008298493635320314	-0.01582298648040914	0.0008298493635320314	0.0008305385854485547	0.008459373936932687	0.9924648733647724	2.1476293538789686	0.18459432040960622	0.09080065219490131	268.24197772812767	268.464763040868	122_genus_tests_Moffitt50_MICRO_SENS_PSEUDO_0.1	relative_compositional_CLR_association_not_absolute_load	0.9276104368935347	111	MICRO_SENS_PSEUDO_0.1	03_processed/microbiome/sensitivity/MICRO_SENS_PSEUDO_0.1_centered_log_ratio.tsv.gz	122	positive	111	9	-0.21706339432744476	0.06043358537804597	0.6666666666666666	True	LOW_CURRENT_CONCERN
Xanthomonas	preprocessing_sensitivity	Model_0	CLR_genus ~ standardized_Moffitt50_contrast	62	0.1685307743332001	0.27757804958811577	-0.38670799369687414	0.7237695423632743	0.607147339579893	0.5460440180968296	0.005219569766241272	-0.011360104070988086	0.005219569766241272	0.00524695662239229	0.012967265038735609	0.03146527344745385	2.2686946012813816	0.10322419135896876	0.09080065219490131	330.2028319319856	331.9353918677238	122_genus_tests_Moffitt50_MICRO_SENS_PSEUDO_0.1	relative_compositional_CLR_association_not_absolute_load	0.6867770124516825	97	MICRO_SENS_PSEUDO_0.1	03_processed/microbiome/sensitivity/MICRO_SENS_PSEUDO_0.1_centered_log_ratio.tsv.gz	122	positive	97	9	-0.12549556930516964	0.1685307743332001	0.8888888888888888	True	LOW_CURRENT_CONCERN
Azospira	preprocessing_sensitivity	Model_0	CLR_genus ~ standardized_Moffitt50_contrast	62	-0.07620677347319324	0.21916632156692795	-0.5146046891623961	0.3621911422160097	-0.34771206145339073	0.72927332054272	0.0015806946866417926	-0.015059627068580772	0.0015806946866417926	0.0015831972381039694	2.7088887598745583e-05	0.02011821163458274	2.167832637882028	0.087956690912631	0.09080065219490131	223.7597459045161	224.114001716231	122_genus_tests_Moffitt50_MICRO_SENS_PSEUDO_0.1	relative_compositional_CLR_association_not_absolute_load	0.8640157328861446	102	MICRO_SENS_PSEUDO_0.1	03_processed/microbiome/sensitivity/MICRO_SENS_PSEUDO_0.1_centered_log_ratio.tsv.gz	122	negative	102	9	-0.07620677347319324	-0.009782914418844477	1.0	False	LOW_CURRENT_CONCERN
Deinococcus	preprocessing_sensitivity	Model_0	CLR_genus ~ standardized_Moffitt50_contrast	62	0.031810294018513485	0.2729903398322153	-0.5142516881787995	0.5778722762158264	0.11652534678723303	0.9076253564168442	0.00027577812099732757	-0.016386292243652623	0.00027577812099732757	0.0002758541955490453	0.0008124714282692681	0.02071058573649189	2.2313292655409	0.10101463509260523	0.09080065219490131	223.76162528628475	223.8233508694229	122_genus_tests_Moffitt50_MICRO_SENS_PSEUDO_0.1	relative_compositional_CLR_association_not_absolute_load	0.9695253391238737	113	MICRO_SENS_PSEUDO_0.1	03_processed/microbiome/sensitivity/MICRO_SENS_PSEUDO_0.1_centered_log_ratio.tsv.gz	122	positive	113	9	-0.22986178284624154	0.031810294018513485	0.8888888888888888	True	LOW_CURRENT_CONCERN
Hydrogenophaga	preprocessing_sensitivity	Model_0	CLR_genus ~ standardized_Moffitt50_contrast	62	-0.44695758884248316	0.11049825337170203	-0.6679870043982786	-0.2259281732866877	-4.044928993935993	0.00015175015724551845	0.16436023728994964	0.1504329079114488	0.16436023728994964	0.19668790862334687	6.365070565176185e-05	0.6956671042299981	5.8351480118310555	0.21603411153818466	0.09080065219490131	61.956204349058545	74.1422406087156	122_genus_tests_Moffitt50_MICRO_SENS_PSEUDO_0.1	relative_compositional_CLR_association_not_absolute_load	0.0010285288435529583	18	MICRO_SENS_PSEUDO_0.1	03_processed/microbiome/sensitivity/MICRO_SENS_PSEUDO_0.1_centered_log_ratio.tsv.gz	122	negative	18	9	-0.44695758884248316	0.13991111124886363	0.8888888888888888	True	LOW_CURRENT_CONCERN
Porphyrobacter	preprocessing_sensitivity	Model_0	CLR_genus ~ standardized_Moffitt50_contrast	62	-0.2765363425352776	0.11599145666441683	-0.508553800673372	-0.044518884397183184	-2.3841095757193966	0.02030006079268712	0.058140852610002014	0.042443200153502114	0.058140852610002014	0.06172988049340193	1.5887428322392594e-07	0.3023928612433448	4.913313278624755	0.25343688867970904	0.09080065219490131	75.56815655602469	80.23296982933478	122_genus_tests_Moffitt50_MICRO_SENS_PSEUDO_0.1	relative_compositional_CLR_association_not_absolute_load	0.0538392916675615	46	MICRO_SENS_PSEUDO_0.1	03_processed/microbiome/sensitivity/MICRO_SENS_PSEUDO_0.1_centered_log_ratio.tsv.gz	122	negative	46	9	-0.2765363425352776	0.20037411264436958	0.8888888888888888	True	LOW_CURRENT_CONCERN
Aromatoleum	preprocessing_sensitivity	Model_0	CLR_genus ~ standardized_Moffitt50_contrast	62	0.491506412046362	0.23160055814430816	0.028236320013015404	0.9547765040797085	2.1222160083919523	0.037956829586996095	0.05339766899072351	0.037620963473902314	0.05339766899072351	0.056409821993350054	0.011643367022342196	0.7654077308147458	2.165733176773939	0.06752022503830718	0.09080065219490131	261.2362744165579	275.97256615460185	122_genus_tests_Moffitt50_MICRO_SENS_PSEUDO_0.1	relative_compositional_CLR_association_not_absolute_load	0.09261466419227046	50	MICRO_SENS_PSEUDO_0.1	03_processed/microbiome/sensitivity/MICRO_SENS_PSEUDO_0.1_centered_log_ratio.tsv.gz	122	positive	50	9	-0.29320953734121424	0.491506412046362	0.8888888888888888	True	LOW_CURRENT_CONCERN
Microbacterium	preprocessing_sensitivity	Model_0	CLR_genus ~ standardized_Moffitt50_contrast	62	0.5160267710139143	0.2586160083547635	-0.0012822672361408882	1.0333358092639693	1.995339632286183	0.050552565614285214	0.05137843769561001	0.03556807832387021	0.05137843769561001	0.054161153127071655	0.09678281582418168	0.7833001433061559	2.279808976688128	0.14300267363290747	0.09080065219490131	299.90685934023776	316.1501606728236	122_genus_tests_Moffitt50_MICRO_SENS_PSEUDO_0.1	relative_compositional_CLR_association_not_absolute_load	0.11562177060284122	53	MICRO_SENS_PSEUDO_0.1	03_processed/microbiome/sensitivity/MICRO_SENS_PSEUDO_0.1_centered_log_ratio.tsv.gz	122	positive	53	9	-0.08520596426249223	0.5160267710139143	0.8888888888888888	True	LOW_CURRENT_CONCERN
Mitsuaria	preprocessing_sensitivity	Model_0	CLR_genus ~ standardized_Moffitt50_contrast	62	0.12727482329082404	0.2809862207007746	-0.4347813019929536	0.6893309485746018	0.452957525722802	0.6522130956554919	0.0046970228187313	-0.011891360134289819	0.0046970228187313	0.00471918895694799	0.0003297125135421547	0.0012327845961940505	2.54570408445779	0.16476239909603618	0.09080065219490131	209.38591954692384	210.3740512661901	122_genus_tests_Moffitt50_MICRO_SENS_PSEUDO_0.1	relative_compositional_CLR_association_not_absolute_load	0.8037373502017173	99	MICRO_SENS_PSEUDO_0.1	03_processed/microbiome/sensitivity/MICRO_SENS_PSEUDO_0.1_centered_log_ratio.tsv.gz	122	positive	99	7	-0.13146021074424055	0.12727482329082404	0.8571428571428571	True	LOW_CURRENT_CONCERN
Pandoraea	preprocessing_sensitivity	Model_0	CLR_genus ~ standardized_Moffitt50_contrast	62	0.8742960847593249	0.1606575205942419	0.5529331962244517	1.195658973294198	5.441986665332991	1.026496811492386e-06	0.31273609805771607	0.30128169969201135	0.31273609805771607	0.45504513939098096	0.7286230735076163	0.09567172745092041	3.322538350299883	0.21914025744678292	0.09080065219490131	102.46898216682428	149.09699444017878	122_genus_tests_Moffitt50_MICRO_SENS_PSEUDO_0.1	relative_compositional_CLR_association_not_absolute_load	6.580325357516794e-05	1	MICRO_SENS_PSEUDO_0.1	03_processed/microbiome/sensitivity/MICRO_SENS_PSEUDO_0.1_centered_log_ratio.tsv.gz	122	positive	1	9	-0.5456379311439243	0.8742960847593249	0.8888888888888888	True	LOW_CURRENT_CONCERN
Rhodococcus	preprocessing_sensitivity	Model_0	CLR_genus ~ standardized_Moffitt50_contrast	62	-0.028207831559175084	0.2862971200389904	-0.6008873372221226	0.5444716741037725	-0.09852642441996448	0.921842717321111	0.00016256453959218042	-0.016501392718081265	0.00016256453959218042	0.00016259097111854216	0.0006775643091342157	0.9564875475732115	2.382753226069762	0.08992529667807171	0.09080065219490131	298.51957401901194	298.5681106064496	122_genus_tests_Moffitt50_MICRO_SENS_PSEUDO_0.1	relative_compositional_CLR_association_not_absolute_load	0.9695253391238737	115	MICRO_SENS_PSEUDO_0.1	03_processed/microbiome/sensitivity/MICRO_SENS_PSEUDO_0.1_centered_log_ratio.tsv.gz	122	negative	115	9	-0.14268623077401146	-0.028207831559175084	1.0	False	LOW_CURRENT_CONCERN
Streptococcus	preprocessing_sensitivity	Model_0	CLR_genus ~ standardized_Moffitt50_contrast	62	0.5624492567048618	0.2299223353773152	0.10253611001718593	1.0223624033925376	2.446257584248401	0.01738321215150527	0.05305977652363292	0.03727743946569351	0.05305977652363292	0.05603286797644111	0.0035144131804844612	0.7782499277532338	3.330153975784204	0.07850240465421068	0.09080065219490131	344.3924940010642	363.68979314950326	122_genus_tests_Moffitt50_MICRO_SENS_PSEUDO_0.1	relative_compositional_CLR_association_not_absolute_load	0.04819890642008279	44	MICRO_SENS_PSEUDO_0.1	03_processed/microbiome/sensitivity/MICRO_SENS_PSEUDO_0.1_centered_log_ratio.tsv.gz	122	positive	44	9	-0.32746799762473516	0.5624492567048618	0.8888888888888888	True	LOW_CURRENT_CONCERN
Rhizorhabdus	preprocessing_sensitivity	Model_0	CLR_genus ~ standardized_Moffitt50_contrast	62	-0.45101556253195624	0.12713762134896506	-0.7053286696123647	-0.19670245545154774	-3.547459498978802	0.0007622010760423134	0.10313276429966034	0.08818497703798811	0.10313276429966034	0.11499223095057845	2.0540164167294457e-07	0.7085568520061951	4.8987433646500405	0.15673119367393368	0.09080065219490131	107.90570105331618	120.31401834972318	122_genus_tests_Moffitt50_MICRO_SENS_PSEUDO_0.1	relative_compositional_CLR_association_not_absolute_load	0.0034440196769319345	27	MICRO_SENS_PSEUDO_0.1	03_processed/microbiome/sensitivity/MICRO_SENS_PSEUDO_0.1_centered_log_ratio.tsv.gz	122	negative	27	9	-0.45101556253195624	0.11880202223864327	0.8888888888888888	True	LOW_CURRENT_CONCERN
Citromicrobium	preprocessing_sensitivity	Model_0	CLR_genus ~ standardized_Moffitt50_contrast	62	0.08801287332680278	0.25329797821499006	-0.41865852081725724	0.5946842674708628	0.34746772930062897	0.7294559056333845	0.0025125481244157033	-0.014112242740177416	0.0025125481244157033	0.0025188769239064984	0.013481642371964208	0.23123547736219932	2.254268472467281	0.11659614182770321	0.09080065219490131	187.5924201222167	188.06494234036234	122_genus_tests_Moffitt50_MICRO_SENS_PSEUDO_0.1	relative_compositional_CLR_association_not_absolute_load	0.8640157328861446	103	MICRO_SENS_PSEUDO_0.1	03_processed/microbiome/sensitivity/MICRO_SENS_PSEUDO_0.1_centered_log_ratio.tsv.gz	122	positive	103	8	-0.24433764086255402	0.08801287332680278	0.625	True	LOW_CURRENT_CONCERN
Massilia	preprocessing_sensitivity	Model_0	CLR_genus ~ standardized_Moffitt50_contrast	62	0.20851399837116188	0.2164962762076204	-0.22454303140113888	0.6415710281434627	0.9631297222461069	0.33934816827567005	0.012221479638532484	-0.004241495700825215	0.012221479638532484	0.012372692244877078	2.0010078591395065e-06	0.0010280495230004278	2.287773756584219	0.09550673742842736	0.09080065219490131	214.356203648286	217.00836698680644	122_genus_tests_Moffitt50_MICRO_SENS_PSEUDO_0.1	relative_compositional_CLR_association_not_absolute_load	0.498800922043756	83	MICRO_SENS_PSEUDO_0.1	03_processed/microbiome/sensitivity/MICRO_SENS_PSEUDO_0.1_centered_log_ratio.tsv.gz	122	positive	83	9	0.06097083215404797	0.20851399837116188	1.0	False	LOW_CURRENT_CONCERN
Candida	preprocessing_sensitivity	Model_0	CLR_genus ~ standardized_Moffitt50_contrast	62	-1.659106789594824	0.35428055907172096	-2.367773420287982	-0.9504401589016661	-4.683030855381913	1.6631142864573697e-05	0.23953568717911422	0.22686128196543287	0.23953568717911422	0.31498609880925826	0.01273972282068964	3.596385030322427e-05	2.477017643621584	0.09689898939359813	0.09080065219490131	533.0735430255838	700.984298721642	122_genus_tests_Moffitt50_MICRO_SENS_PSEUDO_0.1	relative_compositional_CLR_association_not_absolute_load	0.0003381665715796652	6	MICRO_SENS_PSEUDO_0.1	03_processed/microbiome/sensitivity/MICRO_SENS_PSEUDO_0.1_centered_log_ratio.tsv.gz	122	negative	6	9	-1.659106789594824	0.04321095299072192	0.8888888888888888	True	LOW_CURRENT_CONCERN
Ramlibacter	preprocessing_sensitivity	Model_0	CLR_genus ~ standardized_Moffitt50_contrast	62	-0.5581009449099799	0.12671640183391475	-0.8115714875118434	-0.3046304023081164	-4.404330748291561	4.4441261702154444e-05	0.2676175956892125	0.2554112222840328	0.2676175956892125	0.3654069159963715	0.46117510213202034	0.40752765542003	2.6157665701183097	0.20480657371696365	0.09080065219490131	51.99703594954059	70.99711249681468	122_genus_tests_Moffitt50_MICRO_SENS_PSEUDO_0.1	relative_compositional_CLR_association_not_absolute_load	0.0004928939934238947	11	MICRO_SENS_PSEUDO_0.1	03_processed/microbiome/sensitivity/MICRO_SENS_PSEUDO_0.1_centered_log_ratio.tsv.gz	122	negative	11	9	-0.5581009449099799	0.0826983858998724	0.8888888888888888	True	LOW_CURRENT_CONCERN
Caulobacter	preprocessing_sensitivity	Model_0	CLR_genus ~ standardized_Moffitt50_contrast	62	-0.3141267058656657	0.08202029493103943	-0.47819172317719116	-0.1500616885541403	-3.8298655976520863	0.00030893685375239647	0.16808763058950726	0.15422242443266576	0.16808763058950726	0.20204968307974194	0.03679831985100646	0.7287553872226864	3.7324195038250125	0.15370737554451483	0.09080065219490131	29.7907461960398	35.809957023658676	122_genus_tests_Moffitt50_MICRO_SENS_PSEUDO_0.1	relative_compositional_CLR_association_not_absolute_load	0.0017255986872486235	21	MICRO_SENS_PSEUDO_0.1	03_processed/microbiome/sensitivity/MICRO_SENS_PSEUDO_0.1_centered_log_ratio.tsv.gz	122	negative	21	7	-0.3141267058656657	0.3267041949783222	0.8571428571428571	True	HIGH_RISK_POTENTIAL_CONTAMINANT
Bacteroides	preprocessing_sensitivity	Model_0	CLR_genus ~ standardized_Moffitt50_contrast	62	0.2085361443718291	0.42045739664208187	-0.6325038703811131	1.0495761591247712	0.495974493580731	0.6217243911125294	0.004538233096623268	-0.01205279635176626	0.004538233096623268	0.00455892254982382	0.00117384800030079	0.4200799782767095	1.9200846994024998	0.16323480352653935	0.09080065219490131	581.8758061990039	584.5285329330815	122_genus_tests_Moffitt50_MICRO_SENS_PSEUDO_0.1	relative_compositional_CLR_association_not_absolute_load	0.7739834256706999	98	MICRO_SENS_PSEUDO_0.1	03_processed/microbiome/sensitivity/MICRO_SENS_PSEUDO_0.1_centered_log_ratio.tsv.gz	122	positive	98	9	0.2085361443718291	0.3629281165357989	1.0	False	LOW_CURRENT_CONCERN
Enterococcus	preprocessing_sensitivity	Model_0	CLR_genus ~ standardized_Moffitt50_contrast	62	-0.012890142506474578	0.2664653823741899	-0.5459002665117636	0.5201199814988144	-0.048374548287001544	0.9615784101146616	3.7452994580577936e-05	-0.0166285894555096	3.7452994580577936e-05	3.745439735991928e-05	0.00012475336445320206	0.09023726996446639	2.8125349818687297	0.09356430669135046	0.09080065219490131	270.60913853705307	270.6192740392571	122_genus_tests_Moffitt50_MICRO_SENS_PSEUDO_0.1	relative_compositional_CLR_association_not_absolute_load	0.9695253391238737	121	MICRO_SENS_PSEUDO_0.1	03_processed/microbiome/sensitivity/MICRO_SENS_PSEUDO_0.1_centered_log_ratio.tsv.gz	122	negative	121	7	-0.2298813209184645	-0.012890142506474578	1.0	False	LOW_CURRENT_CONCERN
Laribacter	preprocessing_sensitivity	Model_0	CLR_genus ~ standardized_Moffitt50_contrast	62	0.25523828637123697	0.25030824527225737	-0.24545275147907059	0.7559293242215446	1.0196958797486566	0.3119667965716654	0.02451742811567481	0.008259385250936169	0.02451742811567481	0.02513364033589535	0.07052683014772428	0.00012844274519575486	2.5695828518874424	0.17842595762207336	0.09080065219490131	158.11245404581388	162.08639559842715	122_genus_tests_Moffitt50_MICRO_SENS_PSEUDO_0.1	relative_compositional_CLR_association_not_absolute_load	0.4641457217285753	82	MICRO_SENS_PSEUDO_0.1	03_processed/microbiome/sensitivity/MICRO_SENS_PSEUDO_0.1_centered_log_ratio.tsv.gz	122	positive	82	7	-0.23930810783405404	0.25523828637123697	0.8571428571428571	True	LOW_CURRENT_CONCERN
Variovorax	preprocessing_sensitivity	Model_0	CLR_genus ~ standardized_Moffitt50_contrast	62	-0.5062890166792315	0.11635649226870734	-0.7390366547415459	-0.2735413786169172	-4.3511883764082135	5.3447005577672566e-05	0.2717067195580509	0.25956849821735184	0.2717067195580509	0.37307322043829866	0.2503046392858044	0.6482715253458909	2.8371618729536685	0.18744151972853393	0.09080065219490131	41.91145817070876	57.54750084372013	122_genus_tests_Moffitt50_MICRO_SENS_PSEUDO_0.1	relative_compositional_CLR_association_not_absolute_load	0.0005433778900396711	12	MICRO_SENS_PSEUDO_0.1	03_processed/microbiome/sensitivity/MICRO_SENS_PSEUDO_0.1_centered_log_ratio.tsv.gz	122	negative	12	9	-0.5062890166792315	0.13460549111784675	0.8888888888888888	True	LOW_CURRENT_CONCERN
Pseudomonas	preprocessing_sensitivity	Model_0	CLR_genus ~ standardized_Moffitt50_contrast	62	-0.08549070714273956	0.07913985511606485	-0.24379398696592813	0.07281257268044904	-1.0802484666842096	0.28435470815246894	0.016457683246853372	6.531130096765203e-05	0.016457683246853372	0.01673307082625911	0.007381984887548715	0.8835751597316408	4.164908938766316	0.11392694597783493	0.09080065219490131	26.643544756535587	27.089373078009295	122_genus_tests_Moffitt50_MICRO_SENS_PSEUDO_0.1	relative_compositional_CLR_association_not_absolute_load	0.4525423223448455	76	MICRO_SENS_PSEUDO_0.1	03_processed/microbiome/sensitivity/MICRO_SENS_PSEUDO_0.1_centered_log_ratio.tsv.gz	122	negative	76	9	-0.08549070714273956	0.5553197543428676	0.8888888888888888	True	BIOLOGICALLY_PLAUSIBLE_BUT_CONTAMINATION_SENSITIVE
Methylobacterium	preprocessing_sensitivity	Model_0	CLR_genus ~ standardized_Moffitt50_contrast	62	0.1933856744331671	0.18939855032943362	-0.1854678332834572	0.5722391821497914	1.0210515027533125	0.311329432785506	0.010378445849748008	-0.006115246719422762	0.010378445849748008	0.010487287596175652	3.6894603947014697e-07	0.018236877680085178	2.467552292438423	0.08311541528247275	0.09080065219490131	217.5280445695173	219.8093237331515	122_genus_tests_Moffitt50_MICRO_SENS_PSEUDO_0.1	relative_compositional_CLR_association_not_absolute_load	0.4641457217285753	81	MICRO_SENS_PSEUDO_0.1	03_processed/microbiome/sensitivity/MICRO_SENS_PSEUDO_0.1_centered_log_ratio.tsv.gz	122	positive	81	9	0.1933856744331671	0.26302630389204706	1.0	False	BIOLOGICALLY_PLAUSIBLE_BUT_CONTAMINATION_SENSITIVE
Elizabethkingia	preprocessing_sensitivity	Model_0	CLR_genus ~ standardized_Moffitt50_contrast	62	0.19333376074063405	0.18219719276539248	-0.1711148871250928	0.5577824086063609	1.0611237078146514	0.29288640528782656	0.011388822953666167	-0.005088029997106114	0.011388822953666167	0.011520022449768843	9.8822623211337e-06	0.8582957309540293	4.942200016730066	0.19070699697127927	0.09080065219490131	197.92101408751014	200.20106861307931	122_genus_tests_Moffitt50_MICRO_SENS_PSEUDO_0.1	relative_compositional_CLR_association_not_absolute_load	0.4525423223448455	78	MICRO_SENS_PSEUDO_0.1	03_processed/microbiome/sensitivity/MICRO_SENS_PSEUDO_0.1_centered_log_ratio.tsv.gz	122	positive	78	7	0.19333376074063405	0.834203814164222	1.0	False	HIGH_RISK_POTENTIAL_CONTAMINANT
Tessaracoccus	preprocessing_sensitivity	Model_0	CLR_genus ~ standardized_Moffitt50_contrast	62	-0.3014307485195948	0.10974868969889523	-0.5209608134932138	-0.0819006835459758	-2.7465544176116854	0.007938439976210476	0.11922577334164952	0.10454620289734373	0.11922577334164952	0.13536473903646232	0.28876065489751207	0.49224801860184697	3.6748056219548757	0.16598387301788722	0.09080065219490131	40.944859826790754	46.48735009212881	122_genus_tests_Moffitt50_MICRO_SENS_PSEUDO_0.1	relative_compositional_CLR_association_not_absolute_load	0.025486570449938895	38	MICRO_SENS_PSEUDO_0.1	03_processed/microbiome/sensitivity/MICRO_SENS_PSEUDO_0.1_centered_log_ratio.tsv.gz	122	negative	38	9	-0.3014307485195948	0.3396662970328276	0.8888888888888888	True	LOW_CURRENT_CONCERN
Agrobacterium	preprocessing_sensitivity	Model_0	CLR_genus ~ standardized_Moffitt50_contrast	62	-0.4096484481680811	0.12931769500855939	-0.6683223518416068	-0.15097454449455544	-3.167767938803479	0.002416426376377427	0.14262795256148997	0.1283384184375148	0.14262795256148997	0.1663547965992198	0.12166467117873495	0.47063326430431696	3.767371750297566	0.13081193002948596	0.09080065219490131	61.534281701171764	71.77080461744929	122_genus_tests_Moffitt50_MICRO_SENS_PSEUDO_0.1	relative_compositional_CLR_association_not_absolute_load	0.008933455088425638	33	MICRO_SENS_PSEUDO_0.1	03_processed/microbiome/sensitivity/MICRO_SENS_PSEUDO_0.1_centered_log_ratio.tsv.gz	122	negative	33	9	-0.4096484481680811	0.2311776858832548	0.8888888888888888	True	LOW_CURRENT_CONCERN
Azospirillum	preprocessing_sensitivity	Model_0	CLR_genus ~ standardized_Moffitt50_contrast	62	0.23705431387501902	0.29018090530252566	-0.34339391899174926	0.8175025467417874	0.8169190651186371	0.41720660419235256	0.012227780643443542	-0.004235089679165638	0.012227780643443542	0.012379150176352223	0.015724644610370958	0.5142334055767155	2.0797840133897725	0.19089874600288	0.09080065219490131	276.90750677541814	280.33538638675026	122_genus_tests_Moffitt50_MICRO_SENS_PSEUDO_0.1	relative_compositional_CLR_association_not_absolute_load	0.5723997488116509	88	MICRO_SENS_PSEUDO_0.1	03_processed/microbiome/sensitivity/MICRO_SENS_PSEUDO_0.1_centered_log_ratio.tsv.gz	122	positive	88	9	-0.20345224187648708	0.23705431387501902	0.8888888888888888	True	LOW_CURRENT_CONCERN
Clostridium	preprocessing_sensitivity	Model_0	CLR_genus ~ standardized_Moffitt50_contrast	62	-0.41688453664955655	0.3544267204762325	-1.1258435336818213	0.2920744603827083	-1.1762220864425834	0.24415191060469504	0.02214711811567538	0.005849570084270006	0.02214711811567538	0.02264872203781599	1.0416214274674424e-08	0.6783065513837613	3.3880814479786814	0.16595049656597047	0.09080065219490131	468.0774355854441	478.6787913161925	122_genus_tests_Moffitt50_MICRO_SENS_PSEUDO_0.1	relative_compositional_CLR_association_not_absolute_load	0.41703375764667794	71	MICRO_SENS_PSEUDO_0.1	03_processed/microbiome/sensitivity/MICRO_SENS_PSEUDO_0.1_centered_log_ratio.tsv.gz	122	negative	71	7	-0.41688453664955655	-0.17447146947156106	1.0	False	LOW_CURRENT_CONCERN
Ensifer	preprocessing_sensitivity	Model_0	CLR_genus ~ standardized_Moffitt50_contrast	62	0.7006069735000906	0.25197098471320867	0.19658996156747088	1.2046239854327103	2.7805065503772814	0.007240072843486629	0.10772955714583288	0.09285838309826344	0.10772955714583288	0.1207364404016689	0.5410369444160971	0.46195271364305457	2.6251245439878046	0.1378907759921329	0.09080065219490131	247.99354619635142	277.9354042066857	122_genus_tests_Moffitt50_MICRO_SENS_PSEUDO_0.1	relative_compositional_CLR_association_not_absolute_load	0.02453580241403802	36	MICRO_SENS_PSEUDO_0.1	03_processed/microbiome/sensitivity/MICRO_SENS_PSEUDO_0.1_centered_log_ratio.tsv.gz	122	positive	36	9	-0.18286826333619935	0.7006069735000906	0.8888888888888888	True	LOW_CURRENT_CONCERN
Roseomonas	preprocessing_sensitivity	Model_0	CLR_genus ~ standardized_Moffitt50_contrast	62	-0.0014645795563059832	0.28175997555309956	-0.5650684449859622	0.5621392858733503	-0.005197968779742363	0.9958698838695483	6.932281021443387e-07	-0.01666596188476266	6.932281021443387e-07	6.932285827098734e-07	0.0004584545580961722	0.05762834690133927	2.7537078840643754	0.2099398284764982	0.09080065219490131	188.74667482180993	188.74680566639984	122_genus_tests_Moffitt50_MICRO_SENS_PSEUDO_0.1	relative_compositional_CLR_association_not_absolute_load	0.9958698838695483	122	MICRO_SENS_PSEUDO_0.1	03_processed/microbiome/sensitivity/MICRO_SENS_PSEUDO_0.1_centered_log_ratio.tsv.gz	122	negative	122	7	-0.2087329530620105	-0.0010848606149457243	1.0	False	LOW_CURRENT_CONCERN
Croceicoccus	preprocessing_sensitivity	Model_0	CLR_genus ~ standardized_Moffitt50_contrast	62	0.029793905760261908	0.283842174591181	-0.5379749778702688	0.5975627893907925	0.10496645117369957	0.9167525477421697	0.00019667267869838412	-0.016466716109989843	0.00019667267869838412	0.00019671136644975422	5.653936828920625e-07	0.01985063304229199	2.353912930455952	0.19954708601340318	0.09080065219490131	275.2677032593484	275.321851545396	122_genus_tests_Moffitt50_MICRO_SENS_PSEUDO_0.1	relative_compositional_CLR_association_not_absolute_load	0.9695253391238737	114	MICRO_SENS_PSEUDO_0.1	03_processed/microbiome/sensitivity/MICRO_SENS_PSEUDO_0.1_centered_log_ratio.tsv.gz	122	positive	114	9	0.029793905760261908	0.06587150090441082	1.0	False	LOW_CURRENT_CONCERN
Rhodobacter	preprocessing_sensitivity	Model_0	CLR_genus ~ standardized_Moffitt50_contrast	62	0.3474735820889823	0.32697436455489576	-0.30657252718467226	1.001519691362637	1.0626936535590237	0.29217947187026255	0.02073568512266033	0.004414613208038043	0.02073568512266033	0.02117475824211733	0.0016082501865591152	0.9518930236226002	1.9941635674689724	0.18918767633954536	0.09080065219490131	347.82032555088443	355.18533685611897	122_genus_tests_Moffitt50_MICRO_SENS_PSEUDO_0.1	relative_compositional_CLR_association_not_absolute_load	0.4525423223448455	77	MICRO_SENS_PSEUDO_0.1	03_processed/microbiome/sensitivity/MICRO_SENS_PSEUDO_0.1_centered_log_ratio.tsv.gz	122	positive	77	9	-0.043015260923906576	0.3474735820889823	0.8888888888888888	True	LOW_CURRENT_CONCERN
Micrococcus	preprocessing_sensitivity	Model_0	CLR_genus ~ standardized_Moffitt50_contrast	62	-0.11824482363478143	0.3877902906041911	-0.8939408973286218	0.657451250059059	-0.3049195054640274	0.7614826831416359	0.001786350881008203	-0.014850543270974903	0.001786350881008203	0.0017895476410133332	1.861246637719632e-05	0.6939803071504829	1.6745810912020225	0.10696003291995874	0.09080065219490131	476.5964972124562	477.44938934975795	122_genus_tests_Moffitt50_MICRO_SENS_PSEUDO_0.1	relative_compositional_CLR_association_not_absolute_load	0.8773424990700752	105	MICRO_SENS_PSEUDO_0.1	03_processed/microbiome/sensitivity/MICRO_SENS_PSEUDO_0.1_centered_log_ratio.tsv.gz	122	negative	105	9	-0.11824482363478143	0.06125927896510893	0.7777777777777778	True	LOW_CURRENT_CONCERN
Bradyrhizobium	preprocessing_sensitivity	Model_0	CLR_genus ~ standardized_Moffitt50_contrast	62	-0.05220776042730265	0.1418583274328921	-0.3359666638259024	0.2315511429712971	-0.3680274635410474	0.7141479555809578	0.001945221808683395	-0.014689024494505265	0.001945221808683395	0.001949013071415321	0.2048207739860328	0.6453891148788825	2.622843758080797	0.08093855102036876	0.09080065219490131	85.30710625669354	85.47337092187247	122_genus_tests_Moffitt50_MICRO_SENS_PSEUDO_0.1	relative_compositional_CLR_association_not_absolute_load	0.8640157328861446	100	MICRO_SENS_PSEUDO_0.1	03_processed/microbiome/sensitivity/MICRO_SENS_PSEUDO_0.1_centered_log_ratio.tsv.gz	122	negative	100	9	-0.05220776042730265	0.588719273938456	0.8888888888888888	True	BIOLOGICALLY_PLAUSIBLE_BUT_CONTAMINATION_SENSITIVE
Aquabacterium	preprocessing_sensitivity	Model_0	CLR_genus ~ standardized_Moffitt50_contrast	62	-0.31610622843601016	0.15495566423835655	-0.6260637061207677	-0.006148750751252596	-2.0399785318577828	0.04576190763027363	0.038236197406724015	0.022206800696836115	0.038236197406724015	0.03975632822073869	1.7845506056298566e-07	0.3026587536634595	3.6235197848498153	0.14914986276565528	0.09080065219490131	153.31677445601687	159.41208646303528	122_genus_tests_Moffitt50_MICRO_SENS_PSEUDO_0.1	relative_compositional_CLR_association_not_absolute_load	0.10736447559410352	52	MICRO_SENS_PSEUDO_0.1	03_processed/microbiome/sensitivity/MICRO_SENS_PSEUDO_0.1_centered_log_ratio.tsv.gz	122	negative	52	9	-0.31610622843601016	0.09838843324846691	0.8888888888888888	True	LOW_CURRENT_CONCERN
Prevotella	preprocessing_sensitivity	Model_0	CLR_genus ~ standardized_Moffitt50_contrast	62	0.11844940032578634	0.3731357773883071	-0.6279332824996422	0.8648320831512148	0.31744316011412893	0.7520094404996833	0.001738604250089093	-0.014899085679076052	0.001738604250089093	0.001741632259337269	2.823925826567402e-06	0.34447954513155776	3.9875681617562555	0.1519901381820542	0.09080065219490131	491.4044753715718	492.2603212582617	122_genus_tests_Moffitt50_MICRO_SENS_PSEUDO_0.1	relative_compositional_CLR_association_not_absolute_load	0.8773424990700752	104	MICRO_SENS_PSEUDO_0.1	03_processed/microbiome/sensitivity/MICRO_SENS_PSEUDO_0.1_centered_log_ratio.tsv.gz	122	positive	104	8	-0.086727673839346	0.11844940032578634	0.875	True	LOW_CURRENT_CONCERN
Sulfuritalea	preprocessing_sensitivity	Model_0	CLR_genus ~ standardized_Moffitt50_contrast	62	0.23742308397315082	0.2111887624547954	-0.18501733759906336	0.659863505545365	1.124222147113395	0.26539649268031473	0.027456745620051848	0.01124769138038606	0.027456745620051848	0.028231901765188933	0.19880278439512994	0.0017184679064439442	2.349844479719501	0.21316436112104534	0.09080065219490131	121.79671768490184	125.23527065390446	122_genus_tests_Moffitt50_MICRO_SENS_PSEUDO_0.1	relative_compositional_CLR_association_not_absolute_load	0.4435393439314849	73	MICRO_SENS_PSEUDO_0.1	03_processed/microbiome/sensitivity/MICRO_SENS_PSEUDO_0.1_centered_log_ratio.tsv.gz	122	positive	73	7	-0.3671647377803614	0.23742308397315082	0.8571428571428571	True	LOW_CURRENT_CONCERN
Escherichia	preprocessing_sensitivity	Model_0	CLR_genus ~ standardized_Moffitt50_contrast	62	-0.29994939621157063	0.3941023869103406	-1.0882715423989462	0.4883727499758049	-0.7610951016133022	0.4495812583119444	0.009123640921653187	-0.007390965062985977	0.009123640921653187	0.009207648197540453	1.0967470392063645e-07	0.96621712903675	2.529521021025882	0.1622344803382174	0.09080065219490131	596.0423269662656	601.5304750238145	122_genus_tests_Moffitt50_MICRO_SENS_PSEUDO_0.1	relative_compositional_CLR_association_not_absolute_load	0.5897732635920131	93	MICRO_SENS_PSEUDO_0.1	03_processed/microbiome/sensitivity/MICRO_SENS_PSEUDO_0.1_centered_log_ratio.tsv.gz	122	negative	93	8	-0.29994939621157063	-0.07765983859141491	1.0	False	LOW_CURRENT_CONCERN
Moraxella	preprocessing_sensitivity	Model_0	CLR_genus ~ standardized_Moffitt50_contrast	62	-0.019348150201788605	0.23556434651432084	-0.49054699947859703	0.45185069907501985	-0.08213530819958935	0.9348125077205853	9.10016523987256e-05	-0.01657414832006121	9.10016523987256e-05	9.100993445314553e-05	0.0003436051672986915	0.020467824918995632	2.338782491418918	0.09944772669023161	0.09080065219490131	250.91113434319462	250.93396974908472	122_genus_tests_Moffitt50_MICRO_SENS_PSEUDO_0.1	relative_compositional_CLR_association_not_absolute_load	0.9695253391238737	117	MICRO_SENS_PSEUDO_0.1	03_processed/microbiome/sensitivity/MICRO_SENS_PSEUDO_0.1_centered_log_ratio.tsv.gz	122	negative	117	9	-0.019348150201788605	0.05441808627834647	0.7777777777777778	True	LOW_CURRENT_CONCERN
Shinella	preprocessing_sensitivity	Model_0	CLR_genus ~ standardized_Moffitt50_contrast	62	-0.18815592009410778	0.16064180037948103	-0.5094873635176332	0.13317552332941765	-1.1712762160884072	0.24611828320131812	0.012305242911206271	-0.004156336373606795	0.012305242911206271	0.012458548375285169	1.6221019932900916e-09	0.4700495997284969	5.527298955789483	0.22275748146074517	0.09080065219490131	173.3397504430044	175.4993121092584	122_genus_tests_Moffitt50_MICRO_SENS_PSEUDO_0.1	relative_compositional_CLR_association_not_absolute_load	0.41703375764667794	72	MICRO_SENS_PSEUDO_0.1	03_processed/microbiome/sensitivity/MICRO_SENS_PSEUDO_0.1_centered_log_ratio.tsv.gz	122	negative	72	9	-0.18815592009410778	0.27934349426687316	0.8888888888888888	True	LOW_CURRENT_CONCERN
Cutibacterium	preprocessing_sensitivity	Model_0	CLR_genus ~ standardized_Moffitt50_contrast	62	-0.5301639531414378	0.14697252538285188	-0.824152775560692	-0.23617513072218366	-3.6072317037514487	0.0006315074742519111	0.1944128840381829	0.18098643210548604	0.1944128840381829	0.24133067695114133	0.9752621394777566	0.5839497841079417	2.8981276700932437	0.16857756570658233	0.09080065219490131	71.04568331905486	88.19118616889878	122_genus_tests_Moffitt50_MICRO_SENS_PSEUDO_0.1	relative_compositional_CLR_association_not_absolute_load	0.0029632273791820444	26	MICRO_SENS_PSEUDO_0.1	03_processed/microbiome/sensitivity/MICRO_SENS_PSEUDO_0.1_centered_log_ratio.tsv.gz	122	negative	26	9	-0.5301639531414378	0.11071122879435037	0.8888888888888888	True	LOW_CURRENT_CONCERN
Chryseobacterium	preprocessing_sensitivity	Model_0	CLR_genus ~ standardized_Moffitt50_contrast	62	0.7127171626372459	0.2070807954431282	0.2984938985313761	1.1269404267431158	3.441734715728304	0.001058645995633682	0.11962130414667438	0.10494832588245229	0.11962130414667438	0.13587482830979788	0.00046568267472442746	0.22556374539540178	3.9782577356697897	0.1568570521934069	0.09080065219490131	228.04747114991855	259.0333821388973	122_genus_tests_Moffitt50_MICRO_SENS_PSEUDO_0.1	relative_compositional_CLR_association_not_absolute_load	0.004508454777324925	28	MICRO_SENS_PSEUDO_0.1	03_processed/microbiome/sensitivity/MICRO_SENS_PSEUDO_0.1_centered_log_ratio.tsv.gz	122	positive	28	9	-0.3740108559502305	0.7127171626372459	0.8888888888888888	True	LOW_CURRENT_CONCERN
Aminobacter	preprocessing_sensitivity	Model_0	CLR_genus ~ standardized_Moffitt50_contrast	62	0.1564522681286722	0.2520804691635679	-0.34778374531154554	0.6606882815688899	0.6206441484649678	0.5371842961114149	0.006124248828925483	-0.0104403470239256	0.006124248828925483	0.006161986366715696	0.007470907275739296	0.274294818471137	2.4014387498270144	0.08486131397242885	0.09080065219490131	242.31083217323757	243.80394821759654	122_genus_tests_Moffitt50_MICRO_SENS_PSEUDO_0.1	relative_compositional_CLR_association_not_absolute_load	0.6826717096415899	96	MICRO_SENS_PSEUDO_0.1	03_processed/microbiome/sensitivity/MICRO_SENS_PSEUDO_0.1_centered_log_ratio.tsv.gz	122	positive	96	9	-0.24092469454535548	0.1564522681286722	0.8888888888888888	True	LOW_CURRENT_CONCERN
Sphingopyxis	preprocessing_sensitivity	Model_0	CLR_genus ~ standardized_Moffitt50_contrast	62	-0.36430425996026083	0.0893601588504074	-0.5430511910835791	-0.1855573288369426	-4.076808553688017	0.0001363549716135624	0.20198491320246115	0.18868466175583554	0.20198491320246115	0.25310914109786237	0.08003782817137933	0.6275521002054933	3.0885906240840266	0.1684213153388235	0.09080065219490131	31.98530558090993	40.08107880424669	122_genus_tests_Moffitt50_MICRO_SENS_PSEUDO_0.1	relative_compositional_CLR_association_not_absolute_load	0.0010285288435529583	16	MICRO_SENS_PSEUDO_0.1	03_processed/microbiome/sensitivity/MICRO_SENS_PSEUDO_0.1_centered_log_ratio.tsv.gz	122	negative	16	8	-0.36430425996026083	0.276505884125694	0.875	True	MODERATE_RISK_ENVIRONMENTAL
Thiomonas	preprocessing_sensitivity	Model_0	CLR_genus ~ standardized_Moffitt50_contrast	62	-0.021532683918471227	0.29855742504214783	-0.6187364509764651	0.5756710831395228	-0.07212241971684819	0.9427443649413106	9.664525378838551e-05	-0.016568410658648336	9.664525378838551e-05	9.665459499624874e-05	2.6327268745708823e-05	0.5105632856071843	2.255610212067882	0.1466794217699139	0.09080065219490131	292.6197671380927	292.6480501831733	122_genus_tests_Moffitt50_MICRO_SENS_PSEUDO_0.1	relative_compositional_CLR_association_not_absolute_load	0.9695253391238737	118	MICRO_SENS_PSEUDO_0.1	03_processed/microbiome/sensitivity/MICRO_SENS_PSEUDO_0.1_centered_log_ratio.tsv.gz	122	negative	118	9	-0.021532683918471227	0.08142286817244676	0.7777777777777778	True	LOW_CURRENT_CONCERN
Flavobacterium	preprocessing_sensitivity	Model_0	CLR_genus ~ standardized_Moffitt50_contrast	62	-0.393077952299256	0.08772088503634248	-0.5685458475826152	-0.21761005701589686	-4.481007597408588	3.399605813034188e-05	0.22055493032548168	0.20756417916423975	0.22055493032548168	0.2829640457121389	0.02328129675390079	0.5142697439546029	3.6398043332834797	0.16298334716024815	0.09080065219490131	33.30856698733582	42.73369385894615	122_genus_tests_Moffitt50_MICRO_SENS_PSEUDO_0.1	relative_compositional_CLR_association_not_absolute_load	0.0004608354546557455	9	MICRO_SENS_PSEUDO_0.1	03_processed/microbiome/sensitivity/MICRO_SENS_PSEUDO_0.1_centered_log_ratio.tsv.gz	122	negative	9	9	-0.393077952299256	0.247837964787162	0.8888888888888888	True	LOW_CURRENT_CONCERN
Verminephrobacter	preprocessing_sensitivity	Model_0	CLR_genus ~ standardized_Moffitt50_contrast	62	0.14723977879467354	0.2096776768975889	-0.27217802162858323	0.5666575792179303	0.7022196209594054	0.48525757009533976	0.011976644062141606	-0.004490411870156086	0.011976644062141606	0.012121822819434316	0.18452456687342061	6.372407662721232e-05	2.628660028637204	0.16871004000239082	0.09080065219490131	109.09685116907764	110.4193038691074	122_genus_tests_Moffitt50_MICRO_SENS_PSEUDO_0.1	relative_compositional_CLR_association_not_absolute_load	0.6298023782088452	94	MICRO_SENS_PSEUDO_0.1	03_processed/microbiome/sensitivity/MICRO_SENS_PSEUDO_0.1_centered_log_ratio.tsv.gz	122	positive	94	7	-0.3012078938216442	0.14723977879467354	0.2857142857142857	True	LOW_CURRENT_CONCERN
Citrobacter	preprocessing_sensitivity	Model_0	CLR_genus ~ standardized_Moffitt50_contrast	62	-0.8402377941493787	0.38299010504381836	-1.6063320671215413	-0.07414352117721623	-2.193889040692699	0.032127799489986515	0.0699794773937229	0.054479135350285035	0.0699794773937229	0.07524508942836373	8.610485552350138e-06	0.8291737959786588	1.6986547694744418	0.04735894552284952	0.09080065219490131	572.3426328669339	615.4086054606715	122_genus_tests_Moffitt50_MICRO_SENS_PSEUDO_0.1	relative_compositional_CLR_association_not_absolute_load	0.07999166403629296	49	MICRO_SENS_PSEUDO_0.1	03_processed/microbiome/sensitivity/MICRO_SENS_PSEUDO_0.1_centered_log_ratio.tsv.gz	122	negative	49	9	-0.8402377941493787	-0.0941438315238226	1.0	False	LOW_CURRENT_CONCERN
Sphingobium	preprocessing_sensitivity	Model_0	CLR_genus ~ standardized_Moffitt50_contrast	62	-0.5980979111566338	0.11017199261082705	-0.8184747080230423	-0.3777211142902253	-5.428765487335447	1.0787418618879991e-06	0.3436525903494523	0.3327134668552765	0.3436525903494523	0.5235833726111903	0.34997516234607573	0.772921139345182	3.5330976603146325	0.23622670278067567	0.09080065219490131	41.67624285374266	63.49723064486825	122_genus_tests_Moffitt50_MICRO_SENS_PSEUDO_0.1	relative_compositional_CLR_association_not_absolute_load	6.580325357516794e-05	2	MICRO_SENS_PSEUDO_0.1	03_processed/microbiome/sensitivity/MICRO_SENS_PSEUDO_0.1_centered_log_ratio.tsv.gz	122	negative	2	9	-0.5980979111566338	0.0427066561292963	0.8888888888888888	True	LOW_CURRENT_CONCERN
Methylorubrum	preprocessing_sensitivity	Model_0	CLR_genus ~ standardized_Moffitt50_contrast	62	0.8099745415623402	0.28185999172973203	0.2461706139923998	1.3737784691322805	2.87367687975739	0.00560373565744767	0.08715834269350253	0.0719443150717276	0.08715834269350253	0.09548024237925207	0.19954448237063593	0.07858267567517689	2.458341433151307	0.11468660815840281	0.09080065219490131	419.13995230308115	459.1595365398076	122_genus_tests_Moffitt50_MICRO_SENS_PSEUDO_0.1	relative_compositional_CLR_association_not_absolute_load	0.01953302143453188	35	MICRO_SENS_PSEUDO_0.1	03_processed/microbiome/sensitivity/MICRO_SENS_PSEUDO_0.1_centered_log_ratio.tsv.gz	122	positive	35	9	-0.09252678410057186	0.8099745415623402	0.8888888888888888	True	LOW_CURRENT_CONCERN
Ralstonia	preprocessing_sensitivity	Model_0	CLR_genus ~ standardized_Moffitt50_contrast	62	-0.1618885070895937	0.17074201534933567	-0.5034233885191952	0.17964637434000777	-0.9481468680006628	0.34685799987102617	0.02182768996216322	0.0055248181281993824	0.02182768996216322	0.022314769839803482	0.00014932138681209944	0.02000553187071555	4.108846674521308	0.4401358510922437	0.09080065219490131	71.64229001089187	73.2409712232814	122_genus_tests_Moffitt50_MICRO_SENS_PSEUDO_0.1	relative_compositional_CLR_association_not_absolute_load	0.5037699521936333	84	MICRO_SENS_PSEUDO_0.1	03_processed/microbiome/sensitivity/MICRO_SENS_PSEUDO_0.1_centered_log_ratio.tsv.gz	122	negative	84	7	-0.1618885070895937	0.479173989276415	0.7142857142857143	True	HIGH_RISK_POTENTIAL_CONTAMINANT
Erythrobacter	preprocessing_sensitivity	Model_0	CLR_genus ~ standardized_Moffitt50_contrast	62	-0.44916835556876505	0.08566908904444535	-0.6205320477983148	-0.2778046633392153	-5.2430621193571385	2.158301115348527e-06	0.26796218574906894	0.25576155551155344	0.26796218574906894	0.3660496500761581	0.3132619076045692	0.643882308300797	2.838097949989525	0.14102697048274335	0.09080065219490131	33.620807744918615	45.92769265522385	122_genus_tests_Moffitt50_MICRO_SENS_PSEUDO_0.1	relative_compositional_CLR_association_not_absolute_load	8.777091202417344e-05	3	MICRO_SENS_PSEUDO_0.1	03_processed/microbiome/sensitivity/MICRO_SENS_PSEUDO_0.1_centered_log_ratio.tsv.gz	122	negative	3	9	-0.44916835556876505	0.19176002050544386	0.8888888888888888	True	LOW_CURRENT_CONCERN
Xanthobacter	preprocessing_sensitivity	Model_0	CLR_genus ~ standardized_Moffitt50_contrast	62	-0.029782636046835852	0.30888040236231495	-0.6476354321550627	0.588070160061391	-0.0964212550199316	0.923507356778819	0.0001920234890354644	-0.016471442786147206	0.0001920234890354644	0.00019206036913765165	0.0029405355104784813	0.7687407950526645	2.041627472623401	0.1640505033788983	0.09080065219490131	281.72043116926756	281.77453849927144	122_genus_tests_Moffitt50_MICRO_SENS_PSEUDO_0.1	relative_compositional_CLR_association_not_absolute_load	0.9695253391238737	116	MICRO_SENS_PSEUDO_0.1	03_processed/microbiome/sensitivity/MICRO_SENS_PSEUDO_0.1_centered_log_ratio.tsv.gz	122	negative	116	9	-0.17392530238505788	-0.029782636046835852	1.0	False	LOW_CURRENT_CONCERN
Paucibacter	preprocessing_sensitivity	Model_0	CLR_genus ~ standardized_Moffitt50_contrast	62	0.6035809848525555	0.25007304368137256	0.10336042023222902	1.1038015494728821	2.4136187410171273	0.018864473624383607	0.12113432807637803	0.10648656687765101	0.12113432807637803	0.13783031007599217	0.2518808879568011	5.009944327588401e-05	2.4021417775117997	0.18709927929988576	0.09080065219490131	161.23384115988574	183.4567514816961	122_genus_tests_Moffitt50_MICRO_SENS_PSEUDO_0.1	relative_compositional_CLR_association_not_absolute_load	0.051143684048328884	45	MICRO_SENS_PSEUDO_0.1	03_processed/microbiome/sensitivity/MICRO_SENS_PSEUDO_0.1_centered_log_ratio.tsv.gz	122	positive	45	8	-0.28853300527194714	0.6035809848525555	0.875	True	LOW_CURRENT_CONCERN
Streptomyces	preprocessing_sensitivity	Model_0	CLR_genus ~ standardized_Moffitt50_contrast	62	0.8096660256382195	0.17274920307428435	0.46411617097402946	1.1552158803024097	4.686945069668732	1.6400313063179457e-05	0.19621296374405395	0.1828165131397882	0.19621296374405395	0.24411063489903662	0.05663858337064033	0.9816497250567383	2.576471884942963	0.131418215718091	0.09080065219490131	163.815490767043	203.80459422448314	122_genus_tests_Moffitt50_MICRO_SENS_PSEUDO_0.1	relative_compositional_CLR_association_not_absolute_load	0.0003381665715796652	5	MICRO_SENS_PSEUDO_0.1	03_processed/microbiome/sensitivity/MICRO_SENS_PSEUDO_0.1_centered_log_ratio.tsv.gz	122	positive	5	9	-0.3855406472376602	0.8096660256382195	0.8888888888888888	True	LOW_CURRENT_CONCERN
Collimonas	preprocessing_sensitivity	Model_0	CLR_genus ~ standardized_Moffitt50_contrast	62	0.3603269031781349	0.2523633011639394	-0.14447485849642178	0.8651286648526917	1.427810230395031	0.15853093933255563	0.03617434752900128	0.02011058665448473	0.03617434752900128	0.037532044759609424	0.05810269348106987	0.11004073301287338	2.259649576670703	0.11022030585830288	0.09080065219490131	211.01872165818722	218.93868576457785	122_genus_tests_Moffitt50_MICRO_SENS_PSEUDO_0.1	relative_compositional_CLR_association_not_absolute_load	0.2930420393722998	66	MICRO_SENS_PSEUDO_0.1	03_processed/microbiome/sensitivity/MICRO_SENS_PSEUDO_0.1_centered_log_ratio.tsv.gz	122	positive	66	9	-0.2188196156802856	0.3603269031781349	0.8888888888888888	True	LOW_CURRENT_CONCERN
Bacillus	preprocessing_sensitivity	Model_0	CLR_genus ~ standardized_Moffitt50_contrast	62	0.5055671603501686	0.2595734820440483	-0.013657110435198794	1.024791431135536	1.9476841639177012	0.0561361837047812	0.04742968774077705	0.03155351586979005	0.04742968774077705	0.04979127223510406	5.39638947618756e-05	0.3672437582083826	5.302516935461138	0.15881184202978418	0.09080065219490131	313.1369549562167	328.72844232731325	122_genus_tests_Moffitt50_MICRO_SENS_PSEUDO_0.1	relative_compositional_CLR_association_not_absolute_load	0.1245202620360601	55	MICRO_SENS_PSEUDO_0.1	03_processed/microbiome/sensitivity/MICRO_SENS_PSEUDO_0.1_centered_log_ratio.tsv.gz	122	positive	55	9	-0.2907021190413025	0.5055671603501686	0.8888888888888888	True	LOW_CURRENT_CONCERN
Polaromonas	preprocessing_sensitivity	Model_0	CLR_genus ~ standardized_Moffitt50_contrast	62	0.18602350765886658	0.22789239373200215	-0.26982915117687356	0.6418761664946067	0.8162778257427376	0.4175703085593191	0.009994690961076524	-0.006505397522905465	0.009994690961076524	0.010095593296140161	0.0010827846845167213	0.05220926590739428	2.784016628109572	0.16144002919175973	0.09080065219490131	209.09018495339686	211.20107442290103	122_genus_tests_Moffitt50_MICRO_SENS_PSEUDO_0.1	relative_compositional_CLR_association_not_absolute_load	0.5723997488116509	89	MICRO_SENS_PSEUDO_0.1	03_processed/microbiome/sensitivity/MICRO_SENS_PSEUDO_0.1_centered_log_ratio.tsv.gz	122	positive	89	9	-0.13711754169364163	0.18602350765886658	0.8888888888888888	True	LOW_CURRENT_CONCERN
Ochrobactrum	preprocessing_sensitivity	Model_0	CLR_genus ~ standardized_Moffitt50_contrast	62	1.1094349812787232	0.40172493224884326	0.30586547425253585	1.9130044883049107	2.761678183796415	0.007620048847252233	0.14481098056796948	0.1305578302441024	0.14481098056796948	0.16933213275369807	0.0029330823937301423	0.0016237591438631488	2.4157181121415974	0.12175799261822713	0.09080065219490131	443.3984466964096	518.4800513351896	122_genus_tests_Moffitt50_MICRO_SENS_PSEUDO_0.1	relative_compositional_CLR_association_not_absolute_load	0.025125566469318173	37	MICRO_SENS_PSEUDO_0.1	03_processed/microbiome/sensitivity/MICRO_SENS_PSEUDO_0.1_centered_log_ratio.tsv.gz	122	positive	37	8	0.29623425602014886	1.1094349812787232	1.0	False	LOW_CURRENT_CONCERN
Fusarium	preprocessing_sensitivity	Model_0	CLR_genus ~ standardized_Moffitt50_contrast	62	-0.9374383291812549	0.2872803501151564	-1.5120845878240963	-0.36279207053841345	-3.2631481018645463	0.001820950460022868	0.12087993473279623	0.1062279336450096	0.12087993473279623	0.137501053051332	1.6000463292839364e-07	0.8185895846505695	2.8997020979599504	0.15396620174044504	0.09080065219490131	389.86048973817225	443.466717620279	122_genus_tests_Moffitt50_MICRO_SENS_PSEUDO_0.1	relative_compositional_CLR_association_not_absolute_load	0.007166321165251287	31	MICRO_SENS_PSEUDO_0.1	03_processed/microbiome/sensitivity/MICRO_SENS_PSEUDO_0.1_centered_log_ratio.tsv.gz	122	negative	31	8	-0.9374383291812549	0.21856476146408563	0.875	True	LOW_CURRENT_CONCERN
Serratia	preprocessing_sensitivity	Model_0	CLR_genus ~ standardized_Moffitt50_contrast	62	-0.5867959762309412	0.3447720654431369	-1.2764427878282056	0.10285083536632345	-1.7019823676165005	0.0939352952691736	0.04918221704369741	0.03333525399442572	0.04918221704369741	0.05172622759618465	0.0007005729236815562	0.2421005365734091	1.8214419061169238	0.10138582661683389	0.09080065219490131	406.06287288036094	427.06697346133114	122_genus_tests_Moffitt50_MICRO_SENS_PSEUDO_0.1	relative_compositional_CLR_association_not_absolute_load	0.19100176704731966	60	MICRO_SENS_PSEUDO_0.1	03_processed/microbiome/sensitivity/MICRO_SENS_PSEUDO_0.1_centered_log_ratio.tsv.gz	122	negative	60	9	-0.5867959762309412	-0.10022395853865375	1.0	False	LOW_CURRENT_CONCERN
Candidatus Accumulibacter	preprocessing_sensitivity	Model_0	CLR_genus ~ standardized_Moffitt50_contrast	62	0.05941397137977953	0.24955396085823453	-0.4397682729999789	0.558596215759538	0.23808065868980996	0.8126297330868376	0.0008125162440502098	-0.015840608485215624	0.0008125162440502098	0.0008131769635423754	0.006843574513006283	0.08715323366714799	2.782511400127531	0.106131384739026	0.09080065219490131	264.8024099996158	265.01774121931794	122_genus_tests_Moffitt50_MICRO_SENS_PSEUDO_0.1	relative_compositional_CLR_association_not_absolute_load	0.916506124998412	108	MICRO_SENS_PSEUDO_0.1	03_processed/microbiome/sensitivity/MICRO_SENS_PSEUDO_0.1_centered_log_ratio.tsv.gz	122	positive	108	9	-0.21743076503705616	0.05941397137977953	0.7777777777777778	True	LOW_CURRENT_CONCERN
Methylibium	preprocessing_sensitivity	Model_0	CLR_genus ~ standardized_Moffitt50_contrast	62	0.594704326769632	0.21938014261570352	0.15587870530226255	1.0335299482370015	2.7108393662201142	0.008739374741251887	0.08385480376386112	0.06858571715992556	0.08385480376386112	0.09153003706002877	0.10555938300441298	0.022979765499730225	2.3460412316361974	0.13062360343847798	0.09080065219490131	235.70478179573604	257.2788492087257	122_genus_tests_Moffitt50_MICRO_SENS_PSEUDO_0.1	relative_compositional_CLR_association_not_absolute_load	0.027338556882890518	39	MICRO_SENS_PSEUDO_0.1	03_processed/microbiome/sensitivity/MICRO_SENS_PSEUDO_0.1_centered_log_ratio.tsv.gz	122	positive	39	9	-0.20808019394578747	0.594704326769632	0.8888888888888888	True	LOW_CURRENT_CONCERN
Novosphingobium	preprocessing_sensitivity	Model_0	CLR_genus ~ standardized_Moffitt50_contrast	62	-0.4522689530788984	0.0898062634840514	-0.6319082263292852	-0.2726296798285116	-5.036051334651245	4.634030583826708e-06	0.2789440564661779	0.26692645740728094	0.2789440564661779	0.38685494373585133	0.5832867008614424	0.5905375334609608	3.3045800976378175	0.2112753004858462	0.09080065219490131	32.25338014442883	44.73075970549287	122_genus_tests_Moffitt50_MICRO_SENS_PSEUDO_0.1	relative_compositional_CLR_association_not_absolute_load	0.00014133793280671458	4	MICRO_SENS_PSEUDO_0.1	03_processed/microbiome/sensitivity/MICRO_SENS_PSEUDO_0.1_centered_log_ratio.tsv.gz	122	negative	4	8	-0.4522689530788984	0.18864235267728774	0.875	True	MODERATE_RISK_ENVIRONMENTAL
Pseudoxanthomonas	preprocessing_sensitivity	Model_0	CLR_genus ~ standardized_Moffitt50_contrast	62	0.4471652512048728	0.2653065008691442	-0.08352676464990072	0.9778572670596464	1.6854666197019648	0.09709319794884269	0.04789644603460652	0.03202805346851667	0.04789644603460652	0.050305920858213116	0.0012810297717181821	0.014966728488398341	3.0373573268318914	0.198168778778088	0.09080065219490131	242.46375509893434	254.6611175739264	122_genus_tests_Moffitt50_MICRO_SENS_PSEUDO_0.1	relative_compositional_CLR_association_not_absolute_load	0.19418639589768538	61	MICRO_SENS_PSEUDO_0.1	03_processed/microbiome/sensitivity/MICRO_SENS_PSEUDO_0.1_centered_log_ratio.tsv.gz	122	positive	61	7	-0.24836254129331017	0.4471652512048728	0.8571428571428571	True	LOW_CURRENT_CONCERN
Burkholderia	preprocessing_sensitivity	Model_0	CLR_genus ~ standardized_Moffitt50_contrast	62	-0.3593707530521878	0.08993914824764891	-0.5392758354057776	-0.17946567069859803	-3.99570998896559	0.00017885974180191974	0.1978353385013435	0.18446592747636592	0.1978353385013435	0.24662684358562315	0.5307585269897086	0.769185425690734	3.2246438800189776	0.21938360191122466	0.09080065219490131	31.94294470371398	39.82093233082106	122_genus_tests_Moffitt50_MICRO_SENS_PSEUDO_0.1	relative_compositional_CLR_association_not_absolute_load	0.0010910444249917104	20	MICRO_SENS_PSEUDO_0.1	03_processed/microbiome/sensitivity/MICRO_SENS_PSEUDO_0.1_centered_log_ratio.tsv.gz	122	negative	20	9	-0.3593707530521878	0.28200611747374704	0.8888888888888888	True	BIOLOGICALLY_PLAUSIBLE_BUT_CONTAMINATION_SENSITIVE
Rhizobacter	preprocessing_sensitivity	Model_0	CLR_genus ~ standardized_Moffitt50_contrast	62	0.3226817792874378	0.2615667671756127	-0.20052965540525136	0.845893213980127	1.2336497589955424	0.22214428995465194	0.028998390655345485	0.01281503049960131	0.028998390655345485	0.02986441049764788	0.02459354634036557	0.1159380252077795	2.1528052339959953	0.1646768326457514	0.09080065219490131	212.67908074833235	219.0306161200629	122_genus_tests_Moffitt50_MICRO_SENS_PSEUDO_0.1	relative_compositional_CLR_association_not_absolute_load	0.3985529908009932	68	MICRO_SENS_PSEUDO_0.1	03_processed/microbiome/sensitivity/MICRO_SENS_PSEUDO_0.1_centered_log_ratio.tsv.gz	122	positive	68	9	-0.24087556655934075	0.3226817792874378	0.8888888888888888	True	LOW_CURRENT_CONCERN
Sphingomonas	preprocessing_sensitivity	Model_0	CLR_genus ~ standardized_Moffitt50_contrast	62	-0.39107144070970945	0.09652626334820862	-0.584152715052306	-0.19799016636711286	-4.0514511506465265	0.00014846993597468313	0.21097667220387817	0.19782628340727615	0.21097667220387817	0.2673896509412116	0.9688028306165678	0.8538910312436312	2.709733602680963	0.14971988006877113	0.09080065219490131	34.88971672323971	44.218865899304525	122_genus_tests_Moffitt50_MICRO_SENS_PSEUDO_0.1	relative_compositional_CLR_association_not_absolute_load	0.0010285288435529583	17	MICRO_SENS_PSEUDO_0.1	03_processed/microbiome/sensitivity/MICRO_SENS_PSEUDO_0.1_centered_log_ratio.tsv.gz	122	negative	17	9	-0.39107144070970945	0.24974664654442913	0.8888888888888888	True	BIOLOGICALLY_PLAUSIBLE_BUT_CONTAMINATION_SENSITIVE
Diaphorobacter	preprocessing_sensitivity	Model_0	CLR_genus ~ standardized_Moffitt50_contrast	62	0.08748395255077038	0.35632896842461387	-0.6252801069095728	0.8002480120111135	0.2455145674446583	0.8068958900864897	0.0008684042383073631	-0.015783789024387485	0.0008684042383073631	0.0008691590196838197	5.328936867293215e-05	0.02805217855496308	1.9808638649963168	0.07697079890594291	0.09080065219490131	537.1398657959079	537.6067257550961	122_genus_tests_Moffitt50_MICRO_SENS_PSEUDO_0.1	relative_compositional_CLR_association_not_absolute_load	0.916506124998412	107	MICRO_SENS_PSEUDO_0.1	03_processed/microbiome/sensitivity/MICRO_SENS_PSEUDO_0.1_centered_log_ratio.tsv.gz	122	positive	107	9	-0.05979035189504726	0.08748395255077038	0.8888888888888888	True	LOW_CURRENT_CONCERN
Fusobacterium	preprocessing_sensitivity	Model_0	CLR_genus ~ standardized_Moffitt50_contrast	62	0.6069006031379385	0.3419302431196193	-0.07706171745504242	1.2908629237309195	1.77492519410055	0.08098270909354491	0.04877168926202691	0.03291788408306073	0.04877168926202691	0.05127232727565616	0.0023012421943434777	0.1590236944674058	3.9134213426871307	0.1022462633768369	0.09080065219490131	438.2096554081794	460.67768427562015	122_genus_tests_Moffitt50_MICRO_SENS_PSEUDO_0.1	relative_compositional_CLR_association_not_absolute_load	0.16745577134597422	59	MICRO_SENS_PSEUDO_0.1	03_processed/microbiome/sensitivity/MICRO_SENS_PSEUDO_0.1_centered_log_ratio.tsv.gz	122	positive	59	9	0.06814505347672907	0.6069006031379385	1.0	False	LOW_CURRENT_CONCERN
Sphingobacterium	preprocessing_sensitivity	Model_0	CLR_genus ~ standardized_Moffitt50_contrast	62	-0.0599523670802288	0.26062074901702303	-0.581271483710705	0.4613667495502475	-0.23003681520504293	0.818845636269073	0.0008393003553385237	-0.015813377972072384	0.0008393003553385237	0.0008400053721458519	0.00022102031222083604	0.4379959546985355	2.400580169539888	0.09319460813002442	0.09080065219490131	261.01198004211284	261.23123150754265	122_genus_tests_Moffitt50_MICRO_SENS_PSEUDO_0.1	relative_compositional_CLR_association_not_absolute_load	0.916506124998412	109	MICRO_SENS_PSEUDO_0.1	03_processed/microbiome/sensitivity/MICRO_SENS_PSEUDO_0.1_centered_log_ratio.tsv.gz	122	negative	109	8	-0.26475368163621577	-0.0599523670802288	1.0	False	LOW_CURRENT_CONCERN
Alicycliphilus	preprocessing_sensitivity	Model_0	CLR_genus ~ standardized_Moffitt50_contrast	62	-0.194668218417088	0.10617719822127805	-0.40705423676668684	0.017717799932510853	-1.8334277196822495	0.0717005729043153	0.021919524419709013	0.005618183160037593	0.021919524419709013	0.022410757567473426	2.811324962452696e-11	0.4480585033127654	6.215252740845684	0.2459278792303716	0.09080065219490131	103.14861619482727	105.4602548257899	122_genus_tests_Moffitt50_MICRO_SENS_PSEUDO_0.1	relative_compositional_CLR_association_not_absolute_load	0.1508184464539046	58	MICRO_SENS_PSEUDO_0.1	03_processed/microbiome/sensitivity/MICRO_SENS_PSEUDO_0.1_centered_log_ratio.tsv.gz	122	negative	58	9	-0.194668218417088	0.33004477103611285	0.8888888888888888	True	LOW_CURRENT_CONCERN
Devosia	preprocessing_sensitivity	Model_0	CLR_genus ~ standardized_Moffitt50_contrast	62	-0.47662148338685567	0.2572824781372958	-0.9912630640473199	0.03802009727360861	-1.8525221260210036	0.06887138337972998	0.0512503783865218	0.03543788469296394	0.0512503783865218	0.05401886569331489	1.889695857474626e-05	0.6832863516747121	2.752130464141707	0.14216971189369584	0.09080065219490131	256.52612593999635	270.38337628397545	122_genus_tests_Moffitt50_MICRO_SENS_PSEUDO_0.1	relative_compositional_CLR_association_not_absolute_load	0.14740892583029924	57	MICRO_SENS_PSEUDO_0.1	03_processed/microbiome/sensitivity/MICRO_SENS_PSEUDO_0.1_centered_log_ratio.tsv.gz	122	negative	57	9	-0.47662148338685567	0.015339100589214744	0.8888888888888888	True	LOW_CURRENT_CONCERN
Ottowia	preprocessing_sensitivity	Model_0	CLR_genus ~ standardized_Moffitt50_contrast	62	0.17201155233939397	0.24922722637460884	-0.326517125764391	0.6705402304431789	0.6901796197853864	0.49274239389918106	0.009180432053747856	-0.0073332274120230245	0.009180432053747856	0.009265493285297991	0.00878238073457919	0.001220067505589352	2.3186281411445964	0.13235363669992836	0.09080065219490131	194.7944234436522	196.59928986608284	122_genus_tests_Moffitt50_MICRO_SENS_PSEUDO_0.1	relative_compositional_CLR_association_not_absolute_load	0.6327849690073694	95	MICRO_SENS_PSEUDO_0.1	03_processed/microbiome/sensitivity/MICRO_SENS_PSEUDO_0.1_centered_log_ratio.tsv.gz	122	positive	95	9	-0.20681100111315293	0.17201155233939397	0.8888888888888888	True	LOW_CURRENT_CONCERN
Thauera	preprocessing_sensitivity	Model_0	CLR_genus ~ standardized_Moffitt50_contrast	62	-0.20375566760429745	0.16796329763043488	-0.5397322860327892	0.13222095082419436	-1.2130963756892625	0.22984735206881501	0.014901993823288606	-0.0015163062796565985	0.014901993823288606	0.015127422581155259	8.437362054760762e-09	0.18630781665796686	3.76483977210678	0.22123677019917606	0.09080065219490131	167.41111602765815	169.9436147245913	122_genus_tests_Moffitt50_MICRO_SENS_PSEUDO_0.1	relative_compositional_CLR_association_not_absolute_load	0.40105447542258416	69	MICRO_SENS_PSEUDO_0.1	03_processed/microbiome/sensitivity/MICRO_SENS_PSEUDO_0.1_centered_log_ratio.tsv.gz	122	negative	69	9	-0.20375566760429745	0.16382083954361717	0.8888888888888888	True	LOW_CURRENT_CONCERN
Phreatobacter	preprocessing_sensitivity	Model_0	CLR_genus ~ standardized_Moffitt50_contrast	62	-0.25148940770107003	0.2290571516485041	-0.7096719292603628	0.20669311385822275	-1.097933008819515	0.27662033350921306	0.018506887969776842	0.0021486694359398317	0.018506887969776842	0.018855851093539776	0.0001301071452042113	0.5307235998562028	2.9002228821517657	0.11434528807621296	0.09080065219490131	204.60822660281275	208.46628885614862	122_genus_tests_Moffitt50_MICRO_SENS_PSEUDO_0.1	relative_compositional_CLR_association_not_absolute_load	0.44996907584165324	75	MICRO_SENS_PSEUDO_0.1	03_processed/microbiome/sensitivity/MICRO_SENS_PSEUDO_0.1_centered_log_ratio.tsv.gz	122	negative	75	7	-0.25148940770107003	-0.20677711552036843	1.0	False	LOW_CURRENT_CONCERN
Dickeya	preprocessing_sensitivity	Model_0	CLR_genus ~ standardized_Moffitt50_contrast	62	0.2811914149858607	0.2555900772554642	-0.23006485987670072	0.7924476898484221	1.1001656167770857	0.27565444709590065	0.016307376148104735	-8.750091609344146e-05	0.016307376148104735	0.016577715185307696	0.04367577267049763	0.46059487402528043	2.4522760325053494	0.10259850751955267	0.09080065219490131	290.94391293689483	295.7670982604615	122_genus_tests_Moffitt50_MICRO_SENS_PSEUDO_0.1	relative_compositional_CLR_association_not_absolute_load	0.44996907584165324	74	MICRO_SENS_PSEUDO_0.1	03_processed/microbiome/sensitivity/MICRO_SENS_PSEUDO_0.1_centered_log_ratio.tsv.gz	122	positive	74	9	-0.030285564141239733	0.2811914149858607	0.8888888888888888	True	LOW_CURRENT_CONCERN
Rhizobium	preprocessing_sensitivity	Model_0	CLR_genus ~ standardized_Moffitt50_contrast	62	-0.500609013719891	0.12260225919694373	-0.7458500457655652	-0.25536798167421665	-4.083195668651841	0.000133457266356786	0.20799685667614776	0.19479680428741697	0.20799685667614776	0.2626212514804342	0.7975202047034033	0.9818864021729943	3.0003851536969632	0.12032773145359031	0.09080065219490131	58.20995968718333	73.497132148857	122_genus_tests_Moffitt50_MICRO_SENS_PSEUDO_0.1	relative_compositional_CLR_association_not_absolute_load	0.0010285288435529583	15	MICRO_SENS_PSEUDO_0.1	03_processed/microbiome/sensitivity/MICRO_SENS_PSEUDO_0.1_centered_log_ratio.tsv.gz	122	negative	15	9	-0.500609013719891	0.14021188641999227	0.8888888888888888	True	BIOLOGICALLY_PLAUSIBLE_BUT_CONTAMINATION_SENSITIVE
Sinorhizobium	preprocessing_sensitivity	Model_0	CLR_genus ~ standardized_Moffitt50_contrast	62	0.21739330610018118	0.23250753469344182	-0.2476910091490155	0.6824776213493778	0.9349946718363835	0.3535389597585824	0.009971402924081496	-0.006529073693850362	0.009971402924081496	0.0100718332314161	1.5595638395258933e-07	0.02262468386707452	2.6305393203250675	0.09977171154541717	0.09080065219490131	286.2290067288711	289.1118575506382	122_genus_tests_Moffitt50_MICRO_SENS_PSEUDO_0.1	relative_compositional_CLR_association_not_absolute_load	0.5074323893005536	85	MICRO_SENS_PSEUDO_0.1	03_processed/microbiome/sensitivity/MICRO_SENS_PSEUDO_0.1_centered_log_ratio.tsv.gz	122	positive	85	9	0.21739330610018118	0.3334367165483815	1.0	False	LOW_CURRENT_CONCERN
Stenotrophomonas	preprocessing_sensitivity	Model_0	CLR_genus ~ standardized_Moffitt50_contrast	62	-0.2430872508961397	0.09470168766755874	-0.43251883047863215	-0.053655671313647235	-2.5668734832844198	0.012774162365204537	0.07288396383156348	0.057432029895422954	0.07288396383156348	0.07861363733150019	0.468550578234843	0.17732048839405656	2.4495544486132124	0.08300097915891413	0.09080065219490131	45.85179145499836	49.456367559441176	122_genus_tests_Moffitt50_MICRO_SENS_PSEUDO_0.1	relative_compositional_CLR_association_not_absolute_load	0.037148695002482204	41	MICRO_SENS_PSEUDO_0.1	03_processed/microbiome/sensitivity/MICRO_SENS_PSEUDO_0.1_centered_log_ratio.tsv.gz	122	negative	41	9	-0.2430872508961397	0.3980946401662395	0.8888888888888888	True	BIOLOGICALLY_PLAUSIBLE_BUT_CONTAMINATION_SENSITIVE
Corynebacterium	preprocessing_sensitivity	Model_0	CLR_genus ~ standardized_Moffitt50_contrast	62	0.40399767435545403	0.27292638882621645	-0.14193638678384385	0.9499317354947518	1.4802440910640418	0.14404021168814782	0.03485406167127547	0.01876829603246344	0.03485406167127547	0.03611273724223489	0.02900293222953271	0.24514625899458875	2.137500888013323	0.14218606654880225	0.09080065219490131	275.6939001100618	285.64996148402344	122_genus_tests_Moffitt50_MICRO_SENS_PSEUDO_0.1	relative_compositional_CLR_association_not_absolute_load	0.2703523973223697	65	MICRO_SENS_PSEUDO_0.1	03_processed/microbiome/sensitivity/MICRO_SENS_PSEUDO_0.1_centered_log_ratio.tsv.gz	122	positive	65	9	-0.27168729937554625	0.40399767435545403	0.8888888888888888	True	LOW_CURRENT_CONCERN
Leptothrix	preprocessing_sensitivity	Model_0	CLR_genus ~ standardized_Moffitt50_contrast	62	0.2232670673173095	0.28528735733769933	-0.3473926122134944	0.7939267468481134	0.7826041413150482	0.43693753171700467	0.0122915309510373	-0.004170276866445333	0.0122915309510373	0.012444492819700611	0.0029949884357903995	0.26702252764435064	1.9530400338029024	0.17434482733420398	0.09080065219490131	244.34416318221693	247.38490236647374	122_genus_tests_Moffitt50_MICRO_SENS_PSEUDO_0.1	relative_compositional_CLR_association_not_absolute_load	0.5868153790656178	90	MICRO_SENS_PSEUDO_0.1	03_processed/microbiome/sensitivity/MICRO_SENS_PSEUDO_0.1_centered_log_ratio.tsv.gz	122	positive	90	9	-0.13843812944432018	0.2232670673173095	0.8888888888888888	True	LOW_CURRENT_CONCERN
Altererythrobacter	preprocessing_sensitivity	Model_0	CLR_genus ~ standardized_Moffitt50_contrast	62	-0.025842758457895597	0.17871486174039788	-0.38332570715879305	0.3316401902430019	-0.14460329827205373	0.8855087298448205	0.00025015120544180647	-0.016412346274467415	0.00025015120544180647	0.0002502137967246753	3.1218819168614777e-07	0.034622432002122054	2.6247543795944166	0.11152854549971505	0.09080065219490131	162.8157143240012	162.85645306204862	122_genus_tests_Moffitt50_MICRO_SENS_PSEUDO_0.1	relative_compositional_CLR_association_not_absolute_load	0.9645720092952509	112	MICRO_SENS_PSEUDO_0.1	03_processed/microbiome/sensitivity/MICRO_SENS_PSEUDO_0.1_centered_log_ratio.tsv.gz	122	negative	112	9	-0.025842758457895597	0.13441345874383576	0.8888888888888888	True	LOW_CURRENT_CONCERN
Roseolovirus	preprocessing_sensitivity	Model_0	CLR_genus ~ standardized_Moffitt50_contrast	62	-1.4070681167254238	0.3299721899972648	-2.067110769702228	-0.7470254637486194	-4.264202133934642	7.213911107326706e-05	0.20425006824832193	0.19098756938579398	0.20425006824832193	0.25667619951748893	3.5063583927302676e-05	0.0008302290374358856	2.10340778981276	0.08316574834304734	0.09080065219490131	470.5160899937276	591.2863717851466	122_genus_tests_Moffitt50_MICRO_SENS_PSEUDO_0.1	relative_compositional_CLR_association_not_absolute_load	0.0006769978116106601	13	MICRO_SENS_PSEUDO_0.1	03_processed/microbiome/sensitivity/MICRO_SENS_PSEUDO_0.1_centered_log_ratio.tsv.gz	122	negative	13	8	-1.4070681167254238	0.07664365012380091	0.875	True	LOW_CURRENT_CONCERN
Janibacter	preprocessing_sensitivity	Model_0	CLR_genus ~ standardized_Moffitt50_contrast	62	0.4826706433361536	0.2983123370808727	-0.11404287480669972	1.079384161479007	1.6180042973056836	0.11090727255695385	0.05392614713749522	0.03815824958978686	0.05392614713749522	0.05699993396322352	0.01680280320463963	0.0274029280894826	3.0957036148129915	0.15118499277249298	0.09080065219490131	249.32007737798068	263.53130532423137	122_genus_tests_Moffitt50_MICRO_SENS_PSEUDO_0.1	relative_compositional_CLR_association_not_absolute_load	0.21823689116045755	62	MICRO_SENS_PSEUDO_0.1	03_processed/microbiome/sensitivity/MICRO_SENS_PSEUDO_0.1_centered_log_ratio.tsv.gz	122	positive	62	8	-0.2104935493871246	0.4826706433361536	0.875	True	LOW_CURRENT_CONCERN
Lactobacillus	preprocessing_sensitivity	Model_0	CLR_genus ~ standardized_Moffitt50_contrast	62	0.32572207484052784	0.3105700667277175	-0.2955105532177488	0.9469547028988045	1.0487877285549687	0.29848214729280087	0.020942153122972762	0.004624522341689086	0.020942153122972762	0.02139010804088184	0.0026487224057694563	0.03803958707128255	3.4146988630537902	0.14745602943412733	0.09080065219490131	302.55981222601764	309.03159929836113	122_genus_tests_Moffitt50_MICRO_SENS_PSEUDO_0.1	relative_compositional_CLR_association_not_absolute_load	0.45518527462152136	80	MICRO_SENS_PSEUDO_0.1	03_processed/microbiome/sensitivity/MICRO_SENS_PSEUDO_0.1_centered_log_ratio.tsv.gz	122	positive	80	9	-0.30725411039006767	0.32572207484052784	0.8888888888888888	True	LOW_CURRENT_CONCERN
Acinetobacter	preprocessing_sensitivity	Model_0	CLR_genus ~ standardized_Moffitt50_contrast	62	-0.2999014566621953	0.09830617163401642	-0.49654307767227834	-0.10325983565211225	-3.0506879850707342	0.003397094431508278	0.14085755696163516	0.1265385162443291	0.14085755696163516	0.1639513425311537	0.9529552136999574	0.5171151640338579	2.7922130096694344	0.16989028625636374	0.09080065219490131	33.46354974282663	38.94994364902111	122_genus_tests_Moffitt50_MICRO_SENS_PSEUDO_0.1	relative_compositional_CLR_association_not_absolute_load	0.012189574136588529	34	MICRO_SENS_PSEUDO_0.1	03_processed/microbiome/sensitivity/MICRO_SENS_PSEUDO_0.1_centered_log_ratio.tsv.gz	122	negative	34	9	-0.2999014566621953	0.3409093251196318	0.8888888888888888	True	BIOLOGICALLY_PLAUSIBLE_BUT_CONTAMINATION_SENSITIVE
Janthinobacterium	preprocessing_sensitivity	Model_0	CLR_genus ~ standardized_Moffitt50_contrast	62	-0.012677479223610427	0.23244425208710642	-0.477635210413183	0.4522802519659621	-0.05453986970974724	0.9566862454268243	5.931780700463296e-05	-0.016606360229545203	5.931780700463296e-05	5.932132581558895e-05	0.0032816044084381726	0.004147821420936465	3.284472066769482	0.10961662894362219	0.09080065219490131	165.26648911880923	165.27629294605666	122_genus_tests_Moffitt50_MICRO_SENS_PSEUDO_0.1	relative_compositional_CLR_association_not_absolute_load	0.9695253391238737	120	MICRO_SENS_PSEUDO_0.1	03_processed/microbiome/sensitivity/MICRO_SENS_PSEUDO_0.1_centered_log_ratio.tsv.gz	122	negative	120	7	-0.2073114288744969	-0.012677479223610427	1.0	False	LOW_CURRENT_CONCERN
Paracoccus	preprocessing_sensitivity	Model_0	CLR_genus ~ standardized_Moffitt50_contrast	62	0.3831964909827919	0.2862536649259952	-0.18939609151227604	0.9557890734778598	1.3386605585708717	0.18573153451398577	0.02581363934744718	0.009577200003238029	0.02581363934744718	0.026497639866520067	6.357662480688482e-05	0.0065424856085613825	2.082370009192445	0.1591340118815712	0.09080065219490131	338.038128599916	346.99534119270896	122_genus_tests_Moffitt50_MICRO_SENS_PSEUDO_0.1	relative_compositional_CLR_association_not_absolute_load	0.33819771956278005	67	MICRO_SENS_PSEUDO_0.1	03_processed/microbiome/sensitivity/MICRO_SENS_PSEUDO_0.1_centered_log_ratio.tsv.gz	122	positive	67	9	0.14074699964343015	0.3831964909827919	1.0	False	LOW_CURRENT_CONCERN
Delftia	preprocessing_sensitivity	Model_0	CLR_genus ~ standardized_Moffitt50_contrast	62	-0.2105480408070087	0.1365909592716269	-0.4837706391448825	0.06267455753086507	-1.5414493164830156	0.1284654493092793	0.01905723286441796	0.0027081867454916697	0.01905723286441796	0.019427466619756365	9.316908377282687e-06	0.8566408545622443	4.966493029825485	0.19203233445560008	0.09080065219490131	139.19257614360652	141.89673527035433	122_genus_tests_Moffitt50_MICRO_SENS_PSEUDO_0.1	relative_compositional_CLR_association_not_absolute_load	0.24877436215447737	63	MICRO_SENS_PSEUDO_0.1	03_processed/microbiome/sensitivity/MICRO_SENS_PSEUDO_0.1_centered_log_ratio.tsv.gz	122	negative	63	7	-0.2105480408070087	0.4303661368109584	0.7142857142857143	True	HIGH_RISK_POTENTIAL_CONTAMINANT
Sphingorhabdus	preprocessing_sensitivity	Model_0	CLR_genus ~ standardized_Moffitt50_contrast	62	0.5011679943879076	0.22674997896637564	0.047600505319687125	0.9547354834561281	2.2102228925111604	0.030915000776232306	0.07582894294846099	0.06042609199760207	0.07582894294846099	0.08205076578613538	0.5687117043069366	0.70224508397398	2.7966837542344876	0.1679589630223501	0.09080065219490131	186.72989493433363	202.05122580886027	122_genus_tests_Moffitt50_MICRO_SENS_PSEUDO_0.1	relative_compositional_CLR_association_not_absolute_load	0.07857562697292378	48	MICRO_SENS_PSEUDO_0.1	03_processed/microbiome/sensitivity/MICRO_SENS_PSEUDO_0.1_centered_log_ratio.tsv.gz	122	positive	48	9	-0.351892084151617	0.5011679943879076	0.8888888888888888	True	LOW_CURRENT_CONCERN
Klebsiella	preprocessing_sensitivity	Model_0	CLR_genus ~ standardized_Moffitt50_contrast	62	-0.9000886543866474	0.22486703694935306	-1.3498896986392386	-0.4502876101340564	-4.002759437744426	0.000174708670855843	0.2420679759966019	0.22943577559654527	0.2420679759966019	0.31937953316446305	0.23676678418887434	0.6858633306765596	3.088124188002794	0.18822905177073304	0.09080065219490131	154.7366991285599	204.15643385964935	122_genus_tests_Moffitt50_MICRO_SENS_PSEUDO_0.1	relative_compositional_CLR_association_not_absolute_load	0.0010910444249917104	19	MICRO_SENS_PSEUDO_0.1	03_processed/microbiome/sensitivity/MICRO_SENS_PSEUDO_0.1_centered_log_ratio.tsv.gz	122	negative	19	9	-0.9000886543866474	-0.2595436216423461	1.0	False	LOW_CURRENT_CONCERN
Brachybacterium	preprocessing_sensitivity	Model_0	CLR_genus ~ standardized_Moffitt50_contrast	62	0.444301166968059	0.21619726623880542	0.011842246185139405	0.8767600877509786	2.0550730113178046	0.044233174256113436	0.07195503903555167	0.05648762301947763	0.07195503903555167	0.07753400111215962	0.06659071183771173	0.014875100101742634	3.6027849625675756	0.11655973694269428	0.09080065219490131	155.3075421414242	167.34915728654408	122_genus_tests_Moffitt50_MICRO_SENS_PSEUDO_0.1	relative_compositional_CLR_association_not_absolute_load	0.10581269135776154	51	MICRO_SENS_PSEUDO_0.1	03_processed/microbiome/sensitivity/MICRO_SENS_PSEUDO_0.1_centered_log_ratio.tsv.gz	122	positive	51	7	-0.43011364035076505	0.444301166968059	0.8571428571428571	True	LOW_CURRENT_CONCERN
Herbaspirillum	preprocessing_sensitivity	Model_0	CLR_genus ~ standardized_Moffitt50_contrast	62	0.7134656317250663	0.22439709436330588	0.2646046126038172	1.1623266508463153	3.179478030896172	0.002334535424124435	0.13777297817577028	0.1234025278120332	0.13777297817577028	0.15978735842015415	0.20940365383909723	0.4033939636633388	3.0040829290925	0.24778410971046197	0.09080065219490131	194.32717314955798	225.37819881638165	122_genus_tests_Moffitt50_MICRO_SENS_PSEUDO_0.1	relative_compositional_CLR_association_not_absolute_load	0.008900416304474407	32	MICRO_SENS_PSEUDO_0.1	03_processed/microbiome/sensitivity/MICRO_SENS_PSEUDO_0.1_centered_log_ratio.tsv.gz	122	positive	32	8	-0.4180183650526207	0.7134656317250663	0.875	True	MODERATE_RISK_ENVIRONMENTAL
Melaminivora	preprocessing_sensitivity	Model_0	CLR_genus ~ standardized_Moffitt50_contrast	62	-0.014138444892149504	0.23057077141006396	-0.47534865676384824	0.44707176697954926	-0.06131932857614748	0.9513087018684625	5.831569457348529e-05	-0.016607379043850123	5.831569457348529e-05	5.8319095492045805e-05	7.223645988163544e-07	0.011552762009674554	2.0128227825539198	0.14836201914662794	0.09080065219490131	209.08474247034613	209.09693610340815	122_genus_tests_Moffitt50_MICRO_SENS_PSEUDO_0.1	relative_compositional_CLR_association_not_absolute_load	0.9695253391238737	119	MICRO_SENS_PSEUDO_0.1	03_processed/microbiome/sensitivity/MICRO_SENS_PSEUDO_0.1_centered_log_ratio.tsv.gz	122	negative	119	9	-0.014138444892149504	0.08689498779858233	0.8888888888888888	True	LOW_CURRENT_CONCERN
Lysobacter	preprocessing_sensitivity	Model_0	CLR_genus ~ standardized_Moffitt50_contrast	62	-0.05905007170907721	0.23107017186675657	-0.521259233226611	0.40315908980845666	-0.25555038641304	0.7991720694404334	0.0011045131904741101	-0.015543744923018021	0.0011045131904741101	0.0011057344888021543	0.016560697366038785	0.6335621786091048	2.194333825633945	0.1489492297429697	0.09080065219490131	192.36224541578753	192.57494698488725	122_genus_tests_Moffitt50_MICRO_SENS_PSEUDO_1.0	relative_compositional_CLR_association_not_absolute_load	0.9198018157710649	106	MICRO_SENS_PSEUDO_1.0	03_processed/microbiome/sensitivity/MICRO_SENS_PSEUDO_1.0_centered_log_ratio.tsv.gz	122	negative	106	9	-0.1064078828104997	0.06822276164190187	0.8888888888888888	True	LOW_CURRENT_CONCERN
Brevundimonas	preprocessing_sensitivity	Model_0	CLR_genus ~ standardized_Moffitt50_contrast	62	-0.2693398600069521	0.06474927717629864	-0.3988576981196999	-0.13982202189420428	-4.159735394012143	0.00010304332439063756	0.23625901691231876	0.22353000052752414	0.23625901691231876	0.30934442716058236	0.8552002493026154	0.9113790663692062	2.5455371553112545	0.23001251418987287	0.09080065219490131	14.305030842547835	18.73021241405026	122_genus_tests_Moffitt50_MICRO_SENS_PSEUDO_1.0	relative_compositional_CLR_association_not_absolute_load	0.0015714106969572227	8	MICRO_SENS_PSEUDO_1.0	03_processed/microbiome/sensitivity/MICRO_SENS_PSEUDO_1.0_centered_log_ratio.tsv.gz	122	negative	8	7	-0.47476939770179627	0.16603946550957993	0.8571428571428571	True	HIGH_RISK_POTENTIAL_CONTAMINANT
Paraburkholderia	preprocessing_sensitivity	Model_0	CLR_genus ~ standardized_Moffitt50_contrast	62	-0.21065397101354663	0.15738473314953655	-0.5254703099508601	0.10416236792376685	-1.3384650899614081	0.18579483988444026	0.019655236203401594	0.003316156806791648	0.019655236203401594	0.020049310129716422	5.7937544220055546e-08	0.5380091269394148	4.909544167594721	0.23768459862463784	0.09080065219490131	135.0111703703118	137.71805119604215	122_genus_tests_Moffitt50_MICRO_SENS_PSEUDO_1.0	relative_compositional_CLR_association_not_absolute_load	0.3541714135297142	64	MICRO_SENS_PSEUDO_1.0	03_processed/microbiome/sensitivity/MICRO_SENS_PSEUDO_1.0_centered_log_ratio.tsv.gz	122	negative	64	6	-0.2295738398272358	-0.17552355289460428	1.0	False	MODERATE_RISK_ENVIRONMENTAL
Aerococcus	preprocessing_sensitivity	Model_0	CLR_genus ~ standardized_Moffitt50_contrast	62	0.1717504256881016	0.14134284573400074	-0.11097736079091766	0.4544782121671208	1.2151334918735555	0.22907528778382452	0.02955490711841402	0.01338082223705428	0.02955490711841402	0.030455001869972173	0.007740110018918289	0.20590244486330642	3.0439807721136303	0.18361139802979215	0.09080065219490131	59.08358633006126	60.882977062227944	122_genus_tests_Moffitt50_MICRO_SENS_PSEUDO_1.0	relative_compositional_CLR_association_not_absolute_load	0.3936223254876985	71	MICRO_SENS_PSEUDO_1.0	03_processed/microbiome/sensitivity/MICRO_SENS_PSEUDO_1.0_centered_log_ratio.tsv.gz	122	positive	71	8	-0.43998823998597864	0.46464313098629384	0.875	True	LOW_CURRENT_CONCERN
Acidovorax	preprocessing_sensitivity	Model_0	CLR_genus ~ standardized_Moffitt50_contrast	62	-0.18102780875442145	0.08039125081397544	-0.3418342526666186	-0.020221364842224282	-2.2518347074026503	0.028005599599808695	0.09020989429451998	0.0750467258660954	0.09020989429451998	0.09915462229012523	0.040040460826328006	0.01756003699041501	2.3013142534136763	0.1518411327991307	0.09080065219490131	20.16078599179081	22.159821111878877	122_genus_tests_Moffitt50_MICRO_SENS_PSEUDO_1.0	relative_compositional_CLR_association_not_absolute_load	0.08991271450464897	38	MICRO_SENS_PSEUDO_1.0	03_processed/microbiome/sensitivity/MICRO_SENS_PSEUDO_1.0_centered_log_ratio.tsv.gz	122	negative	38	9	-0.3848994900514588	0.25608410912850155	0.8888888888888888	True	LOW_CURRENT_CONCERN
Cupriavidus	preprocessing_sensitivity	Model_0	CLR_genus ~ standardized_Moffitt50_contrast	62	-0.2868394837413654	0.07297668458861101	-0.43281458698178565	-0.1408643805009452	-3.9305633759378895	0.0002219946448199554	0.14558528526588854	0.1313450400203201	0.14558528526588854	0.17039182817818602	2.786205368439263e-08	0.5850292227179935	7.5816753713984975	0.2913415034441296	0.09080065219490131	29.45499387544167	34.473884130855446	122_genus_tests_Moffitt50_MICRO_SENS_PSEUDO_1.0	relative_compositional_CLR_association_not_absolute_load	0.002462122424366778	11	MICRO_SENS_PSEUDO_1.0	03_processed/microbiome/sensitivity/MICRO_SENS_PSEUDO_1.0_centered_log_ratio.tsv.gz	122	negative	11	9	-0.47525427738843407	0.11145600631722874	0.8888888888888888	True	BIOLOGICALLY_PLAUSIBLE_BUT_CONTAMINATION_SENSITIVE
Staphylococcus	preprocessing_sensitivity	Model_0	CLR_genus ~ standardized_Moffitt50_contrast	62	-0.4419688848858061	0.15960214631961378	-0.7612207105577308	-0.12271705921388143	-2.769191361629526	0.0074662796808295665	0.08869581392914616	0.0735074108279653	0.08869581392914616	0.09732843904905543	0.03976520497996678	0.11521980124371639	2.359905115993955	0.1064753004846747	0.09080065219490131	122.42594583926007	134.34147204689944	122_genus_tests_Moffitt50_MICRO_SENS_PSEUDO_1.0	relative_compositional_CLR_association_not_absolute_load	0.033736523002266934	27	MICRO_SENS_PSEUDO_1.0	03_processed/microbiome/sensitivity/MICRO_SENS_PSEUDO_1.0_centered_log_ratio.tsv.gz	122	negative	27	9	-0.6117666435337625	-0.0967237405855739	1.0	False	LOW_CURRENT_CONCERN
Luteimonas	preprocessing_sensitivity	Model_0	CLR_genus ~ standardized_Moffitt50_contrast	62	0.07267101532174226	0.15614765968691016	-0.239670808262608	0.3850128389060925	0.46539932437959086	0.6433303814024662	0.004931468357259106	-0.011653007170119745	0.004931468357259106	0.004955908262034809	7.0302719103018125e-06	0.005724264744395473	4.013516802160922	0.35353594257526233	0.09080065219490131	65.00234619137247	65.32449185591393	122_genus_tests_Moffitt50_MICRO_SENS_PSEUDO_1.0	relative_compositional_CLR_association_not_absolute_load	0.8439387799043105	93	MICRO_SENS_PSEUDO_1.0	03_processed/microbiome/sensitivity/MICRO_SENS_PSEUDO_1.0_centered_log_ratio.tsv.gz	122	positive	93	6	-0.24135337341528235	0.19972120534171772	0.8333333333333334	True	LOW_CURRENT_CONCERN
Rhodopseudomonas	preprocessing_sensitivity	Model_0	CLR_genus ~ standardized_Moffitt50_contrast	62	0.405313994853455	0.194428042071553	0.016400005759230618	0.7942279839476794	2.0846478241255557	0.04136563636148598	0.06781303764290803	0.052276588270289914	0.06781303764290803	0.0727461768736162	0.004303455083702334	0.18747369160772348	2.159826744923043	0.17030906226192474	0.09080065219490131	137.7535690607888	147.77461456065686	122_genus_tests_Moffitt50_MICRO_SENS_PSEUDO_1.0	relative_compositional_CLR_association_not_absolute_load	0.12308799112442169	41	MICRO_SENS_PSEUDO_1.0	03_processed/microbiome/sensitivity/MICRO_SENS_PSEUDO_1.0_centered_log_ratio.tsv.gz	122	positive	41	9	0.3285600369017634	0.45682013834174473	1.0	False	LOW_CURRENT_CONCERN
Rhodoferax	preprocessing_sensitivity	Model_0	CLR_genus ~ standardized_Moffitt50_contrast	62	0.016320265453146982	0.120465285632142	-0.22464618302515238	0.25728671393144636	0.1354769165864368	0.8926883078715693	0.00020069630764696367	-0.016462625420558874	0.00020069630764696367	0.00020073659474033768	0.0004312485018941448	0.01279428063335333	3.001150457143505	0.0657101505490131	0.09080065219490131	80.93897853140716	80.9552259463393	122_genus_tests_Moffitt50_MICRO_SENS_PSEUDO_1.0	relative_compositional_CLR_association_not_absolute_load	0.9470258570463604	115	MICRO_SENS_PSEUDO_1.0	03_processed/microbiome/sensitivity/MICRO_SENS_PSEUDO_1.0_centered_log_ratio.tsv.gz	122	positive	115	9	-0.11760221629835572	0.07289599979546624	0.8888888888888888	True	LOW_CURRENT_CONCERN
Blastomonas	preprocessing_sensitivity	Model_0	CLR_genus ~ standardized_Moffitt50_contrast	62	-0.10708785435814377	0.04715579697497179	-0.20141349234252648	-0.01276221637376107	-2.270937217220213	0.026752985505120088	0.07157882524830128	0.05610513900243974	0.07157882524830128	0.07709736399263475	0.016552043242194673	0.8347137243848668	3.752694850610498	0.11820673185954879	0.09080065219490131	9.073414256805405	9.772950578418293	122_genus_tests_Moffitt50_MICRO_SENS_PSEUDO_1.0	relative_compositional_CLR_association_not_absolute_load	0.08991271450464897	36	MICRO_SENS_PSEUDO_1.0	03_processed/microbiome/sensitivity/MICRO_SENS_PSEUDO_1.0_centered_log_ratio.tsv.gz	122	negative	36	9	-0.30810806699131943	0.33320041136407413	0.8888888888888888	True	LOW_CURRENT_CONCERN
Aeromonas	preprocessing_sensitivity	Model_0	CLR_genus ~ standardized_Moffitt50_contrast	62	0.3408705352518455	0.15488988811127716	0.03104462941082542	0.6506964410928656	2.2007281392504767	0.031614995037357464	0.07454347151118879	0.05911919603637528	0.07454347151118879	0.08054778286875526	0.0005606251039997686	0.8384207565620326	4.618165271006044	0.18180516520545037	0.09080065219490131	87.99442737641148	95.08218340638714	122_genus_tests_Moffitt50_MICRO_SENS_PSEUDO_1.0	relative_compositional_CLR_association_not_absolute_load	0.09889818960404129	39	MICRO_SENS_PSEUDO_1.0	03_processed/microbiome/sensitivity/MICRO_SENS_PSEUDO_1.0_centered_log_ratio.tsv.gz	122	positive	39	9	-0.36993610811046285	0.6878998899726578	0.8888888888888888	True	LOW_CURRENT_CONCERN
Achromobacter	preprocessing_sensitivity	Model_0	CLR_genus ~ standardized_Moffitt50_contrast	62	-0.23254235896592862	0.11560251997694834	-0.46378182789517836	-0.0013028900366788831	-2.0115682513867226	0.048763246125370474	0.05637727159326922	0.04065022611982372	0.05637727159326922	0.05974556345040564	0.00032237640680259945	0.3730581218475586	5.112023279937488	0.2805042175241849	0.09080065219490131	55.211344257518526	58.50997712903828	122_genus_tests_Moffitt50_MICRO_SENS_PSEUDO_1.0	relative_compositional_CLR_association_not_absolute_load	0.13224187393174133	44	MICRO_SENS_PSEUDO_1.0	03_processed/microbiome/sensitivity/MICRO_SENS_PSEUDO_1.0_centered_log_ratio.tsv.gz	122	negative	44	9	-0.4029494350455562	0.1319766261892544	0.8888888888888888	True	LOW_CURRENT_CONCERN
Azoarcus	preprocessing_sensitivity	Model_0	CLR_genus ~ standardized_Moffitt50_contrast	62	-0.19070186725791932	0.0749914976629076	-0.34070719670262084	-0.040696537813217804	-2.5429798470639766	0.013587945001517348	0.11182400263757908	0.09702106934820542	0.11182400263757908	0.12590297752884355	0.7196899851122684	0.2834215988259603	3.058390367612509	0.09672898263240921	0.09080065219490131	17.61991158792781	19.838310920642893	122_genus_tests_Moffitt50_MICRO_SENS_PSEUDO_1.0	relative_compositional_CLR_association_not_absolute_load	0.05023422091470049	33	MICRO_SENS_PSEUDO_1.0	03_processed/microbiome/sensitivity/MICRO_SENS_PSEUDO_1.0_centered_log_ratio.tsv.gz	122	negative	33	9	-0.3942746859776195	0.24674330221477256	0.8888888888888888	True	LOW_CURRENT_CONCERN
Enterobacter	preprocessing_sensitivity	Model_0	CLR_genus ~ standardized_Moffitt50_contrast	62	0.24899867504285345	0.21050066796706582	-0.17206535262421524	0.6700627027099222	1.182887814312356	0.24151968828604817	0.020393070244102862	0.004066288081504665	0.020393070244102862	0.020817605127787835	0.08114471567490907	0.0025086341254767996	2.3023744081222564	0.0973724044115533	0.09080065219490131	181.67415162998606	185.45617238054496	122_genus_tests_Moffitt50_MICRO_SENS_PSEUDO_1.0	relative_compositional_CLR_association_not_absolute_load	0.4092416940402483	72	MICRO_SENS_PSEUDO_1.0	03_processed/microbiome/sensitivity/MICRO_SENS_PSEUDO_1.0_centered_log_ratio.tsv.gz	122	positive	72	9	0.03969291725914792	0.35951297607592725	1.0	False	LOW_CURRENT_CONCERN
Methyloversatilis	preprocessing_sensitivity	Model_0	CLR_genus ~ standardized_Moffitt50_contrast	62	-0.06572100348769912	0.05341295989004379	-0.17256283082308874	0.0411208238476905	-1.2304317832786786	0.22333766105219308	0.02449395024059009	0.00823551607793327	0.02449395024059009	0.025108968054714843	0.08624956617061974	0.85249119424188	3.815692321243431	0.09924582745123298	0.09080065219490131	10.493233640311482	10.75670790857672	122_genus_tests_Moffitt50_MICRO_SENS_PSEUDO_1.0	relative_compositional_CLR_association_not_absolute_load	0.3936223254876985	69	MICRO_SENS_PSEUDO_1.0	03_processed/microbiome/sensitivity/MICRO_SENS_PSEUDO_1.0_centered_log_ratio.tsv.gz	122	negative	69	9	-0.2700977226113444	0.37082864023250756	0.8888888888888888	True	LOW_CURRENT_CONCERN
Mycobacterium	preprocessing_sensitivity	Model_0	CLR_genus ~ standardized_Moffitt50_contrast	62	-0.15313771323073874	0.19231350089053992	-0.5378219902060232	0.2315465637445457	-0.7962920570922419	0.4290017717246061	0.01206606521546083	-0.0043995003642813835	0.01206606521546083	0.01221343329814088	3.5003384397013246e-06	0.10629139272233738	2.9067132006212146	0.14519328079686158	0.09080065219490131	117.12682888633019	118.55734959835613	122_genus_tests_Moffitt50_MICRO_SENS_PSEUDO_1.0	relative_compositional_CLR_association_not_absolute_load	0.6382709286634384	82	MICRO_SENS_PSEUDO_1.0	03_processed/microbiome/sensitivity/MICRO_SENS_PSEUDO_1.0_centered_log_ratio.tsv.gz	122	negative	82	8	-0.2483434173588759	-0.01002275332773586	1.0	False	LOW_CURRENT_CONCERN
Rubrivivax	preprocessing_sensitivity	Model_0	CLR_genus ~ standardized_Moffitt50_contrast	62	0.4209127283805308	0.11843141021885968	0.1840146364616684	0.6578108202993932	3.554063297926535	0.0007465863364235608	0.13460494321852556	0.12018169227216768	0.13460494321852556	0.15554161323631802	0.04702699811057093	0.11654424726064948	2.0761591683794296	0.15825070001789657	0.09080065219490131	69.48120695686507	80.28842597654236	122_genus_tests_Moffitt50_MICRO_SENS_PSEUDO_1.0	relative_compositional_CLR_association_not_absolute_load	0.005357854884922025	17	MICRO_SENS_PSEUDO_1.0	03_processed/microbiome/sensitivity/MICRO_SENS_PSEUDO_1.0_centered_log_ratio.tsv.gz	122	positive	17	9	-0.14255031101523494	0.6890998729537884	0.8888888888888888	True	LOW_CURRENT_CONCERN
Mesorhizobium	preprocessing_sensitivity	Model_0	CLR_genus ~ standardized_Moffitt50_contrast	62	0.3180317690564936	0.14989878602669027	0.018189553844723483	0.6178739842682637	2.1216433934285925	0.03800689112025843	0.06799061527664885	0.052457125531259696	0.06799061527664885	0.07295056937310834	0.32812674053785557	0.958364416140398	2.46001232863155	0.14747307798876946	0.09080065219490131	84.57502973452756	90.74482630840892	122_genus_tests_Moffitt50_MICRO_SENS_PSEUDO_1.0	relative_compositional_CLR_association_not_absolute_load	0.11592101791678822	40	MICRO_SENS_PSEUDO_1.0	03_processed/microbiome/sensitivity/MICRO_SENS_PSEUDO_1.0_centered_log_ratio.tsv.gz	122	positive	40	8	-0.2155946253935093	0.5796558786667678	0.875	True	MODERATE_RISK_ENVIRONMENTAL
Nocardioides	preprocessing_sensitivity	Model_0	CLR_genus ~ standardized_Moffitt50_contrast	62	0.6101185836812408	0.1505435220356001	0.3089867044350742	0.9112504629274074	4.052772084985243	0.0001478139740992279	0.18576964053336353	0.172199134542253	0.18576964053336353	0.22815366483638902	0.09931412632591054	0.5477076638272447	2.777336780673168	0.1659109358918915	0.09080065219490131	99.52470354411683	122.23162939946224	122_genus_tests_Moffitt50_MICRO_SENS_PSEUDO_1.0	relative_compositional_CLR_association_not_absolute_load	0.002003700537789534	9	MICRO_SENS_PSEUDO_1.0	03_processed/microbiome/sensitivity/MICRO_SENS_PSEUDO_1.0_centered_log_ratio.tsv.gz	122	positive	9	9	0.0014533719312191237	0.9216275608468687	1.0	False	LOW_CURRENT_CONCERN
Comamonas	preprocessing_sensitivity	Model_0	CLR_genus ~ standardized_Moffitt50_contrast	62	-0.1636065745228832	0.05001034075746799	-0.26364215021823745	-0.06357099882752901	-3.2714549040230647	0.0017762274752648052	0.11827051202116001	0.10357502055484602	0.11827051202116001	0.134134690552618	0.0025955191724234194	0.9183192511593613	4.675621490503476	0.1355631391266333	0.09080065219490131	12.172792721457089	13.805586506310897	122_genus_tests_Moffitt50_MICRO_SENS_PSEUDO_1.0	relative_compositional_CLR_association_not_absolute_load	0.012038875110128125	18	MICRO_SENS_PSEUDO_1.0	03_processed/microbiome/sensitivity/MICRO_SENS_PSEUDO_1.0_centered_log_ratio.tsv.gz	122	negative	18	7	-0.3690210376262675	0.2717895009042564	0.8571428571428571	True	HIGH_RISK_POTENTIAL_CONTAMINANT
Dechloromonas	preprocessing_sensitivity	Model_0	CLR_genus ~ standardized_Moffitt50_contrast	62	-0.4045625183542036	0.10082075663152584	-0.6062340582580745	-0.2028909784503327	-4.012690758042775	0.00016901782883327812	0.26468093627772427	0.2524256185490197	0.26468093627772427	0.3599538613046107	0.000906475156734177	0.5448341613105787	3.617262074909501	0.24554815788581416	0.09080065219490131	27.736667889871274	37.72058859655406	122_genus_tests_Moffitt50_MICRO_SENS_PSEUDO_1.0	relative_compositional_CLR_association_not_absolute_load	0.002062017511765993	10	MICRO_SENS_PSEUDO_1.0	03_processed/microbiome/sensitivity/MICRO_SENS_PSEUDO_1.0_centered_log_ratio.tsv.gz	122	negative	10	8	-0.610176916443837	0.030611278190279773	0.875	True	MODERATE_RISK_ENVIRONMENTAL
Chelatococcus	preprocessing_sensitivity	Model_0	CLR_genus ~ standardized_Moffitt50_contrast	62	0.183782092110437	0.13236652045484815	-0.08099037046300173	0.44855455468387573	1.3884333551936747	0.17013847918506364	0.04672803361636968	0.03084016750997587	0.04672803361636968	0.04901857524840363	0.03321984909603425	2.5888267496266145e-05	2.6132049762629315	0.22273246541975614	0.09080065219490131	42.03156231630629	44.091889616516134	122_genus_tests_Moffitt50_MICRO_SENS_PSEUDO_1.0	relative_compositional_CLR_association_not_absolute_load	0.32947451524726606	63	MICRO_SENS_PSEUDO_1.0	03_processed/microbiome/sensitivity/MICRO_SENS_PSEUDO_1.0_centered_log_ratio.tsv.gz	122	positive	63	7	-0.35943713101054353	0.45352436596998374	0.8571428571428571	True	LOW_CURRENT_CONCERN
Bordetella	preprocessing_sensitivity	Model_0	CLR_genus ~ standardized_Moffitt50_contrast	62	-0.05970753181231333	0.11290565612685713	-0.2855524698559566	0.16613740623132997	-0.5288267555456024	0.5988765698942562	0.002857338052891456	-0.01376170631289364	0.002857338052891456	0.0028655258288838694	1.0852882506024562e-07	0.07647862880488909	2.7866644952518995	0.10440723847338773	0.09080065219490131	75.8898588420389	76.10732319270113	122_genus_tests_Moffitt50_MICRO_SENS_PSEUDO_1.0	relative_compositional_CLR_association_not_absolute_load	0.8028894673307609	91	MICRO_SENS_PSEUDO_1.0	03_processed/microbiome/sensitivity/MICRO_SENS_PSEUDO_1.0_centered_log_ratio.tsv.gz	122	negative	91	9	-0.15801591206741342	0.15808509814265914	0.8888888888888888	True	LOW_CURRENT_CONCERN
Kocuria	preprocessing_sensitivity	Model_0	CLR_genus ~ standardized_Moffitt50_contrast	62	0.03464657740983804	0.21116880205955912	-0.38775391742725845	0.4570470722469346	0.16407053064621802	0.8702270739062974	0.00045382438199592645	-0.01620527854497067	0.00045382438199592645	0.00045403043207617076	0.004048034995653802	0.40537361494386925	2.1513988405614803	0.1237632692224596	0.09080065219490131	161.2744426939522	161.3476661988514	122_genus_tests_Moffitt50_MICRO_SENS_PSEUDO_1.0	relative_compositional_CLR_association_not_absolute_load	0.9362441082028123	113	MICRO_SENS_PSEUDO_1.0	03_processed/microbiome/sensitivity/MICRO_SENS_PSEUDO_1.0_centered_log_ratio.tsv.gz	122	positive	113	9	-0.029317548333144244	0.08203008655403657	0.8888888888888888	True	LOW_CURRENT_CONCERN
Bosea	preprocessing_sensitivity	Model_0	CLR_genus ~ standardized_Moffitt50_contrast	62	0.3735954769604378	0.1826520257548085	0.008237027656601892	0.7389539262642737	2.045394653667577	0.0452082053324642	0.07588933673646137	0.06048749234873574	0.07588933673646137	0.08212148149925544	0.019749831795718185	0.3305587014923076	3.248005792089543	0.16559932892810156	0.09080065219490131	103.67553348145952	112.18952188618265	122_genus_tests_Moffitt50_MICRO_SENS_PSEUDO_1.0	relative_compositional_CLR_association_not_absolute_load	0.12826514071071238	43	MICRO_SENS_PSEUDO_1.0	03_processed/microbiome/sensitivity/MICRO_SENS_PSEUDO_1.0_centered_log_ratio.tsv.gz	122	positive	43	9	0.22389621387352693	0.7115024363829625	1.0	False	LOW_CURRENT_CONCERN
Phenylobacterium	preprocessing_sensitivity	Model_0	CLR_genus ~ standardized_Moffitt50_contrast	62	-0.016380815098871473	0.17602477608181127	-0.36848279131586636	0.33572116111812345	-0.09305971274894927	0.9261661683385997	0.00018862360588933758	-0.01647489933401247	0.00018862360588933758	0.00018865919146631612	0.054717440835321124	0.7887026450304724	2.2497527908162174	0.1712198216207411	0.09080065219490131	86.76066707539356	86.77703527269507	122_genus_tests_Moffitt50_MICRO_SENS_PSEUDO_1.0	relative_compositional_CLR_association_not_absolute_load	0.9575616316721115	118	MICRO_SENS_PSEUDO_1.0	03_processed/microbiome/sensitivity/MICRO_SENS_PSEUDO_1.0_centered_log_ratio.tsv.gz	122	negative	118	9	-0.21706339432744476	0.06043358537804597	0.6666666666666666	True	LOW_CURRENT_CONCERN
Xanthomonas	preprocessing_sensitivity	Model_0	CLR_genus ~ standardized_Moffitt50_contrast	62	0.08063611345098738	0.1851084549955469	-0.2896359259130298	0.4509081528150045	0.4356155068817749	0.6646788970359488	0.002848209081993569	-0.013770987433306514	0.002848209081993569	0.0028563445484778463	0.15664322576237127	0.2732425565166577	2.1905991857091154	0.11418326869796357	0.09080065219490131	138.86040133102088	139.25703448136218	122_genus_tests_Moffitt50_MICRO_SENS_PSEUDO_1.0	relative_compositional_CLR_association_not_absolute_load	0.8626683557275081	94	MICRO_SENS_PSEUDO_1.0	03_processed/microbiome/sensitivity/MICRO_SENS_PSEUDO_1.0_centered_log_ratio.tsv.gz	122	positive	94	9	-0.12549556930516964	0.1685307743332001	0.8888888888888888	True	LOW_CURRENT_CONCERN
Azospira	preprocessing_sensitivity	Model_0	CLR_genus ~ standardized_Moffitt50_contrast	62	-0.051167708900987895	0.14419244149001315	-0.33959553556437977	0.237260117762404	-0.35485708108029923	0.7239409734009821	0.0017172040836715974	-0.014920842514933863	0.0017172040836715974	0.001720157945920893	0.0005892754264676546	0.03835766590468013	2.074101159627433	0.11150728510794748	0.09080065219490131	92.84391637609278	93.00362257657753	122_genus_tests_Moffitt50_MICRO_SENS_PSEUDO_1.0	relative_compositional_CLR_association_not_absolute_load	0.8792523671036383	99	MICRO_SENS_PSEUDO_1.0	03_processed/microbiome/sensitivity/MICRO_SENS_PSEUDO_1.0_centered_log_ratio.tsv.gz	122	negative	99	9	-0.07620677347319324	-0.009782914418844477	1.0	False	LOW_CURRENT_CONCERN
Deinococcus	preprocessing_sensitivity	Model_0	CLR_genus ~ standardized_Moffitt50_contrast	62	-0.04388983895981137	0.1547800086611438	-0.3534959531760456	0.2657162752564229	-0.2835627116154151	0.7777216848039914	0.001710359048386234	-0.014927801634140536	0.001710359048386234	0.0017132893883941781	0.0012099623870012585	0.02167406340134973	2.2384974733032386	0.1043525293400471	0.09080065219490131	68.58467495041565	68.70218034621466	122_genus_tests_Moffitt50_MICRO_SENS_PSEUDO_1.0	relative_compositional_CLR_association_not_absolute_load	0.9123273610200668	104	MICRO_SENS_PSEUDO_1.0	03_processed/microbiome/sensitivity/MICRO_SENS_PSEUDO_1.0_centered_log_ratio.tsv.gz	122	negative	104	9	-0.22986178284624154	0.031810294018513485	0.8888888888888888	True	LOW_CURRENT_CONCERN
Hydrogenophaga	preprocessing_sensitivity	Model_0	CLR_genus ~ standardized_Moffitt50_contrast	62	-0.2599216102742349	0.07232036188175708	-0.4045838726335967	-0.11525934791487308	-3.5940308304762576	0.0006583894302445777	0.1377216403524224	0.12335033435829612	0.1377216403524224	0.15971830768049278	0.00011370767091550584	0.7331121408653742	5.6249046335622666	0.2060832249255141	0.09080065219490131	25.802388671589657	29.92350252433028	122_genus_tests_Moffitt50_MICRO_SENS_PSEUDO_1.0	relative_compositional_CLR_association_not_absolute_load	0.005020219405614905	16	MICRO_SENS_PSEUDO_1.0	03_processed/microbiome/sensitivity/MICRO_SENS_PSEUDO_1.0_centered_log_ratio.tsv.gz	122	negative	16	9	-0.44695758884248316	0.13991111124886363	0.8888888888888888	True	LOW_CURRENT_CONCERN
Porphyrobacter	preprocessing_sensitivity	Model_0	CLR_genus ~ standardized_Moffitt50_contrast	62	-0.12671779810973563	0.06762906789940296	-0.2619960753337659	0.008560479114294611	-1.8737179447486414	0.06584154126969276	0.03480123990473638	0.01871459390314867	0.03480123990473638	0.03605603461540041	8.728908205265791e-08	0.3198205502927029	4.935044135054915	0.2550272056163301	0.09080065219490131	27.16608834755767	28.14558976938223	122_genus_tests_Moffitt50_MICRO_SENS_PSEUDO_1.0	relative_compositional_CLR_association_not_absolute_load	0.15447438528658686	52	MICRO_SENS_PSEUDO_1.0	03_processed/microbiome/sensitivity/MICRO_SENS_PSEUDO_1.0_centered_log_ratio.tsv.gz	122	negative	52	9	-0.2765363425352776	0.20037411264436958	0.8888888888888888	True	LOW_CURRENT_CONCERN
Aromatoleum	preprocessing_sensitivity	Model_0	CLR_genus ~ standardized_Moffitt50_contrast	62	0.24290280489014024	0.14478415935569638	-0.046708633731224775	0.5325142435115052	1.6776890923087262	0.09861016427259205	0.03432400726946472	0.01822940739062251	0.03432400726946472	0.03554402048704816	0.0020061322334963315	0.7870750887642879	2.309374603677261	0.06177033608656959	0.09080065219490131	101.25776658678186	104.85687471681518	122_genus_tests_Moffitt50_MICRO_SENS_PSEUDO_1.0	relative_compositional_CLR_association_not_absolute_load	0.2110603516009865	57	MICRO_SENS_PSEUDO_1.0	03_processed/microbiome/sensitivity/MICRO_SENS_PSEUDO_1.0_centered_log_ratio.tsv.gz	122	positive	57	9	-0.29320953734121424	0.491506412046362	0.8888888888888888	True	LOW_CURRENT_CONCERN
Microbacterium	preprocessing_sensitivity	Model_0	CLR_genus ~ standardized_Moffitt50_contrast	62	0.3123068432393217	0.15660164035628077	-0.000943076889207195	0.6255567633678505	1.9942756827374195	0.05067181861814265	0.05154770803930209	0.0357401698399572	0.05154770803930209	0.054349289338253955	0.12011770415388168	0.5044622221271478	2.405544670622501	0.15901333766682016	0.09080065219490131	109.47097003148862	115.4206394558693	122_genus_tests_Moffitt50_MICRO_SENS_PSEUDO_1.0	relative_compositional_CLR_association_not_absolute_load	0.13439047546550878	46	MICRO_SENS_PSEUDO_1.0	03_processed/microbiome/sensitivity/MICRO_SENS_PSEUDO_1.0_centered_log_ratio.tsv.gz	122	positive	46	9	-0.08520596426249223	0.5160267710139143	0.8888888888888888	True	LOW_CURRENT_CONCERN
Mitsuaria	preprocessing_sensitivity	Model_0	CLR_genus ~ standardized_Moffitt50_contrast	62	0.04752741779604843	0.16694373612157148	-0.28640977396685435	0.3814646095589512	0.28469123131063806	0.7768610287494035	0.0018725376272883398	-0.014762920078923436	0.0018725376272883398	0.001876050602632466	0.0005112040124302942	0.0007076720701066355	2.4935184714558623	0.1840575202550858	0.09080065219490131	73.4469431638063	73.58473334579028	122_genus_tests_Moffitt50_MICRO_SENS_PSEUDO_1.0	relative_compositional_CLR_association_not_absolute_load	0.9123273610200668	103	MICRO_SENS_PSEUDO_1.0	03_processed/microbiome/sensitivity/MICRO_SENS_PSEUDO_1.0_centered_log_ratio.tsv.gz	122	positive	103	7	-0.13146021074424055	0.12727482329082404	0.8571428571428571	True	LOW_CURRENT_CONCERN
Pandoraea	preprocessing_sensitivity	Model_0	CLR_genus ~ standardized_Moffitt50_contrast	62	0.41044100135294714	0.08562461698510415	0.23916626648683809	0.5817157362190561	4.793492990740622	1.1191176108088383e-05	0.2719278569145034	0.25979332119641185	0.2719278569145034	0.3734902639759028	0.20807515448295458	0.08374095268121297	3.831359857156146	0.27700270377688935	0.09080065219490131	27.513891906299264	37.790062657387445	122_genus_tests_Moffitt50_MICRO_SENS_PSEUDO_1.0	relative_compositional_CLR_association_not_absolute_load	0.0003413308712966957	4	MICRO_SENS_PSEUDO_1.0	03_processed/microbiome/sensitivity/MICRO_SENS_PSEUDO_1.0_centered_log_ratio.tsv.gz	122	positive	4	9	-0.5456379311439243	0.8742960847593249	0.8888888888888888	True	LOW_CURRENT_CONCERN
Rhodococcus	preprocessing_sensitivity	Model_0	CLR_genus ~ standardized_Moffitt50_contrast	62	-0.06466765614496094	0.16158184128805939	-0.38787946135052	0.2585441490605981	-0.40021611110171057	0.6904187472752434	0.0026391189032897167	-0.013983562448321996	0.0026391189032897167	0.0026461022818417635	0.0011743734332768313	0.9892454866080427	2.587373031718521	0.0855771484842612	0.09080065219490131	96.40453151746333	96.65962776829159	122_genus_tests_Moffitt50_MICRO_SENS_PSEUDO_1.0	relative_compositional_CLR_association_not_absolute_load	0.8774071579956219	96	MICRO_SENS_PSEUDO_1.0	03_processed/microbiome/sensitivity/MICRO_SENS_PSEUDO_1.0_centered_log_ratio.tsv.gz	122	negative	96	9	-0.14268623077401146	-0.028207831559175084	1.0	False	LOW_CURRENT_CONCERN
Streptococcus	preprocessing_sensitivity	Model_0	CLR_genus ~ standardized_Moffitt50_contrast	62	0.2793981146284666	0.14195991411782008	-0.004563992394740313	0.5633602216516735	1.9681479547569973	0.053677065880904526	0.03142050257788376	0.015277510954181839	0.03142050257788376	0.03243977666418681	2.284349782378129e-05	0.9844791209769669	4.597693191192721	0.1308721275074087	0.09080065219490131	146.79082853216764	151.55269022610207	122_genus_tests_Moffitt50_MICRO_SENS_PSEUDO_1.0	relative_compositional_CLR_association_not_absolute_load	0.13933195824405006	47	MICRO_SENS_PSEUDO_1.0	03_processed/microbiome/sensitivity/MICRO_SENS_PSEUDO_1.0_centered_log_ratio.tsv.gz	122	positive	47	9	-0.32746799762473516	0.5624492567048618	0.8888888888888888	True	LOW_CURRENT_CONCERN
Rhizorhabdus	preprocessing_sensitivity	Model_0	CLR_genus ~ standardized_Moffitt50_contrast	62	-0.26811137973990806	0.08438334615560653	-0.43690320326924315	-0.09931955621057295	-3.177302062014691	0.002349552614664678	0.08272786679547794	0.067439997908736	0.08272786679547794	0.09018901130950667	1.699177349907927e-07	0.7240560698071797	4.954436294564668	0.1591010240134841	0.09080065219490131	48.619076371292365	53.00398280000062	122_genus_tests_Moffitt50_MICRO_SENS_PSEUDO_1.0	relative_compositional_CLR_association_not_absolute_load	0.013829432711385366	20	MICRO_SENS_PSEUDO_1.0	03_processed/microbiome/sensitivity/MICRO_SENS_PSEUDO_1.0_centered_log_ratio.tsv.gz	122	negative	20	9	-0.45101556253195624	0.11880202223864327	0.8888888888888888	True	LOW_CURRENT_CONCERN
Citromicrobium	preprocessing_sensitivity	Model_0	CLR_genus ~ standardized_Moffitt50_contrast	62	-0.014996267441422339	0.14072907407188545	-0.29649632780149826	0.26650379291865356	-0.10656125992673081	0.9154925496474129	0.0002501868184799916	-0.016412310067878577	0.0002501868184799916	0.0002502494275881063	0.07933072022550014	0.1793426168199762	2.461688260251527	0.1566582900433967	0.09080065219490131	54.81798859582982	54.83170676609747	122_genus_tests_Moffitt50_MICRO_SENS_PSEUDO_1.0	relative_compositional_CLR_association_not_absolute_load	0.9546161628802083	117	MICRO_SENS_PSEUDO_1.0	03_processed/microbiome/sensitivity/MICRO_SENS_PSEUDO_1.0_centered_log_ratio.tsv.gz	122	negative	117	8	-0.24433764086255402	0.08801287332680278	0.625	True	LOW_CURRENT_CONCERN
Massilia	preprocessing_sensitivity	Model_0	CLR_genus ~ standardized_Moffitt50_contrast	62	0.15671927826779045	0.13347169659535135	-0.11026386573243899	0.4237024222680199	1.1741761157267614	0.24496396916097504	0.01844919578760673	0.0020900157174001954	0.01844919578760673	0.018795966248950875	4.005091539038107e-06	0.0015670101248536007	2.1606710128775664	0.0852967239389235	0.09080065219490131	79.70948889690793	81.20770575993535	122_genus_tests_Moffitt50_MICRO_SENS_PSEUDO_1.0	relative_compositional_CLR_association_not_absolute_load	0.4093918388717665	73	MICRO_SENS_PSEUDO_1.0	03_processed/microbiome/sensitivity/MICRO_SENS_PSEUDO_1.0_centered_log_ratio.tsv.gz	122	positive	73	9	0.06097083215404797	0.20851399837116188	1.0	False	LOW_CURRENT_CONCERN
Candida	preprocessing_sensitivity	Model_0	CLR_genus ~ standardized_Moffitt50_contrast	62	-1.0962547145800534	0.23781680951367187	-1.5719591606886314	-0.6205502684714754	-4.609660338232024	2.159384778340914e-05	0.24198154975013508	0.22934790891263734	0.24198154975013508	0.31922910276177435	0.004220999231865889	0.00026650626897191214	3.006922794024719	0.13097501293999025	0.09080065219490131	229.6414635111922	302.9497018647708	122_genus_tests_Moffitt50_MICRO_SENS_PSEUDO_1.0	relative_compositional_CLR_association_not_absolute_load	0.000526889885915183	5	MICRO_SENS_PSEUDO_1.0	03_processed/microbiome/sensitivity/MICRO_SENS_PSEUDO_1.0_centered_log_ratio.tsv.gz	122	negative	5	9	-1.659106789594824	0.04321095299072192	0.8888888888888888	True	LOW_CURRENT_CONCERN
Ramlibacter	preprocessing_sensitivity	Model_0	CLR_genus ~ standardized_Moffitt50_contrast	62	-0.35258761225762303	0.09671978808543272	-0.5460559937105949	-0.15911923080465118	-3.6454547640880057	0.0005594475887652012	0.21581547833991166	0.20274573631224357	0.21581547833991166	0.27521007158243654	0.09431849747648961	0.14236247216811865	2.881326482838185	0.17223692558114342	0.09080065219490131	27.554948987751306	35.13834847112073	122_genus_tests_Moffitt50_MICRO_SENS_PSEUDO_1.0	relative_compositional_CLR_association_not_absolute_load	0.005020219405614905	13	MICRO_SENS_PSEUDO_1.0	03_processed/microbiome/sensitivity/MICRO_SENS_PSEUDO_1.0_centered_log_ratio.tsv.gz	122	negative	13	9	-0.5581009449099799	0.0826983858998724	0.8888888888888888	True	LOW_CURRENT_CONCERN
Caulobacter	preprocessing_sensitivity	Model_0	CLR_genus ~ standardized_Moffitt50_contrast	62	-0.10889530990914517	0.04633560914701733	-0.20158032796762795	-0.01621029185066239	-2.350143052261025	0.022072817194239282	0.06696357714207146	0.05141297009443935	0.06696357714207146	0.07176952099786127	0.002534498124284555	0.9552900539566345	4.610479369648558	0.13280554781426498	0.09080065219490131	10.078783997378098	10.802133497110834	122_genus_tests_Moffitt50_MICRO_SENS_PSEUDO_1.0	relative_compositional_CLR_association_not_absolute_load	0.0769395342199198	35	MICRO_SENS_PSEUDO_1.0	03_processed/microbiome/sensitivity/MICRO_SENS_PSEUDO_1.0_centered_log_ratio.tsv.gz	122	negative	35	7	-0.3141267058656657	0.3267041949783222	0.8571428571428571	True	HIGH_RISK_POTENTIAL_CONTAMINANT
Bacteroides	preprocessing_sensitivity	Model_0	CLR_genus ~ standardized_Moffitt50_contrast	62	0.25178732239696333	0.2895287049315557	-0.32735631548823685	0.8309309602821635	0.8696454552113775	0.38795996548684397	0.01386282082789847	-0.0025727988249697464	0.01386282082789847	0.014057700207122116	0.025086613244026966	0.09426605972599211	2.5065760827011716	0.16488633160568944	0.09080065219490131	275.0953670893113	278.96257528822105	122_genus_tests_Moffitt50_MICRO_SENS_PSEUDO_1.0	relative_compositional_CLR_association_not_absolute_load	0.5938102369557602	79	MICRO_SENS_PSEUDO_1.0	03_processed/microbiome/sensitivity/MICRO_SENS_PSEUDO_1.0_centered_log_ratio.tsv.gz	122	positive	79	9	0.2085361443718291	0.3629281165357989	1.0	False	LOW_CURRENT_CONCERN
Enterococcus	preprocessing_sensitivity	Model_0	CLR_genus ~ standardized_Moffitt50_contrast	62	-0.07698676337992925	0.15010358285640454	-0.3772386332441323	0.22326510648427378	-0.512890911162181	0.6099108691404116	0.0038996108828693865	-0.01270206226908277	0.0038996108828693865	0.003914877381310644	2.1701645737161497e-05	0.1681715254712619	2.9510275431716044	0.10153823380638247	0.09080065219490131	92.35146612884985	92.7130107947286	122_genus_tests_Moffitt50_MICRO_SENS_PSEUDO_1.0	relative_compositional_CLR_association_not_absolute_load	0.8087948482079371	92	MICRO_SENS_PSEUDO_1.0	03_processed/microbiome/sensitivity/MICRO_SENS_PSEUDO_1.0_centered_log_ratio.tsv.gz	122	negative	92	7	-0.2298813209184645	-0.012890142506474578	1.0	False	LOW_CURRENT_CONCERN
Laribacter	preprocessing_sensitivity	Model_0	CLR_genus ~ standardized_Moffitt50_contrast	62	0.08710733950079007	0.14434047906963057	-0.20161660641068685	0.375831285412267	0.6034851765925555	0.5484607227686703	0.008777403263398487	-0.007742973348878079	0.008777403263398487	0.00885512829539631	0.10109437414151883	0.00011933227567658295	2.5400819283938283	0.2001193244817626	0.09080065219490131	52.26903426457313	52.731883268862404	122_genus_tests_Moffitt50_MICRO_SENS_PSEUDO_1.0	relative_compositional_CLR_association_not_absolute_load	0.7550529830992411	88	MICRO_SENS_PSEUDO_1.0	03_processed/microbiome/sensitivity/MICRO_SENS_PSEUDO_1.0_centered_log_ratio.tsv.gz	122	positive	88	7	-0.23930810783405404	0.25523828637123697	0.8571428571428571	True	LOW_CURRENT_CONCERN
Variovorax	preprocessing_sensitivity	Model_0	CLR_genus ~ standardized_Moffitt50_contrast	62	-0.3016188132119469	0.08381287777485263	-0.469269530081732	-0.13396809634216178	-3.5987168227559074	0.0006487244720199589	0.21093741023618284	0.19778636707345265	0.21093741023618284	0.26732658850208674	0.24503481993765747	0.47470822319830974	2.93874065393305	0.14261909602655196	0.09080065219490131	20.75890934972618	26.308317767212554	122_genus_tests_Moffitt50_MICRO_SENS_PSEUDO_1.0	relative_compositional_CLR_association_not_absolute_load	0.005020219405614905	15	MICRO_SENS_PSEUDO_1.0	03_processed/microbiome/sensitivity/MICRO_SENS_PSEUDO_1.0_centered_log_ratio.tsv.gz	122	negative	15	9	-0.5062890166792315	0.13460549111784675	0.8888888888888888	True	LOW_CURRENT_CONCERN
Pseudomonas	preprocessing_sensitivity	Model_0	CLR_genus ~ standardized_Moffitt50_contrast	62	0.11992444624772519	0.068192354905159	-0.016480572747087807	0.2563294652425382	1.7586201035954028	0.08374120164341808	0.05745825589721332	0.04174922682883364	0.05745825589721332	0.06096096672292038	0.003211632356492129	0.07197065557339291	3.8752477734245723	0.147161858076283	0.09080065219490131	14.391081513925423	15.268375755202667	122_genus_tests_Moffitt50_MICRO_SENS_PSEUDO_1.0	relative_compositional_CLR_association_not_absolute_load	0.18561967179243563	55	MICRO_SENS_PSEUDO_1.0	03_processed/microbiome/sensitivity/MICRO_SENS_PSEUDO_1.0_centered_log_ratio.tsv.gz	122	positive	55	9	-0.08549070714273956	0.5553197543428676	0.8888888888888888	True	BIOLOGICALLY_PLAUSIBLE_BUT_CONTAMINATION_SENSITIVE
Methylobacterium	preprocessing_sensitivity	Model_0	CLR_genus ~ standardized_Moffitt50_contrast	62	0.20988337449371045	0.11644424886917154	-0.023039802905379853	0.4428065518928007	1.8024365868813361	0.07649995994016227	0.030228176927575845	0.014065313209702168	0.030228176927575845	0.031170401334003655	2.9079873838853853e-06	0.028334634552921064	2.3729921350805445	0.07651692025718196	0.09080065219490131	86.20719558363636	88.89430846785727	122_genus_tests_Moffitt50_MICRO_SENS_PSEUDO_1.0	relative_compositional_CLR_association_not_absolute_load	0.17609424740943014	53	MICRO_SENS_PSEUDO_1.0	03_processed/microbiome/sensitivity/MICRO_SENS_PSEUDO_1.0_centered_log_ratio.tsv.gz	122	positive	53	9	0.1933856744331671	0.26302630389204706	1.0	False	BIOLOGICALLY_PLAUSIBLE_BUT_CONTAMINATION_SENSITIVE
Elizabethkingia	preprocessing_sensitivity	Model_0	CLR_genus ~ standardized_Moffitt50_contrast	62	0.39821690251810254	0.17597655614123625	0.04621138054321755	0.7502224244929876	2.2628974634467753	0.027274006356359504	0.04740584210990961	0.03152927281174145	0.04740584210990961	0.04976499353608178	3.0644903096918696e-06	0.7762549456894899	4.909076392252975	0.18889810595932058	0.09080065219490131	194.37717361511204	204.05035240362986	122_genus_tests_Moffitt50_MICRO_SENS_PSEUDO_1.0	relative_compositional_CLR_association_not_absolute_load	0.08991271450464897	37	MICRO_SENS_PSEUDO_1.0	03_processed/microbiome/sensitivity/MICRO_SENS_PSEUDO_1.0_centered_log_ratio.tsv.gz	122	positive	37	7	0.19333376074063405	0.834203814164222	1.0	False	HIGH_RISK_POTENTIAL_CONTAMINANT
Tessaracoccus	preprocessing_sensitivity	Model_0	CLR_genus ~ standardized_Moffitt50_contrast	62	-0.09855926843417162	0.08081106574104156	-0.2602054672306282	0.063086930362285	-1.2196258956663688	0.22737936437701534	0.026452521540552665	0.01022673023289522	0.026452521540552665	0.02717127014946558	0.4386570021419098	0.774488184333815	3.6553564530931424	0.10721358322300126	0.09080065219490131	21.80794971274773	22.400499405798758	122_genus_tests_Moffitt50_MICRO_SENS_PSEUDO_1.0	relative_compositional_CLR_association_not_absolute_load	0.3936223254876985	70	MICRO_SENS_PSEUDO_1.0	03_processed/microbiome/sensitivity/MICRO_SENS_PSEUDO_1.0_centered_log_ratio.tsv.gz	122	negative	70	9	-0.3014307485195948	0.3396662970328276	0.8888888888888888	True	LOW_CURRENT_CONCERN
Agrobacterium	preprocessing_sensitivity	Model_0	CLR_genus ~ standardized_Moffitt50_contrast	62	-0.20437443494934646	0.10636783041720257	-0.4171417744652589	0.008392904566565995	-1.9213932835495116	0.05943612550995318	0.06553996964058917	0.04996563580126567	0.06553996964058917	0.07013672871099823	0.0399238679461836	0.13041318486698006	3.8468859753751037	0.18059694050582178	0.09080065219490131	36.327663638426856	38.875567127739586	122_genus_tests_Moffitt50_MICRO_SENS_PSEUDO_1.0	relative_compositional_CLR_association_not_absolute_load	0.14502414624428575	50	MICRO_SENS_PSEUDO_1.0	03_processed/microbiome/sensitivity/MICRO_SENS_PSEUDO_1.0_centered_log_ratio.tsv.gz	122	negative	50	9	-0.4096484481680811	0.2311776858832548	0.8888888888888888	True	LOW_CURRENT_CONCERN
Azospirillum	preprocessing_sensitivity	Model_0	CLR_genus ~ standardized_Moffitt50_contrast	62	0.09344342379077164	0.16654276586615296	-0.23969170804352496	0.42657855562506825	0.561077650564962	0.5768341478726355	0.005742860148453155	-0.01082809218240599	0.005742860148453155	0.005776031087200062	0.03579476190725285	0.5785756342078152	2.204682985214763	0.1809524607009432	0.09080065219490131	92.21419905696006	92.74683113739428	122_genus_tests_Moffitt50_MICRO_SENS_PSEUDO_1.0	relative_compositional_CLR_association_not_absolute_load	0.7819307337829059	90	MICRO_SENS_PSEUDO_1.0	03_processed/microbiome/sensitivity/MICRO_SENS_PSEUDO_1.0_centered_log_ratio.tsv.gz	122	positive	90	9	-0.20345224187648708	0.23705431387501902	0.8888888888888888	True	LOW_CURRENT_CONCERN
Clostridium	preprocessing_sensitivity	Model_0	CLR_genus ~ standardized_Moffitt50_contrast	62	-0.3233422592532403	0.24373398998821091	-0.810882828577504	0.16419831007102348	-1.3266194808072518	0.18966180913352873	0.027291047702077575	0.011079231830445568	0.027291047702077575	0.028056745686986174	2.4176526220367017e-10	0.4801353051408478	3.817820850363992	0.19713170858998014	0.09080065219490131	227.30944226066862	233.68700547442694	122_genus_tests_Moffitt50_MICRO_SENS_PSEUDO_1.0	relative_compositional_CLR_association_not_absolute_load	0.35598062637370004	65	MICRO_SENS_PSEUDO_1.0	03_processed/microbiome/sensitivity/MICRO_SENS_PSEUDO_1.0_centered_log_ratio.tsv.gz	122	negative	65	7	-0.41688453664955655	-0.17447146947156106	1.0	False	LOW_CURRENT_CONCERN
Ensifer	preprocessing_sensitivity	Model_0	CLR_genus ~ standardized_Moffitt50_contrast	62	0.4004610922044062	0.1532086425247039	0.09399817824847961	0.7069240061603328	2.6138283428745503	0.011302488605547036	0.10170402044201965	0.08673242078272003	0.10170402044201965	0.11321883071553387	0.5013547156823229	0.2791895196920723	2.675705037022742	0.15527978020230473	0.09080065219490131	86.40359741146938	96.18611168001166	122_genus_tests_Moffitt50_MICRO_SENS_PSEUDO_1.0	relative_compositional_CLR_association_not_absolute_load	0.04309073780864807	32	MICRO_SENS_PSEUDO_1.0	03_processed/microbiome/sensitivity/MICRO_SENS_PSEUDO_1.0_centered_log_ratio.tsv.gz	122	positive	32	9	-0.18286826333619935	0.7006069735000906	0.8888888888888888	True	LOW_CURRENT_CONCERN
Roseomonas	preprocessing_sensitivity	Model_0	CLR_genus ~ standardized_Moffitt50_contrast	62	-0.0675408579335355	0.1648176982222451	-0.3972253407168959	0.26214362484982495	-0.40979129463670455	0.6834184925692284	0.0044407694608082915	-0.012151884381511602	0.0044407694608082915	0.004460577858740946	0.0009509931208017288	0.06965183661940388	2.694354505141415	0.20196814260489648	0.09080065219490131	62.383804459097206	62.662072276011486	122_genus_tests_Moffitt50_MICRO_SENS_PSEUDO_1.0	relative_compositional_CLR_association_not_absolute_load	0.8774071579956219	95	MICRO_SENS_PSEUDO_1.0	03_processed/microbiome/sensitivity/MICRO_SENS_PSEUDO_1.0_centered_log_ratio.tsv.gz	122	negative	95	7	-0.2087329530620105	-0.0010848606149457243	1.0	False	LOW_CURRENT_CONCERN
Croceicoccus	preprocessing_sensitivity	Model_0	CLR_genus ~ standardized_Moffitt50_contrast	62	0.035606281329746976	0.18673302622536264	-0.3379153843269776	0.40912794698647154	0.19068014935277058	0.8494199183785107	0.000653913438706244	-0.01600185467064863	0.000653913438706244	0.0006543413212897362	5.076338892847989e-07	0.02709383408337679	2.3632858351108235	0.20100168244453956	0.09080065219490131	118.18945397740245	118.26679022088055	122_genus_tests_Moffitt50_MICRO_SENS_PSEUDO_1.0	relative_compositional_CLR_association_not_absolute_load	0.9362441082028123	110	MICRO_SENS_PSEUDO_1.0	03_processed/microbiome/sensitivity/MICRO_SENS_PSEUDO_1.0_centered_log_ratio.tsv.gz	122	positive	110	9	0.029793905760261908	0.06587150090441082	1.0	False	LOW_CURRENT_CONCERN
Rhodobacter	preprocessing_sensitivity	Model_0	CLR_genus ~ standardized_Moffitt50_contrast	62	0.22437052159447793	0.21009832837358494	-0.19588870706004083	0.6446297502489967	1.0679310174972692	0.28982963422333785	0.02141909017240462	0.005109408341944732	0.02141909017240462	0.021887909274848003	0.000952388424504313	0.7360648987109937	1.9907791921257205	0.1863671944735962	0.09080065219490131	140.29983174885206	143.37070173744738	122_genus_tests_Moffitt50_MICRO_SENS_PSEUDO_1.0	relative_compositional_CLR_association_not_absolute_load	0.4652528338848318	76	MICRO_SENS_PSEUDO_1.0	03_processed/microbiome/sensitivity/MICRO_SENS_PSEUDO_1.0_centered_log_ratio.tsv.gz	122	positive	76	9	-0.043015260923906576	0.3474735820889823	0.8888888888888888	True	LOW_CURRENT_CONCERN
Micrococcus	preprocessing_sensitivity	Model_0	CLR_genus ~ standardized_Moffitt50_contrast	62	-0.052927450689758945	0.26824949292576994	-0.5895063271456061	0.48365142576608827	-0.19730680610980705	0.8442543432105744	0.000809814539240783	-0.015843355218438493	0.000809814539240783	0.0008104708703352115	8.710621322644254e-05	0.7806572157867715	1.8328714851420362	0.10845059400719846	0.09080065219490131	210.84066495425387	211.01154517148137	122_genus_tests_Moffitt50_MICRO_SENS_PSEUDO_1.0	relative_compositional_CLR_association_not_absolute_load	0.9362441082028123	109	MICRO_SENS_PSEUDO_1.0	03_processed/microbiome/sensitivity/MICRO_SENS_PSEUDO_1.0_centered_log_ratio.tsv.gz	122	negative	109	9	-0.11824482363478143	0.06125927896510893	0.7777777777777778	True	LOW_CURRENT_CONCERN
Bradyrhizobium	preprocessing_sensitivity	Model_0	CLR_genus ~ standardized_Moffitt50_contrast	62	0.1521625286065227	0.11875471481332878	-0.08538226878850341	0.38970732600154884	1.2813177889038585	0.20501207550537154	0.023911101542831603	0.007642953235212135	0.023911101542831603	0.024496848166827956	0.4983112696115787	0.17192442773879754	2.3912832878720525	0.09474523901341995	0.09080065219490131	57.65474530475725	59.06710484658503	122_genus_tests_Moffitt50_MICRO_SENS_PSEUDO_1.0	relative_compositional_CLR_association_not_absolute_load	0.3678157825243431	68	MICRO_SENS_PSEUDO_1.0	03_processed/microbiome/sensitivity/MICRO_SENS_PSEUDO_1.0_centered_log_ratio.tsv.gz	122	positive	68	9	-0.05220776042730265	0.588719273938456	0.8888888888888888	True	BIOLOGICALLY_PLAUSIBLE_BUT_CONTAMINATION_SENSITIVE
Aquabacterium	preprocessing_sensitivity	Model_0	CLR_genus ~ standardized_Moffitt50_contrast	62	-0.18171892887901409	0.10229348205433193	-0.38633635823854906	0.02289850048052086	-1.7764468002222888	0.08072918645912429	0.029475166032445488	0.013299752132986287	0.029475166032445488	0.030370336750631638	2.1446464910597476e-07	0.32547975201651536	3.6272737025246573	0.14570701808869146	0.09080065219490131	66.32550479859934	68.33983271448845	122_genus_tests_Moffitt50_MICRO_SENS_PSEUDO_1.0	relative_compositional_CLR_association_not_absolute_load	0.18238816200024377	54	MICRO_SENS_PSEUDO_1.0	03_processed/microbiome/sensitivity/MICRO_SENS_PSEUDO_1.0_centered_log_ratio.tsv.gz	122	negative	54	9	-0.31610622843601016	0.09838843324846691	0.8888888888888888	True	LOW_CURRENT_CONCERN
Prevotella	preprocessing_sensitivity	Model_0	CLR_genus ~ standardized_Moffitt50_contrast	62	0.05027439459558083	0.2309491566583019	-0.4116927004640506	0.5122414896552122	0.2176859847553534	0.8284124041470411	0.0006807510750039825	-0.01597456974041256	0.0006807510750039825	0.0006812148127200503	4.6223366390192855e-08	0.576923618435373	5.48387213523596	0.1675094080258949	0.09080065219490131	226.32860734986573	226.48278574973475	122_genus_tests_Moffitt50_MICRO_SENS_PSEUDO_1.0	relative_compositional_CLR_association_not_absolute_load	0.9357991972772131	108	MICRO_SENS_PSEUDO_1.0	03_processed/microbiome/sensitivity/MICRO_SENS_PSEUDO_1.0_centered_log_ratio.tsv.gz	122	positive	108	8	-0.086727673839346	0.11844940032578634	0.875	True	LOW_CURRENT_CONCERN
Sulfuritalea	preprocessing_sensitivity	Model_0	CLR_genus ~ standardized_Moffitt50_contrast	62	0.04213495677089207	0.11762931752945087	-0.1931587108882923	0.27742862443007643	0.358201149644031	0.7214499776475228	0.0031689457407404475	-0.013444905163580545	0.0031689457407404475	0.003179019882256052	0.17252928370952672	0.0007189602294807885	2.7089142314217396	0.33141932357996723	0.09080065219490131	34.066043471966694	34.174340101473874	122_genus_tests_Moffitt50_MICRO_SENS_PSEUDO_1.0	relative_compositional_CLR_association_not_absolute_load	0.8792523671036383	97	MICRO_SENS_PSEUDO_1.0	03_processed/microbiome/sensitivity/MICRO_SENS_PSEUDO_1.0_centered_log_ratio.tsv.gz	122	positive	97	7	-0.3671647377803614	0.23742308397315082	0.8571428571428571	True	LOW_CURRENT_CONCERN
Escherichia	preprocessing_sensitivity	Model_0	CLR_genus ~ standardized_Moffitt50_contrast	62	-0.2244285363194143	0.25884963194712374	-0.7422048913324387	0.29334781869361015	-0.8670228140994971	0.38938376193820334	0.011022113877055317	-0.005460850891660263	0.011022113877055317	0.011144954838439233	4.573837714681807e-08	0.9234236476486253	2.810879122022866	0.17593963666126325	0.09080065219490131	275.6815336914558	278.7539919342387	122_genus_tests_Moffitt50_MICRO_SENS_PSEUDO_1.0	relative_compositional_CLR_association_not_absolute_load	0.5938102369557602	80	MICRO_SENS_PSEUDO_1.0	03_processed/microbiome/sensitivity/MICRO_SENS_PSEUDO_1.0_centered_log_ratio.tsv.gz	122	negative	80	8	-0.29994939621157063	-0.07765983859141491	1.0	False	LOW_CURRENT_CONCERN
Moraxella	preprocessing_sensitivity	Model_0	CLR_genus ~ standardized_Moffitt50_contrast	62	-0.0020390380871924386	0.1571534547649834	-0.31639275137560524	0.3123146752012204	-0.012974821904117455	0.9896909273074387	2.3099231726275704e-06	-0.016664318244774545	2.3099231726275704e-06	2.309928508384959e-06	0.06075280508130286	0.07016471851385978	2.147427040121665	0.07745189022675374	0.09080065219490131	109.79485064846067	109.79510426671625	122_genus_tests_Moffitt50_MICRO_SENS_PSEUDO_1.0	relative_compositional_CLR_association_not_absolute_load	0.9978701911694836	121	MICRO_SENS_PSEUDO_1.0	03_processed/microbiome/sensitivity/MICRO_SENS_PSEUDO_1.0_centered_log_ratio.tsv.gz	122	negative	121	9	-0.019348150201788605	0.05441808627834647	0.7777777777777778	True	LOW_CURRENT_CONCERN
Shinella	preprocessing_sensitivity	Model_0	CLR_genus ~ standardized_Moffitt50_contrast	62	-0.03948282445165211	0.11723547083935758	-0.2739886814344354	0.19502303253113115	-0.33678223978605953	0.7374562327950418	0.0011427752415651415	-0.01550484517107531	0.0011427752415651415	0.0011440826709157679	3.1721043414018376e-09	0.567083564850245	5.442497325089257	0.20762567998706485	0.09080065219490131	83.11680741687552	83.211899915903	122_genus_tests_Moffitt50_MICRO_SENS_PSEUDO_1.0	relative_compositional_CLR_association_not_absolute_load	0.8820554941274029	102	MICRO_SENS_PSEUDO_1.0	03_processed/microbiome/sensitivity/MICRO_SENS_PSEUDO_1.0_centered_log_ratio.tsv.gz	122	negative	102	9	-0.18815592009410778	0.27934349426687316	0.8888888888888888	True	LOW_CURRENT_CONCERN
Cutibacterium	preprocessing_sensitivity	Model_0	CLR_genus ~ standardized_Moffitt50_contrast	62	-0.3253281943706156	0.10644194282444094	-0.5382437807733113	-0.11241260796791999	-3.0563909840239645	0.0033417745914929822	0.14444719672857376	0.13018798334071668	0.14444719672857376	0.16883492892109375	0.9814933723739117	0.4158982914301733	2.5473653119762782	0.15228077733717477	0.09080065219490131	38.23938872397942	44.69553320117855	122_genus_tests_Moffitt50_MICRO_SENS_PSEUDO_1.0	relative_compositional_CLR_association_not_absolute_load	0.017725934789658428	23	MICRO_SENS_PSEUDO_1.0	03_processed/microbiome/sensitivity/MICRO_SENS_PSEUDO_1.0_centered_log_ratio.tsv.gz	122	negative	23	9	-0.5301639531414378	0.11071122879435037	0.8888888888888888	True	LOW_CURRENT_CONCERN
Chryseobacterium	preprocessing_sensitivity	Model_0	CLR_genus ~ standardized_Moffitt50_contrast	62	0.3578240738369679	0.12566224843727677	0.10646215197846831	0.6091859956954675	2.8475065366634174	0.006024954294215115	0.07153628120500044	0.05606188589175054	0.07153628120500044	0.07704800926184098	6.714312617740789e-08	0.32622714585739193	5.282451099530408	0.2091480112246876	0.09080065219490131	101.36955142230337	109.17987355915766	122_genus_tests_Moffitt50_MICRO_SENS_PSEUDO_1.0	relative_compositional_CLR_association_not_absolute_load	0.02827093938054785	26	MICRO_SENS_PSEUDO_1.0	03_processed/microbiome/sensitivity/MICRO_SENS_PSEUDO_1.0_centered_log_ratio.tsv.gz	122	positive	26	9	-0.3740108559502305	0.7127171626372459	0.8888888888888888	True	LOW_CURRENT_CONCERN
Aminobacter	preprocessing_sensitivity	Model_0	CLR_genus ~ standardized_Moffitt50_contrast	62	0.023701359614801874	0.14364413067345655	-0.26362968211644505	0.31103240134604876	0.16500054338232392	0.8694982137009484	0.0004370668731816796	-0.01622231534559848	0.0004370668731816796	0.0004372579841615908	0.009037032976748615	0.26917428399138355	2.4807325000095273	0.09118331711278883	0.09080065219490131	78.36797164195289	78.4022386632559	122_genus_tests_Moffitt50_MICRO_SENS_PSEUDO_1.0	relative_compositional_CLR_association_not_absolute_load	0.9362441082028123	112	MICRO_SENS_PSEUDO_1.0	03_processed/microbiome/sensitivity/MICRO_SENS_PSEUDO_1.0_centered_log_ratio.tsv.gz	122	positive	112	9	-0.24092469454535548	0.1564522681286722	0.8888888888888888	True	LOW_CURRENT_CONCERN
Sphingopyxis	preprocessing_sensitivity	Model_0	CLR_genus ~ standardized_Moffitt50_contrast	62	-0.1588862487851087	0.04894532020568983	-0.2567914661903406	-0.0609810313798768	-3.246198985263527	0.001915512661040187	0.13239805477626865	0.11793802235587314	0.13239805477626865	0.15260230282462856	0.04625061185891771	0.5676079895803081	3.6332041525980032	0.13024350660570383	0.09080065219490131	10.091166481300816	11.631101724534021	122_genus_tests_Moffitt50_MICRO_SENS_PSEUDO_1.0	relative_compositional_CLR_association_not_absolute_load	0.012299607612994885	19	MICRO_SENS_PSEUDO_1.0	03_processed/microbiome/sensitivity/MICRO_SENS_PSEUDO_1.0_centered_log_ratio.tsv.gz	122	negative	19	8	-0.36430425996026083	0.276505884125694	0.875	True	MODERATE_RISK_ENVIRONMENTAL
Thiomonas	preprocessing_sensitivity	Model_0	CLR_genus ~ standardized_Moffitt50_contrast	62	0.005066538565536139	0.1833096671605927	-0.36160738940995635	0.3717404665410286	0.027639232802149385	0.9780416170181996	1.5043074143572532e-05	-0.016651372874620707	1.5043074143572532e-05	1.5043300441056431e-05	0.00013243959457664715	0.9335247788867427	2.400550797156627	0.16563851695213186	0.09080065219490131	104.09009654081402	104.09166239940922	122_genus_tests_Moffitt50_MICRO_SENS_PSEUDO_1.0	relative_compositional_CLR_association_not_absolute_load	0.9943423106351696	120	MICRO_SENS_PSEUDO_1.0	03_processed/microbiome/sensitivity/MICRO_SENS_PSEUDO_1.0_centered_log_ratio.tsv.gz	122	positive	120	9	-0.021532683918471227	0.08142286817244676	0.7777777777777778	True	LOW_CURRENT_CONCERN
Flavobacterium	preprocessing_sensitivity	Model_0	CLR_genus ~ standardized_Moffitt50_contrast	62	-0.188606142559429	0.05215269562822731	-0.29292706603674473	-0.0842852190821133	-3.6164217455587693	0.0006134144469175877	0.14903705859835703	0.13485434290832965	0.14903705859835703	0.17513930554117227	0.043562397266078606	0.5463715459691257	4.299983818418896	0.11964460977364343	0.09080065219490131	12.389616887968577	14.559525785648578	122_genus_tests_Moffitt50_MICRO_SENS_PSEUDO_1.0	relative_compositional_CLR_association_not_absolute_load	0.005020219405614905	14	MICRO_SENS_PSEUDO_1.0	03_processed/microbiome/sensitivity/MICRO_SENS_PSEUDO_1.0_centered_log_ratio.tsv.gz	122	negative	14	9	-0.393077952299256	0.247837964787162	0.8888888888888888	True	LOW_CURRENT_CONCERN
Verminephrobacter	preprocessing_sensitivity	Model_0	CLR_genus ~ standardized_Moffitt50_contrast	62	-1.4844695169714813e-05	0.11251093005287717	-0.22507021303273866	0.22504052364239924	-0.0001319400271843651	0.9998951647940191	4.271352160856168e-10	-0.01666666623241242	4.271352160856168e-10	4.271352162680613e-10	0.046604939713794515	8.194562282722377e-05	2.59369801570271	0.21495318275263553	0.09080065219490131	31.47076451089854	31.470764524340805	122_genus_tests_Moffitt50_MICRO_SENS_PSEUDO_1.0	relative_compositional_CLR_association_not_absolute_load	0.9998951647940191	122	MICRO_SENS_PSEUDO_1.0	03_processed/microbiome/sensitivity/MICRO_SENS_PSEUDO_1.0_centered_log_ratio.tsv.gz	122	negative	122	7	-0.3012078938216442	0.14723977879467354	0.2857142857142857	True	LOW_CURRENT_CONCERN
Citrobacter	preprocessing_sensitivity	Model_0	CLR_genus ~ standardized_Moffitt50_contrast	62	-0.5695653948403615	0.23676407522753842	-1.043164058849227	-0.09596673083149598	-2.4056242244225166	0.0192441274527419	0.07932515556661945	0.06398057482606312	0.07932515556661945	0.08615979468347403	1.153835273183447e-05	0.495638387042751	1.9709949442969847	0.0519783539155728	0.09080065219490131	229.67428313492275	249.46297221390176	122_genus_tests_Moffitt50_MICRO_SENS_PSEUDO_1.0	relative_compositional_CLR_association_not_absolute_load	0.06905245733042682	34	MICRO_SENS_PSEUDO_1.0	03_processed/microbiome/sensitivity/MICRO_SENS_PSEUDO_1.0_centered_log_ratio.tsv.gz	122	negative	34	9	-0.8402377941493787	-0.0941438315238226	1.0	False	LOW_CURRENT_CONCERN
Sphingobium	preprocessing_sensitivity	Model_0	CLR_genus ~ standardized_Moffitt50_contrast	62	-0.3926297480410154	0.07010859808316551	-0.5328678240912446	-0.2523916719907863	-5.600308075983247	5.650253236585879e-07	0.36338437701274273	0.35277411662962177	0.36338437701274273	0.5708065650472048	0.2812164537591424	0.48571775034758846	3.4769961653872685	0.2300499174750128	0.09080065219490131	16.474311680479946	25.877956942331757	122_genus_tests_Moffitt50_MICRO_SENS_PSEUDO_1.0	relative_compositional_CLR_association_not_absolute_load	6.893308948634772e-05	1	MICRO_SENS_PSEUDO_1.0	03_processed/microbiome/sensitivity/MICRO_SENS_PSEUDO_1.0_centered_log_ratio.tsv.gz	122	negative	1	9	-0.5980979111566338	0.0427066561292963	0.8888888888888888	True	LOW_CURRENT_CONCERN
Methylorubrum	preprocessing_sensitivity	Model_0	CLR_genus ~ standardized_Moffitt50_contrast	62	0.5079859262970463	0.18860505738510383	0.1307196407887486	0.8852522118053441	2.693384436981526	0.009157161092859304	0.07823308541547669	0.06287030350573464	0.07823308541547669	0.08487295885504789	0.1886326823760471	0.19399012855981296	2.405338656580902	0.1102314298204788	0.09080065219490131	185.4658066905812	201.20683847084908	122_genus_tests_Moffitt50_MICRO_SENS_PSEUDO_1.0	relative_compositional_CLR_association_not_absolute_load	0.03955973383458978	28	MICRO_SENS_PSEUDO_1.0	03_processed/microbiome/sensitivity/MICRO_SENS_PSEUDO_1.0_centered_log_ratio.tsv.gz	122	positive	28	9	-0.09252678410057186	0.8099745415623402	0.8888888888888888	True	LOW_CURRENT_CONCERN
Ralstonia	preprocessing_sensitivity	Model_0	CLR_genus ~ standardized_Moffitt50_contrast	62	0.04128062933424951	0.15081461900981105	-0.2603935245989859	0.34295478326748496	0.27371769133046747	0.7852416575128165	0.0018284236748583593	-0.014807769263893933	0.0018284236748583593	0.0018317729318539258	3.3165534647659593e-09	0.025277344005305333	4.491813287343472	0.5041234626062704	0.09080065219490131	56.748033582388615	56.851983094240744	122_genus_tests_Moffitt50_MICRO_SENS_PSEUDO_1.0	relative_compositional_CLR_association_not_absolute_load	0.9123760211101297	105	MICRO_SENS_PSEUDO_1.0	03_processed/microbiome/sensitivity/MICRO_SENS_PSEUDO_1.0_centered_log_ratio.tsv.gz	122	positive	105	7	-0.1618885070895937	0.479173989276415	0.7142857142857143	True	HIGH_RISK_POTENTIAL_CONTAMINANT
Erythrobacter	preprocessing_sensitivity	Model_0	CLR_genus ~ standardized_Moffitt50_contrast	62	-0.24480452945043815	0.046671586504351305	-0.3381616022850422	-0.15144745661583411	-5.245258363514479	2.1407624843475166e-06	0.23911351421976912	0.2264320727900987	0.23911351421976912	0.314256487253255	0.3406125178422533	0.4679839338893348	3.0552434806559687	0.10365806038706468	0.09080065219490131	11.632805890369443	15.288490606375916	122_genus_tests_Moffitt50_MICRO_SENS_PSEUDO_1.0	relative_compositional_CLR_association_not_absolute_load	0.0001305865115451985	2	MICRO_SENS_PSEUDO_1.0	03_processed/microbiome/sensitivity/MICRO_SENS_PSEUDO_1.0_centered_log_ratio.tsv.gz	122	negative	2	9	-0.44916835556876505	0.19176002050544386	0.8888888888888888	True	LOW_CURRENT_CONCERN
Xanthobacter	preprocessing_sensitivity	Model_0	CLR_genus ~ standardized_Moffitt50_contrast	62	-0.06270788796437023	0.17939967601492235	-0.4215606691670833	0.29614489323834287	-0.34954292759789723	0.7279056481759629	0.002585942908557848	-0.014037624709632768	0.002585942908557848	0.002592647346578123	0.012497438648873559	0.925199211891625	2.0415246693369915	0.154440421033834	0.09080065219490131	92.5189583946653	92.75882742665537	122_genus_tests_Moffitt50_MICRO_SENS_PSEUDO_1.0	relative_compositional_CLR_association_not_absolute_load	0.8792523671036383	101	MICRO_SENS_PSEUDO_1.0	03_processed/microbiome/sensitivity/MICRO_SENS_PSEUDO_1.0_centered_log_ratio.tsv.gz	122	negative	101	9	-0.17392530238505788	-0.029782636046835852	1.0	False	LOW_CURRENT_CONCERN
Paucibacter	preprocessing_sensitivity	Model_0	CLR_genus ~ standardized_Moffitt50_contrast	62	0.3044098097411054	0.14860513918919843	0.007155273480825786	0.601664346001385	2.0484473915369934	0.04489867560290605	0.09250001393700669	0.07737501416929016	0.09250001393700669	0.10192839157860425	0.0851507535013387	3.5021313471023216e-05	2.397920707382723	0.18650065219105116	0.09080065219490131	55.456435451593066	61.10902071985663	122_genus_tests_Moffitt50_MICRO_SENS_PSEUDO_1.0	relative_compositional_CLR_association_not_absolute_load	0.12826514071071238	42	MICRO_SENS_PSEUDO_1.0	03_processed/microbiome/sensitivity/MICRO_SENS_PSEUDO_1.0_centered_log_ratio.tsv.gz	122	positive	42	8	-0.28853300527194714	0.6035809848525555	0.875	True	LOW_CURRENT_CONCERN
Streptomyces	preprocessing_sensitivity	Model_0	CLR_genus ~ standardized_Moffitt50_contrast	62	0.4230278730080847	0.09860301175613152	0.22579248334824834	0.6202632626679211	4.290212494262673	6.597007561699305e-05	0.1733782274110448	0.15960119786789562	0.1733782274110448	0.2097431173002246	0.035585026380134	0.6468068154803313	2.8409774128569216	0.11518012178016926	0.09080065219490131	52.045128356804035	62.96123581865042	122_genus_tests_Moffitt50_MICRO_SENS_PSEUDO_1.0	relative_compositional_CLR_association_not_absolute_load	0.0011497641750390216	7	MICRO_SENS_PSEUDO_1.0	03_processed/microbiome/sensitivity/MICRO_SENS_PSEUDO_1.0_centered_log_ratio.tsv.gz	122	positive	7	9	-0.3855406472376602	0.8096660256382195	0.8888888888888888	True	LOW_CURRENT_CONCERN
Collimonas	preprocessing_sensitivity	Model_0	CLR_genus ~ standardized_Moffitt50_contrast	62	0.16640648006508307	0.14925840884735442	-0.1321547900695939	0.46496775019976005	1.1148884766369571	0.26934401550204223	0.02425398584547933	0.00799155227623738	0.02425398584547933	0.024856863869943957	0.056715960396119904	0.05883029738733156	2.3264436761681355	0.12418085937732443	0.09080065219490131	67.95539943834982	69.64455755141653	122_genus_tests_Moffitt50_MICRO_SENS_PSEUDO_1.0	relative_compositional_CLR_association_not_absolute_load	0.4386244656071902	74	MICRO_SENS_PSEUDO_1.0	03_processed/microbiome/sensitivity/MICRO_SENS_PSEUDO_1.0_centered_log_ratio.tsv.gz	122	positive	74	9	-0.2188196156802856	0.3603269031781349	0.8888888888888888	True	LOW_CURRENT_CONCERN
Bacillus	preprocessing_sensitivity	Model_0	CLR_genus ~ standardized_Moffitt50_contrast	62	0.24954078922818412	0.15520811804970921	-0.060921671265581345	0.5600032497219496	1.6077818116979072	0.11313306536971578	0.026059548473765237	0.00982720761499467	0.026059548473765237	0.026756819098054763	3.6351848884266145e-08	0.592125361673028	7.1341750127549	0.22788930408238103	0.09080065219490131	141.96406982780323	145.76257676260937	122_genus_tests_Moffitt50_MICRO_SENS_PSEUDO_1.0	relative_compositional_CLR_association_not_absolute_load	0.23393616906958178	59	MICRO_SENS_PSEUDO_1.0	03_processed/microbiome/sensitivity/MICRO_SENS_PSEUDO_1.0_centered_log_ratio.tsv.gz	122	positive	59	9	-0.2907021190413025	0.5055671603501686	0.8888888888888888	True	LOW_CURRENT_CONCERN
Polaromonas	preprocessing_sensitivity	Model_0	CLR_genus ~ standardized_Moffitt50_contrast	62	0.08118152934705898	0.13058130455734565	-0.1800199697547803	0.34238302844889823	0.621693355126557	0.536498679225476	0.006158749808784614	-0.010405271027735585	0.006158749808784614	0.006196915058214446	0.006323809554462027	0.19241464760183852	3.021242307759993	0.18628153111544962	0.09080065219490131	64.87371205804462	65.27572894117938	122_genus_tests_Moffitt50_MICRO_SENS_PSEUDO_1.0	relative_compositional_CLR_association_not_absolute_load	0.7550529830992411	86	MICRO_SENS_PSEUDO_1.0	03_processed/microbiome/sensitivity/MICRO_SENS_PSEUDO_1.0_centered_log_ratio.tsv.gz	122	positive	86	9	-0.13711754169364163	0.18602350765886658	0.8888888888888888	True	LOW_CURRENT_CONCERN
Ochrobactrum	preprocessing_sensitivity	Model_0	CLR_genus ~ standardized_Moffitt50_contrast	62	0.8239164303258627	0.307038613943224	0.20974775958095448	1.438085101070771	2.6834293567981553	0.00940354328855003	0.14462415821178543	0.1303678941819819	0.14462415821178543	0.1690767393072967	0.0002980059323872212	0.000904229203381299	2.560665606990983	0.13530247547351865	0.09080065219490131	244.9132595262232	286.3223948600388	122_genus_tests_Moffitt50_MICRO_SENS_PSEUDO_1.0	relative_compositional_CLR_association_not_absolute_load	0.03955973383458978	29	MICRO_SENS_PSEUDO_1.0	03_processed/microbiome/sensitivity/MICRO_SENS_PSEUDO_1.0_centered_log_ratio.tsv.gz	122	positive	29	8	0.29623425602014886	1.1094349812787232	1.0	False	LOW_CURRENT_CONCERN
Fusarium	preprocessing_sensitivity	Model_0	CLR_genus ~ standardized_Moffitt50_contrast	62	-0.5346003571843649	0.18352035696483976	-0.9016957275164135	-0.16750498685231646	-2.913030281903755	0.005021358900731392	0.10107357183199861	0.08609146469586526	0.10107357183199861	0.11243809133299712	6.985072324260449e-08	0.5023089361991411	3.481126614580433	0.21032478321471387	0.09080065219490131	155.0511027830347	172.48475283903545	122_genus_tests_Moffitt50_MICRO_SENS_PSEUDO_1.0	relative_compositional_CLR_association_not_absolute_load	0.02552524107871791	24	MICRO_SENS_PSEUDO_1.0	03_processed/microbiome/sensitivity/MICRO_SENS_PSEUDO_1.0_centered_log_ratio.tsv.gz	122	negative	24	8	-0.9374383291812549	0.21856476146408563	0.875	True	LOW_CURRENT_CONCERN
Serratia	preprocessing_sensitivity	Model_0	CLR_genus ~ standardized_Moffitt50_contrast	62	-0.4117376627688815	0.20469849338187512	-0.8211956132502467	-0.002279712287516278	-2.0114347495502307	0.048777740384658694	0.06740712493912393	0.051863910354776	0.06740712493912393	0.0722792621965119	0.007259369052524842	0.2240079523409412	2.0121584969367006	0.1216339610804082	0.09080065219490131	143.07287823954005	153.41408031902535	122_genus_tests_Moffitt50_MICRO_SENS_PSEUDO_1.0	relative_compositional_CLR_association_not_absolute_load	0.13224187393174133	45	MICRO_SENS_PSEUDO_1.0	03_processed/microbiome/sensitivity/MICRO_SENS_PSEUDO_1.0_centered_log_ratio.tsv.gz	122	negative	45	9	-0.5867959762309412	-0.10022395853865375	1.0	False	LOW_CURRENT_CONCERN
Candidatus Accumulibacter	preprocessing_sensitivity	Model_0	CLR_genus ~ standardized_Moffitt50_contrast	62	-0.023340449909810893	0.14756210448973825	-0.31850860613247495	0.2718277063128532	-0.15817373973162624	0.8748510519272181	0.00038556054786864635	-0.016274680109666928	0.00038556054786864635	0.00038570926214307627	0.03762756726893909	0.20292432407307504	2.9621358800981814	0.11124494365147117	0.09080065219490131	86.15653286853949	86.18976424126103	122_genus_tests_Moffitt50_MICRO_SENS_PSEUDO_1.0	relative_compositional_CLR_association_not_absolute_load	0.9362441082028123	114	MICRO_SENS_PSEUDO_1.0	03_processed/microbiome/sensitivity/MICRO_SENS_PSEUDO_1.0_centered_log_ratio.tsv.gz	122	negative	114	9	-0.21743076503705616	0.05941397137977953	0.7777777777777778	True	LOW_CURRENT_CONCERN
Methylibium	preprocessing_sensitivity	Model_0	CLR_genus ~ standardized_Moffitt50_contrast	62	0.3346517014731985	0.12654057854443918	0.08153285781433245	0.5877705451320645	2.6446196573668566	0.01042301327247186	0.07866796016677446	0.06331242616955413	0.07866796016677446	0.08538502599021142	0.1495531615941253	0.05041300444962712	2.6470064417460897	0.12306635742330845	0.09080065219490131	80.0081438168856	86.83964125611894	122_genus_tests_Moffitt50_MICRO_SENS_PSEUDO_1.0	relative_compositional_CLR_association_not_absolute_load	0.042386920641385564	30	MICRO_SENS_PSEUDO_1.0	03_processed/microbiome/sensitivity/MICRO_SENS_PSEUDO_1.0_centered_log_ratio.tsv.gz	122	positive	30	9	-0.20808019394578747	0.594704326769632	0.8888888888888888	True	LOW_CURRENT_CONCERN
Novosphingobium	preprocessing_sensitivity	Model_0	CLR_genus ~ standardized_Moffitt50_contrast	62	-0.24775380270072014	0.05122695212452972	-0.35022296346384574	-0.14528464193759458	-4.836395538396373	9.586206228708363e-06	0.24712787998860908	0.23458001132175266	0.24712787998860908	0.3282468209672448	0.030311425449465065	0.6079166712294803	3.7175441672913103	0.17747975646052	0.09080065219490131	11.40696120339989	15.151259955312591	122_genus_tests_Moffitt50_MICRO_SENS_PSEUDO_1.0	relative_compositional_CLR_association_not_absolute_load	0.0003413308712966957	3	MICRO_SENS_PSEUDO_1.0	03_processed/microbiome/sensitivity/MICRO_SENS_PSEUDO_1.0_centered_log_ratio.tsv.gz	122	negative	3	8	-0.4522689530788984	0.18864235267728774	0.875	True	MODERATE_RISK_ENVIRONMENTAL
Pseudoxanthomonas	preprocessing_sensitivity	Model_0	CLR_genus ~ standardized_Moffitt50_contrast	62	0.2271587065680592	0.17637452978522125	-0.12564288122010808	0.5799602943562265	1.2879337330887854	0.2027142315013314	0.030462349749829865	0.014303388912327075	0.030462349749829865	0.031419460339647105	7.095011945573488e-06	0.020140718764990132	3.6196044708445774	0.3190926735668112	0.09080065219490131	100.18204393466911	103.3297096908192	122_genus_tests_Moffitt50_MICRO_SENS_PSEUDO_1.0	relative_compositional_CLR_association_not_absolute_load	0.3678157825243431	67	MICRO_SENS_PSEUDO_1.0	03_processed/microbiome/sensitivity/MICRO_SENS_PSEUDO_1.0_centered_log_ratio.tsv.gz	122	positive	67	7	-0.24836254129331017	0.4471652512048728	0.8571428571428571	True	LOW_CURRENT_CONCERN
Burkholderia	preprocessing_sensitivity	Model_0	CLR_genus ~ standardized_Moffitt50_contrast	62	-0.15891790327743943	0.055637710718715074	-0.2702098948499446	-0.04762591170493423	-2.8562983851164025	0.005880290324862235	0.10188752105038557	0.08691897973455875	0.10188752105038557	0.11344628143854309	0.007296877769075769	0.9984971821338298	4.107827661066871	0.18149872805141765	0.09080065219490131	13.579545132490814	15.120094031398763	122_genus_tests_Moffitt50_MICRO_SENS_PSEUDO_1.0	relative_compositional_CLR_association_not_absolute_load	0.02827093938054785	25	MICRO_SENS_PSEUDO_1.0	03_processed/microbiome/sensitivity/MICRO_SENS_PSEUDO_1.0_centered_log_ratio.tsv.gz	122	negative	25	9	-0.3593707530521878	0.28200611747374704	0.8888888888888888	True	BIOLOGICALLY_PLAUSIBLE_BUT_CONTAMINATION_SENSITIVE
Rhizobacter	preprocessing_sensitivity	Model_0	CLR_genus ~ standardized_Moffitt50_contrast	62	0.1439745812497181	0.14795176607072494	-0.1519730141847163	0.43992217668415246	0.9731183687317011	0.3344014148434761	0.01818993057542273	0.0018264294183465424	0.01818993057542273	0.018526934222709235	0.03817488689611187	0.07353374929069173	2.1613951197878114	0.16161264800998584	0.09080065219490131	68.24925633179262	69.51370581460056	122_genus_tests_Moffitt50_MICRO_SENS_PSEUDO_1.0	relative_compositional_CLR_association_not_absolute_load	0.5230381103962062	78	MICRO_SENS_PSEUDO_1.0	03_processed/microbiome/sensitivity/MICRO_SENS_PSEUDO_1.0_centered_log_ratio.tsv.gz	122	positive	78	9	-0.24087556655934075	0.3226817792874378	0.8888888888888888	True	LOW_CURRENT_CONCERN
Sphingomonas	preprocessing_sensitivity	Model_0	CLR_genus ~ standardized_Moffitt50_contrast	62	-0.1857248634104729	0.05853543501585551	-0.3028131665833459	-0.06863656023759987	-3.172862102419937	0.0023804761224515796	0.14124363632733306	0.12693103026612196	0.14124363632733306	0.16447463134162116	0.9847016758430575	0.8871585489384908	2.538276018315396	0.10140581638334625	0.09080065219490131	12.792959017788071	14.897076236007234	122_genus_tests_Moffitt50_MICRO_SENS_PSEUDO_1.0	relative_compositional_CLR_association_not_absolute_load	0.013829432711385366	21	MICRO_SENS_PSEUDO_1.0	03_processed/microbiome/sensitivity/MICRO_SENS_PSEUDO_1.0_centered_log_ratio.tsv.gz	122	negative	21	9	-0.39107144070970945	0.24974664654442913	0.8888888888888888	True	BIOLOGICALLY_PLAUSIBLE_BUT_CONTAMINATION_SENSITIVE
Diaphorobacter	preprocessing_sensitivity	Model_0	CLR_genus ~ standardized_Moffitt50_contrast	62	0.04307523931278767	0.24456877589352963	-0.4461351504397333	0.5322856290653086	0.1761273047036062	0.8607870503026873	0.00044987610462199346	-0.016209292626967686	0.00044987610462199346	0.0004500785842222371	5.2480483473523713e-05	0.019845715989772503	1.9603537177711015	0.07548208543305493	0.09080065219490131	251.47619709273965	251.58938114349272	122_genus_tests_Moffitt50_MICRO_SENS_PSEUDO_1.0	relative_compositional_CLR_association_not_absolute_load	0.9362441082028123	111	MICRO_SENS_PSEUDO_1.0	03_processed/microbiome/sensitivity/MICRO_SENS_PSEUDO_1.0_centered_log_ratio.tsv.gz	122	positive	111	9	-0.05979035189504726	0.08748395255077038	0.8888888888888888	True	LOW_CURRENT_CONCERN
Fusobacterium	preprocessing_sensitivity	Model_0	CLR_genus ~ standardized_Moffitt50_contrast	62	0.4277862803179897	0.22014794972650809	-0.01257518404084923	0.8681477446768286	1.9431763087025462	0.05669063208074668	0.050186393868521084	0.03435616709966316	0.050186393868521084	0.0528381500797052	3.991027010417976e-06	0.24203005022414445	5.2711577772057945	0.15884617864361883	0.09080065219490131	211.26907703027436	222.43214422960077	122_genus_tests_Moffitt50_MICRO_SENS_PSEUDO_1.0	relative_compositional_CLR_association_not_absolute_load	0.1440886898718978	48	MICRO_SENS_PSEUDO_1.0	03_processed/microbiome/sensitivity/MICRO_SENS_PSEUDO_1.0_centered_log_ratio.tsv.gz	122	positive	48	9	0.06814505347672907	0.6069006031379385	1.0	False	LOW_CURRENT_CONCERN
Sphingobacterium	preprocessing_sensitivity	Model_0	CLR_genus ~ standardized_Moffitt50_contrast	62	-0.11995887618327535	0.14515058831386282	-0.41030328185158366	0.170385529485033	-0.8264442988263003	0.41182656642544513	0.010217934528207961	-0.006278433229655267	0.010217934528207961	0.010323418542987496	8.972573254798496e-05	0.5585596966339841	2.615613638352676	0.09746793412514088	0.09080065219490131	85.02978415814597	85.90758220863042	122_genus_tests_Moffitt50_MICRO_SENS_PSEUDO_1.0	relative_compositional_CLR_association_not_absolute_load	0.6202819889370902	81	MICRO_SENS_PSEUDO_1.0	03_processed/microbiome/sensitivity/MICRO_SENS_PSEUDO_1.0_centered_log_ratio.tsv.gz	122	negative	81	8	-0.26475368163621577	-0.0599523670802288	1.0	False	LOW_CURRENT_CONCERN
Alicycliphilus	preprocessing_sensitivity	Model_0	CLR_genus ~ standardized_Moffitt50_contrast	62	-0.025915586959898707	0.07255727707431547	-0.17105175026293715	0.11922057634313973	-0.3571741940281901	0.7222146358671255	0.0007971239071710157	-0.01585625736104279	0.0007971239071710157	0.0007977598205961933	5.528619380764618e-12	0.4445508121316597	6.400807320457468	0.254723499461238	0.09080065219490131	51.35465015701407	51.39561883351011	122_genus_tests_Moffitt50_MICRO_SENS_PSEUDO_1.0	relative_compositional_CLR_association_not_absolute_load	0.8792523671036383	98	MICRO_SENS_PSEUDO_1.0	03_processed/microbiome/sensitivity/MICRO_SENS_PSEUDO_1.0_centered_log_ratio.tsv.gz	122	negative	98	9	-0.194668218417088	0.33004477103611285	0.8888888888888888	True	LOW_CURRENT_CONCERN
Devosia	preprocessing_sensitivity	Model_0	CLR_genus ~ standardized_Moffitt50_contrast	62	-0.3070373739405022	0.16189398185501308	-0.630873553242301	0.01679880536129663	-1.8965335858838455	0.06270678502660877	0.05662121202173276	0.04089823222209499	0.05662121202173276	0.060019594189812495	0.0024361987242952445	0.37470956931726285	2.8484534490210733	0.1275454398119708	0.09080065219490131	95.81185888373065	101.56244777250373	122_genus_tests_Moffitt50_MICRO_SENS_PSEUDO_1.0	relative_compositional_CLR_association_not_absolute_load	0.1500044661420837	51	MICRO_SENS_PSEUDO_1.0	03_processed/microbiome/sensitivity/MICRO_SENS_PSEUDO_1.0_centered_log_ratio.tsv.gz	122	negative	51	9	-0.47662148338685567	0.015339100589214744	0.8888888888888888	True	LOW_CURRENT_CONCERN
Ottowia	preprocessing_sensitivity	Model_0	CLR_genus ~ standardized_Moffitt50_contrast	62	0.04892766560564394	0.1383324426426103	-0.22777841812628197	0.32563374933756983	0.3536962455875325	0.724806382317287	0.0024747000439530042	-0.014150721621980944	0.0024747000439530042	0.002480839377268972	0.03250491959817526	0.0008335131554979083	2.6927113384084453	0.130361180175772	0.09080065219490131	58.86270005899159	59.00872896315028	122_genus_tests_Moffitt50_MICRO_SENS_PSEUDO_1.0	relative_compositional_CLR_association_not_absolute_load	0.8792523671036383	100	MICRO_SENS_PSEUDO_1.0	03_processed/microbiome/sensitivity/MICRO_SENS_PSEUDO_1.0_centered_log_ratio.tsv.gz	122	positive	100	9	-0.20681100111315293	0.17201155233939397	0.8888888888888888	True	LOW_CURRENT_CONCERN
Thauera	preprocessing_sensitivity	Model_0	CLR_genus ~ standardized_Moffitt50_contrast	62	-0.08368513765552699	0.11240440443286545	-0.3085274230273978	0.1411571477163438	-0.7445005209338456	0.45947983258751224	0.005475514926939429	-0.011099893157611618	0.005475514926939429	0.005505661257336648	9.447437040560544e-09	0.20128410905390123	3.7631467430907293	0.2155385029687176	0.09080065219490131	77.59201268705242	78.01920802518232	122_genus_tests_Moffitt50_MICRO_SENS_PSEUDO_1.0	relative_compositional_CLR_association_not_absolute_load	0.6753799948876686	83	MICRO_SENS_PSEUDO_1.0	03_processed/microbiome/sensitivity/MICRO_SENS_PSEUDO_1.0_centered_log_ratio.tsv.gz	122	negative	83	9	-0.20375566760429745	0.16382083954361717	0.8888888888888888	True	LOW_CURRENT_CONCERN
Phreatobacter	preprocessing_sensitivity	Model_0	CLR_genus ~ standardized_Moffitt50_contrast	62	-0.23574582605056568	0.1224518495308569	-0.48068599396875666	0.009194341867625272	-1.9252124566004174	0.05894674185862924	0.048161228230658715	0.03229724870116979	0.048161228230658715	0.05059809461336968	5.3534522178352335e-05	0.8801365416467047	3.2616617611648833	0.11147661404140102	0.09080065219490131	67.00137209554764	70.39151386006372	122_genus_tests_Moffitt50_MICRO_SENS_PSEUDO_1.0	relative_compositional_CLR_association_not_absolute_load	0.14502414624428575	49	MICRO_SENS_PSEUDO_1.0	03_processed/microbiome/sensitivity/MICRO_SENS_PSEUDO_1.0_centered_log_ratio.tsv.gz	122	negative	49	7	-0.25148940770107003	-0.20677711552036843	1.0	False	LOW_CURRENT_CONCERN
Dickeya	preprocessing_sensitivity	Model_0	CLR_genus ~ standardized_Moffitt50_contrast	62	0.18807879204622804	0.1860211296050188	-0.18401886835132344	0.5601764524437796	1.0110614447164057	0.3160470698537831	0.016385509569458723	-8.065271050350376e-06	0.016385509569458723	0.016658467040564402	0.10149136020343637	0.3581665767255795	2.528644963518775	0.19343127994717746	0.09080065219490131	129.5312196384775	131.68901119154916	122_genus_tests_Moffitt50_MICRO_SENS_PSEUDO_1.0	relative_compositional_CLR_association_not_absolute_load	0.5007499028852148	77	MICRO_SENS_PSEUDO_1.0	03_processed/microbiome/sensitivity/MICRO_SENS_PSEUDO_1.0_centered_log_ratio.tsv.gz	122	positive	77	9	-0.030285564141239733	0.2811914149858607	0.8888888888888888	True	LOW_CURRENT_CONCERN
Rhizobium	preprocessing_sensitivity	Model_0	CLR_genus ~ standardized_Moffitt50_contrast	62	-0.2952876225351967	0.09538486180135347	-0.4860857538495752	-0.10448949122081816	-3.095749335467472	0.00298232707288572	0.14326686610037465	0.12898798053538096	0.14326686610037465	0.16722461222931967	0.3757368473976457	0.4192164130422382	2.952302303952428	0.1352572739613937	0.09080065219490131	31.806810674961415	37.12569225633322	122_genus_tests_Moffitt50_MICRO_SENS_PSEUDO_1.0	relative_compositional_CLR_association_not_absolute_load	0.016538359222366263	22	MICRO_SENS_PSEUDO_1.0	03_processed/microbiome/sensitivity/MICRO_SENS_PSEUDO_1.0_centered_log_ratio.tsv.gz	122	negative	22	9	-0.500609013719891	0.14021188641999227	0.8888888888888888	True	BIOLOGICALLY_PLAUSIBLE_BUT_CONTAMINATION_SENSITIVE
Sinorhizobium	preprocessing_sensitivity	Model_0	CLR_genus ~ standardized_Moffitt50_contrast	62	0.2536916465734655	0.16129627480672948	-0.06894894062144902	0.57633223376838	1.5728301653429206	0.12101701805856002	0.02703457547214727	0.010818485063349814	0.02703457547214727	0.027785751467238662	2.898064317454702e-07	0.0232776934271272	2.5252828666486336	0.09298145116811263	0.09080065219490131	141.292797088447	145.21872363245757	122_genus_tests_Moffitt50_MICRO_SENS_PSEUDO_1.0	relative_compositional_CLR_association_not_absolute_load	0.24606793671907204	60	MICRO_SENS_PSEUDO_1.0	03_processed/microbiome/sensitivity/MICRO_SENS_PSEUDO_1.0_centered_log_ratio.tsv.gz	122	positive	60	9	0.21739330610018118	0.3334367165483815	1.0	False	LOW_CURRENT_CONCERN
Stenotrophomonas	preprocessing_sensitivity	Model_0	CLR_genus ~ standardized_Moffitt50_contrast	62	-0.0409675373547709	0.06634114441956708	-0.17366958404716443	0.09173450933762262	-0.6175283485566111	0.539223011041392	0.003971685906591471	-0.012628785994965197	0.003971685906591471	0.00398752309587356	0.047528419640328834	0.2981432426269273	2.5504585184815096	0.10562270015473023	0.09080065219490131	25.674756903031653	25.777135589163436	122_genus_tests_Moffitt50_MICRO_SENS_PSEUDO_1.0	relative_compositional_CLR_association_not_absolute_load	0.7550529830992411	87	MICRO_SENS_PSEUDO_1.0	03_processed/microbiome/sensitivity/MICRO_SENS_PSEUDO_1.0_centered_log_ratio.tsv.gz	122	negative	87	9	-0.2430872508961397	0.3980946401662395	0.8888888888888888	True	BIOLOGICALLY_PLAUSIBLE_BUT_CONTAMINATION_SENSITIVE
Corynebacterium	preprocessing_sensitivity	Model_0	CLR_genus ~ standardized_Moffitt50_contrast	62	0.18514297041855865	0.1661700125551705	-0.14724654377963114	0.5175324846167484	1.1141779889863637	0.26964618787327266	0.021044192536859185	0.004728262412473594	0.021044192536859185	0.021496570505458217	0.023330592405881926	0.4200896299217698	2.286803196842442	0.14846114083896783	0.09080065219490131	97.26914759211951	99.36010068133933	122_genus_tests_Moffitt50_MICRO_SENS_PSEUDO_1.0	relative_compositional_CLR_association_not_absolute_load	0.4386244656071902	75	MICRO_SENS_PSEUDO_1.0	03_processed/microbiome/sensitivity/MICRO_SENS_PSEUDO_1.0_centered_log_ratio.tsv.gz	122	positive	75	9	-0.27168729937554625	0.40399767435545403	0.8888888888888888	True	LOW_CURRENT_CONCERN
Leptothrix	preprocessing_sensitivity	Model_0	CLR_genus ~ standardized_Moffitt50_contrast	62	0.10526581704227611	0.16555612752828056	-0.22589574427365855	0.43642737835821077	0.6358315975003368	0.5273040997037544	0.008428444415688241	-0.008097748177383624	0.008428444415688241	0.008500086925871467	0.00783596874539205	0.1556612945373701	2.0624843777818502	0.17831148831647006	0.09080065219490131	79.52088400824982	80.19681843474207	122_genus_tests_Moffitt50_MICRO_SENS_PSEUDO_1.0	relative_compositional_CLR_association_not_absolute_load	0.7550529830992411	85	MICRO_SENS_PSEUDO_1.0	03_processed/microbiome/sensitivity/MICRO_SENS_PSEUDO_1.0_centered_log_ratio.tsv.gz	122	positive	85	9	-0.13843812944432018	0.2232670673173095	0.8888888888888888	True	LOW_CURRENT_CONCERN
Altererythrobacter	preprocessing_sensitivity	Model_0	CLR_genus ~ standardized_Moffitt50_contrast	62	0.024280087578811078	0.10807042936976224	-0.19189295691367025	0.24045313207129243	0.22466911365491962	0.823000072364046	0.000598199122094023	-0.01605849755920441	0.000598199122094023	0.0005985571784727085	7.120322924801918e-07	0.04210786556988091	2.5520131812711395	0.10603852637242538	0.09080065219490131	60.07927582568289	60.1152367075058	122_genus_tests_Moffitt50_MICRO_SENS_PSEUDO_1.0	relative_compositional_CLR_association_not_absolute_load	0.9357991972772131	107	MICRO_SENS_PSEUDO_1.0	03_processed/microbiome/sensitivity/MICRO_SENS_PSEUDO_1.0_centered_log_ratio.tsv.gz	122	positive	107	9	-0.025842758457895597	0.13441345874383576	0.8888888888888888	True	LOW_CURRENT_CONCERN
Roseolovirus	preprocessing_sensitivity	Model_0	CLR_genus ~ standardized_Moffitt50_contrast	62	-0.9122922033296167	0.205431028865695	-1.323215442943815	-0.5013689637154184	-4.440868589165503	3.912426710481098e-05	0.2191228874764075	0.20610826893434764	0.2191228874764075	0.28061123057923815	9.172180134153637e-05	0.0009485989427396466	2.51052452962523	0.11506704788840143	0.09080065219490131	180.92255543307775	231.69145635269413	122_genus_tests_Moffitt50_MICRO_SENS_PSEUDO_1.0	relative_compositional_CLR_association_not_absolute_load	0.0007955267644644899	6	MICRO_SENS_PSEUDO_1.0	03_processed/microbiome/sensitivity/MICRO_SENS_PSEUDO_1.0_centered_log_ratio.tsv.gz	122	negative	6	8	-1.4070681167254238	0.07664365012380091	0.875	True	LOW_CURRENT_CONCERN
Janibacter	preprocessing_sensitivity	Model_0	CLR_genus ~ standardized_Moffitt50_contrast	62	0.2555458537678793	0.1749964109199365	-0.09449908585558214	0.6055907933913407	1.4602919707010185	0.14942657696472122	0.04121177622809291	0.025231972498561128	0.04121177622809291	0.0429831898288908	0.002599371497554481	0.025065314298384416	3.431676209019646	0.1410102097548423	0.09080065219490131	92.67633932970033	96.65986401575552	122_genus_tests_Moffitt50_MICRO_SENS_PSEUDO_1.0	relative_compositional_CLR_association_not_absolute_load	0.2940329417692901	62	MICRO_SENS_PSEUDO_1.0	03_processed/microbiome/sensitivity/MICRO_SENS_PSEUDO_1.0_centered_log_ratio.tsv.gz	122	positive	62	8	-0.2104935493871246	0.4826706433361536	0.875	True	LOW_CURRENT_CONCERN
Lactobacillus	preprocessing_sensitivity	Model_0	CLR_genus ~ standardized_Moffitt50_contrast	62	0.13432190508034927	0.1870999121415178	-0.2399336416753882	0.5085774518360867	0.7179153829786487	0.4755955831104791	0.009359712773401196	-0.007150958680375297	0.009359712773401196	0.009448144693978368	2.1056919840807144e-05	0.130676297527515	4.705736398342799	0.15457122940599197	0.09080065219490131	116.48687238571837	117.58745721096761	122_genus_tests_Moffitt50_MICRO_SENS_PSEUDO_1.0	relative_compositional_CLR_association_not_absolute_load	0.6907459659461721	84	MICRO_SENS_PSEUDO_1.0	03_processed/microbiome/sensitivity/MICRO_SENS_PSEUDO_1.0_centered_log_ratio.tsv.gz	122	positive	84	9	-0.30725411039006767	0.32572207484052784	0.8888888888888888	True	LOW_CURRENT_CONCERN
Acinetobacter	preprocessing_sensitivity	Model_0	CLR_genus ~ standardized_Moffitt50_contrast	62	-0.09448918379392114	0.06260095310124558	-0.21970973393835952	0.030731366350517222	-1.5093889008543078	0.13644784375155175	0.03897635442239766	0.022959293662771052	0.03897635442239766	0.0405571232318345	0.572930174750717	0.6921048663708355	2.1821415071551953	0.1460369697346889	0.09080065219490131	13.428480959641417	13.973101516737941	122_genus_tests_Moffitt50_MICRO_SENS_PSEUDO_1.0	relative_compositional_CLR_association_not_absolute_load	0.2728956875031035	61	MICRO_SENS_PSEUDO_1.0	03_processed/microbiome/sensitivity/MICRO_SENS_PSEUDO_1.0_centered_log_ratio.tsv.gz	122	negative	61	9	-0.2999014566621953	0.3409093251196318	0.8888888888888888	True	BIOLOGICALLY_PLAUSIBLE_BUT_CONTAMINATION_SENSITIVE
Janthinobacterium	preprocessing_sensitivity	Model_0	CLR_genus ~ standardized_Moffitt50_contrast	62	-0.07506619677935504	0.12512660972044132	-0.32535668167918214	0.17522428812047203	-0.5999219266554766	0.5508173401297742	0.007020062384252124	-0.009529603242677043	0.007020062384252124	0.007069692063575879	0.014811445634714617	0.005856575704604584	3.5154452041435076	0.1056062538440377	0.09080065219490131	48.620359238118304	48.96409020595224	122_genus_tests_Moffitt50_MICRO_SENS_PSEUDO_1.0	relative_compositional_CLR_association_not_absolute_load	0.7550529830992411	89	MICRO_SENS_PSEUDO_1.0	03_processed/microbiome/sensitivity/MICRO_SENS_PSEUDO_1.0_centered_log_ratio.tsv.gz	122	negative	89	7	-0.2073114288744969	-0.012677479223610427	1.0	False	LOW_CURRENT_CONCERN
Paracoccus	preprocessing_sensitivity	Model_0	CLR_genus ~ standardized_Moffitt50_contrast	62	0.3022277947216269	0.18650746575942917	-0.07084268282635842	0.6752982722696123	1.6204595000580952	0.11037800118748092	0.0380229296247957	0.02198997845187567	0.0380229296247957	0.03952581698227531	9.9226129468019e-05	0.015137828950443397	2.158745322443118	0.1701510395055348	0.09080065219490131	140.96710604460802	146.5389460786482	122_genus_tests_Moffitt50_MICRO_SENS_PSEUDO_1.0	relative_compositional_CLR_association_not_absolute_load	0.23217441629090815	58	MICRO_SENS_PSEUDO_1.0	03_processed/microbiome/sensitivity/MICRO_SENS_PSEUDO_1.0_centered_log_ratio.tsv.gz	122	positive	58	9	0.14074699964343015	0.3831964909827919	1.0	False	LOW_CURRENT_CONCERN
Delftia	preprocessing_sensitivity	Model_0	CLR_genus ~ standardized_Moffitt50_contrast	62	-0.006046037275988419	0.11431802180907863	-0.23471612731766708	0.22262405276569022	-0.052887875247577716	0.9579969420682544	1.9253707642330475e-05	-0.016647092063896807	1.9253707642330475e-05	1.925407835472604e-05	2.4835200646019086e-08	0.785018579723992	5.5465986641728104	0.2232397921281004	0.09080065219490131	115.81071449965515	115.81294432822645	122_genus_tests_Moffitt50_MICRO_SENS_PSEUDO_1.0	relative_compositional_CLR_association_not_absolute_load	0.9821481254817398	119	MICRO_SENS_PSEUDO_1.0	03_processed/microbiome/sensitivity/MICRO_SENS_PSEUDO_1.0_centered_log_ratio.tsv.gz	122	negative	119	7	-0.2105480408070087	0.4303661368109584	0.7142857142857143	True	HIGH_RISK_POTENTIAL_CONTAMINANT
Sphingorhabdus	preprocessing_sensitivity	Model_0	CLR_genus ~ standardized_Moffitt50_contrast	62	0.2181843749893149	0.12466519598692719	-0.031183145024316405	0.4675518950029462	1.7501626918566304	0.08520247229816717	0.052006736662891795	0.03620684894060666	0.052006736662891795	0.05485981670356881	0.24845656025050128	0.5168145020778727	2.9096629725998855	0.1937108540001262	0.09080065219490131	52.932544899830575	55.83641461068871	122_genus_tests_Moffitt50_MICRO_SENS_PSEUDO_1.0	relative_compositional_CLR_association_not_absolute_load	0.18561967179243563	56	MICRO_SENS_PSEUDO_1.0	03_processed/microbiome/sensitivity/MICRO_SENS_PSEUDO_1.0_centered_log_ratio.tsv.gz	122	positive	56	9	-0.351892084151617	0.5011679943879076	0.8888888888888888	True	LOW_CURRENT_CONCERN
Klebsiella	preprocessing_sensitivity	Model_0	CLR_genus ~ standardized_Moffitt50_contrast	62	-0.6923186095468028	0.1844797899016542	-1.06133313149273	-0.32330408760087564	-3.752815470550332	0.0003966590674235168	0.2254702583575643	0.2125614293301904	0.2254702583575643	0.29110600437297784	0.2032849539487187	0.5345731498069622	2.95998934193912	0.17491061998918123	0.09080065219490131	100.4362948390214	129.67390332363527	122_genus_tests_Moffitt50_MICRO_SENS_PSEUDO_1.0	relative_compositional_CLR_association_not_absolute_load	0.004032700518805755	12	MICRO_SENS_PSEUDO_1.0	03_processed/microbiome/sensitivity/MICRO_SENS_PSEUDO_1.0_centered_log_ratio.tsv.gz	122	negative	12	9	-0.9000886543866474	-0.2595436216423461	1.0	False	LOW_CURRENT_CONCERN
Brachybacterium	preprocessing_sensitivity	Model_0	CLR_genus ~ standardized_Moffitt50_contrast	62	0.16347878056700899	0.12462777633827529	-0.0858138890049234	0.41277145013894134	1.3117363189027862	0.19460617405541875	0.031852699142641105	0.01571691079501847	0.031852699142641105	0.03290067442674624	0.001957136357460828	0.024718861092381795	4.1185218995867885	0.14269188994799029	0.09080065219490131	49.55047402040409	51.18071803384033	122_genus_tests_Moffitt50_MICRO_SENS_PSEUDO_1.0	relative_compositional_CLR_association_not_absolute_load	0.35972656416304677	66	MICRO_SENS_PSEUDO_1.0	03_processed/microbiome/sensitivity/MICRO_SENS_PSEUDO_1.0_centered_log_ratio.tsv.gz	122	positive	66	7	-0.43011364035076505	0.444301166968059	0.8571428571428571	True	LOW_CURRENT_CONCERN
Herbaspirillum	preprocessing_sensitivity	Model_0	CLR_genus ~ standardized_Moffitt50_contrast	62	0.3490212696034201	0.13262189863066823	0.0837379746210985	0.6143045645857417	2.631701651138257	0.010784094440026362	0.10357697638610175	0.08863659265920354	0.10357697638610175	0.11554475248586853	0.018251451303347706	0.25397927369036605	3.1030537701948675	0.23802318511117232	0.09080065219490131	64.31072363653531	71.74149028130589	122_genus_tests_Moffitt50_MICRO_SENS_PSEUDO_1.0	relative_compositional_CLR_association_not_absolute_load	0.042440629731716646	31	MICRO_SENS_PSEUDO_1.0	03_processed/microbiome/sensitivity/MICRO_SENS_PSEUDO_1.0_centered_log_ratio.tsv.gz	122	positive	31	8	-0.4180183650526207	0.7134656317250663	0.875	True	MODERATE_RISK_ENVIRONMENTAL
Melaminivora	preprocessing_sensitivity	Model_0	CLR_genus ~ standardized_Moffitt50_contrast	62	0.01451440731245403	0.13441866694916532	-0.2543629594240216	0.2833917740489296	0.10797910470234846	0.9143725467542798	0.00018066302650310284	-0.016482992589721857	0.00018066302650310284	0.00018069567152999747	1.2736830656923968e-06	0.017138755231881624	2.042406397099945	0.153484073608538	0.09080065219490131	71.11819053953928	71.13104128873682	122_genus_tests_Moffitt50_MICRO_SENS_PSEUDO_1.0	relative_compositional_CLR_association_not_absolute_load	0.9546161628802083	116	MICRO_SENS_PSEUDO_1.0	03_processed/microbiome/sensitivity/MICRO_SENS_PSEUDO_1.0_centered_log_ratio.tsv.gz	122	positive	116	9	-0.014138444892149504	0.08689498779858233	0.8888888888888888	True	LOW_CURRENT_CONCERN
Lysobacter	preprocessing_sensitivity	Model_0	CLR_genus ~ standardized_Moffitt50_contrast	62	0.06822276164190187	0.14528466455165143	-0.22238983643283883	0.3588353597166426	0.46957992333490506	0.6403572864738001	0.005271992567540185	-0.011306807556334064	0.005271992567540185	0.005299933779031695	0.0006224061353648261	0.1141805787440656	2.9787103535468398	0.27454401220299357	0.09080065219490131	53.56954811250281	53.85346317007172	122_genus_tests_Moffitt50_MICRO_SENS_ROBUST_CLR	relative_compositional_CLR_association_not_absolute_load	0.6913591942460496	113	MICRO_SENS_ROBUST_CLR	03_processed/microbiome/sensitivity/MICRO_SENS_ROBUST_CLR_robust_clr.tsv.gz	122	positive	113	9	-0.1064078828104997	0.06822276164190187	0.8888888888888888	True	LOW_CURRENT_CONCERN
Brevundimonas	preprocessing_sensitivity	Model_0	CLR_genus ~ standardized_Moffitt50_contrast	62	0.16603946550957993	0.05638358686444274	0.05325549950728328	0.2788234315118766	2.9448191351992477	0.0045924374703136565	0.10358559033631054	0.0886453501752491	0.10358559033631054	0.11555547213389068	0.6517969737003542	0.48627654506210416	2.8449467734585725	0.15010860330848816	0.09080065219490131	14.553316424172262	16.235031774681392	122_genus_tests_Moffitt50_MICRO_SENS_ROBUST_CLR	relative_compositional_CLR_association_not_absolute_load	0.016007924896521888	35	MICRO_SENS_ROBUST_CLR	03_processed/microbiome/sensitivity/MICRO_SENS_ROBUST_CLR_robust_clr.tsv.gz	122	positive	35	7	-0.47476939770179627	0.16603946550957993	0.8571428571428571	True	HIGH_RISK_POTENTIAL_CONTAMINANT
Paraburkholderia	preprocessing_sensitivity	Model_0	CLR_genus ~ standardized_Moffitt50_contrast	62	-0.18849254415283176	0.1050081745153007	-0.3985401669294811	0.02155507862381756	-1.7950273397559786	0.07768634047646723	0.0676967144709194	0.05215832637876816	0.0676967144709194	0.07261233068861452	9.767865032447012e-08	0.006358795519622157	2.816576587277265	0.27920350118636794	0.09080065219490131	29.847489685570118	32.01478547684375	122_genus_tests_Moffitt50_MICRO_SENS_ROBUST_CLR	relative_compositional_CLR_association_not_absolute_load	0.11914791571136162	79	MICRO_SENS_ROBUST_CLR	03_processed/microbiome/sensitivity/MICRO_SENS_ROBUST_CLR_robust_clr.tsv.gz	122	negative	79	6	-0.2295738398272358	-0.17552355289460428	1.0	False	MODERATE_RISK_ENVIRONMENTAL
Aerococcus	preprocessing_sensitivity	Model_0	CLR_genus ~ standardized_Moffitt50_contrast	62	-0.43998823998597864	0.10499819897169459	-0.6500159087044792	-0.22996057126747804	-4.190436067428077	9.283141521251646e-05	0.2712318792695809	0.259085743924074	0.2712318792695809	0.3721785730661964	0.00020980093190654532	0.0016527934656534538	2.934872971333562	0.21719222558914122	0.09080065219490131	31.729308416643136	43.538277147526635	122_genus_tests_Moffitt50_MICRO_SENS_ROBUST_CLR	relative_compositional_CLR_association_not_absolute_load	0.0009924875437366861	10	MICRO_SENS_ROBUST_CLR	03_processed/microbiome/sensitivity/MICRO_SENS_ROBUST_CLR_robust_clr.tsv.gz	122	negative	10	8	-0.43998823998597864	0.46464313098629384	0.875	True	LOW_CURRENT_CONCERN
Acidovorax	preprocessing_sensitivity	Model_0	CLR_genus ~ standardized_Moffitt50_contrast	62	0.25608410912850155	0.0852345296769071	0.08558966505537446	0.42657855320162863	3.004464389012559	0.003878033642821156	0.12477284842600145	0.11018572923310155	0.12477284842600145	0.1425605320877116	0.9331336875641405	0.014114861918430288	2.6770635058217467	0.19966407518610585	0.09080065219490131	28.060524671549338	32.06084799938577	122_genus_tests_Moffitt50_MICRO_SENS_ROBUST_CLR	relative_compositional_CLR_association_not_absolute_load	0.013915297188946503	34	MICRO_SENS_ROBUST_CLR	03_processed/microbiome/sensitivity/MICRO_SENS_ROBUST_CLR_robust_clr.tsv.gz	122	positive	34	9	-0.3848994900514588	0.25608410912850155	0.8888888888888888	True	LOW_CURRENT_CONCERN
Cupriavidus	preprocessing_sensitivity	Model_0	CLR_genus ~ standardized_Moffitt50_contrast	62	0.11145600631722874	0.0618005120908691	-0.012163423417502664	0.23507543605196013	1.803480303744864	0.07633406151518052	0.04852144367229971	0.032663467733504814	0.04852144367229971	0.050995835218369714	0.1245559456478619	0.71915973094861	3.4013448151611754	0.13434611700464524	0.09080065219490131	14.85942761306877	15.61719653506412	122_genus_tests_Moffitt50_MICRO_SENS_ROBUST_CLR	relative_compositional_CLR_association_not_absolute_load	0.11914791571136162	78	MICRO_SENS_ROBUST_CLR	03_processed/microbiome/sensitivity/MICRO_SENS_ROBUST_CLR_robust_clr.tsv.gz	122	positive	78	9	-0.47525427738843407	0.11145600631722874	0.8888888888888888	True	BIOLOGICALLY_PLAUSIBLE_BUT_CONTAMINATION_SENSITIVE
Staphylococcus	preprocessing_sensitivity	Model_0	CLR_genus ~ standardized_Moffitt50_contrast	62	-0.0967237405855739	0.08849833374611107	-0.273746764829811	0.08029928365866318	-1.0929442000914993	0.2787871662658634	0.020557677444262845	0.0042336387350006	0.020557677444262845	0.020989165947638503	0.13694630106705621	0.5865013305682145	3.630773057733173	0.12864793712112327	0.09080065219490131	27.189474940951023	27.760159342515806	122_genus_tests_Moffitt50_MICRO_SENS_ROBUST_CLR	relative_compositional_CLR_association_not_absolute_load	0.358021413520372	95	MICRO_SENS_ROBUST_CLR	03_processed/microbiome/sensitivity/MICRO_SENS_ROBUST_CLR_robust_clr.tsv.gz	122	negative	95	9	-0.6117666435337625	-0.0967237405855739	1.0	False	LOW_CURRENT_CONCERN
Luteimonas	preprocessing_sensitivity	Model_0	CLR_genus ~ standardized_Moffitt50_contrast	62	-0.24135337341528235	0.12920170609375198	-0.49979526471514096	0.01708851788457627	-1.8680354982321234	0.06664256311159185	0.1012403294729104	0.08626100163079231	0.1012403294729104	0.11264449528930982	8.098927362299801e-09	0.015439387554922596	3.513457820771121	0.29884862795573025	0.09080065219490131	31.544715019308576	35.098053521703704	122_genus_tests_Moffitt50_MICRO_SENS_ROBUST_CLR	relative_compositional_CLR_association_not_absolute_load	0.10697885131071323	76	MICRO_SENS_ROBUST_CLR	03_processed/microbiome/sensitivity/MICRO_SENS_ROBUST_CLR_robust_clr.tsv.gz	122	negative	76	6	-0.24135337341528235	0.19972120534171772	0.8333333333333334	True	LOW_CURRENT_CONCERN
Rhodopseudomonas	preprocessing_sensitivity	Model_0	CLR_genus ~ standardized_Moffitt50_contrast	62	0.3285600369017634	0.07418374175814817	0.1801704598340713	0.47694961396945545	4.4290032979588165	4.077920578453682e-05	0.21589549255693208	0.20282708409954764	0.21589549255693208	0.27534020083746014	0.028691840027356013	0.008494485896441738	2.326520771963839	0.07543492842539842	0.09080065219490131	23.916062924169477	30.50111649295164	122_genus_tests_Moffitt50_MICRO_SENS_ROBUST_CLR	relative_compositional_CLR_association_not_absolute_load	0.000680627433348356	7	MICRO_SENS_ROBUST_CLR	03_processed/microbiome/sensitivity/MICRO_SENS_ROBUST_CLR_robust_clr.tsv.gz	122	positive	7	9	0.3285600369017634	0.45682013834174473	1.0	False	LOW_CURRENT_CONCERN
Rhodoferax	preprocessing_sensitivity	Model_0	CLR_genus ~ standardized_Moffitt50_contrast	62	-0.11760221629835572	0.08520800521820322	-0.2880436035545073	0.052839170957795875	-1.3801780243205604	0.172652833674055	0.025529353339464045	0.009288175895121875	0.025529353339464045	0.026198175827000958	0.0005174277964813311	0.0019309768236190268	1.6019445732216802	0.047832556422073604	0.09080065219490131	32.20251530283702	33.04616246081242	122_genus_tests_Moffitt50_MICRO_SENS_ROBUST_CLR	relative_compositional_CLR_association_not_absolute_load	0.239359610320849	88	MICRO_SENS_ROBUST_CLR	03_processed/microbiome/sensitivity/MICRO_SENS_ROBUST_CLR_robust_clr.tsv.gz	122	negative	88	9	-0.11760221629835572	0.07289599979546624	0.8888888888888888	True	LOW_CURRENT_CONCERN
Blastomonas	preprocessing_sensitivity	Model_0	CLR_genus ~ standardized_Moffitt50_contrast	62	0.33320041136407413	0.07975075283448753	0.17367515416525117	0.4927256685628971	4.178022144262248	9.683686587478381e-05	0.22420112785823754	0.21127114665587488	0.22420112785823754	0.288993882189183	0.643161638725946	0.9746699989759692	2.3582260336933523	0.1622786461431131	0.09080065219490131	23.43431394056671	30.206687302691176	122_genus_tests_Moffitt50_MICRO_SENS_ROBUST_CLR	relative_compositional_CLR_association_not_absolute_load	0.0009924875437366861	11	MICRO_SENS_ROBUST_CLR	03_processed/microbiome/sensitivity/MICRO_SENS_ROBUST_CLR_robust_clr.tsv.gz	122	positive	11	9	-0.30810806699131943	0.33320041136407413	0.8888888888888888	True	LOW_CURRENT_CONCERN
Aeromonas	preprocessing_sensitivity	Model_0	CLR_genus ~ standardized_Moffitt50_contrast	62	-0.36993610811046285	0.07639458146713755	-0.522748023032869	-0.21712419318805665	-4.842439097196929	9.379044161700516e-06	0.21838803517735528	0.20536116909697788	0.21838803517735528	0.2794072314731129	0.001996477659634677	0.8559036072934756	2.103335574119636	0.11400643117202894	0.09080065219490131	29.877595240129605	38.22561140924847	122_genus_tests_Moffitt50_MICRO_SENS_ROBUST_CLR	relative_compositional_CLR_association_not_absolute_load	0.00038141446257582097	3	MICRO_SENS_ROBUST_CLR	03_processed/microbiome/sensitivity/MICRO_SENS_ROBUST_CLR_robust_clr.tsv.gz	122	negative	3	9	-0.36993610811046285	0.6878998899726578	0.8888888888888888	True	LOW_CURRENT_CONCERN
Achromobacter	preprocessing_sensitivity	Model_0	CLR_genus ~ standardized_Moffitt50_contrast	62	0.1319766261892544	0.0753246542785876	-0.018695115708181498	0.2826483680866903	1.7521039751625007	0.0848652018770395	0.042116025868428	0.026151292966235196	0.042116025868428	0.04396777376572235	0.13841884037923374	0.14763975247671388	2.977603064929078	0.15756639330536337	0.09080065219490131	24.1651448431196	25.227632464597793	122_genus_tests_Moffitt50_MICRO_SENS_ROBUST_CLR	relative_compositional_CLR_association_not_absolute_load	0.12474162203613035	83	MICRO_SENS_ROBUST_CLR	03_processed/microbiome/sensitivity/MICRO_SENS_ROBUST_CLR_robust_clr.tsv.gz	122	positive	83	9	-0.4029494350455562	0.1319766261892544	0.8888888888888888	True	LOW_CURRENT_CONCERN
Azoarcus	preprocessing_sensitivity	Model_0	CLR_genus ~ standardized_Moffitt50_contrast	62	0.24674330221477256	0.08711991208096032	0.07247753182515382	0.4210090726043913	2.8322262536889915	0.006284224804187343	0.117976363064069	0.10327596911513692	0.117976363064069	0.13375646425294002	0.29493341557881586	0.8396173307633419	2.289988320848175	0.12322090550995912	0.09080065219490131	27.765519290610715	31.4793369790696	122_genus_tests_Moffitt50_MICRO_SENS_ROBUST_CLR	relative_compositional_CLR_association_not_absolute_load	0.020675442962800494	36	MICRO_SENS_ROBUST_CLR	03_processed/microbiome/sensitivity/MICRO_SENS_ROBUST_CLR_robust_clr.tsv.gz	122	positive	36	9	-0.3942746859776195	0.24674330221477256	0.8888888888888888	True	LOW_CURRENT_CONCERN
Enterobacter	preprocessing_sensitivity	Model_0	CLR_genus ~ standardized_Moffitt50_contrast	62	0.03969291725914792	0.1029437773670805	-0.1662252963981441	0.24561113091643993	0.38557859711723547	0.7011724751373936	0.002380558243309183	-0.014246432452635682	0.002380558243309183	0.0023862388238117126	0.00035427219729345283	0.6212652385236979	3.5458455744435042	0.18966560066769944	0.09080065219490131	40.275595030136856	40.37170221864989	122_genus_tests_Moffitt50_MICRO_SENS_ROBUST_CLR	relative_compositional_CLR_association_not_absolute_load	0.737440016954845	116	MICRO_SENS_ROBUST_CLR	03_processed/microbiome/sensitivity/MICRO_SENS_ROBUST_CLR_robust_clr.tsv.gz	122	positive	116	9	0.03969291725914792	0.35951297607592725	1.0	False	LOW_CURRENT_CONCERN
Methyloversatilis	preprocessing_sensitivity	Model_0	CLR_genus ~ standardized_Moffitt50_contrast	62	0.37082864023250756	0.11214207366099746	0.1465110945322516	0.5951461859327635	3.3067753085564724	0.0015973714901754445	0.20103937356019996	0.18772336311953663	0.20103937356019996	0.2516261338885238	0.5682359331379083	0.6254765158914197	3.5187184452196187	0.23464063794203968	0.09080065219490131	33.33654805956823	41.72489476498635	122_genus_tests_Moffitt50_MICRO_SENS_ROBUST_CLR	relative_compositional_CLR_association_not_absolute_load	0.00758102701366777	25	MICRO_SENS_ROBUST_CLR	03_processed/microbiome/sensitivity/MICRO_SENS_ROBUST_CLR_robust_clr.tsv.gz	122	positive	25	9	-0.2700977226113444	0.37082864023250756	0.8888888888888888	True	LOW_CURRENT_CONCERN
Mycobacterium	preprocessing_sensitivity	Model_0	CLR_genus ~ standardized_Moffitt50_contrast	62	-0.01002275332773586	0.08843539921329194	-0.18691988976304533	0.1668743831075736	-0.11333417858568821	0.9101439862720468	0.00020000963323874021	-0.01646332353954061	0.00020000963323874021	0.0002000496450948852	1.9016296655754084e-11	0.7326988449731155	2.8205779436014953	0.1607341094415052	0.09080065219490131	30.631349720606643	30.637477511247035	122_genus_tests_Moffitt50_MICRO_SENS_ROBUST_CLR	relative_compositional_CLR_association_not_absolute_load	0.9176658373982621	121	MICRO_SENS_ROBUST_CLR	03_processed/microbiome/sensitivity/MICRO_SENS_ROBUST_CLR_robust_clr.tsv.gz	122	negative	121	8	-0.2483434173588759	-0.01002275332773586	1.0	False	LOW_CURRENT_CONCERN
Rubrivivax	preprocessing_sensitivity	Model_0	CLR_genus ~ standardized_Moffitt50_contrast	62	-0.14255031101523494	0.07398930312051481	-0.29055095289955357	0.005450330869083725	-1.9266340538854245	0.05876545811834283	0.04883579162649554	0.03298305482027053	0.04883579162649554	0.051343176284991826	2.979552600823002e-05	0.15742961792482987	1.8349812414601292	0.08554672141367856	0.09080065219490131	24.14256676529914	25.382122826702084	122_genus_tests_Moffitt50_MICRO_SENS_ROBUST_CLR	relative_compositional_CLR_association_not_absolute_load	0.09821076562243596	73	MICRO_SENS_ROBUST_CLR	03_processed/microbiome/sensitivity/MICRO_SENS_ROBUST_CLR_robust_clr.tsv.gz	122	negative	73	9	-0.14255031101523494	0.6890998729537884	0.8888888888888888	True	LOW_CURRENT_CONCERN
Mesorhizobium	preprocessing_sensitivity	Model_0	CLR_genus ~ standardized_Moffitt50_contrast	62	-0.2155946253935093	0.09070886677241867	-0.39703937403576006	-0.03414987675125855	-2.3767756456975597	0.02067167736063372	0.07208966512598802	0.056624492878087906	0.07208966512598802	0.07769033538760625	5.1169925644869686e-06	0.11130535909716603	1.9332256937905326	0.10250890764663256	0.09080065219490131	36.495447963594906	39.33079155600752	122_genus_tests_Moffitt50_MICRO_SENS_ROBUST_CLR	relative_compositional_CLR_association_not_absolute_load	0.045853538872678436	55	MICRO_SENS_ROBUST_CLR	03_processed/microbiome/sensitivity/MICRO_SENS_ROBUST_CLR_robust_clr.tsv.gz	122	negative	55	8	-0.2155946253935093	0.5796558786667678	0.875	True	MODERATE_RISK_ENVIRONMENTAL
Nocardioides	preprocessing_sensitivity	Model_0	CLR_genus ~ standardized_Moffitt50_contrast	62	0.0014533719312191237	0.07352503849270356	-0.14561860242925045	0.14852534629168868	0.01976703393855894	0.9842948047547866	5.792996818909657e-06	-0.01666077711990077	5.792996818909657e-06	5.793030377916208e-06	3.1317909647247383e-09	0.06533626810516019	2.9658782541764346	0.15207996431173396	0.09080065219490131	22.24219101362347	22.242319863311675	122_genus_tests_Moffitt50_MICRO_SENS_ROBUST_CLR	relative_compositional_CLR_association_not_absolute_load	0.9842948047547866	122	MICRO_SENS_ROBUST_CLR	03_processed/microbiome/sensitivity/MICRO_SENS_ROBUST_CLR_robust_clr.tsv.gz	122	positive	122	9	0.0014533719312191237	0.9216275608468687	1.0	False	LOW_CURRENT_CONCERN
Comamonas	preprocessing_sensitivity	Model_0	CLR_genus ~ standardized_Moffitt50_contrast	62	0.2717895009042564	0.08694278921054797	0.0978780290065524	0.4457009728019604	3.1260729425883507	0.002730406623376939	0.15442441943210183	0.1403314930893036	0.15442441943210183	0.1826263943530496	0.4438433651571534	0.7286870398890748	3.559562117977063	0.13179242244179862	0.09080065219490131	24.67355015616136	29.179591657070233	122_genus_tests_Moffitt50_MICRO_SENS_ROBUST_CLR	relative_compositional_CLR_association_not_absolute_load	0.010094230547029895	33	MICRO_SENS_ROBUST_CLR	03_processed/microbiome/sensitivity/MICRO_SENS_ROBUST_CLR_robust_clr.tsv.gz	122	positive	33	7	-0.3690210376262675	0.2717895009042564	0.8571428571428571	True	HIGH_RISK_POTENTIAL_CONTAMINANT
Dechloromonas	preprocessing_sensitivity	Model_0	CLR_genus ~ standardized_Moffitt50_contrast	62	0.030611278190279773	0.0692745030844339	-0.10795835945063352	0.16918091583119307	0.4418837642612867	0.6601619285589064	0.0033579070606001293	-0.013252794488389785	0.0033579070606001293	0.0033692205902087105	0.33691829261913747	0.16448794135444747	2.958883036393315	0.13530877368800742	0.09080065219490131	16.96536928009939	17.022529351598397	122_genus_tests_Moffitt50_MICRO_SENS_ROBUST_CLR	relative_compositional_CLR_association_not_absolute_load	0.7064890814402331	114	MICRO_SENS_ROBUST_CLR	03_processed/microbiome/sensitivity/MICRO_SENS_ROBUST_CLR_robust_clr.tsv.gz	122	positive	114	8	-0.610176916443837	0.030611278190279773	0.875	True	MODERATE_RISK_ENVIRONMENTAL
Chelatococcus	preprocessing_sensitivity	Model_0	CLR_genus ~ standardized_Moffitt50_contrast	62	-0.35943713101054353	0.10967248740284652	-0.5788147686973438	-0.14005949332374326	-3.2773682764234855	0.0017450232664088803	0.21389108648110067	0.20078927125578572	0.21389108648110067	0.2720883618068254	1.1505428326637802e-05	0.068281076423087	3.5030428615542366	0.1903151543602904	0.09080065219490131	28.96448075823881	36.84537887833332	122_genus_tests_Moffitt50_MICRO_SENS_ROBUST_CLR	relative_compositional_CLR_association_not_absolute_load	0.007650822955386835	27	MICRO_SENS_ROBUST_CLR	03_processed/microbiome/sensitivity/MICRO_SENS_ROBUST_CLR_robust_clr.tsv.gz	122	negative	27	7	-0.35943713101054353	0.45352436596998374	0.8571428571428571	True	LOW_CURRENT_CONCERN
Bordetella	preprocessing_sensitivity	Model_0	CLR_genus ~ standardized_Moffitt50_contrast	62	0.15808509814265914	0.08943424426657962	-0.020810025877271376	0.33698022216258966	1.7676126123618785	0.08221035649278724	0.05867625870303683	0.04298752968142083	0.05867625870303683	0.062333771187149944	0.06803651227880293	0.6816150671237856	2.2785755175031284	0.1879949741235991	0.09080065219490131	24.4561617965365	25.98060659007772	122_genus_tests_Moffitt50_MICRO_SENS_ROBUST_CLR	relative_compositional_CLR_association_not_absolute_load	0.1223129694160981	82	MICRO_SENS_ROBUST_CLR	03_processed/microbiome/sensitivity/MICRO_SENS_ROBUST_CLR_robust_clr.tsv.gz	122	positive	82	9	-0.15801591206741342	0.15808509814265914	0.8888888888888888	True	LOW_CURRENT_CONCERN
Kocuria	preprocessing_sensitivity	Model_0	CLR_genus ~ standardized_Moffitt50_contrast	62	-0.029317548333144244	0.09204258560829937	-0.21343013185798654	0.15479503519169807	-0.3185215641149994	0.7511954702293366	0.0020224675725581953	-0.014610491301232376	0.0020224675725581953	0.002026566237056283	7.513343953474462e-07	0.2543655659986877	2.697794504463972	0.2024275263601279	0.09080065219490131	25.871662172949417	25.92409281000565	122_genus_tests_Moffitt50_MICRO_SENS_ROBUST_CLR	relative_compositional_CLR_association_not_absolute_load	0.7832978407519579	117	MICRO_SENS_ROBUST_CLR	03_processed/microbiome/sensitivity/MICRO_SENS_ROBUST_CLR_robust_clr.tsv.gz	122	negative	117	9	-0.029317548333144244	0.08203008655403657	0.8888888888888888	True	LOW_CURRENT_CONCERN
Bosea	preprocessing_sensitivity	Model_0	CLR_genus ~ standardized_Moffitt50_contrast	62	0.7115024363829625	0.21449487861603675	0.28244879785409116	1.1405560749118338	3.3171068744098533	0.0015483554657731511	0.20060371093898177	0.18728043945463146	0.20060371093898177	0.25094401072916367	0.6772496576260142	0.003578406885293519	2.684682759448889	0.14726439232310656	0.09080065219490131	123.05684700736107	153.93722574307338	122_genus_tests_Moffitt50_MICRO_SENS_ROBUST_CLR	relative_compositional_CLR_association_not_absolute_load	0.00758102701366777	24	MICRO_SENS_ROBUST_CLR	03_processed/microbiome/sensitivity/MICRO_SENS_ROBUST_CLR_robust_clr.tsv.gz	122	positive	24	9	0.22389621387352693	0.7115024363829625	1.0	False	LOW_CURRENT_CONCERN
Phenylobacterium	preprocessing_sensitivity	Model_0	CLR_genus ~ standardized_Moffitt50_contrast	62	-0.21706339432744476	0.10621198016071444	-0.42951898691474366	-0.004607801740145884	-2.043680891731759	0.045382777631119184	0.06592646954125125	0.05035857736693883	0.06592646954125125	0.07057952868964501	4.9146727951166983e-05	0.7910043341266831	1.813034462460154	0.15811211812538548	0.09080065219490131	40.72154631709378	43.59565386366782	122_genus_tests_Moffitt50_MICRO_SENS_ROBUST_CLR	relative_compositional_CLR_association_not_absolute_load	0.08517341969756444	65	MICRO_SENS_ROBUST_CLR	03_processed/microbiome/sensitivity/MICRO_SENS_ROBUST_CLR_robust_clr.tsv.gz	122	negative	65	9	-0.21706339432744476	0.06043358537804597	0.6666666666666666	True	LOW_CURRENT_CONCERN
Xanthomonas	preprocessing_sensitivity	Model_0	CLR_genus ~ standardized_Moffitt50_contrast	62	-0.12549556930516964	0.12563359870601268	-0.37680018316862035	0.12580904455828107	-0.9989013337016157	0.3218540829805764	0.021110017077595744	0.00479518402888901	0.021110017077595744	0.021565260086300338	0.005855152451027534	0.06212468161212155	3.5545055291328276	0.37041344921241715	0.09080065219490131	44.54838054279901	45.50907795562796	122_genus_tests_Moffitt50_MICRO_SENS_ROBUST_CLR	relative_compositional_CLR_association_not_absolute_load	0.39662826387505373	99	MICRO_SENS_ROBUST_CLR	03_processed/microbiome/sensitivity/MICRO_SENS_ROBUST_CLR_robust_clr.tsv.gz	122	negative	99	9	-0.12549556930516964	0.1685307743332001	0.8888888888888888	True	LOW_CURRENT_CONCERN
Azospira	preprocessing_sensitivity	Model_0	CLR_genus ~ standardized_Moffitt50_contrast	62	-0.009782914418844477	0.0788046629872743	-0.16741571015685702	0.1478498813191681	-0.12414131407965366	0.9016183476064951	0.00025672529191989035	-0.01640566261988141	0.00025672529191989035	0.00025679121671996524	0.024071781250236977	0.5912051466798847	2.3342623363426265	0.10651755044406179	0.09080065219490131	22.734540381434353	22.740378411720464	122_genus_tests_Moffitt50_MICRO_SENS_ROBUST_CLR	relative_compositional_CLR_association_not_absolute_load	0.9166453200666034	120	MICRO_SENS_ROBUST_CLR	03_processed/microbiome/sensitivity/MICRO_SENS_ROBUST_CLR_robust_clr.tsv.gz	122	negative	120	9	-0.07620677347319324	-0.009782914418844477	1.0	False	LOW_CURRENT_CONCERN
Deinococcus	preprocessing_sensitivity	Model_0	CLR_genus ~ standardized_Moffitt50_contrast	62	-0.22986178284624154	0.10347298065265037	-0.4368385606830617	-0.02288500500942134	-2.2214667191029047	0.03010372526612384	0.07858357669039562	0.06322663630190228	0.07858357669039562	0.08528562624066753	1.8761222809631146e-06	0.016599061632775206	2.225585677405228	0.0927440427548755	0.09080065219490131	37.790926022086765	41.01394881409517	122_genus_tests_Moffitt50_MICRO_SENS_ROBUST_CLR	relative_compositional_CLR_association_not_absolute_load	0.06121090804111848	60	MICRO_SENS_ROBUST_CLR	03_processed/microbiome/sensitivity/MICRO_SENS_ROBUST_CLR_robust_clr.tsv.gz	122	negative	60	9	-0.22986178284624154	0.031810294018513485	0.8888888888888888	True	LOW_CURRENT_CONCERN
Hydrogenophaga	preprocessing_sensitivity	Model_0	CLR_genus ~ standardized_Moffitt50_contrast	62	0.13991111124886363	0.06927210691264005	0.0013462666651707922	0.27847595583255647	2.0197322917477787	0.04788389497372127	0.056623935699346206	0.04090100129433538	0.056623935699346206	0.060022654635956685	0.5576879108744079	0.373294654308456	2.3414225191341025	0.11875354158234834	0.09080065219490131	19.893859565969493	21.0879418280739	122_genus_tests_Moffitt50_MICRO_SENS_ROBUST_CLR	relative_compositional_CLR_association_not_absolute_load	0.08517341969756444	68	MICRO_SENS_ROBUST_CLR	03_processed/microbiome/sensitivity/MICRO_SENS_ROBUST_CLR_robust_clr.tsv.gz	122	positive	68	9	-0.44695758884248316	0.13991111124886363	0.8888888888888888	True	LOW_CURRENT_CONCERN
Porphyrobacter	preprocessing_sensitivity	Model_0	CLR_genus ~ standardized_Moffitt50_contrast	62	0.20037411264436958	0.07388963850509983	0.052572829673197374	0.3481753956155418	2.7118025842086078	0.008716836319276337	0.11755951121391117	0.10285216973414313	0.11755951121391117	0.1332208944487911	0.43871071906485753	0.29785666135374234	2.3650000788764003	0.1385411129294772	0.09080065219490131	18.384029744227252	20.833166630326378	122_genus_tests_Moffitt50_MICRO_SENS_ROBUST_CLR	relative_compositional_CLR_association_not_absolute_load	0.024169409794357114	44	MICRO_SENS_ROBUST_CLR	03_processed/microbiome/sensitivity/MICRO_SENS_ROBUST_CLR_robust_clr.tsv.gz	122	positive	44	9	-0.2765363425352776	0.20037411264436958	0.8888888888888888	True	LOW_CURRENT_CONCERN
Aromatoleum	preprocessing_sensitivity	Model_0	CLR_genus ~ standardized_Moffitt50_contrast	62	-0.29320953734121424	0.08877058350589334	-0.4707771421869877	-0.1156419324954408	-3.3030033797372584	0.001615628707830836	0.1575781008612006	0.14353773587555396	0.1575781008612006	0.18705366161811718	1.1671601822300242e-05	0.1343860571635192	3.7912406961197926	0.10723184942615688	0.09080065219490131	28.036242406017944	33.280524206076734	122_genus_tests_Moffitt50_MICRO_SENS_ROBUST_CLR	relative_compositional_CLR_association_not_absolute_load	0.00758102701366777	26	MICRO_SENS_ROBUST_CLR	03_processed/microbiome/sensitivity/MICRO_SENS_ROBUST_CLR_robust_clr.tsv.gz	122	negative	26	9	-0.29320953734121424	0.491506412046362	0.8888888888888888	True	LOW_CURRENT_CONCERN
Microbacterium	preprocessing_sensitivity	Model_0	CLR_genus ~ standardized_Moffitt50_contrast	62	-0.08520596426249223	0.08517788466651934	-0.2555871014447127	0.08517517291972822	-1.0003296582919714	0.32116831433432685	0.015635477048628443	-0.0007705983338943678	0.015635477048628443	0.015883828281162922	6.756734552408185e-07	0.11112873629348805	2.8966065716185896	0.14593304855136446	0.09080065219490131	27.881404234593255	28.324267671693224	122_genus_tests_Moffitt50_MICRO_SENS_ROBUST_CLR	relative_compositional_CLR_association_not_absolute_load	0.39662826387505373	98	MICRO_SENS_ROBUST_CLR	03_processed/microbiome/sensitivity/MICRO_SENS_ROBUST_CLR_robust_clr.tsv.gz	122	negative	98	9	-0.08520596426249223	0.5160267710139143	0.8888888888888888	True	LOW_CURRENT_CONCERN
Mitsuaria	preprocessing_sensitivity	Model_0	CLR_genus ~ standardized_Moffitt50_contrast	62	-0.13146021074424055	0.07334794232217355	-0.2781779400205119	0.015257518532030778	-1.792282190641622	0.07812978079433548	0.07111604784740777	0.05563464864486467	0.07111604784740777	0.07656074548667108	2.5080991098136122e-09	0.1712508659346145	2.970926064111576	0.21571014655348816	0.09080065219490131	13.76931482110061	14.823503828644744	122_genus_tests_Moffitt50_MICRO_SENS_ROBUST_CLR	relative_compositional_CLR_association_not_absolute_load	0.11914791571136162	80	MICRO_SENS_ROBUST_CLR	03_processed/microbiome/sensitivity/MICRO_SENS_ROBUST_CLR_robust_clr.tsv.gz	122	negative	80	7	-0.13146021074424055	0.12727482329082404	0.8571428571428571	True	LOW_CURRENT_CONCERN
Pandoraea	preprocessing_sensitivity	Model_0	CLR_genus ~ standardized_Moffitt50_contrast	62	-0.5456379311439243	0.08625690023107863	-0.7181774208098523	-0.3730984414779964	-6.325730807415791	3.488395315319264e-08	0.3669483543196882	0.3563974935583497	0.3669483543196882	0.579649949294967	0.019017368380668264	0.14123407749907535	2.4797454204186145	0.21938411757430795	0.09080065219490131	31.330919442283513	49.491885308367834	122_genus_tests_Moffitt50_MICRO_SENS_ROBUST_CLR	relative_compositional_CLR_association_not_absolute_load	4.255842284689502e-06	1	MICRO_SENS_ROBUST_CLR	03_processed/microbiome/sensitivity/MICRO_SENS_ROBUST_CLR_robust_clr.tsv.gz	122	negative	1	9	-0.5456379311439243	0.8742960847593249	0.8888888888888888	True	LOW_CURRENT_CONCERN
Rhodococcus	preprocessing_sensitivity	Model_0	CLR_genus ~ standardized_Moffitt50_contrast	62	-0.14268623077401146	0.10586151649676907	-0.3544407916576253	0.06906833010960237	-1.3478574225636215	0.18277144349176133	0.0318862254264618	0.015750995850236205	0.0318862254264618	0.03293644431462401	6.008554469042134e-07	0.8208945992401242	1.9809800834646887	0.08313909861016731	0.09080065219490131	37.70658956804122	38.94851055564339	122_genus_tests_Moffitt50_MICRO_SENS_ROBUST_CLR	relative_compositional_CLR_association_not_absolute_load	0.2457453296131199	90	MICRO_SENS_ROBUST_CLR	03_processed/microbiome/sensitivity/MICRO_SENS_ROBUST_CLR_robust_clr.tsv.gz	122	negative	90	9	-0.14268623077401146	-0.028207831559175084	1.0	False	LOW_CURRENT_CONCERN
Streptococcus	preprocessing_sensitivity	Model_0	CLR_genus ~ standardized_Moffitt50_contrast	62	-0.32746799762473516	0.10158839229134813	-0.530675037467049	-0.12426095778242127	-3.223478492361418	0.0020495397089733917	0.1228652723689434	0.10824636024175915	0.1228652723689434	0.140075712998817	3.9451724046688665e-06	0.4731090506073109	5.061734366746145	0.15022066576754203	0.09080065219490131	46.698692567960016	53.24004522552956	122_genus_tests_Moffitt50_MICRO_SENS_ROBUST_CLR	relative_compositional_CLR_association_not_absolute_load	0.00847186694883914	29	MICRO_SENS_ROBUST_CLR	03_processed/microbiome/sensitivity/MICRO_SENS_ROBUST_CLR_robust_clr.tsv.gz	122	negative	29	9	-0.32746799762473516	0.5624492567048618	0.8888888888888888	True	LOW_CURRENT_CONCERN
Rhizorhabdus	preprocessing_sensitivity	Model_0	CLR_genus ~ standardized_Moffitt50_contrast	62	0.11880202223864327	0.05110065879430586	0.016585485748899412	0.2210185587283871	2.324862830376687	0.023480514441188968	0.061841131398115756	0.046205150254751026	0.061841131398115756	0.06591754708909389	0.22335245065311343	0.0625076433421563	2.1072315307543996	0.0589982975198965	0.09080065219490131	13.061001020013643	13.921950169781097	122_genus_tests_Moffitt50_MICRO_SENS_ROBUST_CLR	relative_compositional_CLR_association_not_absolute_load	0.05115397788973311	56	MICRO_SENS_ROBUST_CLR	03_processed/microbiome/sensitivity/MICRO_SENS_ROBUST_CLR_robust_clr.tsv.gz	122	positive	56	9	-0.45101556253195624	0.11880202223864327	0.8888888888888888	True	LOW_CURRENT_CONCERN
Citromicrobium	preprocessing_sensitivity	Model_0	CLR_genus ~ standardized_Moffitt50_contrast	62	-0.24433764086255402	0.10686961678247543	-0.4581087025520382	-0.03056657917306982	-2.286315308493	0.025780892140358422	0.07676838883572923	0.0613811953163248	0.07676838883572923	0.08315182009302952	1.5428353031740315e-06	0.6083412312750214	1.9987150801559879	0.07038840066352964	0.09080065219490131	43.7964417760741	47.43819562335307	122_genus_tests_Moffitt50_MICRO_SENS_ROBUST_CLR	relative_compositional_CLR_association_not_absolute_load	0.05422877312282289	58	MICRO_SENS_ROBUST_CLR	03_processed/microbiome/sensitivity/MICRO_SENS_ROBUST_CLR_robust_clr.tsv.gz	122	negative	58	8	-0.24433764086255402	0.08801287332680278	0.625	True	LOW_CURRENT_CONCERN
Massilia	preprocessing_sensitivity	Model_0	CLR_genus ~ standardized_Moffitt50_contrast	62	0.06097083215404797	0.09401300086244802	-0.12708316871213154	0.2490248330202275	0.6485361768555331	0.5191127290729559	0.0067864986534623695	-0.009767059702313174	0.0067864986534623695	0.006832869915946222	0.009596619976356533	0.023587970274404752	2.970396139550329	0.17598240902829534	0.09080065219490131	33.18722404736167	33.413988032148644	122_genus_tests_Moffitt50_MICRO_SENS_ROBUST_CLR	relative_compositional_CLR_association_not_absolute_load	0.582520779079486	108	MICRO_SENS_ROBUST_CLR	03_processed/microbiome/sensitivity/MICRO_SENS_ROBUST_CLR_robust_clr.tsv.gz	122	positive	108	9	0.06097083215404797	0.20851399837116188	1.0	False	LOW_CURRENT_CONCERN
Candida	preprocessing_sensitivity	Model_0	CLR_genus ~ standardized_Moffitt50_contrast	62	0.04321095299072192	0.0998027593481527	-0.15642428916440126	0.2428461951458451	0.43296350995651833	0.6665937288752789	0.0022918190955316664	-0.014336650586209476	0.0022918190955316664	0.0022970835955800494	3.749734543302932e-08	0.0469157277930806	2.746632511639699	0.13490245809843926	0.09080065219490131	49.583904643053046	49.69780301701341	122_genus_tests_Moffitt50_MICRO_SENS_ROBUST_CLR	relative_compositional_CLR_association_not_absolute_load	0.7071689993285567	115	MICRO_SENS_ROBUST_CLR	03_processed/microbiome/sensitivity/MICRO_SENS_ROBUST_CLR_robust_clr.tsv.gz	122	positive	115	9	-1.659106789594824	0.04321095299072192	0.8888888888888888	True	LOW_CURRENT_CONCERN
Ramlibacter	preprocessing_sensitivity	Model_0	CLR_genus ~ standardized_Moffitt50_contrast	62	0.0826983858998724	0.09149464702322657	-0.1003181572666512	0.265714929066396	0.903860374245488	0.369684246183026	0.014689299018014634	-0.0017325459983517089	0.014689299018014634	0.014908291367763397	0.7427964314406194	0.7390249252741028	2.510715054732672	0.2051954874127309	0.09080065219490131	27.983113192916036	28.40029359777313	122_genus_tests_Moffitt50_MICRO_SENS_ROBUST_CLR	relative_compositional_CLR_association_not_absolute_load	0.445127591596083	101	MICRO_SENS_ROBUST_CLR	03_processed/microbiome/sensitivity/MICRO_SENS_ROBUST_CLR_robust_clr.tsv.gz	122	positive	101	9	-0.5581009449099799	0.0826983858998724	0.8888888888888888	True	LOW_CURRENT_CONCERN
Caulobacter	preprocessing_sensitivity	Model_0	CLR_genus ~ standardized_Moffitt50_contrast	62	0.3267041949783222	0.0810086410300549	0.16466278676156837	0.48874560319507604	4.032954890048238	0.00015795525323637866	0.23641876878049162	0.22369241492683323	0.23641876878049162	0.3096183603189269	0.32095762022739005	0.5687510919760332	2.4324488145775764	0.12329611739401092	0.09080065219490131	21.028706066706818	27.539579558709253	122_genus_tests_Moffitt50_MICRO_SENS_ROBUST_CLR	relative_compositional_CLR_association_not_absolute_load	0.0014823492996029384	13	MICRO_SENS_ROBUST_CLR	03_processed/microbiome/sensitivity/MICRO_SENS_ROBUST_CLR_robust_clr.tsv.gz	122	positive	13	7	-0.3141267058656657	0.3267041949783222	0.8571428571428571	True	HIGH_RISK_POTENTIAL_CONTAMINANT
Bacteroides	preprocessing_sensitivity	Model_0	CLR_genus ~ standardized_Moffitt50_contrast	62	0.3629281165357989	0.16117075336691386	0.04053860960356359	0.6853176234680342	2.251823664989476	0.028006338428163028	0.0833732551645745	0.06809614275065079	0.0833732551645745	0.09095660325680725	0.017212090826940443	0.13381864982544092	3.529419101877669	0.18941265764952708	0.09080065219490131	88.33581726243932	96.37054314654488	122_genus_tests_Moffitt50_MICRO_SENS_ROBUST_CLR	relative_compositional_CLR_association_not_absolute_load	0.057911411665015074	59	MICRO_SENS_ROBUST_CLR	03_processed/microbiome/sensitivity/MICRO_SENS_ROBUST_CLR_robust_clr.tsv.gz	122	positive	59	9	0.2085361443718291	0.3629281165357989	1.0	False	LOW_CURRENT_CONCERN
Enterococcus	preprocessing_sensitivity	Model_0	CLR_genus ~ standardized_Moffitt50_contrast	62	-0.2298813209184645	0.11378977876615577	-0.4574947675518904	-0.002267874285038607	-2.020228208641509	0.047830922518456435	0.08501973396382867	0.06977006286322585	0.08501973396382867	0.09291974605326367	4.84731726948056e-07	0.010996939924101414	2.632749138328843	0.1422151958735392	0.09080065219490131	34.691988097906176	37.915558822046464	122_genus_tests_Moffitt50_MICRO_SENS_ROBUST_CLR	relative_compositional_CLR_association_not_absolute_load	0.08517341969756444	67	MICRO_SENS_ROBUST_CLR	03_processed/microbiome/sensitivity/MICRO_SENS_ROBUST_CLR_robust_clr.tsv.gz	122	negative	67	7	-0.2298813209184645	-0.012890142506474578	1.0	False	LOW_CURRENT_CONCERN
Laribacter	preprocessing_sensitivity	Model_0	CLR_genus ~ standardized_Moffitt50_contrast	62	-0.23930810783405404	0.08459875423182953	-0.4085308116691023	-0.07008540399900579	-2.8287426925728476	0.00634475595328664	0.1582103996916595	0.14418057301985387	0.1582103996916595	0.18794530086105646	1.3797330424631044e-06	0.031084172590978894	2.8873610402234933	0.16995065227624348	0.09080065219490131	18.5871664945994	22.080537093581434	122_genus_tests_Moffitt50_MICRO_SENS_ROBUST_CLR	relative_compositional_CLR_association_not_absolute_load	0.020675442962800494	37	MICRO_SENS_ROBUST_CLR	03_processed/microbiome/sensitivity/MICRO_SENS_ROBUST_CLR_robust_clr.tsv.gz	122	negative	37	7	-0.23930810783405404	0.25523828637123697	0.8571428571428571	True	LOW_CURRENT_CONCERN
Variovorax	preprocessing_sensitivity	Model_0	CLR_genus ~ standardized_Moffitt50_contrast	62	0.13460549111784675	0.08095739298850735	-0.027333405753017015	0.2965443879887105	1.6626707722289829	0.10159429430564289	0.03784225824341081	0.021806295880801074	0.03784225824341081	0.03933061763274187	0.2451139059669239	0.5577848399426086	3.589571608401293	0.10815961336967239	0.09080065219490131	28.101184245415933	29.206421177999616	122_genus_tests_Moffitt50_MICRO_SENS_ROBUST_CLR	relative_compositional_CLR_association_not_absolute_load	0.1458176930033933	85	MICRO_SENS_ROBUST_CLR	03_processed/microbiome/sensitivity/MICRO_SENS_ROBUST_CLR_robust_clr.tsv.gz	122	positive	85	9	-0.5062890166792315	0.13460549111784675	0.8888888888888888	True	LOW_CURRENT_CONCERN
Pseudomonas	preprocessing_sensitivity	Model_0	CLR_genus ~ standardized_Moffitt50_contrast	62	0.5553197543428676	0.12612003645375547	0.3030421201120615	0.8075973885736738	4.403104930488084	4.463130710481023e-05	0.3119686200982321	0.30050143043320265	0.3119686200982321	0.4534220810434151	0.8560232573408995	0.03656169595883775	2.9029633283590117	0.190471652152473	0.09080065219490131	41.48713216630403	60.29831396967281	122_genus_tests_Moffitt50_MICRO_SENS_ROBUST_CLR	relative_compositional_CLR_association_not_absolute_load	0.000680627433348356	8	MICRO_SENS_ROBUST_CLR	03_processed/microbiome/sensitivity/MICRO_SENS_ROBUST_CLR_robust_clr.tsv.gz	122	positive	8	9	-0.08549070714273956	0.5553197543428676	0.8888888888888888	True	BIOLOGICALLY_PLAUSIBLE_BUT_CONTAMINATION_SENSITIVE
Methylobacterium	preprocessing_sensitivity	Model_0	CLR_genus ~ standardized_Moffitt50_contrast	62	0.26302630389204706	0.1002413477617688	0.06251375428840691	0.46353885349568724	2.6239302420110024	0.011006773792579382	0.11197523515965901	0.09717482241232	0.11197523515965901	0.12609472122074342	0.048558812480120325	0.35327700043577004	3.500027326882921	0.16029340645694823	0.09080065219490131	33.46811815776114	37.68827118664693	122_genus_tests_Moffitt50_MICRO_SENS_ROBUST_CLR	relative_compositional_CLR_association_not_absolute_load	0.02797555005613926	48	MICRO_SENS_ROBUST_CLR	03_processed/microbiome/sensitivity/MICRO_SENS_ROBUST_CLR_robust_clr.tsv.gz	122	positive	48	9	0.1933856744331671	0.26302630389204706	1.0	False	BIOLOGICALLY_PLAUSIBLE_BUT_CONTAMINATION_SENSITIVE
Elizabethkingia	preprocessing_sensitivity	Model_0	CLR_genus ~ standardized_Moffitt50_contrast	62	0.834203814164222	0.19977828958090424	0.4345877366298051	1.233819891698639	4.175647994155012	9.762172561344454e-05	0.1547260595246167	0.14063816051669376	0.1547260595246167	0.18304842029981258	0.00021938638658350107	0.6258182593597595	4.106666683604132	0.14479817325279293	0.09080065219490131	231.90397463144723	274.35363084898137	122_genus_tests_Moffitt50_MICRO_SENS_ROBUST_CLR	relative_compositional_CLR_association_not_absolute_load	0.0009924875437366861	12	MICRO_SENS_ROBUST_CLR	03_processed/microbiome/sensitivity/MICRO_SENS_ROBUST_CLR_robust_clr.tsv.gz	122	positive	12	7	0.19333376074063405	0.834203814164222	1.0	False	HIGH_RISK_POTENTIAL_CONTAMINANT
Tessaracoccus	preprocessing_sensitivity	Model_0	CLR_genus ~ standardized_Moffitt50_contrast	62	0.3396662970328276	0.09543050263591477	0.14877687045648116	0.530555723609174	3.559305333732948	0.0007344087591790721	0.17365395544838724	0.1598815213725271	0.17365395544838724	0.21014677397362552	0.8582158663996583	0.13151727839840605	2.4379234174959277	0.09716826535325092	0.09080065219490131	33.4897588988106	40.52752369255016	122_genus_tests_Moffitt50_MICRO_SENS_ROBUST_CLR	relative_compositional_CLR_association_not_absolute_load	0.004129325068540135	21	MICRO_SENS_ROBUST_CLR	03_processed/microbiome/sensitivity/MICRO_SENS_ROBUST_CLR_robust_clr.tsv.gz	122	positive	21	9	-0.3014307485195948	0.3396662970328276	0.8888888888888888	True	LOW_CURRENT_CONCERN
Agrobacterium	preprocessing_sensitivity	Model_0	CLR_genus ~ standardized_Moffitt50_contrast	62	0.2311776858832548	0.1205010096959975	-0.009860221362168242	0.47221559312867784	1.9184709444881396	0.05981292002953034	0.08344327507542926	0.06816732966001982	0.08344327507542926	0.09103994636261747	0.8970751997536986	0.006770856302761913	2.9280294668674802	0.17640021583833326	0.09080065219490131	35.80879163181473	39.068822101285285	122_genus_tests_Moffitt50_MICRO_SENS_ROBUST_CLR	relative_compositional_CLR_association_not_absolute_load	0.09861048977841488	74	MICRO_SENS_ROBUST_CLR	03_processed/microbiome/sensitivity/MICRO_SENS_ROBUST_CLR_robust_clr.tsv.gz	122	positive	74	9	-0.4096484481680811	0.2311776858832548	0.8888888888888888	True	LOW_CURRENT_CONCERN
Azospirillum	preprocessing_sensitivity	Model_0	CLR_genus ~ standardized_Moffitt50_contrast	62	-0.20345224187648708	0.09631705028042971	-0.39611502777526864	-0.010789455977705559	-2.1123180297167568	0.03883031027501941	0.07024829815856293	0.054752436461205645	0.07024829815856293	0.07555597695538642	0.00015487545542923508	0.6466616337091632	1.8688635389878494	0.14058232693026815	0.09080065219490131	33.4184243251808	35.94338602337949	122_genus_tests_Moffitt50_MICRO_SENS_ROBUST_CLR	relative_compositional_CLR_association_not_absolute_load	0.07519520402464076	63	MICRO_SENS_ROBUST_CLR	03_processed/microbiome/sensitivity/MICRO_SENS_ROBUST_CLR_robust_clr.tsv.gz	122	negative	63	9	-0.20345224187648708	0.23705431387501902	0.8888888888888888	True	LOW_CURRENT_CONCERN
Clostridium	preprocessing_sensitivity	Model_0	CLR_genus ~ standardized_Moffitt50_contrast	62	-0.17447146947156106	0.13115090243984034	-0.4368123339771784	0.08786939503405627	-1.3303108573850042	0.18845030098719773	0.034033021719883094	0.017933572081881177	0.034033021719883094	0.03523207571803142	1.4479956122403886e-07	0.8024188074742631	3.0493075738139273	0.15725994037005128	0.09080065219490131	52.70361951121666	54.56047742445016	122_genus_tests_Moffitt50_MICRO_SENS_ROBUST_CLR	relative_compositional_CLR_association_not_absolute_load	0.24990148609171875	92	MICRO_SENS_ROBUST_CLR	03_processed/microbiome/sensitivity/MICRO_SENS_ROBUST_CLR_robust_clr.tsv.gz	122	negative	92	7	-0.41688453664955655	-0.17447146947156106	1.0	False	LOW_CURRENT_CONCERN
Ensifer	preprocessing_sensitivity	Model_0	CLR_genus ~ standardized_Moffitt50_contrast	62	-0.18286826333619935	0.07628672256922044	-0.3354644283400171	-0.03027209833238162	-2.3971178362036696	0.01965559299390628	0.07547672554829254	0.060068004307430756	0.07547672554829254	0.0816385348362964	1.282929039521481e-07	0.9293335728461738	2.5633416591608382	0.11160796529505583	0.09080065219490131	24.986838751600484	27.026727657471945	122_genus_tests_Moffitt50_MICRO_SENS_ROBUST_CLR	relative_compositional_CLR_association_not_absolute_load	0.04440708046771419	54	MICRO_SENS_ROBUST_CLR	03_processed/microbiome/sensitivity/MICRO_SENS_ROBUST_CLR_robust_clr.tsv.gz	122	negative	54	9	-0.18286826333619935	0.7006069735000906	0.8888888888888888	True	LOW_CURRENT_CONCERN
Roseomonas	preprocessing_sensitivity	Model_0	CLR_genus ~ standardized_Moffitt50_contrast	62	-0.2087329530620105	0.09825074229274337	-0.4052636988814694	-0.01220220724255161	-2.1244923772695725	0.03775838348564007	0.0903398998949756	0.07517889822655854	0.0903398998949756	0.09931170981836561	5.84728320803021e-08	0.03836512486958527	2.968856833280266	0.2424295545045741	0.09080065219490131	26.761559056772565	29.419295244105804	122_genus_tests_Moffitt50_MICRO_SENS_ROBUST_CLR	relative_compositional_CLR_association_not_absolute_load	0.07429875460077562	62	MICRO_SENS_ROBUST_CLR	03_processed/microbiome/sensitivity/MICRO_SENS_ROBUST_CLR_robust_clr.tsv.gz	122	negative	62	7	-0.2087329530620105	-0.0010848606149457243	1.0	False	LOW_CURRENT_CONCERN
Croceicoccus	preprocessing_sensitivity	Model_0	CLR_genus ~ standardized_Moffitt50_contrast	62	0.04501520894318312	0.06963376235032274	-0.09427305422482604	0.18430347211119227	0.6464566529769662	0.5204488927841309	0.00795802342321894	-0.008576009519727368	0.00795802342321894	0.008021861585615086	0.2636773550372367	0.17347078421147907	2.3046841064470045	0.13569179741327292	0.09080065219490131	15.40895587499976	15.532564386207865	122_genus_tests_Moffitt50_MICRO_SENS_ROBUST_CLR	relative_compositional_CLR_association_not_absolute_load	0.582520779079486	109	MICRO_SENS_ROBUST_CLR	03_processed/microbiome/sensitivity/MICRO_SENS_ROBUST_CLR_robust_clr.tsv.gz	122	positive	109	9	0.029793905760261908	0.06587150090441082	1.0	False	LOW_CURRENT_CONCERN
Rhodobacter	preprocessing_sensitivity	Model_0	CLR_genus ~ standardized_Moffitt50_contrast	62	-0.043015260923906576	0.06608779028967277	-0.17521052390207414	0.089180002054261	-0.6508806049553811	0.517608535897221	0.0072433684386638	-0.009302575420691683	0.0072433684386638	0.0072962176311750756	5.266532074261377e-08	0.25859767874741335	3.8310754294598017	0.25458177592021736	0.09080065219490131	15.469532121847537	15.582401194860992	122_genus_tests_Moffitt50_MICRO_SENS_ROBUST_CLR	relative_compositional_CLR_association_not_absolute_load	0.582520779079486	107	MICRO_SENS_ROBUST_CLR	03_processed/microbiome/sensitivity/MICRO_SENS_ROBUST_CLR_robust_clr.tsv.gz	122	negative	107	9	-0.043015260923906576	0.3474735820889823	0.8888888888888888	True	LOW_CURRENT_CONCERN
Micrococcus	preprocessing_sensitivity	Model_0	CLR_genus ~ standardized_Moffitt50_contrast	62	0.06125927896510893	0.11431495632477946	-0.16740467919500268	0.28992323712522056	0.5358815760823596	0.5940214740124341	0.008262214937385659	-0.008266748146991132	0.008262214937385659	0.008331047845337482	9.062886497884248e-06	0.2036713662466301	3.6130202475529747	0.34465408033190037	0.09080065219490131	27.477294461457014	27.70620911627584	122_genus_tests_Moffitt50_MICRO_SENS_ROBUST_CLR	relative_compositional_CLR_association_not_absolute_load	0.6528884669325852	111	MICRO_SENS_ROBUST_CLR	03_processed/microbiome/sensitivity/MICRO_SENS_ROBUST_CLR_robust_clr.tsv.gz	122	positive	111	9	-0.11824482363478143	0.06125927896510893	0.7777777777777778	True	LOW_CURRENT_CONCERN
Bradyrhizobium	preprocessing_sensitivity	Model_0	CLR_genus ~ standardized_Moffitt50_contrast	62	0.588719273938456	0.11996754542584832	0.34874845411073485	0.8286900937661772	4.907321157973863	7.413508947847925e-06	0.3192636944382625	0.30791808934556697	0.3192636944382625	0.46899760131760415	0.8636948976485279	0.0009318716690873119	2.5492539012379094	0.230617996135119	0.09080065219490131	45.079150372000804	66.22116376590476	122_genus_tests_Moffitt50_MICRO_SENS_ROBUST_CLR	relative_compositional_CLR_association_not_absolute_load	0.00038141446257582097	2	MICRO_SENS_ROBUST_CLR	03_processed/microbiome/sensitivity/MICRO_SENS_ROBUST_CLR_robust_clr.tsv.gz	122	positive	2	9	-0.05220776042730265	0.588719273938456	0.8888888888888888	True	BIOLOGICALLY_PLAUSIBLE_BUT_CONTAMINATION_SENSITIVE
Aquabacterium	preprocessing_sensitivity	Model_0	CLR_genus ~ standardized_Moffitt50_contrast	62	0.09838843324846691	0.04831839397712868	0.0017372550127894848	0.19503961148414434	2.0362521423008944	0.04614625718093531	0.05304396558659075	0.03726136501303401	0.05304396558659075	0.0560152358281858	0.2009345440552056	0.8021114758430811	2.8978921018166885	0.09093276098587398	0.09080065219490131	10.541726780077957	11.132224091700323	122_genus_tests_Moffitt50_MICRO_SENS_ROBUST_CLR	relative_compositional_CLR_association_not_absolute_load	0.08517341969756444	66	MICRO_SENS_ROBUST_CLR	03_processed/microbiome/sensitivity/MICRO_SENS_ROBUST_CLR_robust_clr.tsv.gz	122	positive	66	9	-0.31610622843601016	0.09838843324846691	0.8888888888888888	True	LOW_CURRENT_CONCERN
Prevotella	preprocessing_sensitivity	Model_0	CLR_genus ~ standardized_Moffitt50_contrast	62	-0.086727673839346	0.10855304720859518	-0.3038660977437101	0.13041075006501807	-0.7989427848367111	0.4274749619904107	0.006432613780486651	-0.010126842656505097	0.006432613780486651	0.006474260195840874	9.038061397172802e-11	0.899933034212145	7.059323890933216	0.22718065144021413	0.09080065219490131	70.86880046609133	71.32762352007593	122_genus_tests_Moffitt50_MICRO_SENS_ROBUST_CLR	relative_compositional_CLR_association_not_absolute_load	0.49877768342556966	104	MICRO_SENS_ROBUST_CLR	03_processed/microbiome/sensitivity/MICRO_SENS_ROBUST_CLR_robust_clr.tsv.gz	122	negative	104	8	-0.086727673839346	0.11844940032578634	0.875	True	LOW_CURRENT_CONCERN
Sulfuritalea	preprocessing_sensitivity	Model_0	CLR_genus ~ standardized_Moffitt50_contrast	62	-0.3671647377803614	0.1161317998424269	-0.5994629240717639	-0.1348665514889589	-3.1616210054313103	0.002460484255405677	0.1486131987401622	0.13442341871916497	0.1486131987401622	0.17455426666264048	1.0380186437005488e-05	0.1263717138804359	2.9355232873014927	0.08614687784242782	0.09080065219490131	47.110888676940206	55.334295301768805	122_genus_tests_Moffitt50_MICRO_SENS_ROBUST_CLR	relative_compositional_CLR_association_not_absolute_load	0.009467755191356302	31	MICRO_SENS_ROBUST_CLR	03_processed/microbiome/sensitivity/MICRO_SENS_ROBUST_CLR_robust_clr.tsv.gz	122	negative	31	7	-0.3671647377803614	0.23742308397315082	0.8571428571428571	True	LOW_CURRENT_CONCERN
Escherichia	preprocessing_sensitivity	Model_0	CLR_genus ~ standardized_Moffitt50_contrast	62	-0.07765983859141491	0.07208792057852631	-0.22185714911817805	0.06653747193534822	-1.0772933657701922	0.28566162091332925	0.01333944200562398	-0.003104900627615592	0.01333944200562398	0.013519788439440199	1.791572104217661e-11	0.913378421350897	8.322700924128908	0.326780595571403	0.09080065219490131	27.21152656941701	27.579420651749732	122_genus_tests_Moffitt50_MICRO_SENS_ROBUST_CLR	relative_compositional_CLR_association_not_absolute_load	0.36302830991068924	96	MICRO_SENS_ROBUST_CLR	03_processed/microbiome/sensitivity/MICRO_SENS_ROBUST_CLR_robust_clr.tsv.gz	122	negative	96	8	-0.29994939621157063	-0.07765983859141491	1.0	False	LOW_CURRENT_CONCERN
Moraxella	preprocessing_sensitivity	Model_0	CLR_genus ~ standardized_Moffitt50_contrast	62	0.05441808627834647	0.09692004924728717	-0.13945087714051688	0.2482870496972098	0.5614739850111008	0.5765657208709762	0.003612325427563512	-0.012994135815310282	0.003612325427563512	0.003625421630304299	0.00043067625088759066	0.4986289409234139	4.522879452468188	0.12909377673158687	0.09080065219490131	49.82620875213371	50.00684976709976	122_genus_tests_Moffitt50_MICRO_SENS_ROBUST_CLR	relative_compositional_CLR_association_not_absolute_load	0.6394637995114464	110	MICRO_SENS_ROBUST_CLR	03_processed/microbiome/sensitivity/MICRO_SENS_ROBUST_CLR_robust_clr.tsv.gz	122	positive	110	9	-0.019348150201788605	0.05441808627834647	0.7777777777777778	True	LOW_CURRENT_CONCERN
Shinella	preprocessing_sensitivity	Model_0	CLR_genus ~ standardized_Moffitt50_contrast	62	0.27934349426687316	0.1111201333068089	0.057070133631329095	0.5016168549024173	2.5138873213514796	0.014642019268253802	0.14268723723125376	0.12839869118510805	0.14268723723125376	0.16643545206353424	0.8639956390269766	0.008907129171569342	2.7952923125532867	0.23135473947413218	0.09080065219490131	28.599676307700115	33.35967636284293	122_genus_tests_Moffitt50_MICRO_SENS_ROBUST_CLR	relative_compositional_CLR_association_not_absolute_load	0.03502600687699929	51	MICRO_SENS_ROBUST_CLR	03_processed/microbiome/sensitivity/MICRO_SENS_ROBUST_CLR_robust_clr.tsv.gz	122	positive	51	9	-0.18815592009410778	0.27934349426687316	0.8888888888888888	True	LOW_CURRENT_CONCERN
Cutibacterium	preprocessing_sensitivity	Model_0	CLR_genus ~ standardized_Moffitt50_contrast	62	0.11071122879435037	0.0526553565213908	0.005384833827228	0.21603762376147273	2.1025634637831168	0.039708209859332114	0.041343906148343934	0.02536630458414968	0.041343906148343934	0.043126942407713476	0.00022575316942529308	0.8051872838989276	3.787319187773656	0.1422551822124086	0.09080065219490131	17.336623124868833	18.084298671919285	122_genus_tests_Moffitt50_MICRO_SENS_ROBUST_CLR	relative_compositional_CLR_association_not_absolute_load	0.07569377504435183	64	MICRO_SENS_ROBUST_CLR	03_processed/microbiome/sensitivity/MICRO_SENS_ROBUST_CLR_robust_clr.tsv.gz	122	positive	64	9	-0.5301639531414378	0.11071122879435037	0.8888888888888888	True	LOW_CURRENT_CONCERN
Chryseobacterium	preprocessing_sensitivity	Model_0	CLR_genus ~ standardized_Moffitt50_contrast	62	-0.3740108559502305	0.10332760387505523	-0.5806968369354557	-0.1673248749650053	-3.619660593334654	0.0006071565582147512	0.15506614121653184	0.14098391023680745	0.15506614121653184	0.18352459142754127	0.0019789656873280825	0.37068297125493455	4.033057686107183	0.14076561618378924	0.09080065219490131	46.494757329864356	55.0276886723504	122_genus_tests_Moffitt50_MICRO_SENS_ROBUST_CLR	relative_compositional_CLR_association_not_absolute_load	0.0037036550051099825	20	MICRO_SENS_ROBUST_CLR	03_processed/microbiome/sensitivity/MICRO_SENS_ROBUST_CLR_robust_clr.tsv.gz	122	negative	20	9	-0.3740108559502305	0.7127171626372459	0.8888888888888888	True	LOW_CURRENT_CONCERN
Aminobacter	preprocessing_sensitivity	Model_0	CLR_genus ~ standardized_Moffitt50_contrast	62	-0.24092469454535548	0.09409809594180514	-0.4291489109134372	-0.052700478177273774	-2.5603567440339607	0.012991612378870988	0.10071624550794112	0.0857281829330735	0.10071624550794112	0.11199606909926725	2.160517517616837e-05	0.30313664007522056	2.716680707836508	0.11677585398230846	0.09080065219490131	31.614745440840565	35.15547265578869	122_genus_tests_Moffitt50_MICRO_SENS_ROBUST_CLR	relative_compositional_CLR_association_not_absolute_load	0.03169953420444521	50	MICRO_SENS_ROBUST_CLR	03_processed/microbiome/sensitivity/MICRO_SENS_ROBUST_CLR_robust_clr.tsv.gz	122	negative	50	9	-0.24092469454535548	0.1564522681286722	0.8888888888888888	True	LOW_CURRENT_CONCERN
Sphingopyxis	preprocessing_sensitivity	Model_0	CLR_genus ~ standardized_Moffitt50_contrast	62	0.276505884125694	0.06498805353283583	0.14651042218701635	0.4065013460643716	4.254718661268825	7.452461696778758e-05	0.23593665408587705	0.22320226498730833	0.23593665408587705	0.3087920070339236	0.9165185802344835	0.9518964668176519	2.55966182835596	0.13520701960738535	0.09080065219490131	15.103324033940009	19.767109775264036	122_genus_tests_Moffitt50_MICRO_SENS_ROBUST_CLR	relative_compositional_CLR_association_not_absolute_load	0.0009924875437366861	9	MICRO_SENS_ROBUST_CLR	03_processed/microbiome/sensitivity/MICRO_SENS_ROBUST_CLR_robust_clr.tsv.gz	122	positive	9	8	-0.36430425996026083	0.276505884125694	0.875	True	MODERATE_RISK_ENVIRONMENTAL
Thiomonas	preprocessing_sensitivity	Model_0	CLR_genus ~ standardized_Moffitt50_contrast	62	0.08142286817244676	0.09055321279755685	-0.09971052616290002	0.2625562625077935	0.8991714999055624	0.3721558552688563	0.01065762325994224	-0.005831416352392038	0.01065762325994224	0.01077243177944095	0.000127438885875544	0.08665240238390098	2.2561742041646444	0.0495168874328503	0.09080065219490131	37.54126268118081	37.94567337232791	122_genus_tests_Moffitt50_MICRO_SENS_ROBUST_CLR	relative_compositional_CLR_association_not_absolute_load	0.445127591596083	102	MICRO_SENS_ROBUST_CLR	03_processed/microbiome/sensitivity/MICRO_SENS_ROBUST_CLR_robust_clr.tsv.gz	122	positive	102	9	-0.021532683918471227	0.08142286817244676	0.7777777777777778	True	LOW_CURRENT_CONCERN
Flavobacterium	preprocessing_sensitivity	Model_0	CLR_genus ~ standardized_Moffitt50_contrast	62	0.247837964787162	0.07846767910210681	0.0908792371807039	0.4047966923936201	3.1584719673518125	0.002483345623962309	0.15621757542764048	0.14215453501810116	0.15621757542764048	0.18513964130837837	0.8248438047197358	0.539686416939869	2.534912805425757	0.11256141511407691	0.09080065219490131	20.23792980099521	23.984772865175614	122_genus_tests_Moffitt50_MICRO_SENS_ROBUST_CLR	relative_compositional_CLR_association_not_absolute_load	0.009467755191356302	32	MICRO_SENS_ROBUST_CLR	03_processed/microbiome/sensitivity/MICRO_SENS_ROBUST_CLR_robust_clr.tsv.gz	122	positive	32	9	-0.393077952299256	0.247837964787162	0.8888888888888888	True	LOW_CURRENT_CONCERN
Verminephrobacter	preprocessing_sensitivity	Model_0	CLR_genus ~ standardized_Moffitt50_contrast	62	-0.3012078938216442	0.12559319944428957	-0.5524316971298592	-0.049984090513429225	-2.398281874770246	0.019598825569029102	0.12231531831873133	0.1076872402907102	0.12231531831873133	0.13936134567647626	1.1318711522261339e-07	0.11019914131648459	3.1459397430969953	0.1943211260457783	0.09080065219490131	39.71185759196426	45.246155505293	122_genus_tests_Moffitt50_MICRO_SENS_ROBUST_CLR	relative_compositional_CLR_association_not_absolute_load	0.04440708046771419	53	MICRO_SENS_ROBUST_CLR	03_processed/microbiome/sensitivity/MICRO_SENS_ROBUST_CLR_robust_clr.tsv.gz	122	negative	53	7	-0.3012078938216442	0.14723977879467354	0.2857142857142857	True	LOW_CURRENT_CONCERN
Citrobacter	preprocessing_sensitivity	Model_0	CLR_genus ~ standardized_Moffitt50_contrast	62	-0.0941438315238226	0.11587370101564426	-0.32592574329414736	0.13763808024650215	-0.8124693584363212	0.4197343760062986	0.014277296725510591	-0.0021514149957309048	0.014277296725510591	0.01448409038168908	1.4584955858316668e-06	0.14681863146411478	2.96860235765422	0.1809496837955082	0.09080065219490131	37.326936494172145	37.8675832160253	122_genus_tests_Moffitt50_MICRO_SENS_ROBUST_CLR	relative_compositional_CLR_association_not_absolute_load	0.4971611055608585	103	MICRO_SENS_ROBUST_CLR	03_processed/microbiome/sensitivity/MICRO_SENS_ROBUST_CLR_robust_clr.tsv.gz	122	negative	103	9	-0.8402377941493787	-0.0941438315238226	1.0	False	LOW_CURRENT_CONCERN
Sphingobium	preprocessing_sensitivity	Model_0	CLR_genus ~ standardized_Moffitt50_contrast	62	0.0427066561292963	0.05366393045088702	-0.06463718707233773	0.15005049933093034	0.795816776193485	0.4292758750793837	0.007562027086931322	-0.00897860579495302	0.007562027086931322	0.007619647064425364	0.31032588676125483	0.25315753394374113	2.115996081868343	0.06366139823078457	0.09080065219490131	14.601118162275254	14.712373529417759	122_genus_tests_Moffitt50_MICRO_SENS_ROBUST_CLR	relative_compositional_CLR_association_not_absolute_load	0.49877768342556966	105	MICRO_SENS_ROBUST_CLR	03_processed/microbiome/sensitivity/MICRO_SENS_ROBUST_CLR_robust_clr.tsv.gz	122	positive	105	9	-0.5980979111566338	0.0427066561292963	0.8888888888888888	True	LOW_CURRENT_CONCERN
Methylorubrum	preprocessing_sensitivity	Model_0	CLR_genus ~ standardized_Moffitt50_contrast	62	-0.09252678410057186	0.07527138913903154	-0.2430919798553645	0.05803841165422077	-1.229242414135182	0.22377992091353918	0.015901333217163915	-0.0005003112292165657	0.015901333217163915	0.016158271272887426	0.00024434508546593677	0.40762426624454773	3.3194650360513007	0.1211604895355002	0.09080065219490131	32.31989013650788	32.84212368884349	122_genus_tests_Moffitt50_MICRO_SENS_ROBUST_CLR	relative_compositional_CLR_association_not_absolute_load	0.29356075646722346	93	MICRO_SENS_ROBUST_CLR	03_processed/microbiome/sensitivity/MICRO_SENS_ROBUST_CLR_robust_clr.tsv.gz	122	negative	93	9	-0.09252678410057186	0.8099745415623402	0.8888888888888888	True	LOW_CURRENT_CONCERN
Ralstonia	preprocessing_sensitivity	Model_0	CLR_genus ~ standardized_Moffitt50_contrast	62	0.479173989276415	0.14629967828903942	0.18653106143346254	0.7718169171193675	3.2752907927092423	0.0017559265799248474	0.16002007870714963	0.14602041335226879	0.16002007870714963	0.19050464737401773	2.5713763805643907e-07	0.16990042054709284	4.977660014276937	0.28939113984433507	0.09080065219490131	73.52088584193639	87.52695627387988	122_genus_tests_Moffitt50_MICRO_SENS_ROBUST_CLR	relative_compositional_CLR_association_not_absolute_load	0.007650822955386835	28	MICRO_SENS_ROBUST_CLR	03_processed/microbiome/sensitivity/MICRO_SENS_ROBUST_CLR_robust_clr.tsv.gz	122	positive	28	7	-0.1618885070895937	0.479173989276415	0.7142857142857143	True	HIGH_RISK_POTENTIAL_CONTAMINANT
Erythrobacter	preprocessing_sensitivity	Model_0	CLR_genus ~ standardized_Moffitt50_contrast	62	0.19176002050544386	0.07036845277331621	0.051002157684466115	0.3325178833264216	2.725085076450046	0.008411420619350586	0.11858076820952301	0.10389044767968181	0.11858076820952301	0.13453390161301923	0.6417473571844081	0.3809286633916519	2.6966529062075266	0.14843611195736942	0.09080065219490131	16.673018521170086	18.916104754489226	122_genus_tests_Moffitt50_MICRO_SENS_ROBUST_CLR	relative_compositional_CLR_association_not_absolute_load	0.024169409794357114	41	MICRO_SENS_ROBUST_CLR	03_processed/microbiome/sensitivity/MICRO_SENS_ROBUST_CLR_robust_clr.tsv.gz	122	positive	41	9	-0.44916835556876505	0.19176002050544386	0.8888888888888888	True	LOW_CURRENT_CONCERN
Xanthobacter	preprocessing_sensitivity	Model_0	CLR_genus ~ standardized_Moffitt50_contrast	62	-0.17392530238505788	0.10223420144308237	-0.3784241528670227	0.030573548096906905	-1.7012438100950849	0.09407468596131566	0.04664537060708207	0.030756126783866855	0.04664537060708207	0.04892761745625041	0.00013247372903530338	0.5036087634114623	2.1488442160146644	0.1395994693327208	0.09080065219490131	37.713887479677936	39.55913813907169	122_genus_tests_Moffitt50_MICRO_SENS_ROBUST_CLR	relative_compositional_CLR_association_not_absolute_load	0.13663228199143465	84	MICRO_SENS_ROBUST_CLR	03_processed/microbiome/sensitivity/MICRO_SENS_ROBUST_CLR_robust_clr.tsv.gz	122	negative	84	9	-0.17392530238505788	-0.029782636046835852	1.0	False	LOW_CURRENT_CONCERN
Paucibacter	preprocessing_sensitivity	Model_0	CLR_genus ~ standardized_Moffitt50_contrast	62	-0.28853300527194714	0.07693487527528385	-0.44242566872203615	-0.1346403418218581	-3.7503538445930444	0.00039982200541185205	0.2525520261176254	0.2400945598862525	0.2525520261176254	0.3378857591998361	0.000389848285404005	0.006719915816925654	2.83359752926036	0.21478715990774824	0.09080065219490131	15.029721924455124	20.108050927462067	122_genus_tests_Moffitt50_MICRO_SENS_ROBUST_CLR	relative_compositional_CLR_association_not_absolute_load	0.0027099047033469974	18	MICRO_SENS_ROBUST_CLR	03_processed/microbiome/sensitivity/MICRO_SENS_ROBUST_CLR_robust_clr.tsv.gz	122	negative	18	8	-0.28853300527194714	0.6035809848525555	0.875	True	LOW_CURRENT_CONCERN
Streptomyces	preprocessing_sensitivity	Model_0	CLR_genus ~ standardized_Moffitt50_contrast	62	-0.3855406472376602	0.0828123231991838	-0.5511899569689285	-0.21989133750639184	-4.655595113668542	1.83405395313304e-05	0.22031054897153024	0.20731572478772242	0.22031054897153024	0.28256192087878557	0.0003383208014725354	0.6124048610433185	3.0978039205712213	0.16397544086116822	0.09080065219490131	32.08902672666966	41.15616375768813	122_genus_tests_Moffitt50_MICRO_SENS_ROBUST_CLR	relative_compositional_CLR_association_not_absolute_load	0.0005125700138082463	4	MICRO_SENS_ROBUST_CLR	03_processed/microbiome/sensitivity/MICRO_SENS_ROBUST_CLR_robust_clr.tsv.gz	122	negative	4	9	-0.3855406472376602	0.8096660256382195	0.8888888888888888	True	LOW_CURRENT_CONCERN
Collimonas	preprocessing_sensitivity	Model_0	CLR_genus ~ standardized_Moffitt50_contrast	62	-0.2188196156802856	0.07892010179738215	-0.3766833234187328	-0.06095590794183839	-2.7726727499931334	0.007395999065701734	0.07713560750111359	0.06175453429279887	0.07713560750111359	0.08358281902311739	4.649624468501796e-06	0.5700966417069694	2.8567737950238867	0.06659702977995732	0.09080065219490131	34.94502232314854	37.86582579974307	122_genus_tests_Moffitt50_MICRO_SENS_ROBUST_CLR	relative_compositional_CLR_association_not_absolute_load	0.023136202205528502	39	MICRO_SENS_ROBUST_CLR	03_processed/microbiome/sensitivity/MICRO_SENS_ROBUST_CLR_robust_clr.tsv.gz	122	negative	39	9	-0.2188196156802856	0.3603269031781349	0.8888888888888888	True	LOW_CURRENT_CONCERN
Bacillus	preprocessing_sensitivity	Model_0	CLR_genus ~ standardized_Moffitt50_contrast	62	-0.2907021190413025	0.10296430554390665	-0.4966613951659897	-0.08474284291661524	-2.82332908968477	0.006439892070380482	0.09038965197623272	0.07522947950917003	0.09038965197623272	0.09937183781232767	9.631409866454355e-07	0.6099849826323755	5.4257099022800945	0.16379201131152174	0.09080065219490131	51.875573164470644	57.03054420739197	122_genus_tests_Moffitt50_MICRO_SENS_ROBUST_CLR	relative_compositional_CLR_association_not_absolute_load	0.020675442962800494	38	MICRO_SENS_ROBUST_CLR	03_processed/microbiome/sensitivity/MICRO_SENS_ROBUST_CLR_robust_clr.tsv.gz	122	negative	38	9	-0.2907021190413025	0.5055671603501686	0.8888888888888888	True	LOW_CURRENT_CONCERN
Polaromonas	preprocessing_sensitivity	Model_0	CLR_genus ~ standardized_Moffitt50_contrast	62	-0.13711754169364163	0.1011576809757871	-0.3394630306295219	0.06522794724223865	-1.3554832452758758	0.1803443064641111	0.026646751511761213	0.010424197370290655	0.026646751511761213	0.02737623935929484	0.00020307684426073698	0.0016319055251915499	1.6408756015142654	0.08045276829295613	0.09080065219490131	41.89305987555857	43.039934310205126	122_genus_tests_Moffitt50_MICRO_SENS_ROBUST_CLR	relative_compositional_CLR_association_not_absolute_load	0.2457453296131199	89	MICRO_SENS_ROBUST_CLR	03_processed/microbiome/sensitivity/MICRO_SENS_ROBUST_CLR_robust_clr.tsv.gz	122	negative	89	9	-0.13711754169364163	0.18602350765886658	0.8888888888888888	True	LOW_CURRENT_CONCERN
Ochrobactrum	preprocessing_sensitivity	Model_0	CLR_genus ~ standardized_Moffitt50_contrast	62	0.29623425602014886	0.16038082581190538	-0.024575160544253905	0.6170436725845516	1.8470677808304365	0.06966978908973624	0.10170687226721886	0.08673532013833918	0.10170687226721886	0.11322236486871357	8.424739117417401e-07	0.00012333035495343017	2.803439906817182	0.3377787341543321	0.09080065219490131	47.27898774270958	52.63202654353807	122_genus_tests_Moffitt50_MICRO_SENS_ROBUST_CLR	relative_compositional_CLR_association_not_absolute_load	0.11038589959672494	77	MICRO_SENS_ROBUST_CLR	03_processed/microbiome/sensitivity/MICRO_SENS_ROBUST_CLR_robust_clr.tsv.gz	122	positive	77	8	0.29623425602014886	1.1094349812787232	1.0	False	LOW_CURRENT_CONCERN
Fusarium	preprocessing_sensitivity	Model_0	CLR_genus ~ standardized_Moffitt50_contrast	62	0.21856476146408563	0.07978690794896326	0.05896718326852218	0.37816233965964907	2.739356206207332	0.008094229403455416	0.07464983649808588	0.059227333773054	0.07464983649808588	0.08067198714871299	1.1327932963879788e-06	0.06869304664148515	3.387463502607719	0.1116724926910022	0.09080065219490131	36.12163224408046	39.035636096265456	122_genus_tests_Moffitt50_MICRO_SENS_ROBUST_CLR	relative_compositional_CLR_association_not_absolute_load	0.024169409794357114	40	MICRO_SENS_ROBUST_CLR	03_processed/microbiome/sensitivity/MICRO_SENS_ROBUST_CLR_robust_clr.tsv.gz	122	positive	40	8	-0.9374383291812549	0.21856476146408563	0.875	True	LOW_CURRENT_CONCERN
Serratia	preprocessing_sensitivity	Model_0	CLR_genus ~ standardized_Moffitt50_contrast	62	-0.10022395853865375	0.13543642679896725	-0.37113714808602166	0.1706892310087142	-0.740007403528295	0.46218132649795063	0.010755568540088078	-0.005731838650910426	0.010755568540088078	0.010872508551011174	6.555640872319193e-06	0.27711623185060696	1.4947582649260236	0.07647791253159936	0.09080065219490131	56.3563919862501	56.96912734002472	122_genus_tests_Moffitt50_MICRO_SENS_ROBUST_CLR	relative_compositional_CLR_association_not_absolute_load	0.5319445455919809	106	MICRO_SENS_ROBUST_CLR	03_processed/microbiome/sensitivity/MICRO_SENS_ROBUST_CLR_robust_clr.tsv.gz	122	negative	106	9	-0.5867959762309412	-0.10022395853865375	1.0	False	LOW_CURRENT_CONCERN
Candidatus Accumulibacter	preprocessing_sensitivity	Model_0	CLR_genus ~ standardized_Moffitt50_contrast	62	-0.21743076503705616	0.09848800079612756	-0.4144360985240888	-0.020425431550023493	-2.2076878734409777	0.031100546126577488	0.06032857897285859	0.04466738862240627	0.06032857897285859	0.0642017812001926	3.4372076588436184e-05	0.014745179648667343	1.7252444847463153	0.06677258467724763	0.09080065219490131	44.9184483475343	47.80229274019485	122_genus_tests_Moffitt50_MICRO_SENS_ROBUST_CLR	relative_compositional_CLR_association_not_absolute_load	0.062201092253154976	61	MICRO_SENS_ROBUST_CLR	03_processed/microbiome/sensitivity/MICRO_SENS_ROBUST_CLR_robust_clr.tsv.gz	122	negative	61	9	-0.21743076503705616	0.05941397137977953	0.7777777777777778	True	LOW_CURRENT_CONCERN
Methylibium	preprocessing_sensitivity	Model_0	CLR_genus ~ standardized_Moffitt50_contrast	62	-0.20808019394578747	0.07787743382238577	-0.3638582552047654	-0.052302132686809555	-2.6718933037823738	0.009696626511186406	0.08970526355040809	0.07453368460958165	0.08970526355040809	0.09854529523073384	0.0007678741027935219	0.21054732583117858	1.9209995629302847	0.11942872247350354	0.09080065219490131	26.801273340138195	29.442412734001707	122_genus_tests_Moffitt50_MICRO_SENS_ROBUST_CLR	relative_compositional_CLR_association_not_absolute_load	0.025717139877494383	46	MICRO_SENS_ROBUST_CLR	03_processed/microbiome/sensitivity/MICRO_SENS_ROBUST_CLR_robust_clr.tsv.gz	122	negative	46	9	-0.20808019394578747	0.594704326769632	0.8888888888888888	True	LOW_CURRENT_CONCERN
Novosphingobium	preprocessing_sensitivity	Model_0	CLR_genus ~ standardized_Moffitt50_contrast	62	0.18864235267728774	0.06943526076774238	0.04975115179258047	0.327533553561995	2.716809162829925	0.008600542237963558	0.09894263994383834	0.08392501727623569	0.09894263994383834	0.10980726014786826	0.3536422842492071	0.8766639004866968	2.4574596914705533	0.07305815052704022	0.09080065219490131	19.768657989624625	21.939400160265578	122_genus_tests_Moffitt50_MICRO_SENS_ROBUST_CLR	relative_compositional_CLR_association_not_absolute_load	0.024169409794357114	42	MICRO_SENS_ROBUST_CLR	03_processed/microbiome/sensitivity/MICRO_SENS_ROBUST_CLR_robust_clr.tsv.gz	122	positive	42	8	-0.4522689530788984	0.18864235267728774	0.875	True	MODERATE_RISK_ENVIRONMENTAL
Pseudoxanthomonas	preprocessing_sensitivity	Model_0	CLR_genus ~ standardized_Moffitt50_contrast	62	-0.24836254129331017	0.13207338513760744	-0.5125486459301168	0.01582356334349652	-1.880488949643722	0.06489770763981631	0.09278013051354417	0.07765979935543665	0.09278013051354417	0.10226862708161763	5.044924495957247e-06	0.002546809383955419	3.1487858600436476	0.30215102599333615	0.09080065219490131	36.79252547289049	40.555246539868435	122_genus_tests_Moffitt50_MICRO_SENS_ROBUST_CLR	relative_compositional_CLR_association_not_absolute_load	0.10556693776076786	75	MICRO_SENS_ROBUST_CLR	03_processed/microbiome/sensitivity/MICRO_SENS_ROBUST_CLR_robust_clr.tsv.gz	122	negative	75	7	-0.24836254129331017	0.4471652512048728	0.8571428571428571	True	LOW_CURRENT_CONCERN
Burkholderia	preprocessing_sensitivity	Model_0	CLR_genus ~ standardized_Moffitt50_contrast	62	0.28200611747374704	0.07932887136265179	0.12332474886418526	0.4406874860833088	3.5548988990976134	0.0007446323894088768	0.15174683984782444	0.13760928717862153	0.15174683984782444	0.17889333865918194	0.46459711067785386	0.16140621152605653	3.124132626221963	0.19201753769226593	0.09080065219490131	27.11769205164097	31.96886651949059	122_genus_tests_Moffitt50_MICRO_SENS_ROBUST_CLR	relative_compositional_CLR_association_not_absolute_load	0.004129325068540135	22	MICRO_SENS_ROBUST_CLR	03_processed/microbiome/sensitivity/MICRO_SENS_ROBUST_CLR_robust_clr.tsv.gz	122	positive	22	9	-0.3593707530521878	0.28200611747374704	0.8888888888888888	True	BIOLOGICALLY_PLAUSIBLE_BUT_CONTAMINATION_SENSITIVE
Rhizobacter	preprocessing_sensitivity	Model_0	CLR_genus ~ standardized_Moffitt50_contrast	62	-0.24087556655934075	0.09317191595204696	-0.427247147111116	-0.054503986007565536	-2.585280812335262	0.012177666317708861	0.12238097778048396	0.1077539940768254	0.12238097778048396	0.13944658750784597	2.0355200493685992e-05	0.35043441154255495	2.573475776895282	0.1442270192072138	0.09080065219490131	25.380924809530732	28.920208162013022	122_genus_tests_Moffitt50_MICRO_SENS_ROBUST_CLR	relative_compositional_CLR_association_not_absolute_load	0.030319903893071043	49	MICRO_SENS_ROBUST_CLR	03_processed/microbiome/sensitivity/MICRO_SENS_ROBUST_CLR_robust_clr.tsv.gz	122	negative	49	9	-0.24087556655934075	0.3226817792874378	0.8888888888888888	True	LOW_CURRENT_CONCERN
Sphingomonas	preprocessing_sensitivity	Model_0	CLR_genus ~ standardized_Moffitt50_contrast	62	0.24974664654442913	0.06425444893853874	0.12121861227794362	0.37827468081091464	3.88683819829066	0.00025638523986310294	0.18915358261138548	0.17563947565490867	0.18915358261138548	0.23327917415059604	0.3024698691045905	0.9073639921344453	2.6613412892813177	0.1314999470106378	0.09080065219490131	16.309971299089245	20.114747934160707	122_genus_tests_Moffitt50_MICRO_SENS_ROBUST_CLR	relative_compositional_CLR_association_not_absolute_load	0.0018399411331352096	17	MICRO_SENS_ROBUST_CLR	03_processed/microbiome/sensitivity/MICRO_SENS_ROBUST_CLR_robust_clr.tsv.gz	122	positive	17	9	-0.39107144070970945	0.24974664654442913	0.8888888888888888	True	BIOLOGICALLY_PLAUSIBLE_BUT_CONTAMINATION_SENSITIVE
Diaphorobacter	preprocessing_sensitivity	Model_0	CLR_genus ~ standardized_Moffitt50_contrast	62	-0.05979035189504726	0.05076052727836046	-0.1613265240542471	0.0417458202641526	-1.177890678068986	0.24349107226174893	0.016906362551373122	0.0005214685938960129	0.016906362551373122	0.01719710300968822	3.3102716031364533e-05	0.7216368009711653	4.453015897638895	0.16384927526241713	0.09080065219490131	12.680511179173546	12.898579236137293	122_genus_tests_Moffitt50_MICRO_SENS_ROBUST_CLR	relative_compositional_CLR_association_not_absolute_load	0.3160203278290784	94	MICRO_SENS_ROBUST_CLR	03_processed/microbiome/sensitivity/MICRO_SENS_ROBUST_CLR_robust_clr.tsv.gz	122	negative	94	9	-0.05979035189504726	0.08748395255077038	0.8888888888888888	True	LOW_CURRENT_CONCERN
Fusobacterium	preprocessing_sensitivity	Model_0	CLR_genus ~ standardized_Moffitt50_contrast	62	0.06814505347672907	0.13729685745299036	-0.20648955145588987	0.342779658409348	0.49633367245904764	0.6214725035361645	0.0031318503979208545	-0.013482618762113763	0.0031318503979208545	0.003141689700058125	2.1066602716180963e-08	0.6595839529663725	5.498342742709895	0.16809470159660522	0.09080065219490131	90.16442556655772	90.44769421367184	122_genus_tests_Moffitt50_MICRO_SENS_ROBUST_CLR	relative_compositional_CLR_association_not_absolute_load	0.676961119923322	112	MICRO_SENS_ROBUST_CLR	03_processed/microbiome/sensitivity/MICRO_SENS_ROBUST_CLR_robust_clr.tsv.gz	122	positive	112	9	0.06814505347672907	0.6069006031379385	1.0	False	LOW_CURRENT_CONCERN
Sphingobacterium	preprocessing_sensitivity	Model_0	CLR_genus ~ standardized_Moffitt50_contrast	62	-0.26475368163621577	0.11561671770793124	-0.49602155025582817	-0.03348581301660339	-2.2899255997305814	0.025557264250503524	0.08341504825181933	0.0681386323893497	0.08341504825181933	0.09100634708514885	2.789423279475924e-06	0.08773943054864532	2.1110537395985425	0.06561112343442246	0.09080065219490131	46.9831540907275	51.258919319063274	122_genus_tests_Moffitt50_MICRO_SENS_ROBUST_CLR	relative_compositional_CLR_association_not_absolute_load	0.05422877312282289	57	MICRO_SENS_ROBUST_CLR	03_processed/microbiome/sensitivity/MICRO_SENS_ROBUST_CLR_robust_clr.tsv.gz	122	negative	57	8	-0.26475368163621577	-0.0599523670802288	1.0	False	LOW_CURRENT_CONCERN
Alicycliphilus	preprocessing_sensitivity	Model_0	CLR_genus ~ standardized_Moffitt50_contrast	62	0.33004477103611285	0.09388649474820991	0.1422438200747153	0.5178457219975103	3.5153593913719487	0.0008426317721614402	0.16436244530941835	0.15043515273124208	0.16436244530941835	0.19669107065236935	0.9873170380416995	0.8469964089028865	2.872529214131815	0.16597648216589064	0.09080065219490131	33.782431414636484	40.42713401882157	122_genus_tests_Moffitt50_MICRO_SENS_ROBUST_CLR	relative_compositional_CLR_association_not_absolute_load	0.004469612008856335	23	MICRO_SENS_ROBUST_CLR	03_processed/microbiome/sensitivity/MICRO_SENS_ROBUST_CLR_robust_clr.tsv.gz	122	positive	23	9	-0.194668218417088	0.33004477103611285	0.8888888888888888	True	LOW_CURRENT_CONCERN
Devosia	preprocessing_sensitivity	Model_0	CLR_genus ~ standardized_Moffitt50_contrast	62	0.015339100589214744	0.09916542889756154	-0.18302129085368754	0.21369949203211705	0.15468193663600371	0.8775912321888946	0.0003898946032349082	-0.016270273820044423	0.0003898946032349082	0.0003900466803305788	3.319421376699406e-06	0.2740797747182879	1.6620936917558935	0.06199215932987756	0.09080065219490131	36.79705313189262	36.81140570031267	122_genus_tests_Moffitt50_MICRO_SENS_ROBUST_CLR	relative_compositional_CLR_association_not_absolute_load	0.899715380899539	119	MICRO_SENS_ROBUST_CLR	03_processed/microbiome/sensitivity/MICRO_SENS_ROBUST_CLR_robust_clr.tsv.gz	122	positive	119	9	-0.47662148338685567	0.015339100589214744	0.8888888888888888	True	LOW_CURRENT_CONCERN
Ottowia	preprocessing_sensitivity	Model_0	CLR_genus ~ standardized_Moffitt50_contrast	62	-0.20681100111315293	0.10253168779051154	-0.4119049128879593	-0.0017170893383466057	-2.01704473582548	0.04817185212403234	0.06769187590397185	0.05215340716903816	0.06769187590397185	0.07260676395972236	1.3083530359803937e-06	0.4111210158354883	2.53539315600454	0.10776822912929548	0.09080065219490131	35.933541983970066	38.54256018503694	122_genus_tests_Moffitt50_MICRO_SENS_ROBUST_CLR	relative_compositional_CLR_association_not_absolute_load	0.08517341969756444	69	MICRO_SENS_ROBUST_CLR	03_processed/microbiome/sensitivity/MICRO_SENS_ROBUST_CLR_robust_clr.tsv.gz	122	negative	69	9	-0.20681100111315293	0.17201155233939397	0.8888888888888888	True	LOW_CURRENT_CONCERN
Thauera	preprocessing_sensitivity	Model_0	CLR_genus ~ standardized_Moffitt50_contrast	62	0.16382083954361717	0.08412606790970112	-0.0044563508707816946	0.33209802995801607	1.9473255272011345	0.0561801244957749	0.0697781079512324	0.05427440975041964	0.0697781079512324	0.07501232614247508	0.5150846562298121	0.2779930817814565	3.0762770154098282	0.13919915099280808	0.09080065219490131	21.824057455383162	23.46113077097847	122_genus_tests_Moffitt50_MICRO_SENS_ROBUST_CLR	relative_compositional_CLR_association_not_absolute_load	0.09519409984006302	72	MICRO_SENS_ROBUST_CLR	03_processed/microbiome/sensitivity/MICRO_SENS_ROBUST_CLR_robust_clr.tsv.gz	122	positive	72	9	-0.20375566760429745	0.16382083954361717	0.8888888888888888	True	LOW_CURRENT_CONCERN
Phreatobacter	preprocessing_sensitivity	Model_0	CLR_genus ~ standardized_Moffitt50_contrast	62	-0.22604134806717457	0.14000100520040398	-0.5060850538493498	0.054002357715000615	-1.6145694650092577	0.11165116890565513	0.05537164474360268	0.03962783882266274	0.05537164474360268	0.05861738580626593	1.8505490065573327e-08	0.1410951504826892	3.381486191002004	0.21960855185049905	0.09080065219490131	53.17153111363008	56.288307266827616	122_genus_tests_Moffitt50_MICRO_SENS_ROBUST_CLR	relative_compositional_CLR_association_not_absolute_load	0.15838886751732473	86	MICRO_SENS_ROBUST_CLR	03_processed/microbiome/sensitivity/MICRO_SENS_ROBUST_CLR_robust_clr.tsv.gz	122	negative	86	7	-0.25148940770107003	-0.20677711552036843	1.0	False	LOW_CURRENT_CONCERN
Dickeya	preprocessing_sensitivity	Model_0	CLR_genus ~ standardized_Moffitt50_contrast	62	-0.030285564141239733	0.15368029874128983	-0.3376919309999426	0.27712080271746314	-0.19706861835441503	0.8444398965346323	0.0007648848079928605	-0.01588903377854045	0.0007648848079928605	0.0007654703045998185	6.876582796644694e-06	0.367986796077864	3.6442220935158773	0.2236789619074306	0.09080065219490131	73.09250114648432	73.14845128560087	122_genus_tests_Moffitt50_MICRO_SENS_ROBUST_CLR	relative_compositional_CLR_association_not_absolute_load	0.8730649777730944	118	MICRO_SENS_ROBUST_CLR	03_processed/microbiome/sensitivity/MICRO_SENS_ROBUST_CLR_robust_clr.tsv.gz	122	negative	118	9	-0.030285564141239733	0.2811914149858607	0.8888888888888888	True	LOW_CURRENT_CONCERN
Rhizobium	preprocessing_sensitivity	Model_0	CLR_genus ~ standardized_Moffitt50_contrast	62	0.14021188641999227	0.10415373605784055	-0.06812660497115428	0.34855037781113885	1.3462012187649923	0.18330184421962223	0.04184765266486168	0.025878446875942762	0.04184765266486168	0.04367536413311566	0.980154696229685	0.009853699449313996	2.4348842583321693	0.18063811486518183	0.09080065219490131	27.457624738870724	28.65684649757135	122_genus_tests_Moffitt50_MICRO_SENS_ROBUST_CLR	relative_compositional_CLR_association_not_absolute_load	0.2457453296131199	91	MICRO_SENS_ROBUST_CLR	03_processed/microbiome/sensitivity/MICRO_SENS_ROBUST_CLR_robust_clr.tsv.gz	122	positive	91	9	-0.500609013719891	0.14021188641999227	0.8888888888888888	True	BIOLOGICALLY_PLAUSIBLE_BUT_CONTAMINATION_SENSITIVE
Sinorhizobium	preprocessing_sensitivity	Model_0	CLR_genus ~ standardized_Moffitt50_contrast	62	0.3334367165483815	0.0835110566600942	0.16638973179708558	0.5004837012996773	3.9927253933036915	0.0001806457161678601	0.2225986930062651	0.2096420045563696	0.2225986930062651	0.2863369163438505	0.3869066334524516	0.1904536416668734	3.1534155562936688	0.19511240408321082	0.09080065219490131	23.685324152727457	30.467306833223954	122_genus_tests_Moffitt50_MICRO_SENS_ROBUST_CLR	relative_compositional_CLR_association_not_absolute_load	0.0015741983837484952	14	MICRO_SENS_ROBUST_CLR	03_processed/microbiome/sensitivity/MICRO_SENS_ROBUST_CLR_robust_clr.tsv.gz	122	positive	14	9	0.21739330610018118	0.3334367165483815	1.0	False	LOW_CURRENT_CONCERN
Stenotrophomonas	preprocessing_sensitivity	Model_0	CLR_genus ~ standardized_Moffitt50_contrast	62	0.3980946401662395	0.08981893402839404	0.21843002205360043	0.5777592582788786	4.432190656375322	4.0328072047446186e-05	0.2358324625767434	0.22309633695302244	0.2358324625767434	0.30861355792731177	0.8334275000927159	0.4091590737092947	2.9045499474257825	0.14756385536798372	0.09080065219490131	31.324741398922217	40.99198129319656	122_genus_tests_Moffitt50_MICRO_SENS_ROBUST_CLR	relative_compositional_CLR_association_not_absolute_load	0.000680627433348356	6	MICRO_SENS_ROBUST_CLR	03_processed/microbiome/sensitivity/MICRO_SENS_ROBUST_CLR_robust_clr.tsv.gz	122	positive	6	9	-0.2430872508961397	0.3980946401662395	0.8888888888888888	True	BIOLOGICALLY_PLAUSIBLE_BUT_CONTAMINATION_SENSITIVE
Corynebacterium	preprocessing_sensitivity	Model_0	CLR_genus ~ standardized_Moffitt50_contrast	62	-0.27168729937554625	0.10088176157906677	-0.47348086734311534	-0.06989373140797714	-2.693126043032164	0.009163480808225002	0.11776052210384291	0.10305653080557364	0.11776052210384291	0.13347908935639782	3.6222433921859415e-05	0.9034138402275427	2.3209191077429248	0.10339609537039739	0.09080065219490131	33.73302386816748	38.23567717532811	122_genus_tests_Moffitt50_MICRO_SENS_ROBUST_CLR	relative_compositional_CLR_association_not_absolute_load	0.024843214635632226	45	MICRO_SENS_ROBUST_CLR	03_processed/microbiome/sensitivity/MICRO_SENS_ROBUST_CLR_robust_clr.tsv.gz	122	negative	45	9	-0.27168729937554625	0.40399767435545403	0.8888888888888888	True	LOW_CURRENT_CONCERN
Leptothrix	preprocessing_sensitivity	Model_0	CLR_genus ~ standardized_Moffitt50_contrast	62	-0.13843812944432018	0.0868659179103489	-0.3121958358476606	0.035319576959020216	-1.5936990338051462	0.11625831875350869	0.03993353533336397	0.023932427588920113	0.03993353533336397	0.041594552880492595	4.540290651387506e-06	0.6021932172492257	2.10728075652169	0.11102519989273012	0.09080065219490131	28.106373930391808	29.27544598711838	122_genus_tests_Moffitt50_MICRO_SENS_ROBUST_CLR	relative_compositional_CLR_association_not_absolute_load	0.16302890675779377	87	MICRO_SENS_ROBUST_CLR	03_processed/microbiome/sensitivity/MICRO_SENS_ROBUST_CLR_robust_clr.tsv.gz	122	negative	87	9	-0.13843812944432018	0.2232670673173095	0.8888888888888888	True	LOW_CURRENT_CONCERN
Altererythrobacter	preprocessing_sensitivity	Model_0	CLR_genus ~ standardized_Moffitt50_contrast	62	0.13441345874383576	0.07544095426262788	-0.01649091775837619	0.2853178352460477	1.7817041162537601	0.07985831787591735	0.04967171582407215	0.03383291108780673	0.04967171582407215	0.05226795482273235	0.3769487537429901	0.008039228568692429	2.5164780248204037	0.1390875409126848	0.09080065219490131	21.085302746550287	22.187388397930615	122_genus_tests_Moffitt50_MICRO_SENS_ROBUST_CLR	relative_compositional_CLR_association_not_absolute_load	0.12028042939335701	81	MICRO_SENS_ROBUST_CLR	03_processed/microbiome/sensitivity/MICRO_SENS_ROBUST_CLR_robust_clr.tsv.gz	122	positive	81	9	-0.025842758457895597	0.13441345874383576	0.8888888888888888	True	LOW_CURRENT_CONCERN
Roseolovirus	preprocessing_sensitivity	Model_0	CLR_genus ~ standardized_Moffitt50_contrast	62	0.07664365012380091	0.08048627468533298	-0.08435286983131211	0.23764017007891391	0.9522573932443128	0.34478697025108607	0.009979639311898492	-0.0065207000329030596	0.009979639311898492	0.01008023643570549	6.776337863908999e-10	0.4196607977409642	2.6743916300746227	0.12016404035047161	0.09080065219490131	35.54769748187849	35.90602667724075	122_genus_tests_Moffitt50_MICRO_SENS_ROBUST_CLR	relative_compositional_CLR_association_not_absolute_load	0.420640103706325	100	MICRO_SENS_ROBUST_CLR	03_processed/microbiome/sensitivity/MICRO_SENS_ROBUST_CLR_robust_clr.tsv.gz	122	positive	100	8	-1.4070681167254238	0.07664365012380091	0.875	True	LOW_CURRENT_CONCERN
Janibacter	preprocessing_sensitivity	Model_0	CLR_genus ~ standardized_Moffitt50_contrast	62	-0.2104935493871246	0.10801920368273937	-0.42656412724942294	0.00557702847517369	-1.9486678498886199	0.056015811353035676	0.11427137830960343	0.09950923461476358	0.11427137830960343	0.12901398409313977	2.4970012033748005e-08	0.4423243055968943	4.487066883912143	0.46901322556804464	0.09080065219490131	20.949353772361263	23.652113366710235	122_genus_tests_Moffitt50_MICRO_SENS_ROBUST_CLR	relative_compositional_CLR_association_not_absolute_load	0.09519409984006302	71	MICRO_SENS_ROBUST_CLR	03_processed/microbiome/sensitivity/MICRO_SENS_ROBUST_CLR_robust_clr.tsv.gz	122	negative	71	8	-0.2104935493871246	0.4826706433361536	0.875	True	LOW_CURRENT_CONCERN
Lactobacillus	preprocessing_sensitivity	Model_0	CLR_genus ~ standardized_Moffitt50_contrast	62	-0.30725411039006767	0.11323394470422764	-0.5337557233600174	-0.08075249742011797	-2.7134452587749176	0.008678522026947012	0.11156085290183981	0.09675353378353724	0.11156085290183981	0.12556949259408748	2.8336119291715024e-06	0.12397583385289963	3.2870084649306435	0.11225939718849653	0.09080065219490131	45.86074428175453	51.619454671201616	122_genus_tests_Moffitt50_MICRO_SENS_ROBUST_CLR	relative_compositional_CLR_association_not_absolute_load	0.024169409794357114	43	MICRO_SENS_ROBUST_CLR	03_processed/microbiome/sensitivity/MICRO_SENS_ROBUST_CLR_robust_clr.tsv.gz	122	negative	43	9	-0.30725411039006767	0.32572207484052784	0.8888888888888888	True	LOW_CURRENT_CONCERN
Acinetobacter	preprocessing_sensitivity	Model_0	CLR_genus ~ standardized_Moffitt50_contrast	62	0.3409093251196318	0.07383106172660717	0.19322521315089908	0.4885934370883645	4.617424118618292	2.1006967779026485e-05	0.24552609692934135	0.23295153187816375	0.24552609692934135	0.3254268914140919	0.29781440738580767	0.4097148540228591	3.3573842328286307	0.13144929515122147	0.09080065219490131	21.78482919576537	28.874198440930247	122_genus_tests_Moffitt50_MICRO_SENS_ROBUST_CLR	relative_compositional_CLR_association_not_absolute_load	0.0005125700138082463	5	MICRO_SENS_ROBUST_CLR	03_processed/microbiome/sensitivity/MICRO_SENS_ROBUST_CLR_robust_clr.tsv.gz	122	positive	5	9	-0.2999014566621953	0.3409093251196318	0.8888888888888888	True	BIOLOGICALLY_PLAUSIBLE_BUT_CONTAMINATION_SENSITIVE
Janthinobacterium	preprocessing_sensitivity	Model_0	CLR_genus ~ standardized_Moffitt50_contrast	62	-0.2073114288744969	0.10506979646595907	-0.4174823139048364	0.002859456155842599	-1.9730829967074552	0.053098015215237444	0.06745994682650513	0.05191761260694694	0.06745994682650513	0.07233999933507898	1.6577547740680128e-08	0.07652690844795061	2.59204247543604	0.13320382684538307	0.09080065219490131	36.240804052507215	38.862463793568324	122_genus_tests_Moffitt50_MICRO_SENS_ROBUST_CLR	relative_compositional_CLR_association_not_absolute_load	0.09254225508941384	70	MICRO_SENS_ROBUST_CLR	03_processed/microbiome/sensitivity/MICRO_SENS_ROBUST_CLR_robust_clr.tsv.gz	122	negative	70	7	-0.2073114288744969	-0.012677479223610427	1.0	False	LOW_CURRENT_CONCERN
Paracoccus	preprocessing_sensitivity	Model_0	CLR_genus ~ standardized_Moffitt50_contrast	62	0.14074699964343015	0.052926618449266494	0.03487800003278263	0.24661599925407768	2.659285700981351	0.010026459951159153	0.0936776952325642	0.07857232348644028	0.0936776952325642	0.10336024473832417	0.15023641355480463	0.509889824987035	3.4175965463131424	0.1464343925303265	0.09080065219490131	11.691079055448894	12.899471847875187	122_genus_tests_Moffitt50_MICRO_SENS_ROBUST_CLR	relative_compositional_CLR_association_not_absolute_load	0.02602613008598759	47	MICRO_SENS_ROBUST_CLR	03_processed/microbiome/sensitivity/MICRO_SENS_ROBUST_CLR_robust_clr.tsv.gz	122	positive	47	9	0.14074699964343015	0.3831964909827919	1.0	False	LOW_CURRENT_CONCERN
Delftia	preprocessing_sensitivity	Model_0	CLR_genus ~ standardized_Moffitt50_contrast	62	0.4303661368109584	0.11823945521622556	0.1938520120657898	0.666880261556127	3.639784503607057	0.0005696180808427719	0.09386619921795714	0.07876396920492312	0.09386619921795714	0.10358977795215837	2.6662783684854142e-08	0.6604624112337316	5.356566767661012	0.21312434078549589	0.09080065219490131	109.0659323523867	120.3640480669156	122_genus_tests_Moffitt50_MICRO_SENS_ROBUST_CLR	relative_compositional_CLR_association_not_absolute_load	0.0036575476769904296	19	MICRO_SENS_ROBUST_CLR	03_processed/microbiome/sensitivity/MICRO_SENS_ROBUST_CLR_robust_clr.tsv.gz	122	positive	19	7	-0.2105480408070087	0.4303661368109584	0.7142857142857143	True	HIGH_RISK_POTENTIAL_CONTAMINANT
Sphingorhabdus	preprocessing_sensitivity	Model_0	CLR_genus ~ standardized_Moffitt50_contrast	62	-0.351892084151617	0.1093516944748713	-0.5706280404432709	-0.13315612785996314	-3.2179847403506012	0.0020832459710260183	0.12391018869906123	0.10930869184404568	0.12391018869906123	0.14143548652285126	0.00023679935435156184	0.7925650095188446	2.11244614146958	0.1064643130750253	0.09080065219490131	53.40604792972019	60.95955830192289	122_genus_tests_Moffitt50_MICRO_SENS_ROBUST_CLR	relative_compositional_CLR_association_not_absolute_load	0.00847186694883914	30	MICRO_SENS_ROBUST_CLR	03_processed/microbiome/sensitivity/MICRO_SENS_ROBUST_CLR_robust_clr.tsv.gz	122	negative	30	9	-0.351892084151617	0.5011679943879076	0.8888888888888888	True	LOW_CURRENT_CONCERN
Klebsiella	preprocessing_sensitivity	Model_0	CLR_genus ~ standardized_Moffitt50_contrast	62	-0.2595436216423461	0.10535391100297309	-0.47028282036227737	-0.04880442292241488	-2.4635404530451823	0.01664195313358973	0.12553075476484854	0.11095626734426278	0.12553075476484854	0.14355079432335252	0.18761561444254263	0.08684176141291551	2.6914288271866367	0.16149651782340205	0.09080065219490131	28.624964445635808	32.73410082928454	122_genus_tests_Moffitt50_MICRO_SENS_ROBUST_CLR	relative_compositional_CLR_association_not_absolute_load	0.0390445823518836	52	MICRO_SENS_ROBUST_CLR	03_processed/microbiome/sensitivity/MICRO_SENS_ROBUST_CLR_robust_clr.tsv.gz	122	negative	52	9	-0.9000886543866474	-0.2595436216423461	1.0	False	LOW_CURRENT_CONCERN
Brachybacterium	preprocessing_sensitivity	Model_0	CLR_genus ~ standardized_Moffitt50_contrast	62	-0.43011364035076505	0.10912617350508759	-0.648398487537742	-0.2118287931637881	-3.9414342731509104	0.00021415969716474294	0.22429151275467774	0.21136303796725575	0.22429151275467774	0.289144074665441	7.978533983655313e-05	0.015963369893899095	3.268366820072067	0.17147604703633673	0.09080065219490131	39.02850983067992	50.31337219124293	122_genus_tests_Moffitt50_MICRO_SENS_ROBUST_CLR	relative_compositional_CLR_association_not_absolute_load	0.0016987650542462079	15	MICRO_SENS_ROBUST_CLR	03_processed/microbiome/sensitivity/MICRO_SENS_ROBUST_CLR_robust_clr.tsv.gz	122	negative	15	7	-0.43011364035076505	0.444301166968059	0.8571428571428571	True	LOW_CURRENT_CONCERN
Herbaspirillum	preprocessing_sensitivity	Model_0	CLR_genus ~ standardized_Moffitt50_contrast	62	-0.4180183650526207	0.10638001510812213	-0.6308100775792415	-0.20522665252599992	-3.9294820989427075	0.00022278885957327318	0.1964358620614285	0.18304312642911902	0.1964358620614285	0.24445573512695143	8.32519163408164e-05	0.21848883232702487	2.0205714416876743	0.1319851257137921	0.09080065219490131	43.60339739733125	54.262497962128464	122_genus_tests_Moffitt50_MICRO_SENS_ROBUST_CLR	relative_compositional_CLR_association_not_absolute_load	0.0016987650542462079	16	MICRO_SENS_ROBUST_CLR	03_processed/microbiome/sensitivity/MICRO_SENS_ROBUST_CLR_robust_clr.tsv.gz	122	negative	16	8	-0.4180183650526207	0.7134656317250663	0.875	True	MODERATE_RISK_ENVIRONMENTAL
Melaminivora	preprocessing_sensitivity	Model_0	CLR_genus ~ standardized_Moffitt50_contrast	62	0.08689498779858233	0.08593043970108871	-0.0849914835802331	0.25878145917739775	1.0112247545904434	0.315969564671549	0.015403613996642362	-0.0010063257700803074	0.015403613996642362	0.015644597335125535	0.0016366140374399726	0.0014295006602692826	1.656084905731633	0.07643687121720551	0.09080065219490131	29.44115871498453	29.901753788159994	122_genus_tests_Moffitt50_MICRO_SENS_ROBUST_CLR	relative_compositional_CLR_association_not_absolute_load	0.39662826387505373	97	MICRO_SENS_ROBUST_CLR	03_processed/microbiome/sensitivity/MICRO_SENS_ROBUST_CLR_robust_clr.tsv.gz	122	positive	97	9	-0.014138444892149504	0.08689498779858233	0.8888888888888888	True	LOW_CURRENT_CONCERN
Lysobacter	preprocessing_sensitivity	Model_0	CLR_genus ~ standardized_Moffitt50_contrast	59	-0.04716015198474193	0.24606459927513658	-0.5398960127874859	0.445575708818002	-0.19165760586312505	0.848691534251755	0.0007080739875100495	-0.016823363310954687	0.0007080739875100495	0.0007085757115395721	0.009723071809717607	0.8607141088585333	2.164415532896952	0.1586699218624226	0.09334721047780775	182.0506039683077	182.17960060455067	121_genus_tests_Moffitt50_MICRO_SENS_EXCLUDE_EXTREME	relative_compositional_CLR_association_not_absolute_load	0.9413710652165825	109	MICRO_SENS_EXCLUDE_EXTREME	03_processed/microbiome/sensitivity/MICRO_SENS_EXCLUDE_EXTREME_centered_log_ratio.tsv.gz	121	negative	109	9	-0.1064078828104997	0.06822276164190187	0.8888888888888888	True	LOW_CURRENT_CONCERN
Brevundimonas	preprocessing_sensitivity	Model_0	CLR_genus ~ standardized_Moffitt50_contrast	59	-0.2984151693099789	0.0658848803546019	-0.4303473665095898	-0.16648297211036797	-4.529342205736211	3.070274635777919e-05	0.2826250395972908	0.27003951397619064	0.2826250395972908	0.3939711520438837	0.8531069886691905	0.7518053802235245	2.672071563572036	0.2572698204561571	0.09334721047780775	13.110080631828275	18.275074201737866	121_genus_tests_Moffitt50_MICRO_SENS_EXCLUDE_EXTREME	relative_compositional_CLR_association_not_absolute_load	0.00037150323092912817	10	MICRO_SENS_EXCLUDE_EXTREME	03_processed/microbiome/sensitivity/MICRO_SENS_EXCLUDE_EXTREME_centered_log_ratio.tsv.gz	121	negative	10	7	-0.47476939770179627	0.16603946550957993	0.8571428571428571	True	HIGH_RISK_POTENTIAL_CONTAMINANT
Paraburkholderia	preprocessing_sensitivity	Model_0	CLR_genus ~ standardized_Moffitt50_contrast	59	-0.17552355289460428	0.1674401700931449	-0.510816710003938	0.15976960421472944	-1.0482762457596806	0.29893600669141	0.012861033646278774	-0.004457193833611095	0.012861033646278774	0.013028594842917268	6.258530943199788e-08	0.5285843801020866	4.8077687624026195	0.23521247585960356	0.09334721047780775	137.15170696052775	138.93860098253091	121_genus_tests_Moffitt50_MICRO_SENS_EXCLUDE_EXTREME	relative_compositional_CLR_association_not_absolute_load	0.4759375896007975	76	MICRO_SENS_EXCLUDE_EXTREME	03_processed/microbiome/sensitivity/MICRO_SENS_EXCLUDE_EXTREME_centered_log_ratio.tsv.gz	121	negative	76	6	-0.2295738398272358	-0.17552355289460428	1.0	False	MODERATE_RISK_ENVIRONMENTAL
Aerococcus	preprocessing_sensitivity	Model_0	CLR_genus ~ standardized_Moffitt50_contrast	59	0.26480487765858984	0.13509573234713637	-0.005719660064173515	0.5353294153813533	1.9601276299251131	0.054875754664296054	0.0752377710583142	0.059013872304951254	0.0752377710583142	0.08135904419930476	0.035507090597243406	0.024676796701765053	2.8379341065444854	0.15903554719965118	0.09334721047780775	49.98896173706557	54.056015884508845	121_genus_tests_Moffitt50_MICRO_SENS_EXCLUDE_EXTREME	relative_compositional_CLR_association_not_absolute_load	0.12769165989191966	52	MICRO_SENS_EXCLUDE_EXTREME	03_processed/microbiome/sensitivity/MICRO_SENS_EXCLUDE_EXTREME_centered_log_ratio.tsv.gz	121	positive	52	8	-0.43998823998597864	0.46464313098629384	0.875	True	LOW_CURRENT_CONCERN
Acidovorax	preprocessing_sensitivity	Model_0	CLR_genus ~ standardized_Moffitt50_contrast	59	-0.22365281691721917	0.08085567046423754	-0.3855635042096709	-0.06174212962476744	-2.766074607174778	0.007633967479522651	0.1356866757614067	0.12052328410809798	0.1356866757614067	0.15698783294928176	0.049691331954921494	0.02370849359402349	2.209849783129642	0.14769824420395597	0.09334721047780775	18.48037348733712	21.38156727320753	121_genus_tests_Moffitt50_MICRO_SENS_EXCLUDE_EXTREME	relative_compositional_CLR_association_not_absolute_load	0.029797098871685187	31	MICRO_SENS_EXCLUDE_EXTREME	03_processed/microbiome/sensitivity/MICRO_SENS_EXCLUDE_EXTREME_centered_log_ratio.tsv.gz	121	negative	31	9	-0.3848994900514588	0.25608410912850155	0.8888888888888888	True	LOW_CURRENT_CONCERN
Cupriavidus	preprocessing_sensitivity	Model_0	CLR_genus ~ standardized_Moffitt50_contrast	59	-0.33632357034068705	0.06851550290128483	-0.4735234983264627	-0.1991236423549114	-4.908722202991816	8.047518910054389e-06	0.18957797742124594	0.17536004720056597	0.18957797742124594	0.23392500714382228	1.250072853428166e-08	0.75892365493734	8.359830921855014	0.32928093133645997	0.09334721047780775	28.045678528227725	34.606264078296725	121_genus_tests_Moffitt50_MICRO_SENS_EXCLUDE_EXTREME	relative_compositional_CLR_association_not_absolute_load	0.00012542240900518658	7	MICRO_SENS_EXCLUDE_EXTREME	03_processed/microbiome/sensitivity/MICRO_SENS_EXCLUDE_EXTREME_centered_log_ratio.tsv.gz	121	negative	7	9	-0.47525427738843407	0.11145600631722874	0.8888888888888888	True	BIOLOGICALLY_PLAUSIBLE_BUT_CONTAMINATION_SENSITIVE
Staphylococcus	preprocessing_sensitivity	Model_0	CLR_genus ~ standardized_Moffitt50_contrast	59	-0.48999357400305366	0.16905484145256405	-0.8285200547377307	-0.1514670932683766	-2.8984297035973583	0.005315119195833077	0.09982772812104213	0.08403523212316566	0.09982772812104213	0.11089847048128751	0.031142520925815275	0.11632746810030438	2.2901514654552955	0.11319062961248316	0.09334721047780775	125.56922280617316	139.49465755490175	121_genus_tests_Moffitt50_MICRO_SENS_EXCLUDE_EXTREME	relative_compositional_CLR_association_not_absolute_load	0.02217687664468284	29	MICRO_SENS_EXCLUDE_EXTREME	03_processed/microbiome/sensitivity/MICRO_SENS_EXCLUDE_EXTREME_centered_log_ratio.tsv.gz	121	negative	29	9	-0.6117666435337625	-0.0967237405855739	1.0	False	LOW_CURRENT_CONCERN
Rhodopseudomonas	preprocessing_sensitivity	Model_0	CLR_genus ~ standardized_Moffitt50_contrast	59	0.4092372105683368	0.20739771843774643	-0.006069556939012066	0.8245439780756856	1.9732001569302486	0.05332857652392927	0.06474303942556392	0.04833502257338074	0.06474303942556392	0.06922486776874524	0.006666975625358959	0.1170584761680607	2.0908561747178	0.16474493865189757	0.09334721047780775	140.3188737643681	150.03242924616575	121_genus_tests_Moffitt50_MICRO_SENS_EXCLUDE_EXTREME	relative_compositional_CLR_association_not_absolute_load	0.12695323987298054	50	MICRO_SENS_EXCLUDE_EXTREME	03_processed/microbiome/sensitivity/MICRO_SENS_EXCLUDE_EXTREME_centered_log_ratio.tsv.gz	121	positive	50	9	0.3285600369017634	0.45682013834174473	1.0	False	LOW_CURRENT_CONCERN
Rhodoferax	preprocessing_sensitivity	Model_0	CLR_genus ~ standardized_Moffitt50_contrast	59	0.02655048468656056	0.12977322164860966	-0.23331590920569623	0.28641687857881737	0.2045913968172263	0.838620178404327	0.0005442744961864365	-0.016990036477564807	0.0005442744961864365	0.0005445708922344453	0.00021526979290155147	0.0002096542356055985	1.8322756565717015	0.06263581501362116	0.09334721047780775	75.0789995101332	75.11988534788449	121_genus_tests_Moffitt50_MICRO_SENS_EXCLUDE_EXTREME	relative_compositional_CLR_association_not_absolute_load	0.9413710652165825	106	MICRO_SENS_EXCLUDE_EXTREME	03_processed/microbiome/sensitivity/MICRO_SENS_EXCLUDE_EXTREME_centered_log_ratio.tsv.gz	121	positive	106	9	-0.11760221629835572	0.07289599979546624	0.8888888888888888	True	LOW_CURRENT_CONCERN
Blastomonas	preprocessing_sensitivity	Model_0	CLR_genus ~ standardized_Moffitt50_contrast	59	-0.13496217093397156	0.046517359925022164	-0.22811157744123614	-0.04181276442670698	-2.9013291199566558	0.00527254249489053	0.10759801124239521	0.09194183600103367	0.10759801124239521	0.12057123650317313	0.011639506763056817	0.8776584910641152	3.900336120070759	0.12861742298327195	0.09334721047780775	8.76210371947547	9.818561399301679	121_genus_tests_Moffitt50_MICRO_SENS_EXCLUDE_EXTREME	relative_compositional_CLR_association_not_absolute_load	0.02217687664468284	28	MICRO_SENS_EXCLUDE_EXTREME	03_processed/microbiome/sensitivity/MICRO_SENS_EXCLUDE_EXTREME_centered_log_ratio.tsv.gz	121	negative	28	9	-0.30810806699131943	0.33320041136407413	0.8888888888888888	True	LOW_CURRENT_CONCERN
Aeromonas	preprocessing_sensitivity	Model_0	CLR_genus ~ standardized_Moffitt50_contrast	59	0.3639633842528255	0.16581252309135547	0.03192953404449367	0.6959972344611574	2.1950295277293232	0.032249349029497984	0.07825070216940966	0.062079661856592194	0.07825070216940966	0.08489369327818189	0.0003086914533034132	0.8917205300983893	4.595080689348259	0.19626109220894367	0.09334721047780775	90.50403767069056	98.18725968514319	121_genus_tests_Moffitt50_MICRO_SENS_EXCLUDE_EXTREME	relative_compositional_CLR_association_not_absolute_load	0.09049103765366003	41	MICRO_SENS_EXCLUDE_EXTREME	03_processed/microbiome/sensitivity/MICRO_SENS_EXCLUDE_EXTREME_centered_log_ratio.tsv.gz	121	positive	41	9	-0.36993610811046285	0.6878998899726578	0.8888888888888888	True	LOW_CURRENT_CONCERN
Achromobacter	preprocessing_sensitivity	Model_0	CLR_genus ~ standardized_Moffitt50_contrast	59	-0.27028744452063064	0.11952987108424573	-0.5096418827203396	-0.030933006320921663	-2.2612543799208953	0.027576942111501683	0.07299734391552481	0.05673413942281469	0.07299734391552481	0.07874556069111496	7.306631069501542e-05	0.43491967678655663	5.396072801277761	0.31356360149419105	0.09334721047780775	53.808843538740376	58.04605109333896	121_genus_tests_Moffitt50_MICRO_SENS_EXCLUDE_EXTREME	relative_compositional_CLR_association_not_absolute_load	0.08555923065363343	39	MICRO_SENS_EXCLUDE_EXTREME	03_processed/microbiome/sensitivity/MICRO_SENS_EXCLUDE_EXTREME_centered_log_ratio.tsv.gz	121	negative	39	9	-0.4029494350455562	0.1319766261892544	0.8888888888888888	True	LOW_CURRENT_CONCERN
Azoarcus	preprocessing_sensitivity	Model_0	CLR_genus ~ standardized_Moffitt50_contrast	59	-0.22058110120331376	0.07815533713588053	-0.37708446427715825	-0.06407773812946926	-2.822342136658081	0.0065529543223186645	0.13939598717182888	0.1242976711572995	0.13939598717182888	0.16197459585824728	0.818244033866507	0.2190534626940473	3.059363455590099	0.09152368931622044	0.09334721047780775	17.422789500506504	20.244838788574363	121_genus_tests_Moffitt50_MICRO_SENS_EXCLUDE_EXTREME	relative_compositional_CLR_association_not_absolute_load	0.026430249100018614	30	MICRO_SENS_EXCLUDE_EXTREME	03_processed/microbiome/sensitivity/MICRO_SENS_EXCLUDE_EXTREME_centered_log_ratio.tsv.gz	121	negative	30	9	-0.3942746859776195	0.24674330221477256	0.8888888888888888	True	LOW_CURRENT_CONCERN
Enterobacter	preprocessing_sensitivity	Model_0	CLR_genus ~ standardized_Moffitt50_contrast	59	0.23668561501812593	0.22495626135387	-0.21378152819423915	0.687152758230491	1.0521405965482549	0.29717509284307697	0.016898005864863785	-0.00034939754101581677	0.016898005864863785	0.01718845650367077	0.04027536469755495	0.002054423832575555	2.2164305229795875	0.0943880785203084	0.09334721047780775	189.0317876991226	192.28095235980015	121_genus_tests_Moffitt50_MICRO_SENS_EXCLUDE_EXTREME	relative_compositional_CLR_association_not_absolute_load	0.4759375896007975	75	MICRO_SENS_EXCLUDE_EXTREME	03_processed/microbiome/sensitivity/MICRO_SENS_EXCLUDE_EXTREME_centered_log_ratio.tsv.gz	121	positive	75	9	0.03969291725914792	0.35951297607592725	1.0	False	LOW_CURRENT_CONCERN
Methyloversatilis	preprocessing_sensitivity	Model_0	CLR_genus ~ standardized_Moffitt50_contrast	59	-0.07766032677022741	0.054945546835583864	-0.18768688645034037	0.032366232909885564	-1.4134052938378072	0.16297467583197484	0.033027735571193206	0.016063309879459697	0.033027735571193206	0.03415582513186434	0.06673856710422889	0.9511371694180984	3.8313444936196306	0.10433648538900726	0.09334721047780775	10.241454486457581	10.591259814992972	121_genus_tests_Moffitt50_MICRO_SENS_EXCLUDE_EXTREME	relative_compositional_CLR_association_not_absolute_load	0.29432739963685006	67	MICRO_SENS_EXCLUDE_EXTREME	03_processed/microbiome/sensitivity/MICRO_SENS_EXCLUDE_EXTREME_centered_log_ratio.tsv.gz	121	negative	67	9	-0.2700977226113444	0.37082864023250756	0.8888888888888888	True	LOW_CURRENT_CONCERN
Mycobacterium	preprocessing_sensitivity	Model_0	CLR_genus ~ standardized_Moffitt50_contrast	59	-0.1547877983610905	0.2064153884478503	-0.5681274839940467	0.2585518872718656	-0.7498849747832477	0.45640807586676424	0.011345084340498524	-0.0059997387412471515	0.011345084340498524	0.011475272272257468	4.1336181202421695e-06	0.1274700624970979	2.8747473406653126	0.14692990032457195	0.09334721047780775	121.09840997890878	122.48804720515425	121_genus_tests_Moffitt50_MICRO_SENS_EXCLUDE_EXTREME	relative_compositional_CLR_association_not_absolute_load	0.6421555486032381	86	MICRO_SENS_EXCLUDE_EXTREME	03_processed/microbiome/sensitivity/MICRO_SENS_EXCLUDE_EXTREME_centered_log_ratio.tsv.gz	121	negative	86	8	-0.2483434173588759	-0.01002275332773586	1.0	False	LOW_CURRENT_CONCERN
Rubrivivax	preprocessing_sensitivity	Model_0	CLR_genus ~ standardized_Moffitt50_contrast	59	0.45215034563842427	0.1250455266053476	0.20175099777236105	0.7025496935044875	3.6158858130562503	0.0006351525346794895	0.1427952930592925	0.12775661399015725	0.1427952930592925	0.1665824882937438	0.07102076974549507	0.1299655567281308	2.046362246198129	0.15829056689413498	0.09334721047780775	71.18104883045032	83.03856506398519	121_genus_tests_Moffitt50_MICRO_SENS_EXCLUDE_EXTREME	relative_compositional_CLR_association_not_absolute_load	0.0034933389407371925	22	MICRO_SENS_EXCLUDE_EXTREME	03_processed/microbiome/sensitivity/MICRO_SENS_EXCLUDE_EXTREME_centered_log_ratio.tsv.gz	121	positive	22	9	-0.14255031101523494	0.6890998729537884	0.8888888888888888	True	LOW_CURRENT_CONCERN
Mesorhizobium	preprocessing_sensitivity	Model_0	CLR_genus ~ standardized_Moffitt50_contrast	59	0.3496113625876359	0.15958367302290968	0.030050569492469204	0.6691721556828026	2.1907714991460687	0.03257231312803816	0.07869826123102452	0.06253507283156878	0.07869826123102452	0.08542072365583454	0.37012249145628684	0.9239616911014901	2.5250083924194615	0.16336278615385866	0.09334721047780775	82.99192254429012	90.08115262561236	121_genus_tests_Moffitt50_MICRO_SENS_EXCLUDE_EXTREME	relative_compositional_CLR_association_not_absolute_load	0.09049103765366003	42	MICRO_SENS_EXCLUDE_EXTREME	03_processed/microbiome/sensitivity/MICRO_SENS_EXCLUDE_EXTREME_centered_log_ratio.tsv.gz	121	positive	42	8	-0.2155946253935093	0.5796558786667678	0.875	True	MODERATE_RISK_ENVIRONMENTAL
Nocardioides	preprocessing_sensitivity	Model_0	CLR_genus ~ standardized_Moffitt50_contrast	59	0.6783286743312731	0.15887879184559	0.3601793814465934	0.9964779672159527	4.269472762547958	7.496171810309918e-05	0.2167931544525069	0.20305268347798944	0.2167931544525069	0.27680191469848525	0.08167634986695557	0.40414892964750904	2.9219338303969074	0.18987002706189138	0.09334721047780775	96.41381228678068	123.10134013114195	121_genus_tests_Moffitt50_MICRO_SENS_EXCLUDE_EXTREME	relative_compositional_CLR_association_not_absolute_load	0.0006977206069596154	13	MICRO_SENS_EXCLUDE_EXTREME	03_processed/microbiome/sensitivity/MICRO_SENS_EXCLUDE_EXTREME_centered_log_ratio.tsv.gz	121	positive	13	9	0.0014533719312191237	0.9216275608468687	1.0	False	LOW_CURRENT_CONCERN
Comamonas	preprocessing_sensitivity	Model_0	CLR_genus ~ standardized_Moffitt50_contrast	59	-0.1889675111484681	0.050089313818892554	-0.2892696319503882	-0.08866539034654804	-3.7726112965275607	0.0003864967559808613	0.1505765927798406	0.13567442774089034	0.1505765927798406	0.17726918224754443	0.001952848843737263	0.843365098761444	4.867532188248253	0.14935632706507204	0.09334721047780775	11.683394425249405	13.754500200888891	121_genus_tests_Moffitt50_MICRO_SENS_EXCLUDE_EXTREME	relative_compositional_CLR_association_not_absolute_load	0.0024613740775623273	19	MICRO_SENS_EXCLUDE_EXTREME	03_processed/microbiome/sensitivity/MICRO_SENS_EXCLUDE_EXTREME_centered_log_ratio.tsv.gz	121	negative	19	7	-0.3690210376262675	0.2717895009042564	0.8571428571428571	True	HIGH_RISK_POTENTIAL_CONTAMINANT
Dechloromonas	preprocessing_sensitivity	Model_0	CLR_genus ~ standardized_Moffitt50_contrast	59	-0.4622108850055437	0.09365161507840518	-0.6497450094068669	-0.27467676060422047	-4.9354288724073845	7.313180337621769e-06	0.37395729330503513	0.36297408792442165	0.37395729330503513	0.5973351167674306	0.05086868059791242	0.04227408372967412	3.7236669031374423	0.2613811066393054	0.09334721047780775	20.743893973080514	33.134950301701764	121_genus_tests_Moffitt50_MICRO_SENS_EXCLUDE_EXTREME	relative_compositional_CLR_association_not_absolute_load	0.00012542240900518658	6	MICRO_SENS_EXCLUDE_EXTREME	03_processed/microbiome/sensitivity/MICRO_SENS_EXCLUDE_EXTREME_centered_log_ratio.tsv.gz	121	negative	6	8	-0.610176916443837	0.030611278190279773	0.875	True	MODERATE_RISK_ENVIRONMENTAL
Chelatococcus	preprocessing_sensitivity	Model_0	CLR_genus ~ standardized_Moffitt50_contrast	59	0.23046210006980167	0.1402757994369842	-0.05043534307719211	0.5113595432167954	1.642921309269256	0.10590505951612672	0.07056728329969741	0.05426144616460438	0.07056728329969741	0.07592511220201857	0.013155577372158373	3.7041430943279535e-05	2.70938366022051	0.2672287950230611	0.09334721047780775	40.57341669487748	43.65395790985531	121_genus_tests_Moffitt50_MICRO_SENS_EXCLUDE_EXTREME	relative_compositional_CLR_association_not_absolute_load	0.21007397051559562	61	MICRO_SENS_EXCLUDE_EXTREME	03_processed/microbiome/sensitivity/MICRO_SENS_EXCLUDE_EXTREME_centered_log_ratio.tsv.gz	121	positive	61	7	-0.35943713101054353	0.45352436596998374	0.8571428571428571	True	LOW_CURRENT_CONCERN
Bordetella	preprocessing_sensitivity	Model_0	CLR_genus ~ standardized_Moffitt50_contrast	59	-0.07952400771832864	0.12259087077333172	-0.32500799206633285	0.16595997662967554	-0.6486943702795543	0.519141013652273	0.004627962459292423	-0.012834704865983149	0.004627962459292423	0.004649480078551186	1.1405475707952771e-07	0.06137880993836295	2.7454231954581276	0.10688714454443904	0.09334721047780775	78.88966645970812	79.25646239231605	121_genus_tests_Moffitt50_MICRO_SENS_EXCLUDE_EXTREME	relative_compositional_CLR_association_not_absolute_load	0.7138188937718755	88	MICRO_SENS_EXCLUDE_EXTREME	03_processed/microbiome/sensitivity/MICRO_SENS_EXCLUDE_EXTREME_centered_log_ratio.tsv.gz	121	negative	88	9	-0.15801591206741342	0.15808509814265914	0.8888888888888888	True	LOW_CURRENT_CONCERN
Kocuria	preprocessing_sensitivity	Model_0	CLR_genus ~ standardized_Moffitt50_contrast	59	0.08203008655403657	0.22507293242640544	-0.3686706864511792	0.5327308595592524	0.3644600248893049	0.716863162186129	0.0024923913820922294	-0.015007742102432609	0.0024923913820922294	0.002498618918351461	0.0071287597255603	0.4630932611700055	2.198791885303494	0.14137872236510904	0.09334721047780775	156.1975829676213	156.58786120342495	121_genus_tests_Moffitt50_MICRO_SENS_EXCLUDE_EXTREME	relative_compositional_CLR_association_not_absolute_load	0.8699200846586734	99	MICRO_SENS_EXCLUDE_EXTREME	03_processed/microbiome/sensitivity/MICRO_SENS_EXCLUDE_EXTREME_centered_log_ratio.tsv.gz	121	positive	99	9	-0.029317548333144244	0.08203008655403657	0.8888888888888888	True	LOW_CURRENT_CONCERN
Bosea	preprocessing_sensitivity	Model_0	CLR_genus ~ standardized_Moffitt50_contrast	59	0.3967405919874287	0.18733400525836458	0.021610717106913813	0.7718704668679437	2.1178247453806254	0.03856346085079979	0.08283546414310416	0.06674485825087784	0.08283546414310416	0.09031690705933366	0.02122178552204513	0.3477066055588699	3.2616721403355435	0.17144887302231823	0.09334721047780775	101.08162405487936	110.21100370005038	121_genus_tests_Moffitt50_MICRO_SENS_EXCLUDE_EXTREME	relative_compositional_CLR_association_not_absolute_load	0.09928039921163351	47	MICRO_SENS_EXCLUDE_EXTREME	03_processed/microbiome/sensitivity/MICRO_SENS_EXCLUDE_EXTREME_centered_log_ratio.tsv.gz	121	positive	47	9	0.22389621387352693	0.7115024363829625	1.0	False	LOW_CURRENT_CONCERN
Phenylobacterium	preprocessing_sensitivity	Model_0	CLR_genus ~ standardized_Moffitt50_contrast	59	0.02115795957470589	0.18981438591823627	-0.3589387919030955	0.4012547110525073	0.111466575477687	0.9116379600447055	0.00031866208572095545	-0.01721960700049463	0.00031866208572095545	0.00031876366361485503	0.03606868899102327	0.9621773822190829	2.340587002117734	0.22146782790958325	0.09334721047780775	81.45293726621853	81.47890150291367	121_genus_tests_Moffitt50_MICRO_SENS_EXCLUDE_EXTREME	relative_compositional_CLR_association_not_absolute_load	0.9676157295211348	114	MICRO_SENS_EXCLUDE_EXTREME	03_processed/microbiome/sensitivity/MICRO_SENS_EXCLUDE_EXTREME_centered_log_ratio.tsv.gz	121	positive	114	9	-0.21706339432744476	0.06043358537804597	0.6666666666666666	True	LOW_CURRENT_CONCERN
Xanthomonas	preprocessing_sensitivity	Model_0	CLR_genus ~ standardized_Moffitt50_contrast	59	0.06719705889713129	0.19740201193976806	-0.3280936516068052	0.4624877694010678	0.34040716321389203	0.7348013184965464	0.001921991598668682	-0.015588148899600363	0.001921991598668682	0.0019256927639826737	0.07783167964665308	0.15750656792841744	2.1973657862321487	0.12475809491348357	0.09334721047780775	136.0008195050513	136.26271529906793	121_genus_tests_Moffitt50_MICRO_SENS_EXCLUDE_EXTREME	relative_compositional_CLR_association_not_absolute_load	0.8716760739027658	102	MICRO_SENS_EXCLUDE_EXTREME	03_processed/microbiome/sensitivity/MICRO_SENS_EXCLUDE_EXTREME_centered_log_ratio.tsv.gz	121	positive	102	9	-0.12549556930516964	0.1685307743332001	0.8888888888888888	True	LOW_CURRENT_CONCERN
Azospira	preprocessing_sensitivity	Model_0	CLR_genus ~ standardized_Moffitt50_contrast	59	-0.06741675806941141	0.15329957413314815	-0.3743938601950617	0.23956034405623886	-0.4397713330296448	0.6617656981007125	0.0027283838918126246	-0.014767609373243396	0.0027283838918126246	0.002735848336343948	0.00013757759423659092	0.04158349544873595	2.091234322341118	0.10869497513432472	0.09334721047780775	96.3544338610878	96.61804497866599	121_genus_tests_Moffitt50_MICRO_SENS_EXCLUDE_EXTREME	relative_compositional_CLR_association_not_absolute_load	0.8341005153144397	96	MICRO_SENS_EXCLUDE_EXTREME	03_processed/microbiome/sensitivity/MICRO_SENS_EXCLUDE_EXTREME_centered_log_ratio.tsv.gz	121	negative	96	9	-0.07620677347319324	-0.009782914418844477	1.0	False	LOW_CURRENT_CONCERN
Deinococcus	preprocessing_sensitivity	Model_0	CLR_genus ~ standardized_Moffitt50_contrast	59	-0.026266702287555614	0.16188610971866976	-0.350438045338186	0.29790464076307477	-0.16225420657277284	0.8716794981117398	0.0006243541444043155	-0.016908551923237702	0.0006243541444043155	0.0006247442060385482	0.002439928274139042	0.019167761584027228	2.456922312704639	0.1302011796739878	0.09334721047780775	64.05261426819074	64.0926307678364	121_genus_tests_Moffitt50_MICRO_SENS_EXCLUDE_EXTREME	relative_compositional_CLR_association_not_absolute_load	0.9417251720671475	112	MICRO_SENS_EXCLUDE_EXTREME	03_processed/microbiome/sensitivity/MICRO_SENS_EXCLUDE_EXTREME_centered_log_ratio.tsv.gz	121	negative	112	9	-0.22986178284624154	0.031810294018513485	0.8888888888888888	True	LOW_CURRENT_CONCERN
Hydrogenophaga	preprocessing_sensitivity	Model_0	CLR_genus ~ standardized_Moffitt50_contrast	59	-0.2922602963043608	0.0741608700064278	-0.4407648769232029	-0.14375571568551868	-3.9408962742620126	0.00022413636535943647	0.1632195888448157	0.1485392307543738	0.1632195888448157	0.1950566560461057	3.998721257080028e-05	0.8152146606227851	5.922535506801443	0.22843416441812048	0.09334721047780775	25.398429290164394	30.35256197632733	121_genus_tests_Moffitt50_MICRO_SENS_EXCLUDE_EXTREME	relative_compositional_CLR_association_not_absolute_load	0.0017001778149197272	15	MICRO_SENS_EXCLUDE_EXTREME	03_processed/microbiome/sensitivity/MICRO_SENS_EXCLUDE_EXTREME_centered_log_ratio.tsv.gz	121	negative	15	9	-0.44695758884248316	0.13991111124886363	0.8888888888888888	True	LOW_CURRENT_CONCERN
Porphyrobacter	preprocessing_sensitivity	Model_0	CLR_genus ~ standardized_Moffitt50_contrast	59	-0.1530019892048185	0.07118976890246707	-0.29555704248691783	-0.010446935922719142	-2.1492131743598937	0.03587669136348841	0.0460935064995629	0.02935830485920432	0.0460935064995629	0.04832078071973181	5.603271459140489e-08	0.3328408976450666	4.975185187516531	0.2684483295123408	0.09334721047780775	28.09882796620803	29.456585270844645	121_genus_tests_Moffitt50_MICRO_SENS_EXCLUDE_EXTREME	relative_compositional_CLR_association_not_absolute_load	0.09437129684743689	46	MICRO_SENS_EXCLUDE_EXTREME	03_processed/microbiome/sensitivity/MICRO_SENS_EXCLUDE_EXTREME_centered_log_ratio.tsv.gz	121	negative	46	9	-0.2765363425352776	0.20037411264436958	0.8888888888888888	True	LOW_CURRENT_CONCERN
Aromatoleum	preprocessing_sensitivity	Model_0	CLR_genus ~ standardized_Moffitt50_contrast	59	0.3095849257095549	0.1483200388432241	0.012579171005298206	0.6065906804138117	2.0872764605785306	0.04134518412542968	0.05220508443197969	0.03557710345710208	0.05220508443197969	0.05508057025257706	0.0016665786075154038	0.7737033848248123	2.337535761807664	0.06925323903071395	0.09334721047780775	100.92277359605143	106.48165751719368	121_genus_tests_Moffitt50_MICRO_SENS_EXCLUDE_EXTREME	relative_compositional_CLR_association_not_absolute_load	0.10422431831618732	48	MICRO_SENS_EXCLUDE_EXTREME	03_processed/microbiome/sensitivity/MICRO_SENS_EXCLUDE_EXTREME_centered_log_ratio.tsv.gz	121	positive	48	9	-0.29320953734121424	0.491506412046362	0.8888888888888888	True	LOW_CURRENT_CONCERN
Microbacterium	preprocessing_sensitivity	Model_0	CLR_genus ~ standardized_Moffitt50_contrast	59	0.37048917625192834	0.16521397044267458	0.03965390704814714	0.7013244454557095	2.242480918891054	0.02883650232054009	0.06832682903037979	0.05198168568003547	0.06832682903037979	0.07333776603148291	0.11454361163275213	0.5905051526502927	2.455601793716034	0.17236621362216137	0.09334721047780775	108.55538359775827	116.51659292150852	121_genus_tests_Moffitt50_MICRO_SENS_EXCLUDE_EXTREME	relative_compositional_CLR_association_not_absolute_load	0.08723041951963377	40	MICRO_SENS_EXCLUDE_EXTREME	03_processed/microbiome/sensitivity/MICRO_SENS_EXCLUDE_EXTREME_centered_log_ratio.tsv.gz	121	positive	40	9	-0.08520596426249223	0.5160267710139143	0.8888888888888888	True	LOW_CURRENT_CONCERN
Mitsuaria	preprocessing_sensitivity	Model_0	CLR_genus ~ standardized_Moffitt50_contrast	59	0.09011099739151004	0.1764578625198124	-0.26323977732473547	0.4434617721077556	0.5106658105494876	0.6115572581639726	0.006384750580190057	-0.011047095900859283	0.006384750580190057	0.006425777567240669	0.0005758842644621116	0.0006339367306069407	2.52617255325012	0.18131508638418223	0.09334721047780775	73.29222376958496	73.76318329693673	121_genus_tests_Moffitt50_MICRO_SENS_EXCLUDE_EXTREME	relative_compositional_CLR_association_not_absolute_load	0.795682024062803	93	MICRO_SENS_EXCLUDE_EXTREME	03_processed/microbiome/sensitivity/MICRO_SENS_EXCLUDE_EXTREME_centered_log_ratio.tsv.gz	121	positive	93	7	-0.13146021074424055	0.12727482329082404	0.8571428571428571	True	LOW_CURRENT_CONCERN
Pandoraea	preprocessing_sensitivity	Model_0	CLR_genus ~ standardized_Moffitt50_contrast	59	0.4422365355309109	0.08730030684012927	0.2674206864980456	0.6170523845637762	5.065692796942478	4.574660975698913e-06	0.3354300774274017	0.3237709559787596	0.3354300774274017	0.5047325586582787	0.08221142895109322	0.04601539216979121	4.2500873812191475	0.3319578569598346	0.09334721047780775	22.47376893010372	33.817011824889896	121_genus_tests_Moffitt50_MICRO_SENS_EXCLUDE_EXTREME	relative_compositional_CLR_association_not_absolute_load	0.00012542240900518658	4	MICRO_SENS_EXCLUDE_EXTREME	03_processed/microbiome/sensitivity/MICRO_SENS_EXCLUDE_EXTREME_centered_log_ratio.tsv.gz	121	positive	4	9	-0.5456379311439243	0.8742960847593249	0.8888888888888888	True	LOW_CURRENT_CONCERN
Rhodococcus	preprocessing_sensitivity	Model_0	CLR_genus ~ standardized_Moffitt50_contrast	59	-0.08223520720025036	0.17354200230413247	-0.42974707255047595	0.26527665814997525	-0.4738634227357427	0.637407408782299	0.004010020446278295	-0.013463487966944854	0.004010020446278295	0.004026165452061159	0.0006880371695029529	0.8417507973563831	2.644237820886237	0.09029551758224535	0.09334721047780775	97.42085968890387	97.81309218849343	121_genus_tests_Moffitt50_MICRO_SENS_EXCLUDE_EXTREME	relative_compositional_CLR_association_not_absolute_load	0.811855752238507	95	MICRO_SENS_EXCLUDE_EXTREME	03_processed/microbiome/sensitivity/MICRO_SENS_EXCLUDE_EXTREME_centered_log_ratio.tsv.gz	121	negative	95	9	-0.14268623077401146	-0.028207831559175084	1.0	False	LOW_CURRENT_CONCERN
Streptococcus	preprocessing_sensitivity	Model_0	CLR_genus ~ standardized_Moffitt50_contrast	59	0.34321507499332954	0.14677172067086883	0.049309773949206825	0.6371203760374522	2.3384278212761367	0.022896348204613098	0.05939986905341388	0.04289811237014041	0.05939986905341388	0.06315103209015716	0.0004701202472012999	0.8834558390940208	2.5334584336776707	0.0873778576476827	0.09334721047780775	108.18828862529594	115.0204907120512	121_genus_tests_Moffitt50_MICRO_SENS_EXCLUDE_EXTREME	relative_compositional_CLR_association_not_absolute_load	0.0748772468313023	37	MICRO_SENS_EXCLUDE_EXTREME	03_processed/microbiome/sensitivity/MICRO_SENS_EXCLUDE_EXTREME_centered_log_ratio.tsv.gz	121	positive	37	9	-0.32746799762473516	0.5624492567048618	0.8888888888888888	True	LOW_CURRENT_CONCERN
Rhizorhabdus	preprocessing_sensitivity	Model_0	CLR_genus ~ standardized_Moffitt50_contrast	59	-0.3108913768495253	0.08098276475603995	-0.47305656607138435	-0.14872618762766618	-3.838982007913456	0.00031218939266778125	0.10668411215331497	0.0910119035946011	0.10668411215331497	0.11942484579612066	3.094599075438159e-08	0.8586850268608129	5.235897328685583	0.17978227224279408	0.09334721047780775	46.94081837153953	52.546718367104354	121_genus_tests_Moffitt50_MICRO_SENS_EXCLUDE_EXTREME	relative_compositional_CLR_association_not_absolute_load	0.0020986064729334184	18	MICRO_SENS_EXCLUDE_EXTREME	03_processed/microbiome/sensitivity/MICRO_SENS_EXCLUDE_EXTREME_centered_log_ratio.tsv.gz	121	negative	18	9	-0.45101556253195624	0.11880202223864327	0.8888888888888888	True	LOW_CURRENT_CONCERN
Citromicrobium	preprocessing_sensitivity	Model_0	CLR_genus ~ standardized_Moffitt50_contrast	59	0.02853999328883878	0.14728716286250118	-0.266397462940289	0.32347744951796653	0.19377108455461306	0.8470440178402397	0.0008923185638965991	-0.016635886373578934	0.0008923185638965991	0.000893115507443595	0.0592782585013974	0.22258141925019784	2.5286206533019207	0.14449355091715488	0.09334721047780775	52.8966412384922	52.94388404907397	121_genus_tests_Moffitt50_MICRO_SENS_EXCLUDE_EXTREME	relative_compositional_CLR_association_not_absolute_load	0.9413710652165825	108	MICRO_SENS_EXCLUDE_EXTREME	03_processed/microbiome/sensitivity/MICRO_SENS_EXCLUDE_EXTREME_centered_log_ratio.tsv.gz	121	positive	108	8	-0.24433764086255402	0.08801287332680278	0.625	True	LOW_CURRENT_CONCERN
Massilia	preprocessing_sensitivity	Model_0	CLR_genus ~ standardized_Moffitt50_contrast	59	0.19528373213104352	0.14058341127038432	-0.0862296930872031	0.4767971573492902	1.3890951312559487	0.1702071965211612	0.026188630204449503	0.009104220208036251	0.026188630204449503	0.026892918912979777	5.325854782144658e-06	0.001653216542511984	2.1298357111102484	0.08510512603672389	0.09334721047780775	82.2474011537722	84.4592738438039	121_genus_tests_Moffitt50_MICRO_SENS_EXCLUDE_EXTREME	relative_compositional_CLR_association_not_absolute_load	0.2984792866530508	69	MICRO_SENS_EXCLUDE_EXTREME	03_processed/microbiome/sensitivity/MICRO_SENS_EXCLUDE_EXTREME_centered_log_ratio.tsv.gz	121	positive	69	9	0.06097083215404797	0.20851399837116188	1.0	False	LOW_CURRENT_CONCERN
Candida	preprocessing_sensitivity	Model_0	CLR_genus ~ standardized_Moffitt50_contrast	59	-1.213668771434239	0.24215742649312597	-1.6985806536975248	-0.7287568891709532	-5.011899857916151	5.555271642995491e-06	0.2819451261097692	0.2693476721818704	0.2819451261097692	0.39265122536146196	0.002517277891389182	0.00031906343850514725	3.0119683380357216	0.1350401588651231	0.09334721047780775	217.58121180731044	303.01474123908275	121_genus_tests_Moffitt50_MICRO_SENS_EXCLUDE_EXTREME	relative_compositional_CLR_association_not_absolute_load	0.00012542240900518658	5	MICRO_SENS_EXCLUDE_EXTREME	03_processed/microbiome/sensitivity/MICRO_SENS_EXCLUDE_EXTREME_centered_log_ratio.tsv.gz	121	negative	5	9	-1.659106789594824	0.04321095299072192	0.8888888888888888	True	LOW_CURRENT_CONCERN
Ramlibacter	preprocessing_sensitivity	Model_0	CLR_genus ~ standardized_Moffitt50_contrast	59	-0.3843978731158808	0.09850949667665648	-0.5816597376230277	-0.18713600860873397	-3.9021402614370526	0.00025436072973684373	0.26181825034683104	0.24886769333537184	0.26181825034683104	0.35467992871653226	0.11701405034313625	0.07612778382459667	3.1304063302790888	0.19572226559896583	0.09334721047780775	24.16313793865173	32.73331798030046	121_genus_tests_Moffitt50_MICRO_SENS_EXCLUDE_EXTREME	relative_compositional_CLR_association_not_absolute_load	0.0018104498998916523	17	MICRO_SENS_EXCLUDE_EXTREME	03_processed/microbiome/sensitivity/MICRO_SENS_EXCLUDE_EXTREME_centered_log_ratio.tsv.gz	121	negative	17	9	-0.5581009449099799	0.0826983858998724	0.8888888888888888	True	LOW_CURRENT_CONCERN
Caulobacter	preprocessing_sensitivity	Model_0	CLR_genus ~ standardized_Moffitt50_contrast	59	-0.13977143729723127	0.04510527270367087	-0.2300931879182337	-0.04944968667622886	-3.098782668170323	0.0030158612629401526	0.10691077279989902	0.09124254074375682	0.10691077279989902	0.11970894905436492	0.0012543811526879041	0.8573840622679636	4.882281958530139	0.14999220408250583	0.09334721047780775	9.465384005377718	10.59847517705748	121_genus_tests_Moffitt50_MICRO_SENS_EXCLUDE_EXTREME	relative_compositional_CLR_association_not_absolute_load	0.014596768512630339	25	MICRO_SENS_EXCLUDE_EXTREME	03_processed/microbiome/sensitivity/MICRO_SENS_EXCLUDE_EXTREME_centered_log_ratio.tsv.gz	121	negative	25	7	-0.3141267058656657	0.3267041949783222	0.8571428571428571	True	HIGH_RISK_POTENTIAL_CONTAMINANT
Bacteroides	preprocessing_sensitivity	Model_0	CLR_genus ~ standardized_Moffitt50_contrast	59	0.26831805908242334	0.3076429125482516	-0.3477262470911344	0.8843623652559811	0.8721737057418463	0.38677275447445103	0.014996539325824565	-0.0022842231421433823	0.014996539325824565	0.015224859530503922	0.023638503032719454	0.15297877591087913	2.440458166672237	0.17686667359558322	0.09334721047780775	274.26760028621106	278.4432859743371	121_genus_tests_Moffitt50_MICRO_SENS_EXCLUDE_EXTREME	relative_compositional_CLR_association_not_absolute_load	0.5707256498952266	82	MICRO_SENS_EXCLUDE_EXTREME	03_processed/microbiome/sensitivity/MICRO_SENS_EXCLUDE_EXTREME_centered_log_ratio.tsv.gz	121	positive	82	9	0.2085361443718291	0.3629281165357989	1.0	False	LOW_CURRENT_CONCERN
Enterococcus	preprocessing_sensitivity	Model_0	CLR_genus ~ standardized_Moffitt50_contrast	59	-0.062021464618475526	0.16173700159247356	-0.3858942237966984	0.26185129455974737	-0.3834710920062073	0.7027970794019199	0.002373471978275421	-0.015128747811579357	0.002373471978275421	0.002379118749961444	2.2281332498304347e-05	0.19008302723530604	2.9811505130367055	0.10882495400912856	0.09334721047780775	93.77690805137726	94.00001445163568	121_genus_tests_Moffitt50_MICRO_SENS_EXCLUDE_EXTREME	relative_compositional_CLR_association_not_absolute_load	0.8699200846586734	97	MICRO_SENS_EXCLUDE_EXTREME	03_processed/microbiome/sensitivity/MICRO_SENS_EXCLUDE_EXTREME_centered_log_ratio.tsv.gz	121	negative	97	7	-0.2298813209184645	-0.012890142506474578	1.0	False	LOW_CURRENT_CONCERN
Laribacter	preprocessing_sensitivity	Model_0	CLR_genus ~ standardized_Moffitt50_contrast	59	0.13342478428136642	0.1505553761437968	-0.16805715615715197	0.4349067247198848	0.8862173354336493	0.3792241706775824	0.01984739551025949	0.0026517357823692134	0.01984739551025949	0.02024929120153885	0.07876422230011658	0.00012021607543411539	2.6006621669273744	0.18917403093247898	0.09334721047780775	50.990724921385095	52.02325095889578	121_genus_tests_Moffitt50_MICRO_SENS_EXCLUDE_EXTREME	relative_compositional_CLR_association_not_absolute_load	0.5664953660739194	81	MICRO_SENS_EXCLUDE_EXTREME	03_processed/microbiome/sensitivity/MICRO_SENS_EXCLUDE_EXTREME_centered_log_ratio.tsv.gz	121	positive	81	7	-0.23930810783405404	0.25523828637123697	0.8571428571428571	True	LOW_CURRENT_CONCERN
Variovorax	preprocessing_sensitivity	Model_0	CLR_genus ~ standardized_Moffitt50_contrast	59	-0.3365960903464381	0.08543113946869704	-0.5076689962803766	-0.1655231844124996	-3.9399695759620625	0.0002248169011464102	0.25406903201014797	0.24098252379979967	0.25406903201014797	0.3406066283785183	0.219003066647782	0.31374271426721656	3.0561438945030517	0.1695971838906519	0.09334721047780775	19.292700959462177	25.863922785579607	121_genus_tests_Moffitt50_MICRO_SENS_EXCLUDE_EXTREME	relative_compositional_CLR_association_not_absolute_load	0.0017001778149197272	16	MICRO_SENS_EXCLUDE_EXTREME	03_processed/microbiome/sensitivity/MICRO_SENS_EXCLUDE_EXTREME_centered_log_ratio.tsv.gz	121	negative	16	9	-0.5062890166792315	0.13460549111784675	0.8888888888888888	True	LOW_CURRENT_CONCERN
Pseudomonas	preprocessing_sensitivity	Model_0	CLR_genus ~ standardized_Moffitt50_contrast	59	0.10465127797399187	0.07031894371387855	-0.03615997794687839	0.24546253389486214	1.4882373432656852	0.1422002318828761	0.04360373991910371	0.026824858163298493	0.04360373991910371	0.04559170893810847	0.005728675983306867	0.11819286250134892	3.878179058564459	0.1453146802303141	0.09334721047780775	13.932568743902799	14.567778362835007	121_genus_tests_Moffitt50_MICRO_SENS_EXCLUDE_EXTREME	relative_compositional_CLR_association_not_absolute_load	0.2607004251186062	66	MICRO_SENS_EXCLUDE_EXTREME	03_processed/microbiome/sensitivity/MICRO_SENS_EXCLUDE_EXTREME_centered_log_ratio.tsv.gz	121	positive	66	9	-0.08549070714273956	0.5553197543428676	0.8888888888888888	True	BIOLOGICALLY_PLAUSIBLE_BUT_CONTAMINATION_SENSITIVE
Methylobacterium	preprocessing_sensitivity	Model_0	CLR_genus ~ standardized_Moffitt50_contrast	59	0.2237859584780278	0.12533469311852433	-0.02719243534265542	0.474764352298711	1.7855068928632696	0.07949950013882133	0.031103224178610778	0.014105035129112653	0.031103224178610778	0.032101690246871546	7.649822090926708e-06	0.0227055138214991	2.3105401616159273	0.07565112945425995	0.09334721047780775	90.48274343046427	93.38739243275617	121_genus_tests_Moffitt50_MICRO_SENS_EXCLUDE_EXTREME	relative_compositional_CLR_association_not_absolute_load	0.16585240546202382	58	MICRO_SENS_EXCLUDE_EXTREME	03_processed/microbiome/sensitivity/MICRO_SENS_EXCLUDE_EXTREME_centered_log_ratio.tsv.gz	121	positive	58	9	0.1933856744331671	0.26302630389204706	1.0	False	BIOLOGICALLY_PLAUSIBLE_BUT_CONTAMINATION_SENSITIVE
Elizabethkingia	preprocessing_sensitivity	Model_0	CLR_genus ~ standardized_Moffitt50_contrast	59	0.3071316631220572	0.1714591918722139	-0.0362094462800005	0.6504727725241148	1.7912814108616473	0.07855767694820243	0.05510318667274572	0.038526049596828926	0.05510318667274572	0.05831661816988407	0.027986370960681666	0.37830707760750515	3.4368013235755255	0.18162587942427513	0.09334721047780775	93.8177137879441	99.28884558048712	121_genus_tests_Moffitt50_MICRO_SENS_EXCLUDE_EXTREME	relative_compositional_CLR_association_not_absolute_load	0.16585240546202382	57	MICRO_SENS_EXCLUDE_EXTREME	03_processed/microbiome/sensitivity/MICRO_SENS_EXCLUDE_EXTREME_centered_log_ratio.tsv.gz	121	positive	57	7	0.19333376074063405	0.834203814164222	1.0	False	HIGH_RISK_POTENTIAL_CONTAMINANT
Tessaracoccus	preprocessing_sensitivity	Model_0	CLR_genus ~ standardized_Moffitt50_contrast	59	-0.13342394088913545	0.08292084881865898	-0.2994700765035916	0.03262219472532066	-1.6090517980697778	0.11313022725032394	0.04635603558804402	0.0296254397211676	0.04635603558804402	0.04860937343280778	0.4116261237368821	0.8881383027000582	3.693576837207378	0.12410327578688495	0.09334721047780775	21.24102639516031	22.273539379298782	121_genus_tests_Moffitt50_MICRO_SENS_EXCLUDE_EXTREME	relative_compositional_CLR_association_not_absolute_load	0.21781524603750266	62	MICRO_SENS_EXCLUDE_EXTREME	03_processed/microbiome/sensitivity/MICRO_SENS_EXCLUDE_EXTREME_centered_log_ratio.tsv.gz	121	negative	62	9	-0.3014307485195948	0.3396662970328276	0.8888888888888888	True	LOW_CURRENT_CONCERN
Agrobacterium	preprocessing_sensitivity	Model_0	CLR_genus ~ standardized_Moffitt50_contrast	59	-0.23888257573934982	0.10925775021933802	-0.45766744671341864	-0.020097704765281	-2.1864130943551947	0.03290583187405819	0.08561841383911828	0.06957663162576944	0.08561841383911828	0.09363532154950249	0.029462062730502767	0.13015232793367634	3.9011857778316292	0.18868100047080202	0.09334721047780775	35.34738039830885	38.65714372783708	121_genus_tests_Moffitt50_MICRO_SENS_EXCLUDE_EXTREME	relative_compositional_CLR_association_not_absolute_load	0.09049103765366003	44	MICRO_SENS_EXCLUDE_EXTREME	03_processed/microbiome/sensitivity/MICRO_SENS_EXCLUDE_EXTREME_centered_log_ratio.tsv.gz	121	negative	44	9	-0.4096484481680811	0.2311776858832548	0.8888888888888888	True	LOW_CURRENT_CONCERN
Azospirillum	preprocessing_sensitivity	Model_0	CLR_genus ~ standardized_Moffitt50_contrast	59	0.09785907362068681	0.18033379465846977	-0.263253121325776	0.4589712685671496	0.5426552122746597	0.5894828167280683	0.006112271282225801	-0.011324355537384312	0.006112271282225801	0.00614986090039698	0.014763280751864494	0.42023011814085764	2.233690270144812	0.1987174962269335	0.09334721047780775	90.31604288453528	90.87147398534943	121_genus_tests_Moffitt50_MICRO_SENS_EXCLUDE_EXTREME	relative_compositional_CLR_association_not_absolute_load	0.775298052435829	92	MICRO_SENS_EXCLUDE_EXTREME	03_processed/microbiome/sensitivity/MICRO_SENS_EXCLUDE_EXTREME_centered_log_ratio.tsv.gz	121	positive	92	9	-0.20345224187648708	0.23705431387501902	0.8888888888888888	True	LOW_CURRENT_CONCERN
Clostridium	preprocessing_sensitivity	Model_0	CLR_genus ~ standardized_Moffitt50_contrast	59	-0.3275968701884152	0.2606499881092226	-0.8495394683417451	0.19434572796491467	-1.256845904980971	0.21393552828903842	0.02594472671189063	0.008856037706836073	0.02594472671189063	0.02663578487112878	4.306608004466562e-10	0.467252749161448	3.7314357545117876	0.19391953570535447	0.09334721047780775	233.69099776245986	239.9155409051801	121_genus_tests_Moffitt50_MICRO_SENS_EXCLUDE_EXTREME	relative_compositional_CLR_association_not_absolute_load	0.3573324428275434	72	MICRO_SENS_EXCLUDE_EXTREME	03_processed/microbiome/sensitivity/MICRO_SENS_EXCLUDE_EXTREME_centered_log_ratio.tsv.gz	121	negative	72	7	-0.41688453664955655	-0.17447146947156106	1.0	False	LOW_CURRENT_CONCERN
Ensifer	preprocessing_sensitivity	Model_0	CLR_genus ~ standardized_Moffitt50_contrast	59	0.43623969513788624	0.160578611717138	0.11468657167341523	0.7577928186023573	2.7166737243085026	0.00871588072347002	0.11783221321402892	0.10235558537567846	0.11783221321402892	0.13357120377669948	0.3821000924105397	0.321498166091641	2.805384332513294	0.16858040840551006	0.09334721047780775	82.63528246750118	93.67297662111292	121_genus_tests_Moffitt50_MICRO_SENS_EXCLUDE_EXTREME	relative_compositional_CLR_association_not_absolute_load	0.031141923399854495	33	MICRO_SENS_EXCLUDE_EXTREME	03_processed/microbiome/sensitivity/MICRO_SENS_EXCLUDE_EXTREME_centered_log_ratio.tsv.gz	121	positive	33	9	-0.18286826333619935	0.7006069735000906	0.8888888888888888	True	LOW_CURRENT_CONCERN
Roseomonas	preprocessing_sensitivity	Model_0	CLR_genus ~ standardized_Moffitt50_contrast	59	-0.0010848606149457243	0.17036246594162335	-0.34222981422268706	0.3400600929927956	-0.006367955576068406	0.9949413760345829	1.1911368511530185e-06	-0.01754264761513391	1.1911368511530185e-06	1.1911382699617067e-06	0.0026650157562969944	0.017074973877339736	2.995562495149572	0.2543139551581696	0.09334721047780775	57.30779526443502	57.30786352594314	121_genus_tests_Moffitt50_MICRO_SENS_EXCLUDE_EXTREME	relative_compositional_CLR_association_not_absolute_load	0.9963008661669791	120	MICRO_SENS_EXCLUDE_EXTREME	03_processed/microbiome/sensitivity/MICRO_SENS_EXCLUDE_EXTREME_centered_log_ratio.tsv.gz	121	negative	120	7	-0.2087329530620105	-0.0010848606149457243	1.0	False	LOW_CURRENT_CONCERN
Croceicoccus	preprocessing_sensitivity	Model_0	CLR_genus ~ standardized_Moffitt50_contrast	59	0.044274607556976174	0.20114328278253465	-0.358507868583453	0.4470570836974053	0.22011477064756624	0.8265682262140064	0.0009147001399938404	-0.016613112138252006	0.0009147001399938404	0.0009155375823485842	7.052290211686279e-07	0.023448856178988762	2.32404010427986	0.2001279113361984	0.09334721047780775	124.1827456380016	124.29643960871243	121_genus_tests_Moffitt50_MICRO_SENS_EXCLUDE_EXTREME	relative_compositional_CLR_association_not_absolute_load	0.9413710652165825	105	MICRO_SENS_EXCLUDE_EXTREME	03_processed/microbiome/sensitivity/MICRO_SENS_EXCLUDE_EXTREME_centered_log_ratio.tsv.gz	121	positive	105	9	0.029793905760261908	0.06587150090441082	1.0	False	LOW_CURRENT_CONCERN
Rhodobacter	preprocessing_sensitivity	Model_0	CLR_genus ~ standardized_Moffitt50_contrast	59	0.25061356000123486	0.2223258683725443	-0.19458631212166405	0.6958134321241338	1.1272352688230134	0.26436600071868555	0.025121246992186097	0.00801811097450511	0.025121246992186097	0.02576858600587918	0.0016171469829081378	0.7644503133659606	1.9626009391690336	0.1888391222585233	0.09334721047780775	141.36651012381404	145.00932519829053	121_genus_tests_Moffitt50_MICRO_SENS_EXCLUDE_EXTREME	relative_compositional_CLR_association_not_absolute_load	0.43227413631028316	74	MICRO_SENS_EXCLUDE_EXTREME	03_processed/microbiome/sensitivity/MICRO_SENS_EXCLUDE_EXTREME_centered_log_ratio.tsv.gz	121	positive	74	9	-0.043015260923906576	0.3474735820889823	0.8888888888888888	True	LOW_CURRENT_CONCERN
Micrococcus	preprocessing_sensitivity	Model_0	CLR_genus ~ standardized_Moffitt50_contrast	59	0.016084264447768632	0.2813322685017339	-0.5472738858109367	0.5794424147064741	0.05717177248606128	0.9546083120985361	7.481524520969174e-05	-0.017467731855751678	7.481524520969174e-05	7.482084294940379e-05	0.00013713925148640946	0.9843717644995842	1.9027542851760961	0.13251657160032823	0.09334721047780775	200.5431381470846	200.55814295372846	121_genus_tests_Moffitt50_MICRO_SENS_EXCLUDE_EXTREME	relative_compositional_CLR_association_not_absolute_load	0.9735939748377461	117	MICRO_SENS_EXCLUDE_EXTREME	03_processed/microbiome/sensitivity/MICRO_SENS_EXCLUDE_EXTREME_centered_log_ratio.tsv.gz	121	positive	117	9	-0.11824482363478143	0.06125927896510893	0.7777777777777778	True	LOW_CURRENT_CONCERN
Bradyrhizobium	preprocessing_sensitivity	Model_0	CLR_genus ~ standardized_Moffitt50_contrast	59	0.09626420366575565	0.12071134669809278	-0.1454560986416767	0.33798450597318797	0.7974743576220629	0.4284852649790284	0.010457428092492838	-0.006902967905884516	0.010457428092492838	0.010567941581668804	0.3594200339040003	0.1635867316820552	2.5149825864089776	0.09536122199403331	0.09334721047780775	50.858931843608424	51.396406064237745	121_genus_tests_Moffitt50_MICRO_SENS_EXCLUDE_EXTREME	relative_compositional_CLR_association_not_absolute_load	0.6099613772054404	85	MICRO_SENS_EXCLUDE_EXTREME	03_processed/microbiome/sensitivity/MICRO_SENS_EXCLUDE_EXTREME_centered_log_ratio.tsv.gz	121	positive	85	9	-0.05220776042730265	0.588719273938456	0.8888888888888888	True	BIOLOGICALLY_PLAUSIBLE_BUT_CONTAMINATION_SENSITIVE
Aquabacterium	preprocessing_sensitivity	Model_0	CLR_genus ~ standardized_Moffitt50_contrast	59	-0.20434918402564925	0.10680616856980402	-0.41822484742589455	0.009526479374596053	-1.9132713658958305	0.060740745401825884	0.034550241344810995	0.01761252628068477	0.034550241344810995	0.03578667976771501	6.547305320156552e-08	0.35526999145035043	3.6578159483100894	0.15598659831992306	0.09334721047780775	67.67876143899913	70.10075960169216	121_genus_tests_Moffitt50_MICRO_SENS_EXCLUDE_EXTREME	relative_compositional_CLR_association_not_absolute_load	0.13610426284483207	54	MICRO_SENS_EXCLUDE_EXTREME	03_processed/microbiome/sensitivity/MICRO_SENS_EXCLUDE_EXTREME_centered_log_ratio.tsv.gz	121	negative	54	9	-0.31610622843601016	0.09838843324846691	0.8888888888888888	True	LOW_CURRENT_CONCERN
Prevotella	preprocessing_sensitivity	Model_0	CLR_genus ~ standardized_Moffitt50_contrast	59	0.0335975078397738	0.24725772025870996	-0.46152753652133116	0.5287225522008787	0.13588052095853734	0.8923944885881132	0.0004189689615380354	-0.017117540354926186	0.0004189689615380354	0.0004191445701033059	3.1465039663250235e-06	0.2591382575224863	2.813601259845846	0.2364566442084347	0.09334721047780775	156.19901004659258	156.26448001350911	121_genus_tests_Moffitt50_MICRO_SENS_EXCLUDE_EXTREME	relative_compositional_CLR_association_not_absolute_load	0.955572859461608	113	MICRO_SENS_EXCLUDE_EXTREME	03_processed/microbiome/sensitivity/MICRO_SENS_EXCLUDE_EXTREME_centered_log_ratio.tsv.gz	121	positive	113	8	-0.086727673839346	0.11844940032578634	0.875	True	LOW_CURRENT_CONCERN
Sulfuritalea	preprocessing_sensitivity	Model_0	CLR_genus ~ standardized_Moffitt50_contrast	59	0.08067493657441767	0.12263102605429244	-0.16488945733671845	0.3262393304855538	0.6578672557033034	0.5132716271601168	0.011447862897431493	-0.005895157051736488	0.011447862897431493	0.011580434119524549	0.08312138279525035	0.0007838197082338542	2.6239296126186273	0.3212642889518933	0.09334721047780775	32.597209120007214	32.974698952701814	121_genus_tests_Moffitt50_MICRO_SENS_EXCLUDE_EXTREME	relative_compositional_CLR_association_not_absolute_load	0.7138188937718755	87	MICRO_SENS_EXCLUDE_EXTREME	03_processed/microbiome/sensitivity/MICRO_SENS_EXCLUDE_EXTREME_centered_log_ratio.tsv.gz	121	positive	87	7	-0.3671647377803614	0.23742308397315082	0.8571428571428571	True	LOW_CURRENT_CONCERN
Escherichia	preprocessing_sensitivity	Model_0	CLR_genus ~ standardized_Moffitt50_contrast	59	-0.270923653661721	0.2715923559359233	-0.8147779654308762	0.2729306581074342	-0.9975378457471754	0.322719551817344	0.015281157315831129	-0.0019946118540665747	0.015281157315831129	0.01551829482025286	3.560690360221534e-08	0.980348462345719	2.7142557573289685	0.17834830662754986	0.09334721047780775	274.33286736002594	278.5900456746041	121_genus_tests_Moffitt50_MICRO_SENS_EXCLUDE_EXTREME	relative_compositional_CLR_association_not_absolute_load	0.5006290483320337	78	MICRO_SENS_EXCLUDE_EXTREME	03_processed/microbiome/sensitivity/MICRO_SENS_EXCLUDE_EXTREME_centered_log_ratio.tsv.gz	121	negative	78	8	-0.29994939621157063	-0.07765983859141491	1.0	False	LOW_CURRENT_CONCERN
Moraxella	preprocessing_sensitivity	Model_0	CLR_genus ~ standardized_Moffitt50_contrast	59	-0.0007864688243207434	0.1688943919965734	-0.3389916550654145	0.337418717416773	-0.004656571571285207	0.9963008661669791	3.1122102539526963e-07	-0.017543542968079473	3.1122102539526963e-07	3.1122112225382644e-07	0.048025621355318106	0.05284802589315716	2.0412591975831496	0.07921912945355092	0.09334721047780775	115.27150213608802	115.2715380110143	121_genus_tests_Moffitt50_MICRO_SENS_EXCLUDE_EXTREME	relative_compositional_CLR_association_not_absolute_load	0.9963008661669791	121	MICRO_SENS_EXCLUDE_EXTREME	03_processed/microbiome/sensitivity/MICRO_SENS_EXCLUDE_EXTREME_centered_log_ratio.tsv.gz	121	negative	121	9	-0.019348150201788605	0.05441808627834647	0.7777777777777778	True	LOW_CURRENT_CONCERN
Shinella	preprocessing_sensitivity	Model_0	CLR_genus ~ standardized_Moffitt50_contrast	59	-0.06017636850859899	0.12368755313862827	-0.3078564214129231	0.18750368439572507	-0.48651919276916794	0.6284645692564643	0.0024466761540240523	-0.01505425935204574	0.0024466761540240523	0.002452677060501503	2.7053222051029146e-09	0.5540214317022203	5.412504704803725	0.21578415173407783	0.09334721047780775	85.63268778493516	85.84271711389435	121_genus_tests_Moffitt50_MICRO_SENS_EXCLUDE_EXTREME	relative_compositional_CLR_association_not_absolute_load	0.8089809880854488	94	MICRO_SENS_EXCLUDE_EXTREME	03_processed/microbiome/sensitivity/MICRO_SENS_EXCLUDE_EXTREME_centered_log_ratio.tsv.gz	121	negative	94	9	-0.18815592009410778	0.27934349426687316	0.8888888888888888	True	LOW_CURRENT_CONCERN
Cutibacterium	preprocessing_sensitivity	Model_0	CLR_genus ~ standardized_Moffitt50_contrast	59	-0.38676186669570745	0.10347583161352693	-0.5939686453732076	-0.17955508801820735	-3.7377024244678583	0.00043211163286654096	0.203983616911126	0.19001841720781232	0.203983616911126	0.2562555510724351	0.5971448336218392	0.11394407527852933	2.559296325445055	0.16082958658127705	0.09334721047780775	33.85649587854037	42.53241088727735	121_genus_tests_Moffitt50_MICRO_SENS_EXCLUDE_EXTREME	relative_compositional_CLR_association_not_absolute_load	0.002614275378842573	20	MICRO_SENS_EXCLUDE_EXTREME	03_processed/microbiome/sensitivity/MICRO_SENS_EXCLUDE_EXTREME_centered_log_ratio.tsv.gz	121	negative	20	9	-0.5301639531414378	0.11071122879435037	0.8888888888888888	True	LOW_CURRENT_CONCERN
Chryseobacterium	preprocessing_sensitivity	Model_0	CLR_genus ~ standardized_Moffitt50_contrast	59	0.33352646015956827	0.1144496414128464	0.10434500640210176	0.5627079139170348	2.91417654124805	0.005087661226460343	0.11819196413286581	0.10272164771414416	0.11819196413286581	0.13403366642790984	0.014124472262549325	0.15172107353124473	3.805809155217672	0.22633128462729438	0.09334721047780775	48.136519355838985	54.58843353418015	121_genus_tests_Moffitt50_MICRO_SENS_EXCLUDE_EXTREME	relative_compositional_CLR_association_not_absolute_load	0.02217687664468284	27	MICRO_SENS_EXCLUDE_EXTREME	03_processed/microbiome/sensitivity/MICRO_SENS_EXCLUDE_EXTREME_centered_log_ratio.tsv.gz	121	positive	27	9	-0.3740108559502305	0.7127171626372459	0.8888888888888888	True	LOW_CURRENT_CONCERN
Aminobacter	preprocessing_sensitivity	Model_0	CLR_genus ~ standardized_Moffitt50_contrast	59	0.05400732337437555	0.15342715040324603	-0.25322524582557093	0.361239892574322	0.3520062989661895	0.7261316409134382	0.0021575698457123593	-0.015348437700854145	0.0021575698457123593	0.0021622350187882403	0.007434451734615821	0.3321545374593625	2.473297179057934	0.09617625133501734	0.09334721047780775	78.24028158721963	78.4094554639474	121_genus_tests_Moffitt50_MICRO_SENS_EXCLUDE_EXTREME	relative_compositional_CLR_association_not_absolute_load	0.8699200846586734	101	MICRO_SENS_EXCLUDE_EXTREME	03_processed/microbiome/sensitivity/MICRO_SENS_EXCLUDE_EXTREME_centered_log_ratio.tsv.gz	121	positive	101	9	-0.24092469454535548	0.1564522681286722	0.8888888888888888	True	LOW_CURRENT_CONCERN
Sphingopyxis	preprocessing_sensitivity	Model_0	CLR_genus ~ standardized_Moffitt50_contrast	59	-0.19261230533901294	0.04727347239479282	-0.28727580095033245	-0.0979488097276934	-4.074426852558206	0.00014430748591291246	0.1864333647476769	0.172160265883601	0.1864333647476769	0.22915561758485298	0.02726624482019662	0.9203454782015364	3.8773557913175067	0.15665013942953487	0.09334721047780775	9.389998955394372	11.541769965138895	121_genus_tests_Moffitt50_MICRO_SENS_EXCLUDE_EXTREME	relative_compositional_CLR_association_not_absolute_load	0.001247228985390172	14	MICRO_SENS_EXCLUDE_EXTREME	03_processed/microbiome/sensitivity/MICRO_SENS_EXCLUDE_EXTREME_centered_log_ratio.tsv.gz	121	negative	14	8	-0.36430425996026083	0.276505884125694	0.875	True	MODERATE_RISK_ENVIRONMENTAL
Thiomonas	preprocessing_sensitivity	Model_0	CLR_genus ~ standardized_Moffitt50_contrast	59	0.010900886223665958	0.19595977247344634	-0.38150178956493497	0.4033035620122669	0.05562818371379304	0.9558325451247376	6.284542043810681e-05	-0.01747991167744889	6.284542043810681e-05	6.28493702332034e-05	0.00017308917383104027	0.8271410361409823	2.3265692431378904	0.16027420099477266	0.09334721047780775	109.66061491389719	109.66750701448395	121_genus_tests_Moffitt50_MICRO_SENS_EXCLUDE_EXTREME	relative_compositional_CLR_association_not_absolute_load	0.9735939748377461	118	MICRO_SENS_EXCLUDE_EXTREME	03_processed/microbiome/sensitivity/MICRO_SENS_EXCLUDE_EXTREME_centered_log_ratio.tsv.gz	121	positive	118	9	-0.021532683918471227	0.08142286817244676	0.7777777777777778	True	LOW_CURRENT_CONCERN
Flavobacterium	preprocessing_sensitivity	Model_0	CLR_genus ~ standardized_Moffitt50_contrast	59	-0.22652214586226513	0.050430960888568	-0.32750840312047824	-0.12553588860405201	-4.4917277377043705	3.4983516265190205e-05	0.20419611299802276	0.1902346412962337	0.20419611299802276	0.25659099727105933	0.018988301509514166	0.7685263154708503	4.518978028625218	0.13424318462474943	0.09334721047780775	11.59866254265615	14.574774931486772	121_genus_tests_Moffitt50_MICRO_SENS_EXCLUDE_EXTREME	relative_compositional_CLR_association_not_absolute_load	0.00038481867891709224	11	MICRO_SENS_EXCLUDE_EXTREME	03_processed/microbiome/sensitivity/MICRO_SENS_EXCLUDE_EXTREME_centered_log_ratio.tsv.gz	121	negative	11	9	-0.393077952299256	0.247837964787162	0.8888888888888888	True	LOW_CURRENT_CONCERN
Verminephrobacter	preprocessing_sensitivity	Model_0	CLR_genus ~ standardized_Moffitt50_contrast	59	0.024517915749994464	0.1207578462395072	-0.2172955002829931	0.266331331782982	0.20303372835390276	0.839831711370873	0.001122565389609309	-0.01640160012987124	0.001122565389609309	0.0011238269588572322	0.048349712250077365	7.346597091986626e-05	2.5864590469879554	0.2193345399146116	0.09334721047780775	31.02384660128389	31.05871203646186	121_genus_tests_Moffitt50_MICRO_SENS_EXCLUDE_EXTREME	relative_compositional_CLR_association_not_absolute_load	0.9413710652165825	107	MICRO_SENS_EXCLUDE_EXTREME	03_processed/microbiome/sensitivity/MICRO_SENS_EXCLUDE_EXTREME_centered_log_ratio.tsv.gz	121	positive	107	7	-0.3012078938216442	0.14723977879467354	0.2857142857142857	True	LOW_CURRENT_CONCERN
Citrobacter	preprocessing_sensitivity	Model_0	CLR_genus ~ standardized_Moffitt50_contrast	59	-0.5849938842787227	0.2543746880228733	-1.0943704107624521	-0.07561735779499312	-2.2997330781045333	0.025146564383760422	0.07670643070479521	0.06050829791014245	0.07670643070479521	0.08307913458484173	1.1426908032884366e-05	0.39186304071567524	1.892454068814655	0.05062140810033355	0.09334721047780775	238.91239465251846	258.76102964184184	121_genus_tests_Moffitt50_MICRO_SENS_EXCLUDE_EXTREME	relative_compositional_CLR_association_not_absolute_load	0.08007195501144766	38	MICRO_SENS_EXCLUDE_EXTREME	03_processed/microbiome/sensitivity/MICRO_SENS_EXCLUDE_EXTREME_centered_log_ratio.tsv.gz	121	negative	38	9	-0.8402377941493787	-0.0941438315238226	1.0	False	LOW_CURRENT_CONCERN
Sphingobium	preprocessing_sensitivity	Model_0	CLR_genus ~ standardized_Moffitt50_contrast	59	-0.4376530050206745	0.06453717546612421	-0.5668864697317912	-0.30841954030955776	-6.781409348328237	7.354292533389268e-09	0.4625973336585232	0.45316921670516386	0.4625973336585232	0.8608020812546159	0.6053824473199568	0.026601085245482596	3.0711086240931817	0.2115206490654062	0.09334721047780775	12.90578764217033	24.015116504780654	121_genus_tests_Moffitt50_MICRO_SENS_EXCLUDE_EXTREME	relative_compositional_CLR_association_not_absolute_load	8.898693965401013e-07	1	MICRO_SENS_EXCLUDE_EXTREME	03_processed/microbiome/sensitivity/MICRO_SENS_EXCLUDE_EXTREME_centered_log_ratio.tsv.gz	121	negative	1	9	-0.5980979111566338	0.0427066561292963	0.8888888888888888	True	LOW_CURRENT_CONCERN
Methylorubrum	preprocessing_sensitivity	Model_0	CLR_genus ~ standardized_Moffitt50_contrast	59	0.531137218170545	0.2025467702144957	0.12554430692506485	0.9367301294160253	2.622294187204635	0.011182436242821328	0.0827651673273544	0.0666733281576588	0.0827651673273544	0.09023334524506951	0.05716874529648044	0.11958968283178024	2.464211998216823	0.11825719053548073	0.09334721047780775	181.3319803013602	197.69417148386498	121_genus_tests_Moffitt50_MICRO_SENS_EXCLUDE_EXTREME	relative_compositional_CLR_association_not_absolute_load	0.037585410705038354	36	MICRO_SENS_EXCLUDE_EXTREME	03_processed/microbiome/sensitivity/MICRO_SENS_EXCLUDE_EXTREME_centered_log_ratio.tsv.gz	121	positive	36	9	-0.09252678410057186	0.8099745415623402	0.8888888888888888	True	LOW_CURRENT_CONCERN
Ralstonia	preprocessing_sensitivity	Model_0	CLR_genus ~ standardized_Moffitt50_contrast	59	-0.012091214198804082	0.15471459043606353	-0.3219018375953761	0.2977194091977679	-0.07815173840246714	0.9379810574772061	0.00017772622415246353	-0.017363015421037797	0.00017772622415246353	0.00017775781637798197	5.609883553987546e-10	0.04323898858014253	5.244660313157013	0.6377154282412263	0.09334721047780775	47.7022777351305	47.71075718785696	121_genus_tests_Moffitt50_MICRO_SENS_EXCLUDE_EXTREME	relative_compositional_CLR_association_not_absolute_load	0.9735939748377461	116	MICRO_SENS_EXCLUDE_EXTREME	03_processed/microbiome/sensitivity/MICRO_SENS_EXCLUDE_EXTREME_centered_log_ratio.tsv.gz	121	negative	116	7	-0.1618885070895937	0.479173989276415	0.7142857142857143	True	HIGH_RISK_POTENTIAL_CONTAMINANT
Erythrobacter	preprocessing_sensitivity	Model_0	CLR_genus ~ standardized_Moffitt50_contrast	59	-0.2754696681106559	0.04590767942616658	-0.36739821047775884	-0.1835411257435529	-6.000513891225853	1.4355981020129716e-07	0.29057474147275175	0.278128684305607	0.29057474147275175	0.4095917617537029	0.24115446397373283	0.7146057508004005	3.2788196954261424	0.12239974131498972	0.09334721047780775	10.745443677864458	15.146688884706155	121_genus_tests_Moffitt50_MICRO_SENS_EXCLUDE_EXTREME	relative_compositional_CLR_association_not_absolute_load	6.174257298419399e-06	2	MICRO_SENS_EXCLUDE_EXTREME	03_processed/microbiome/sensitivity/MICRO_SENS_EXCLUDE_EXTREME_centered_log_ratio.tsv.gz	121	negative	2	9	-0.44916835556876505	0.19176002050544386	0.8888888888888888	True	LOW_CURRENT_CONCERN
Xanthobacter	preprocessing_sensitivity	Model_0	CLR_genus ~ standardized_Moffitt50_contrast	59	-0.04860503203354825	0.19294279203831288	-0.4349663087094377	0.33775624464234116	-0.2519142151933651	0.8020134789862641	0.0014403464061079063	-0.016078244007819986	0.0014403464061079063	0.0014424239963270998	0.007737573432711816	0.6724824929992999	2.0655132732745134	0.1703030341493271	0.09334721047780775	94.99429461093297	95.13131666099393	121_genus_tests_Moffitt50_MICRO_SENS_EXCLUDE_EXTREME	relative_compositional_CLR_association_not_absolute_load	0.9331118361282495	104	MICRO_SENS_EXCLUDE_EXTREME	03_processed/microbiome/sensitivity/MICRO_SENS_EXCLUDE_EXTREME_centered_log_ratio.tsv.gz	121	negative	104	9	-0.17392530238505788	-0.029782636046835852	1.0	False	LOW_CURRENT_CONCERN
Paucibacter	preprocessing_sensitivity	Model_0	CLR_genus ~ standardized_Moffitt50_contrast	59	0.3375120814643286	0.15421061744116085	0.02871064658246464	0.6463135163461926	2.1886436035644987	0.032734773283261215	0.11712039921160611	0.10163128340830085	0.11712039921160611	0.1326572718488681	0.10537874358581699	1.4776621013978091e-05	2.5414283894835807	0.21254662214134462	0.09334721047780775	49.805302081904834	56.41233757969908	121_genus_tests_Moffitt50_MICRO_SENS_EXCLUDE_EXTREME	relative_compositional_CLR_association_not_absolute_load	0.09049103765366003	43	MICRO_SENS_EXCLUDE_EXTREME	03_processed/microbiome/sensitivity/MICRO_SENS_EXCLUDE_EXTREME_centered_log_ratio.tsv.gz	121	positive	43	8	-0.28853300527194714	0.6035809848525555	0.875	True	LOW_CURRENT_CONCERN
Streptomyces	preprocessing_sensitivity	Model_0	CLR_genus ~ standardized_Moffitt50_contrast	59	0.4937061362364829	0.1007492401465707	0.29195926279316026	0.6954530096798055	4.9003460027910455	8.292390678028864e-06	0.2208395772162488	0.20717009611477943	0.2208395772162488	0.2834327447321343	0.010368736219026106	0.6598814177439924	2.935948726824669	0.14189958153269047	0.09334721047780775	49.87868798610076	64.01594142563903	121_genus_tests_Moffitt50_MICRO_SENS_EXCLUDE_EXTREME	relative_compositional_CLR_association_not_absolute_load	0.00012542240900518658	8	MICRO_SENS_EXCLUDE_EXTREME	03_processed/microbiome/sensitivity/MICRO_SENS_EXCLUDE_EXTREME_centered_log_ratio.tsv.gz	121	positive	8	9	-0.3855406472376602	0.8096660256382195	0.8888888888888888	True	LOW_CURRENT_CONCERN
Collimonas	preprocessing_sensitivity	Model_0	CLR_genus ~ standardized_Moffitt50_contrast	59	0.19861548471745138	0.15581006974536724	-0.11338879815736924	0.510619767592272	1.2747281677111046	0.20757746262370752	0.03425471194833907	0.01731181215795896	0.03425471194833907	0.035469716883057334	0.08642810267488191	0.059672825410972304	2.464563926355959	0.1374631238944341	0.09334721047780775	64.50546059268606	66.79345101731985	121_genus_tests_Moffitt50_MICRO_SENS_EXCLUDE_EXTREME	relative_compositional_CLR_association_not_absolute_load	0.35375877433054376	71	MICRO_SENS_EXCLUDE_EXTREME	03_processed/microbiome/sensitivity/MICRO_SENS_EXCLUDE_EXTREME_centered_log_ratio.tsv.gz	121	positive	71	9	-0.2188196156802856	0.3603269031781349	0.8888888888888888	True	LOW_CURRENT_CONCERN
Bacillus	preprocessing_sensitivity	Model_0	CLR_genus ~ standardized_Moffitt50_contrast	59	0.2676774288330039	0.16648828564114812	-0.06570961253997015	0.601064470205978	1.6077853634096557	0.11340793801952619	0.028430974866657688	0.011385904250283185	0.028430974866657688	0.029262949035201796	3.036142224896293e-08	0.6025573376627308	7.111409862358723	0.2334392650842959	0.09334721047780775	142.0147346593951	146.17050460198064	121_genus_tests_Moffitt50_MICRO_SENS_EXCLUDE_EXTREME	relative_compositional_CLR_association_not_absolute_load	0.21781524603750266	63	MICRO_SENS_EXCLUDE_EXTREME	03_processed/microbiome/sensitivity/MICRO_SENS_EXCLUDE_EXTREME_centered_log_ratio.tsv.gz	121	positive	63	9	-0.2907021190413025	0.5055671603501686	0.8888888888888888	True	LOW_CURRENT_CONCERN
Polaromonas	preprocessing_sensitivity	Model_0	CLR_genus ~ standardized_Moffitt50_contrast	59	0.08686847297157875	0.14105685509192195	-0.19559300714621175	0.3693299530893692	0.6158401370494864	0.540451501312311	0.006326458725067763	-0.011106410420106627	0.006326458725067763	0.006366737627883906	0.009294434159272932	0.13491430691607967	2.913263597570111	0.17913343010866134	0.09334721047780775	68.74409755400251	69.1817731865945	121_genus_tests_Moffitt50_MICRO_SENS_EXCLUDE_EXTREME	relative_compositional_CLR_association_not_absolute_load	0.7343177750800556	89	MICRO_SENS_EXCLUDE_EXTREME	03_processed/microbiome/sensitivity/MICRO_SENS_EXCLUDE_EXTREME_centered_log_ratio.tsv.gz	121	positive	89	9	-0.13711754169364163	0.18602350765886658	0.8888888888888888	True	LOW_CURRENT_CONCERN
Ochrobactrum	preprocessing_sensitivity	Model_0	CLR_genus ~ standardized_Moffitt50_contrast	59	0.9796382788312156	0.302984877096097	0.3729215277587504	1.5863550299036806	3.233291008516263	0.002036889380995453	0.20415535356395575	0.19019316678437603	0.20415535356395575	0.25652664056761	0.00227312565244445	2.439927659912404e-05	2.4350691792159633	0.13408599110634378	0.09334721047780775	216.98365130116034	272.6457384275407	121_genus_tests_Moffitt50_MICRO_SENS_EXCLUDE_EXTREME	relative_compositional_CLR_association_not_absolute_load	0.010269317295852076	24	MICRO_SENS_EXCLUDE_EXTREME	03_processed/microbiome/sensitivity/MICRO_SENS_EXCLUDE_EXTREME_centered_log_ratio.tsv.gz	121	positive	24	8	0.29623425602014886	1.1094349812787232	1.0	False	LOW_CURRENT_CONCERN
Fusarium	preprocessing_sensitivity	Model_0	CLR_genus ~ standardized_Moffitt50_contrast	59	-0.5367087838320239	0.19766949560695177	-0.9325351211404203	-0.14088244652362758	-2.7151826445655614	0.008750623104091346	0.09485200162659657	0.07897221218144912	0.09485200162659657	0.10479170455776338	7.107754841139784e-08	0.5334112291971077	3.3680333295834983	0.20362245256922606	0.09334721047780775	159.4331016159075	176.14036809716958	121_genus_tests_Moffitt50_MICRO_SENS_EXCLUDE_EXTREME	relative_compositional_CLR_association_not_absolute_load	0.031141923399854495	34	MICRO_SENS_EXCLUDE_EXTREME	03_processed/microbiome/sensitivity/MICRO_SENS_EXCLUDE_EXTREME_centered_log_ratio.tsv.gz	121	negative	34	8	-0.9374383291812549	0.21856476146408563	0.875	True	LOW_CURRENT_CONCERN
Serratia	preprocessing_sensitivity	Model_0	CLR_genus ~ standardized_Moffitt50_contrast	59	-0.46875918887059276	0.2178489787292198	-0.9049942441176766	-0.032524133623508866	-2.1517621592949827	0.03566587461324576	0.08347121534679125	0.06739176298445415	0.08347121534679125	0.09107320658605898	0.0034839070635398614	0.1973706670493974	2.0294968015779853	0.13095617207508553	0.09334721047780775	139.9384160553602	152.6830563300959	121_genus_tests_Moffitt50_MICRO_SENS_EXCLUDE_EXTREME	relative_compositional_CLR_association_not_absolute_load	0.09437129684743689	45	MICRO_SENS_EXCLUDE_EXTREME	03_processed/microbiome/sensitivity/MICRO_SENS_EXCLUDE_EXTREME_centered_log_ratio.tsv.gz	121	negative	45	9	-0.5867959762309412	-0.10022395853865375	1.0	False	LOW_CURRENT_CONCERN
Candidatus Accumulibacter	preprocessing_sensitivity	Model_0	CLR_genus ~ standardized_Moffitt50_contrast	59	-0.012960435589502823	0.1561699973493206	-0.32568546105908547	0.2997645898800798	-0.08298927969187934	0.9341508232535223	0.0001118249780078795	-0.01743007282939546	0.0001118249780078795	0.00011183748423209421	0.018704835575731483	0.12098298025245842	3.007080907286961	0.1191425439737741	0.09334721047780775	87.11236421067743	87.12210663833626	121_genus_tests_Moffitt50_MICRO_SENS_EXCLUDE_EXTREME	relative_compositional_CLR_association_not_absolute_load	0.9735939748377461	115	MICRO_SENS_EXCLUDE_EXTREME	03_processed/microbiome/sensitivity/MICRO_SENS_EXCLUDE_EXTREME_centered_log_ratio.tsv.gz	121	negative	115	9	-0.21743076503705616	0.05941397137977953	0.7777777777777778	True	LOW_CURRENT_CONCERN
Methylibium	preprocessing_sensitivity	Model_0	CLR_genus ~ standardized_Moffitt50_contrast	59	0.36950942092422573	0.13588789803389414	0.09739859877569434	0.6416202430727571	2.7192224345987013	0.008656788210708928	0.09532870028794349	0.07945727397720559	0.09532870028794349	0.1053738527112391	0.04000471136803226	0.011726572268250789	2.017063183180691	0.14595116896045462	0.09334721047780775	75.15297297236654	83.07213127716841	121_genus_tests_Moffitt50_MICRO_SENS_EXCLUDE_EXTREME	relative_compositional_CLR_association_not_absolute_load	0.031141923399854495	32	MICRO_SENS_EXCLUDE_EXTREME	03_processed/microbiome/sensitivity/MICRO_SENS_EXCLUDE_EXTREME_centered_log_ratio.tsv.gz	121	positive	32	9	-0.20808019394578747	0.594704326769632	0.8888888888888888	True	LOW_CURRENT_CONCERN
Novosphingobium	preprocessing_sensitivity	Model_0	CLR_genus ~ standardized_Moffitt50_contrast	59	-0.2837786374472407	0.04742698859919363	-0.3787495439553143	-0.18880773093916708	-5.983484210761499	1.530807594649438e-07	0.3627047346128759	0.3515241159218737	0.3627047346128759	0.5691313811856917	0.5882618415518088	0.8772968407222741	2.5681412028731763	0.22424269471025415	0.09334721047780775	8.206819072972499	12.877577347114414	121_genus_tests_Moffitt50_MICRO_SENS_EXCLUDE_EXTREME	relative_compositional_CLR_association_not_absolute_load	6.174257298419399e-06	3	MICRO_SENS_EXCLUDE_EXTREME	03_processed/microbiome/sensitivity/MICRO_SENS_EXCLUDE_EXTREME_centered_log_ratio.tsv.gz	121	negative	3	8	-0.4522689530788984	0.18864235267728774	0.875	True	MODERATE_RISK_ENVIRONMENTAL
Pseudoxanthomonas	preprocessing_sensitivity	Model_0	CLR_genus ~ standardized_Moffitt50_contrast	59	0.2605271852341474	0.18719435872633813	-0.11432305228947481	0.6353774227577696	1.3917469896355985	0.16940643936438457	0.044157062135047	0.027387887786539	0.044157062135047	0.04619698528471606	3.8985176744229475e-05	0.005245329674688562	3.6055936360829017	0.3872532205717355	0.09334721047780775	85.21586423891769	89.1525802651873	121_genus_tests_Moffitt50_MICRO_SENS_EXCLUDE_EXTREME	relative_compositional_CLR_association_not_absolute_load	0.2984792866530508	68	MICRO_SENS_EXCLUDE_EXTREME	03_processed/microbiome/sensitivity/MICRO_SENS_EXCLUDE_EXTREME_centered_log_ratio.tsv.gz	121	positive	68	7	-0.24836254129331017	0.4471652512048728	0.8571428571428571	True	LOW_CURRENT_CONCERN
Burkholderia	preprocessing_sensitivity	Model_0	CLR_genus ~ standardized_Moffitt50_contrast	59	-0.17816545099731146	0.05908712226861342	-0.2964853724291143	-0.05984552956550859	-3.0153008668684382	0.0038292262977975486	0.1166749177488906	0.10117798648132725	0.1166749177488906	0.13208604634156937	0.012254618657142398	0.9959712863735215	3.997970042038407	0.1889803778557156	0.09334721047780775	13.93856407152494	15.77965389141131	121_genus_tests_Moffitt50_MICRO_SENS_EXCLUDE_EXTREME	relative_compositional_CLR_association_not_absolute_load	0.017820630078211667	26	MICRO_SENS_EXCLUDE_EXTREME	03_processed/microbiome/sensitivity/MICRO_SENS_EXCLUDE_EXTREME_centered_log_ratio.tsv.gz	121	negative	26	9	-0.3593707530521878	0.28200611747374704	0.8888888888888888	True	BIOLOGICALLY_PLAUSIBLE_BUT_CONTAMINATION_SENSITIVE
Rhizobacter	preprocessing_sensitivity	Model_0	CLR_genus ~ standardized_Moffitt50_contrast	59	0.1962147334091659	0.15668561387981844	-0.1175427963529781	0.50997226317131	1.252283017888721	0.2155807299703361	0.032759422682201556	0.015790289746801522	0.032759422682201556	0.03386894992871877	0.04991899798286363	0.0913934798493621	2.2213449083538324	0.20375502522232586	0.09334721047780775	65.93097388303369	68.16398673622982	121_genus_tests_Moffitt50_MICRO_SENS_EXCLUDE_EXTREME	relative_compositional_CLR_association_not_absolute_load	0.3573324428275434	73	MICRO_SENS_EXCLUDE_EXTREME	03_processed/microbiome/sensitivity/MICRO_SENS_EXCLUDE_EXTREME_centered_log_ratio.tsv.gz	121	positive	73	9	-0.24087556655934075	0.3226817792874378	0.8888888888888888	True	LOW_CURRENT_CONCERN
Sphingomonas	preprocessing_sensitivity	Model_0	CLR_genus ~ standardized_Moffitt50_contrast	59	-0.21762781766162703	0.05886604680946333	-0.33550504312258494	-0.09975059220066913	-3.697000723796542	0.0004918138599437655	0.18506637915836288	0.17076929809096575	0.18506637915836288	0.22709380791926623	0.9547734214372382	0.5415495496418591	2.6800629338388005	0.11776230037525734	0.09334721047780775	12.096271194439572	14.843259481608985	121_genus_tests_Moffitt50_MICRO_SENS_EXCLUDE_EXTREME	relative_compositional_CLR_association_not_absolute_load	0.002833784621580744	21	MICRO_SENS_EXCLUDE_EXTREME	03_processed/microbiome/sensitivity/MICRO_SENS_EXCLUDE_EXTREME_centered_log_ratio.tsv.gz	121	negative	21	9	-0.39107144070970945	0.24974664654442913	0.8888888888888888	True	BIOLOGICALLY_PLAUSIBLE_BUT_CONTAMINATION_SENSITIVE
Diaphorobacter	preprocessing_sensitivity	Model_0	CLR_genus ~ standardized_Moffitt50_contrast	59	0.047878015166205636	0.26226061774266085	-0.47728981319579494	0.5730458435282062	0.18255892012419947	0.8557918774696205	0.0005051695177519244	-0.01702982750825255	0.0005051695177519244	0.0005054248429761106	2.895747261918648e-05	0.011075751220202953	1.9008515317486565	0.07326950162063595	0.09334721047780775	263.05325777009205	263.1862114215949	121_genus_tests_Moffitt50_MICRO_SENS_EXCLUDE_EXTREME	relative_compositional_CLR_association_not_absolute_load	0.9413710652165825	110	MICRO_SENS_EXCLUDE_EXTREME	03_processed/microbiome/sensitivity/MICRO_SENS_EXCLUDE_EXTREME_centered_log_ratio.tsv.gz	121	positive	110	9	-0.05979035189504726	0.08748395255077038	0.8888888888888888	True	LOW_CURRENT_CONCERN
Fusobacterium	preprocessing_sensitivity	Model_0	CLR_genus ~ standardized_Moffitt50_contrast	59	0.4525217742749216	0.2346987291200448	-0.01745432412746456	0.9224978726773077	1.928096398184856	0.05882993804572476	0.07440718793390755	0.0581687175467831	0.07440718793390755	0.08038868384016196	0.0013283578553594064	0.016809126543427182	3.003944188539087	0.16775741072681621	0.09334721047780775	147.74474331243871	159.62174877162823	121_genus_tests_Moffitt50_MICRO_SENS_EXCLUDE_EXTREME	relative_compositional_CLR_association_not_absolute_load	0.1343098585572207	53	MICRO_SENS_EXCLUDE_EXTREME	03_processed/microbiome/sensitivity/MICRO_SENS_EXCLUDE_EXTREME_centered_log_ratio.tsv.gz	121	positive	53	9	0.06814505347672907	0.6069006031379385	1.0	False	LOW_CURRENT_CONCERN
Sphingobacterium	preprocessing_sensitivity	Model_0	CLR_genus ~ standardized_Moffitt50_contrast	59	-0.09154703731603077	0.15511906497760763	-0.40216760701120735	0.21907353237914584	-0.5901726994631261	0.5574074455003231	0.0056253971379264245	-0.011819771333338114	0.0056253971379264245	0.005657221254178295	5.9732749358854486e-05	0.6093217162431955	2.552337590869717	0.10288674754495304	0.09334721047780775	85.92378847457266	86.40987835697054	121_genus_tests_Moffitt50_MICRO_SENS_EXCLUDE_EXTREME	relative_compositional_CLR_association_not_absolute_load	0.7411681418191108	91	MICRO_SENS_EXCLUDE_EXTREME	03_processed/microbiome/sensitivity/MICRO_SENS_EXCLUDE_EXTREME_centered_log_ratio.tsv.gz	121	negative	91	8	-0.26475368163621577	-0.0599523670802288	1.0	False	LOW_CURRENT_CONCERN
Alicycliphilus	preprocessing_sensitivity	Model_0	CLR_genus ~ standardized_Moffitt50_contrast	59	-0.02788770907776589	0.07712530961922588	-0.18232847762739016	0.12655305947185838	-0.36158958992125734	0.7189957027930144	0.0008695903971448482	-0.016659013280098334	0.0008695903971448482	0.0008703472427493245	4.539254711825099e-12	0.43395963688318695	6.451852912092464	0.2662754717549504	0.09334721047780775	51.827601910543194	51.87270992096434	121_genus_tests_Moffitt50_MICRO_SENS_EXCLUDE_EXTREME	relative_compositional_CLR_association_not_absolute_load	0.8699200846586734	100	MICRO_SENS_EXCLUDE_EXTREME	03_processed/microbiome/sensitivity/MICRO_SENS_EXCLUDE_EXTREME_centered_log_ratio.tsv.gz	121	negative	100	9	-0.194668218417088	0.33004477103611285	0.8888888888888888	True	LOW_CURRENT_CONCERN
Devosia	preprocessing_sensitivity	Model_0	CLR_genus ~ standardized_Moffitt50_contrast	59	-0.33793170454495164	0.17139475159403358	-0.6811437745157661	0.005280365425862854	-1.9716572497235987	0.05350921680596701	0.06965051630620456	0.05332859553964664	0.06965051630620456	0.07486489488839071	0.002272631302561748	0.32483462210381464	2.6248242294422917	0.1508390833599106	0.09334721047780775	88.47236815332984	95.09584269565592	121_genus_tests_Moffitt50_MICRO_SENS_EXCLUDE_EXTREME	relative_compositional_CLR_association_not_absolute_load	0.12695323987298054	51	MICRO_SENS_EXCLUDE_EXTREME	03_processed/microbiome/sensitivity/MICRO_SENS_EXCLUDE_EXTREME_centered_log_ratio.tsv.gz	121	negative	51	9	-0.47662148338685567	0.015339100589214744	0.8888888888888888	True	LOW_CURRENT_CONCERN
Ottowia	preprocessing_sensitivity	Model_0	CLR_genus ~ standardized_Moffitt50_contrast	59	0.03804691869886954	0.14506457631617437	-0.25243988474095386	0.328533722138693	0.26227573722715514	0.7940544374594705	0.0015578476651121331	-0.015958681323219315	0.0015578476651121331	0.001560278341082714	0.008432061870040733	0.00043169342526669054	1.9951205818066262	0.13239604919859824	0.09334721047780775	53.8102357080017	53.89419465330545	121_genus_tests_Moffitt50_MICRO_SENS_EXCLUDE_EXTREME	relative_compositional_CLR_association_not_absolute_load	0.9328212323553002	103	MICRO_SENS_EXCLUDE_EXTREME	03_processed/microbiome/sensitivity/MICRO_SENS_EXCLUDE_EXTREME_centered_log_ratio.tsv.gz	121	positive	103	9	-0.20681100111315293	0.17201155233939397	0.8888888888888888	True	LOW_CURRENT_CONCERN
Thauera	preprocessing_sensitivity	Model_0	CLR_genus ~ standardized_Moffitt50_contrast	59	-0.09823000073498585	0.12006915103031206	-0.33866432839958094	0.14220432692960927	-0.8181118954542054	0.4167002840966907	0.0069167547176650634	-0.010505758357463701	0.0069167547176650634	0.0069649294261314625	7.128621623830736e-09	0.2017243038441071	3.723198028745476	0.22296723360188575	0.09334721047780775	80.3525322848496	80.91218200142454	121_genus_tests_Moffitt50_MICRO_SENS_EXCLUDE_EXTREME	relative_compositional_CLR_association_not_absolute_load	0.6074787274180671	83	MICRO_SENS_EXCLUDE_EXTREME	03_processed/microbiome/sensitivity/MICRO_SENS_EXCLUDE_EXTREME_centered_log_ratio.tsv.gz	121	negative	83	9	-0.20375566760429745	0.16382083954361717	0.8888888888888888	True	LOW_CURRENT_CONCERN
Phreatobacter	preprocessing_sensitivity	Model_0	CLR_genus ~ standardized_Moffitt50_contrast	59	-0.2440916087890835	0.13177434440691485	-0.5079651818846476	0.019781964306480576	-1.8523454613846275	0.06915675756095413	0.04855543715178534	0.03186342727725522	0.04855543715178534	0.05103338549377097	6.025456040646984e-05	0.9006442915582861	3.1900314293239265	0.11284552460539225	0.09334721047780775	67.7141316116267	71.1698129935388	121_genus_tests_Moffitt50_MICRO_SENS_EXCLUDE_EXTREME	relative_compositional_CLR_association_not_absolute_load	0.14942799401563303	56	MICRO_SENS_EXCLUDE_EXTREME	03_processed/microbiome/sensitivity/MICRO_SENS_EXCLUDE_EXTREME_centered_log_ratio.tsv.gz	121	negative	56	7	-0.25148940770107003	-0.20677711552036843	1.0	False	LOW_CURRENT_CONCERN
Dickeya	preprocessing_sensitivity	Model_0	CLR_genus ~ standardized_Moffitt50_contrast	59	0.20072990306264696	0.1950191407047824	-0.18978919009929265	0.5912489962245866	1.029283086456162	0.30769462610014564	0.02002265373639045	0.002830068714221756	0.02002265373639045	0.020431751624393618	0.009551599548512549	0.45395667403650974	2.558365687852326	0.202601796441157	0.09334721047780775	114.37906519258902	116.71602984363432	121_genus_tests_Moffitt50_MICRO_SENS_EXCLUDE_EXTREME	relative_compositional_CLR_association_not_absolute_load	0.4835201267288003	77	MICRO_SENS_EXCLUDE_EXTREME	03_processed/microbiome/sensitivity/MICRO_SENS_EXCLUDE_EXTREME_centered_log_ratio.tsv.gz	121	positive	77	9	-0.030285564141239733	0.2811914149858607	0.8888888888888888	True	LOW_CURRENT_CONCERN
Rhizobium	preprocessing_sensitivity	Model_0	CLR_genus ~ standardized_Moffitt50_contrast	59	-0.33792456838046603	0.09604496429491588	-0.5302512919198731	-0.14559784484105895	-3.5183996460536346	0.0008603653130066556	0.1794355730139312	0.16503970587382466	0.1794355730139312	0.21867335106519015	0.426529629863727	0.29427213401937313	3.0556633198700327	0.14760730893881951	0.09334721047780775	30.288074769123142	36.91126957620033	121_genus_tests_Moffitt50_MICRO_SENS_EXCLUDE_EXTREME	relative_compositional_CLR_association_not_absolute_load	0.004526269690165449	23	MICRO_SENS_EXCLUDE_EXTREME	03_processed/microbiome/sensitivity/MICRO_SENS_EXCLUDE_EXTREME_centered_log_ratio.tsv.gz	121	negative	23	9	-0.500609013719891	0.14021188641999227	0.8888888888888888	True	BIOLOGICALLY_PLAUSIBLE_BUT_CONTAMINATION_SENSITIVE
Sinorhizobium	preprocessing_sensitivity	Model_0	CLR_genus ~ standardized_Moffitt50_contrast	59	0.2698221422865123	0.1724357675890178	-0.07547452625682755	0.6151188108298522	1.564768992298654	0.12317251669739147	0.02803539696106294	0.01098338638143237	0.02803539696106294	0.028844051391797278	6.500282952986375e-07	0.020316207009227476	2.464207885548236	0.09257946774954173	0.09334721047780775	146.3952228413257	150.61785417247455	121_genus_tests_Moffitt50_MICRO_SENS_EXCLUDE_EXTREME	relative_compositional_CLR_association_not_absolute_load	0.2292903772366826	65	MICRO_SENS_EXCLUDE_EXTREME	03_processed/microbiome/sensitivity/MICRO_SENS_EXCLUDE_EXTREME_centered_log_ratio.tsv.gz	121	positive	65	9	0.21739330610018118	0.3334367165483815	1.0	False	LOW_CURRENT_CONCERN
Stenotrophomonas	preprocessing_sensitivity	Model_0	CLR_genus ~ standardized_Moffitt50_contrast	59	-0.0664269160194436	0.06955577429918305	-0.2057099515477988	0.07285611950891162	-0.9550165559759113	0.34360217000962945	0.010413072885765096	-0.006948101274133922	0.010413072885765096	0.010522645965151319	0.10706462225067506	0.30546617457768094	2.613276558326329	0.12162000605430558	0.09334721047780775	24.321548098749783	24.577475138717325	121_genus_tests_Moffitt50_MICRO_SENS_EXCLUDE_EXTREME	relative_compositional_CLR_association_not_absolute_load	0.526276741407154	79	MICRO_SENS_EXCLUDE_EXTREME	03_processed/microbiome/sensitivity/MICRO_SENS_EXCLUDE_EXTREME_centered_log_ratio.tsv.gz	121	negative	79	9	-0.2430872508961397	0.3980946401662395	0.8888888888888888	True	BIOLOGICALLY_PLAUSIBLE_BUT_CONTAMINATION_SENSITIVE
Corynebacterium	preprocessing_sensitivity	Model_0	CLR_genus ~ standardized_Moffitt50_contrast	59	0.22515483616123483	0.1741482217346109	-0.12357096265927486	0.5738806349817445	1.2928919624821336	0.201264435085823	0.030059349540712654	0.013042846901075933	0.030059349540712654	0.030990916327178285	0.0250838703738601	0.5112705121278741	2.4093137701902365	0.152517598119551	0.09334721047780775	94.87594956123984	97.8162421755538	121_genus_tests_Moffitt50_MICRO_SENS_EXCLUDE_EXTREME	relative_compositional_CLR_association_not_absolute_load	0.34789995207692265	70	MICRO_SENS_EXCLUDE_EXTREME	03_processed/microbiome/sensitivity/MICRO_SENS_EXCLUDE_EXTREME_centered_log_ratio.tsv.gz	121	positive	70	9	-0.27168729937554625	0.40399767435545403	0.8888888888888888	True	LOW_CURRENT_CONCERN
Leptothrix	preprocessing_sensitivity	Model_0	CLR_genus ~ standardized_Moffitt50_contrast	59	0.10712522503454588	0.17645019283675814	-0.24621019140629977	0.46046064147539156	0.6071131083072953	0.5461867748529339	0.008361656768633208	-0.009035507147706623	0.008361656768633208	0.008432163626696599	0.006707903871625845	0.240364614749508	2.019430532771291	0.1774825856355432	0.09334721047780775	78.93551787081218	79.60111507345688	121_genus_tests_Moffitt50_MICRO_SENS_EXCLUDE_EXTREME	relative_compositional_CLR_association_not_absolute_load	0.7343177750800556	90	MICRO_SENS_EXCLUDE_EXTREME	03_processed/microbiome/sensitivity/MICRO_SENS_EXCLUDE_EXTREME_centered_log_ratio.tsv.gz	121	positive	90	9	-0.13843812944432018	0.2232670673173095	0.8888888888888888	True	LOW_CURRENT_CONCERN
Altererythrobacter	preprocessing_sensitivity	Model_0	CLR_genus ~ standardized_Moffitt50_contrast	59	0.01972680244264582	0.11693503149226296	-0.21443155910171688	0.2538851639870085	0.16869882524426438	0.8666307587768576	0.00035699217495055446	-0.01718060445355918	0.00035699217495055446	0.0003571196638760792	6.964260198635297e-07	0.0370462439559967	2.5179817389306645	0.10870833949183137	0.09334721047780775	63.201534080965054	63.224104591572505	121_genus_tests_Moffitt50_MICRO_SENS_EXCLUDE_EXTREME	relative_compositional_CLR_association_not_absolute_load	0.9417251720671475	111	MICRO_SENS_EXCLUDE_EXTREME	03_processed/microbiome/sensitivity/MICRO_SENS_EXCLUDE_EXTREME_centered_log_ratio.tsv.gz	121	positive	111	9	-0.025842758457895597	0.13441345874383576	0.8888888888888888	True	LOW_CURRENT_CONCERN
Roseolovirus	preprocessing_sensitivity	Model_0	CLR_genus ~ standardized_Moffitt50_contrast	59	-1.0074483033650417	0.20950017667491014	-1.4269651708719127	-0.5879314358581706	-4.808818395071522	1.1492826327309762e-05	0.2506318113974998	0.23748500107114012	0.2506318113974998	0.3344575006111536	6.754215278873743e-05	0.001030013378523207	2.421892468382959	0.1131887581003783	0.09334721047780775	176.00807505202263	234.87529592130244	121_genus_tests_Moffitt50_MICRO_SENS_EXCLUDE_EXTREME	relative_compositional_CLR_association_not_absolute_load	0.00015451466506716458	9	MICRO_SENS_EXCLUDE_EXTREME	03_processed/microbiome/sensitivity/MICRO_SENS_EXCLUDE_EXTREME_centered_log_ratio.tsv.gz	121	negative	9	8	-1.4070681167254238	0.07664365012380091	0.875	True	LOW_CURRENT_CONCERN
Janibacter	preprocessing_sensitivity	Model_0	CLR_genus ~ standardized_Moffitt50_contrast	59	0.31235973569731135	0.1878851589891437	-0.06387380549184818	0.6885932768864709	1.6625035068116263	0.10190202872547162	0.05823935223903276	0.04171723561164731	0.05823935223903276	0.06184092781695288	0.002055552927587713	0.024666627406095813	3.428313088964581	0.17074834158993477	0.09334721047780775	91.50863772410155	97.16761678422539	121_genus_tests_Moffitt50_MICRO_SENS_EXCLUDE_EXTREME	relative_compositional_CLR_association_not_absolute_load	0.20550242459636775	60	MICRO_SENS_EXCLUDE_EXTREME	03_processed/microbiome/sensitivity/MICRO_SENS_EXCLUDE_EXTREME_centered_log_ratio.tsv.gz	121	positive	60	8	-0.2104935493871246	0.4826706433361536	0.875	True	LOW_CURRENT_CONCERN
Lactobacillus	preprocessing_sensitivity	Model_0	CLR_genus ~ standardized_Moffitt50_contrast	59	0.160970087413678	0.2003290355827469	-0.24018188683385175	0.5621220616612077	0.8035284897440067	0.42500760354448186	0.01661294417214032	-0.0006394603160677637	0.01661294417214032	0.016893596548466658	0.000714345371939104	0.004423900616294829	2.5315448075627645	0.2180467495963117	0.09334721047780775	88.96029925436322	90.46315865879731	121_genus_tests_Moffitt50_MICRO_SENS_EXCLUDE_EXTREME	relative_compositional_CLR_association_not_absolute_load	0.6099613772054404	84	MICRO_SENS_EXCLUDE_EXTREME	03_processed/microbiome/sensitivity/MICRO_SENS_EXCLUDE_EXTREME_centered_log_ratio.tsv.gz	121	positive	84	9	-0.30725411039006767	0.32572207484052784	0.8888888888888888	True	LOW_CURRENT_CONCERN
Acinetobacter	preprocessing_sensitivity	Model_0	CLR_genus ~ standardized_Moffitt50_contrast	59	-0.12984792844782825	0.06256967209162517	-0.25514153561047215	-0.004554321285184348	-2.075253459178798	0.042486929941228636	0.0728912562251256	0.05662619054486462	0.0728912562251256	0.0786221214227114	0.648772711924207	0.9440483914894603	2.2118741987702126	0.15300146742869883	0.09334721047780775	12.438078298974416	13.415986401261572	121_genus_tests_Moffitt50_MICRO_SENS_EXCLUDE_EXTREME	relative_compositional_CLR_association_not_absolute_load	0.10491670454874827	49	MICRO_SENS_EXCLUDE_EXTREME	03_processed/microbiome/sensitivity/MICRO_SENS_EXCLUDE_EXTREME_centered_log_ratio.tsv.gz	121	negative	49	9	-0.2999014566621953	0.3409093251196318	0.8888888888888888	True	BIOLOGICALLY_PLAUSIBLE_BUT_CONTAMINATION_SENSITIVE
Janthinobacterium	preprocessing_sensitivity	Model_0	CLR_genus ~ standardized_Moffitt50_contrast	59	-0.05158750383558699	0.13575149352584948	-0.3234251806682673	0.22025017299709335	-0.3800142635319428	0.7053471641427218	0.0031319964047324955	-0.014356915939044201	0.0031319964047324955	0.003141836625748597	0.010087202921469316	0.005807961744298642	3.520580041661098	0.12230861892915042	0.09334721047780775	49.12849088021868	49.28284457223391	121_genus_tests_Moffitt50_MICRO_SENS_EXCLUDE_EXTREME	relative_compositional_CLR_association_not_absolute_load	0.8699200846586734	98	MICRO_SENS_EXCLUDE_EXTREME	03_processed/microbiome/sensitivity/MICRO_SENS_EXCLUDE_EXTREME_centered_log_ratio.tsv.gz	121	negative	98	7	-0.2073114288744969	-0.012677479223610427	1.0	False	LOW_CURRENT_CONCERN
Paracoccus	preprocessing_sensitivity	Model_0	CLR_genus ~ standardized_Moffitt50_contrast	59	0.31481775464002626	0.19989215764169938	-0.08545938662062963	0.7150948959006822	1.5749379983397225	0.12080537243369775	0.037606902793182795	0.02072281336850179	0.037606902793182795	0.03907644693455351	0.00016899504157962428	0.00957006553153305	2.0989144469133394	0.16592446569741964	0.09334721047780775	147.10632956342462	152.85472224434673	121_genus_tests_Moffitt50_MICRO_SENS_EXCLUDE_EXTREME	relative_compositional_CLR_association_not_absolute_load	0.2283976572574598	64	MICRO_SENS_EXCLUDE_EXTREME	03_processed/microbiome/sensitivity/MICRO_SENS_EXCLUDE_EXTREME_centered_log_ratio.tsv.gz	121	positive	64	9	0.14074699964343015	0.3831964909827919	1.0	False	LOW_CURRENT_CONCERN
Delftia	preprocessing_sensitivity	Model_0	CLR_genus ~ standardized_Moffitt50_contrast	59	-0.09430991716375199	0.10129593863396487	-0.2971515354447281	0.10853170111722411	-0.9310335481913344	0.3557628868673717	0.010862527109207987	-0.006490761888876095	0.010862527109207987	0.01098181739840655	0.0018386605396724569	0.3556047544492127	4.404369491361845	0.18444777494090386	0.09334721047780775	46.97518533225709	47.49105823983224	121_genus_tests_Moffitt50_MICRO_SENS_EXCLUDE_EXTREME	relative_compositional_CLR_association_not_absolute_load	0.5380913663868997	80	MICRO_SENS_EXCLUDE_EXTREME	03_processed/microbiome/sensitivity/MICRO_SENS_EXCLUDE_EXTREME_centered_log_ratio.tsv.gz	121	negative	80	7	-0.2105480408070087	0.4303661368109584	0.7142857142857143	True	HIGH_RISK_POTENTIAL_CONTAMINANT
Sphingorhabdus	preprocessing_sensitivity	Model_0	CLR_genus ~ standardized_Moffitt50_contrast	59	0.24678855340615122	0.13217657747696965	-0.017890477518782172	0.5114675843310846	1.8671126013166097	0.06703141508949646	0.06040632090766562	0.043922221274466766	0.06040632090766562	0.06428983320324089	0.1669944207584444	0.5413662162125031	2.9846195440269967	0.19697411738335277	0.09334721047780775	54.94595411666671	58.47842034202015	121_genus_tests_Moffitt50_MICRO_SENS_EXCLUDE_EXTREME	relative_compositional_CLR_association_not_absolute_load	0.1474691131968922	55	MICRO_SENS_EXCLUDE_EXTREME	03_processed/microbiome/sensitivity/MICRO_SENS_EXCLUDE_EXTREME_centered_log_ratio.tsv.gz	121	positive	55	9	-0.351892084151617	0.5011679943879076	0.8888888888888888	True	LOW_CURRENT_CONCERN
Klebsiella	preprocessing_sensitivity	Model_0	CLR_genus ~ standardized_Moffitt50_contrast	59	-0.7863047367928299	0.17661894080029822	-1.1399780652019902	-0.43263140838366954	-4.45198421658467	4.0137760617366304e-05	0.2891065573407928	0.2766347425572979	0.2891065573407928	0.40668057966513926	0.4300267107696447	0.08435237747445126	2.920035130365208	0.10338132856353825	0.09334721047780775	88.17720801296167	124.03716608092644	121_genus_tests_Moffitt50_MICRO_SENS_EXCLUDE_EXTREME	relative_compositional_CLR_association_not_absolute_load	0.00040472241955844353	12	MICRO_SENS_EXCLUDE_EXTREME	03_processed/microbiome/sensitivity/MICRO_SENS_EXCLUDE_EXTREME_centered_log_ratio.tsv.gz	121	negative	12	9	-0.9000886543866474	-0.2595436216423461	1.0	False	LOW_CURRENT_CONCERN
Brachybacterium	preprocessing_sensitivity	Model_0	CLR_genus ~ standardized_Moffitt50_contrast	59	0.22485546694237973	0.12725243758766053	-0.029963143937495107	0.4796740778222546	1.7670032197810224	0.0825811235788346	0.058154437642521595	0.041630831285372816	0.058154437642521595	0.061745194718504204	0.0007375392924234897	0.0173252074649958	4.325278308420977	0.1510661260825462	0.09334721047780775	47.493232666508064	50.42571156531284	121_genus_tests_Moffitt50_MICRO_SENS_EXCLUDE_EXTREME	relative_compositional_CLR_association_not_absolute_load	0.16936128733964384	59	MICRO_SENS_EXCLUDE_EXTREME	03_processed/microbiome/sensitivity/MICRO_SENS_EXCLUDE_EXTREME_centered_log_ratio.tsv.gz	121	positive	59	7	-0.43011364035076505	0.444301166968059	0.8571428571428571	True	LOW_CURRENT_CONCERN
Herbaspirillum	preprocessing_sensitivity	Model_0	CLR_genus ~ standardized_Moffitt50_contrast	59	0.37780204902530007	0.14194628177062327	0.09355952270483825	0.6620445753457619	2.6615846805751886	0.010087012995274543	0.11623620397576273	0.10073157597533744	0.11623620397576273	0.13152406163125396	0.0054175800722254695	0.28329168446156205	3.1766971318123316	0.25698179974324525	0.09334721047780775	62.943574093519594	71.22216861188706	121_genus_tests_Moffitt50_MICRO_SENS_EXCLUDE_EXTREME	relative_compositional_CLR_association_not_absolute_load	0.034872244926520565	35	MICRO_SENS_EXCLUDE_EXTREME	03_processed/microbiome/sensitivity/MICRO_SENS_EXCLUDE_EXTREME_centered_log_ratio.tsv.gz	121	positive	35	8	-0.4180183650526207	0.7134656317250663	0.875	True	MODERATE_RISK_ENVIRONMENTAL
Melaminivora	preprocessing_sensitivity	Model_0	CLR_genus ~ standardized_Moffitt50_contrast	59	0.007791271212935407	0.1455657659155113	-0.28369914708811617	0.2992816895139869	0.05352406291364953	0.9575015124437338	4.6878280587581145e-05	-0.01749615894255996	4.6878280587581145e-05	4.688047826379528e-05	1.295420157130264e-06	0.011037815682265646	1.9823544055461229	0.14909491627238877	0.09334721047780775	75.10219057040987	75.10571139702246	121_genus_tests_Moffitt50_MICRO_SENS_EXCLUDE_EXTREME	relative_compositional_CLR_association_not_absolute_load	0.9735939748377461	119	MICRO_SENS_EXCLUDE_EXTREME	03_processed/microbiome/sensitivity/MICRO_SENS_EXCLUDE_EXTREME_centered_log_ratio.tsv.gz	121	positive	119	9	-0.014138444892149504	0.08689498779858233	0.8888888888888888	True	LOW_CURRENT_CONCERN
Lysobacter	preprocessing_sensitivity	Model_0	CLR_genus ~ standardized_Moffitt50_contrast	62	-0.062997331948864	0.2370268079856568	-0.5371215397215655	0.41112687582383756	-0.2657814636421892	0.7913186589654804	0.0011872190349064837	-0.015459660647844986	0.0011872190349064837	0.0011886301993045629	0.017264544152077937	0.7254058668593271	2.208888946757695	0.14198878365684592	0.09080065219490131	203.67015236101284	203.91224085480607	116_genus_tests_Moffitt50_MICRO_SENS_NO_HIGH_RISK	relative_compositional_CLR_association_not_absolute_load	0.9115986079188605	100	MICRO_SENS_NO_HIGH_RISK	03_processed/microbiome/sensitivity/MICRO_SENS_NO_HIGH_RISK_centered_log_ratio.tsv.gz	116	negative	100	9	-0.1064078828104997	0.06822276164190187	0.8888888888888888	True	LOW_CURRENT_CONCERN
Paraburkholderia	preprocessing_sensitivity	Model_0	CLR_genus ~ standardized_Moffitt50_contrast	62	-0.213548811527367	0.16170443454109507	-0.5370058397499669	0.10990821669523293	-1.32061196796119	0.19164603665713306	0.01919985162719251	0.0028531824876457668	0.01919985162719251	0.019575702205027138	6.177145991137017e-08	0.5398022581084101	4.876942766760949	0.23544234677425932	0.09080065219490131	142.10416362358956	144.88595241277937	116_genus_tests_Moffitt50_MICRO_SENS_NO_HIGH_RISK	relative_compositional_CLR_association_not_absolute_load	0.34735844144105366	64	MICRO_SENS_NO_HIGH_RISK	03_processed/microbiome/sensitivity/MICRO_SENS_NO_HIGH_RISK_centered_log_ratio.tsv.gz	116	negative	64	6	-0.2295738398272358	-0.17552355289460428	1.0	False	MODERATE_RISK_ENVIRONMENTAL
Aerococcus	preprocessing_sensitivity	Model_0	CLR_genus ~ standardized_Moffitt50_contrast	62	0.18397215315119753	0.14472469086610276	-0.10552033077995487	0.4734646370823499	1.271187052120954	0.20856821202467124	0.03210084993162177	0.015969197430482196	0.03210084993162177	0.033165490360595906	0.01615989296921554	0.205804734148283	2.989766065273245	0.17798209279668237	0.09080065219490131	62.25118093514736	64.31577187638769	116_genus_tests_Moffitt50_MICRO_SENS_NO_HIGH_RISK	relative_compositional_CLR_association_not_absolute_load	0.3665744332554828	66	MICRO_SENS_NO_HIGH_RISK	03_processed/microbiome/sensitivity/MICRO_SENS_NO_HIGH_RISK_centered_log_ratio.tsv.gz	116	positive	66	8	-0.43998823998597864	0.46464313098629384	0.875	True	LOW_CURRENT_CONCERN
Acidovorax	preprocessing_sensitivity	Model_0	CLR_genus ~ standardized_Moffitt50_contrast	62	-0.19247081062813617	0.08282141143630076	-0.3581382995403155	-0.02680332171595684	-2.323925749275216	0.023534196697344127	0.0952352678363233	0.0801558556335954	0.0952352678363233	0.10525970393272882	0.036510256757884864	0.0293965268056007	2.2035430136815566	0.1401735001489918	0.09080065219490131	21.468289432194858	23.728035221769815	116_genus_tests_Moffitt50_MICRO_SENS_NO_HIGH_RISK	relative_compositional_CLR_association_not_absolute_load	0.08029314167329174	34	MICRO_SENS_NO_HIGH_RISK	03_processed/microbiome/sensitivity/MICRO_SENS_NO_HIGH_RISK_centered_log_ratio.tsv.gz	116	negative	34	9	-0.3848994900514588	0.25608410912850155	0.8888888888888888	True	LOW_CURRENT_CONCERN
Cupriavidus	preprocessing_sensitivity	Model_0	CLR_genus ~ standardized_Moffitt50_contrast	62	-0.2975786515510974	0.07586861857335399	-0.449338484042608	-0.1458188190595868	-3.9222890458112385	0.00022814227008417898	0.14685985789250333	0.13264085552404514	0.14685985789250333	0.17214036785295095	5.295699150619272e-08	0.5744156081338333	7.360755031553234	0.2826196554973271	0.09080065219490131	31.37983468242318	36.7815709678203	116_genus_tests_Moffitt50_MICRO_SENS_NO_HIGH_RISK	relative_compositional_CLR_association_not_absolute_load	0.002646450332976476	10	MICRO_SENS_NO_HIGH_RISK	03_processed/microbiome/sensitivity/MICRO_SENS_NO_HIGH_RISK_centered_log_ratio.tsv.gz	116	negative	10	9	-0.47525427738843407	0.11145600631722874	0.8888888888888888	True	BIOLOGICALLY_PLAUSIBLE_BUT_CONTAMINATION_SENSITIVE
Staphylococcus	preprocessing_sensitivity	Model_0	CLR_genus ~ standardized_Moffitt50_contrast	62	-0.4521420485433174	0.1641545931028012	-0.7805001236004877	-0.12378397348614711	-2.7543673314103683	0.007772465387195793	0.08822843789650314	0.07303224519477824	0.08822843789650314	0.09676594616852963	0.0376976874789147	0.11813487512161261	2.325649126767278	0.10468063021834453	0.09080065219490131	128.87155915366233	141.3419375093801	116_genus_tests_Moffitt50_MICRO_SENS_NO_HIGH_RISK	relative_compositional_CLR_association_not_absolute_load	0.03606423939658848	25	MICRO_SENS_NO_HIGH_RISK	03_processed/microbiome/sensitivity/MICRO_SENS_NO_HIGH_RISK_centered_log_ratio.tsv.gz	116	negative	25	9	-0.6117666435337625	-0.0967237405855739	1.0	False	LOW_CURRENT_CONCERN
Luteimonas	preprocessing_sensitivity	Model_0	CLR_genus ~ standardized_Moffitt50_contrast	62	0.0771156954851534	0.16129652995893157	-0.24552540209015522	0.399756793060462	0.47809891201495885	0.6343172046977605	0.005156433578768271	-0.011424292528252167	0.005156433578768271	0.005183160200068038	1.1573139680016483e-05	0.006226176375837003	4.067968818166894	0.3385615827384957	0.09080065219490131	69.98754541582834	70.35030207572807	116_genus_tests_Moffitt50_MICRO_SENS_NO_HIGH_RISK	relative_compositional_CLR_association_not_absolute_load	0.8175643971660025	90	MICRO_SENS_NO_HIGH_RISK	03_processed/microbiome/sensitivity/MICRO_SENS_NO_HIGH_RISK_centered_log_ratio.tsv.gz	116	positive	90	6	-0.24135337341528235	0.19972120534171772	0.8333333333333334	True	LOW_CURRENT_CONCERN
Rhodopseudomonas	preprocessing_sensitivity	Model_0	CLR_genus ~ standardized_Moffitt50_contrast	62	0.407041083611056	0.19958618597431474	0.007809270502501187	0.8062728967196109	2.039425131674389	0.04581881139676244	0.06467400797556144	0.049085241441820804	0.06467400797556144	0.06914595395299526	0.004706804749502433	0.18659039131160257	2.141482020335486	0.16763603970728277	0.09080065219490131	146.16370865970504	156.270337728288	116_genus_tests_Moffitt50_MICRO_SENS_NO_HIGH_RISK	relative_compositional_CLR_association_not_absolute_load	0.13558576892569627	39	MICRO_SENS_NO_HIGH_RISK	03_processed/microbiome/sensitivity/MICRO_SENS_NO_HIGH_RISK_centered_log_ratio.tsv.gz	116	positive	39	9	0.3285600369017634	0.45682013834174473	1.0	False	LOW_CURRENT_CONCERN
Rhodoferax	preprocessing_sensitivity	Model_0	CLR_genus ~ standardized_Moffitt50_contrast	62	0.017801613166977332	0.12411265688409451	-0.23046066408268004	0.2660638904166347	0.1434310860301845	0.8864303642939222	0.0002276639496029409	-0.01643520831790357	0.0002276639496029409	0.00022771579227959823	0.0005707664038950053	0.010632157653667136	2.91604494860168	0.062499024170947035	0.09080065219490131	84.88977913483458	84.90910987814672	116_genus_tests_Moffitt50_MICRO_SENS_NO_HIGH_RISK	relative_compositional_CLR_association_not_absolute_load	0.9400809150643215	109	MICRO_SENS_NO_HIGH_RISK	03_processed/microbiome/sensitivity/MICRO_SENS_NO_HIGH_RISK_centered_log_ratio.tsv.gz	116	positive	109	9	-0.11760221629835572	0.07289599979546624	0.8888888888888888	True	LOW_CURRENT_CONCERN
Blastomonas	preprocessing_sensitivity	Model_0	CLR_genus ~ standardized_Moffitt50_contrast	62	-0.11818810477555929	0.050239332401271236	-0.21868173195727258	-0.017694477593845986	-2.3525014988568738	0.021945406903836638	0.07739956156738392	0.06202288759350705	0.07739956156738392	0.08389282981360403	0.021504159775123016	0.7758520986476419	3.6904890057168696	0.11485746847095661	0.09080065219490131	10.15669773721927	11.008771851956023	116_genus_tests_Moffitt50_MICRO_SENS_NO_HIGH_RISK	relative_compositional_CLR_association_not_absolute_load	0.07714143032863788	33	MICRO_SENS_NO_HIGH_RISK	03_processed/microbiome/sensitivity/MICRO_SENS_NO_HIGH_RISK_centered_log_ratio.tsv.gz	116	negative	33	9	-0.30810806699131943	0.33320041136407413	0.8888888888888888	True	LOW_CURRENT_CONCERN
Aeromonas	preprocessing_sensitivity	Model_0	CLR_genus ~ standardized_Moffitt50_contrast	62	0.35645403440989987	0.15959054408673592	0.03722541665913126	0.6756826521606685	2.233553600871055	0.0292525938479888	0.07602338105894457	0.06062377074326042	0.07602338105894457	0.08227846841630355	0.000938393272011247	0.8379071962779298	4.557778055809704	0.1812714432153045	0.09080065219490131	94.19995712920846	101.95058532668118	116_genus_tests_Moffitt50_MICRO_SENS_NO_HIGH_RISK	relative_compositional_CLR_association_not_absolute_load	0.09695145389619146	35	MICRO_SENS_NO_HIGH_RISK	03_processed/microbiome/sensitivity/MICRO_SENS_NO_HIGH_RISK_centered_log_ratio.tsv.gz	116	positive	35	9	-0.36993610811046285	0.6878998899726578	0.8888888888888888	True	LOW_CURRENT_CONCERN
Achromobacter	preprocessing_sensitivity	Model_0	CLR_genus ~ standardized_Moffitt50_contrast	62	-0.24233621658437726	0.11852345658249815	-0.47941842864395	-0.005254004524804512	-2.044626638235946	0.045286367311112935	0.058493220466386275	0.04280144080749282	0.058493220466386275	0.06212724298741807	0.00044860306818531287	0.37237713247748416	5.099273353478429	0.27953423886065737	0.09080065219490131	57.661296103220295	61.24363345719453	116_genus_tests_Moffitt50_MICRO_SENS_NO_HIGH_RISK	relative_compositional_CLR_association_not_absolute_load	0.13558576892569627	38	MICRO_SENS_NO_HIGH_RISK	03_processed/microbiome/sensitivity/MICRO_SENS_NO_HIGH_RISK_centered_log_ratio.tsv.gz	116	negative	38	9	-0.4029494350455562	0.1319766261892544	0.8888888888888888	True	LOW_CURRENT_CONCERN
Azoarcus	preprocessing_sensitivity	Model_0	CLR_genus ~ standardized_Moffitt50_contrast	62	-0.20210923362565905	0.07775755441746435	-0.35764750037206827	-0.04657096687924983	-2.59922312551879	0.011742823595251495	0.11496618104836265	0.10021561739916873	0.11496618104836265	0.12990032537349283	0.700229748827746	0.3365472258583572	3.0388594008558094	0.09626429284125228	0.09080065219490131	19.18191254839057	21.673649229712396	116_genus_tests_Moffitt50_MICRO_SENS_NO_HIGH_RISK	relative_compositional_CLR_association_not_absolute_load	0.04394088829190882	31	MICRO_SENS_NO_HIGH_RISK	03_processed/microbiome/sensitivity/MICRO_SENS_NO_HIGH_RISK_centered_log_ratio.tsv.gz	116	negative	31	9	-0.3942746859776195	0.24674330221477256	0.8888888888888888	True	LOW_CURRENT_CONCERN
Enterobacter	preprocessing_sensitivity	Model_0	CLR_genus ~ standardized_Moffitt50_contrast	62	0.25329761011131136	0.21537816199178733	-0.1775228582302953	0.6841180784529179	1.1760598556921937	0.24421623017981925	0.020147562317559986	0.003816688356186093	0.020147562317559986	0.020561833131949203	0.09000349318043938	0.0024984949686262543	2.2982799558583493	0.09783758305535839	0.09080065219490131	190.34005438420795	194.25379482078216	116_genus_tests_Moffitt50_MICRO_SENS_NO_HIGH_RISK	relative_compositional_CLR_association_not_absolute_load	0.42282212986356765	67	MICRO_SENS_NO_HIGH_RISK	03_processed/microbiome/sensitivity/MICRO_SENS_NO_HIGH_RISK_centered_log_ratio.tsv.gz	116	positive	67	9	0.03969291725914792	0.35951297607592725	1.0	False	LOW_CURRENT_CONCERN
Methyloversatilis	preprocessing_sensitivity	Model_0	CLR_genus ~ standardized_Moffitt50_contrast	62	-0.07722496216707331	0.05412327688182883	-0.18548763503407026	0.031037710699923643	-1.426834563910164	0.15881092956471304	0.03086934853792911	0.014717171013561292	0.03086934853792911	0.03185261810815531	0.05724308093650479	0.9585696165824222	3.8035841727778563	0.09874079969804742	0.09080065219490131	11.420894208721982	11.784679590406045	116_genus_tests_Moffitt50_MICRO_SENS_NO_HIGH_RISK	relative_compositional_CLR_association_not_absolute_load	0.3089057518969015	59	MICRO_SENS_NO_HIGH_RISK	03_processed/microbiome/sensitivity/MICRO_SENS_NO_HIGH_RISK_centered_log_ratio.tsv.gz	116	negative	59	9	-0.2700977226113444	0.37082864023250756	0.8888888888888888	True	LOW_CURRENT_CONCERN
Mycobacterium	preprocessing_sensitivity	Model_0	CLR_genus ~ standardized_Moffitt50_contrast	62	-0.159125515126283	0.1993247365360856	-0.5578343514929812	0.23958332124041518	-0.7983229672924969	0.4278316837625622	0.012134363231626866	-0.004330064047845861	0.012134363231626866	0.012283414646674297	4.486102943121165e-06	0.10352324648787793	2.904136973070063	0.14631745633058507	0.09080065219490131	125.74489650031394	127.28947320373045	116_genus_tests_Moffitt50_MICRO_SENS_NO_HIGH_RISK	relative_compositional_CLR_association_not_absolute_load	0.6340204605119899	77	MICRO_SENS_NO_HIGH_RISK	03_processed/microbiome/sensitivity/MICRO_SENS_NO_HIGH_RISK_centered_log_ratio.tsv.gz	116	negative	77	8	-0.2483434173588759	-0.01002275332773586	1.0	False	LOW_CURRENT_CONCERN
Rubrivivax	preprocessing_sensitivity	Model_0	CLR_genus ~ standardized_Moffitt50_contrast	62	0.43314194110605747	0.12218851278215258	0.1887285251127561	0.6775553570993589	3.544866299161014	0.0007684172955737205	0.1335854027714377	0.11914515948429505	0.1335854027714377	0.1541818468880177	0.05388366389440214	0.13197667750339934	2.0730432592847894	0.15780827553936327	0.09080065219490131	74.22617280077404	85.67050121062654	116_genus_tests_Moffitt50_MICRO_SENS_NO_HIGH_RISK	relative_compositional_CLR_association_not_absolute_load	0.0055710253929094735	16	MICRO_SENS_NO_HIGH_RISK	03_processed/microbiome/sensitivity/MICRO_SENS_NO_HIGH_RISK_centered_log_ratio.tsv.gz	116	positive	16	9	-0.14255031101523494	0.6890998729537884	0.8888888888888888	True	LOW_CURRENT_CONCERN
Mesorhizobium	preprocessing_sensitivity	Model_0	CLR_genus ~ standardized_Moffitt50_contrast	62	0.32974905085367207	0.1547327727103438	0.020237422606943833	0.6392606791004003	2.1310873260893133	0.03718855754572293	0.068518253562324	0.05299355778836279	0.068518253562324	0.07355834274194062	0.45286291123364797	0.9716633335290609	2.459615734744101	0.14685266212455275	0.09080065219490131	90.17060990813974	96.80341053701248	116_genus_tests_Moffitt50_MICRO_SENS_NO_HIGH_RISK	relative_compositional_CLR_association_not_absolute_load	0.11982979653621832	36	MICRO_SENS_NO_HIGH_RISK	03_processed/microbiome/sensitivity/MICRO_SENS_NO_HIGH_RISK_centered_log_ratio.tsv.gz	116	positive	36	8	-0.2155946253935093	0.5796558786667678	0.875	True	MODERATE_RISK_ENVIRONMENTAL
Nocardioides	preprocessing_sensitivity	Model_0	CLR_genus ~ standardized_Moffitt50_contrast	62	0.624733034502517	0.15535717107122485	0.3139724235744492	0.9354936454305849	4.021269376848416	0.00016424632656722614	0.183710036821089	0.17010520410144048	0.183710036821089	0.22505487646284364	0.0971071158127916	0.5006207791308337	2.8097385797833248	0.16934518920773298	0.09080065219490131	105.78652461348783	129.59429784180992	116_genus_tests_Moffitt50_MICRO_SENS_NO_HIGH_RISK	relative_compositional_CLR_association_not_absolute_load	0.0022501376653816514	8	MICRO_SENS_NO_HIGH_RISK	03_processed/microbiome/sensitivity/MICRO_SENS_NO_HIGH_RISK_centered_log_ratio.tsv.gz	116	positive	8	9	0.0014533719312191237	0.9216275608468687	1.0	False	LOW_CURRENT_CONCERN
Dechloromonas	preprocessing_sensitivity	Model_0	CLR_genus ~ standardized_Moffitt50_contrast	62	-0.4162176666108895	0.10397692453575949	-0.6242024822995103	-0.2082328509222687	-4.0029811274880025	0.00017457964645202468	0.2651901068777931	0.25294327532575633	0.2651901068777931	0.36089621187733395	0.0014497493133233104	0.5888546010954643	3.667575647724607	0.25114945656857907	0.09080065219490131	29.281177131145963	39.848643037085765	116_genus_tests_Moffitt50_MICRO_SENS_NO_HIGH_RISK	relative_compositional_CLR_association_not_absolute_load	0.0022501376653816514	9	MICRO_SENS_NO_HIGH_RISK	03_processed/microbiome/sensitivity/MICRO_SENS_NO_HIGH_RISK_centered_log_ratio.tsv.gz	116	negative	9	8	-0.610176916443837	0.030611278190279773	0.875	True	MODERATE_RISK_ENVIRONMENTAL
Chelatococcus	preprocessing_sensitivity	Model_0	CLR_genus ~ standardized_Moffitt50_contrast	62	0.19527389440632292	0.13718140921808938	-0.07912977967346818	0.469677568486114	1.4234719960915316	0.15977883718805252	0.049379411870063006	0.03353573540123078	0.049379411870063006	0.05194439557342462	0.0759766582103926	2.807745429318334e-05	2.6301890513721484	0.23246449747635148	0.09080065219490131	44.77952815420456	47.10557367823787	116_genus_tests_Moffitt50_MICRO_SENS_NO_HIGH_RISK	relative_compositional_CLR_association_not_absolute_load	0.3089057518969015	60	MICRO_SENS_NO_HIGH_RISK	03_processed/microbiome/sensitivity/MICRO_SENS_NO_HIGH_RISK_centered_log_ratio.tsv.gz	116	positive	60	7	-0.35943713101054353	0.45352436596998374	0.8571428571428571	True	LOW_CURRENT_CONCERN
Bordetella	preprocessing_sensitivity	Model_0	CLR_genus ~ standardized_Moffitt50_contrast	62	-0.06571728596232365	0.11636548033336583	-0.29848290283079854	0.16704833090615123	-0.5647489768791882	0.5743499685933262	0.0032484495589865103	-0.01336407628169689	0.0032484495589865103	0.0032590363742591934	1.9132169749194047e-07	0.0745624432026081	2.809338046756181	0.10335531129192392	0.09080065219490131	80.83507880127694	81.0985232634064	116_genus_tests_Moffitt50_MICRO_SENS_NO_HIGH_RISK	relative_compositional_CLR_association_not_absolute_load	0.7657999581244349	87	MICRO_SENS_NO_HIGH_RISK	03_processed/microbiome/sensitivity/MICRO_SENS_NO_HIGH_RISK_centered_log_ratio.tsv.gz	116	negative	87	9	-0.15801591206741342	0.15808509814265914	0.8888888888888888	True	LOW_CURRENT_CONCERN
Kocuria	preprocessing_sensitivity	Model_0	CLR_genus ~ standardized_Moffitt50_contrast	62	0.0351199761684887	0.2162877704920918	-0.39751998007516265	0.4677599324121401	0.1623761532544569	0.8715552643788587	0.00044201993033310405	-0.01621727973749465	0.00044201993033310405	0.00044221539835267613	0.004590761101100116	0.42975965219778767	2.132257107896252	0.12288998055786318	0.09080065219490131	170.13920494581745	170.21444312210804	116_genus_tests_Moffitt50_MICRO_SENS_NO_HIGH_RISK	relative_compositional_CLR_association_not_absolute_load	0.9361149135921075	108	MICRO_SENS_NO_HIGH_RISK	03_processed/microbiome/sensitivity/MICRO_SENS_NO_HIGH_RISK_centered_log_ratio.tsv.gz	116	positive	108	9	-0.029317548333144244	0.08203008655403657	0.8888888888888888	True	LOW_CURRENT_CONCERN
Bosea	preprocessing_sensitivity	Model_0	CLR_genus ~ standardized_Moffitt50_contrast	62	0.36508345232542727	0.18368338740790308	-0.0023380274468027817	0.7325049320976573	1.9875692487894492	0.051429084764919274	0.0710001806408358	0.0555168503181831	0.0710001806408358	0.07642647410826475	0.012795035360824578	0.4181999372740436	3.298922119369883	0.1741441702116464	0.09080065219490131	106.38252845938622	114.51297001625922	116_genus_tests_Moffitt50_MICRO_SENS_NO_HIGH_RISK	relative_compositional_CLR_association_not_absolute_load	0.13558576892569627	44	MICRO_SENS_NO_HIGH_RISK	03_processed/microbiome/sensitivity/MICRO_SENS_NO_HIGH_RISK_centered_log_ratio.tsv.gz	116	positive	44	9	0.22389621387352693	0.7115024363829625	1.0	False	LOW_CURRENT_CONCERN
Phenylobacterium	preprocessing_sensitivity	Model_0	CLR_genus ~ standardized_Moffitt50_contrast	62	-0.014152057584343194	0.1817041607857524	-0.3776144946550126	0.34931037948632626	-0.07788515971865885	0.93817856240047	0.00013390970644322486	-0.01653052513178266	0.00013390970644322486	0.0001339276406542695	0.06205314325479761	0.7778320938464476	2.174274115965877	0.17326617012652426	0.09080065219490131	91.22183222529834	91.23404935006444	116_genus_tests_Moffitt50_MICRO_SENS_NO_HIGH_RISK	relative_compositional_CLR_association_not_absolute_load	0.9630859578624295	113	MICRO_SENS_NO_HIGH_RISK	03_processed/microbiome/sensitivity/MICRO_SENS_NO_HIGH_RISK_centered_log_ratio.tsv.gz	116	negative	113	9	-0.21706339432744476	0.06043358537804597	0.6666666666666666	True	LOW_CURRENT_CONCERN
Xanthomonas	preprocessing_sensitivity	Model_0	CLR_genus ~ standardized_Moffitt50_contrast	62	0.08338462487948577	0.18958179385506754	-0.2958354244623622	0.4626046742213338	0.4398345599748469	0.661637219515791	0.0028699795053873656	-0.013748854169522762	0.0028699795053873656	0.002878239995185133	0.1845365369400079	0.251140751751637	2.1910567095548306	0.1069800471347368	0.09080065219490131	147.3583635671116	147.7824963027555	116_genus_tests_Moffitt50_MICRO_SENS_NO_HIGH_RISK	relative_compositional_CLR_association_not_absolute_load	0.8434056864157337	91	MICRO_SENS_NO_HIGH_RISK	03_processed/microbiome/sensitivity/MICRO_SENS_NO_HIGH_RISK_centered_log_ratio.tsv.gz	116	positive	91	9	-0.12549556930516964	0.1685307743332001	0.8888888888888888	True	LOW_CURRENT_CONCERN
Azospira	preprocessing_sensitivity	Model_0	CLR_genus ~ standardized_Moffitt50_contrast	62	-0.05368545486428863	0.14792728958887924	-0.3495840900453965	0.24221318031681924	-0.3629178565597443	0.7179416524102893	0.001807332003567308	-0.01482921246303981	0.001807332003567308	0.0018106043667851976	0.0005304393333207181	0.0375059937704095	2.079594682569634	0.11124100641637104	0.09080065219490131	97.10007063294569	97.27588044484884	116_genus_tests_Moffitt50_MICRO_SENS_NO_HIGH_RISK	relative_compositional_CLR_association_not_absolute_load	0.8585693987586965	97	MICRO_SENS_NO_HIGH_RISK	03_processed/microbiome/sensitivity/MICRO_SENS_NO_HIGH_RISK_centered_log_ratio.tsv.gz	116	negative	97	9	-0.07620677347319324	-0.009782914418844477	1.0	False	LOW_CURRENT_CONCERN
Deinococcus	preprocessing_sensitivity	Model_0	CLR_genus ~ standardized_Moffitt50_contrast	62	-0.04185518933662613	0.15935677309903493	-0.3606161954898463	0.27690581681659404	-0.26265083386580956	0.7937194775845251	0.0014365680460863839	-0.015206155819812217	0.0014365680460863839	0.0014386347427878627	0.0018811285968501768	0.022892864712450917	2.2477489886003776	0.10155684512360366	0.09080065219490131	74.28102920106465	74.38789247040337	116_genus_tests_Moffitt50_MICRO_SENS_NO_HIGH_RISK	relative_compositional_CLR_association_not_absolute_load	0.9115986079188605	101	MICRO_SENS_NO_HIGH_RISK	03_processed/microbiome/sensitivity/MICRO_SENS_NO_HIGH_RISK_centered_log_ratio.tsv.gz	116	negative	101	9	-0.22986178284624154	0.031810294018513485	0.8888888888888888	True	LOW_CURRENT_CONCERN
Hydrogenophaga	preprocessing_sensitivity	Model_0	CLR_genus ~ standardized_Moffitt50_contrast	62	-0.2704961326690891	0.0749862614242062	-0.4204909880769207	-0.12050127726125753	-3.607275886696902	0.0006314192834843452	0.14002041924623565	0.12568742623367302	0.14002041924623565	0.1628183068294587	0.0001757628999410235	0.726859566628527	5.5401942834852225	0.2020309287204355	0.09080065219490131	27.41250484688979	31.875762472014713	116_genus_tests_Moffitt50_MICRO_SENS_NO_HIGH_RISK	relative_compositional_CLR_association_not_absolute_load	0.0048829757922789355	15	MICRO_SENS_NO_HIGH_RISK	03_processed/microbiome/sensitivity/MICRO_SENS_NO_HIGH_RISK_centered_log_ratio.tsv.gz	116	negative	15	9	-0.44695758884248316	0.13991111124886363	0.8888888888888888	True	LOW_CURRENT_CONCERN
Porphyrobacter	preprocessing_sensitivity	Model_0	CLR_genus ~ standardized_Moffitt50_contrast	62	-0.1352458232340694	0.07079097739252604	-0.2768488611305999	0.006357214662461169	-1.9104952102038408	0.060851628212988604	0.036720160926117074	0.020665496941552397	0.036720160926117074	0.03811993092414411	1.9530772314700216e-07	0.31855485914897524	4.827805056933081	0.24716859772815997	0.09080065219490131	29.27018406875518	30.38596146359311	116_genus_tests_Moffitt50_MICRO_SENS_NO_HIGH_RISK	relative_compositional_CLR_association_not_absolute_load	0.15345193201536256	46	MICRO_SENS_NO_HIGH_RISK	03_processed/microbiome/sensitivity/MICRO_SENS_NO_HIGH_RISK_centered_log_ratio.tsv.gz	116	negative	46	9	-0.2765363425352776	0.20037411264436958	0.8888888888888888	True	LOW_CURRENT_CONCERN
Aromatoleum	preprocessing_sensitivity	Model_0	CLR_genus ~ standardized_Moffitt50_contrast	62	0.25367429473522723	0.1484778533583915	-0.043325631954915955	0.5506742214253704	1.708499207103403	0.09271269275488259	0.035794747112835146	0.019724659564715807	0.035794747112835146	0.03712357613241917	0.0032096492786403653	0.7902764076830254	2.3028054767348616	0.06280249591520866	0.09080065219490131	105.73845316982725	109.66384268620158	116_genus_tests_Moffitt50_MICRO_SENS_NO_HIGH_RISK	relative_compositional_CLR_association_not_absolute_load	0.20682062229935347	52	MICRO_SENS_NO_HIGH_RISK	03_processed/microbiome/sensitivity/MICRO_SENS_NO_HIGH_RISK_centered_log_ratio.tsv.gz	116	positive	52	9	-0.29320953734121424	0.491506412046362	0.8888888888888888	True	LOW_CURRENT_CONCERN
Microbacterium	preprocessing_sensitivity	Model_0	CLR_genus ~ standardized_Moffitt50_contrast	62	0.32137629688794456	0.16042365766184852	0.0004812038673877028	0.6422713899085014	2.00329740371188	0.04966823781311559	0.051707188234753954	0.035902308038666564	0.051707188234753954	0.05452660569945804	0.13210338739717162	0.5355771275470299	2.432614152520361	0.15597758785915958	0.09080065219490131	115.54444102044138	121.84468719672725	116_genus_tests_Moffitt50_MICRO_SENS_NO_HIGH_RISK	relative_compositional_CLR_association_not_absolute_load	0.13558576892569627	41	MICRO_SENS_NO_HIGH_RISK	03_processed/microbiome/sensitivity/MICRO_SENS_NO_HIGH_RISK_centered_log_ratio.tsv.gz	116	positive	41	9	-0.08520596426249223	0.5160267710139143	0.8888888888888888	True	LOW_CURRENT_CONCERN
Mitsuaria	preprocessing_sensitivity	Model_0	CLR_genus ~ standardized_Moffitt50_contrast	62	0.050077879205746856	0.17225355007108986	-0.29448052183567847	0.3946362802471722	0.29072189911371626	0.772266573518626	0.0019704049510513855	-0.01466342163309764	0.0019704049510513855	0.001974295111914739	0.0006740085742439172	0.0005763085852535694	2.501297632625635	0.18966894661844536	0.09080065219490131	77.48356981043526	77.63654524356572	116_genus_tests_Moffitt50_MICRO_SENS_NO_HIGH_RISK	relative_compositional_CLR_association_not_absolute_load	0.9048780053349558	99	MICRO_SENS_NO_HIGH_RISK	03_processed/microbiome/sensitivity/MICRO_SENS_NO_HIGH_RISK_centered_log_ratio.tsv.gz	116	positive	99	7	-0.13146021074424055	0.12727482329082404	0.8571428571428571	True	LOW_CURRENT_CONCERN
Pandoraea	preprocessing_sensitivity	Model_0	CLR_genus ~ standardized_Moffitt50_contrast	62	0.4313849846552715	0.08943701157730205	0.25248432518973	0.6102856441208129	4.823338537898457	1.0049185548770074e-05	0.2682433015049921	0.2560473565300754	0.2682433015049921	0.36657443936855477	0.22893419435742818	0.09273149294020773	3.682403735003234	0.25982962514383323	0.09080065219490131	30.96689808406076	42.31857138820849	116_genus_tests_Moffitt50_MICRO_SENS_NO_HIGH_RISK	relative_compositional_CLR_association_not_absolute_load	0.0003229184272677756	3	MICRO_SENS_NO_HIGH_RISK	03_processed/microbiome/sensitivity/MICRO_SENS_NO_HIGH_RISK_centered_log_ratio.tsv.gz	116	positive	3	9	-0.5456379311439243	0.8742960847593249	0.8888888888888888	True	LOW_CURRENT_CONCERN
Rhodococcus	preprocessing_sensitivity	Model_0	CLR_genus ~ standardized_Moffitt50_contrast	62	-0.06440179758012299	0.16692922601506713	-0.39830996480858794	0.26950636964834196	-0.3858030083618194	0.701007136173001	0.0024298497997524704	-0.014196319370251675	0.0024298497997524704	0.002435768350992373	0.0013793122463864253	0.9938374072465186	2.5936478363708675	0.08385641951651683	0.09080065219490131	103.86992807487164	104.12293115829625	116_genus_tests_Moffitt50_MICRO_SENS_NO_HIGH_RISK	relative_compositional_CLR_association_not_absolute_load	0.8559666083796644	95	MICRO_SENS_NO_HIGH_RISK	03_processed/microbiome/sensitivity/MICRO_SENS_NO_HIGH_RISK_centered_log_ratio.tsv.gz	116	negative	95	9	-0.14268623077401146	-0.028207831559175084	1.0	False	LOW_CURRENT_CONCERN
Streptococcus	preprocessing_sensitivity	Model_0	CLR_genus ~ standardized_Moffitt50_contrast	62	0.29158787928552893	0.14595057459264896	-0.0003567371938765773	0.5835324957649344	1.997853589130133	0.05027174555226391	0.03234054917424278	0.016212891660480233	0.03234054917424278	0.033421416125936465	2.9202426938372624e-05	0.9900428847674984	4.580270477652378	0.13014181956267137	0.09080065219490131	155.18292081271784	160.36935378483795	116_genus_tests_Moffitt50_MICRO_SENS_NO_HIGH_RISK	relative_compositional_CLR_association_not_absolute_load	0.13558576892569627	42	MICRO_SENS_NO_HIGH_RISK	03_processed/microbiome/sensitivity/MICRO_SENS_NO_HIGH_RISK_centered_log_ratio.tsv.gz	116	positive	42	9	-0.32746799762473516	0.5624492567048618	0.8888888888888888	True	LOW_CURRENT_CONCERN
Rhizorhabdus	preprocessing_sensitivity	Model_0	CLR_genus ~ standardized_Moffitt50_contrast	62	-0.2785544555865713	0.08769298672635185	-0.4539665459412183	-0.1031423652319243	-3.176473581129212	0.0023552940708142845	0.08500021208168396	0.06975021561637873	0.08500021208168396	0.0928964281784862	2.2058695122029826e-07	0.7204970895401689	4.908863964183244	0.15698735019071974	0.09080065219490131	50.95080361174876	55.68395128010375	116_genus_tests_Moffitt50_MICRO_SENS_NO_HIGH_RISK	relative_compositional_CLR_association_not_absolute_load	0.014379690116550369	19	MICRO_SENS_NO_HIGH_RISK	03_processed/microbiome/sensitivity/MICRO_SENS_NO_HIGH_RISK_centered_log_ratio.tsv.gz	116	negative	19	9	-0.45101556253195624	0.11880202223864327	0.8888888888888888	True	LOW_CURRENT_CONCERN
Citromicrobium	preprocessing_sensitivity	Model_0	CLR_genus ~ standardized_Moffitt50_contrast	62	-0.011541060816568735	0.14526901429773625	-0.30212235372248897	0.27904023208935147	-0.07944612877261452	0.9369421631324957	0.0001401865158811022	-0.016524143708854133	0.0001401865158811022	0.0001402061708957051	0.07977574429977649	0.17471886677833398	2.392870439982083	0.16086654916285004	0.09080065219490131	57.950096769427184	57.95822173059826	116_genus_tests_Moffitt50_MICRO_SENS_NO_HIGH_RISK	relative_compositional_CLR_association_not_absolute_load	0.9630859578624295	112	MICRO_SENS_NO_HIGH_RISK	03_processed/microbiome/sensitivity/MICRO_SENS_NO_HIGH_RISK_centered_log_ratio.tsv.gz	116	negative	112	8	-0.24433764086255402	0.08801287332680278	0.625	True	LOW_CURRENT_CONCERN
Massilia	preprocessing_sensitivity	Model_0	CLR_genus ~ standardized_Moffitt50_contrast	62	0.15819828611542716	0.13695160644194757	-0.11574571397175468	0.43214228620260897	1.1551400543993315	0.2526127320310215	0.017900124917422988	0.0015317936660467213	0.017900124917422988	0.0182263793852106	4.302638256338378e-06	0.0017125889824374022	2.1850925145618487	0.0869673682893713	0.09080065219490131	83.75928807671627	85.28591663823765	116_genus_tests_Moffitt50_MICRO_SENS_NO_HIGH_RISK	relative_compositional_CLR_association_not_absolute_load	0.42468227413910864	69	MICRO_SENS_NO_HIGH_RISK	03_processed/microbiome/sensitivity/MICRO_SENS_NO_HIGH_RISK_centered_log_ratio.tsv.gz	116	positive	69	9	0.06097083215404797	0.20851399837116188	1.0	False	LOW_CURRENT_CONCERN
Candida	preprocessing_sensitivity	Model_0	CLR_genus ~ standardized_Moffitt50_contrast	62	-1.1258045566548522	0.24418285070632706	-1.6142429810959515	-0.637366132213753	-4.610498048484293	2.1529761728417416e-05	0.24133815268474024	0.2286937885628193	0.24133815268474024	0.31811030637534204	0.0048485993739235235	0.00024600599803740417	2.9763651910443163	0.1277619070902713	0.09080065219490131	243.04019183726547	320.3537817241398	116_genus_tests_Moffitt50_MICRO_SENS_NO_HIGH_RISK	relative_compositional_CLR_association_not_absolute_load	0.000499490472099284	5	MICRO_SENS_NO_HIGH_RISK	03_processed/microbiome/sensitivity/MICRO_SENS_NO_HIGH_RISK_centered_log_ratio.tsv.gz	116	negative	5	9	-1.659106789594824	0.04321095299072192	0.8888888888888888	True	LOW_CURRENT_CONCERN
Ramlibacter	preprocessing_sensitivity	Model_0	CLR_genus ~ standardized_Moffitt50_contrast	62	-0.36423028939467317	0.09851845705746483	-0.5612965444749255	-0.16716403431442087	-3.6970766724677926	0.00047449684647186437	0.22142814032638847	0.20845194266516165	0.22142814032638847	0.2844029585390028	0.14898042741247067	0.1615023855004444	2.8868511400404757	0.17668337314607935	0.09080065219490131	28.454295862588097	36.546781789052254	116_genus_tests_Moffitt50_MICRO_SENS_NO_HIGH_RISK	relative_compositional_CLR_association_not_absolute_load	0.004586802849228022	12	MICRO_SENS_NO_HIGH_RISK	03_processed/microbiome/sensitivity/MICRO_SENS_NO_HIGH_RISK_centered_log_ratio.tsv.gz	116	negative	12	9	-0.5581009449099799	0.0826983858998724	0.8888888888888888	True	LOW_CURRENT_CONCERN
Bacteroides	preprocessing_sensitivity	Model_0	CLR_genus ~ standardized_Moffitt50_contrast	62	0.24858403198984846	0.295493131936567	-0.34249023624303887	0.8396583002227358	0.8412514712633374	0.40354743373721647	0.012951171419880225	-0.0034996423897883933	0.012951171419880225	0.013121105101264973	0.02220105991246626	0.10851809305545305	2.4632404307561786	0.1634216013582955	0.09080065219490131	287.2803204828268	291.0497557614071	116_genus_tests_Moffitt50_MICRO_SENS_NO_HIGH_RISK	relative_compositional_CLR_association_not_absolute_load	0.6159408199146988	76	MICRO_SENS_NO_HIGH_RISK	03_processed/microbiome/sensitivity/MICRO_SENS_NO_HIGH_RISK_centered_log_ratio.tsv.gz	116	positive	76	9	0.2085361443718291	0.3629281165357989	1.0	False	LOW_CURRENT_CONCERN
Enterococcus	preprocessing_sensitivity	Model_0	CLR_genus ~ standardized_Moffitt50_contrast	62	-0.07570835916834284	0.1556180456273357	-0.3869907969028182	0.2355740785661325	-0.486501156489553	0.6283842502837891	0.0035164092119728263	-0.013091650634494245	0.0035164092119728263	0.003528817980025162	2.9472460626400953e-05	0.16979813449678907	2.962250435607673	0.10246655633978943	0.09080065219490131	99.08051265462915	99.43014974915488	116_genus_tests_Moffitt50_MICRO_SENS_NO_HIGH_RISK	relative_compositional_CLR_association_not_absolute_load	0.8175643971660025	88	MICRO_SENS_NO_HIGH_RISK	03_processed/microbiome/sensitivity/MICRO_SENS_NO_HIGH_RISK_centered_log_ratio.tsv.gz	116	negative	88	7	-0.2298813209184645	-0.012890142506474578	1.0	False	LOW_CURRENT_CONCERN
Laribacter	preprocessing_sensitivity	Model_0	CLR_genus ~ standardized_Moffitt50_contrast	62	0.0937955816367322	0.14908581248978856	-0.2044204443798182	0.3920116076532826	0.6291382128876724	0.5316467439120538	0.009573750908490997	-0.006933353243034013	0.009573750908490997	0.009666293595583455	0.19015663520761675	0.00013139681506204695	2.5467788239481712	0.20486625117560045	0.09080065219490131	55.51810255940738	56.05475683861631	116_genus_tests_Moffitt50_MICRO_SENS_NO_HIGH_RISK	relative_compositional_CLR_association_not_absolute_load	0.7341788368309314	84	MICRO_SENS_NO_HIGH_RISK	03_processed/microbiome/sensitivity/MICRO_SENS_NO_HIGH_RISK_centered_log_ratio.tsv.gz	116	positive	84	7	-0.23930810783405404	0.25523828637123697	0.8571428571428571	True	LOW_CURRENT_CONCERN
Variovorax	preprocessing_sensitivity	Model_0	CLR_genus ~ standardized_Moffitt50_contrast	62	-0.31315939636029594	0.08612402083542103	-0.4854330876604994	-0.1408857050600925	-3.6361446356380513	0.0005762394861763828	0.21560657823006446	0.20253335453389887	0.21560657823006446	0.27487045689848016	0.26740605682388885	0.49920614056187107	2.927588407949555	0.14623464430845118	0.09080065219490131	21.763696712822327	27.745893972075752	116_genus_tests_Moffitt50_MICRO_SENS_NO_HIGH_RISK	relative_compositional_CLR_association_not_absolute_load	0.004774555742604315	14	MICRO_SENS_NO_HIGH_RISK	03_processed/microbiome/sensitivity/MICRO_SENS_NO_HIGH_RISK_centered_log_ratio.tsv.gz	116	negative	14	9	-0.5062890166792315	0.13460549111784675	0.8888888888888888	True	LOW_CURRENT_CONCERN
Pseudomonas	preprocessing_sensitivity	Model_0	CLR_genus ~ standardized_Moffitt50_contrast	62	0.10829361604239696	0.06825208041451084	-0.02823087175869121	0.24481810384348512	1.5866712836400667	0.11784373046393722	0.04463853054381883	0.028715839386215913	0.04463853054381883	0.04672423158244842	0.010059893535304659	0.11860066703692207	3.88882890588346	0.13448285428220802	0.09080065219490131	15.31064117224675	16.02601911605458	116_genus_tests_Moffitt50_MICRO_SENS_NO_HIGH_RISK	relative_compositional_CLR_association_not_absolute_load	0.24410487024672708	56	MICRO_SENS_NO_HIGH_RISK	03_processed/microbiome/sensitivity/MICRO_SENS_NO_HIGH_RISK_centered_log_ratio.tsv.gz	116	positive	56	9	-0.08549070714273956	0.5553197543428676	0.8888888888888888	True	BIOLOGICALLY_PLAUSIBLE_BUT_CONTAMINATION_SENSITIVE
Methylobacterium	preprocessing_sensitivity	Model_0	CLR_genus ~ standardized_Moffitt50_contrast	62	0.20822176759839528	0.11964597868679222	-0.031105822981559755	0.4475493581783503	1.7403156368796622	0.08693041017226792	0.02817654969752148	0.011979492192480179	0.02817654969752148	0.028993486099508685	3.282838812151543e-06	0.02854946922269911	2.4061390749780114	0.07619995899286859	0.09080065219490131	91.21823314149972	93.86296771610955	116_genus_tests_Moffitt50_MICRO_SENS_NO_HIGH_RISK	relative_compositional_CLR_association_not_absolute_load	0.19772407019574664	51	MICRO_SENS_NO_HIGH_RISK	03_processed/microbiome/sensitivity/MICRO_SENS_NO_HIGH_RISK_centered_log_ratio.tsv.gz	116	positive	51	9	0.1933856744331671	0.26302630389204706	1.0	False	BIOLOGICALLY_PLAUSIBLE_BUT_CONTAMINATION_SENSITIVE
Tessaracoccus	preprocessing_sensitivity	Model_0	CLR_genus ~ standardized_Moffitt50_contrast	62	-0.10988160591672547	0.08298401239789943	-0.27587434517824805	0.056111133344797115	-1.3241298262351422	0.1904822287225228	0.030488810028478697	0.014330290195620043	0.030488810028478697	0.03144761024302802	0.5187596127885211	0.683516761277865	3.6256654421292818	0.10775300011035961	0.09080065219490131	23.42028538122169	24.15679738767084	116_genus_tests_Moffitt50_MICRO_SENS_NO_HIGH_RISK	relative_compositional_CLR_association_not_absolute_load	0.34735844144105366	63	MICRO_SENS_NO_HIGH_RISK	03_processed/microbiome/sensitivity/MICRO_SENS_NO_HIGH_RISK_centered_log_ratio.tsv.gz	116	negative	63	9	-0.3014307485195948	0.3396662970328276	0.8888888888888888	True	LOW_CURRENT_CONCERN
Agrobacterium	preprocessing_sensitivity	Model_0	CLR_genus ~ standardized_Moffitt50_contrast	62	-0.21598795174140278	0.1075865604522666	-0.4311931142920772	-0.0007827891907283835	-2.0075737232740245	0.04919853810549368	0.07007575811488309	0.054577020750131156	0.07007575811488309	0.0753564161020552	0.04686879924125006	0.15542652592337103	3.8579144020305467	0.18032607478986817	0.09080065219490131	37.76318806470694	40.608886577851166	116_genus_tests_Moffitt50_MICRO_SENS_NO_HIGH_RISK	relative_compositional_CLR_association_not_absolute_load	0.13558576892569627	40	MICRO_SENS_NO_HIGH_RISK	03_processed/microbiome/sensitivity/MICRO_SENS_NO_HIGH_RISK_centered_log_ratio.tsv.gz	116	negative	40	9	-0.4096484481680811	0.2311776858832548	0.8888888888888888	True	LOW_CURRENT_CONCERN
Azospirillum	preprocessing_sensitivity	Model_0	CLR_genus ~ standardized_Moffitt50_contrast	62	0.09906368370412544	0.17191202039588913	-0.24481155627184265	0.4429389236800935	0.5762464048528763	0.5666040743591547	0.006068142705939361	-0.010497388248961625	0.006068142705939361	0.006105189869313209	0.04508108874789908	0.5765610083848063	2.2228919289846094	0.18053737966826897	0.09080065219490131	98.05271121538888	98.65134163455977	116_genus_tests_Moffitt50_MICRO_SENS_NO_HIGH_RISK	relative_compositional_CLR_association_not_absolute_load	0.7657999581244349	85	MICRO_SENS_NO_HIGH_RISK	03_processed/microbiome/sensitivity/MICRO_SENS_NO_HIGH_RISK_centered_log_ratio.tsv.gz	116	positive	85	9	-0.20345224187648708	0.23705431387501902	0.8888888888888888	True	LOW_CURRENT_CONCERN
Clostridium	preprocessing_sensitivity	Model_0	CLR_genus ~ standardized_Moffitt50_contrast	62	-0.32953883639292175	0.24861270515355527	-0.8268382890366517	0.16776061625080824	-1.3255108430173854	0.19002680996077442	0.02715084249297528	0.01093668986785823	0.02715084249297528	0.027908584063073755	3.7585587798354877e-10	0.48460448832550973	3.7880891892480233	0.19272331559575026	0.09080065219490131	237.3587463696506	243.98309289581383	116_genus_tests_Moffitt50_MICRO_SENS_NO_HIGH_RISK	relative_compositional_CLR_association_not_absolute_load	0.34735844144105366	62	MICRO_SENS_NO_HIGH_RISK	03_processed/microbiome/sensitivity/MICRO_SENS_NO_HIGH_RISK_centered_log_ratio.tsv.gz	116	negative	62	7	-0.41688453664955655	-0.17447146947156106	1.0	False	LOW_CURRENT_CONCERN
Ensifer	preprocessing_sensitivity	Model_0	CLR_genus ~ standardized_Moffitt50_contrast	62	0.4141174119966209	0.15739471110010686	0.09928111418651347	0.7289537098067282	2.6310757782275935	0.010801874833413341	0.10193011143392927	0.08696227995782813	0.10193011143392927	0.11349908590820135	0.6420003065711154	0.2973258061686955	2.677901189579528	0.15061349667503596	0.09080065219490131	92.16891045718663	102.62999754323216	116_genus_tests_Moffitt50_MICRO_SENS_NO_HIGH_RISK	relative_compositional_CLR_association_not_absolute_load	0.04176724935586492	30	MICRO_SENS_NO_HIGH_RISK	03_processed/microbiome/sensitivity/MICRO_SENS_NO_HIGH_RISK_centered_log_ratio.tsv.gz	116	positive	30	9	-0.18286826333619935	0.7006069735000906	0.8888888888888888	True	LOW_CURRENT_CONCERN
Roseomonas	preprocessing_sensitivity	Model_0	CLR_genus ~ standardized_Moffitt50_contrast	62	-0.06607026296743465	0.16931898199785841	-0.4047586538834226	0.2726181279485532	-0.39021178953385344	0.6977618414983973	0.004027324520489706	-0.01257222007083536	0.004027324520489706	0.004043609447970802	0.0010963017516942876	0.07261895223463524	2.7211680447992084	0.20555753340337943	0.09080065219490131	65.85256612687716	66.11884818544091	116_genus_tests_Moffitt50_MICRO_SENS_NO_HIGH_RISK	relative_compositional_CLR_association_not_absolute_load	0.8559666083796644	94	MICRO_SENS_NO_HIGH_RISK	03_processed/microbiome/sensitivity/MICRO_SENS_NO_HIGH_RISK_centered_log_ratio.tsv.gz	116	negative	94	7	-0.2087329530620105	-0.0010848606149457243	1.0	False	LOW_CURRENT_CONCERN
Croceicoccus	preprocessing_sensitivity	Model_0	CLR_genus ~ standardized_Moffitt50_contrast	62	0.03406098199558016	0.19161189623306438	-0.3492198767114409	0.4173418407026012	0.17776026783927115	0.8595100331696885	0.000570801163497614	-0.01608635215044396	0.000570801163497614	0.0005711271635470718	5.916306837553865e-07	0.026139150915075533	2.3645058318321857	0.20119129406099023	0.09080065219490131	123.91142407792728	123.982193258092	116_genus_tests_Moffitt50_MICRO_SENS_NO_HIGH_RISK	relative_compositional_CLR_association_not_absolute_load	0.9334805543570601	106	MICRO_SENS_NO_HIGH_RISK	03_processed/microbiome/sensitivity/MICRO_SENS_NO_HIGH_RISK_centered_log_ratio.tsv.gz	116	positive	106	9	0.029793905760261908	0.06587150090441082	1.0	False	LOW_CURRENT_CONCERN
Rhodobacter	preprocessing_sensitivity	Model_0	CLR_genus ~ standardized_Moffitt50_contrast	62	0.2292637535025125	0.21467340929198683	-0.20014699954862458	0.6586745065536496	1.0679653072015114	0.28981429262843944	0.021290462340752492	0.004978636713098394	0.021290462340752492	0.02175360668464752	0.0011602107013244857	0.7207257927851249	1.9807914201145829	0.18554434601205785	0.09080065219490131	147.39045507963908	150.5967290685128	116_genus_tests_Moffitt50_MICRO_SENS_NO_HIGH_RISK	relative_compositional_CLR_association_not_absolute_load	0.4669230270124857	72	MICRO_SENS_NO_HIGH_RISK	03_processed/microbiome/sensitivity/MICRO_SENS_NO_HIGH_RISK_centered_log_ratio.tsv.gz	116	positive	72	9	-0.043015260923906576	0.3474735820889823	0.8888888888888888	True	LOW_CURRENT_CONCERN
Micrococcus	preprocessing_sensitivity	Model_0	CLR_genus ~ standardized_Moffitt50_contrast	62	-0.05761490260726247	0.2728283764175132	-0.6033529097389008	0.48812310452437585	-0.21117635696036824	0.8334652830562949	0.0009247065247122155	-0.015726548366542525	0.0009247065247122155	0.0009255623983009527	8.235769240892283e-05	0.8265012035994374	1.8295165551255772	0.10490844299947179	0.09080065219490131	218.7730373671157	218.97552546426485	116_genus_tests_Moffitt50_MICRO_SENS_NO_HIGH_RISK	relative_compositional_CLR_association_not_absolute_load	0.9334805543570601	103	MICRO_SENS_NO_HIGH_RISK	03_processed/microbiome/sensitivity/MICRO_SENS_NO_HIGH_RISK_centered_log_ratio.tsv.gz	116	negative	103	9	-0.11824482363478143	0.06125927896510893	0.7777777777777778	True	LOW_CURRENT_CONCERN
Bradyrhizobium	preprocessing_sensitivity	Model_0	CLR_genus ~ standardized_Moffitt50_contrast	62	0.14065939609638647	0.12112427869915919	-0.10162523477858987	0.3829440269713628	1.161281599420273	0.25012660699459194	0.019431293257308302	0.0030884814782634606	0.019431293257308302	0.019816350576652875	0.6129702365876148	0.206090317712487	2.4069124773609514	0.09040732016720641	0.09080065219490131	60.90369685648014	62.11058586480234	116_genus_tests_Moffitt50_MICRO_SENS_NO_HIGH_RISK	relative_compositional_CLR_association_not_absolute_load	0.42468227413910864	68	MICRO_SENS_NO_HIGH_RISK	03_processed/microbiome/sensitivity/MICRO_SENS_NO_HIGH_RISK_centered_log_ratio.tsv.gz	116	positive	68	9	-0.05220776042730265	0.588719273938456	0.8888888888888888	True	BIOLOGICALLY_PLAUSIBLE_BUT_CONTAMINATION_SENSITIVE
Aquabacterium	preprocessing_sensitivity	Model_0	CLR_genus ~ standardized_Moffitt50_contrast	62	-0.18971274852186495	0.10566653287963505	-0.4010772841007971	0.021651787057067245	-1.7953910604596737	0.07762774445586401	0.03064704490850967	0.014491162323651552	0.03064704490850967	0.031615981307466186	3.0373671035178927e-07	0.3212891195771689	3.6203549184662682	0.14414225632410793	0.09080065219490131	69.44103751530508	71.63648405936003	116_genus_tests_Moffitt50_MICRO_SENS_NO_HIGH_RISK	relative_compositional_CLR_association_not_absolute_load	0.1835891809937541	49	MICRO_SENS_NO_HIGH_RISK	03_processed/microbiome/sensitivity/MICRO_SENS_NO_HIGH_RISK_centered_log_ratio.tsv.gz	116	negative	49	9	-0.31610622843601016	0.09838843324846691	0.8888888888888888	True	LOW_CURRENT_CONCERN
Prevotella	preprocessing_sensitivity	Model_0	CLR_genus ~ standardized_Moffitt50_contrast	62	0.05256899313765131	0.2382478708413463	-0.4239977040058284	0.529135690281131	0.22064832290844683	0.8261153831686471	0.000705550513375619	-0.015949356978067986	0.000705550513375619	0.0007060486663746479	6.532511327015449e-08	0.5696663458936193	5.425205266164221	0.16513101360339524	0.09080065219490131	238.75612183431244	238.92469527572234	116_genus_tests_Moffitt50_MICRO_SENS_NO_HIGH_RISK	relative_compositional_CLR_association_not_absolute_load	0.9334805543570601	102	MICRO_SENS_NO_HIGH_RISK	03_processed/microbiome/sensitivity/MICRO_SENS_NO_HIGH_RISK_centered_log_ratio.tsv.gz	116	positive	102	8	-0.086727673839346	0.11844940032578634	0.875	True	LOW_CURRENT_CONCERN
Sulfuritalea	preprocessing_sensitivity	Model_0	CLR_genus ~ standardized_Moffitt50_contrast	62	0.04965384871266107	0.12144340077352599	-0.19326912135262786	0.29257681877795	0.4088641160935386	0.6840951303972561	0.004149140065633716	-0.012448374266605722	0.004149140065633716	0.004166427155475042	0.3007926872047759	0.0007289736129862912	2.7322202439847594	0.3365033005643915	0.09080065219490131	36.097063646761704	36.247459432972484	116_genus_tests_Moffitt50_MICRO_SENS_NO_HIGH_RISK	relative_compositional_CLR_association_not_absolute_load	0.8559666083796644	92	MICRO_SENS_NO_HIGH_RISK	03_processed/microbiome/sensitivity/MICRO_SENS_NO_HIGH_RISK_centered_log_ratio.tsv.gz	116	positive	92	7	-0.3671647377803614	0.23742308397315082	0.8571428571428571	True	LOW_CURRENT_CONCERN
Escherichia	preprocessing_sensitivity	Model_0	CLR_genus ~ standardized_Moffitt50_contrast	62	-0.2296574122434995	0.2663263292568928	-0.7623893886011148	0.3030745641141159	-0.8623158396854438	0.39194727539465757	0.011004883791447817	-0.005478368145361401	0.011004883791447817	0.011127338862538111	5.056237443742121e-08	0.9258353246859968	2.7448343769887322	0.176549906316112	0.09080065219490131	289.13419341732117	292.35148756422234	116_genus_tests_Moffitt50_MICRO_SENS_NO_HIGH_RISK	relative_compositional_CLR_association_not_absolute_load	0.606211785943737	75	MICRO_SENS_NO_HIGH_RISK	03_processed/microbiome/sensitivity/MICRO_SENS_NO_HIGH_RISK_centered_log_ratio.tsv.gz	116	negative	75	8	-0.29994939621157063	-0.07765983859141491	1.0	False	LOW_CURRENT_CONCERN
Moraxella	preprocessing_sensitivity	Model_0	CLR_genus ~ standardized_Moffitt50_contrast	62	-0.004124741881741177	0.16111465001804934	-0.326402025407435	0.3181525416439527	-0.0256012838142223	0.9796603207760608	9.004925866973323e-06	-0.016657511658701774	9.004925866973323e-06	9.005006956393397e-06	0.05385794979291039	0.06621911818319193	2.0645841091316903	0.07889614238758798	0.09080065219490131	115.24957571548869	115.25061353871976	116_genus_tests_Moffitt50_MICRO_SENS_NO_HIGH_RISK	relative_compositional_CLR_association_not_absolute_load	0.9881791061741134	115	MICRO_SENS_NO_HIGH_RISK	03_processed/microbiome/sensitivity/MICRO_SENS_NO_HIGH_RISK_centered_log_ratio.tsv.gz	116	negative	115	9	-0.019348150201788605	0.05441808627834647	0.7777777777777778	True	LOW_CURRENT_CONCERN
Shinella	preprocessing_sensitivity	Model_0	CLR_genus ~ standardized_Moffitt50_contrast	62	-0.04814723555476468	0.11913251391369117	-0.28644774366740466	0.19015327255787529	-0.40414857349225647	0.687540461745983	0.0016257885841401976	-0.015013781606123988	0.0016257885841401976	0.0016284360769240626	3.650406063632312e-09	0.5555068096284872	5.4554497726751405	0.20738148398808182	0.09080065219490131	86.83640444309972	86.97781197688523	116_genus_tests_Moffitt50_MICRO_SENS_NO_HIGH_RISK	relative_compositional_CLR_association_not_absolute_load	0.8559666083796644	93	MICRO_SENS_NO_HIGH_RISK	03_processed/microbiome/sensitivity/MICRO_SENS_NO_HIGH_RISK_centered_log_ratio.tsv.gz	116	negative	93	9	-0.18815592009410778	0.27934349426687316	0.8888888888888888	True	LOW_CURRENT_CONCERN
Cutibacterium	preprocessing_sensitivity	Model_0	CLR_genus ~ standardized_Moffitt50_contrast	62	-0.33688830244873125	0.11046929169953833	-0.5578597860347757	-0.11591681886268676	-3.0496104144943943	0.0034076425288938213	0.14502382923983537	0.13077422639383263	0.14502382923983537	0.1696232412078734	0.9839581628963132	0.4321095360405828	2.580664145541507	0.15058576006655364	0.09080065219490131	40.81467479712736	47.7377922250614	116_genus_tests_Moffitt50_MICRO_SENS_NO_HIGH_RISK	relative_compositional_CLR_association_not_absolute_load	0.018823168254842062	21	MICRO_SENS_NO_HIGH_RISK	03_processed/microbiome/sensitivity/MICRO_SENS_NO_HIGH_RISK_centered_log_ratio.tsv.gz	116	negative	21	9	-0.5301639531414378	0.11071122879435037	0.8888888888888888	True	LOW_CURRENT_CONCERN
Chryseobacterium	preprocessing_sensitivity	Model_0	CLR_genus ~ standardized_Moffitt50_contrast	62	0.3736488708756792	0.1297358875443929	0.11413845758354313	0.6331592841678153	2.880073339366676	0.005505009546905677	0.07279259918730185	0.05733914250709027	0.07279259918730185	0.07850735350418803	8.085936802007563e-08	0.3290658591938852	5.293512044553517	0.2097424697044441	0.09080065219490131	108.47929297034023	116.99571517144709	116_genus_tests_Moffitt50_MICRO_SENS_NO_HIGH_RISK	relative_compositional_CLR_association_not_absolute_load	0.026607546143377438	24	MICRO_SENS_NO_HIGH_RISK	03_processed/microbiome/sensitivity/MICRO_SENS_NO_HIGH_RISK_centered_log_ratio.tsv.gz	116	positive	24	9	-0.3740108559502305	0.7127171626372459	0.8888888888888888	True	LOW_CURRENT_CONCERN
Aminobacter	preprocessing_sensitivity	Model_0	CLR_genus ~ standardized_Moffitt50_contrast	62	0.028592271985374708	0.1482148334100738	-0.2678815364750023	0.32506608044575175	0.192911001736695	0.847680184547877	0.000600356052480322	-0.016056304679978206	0.000600356052480322	0.0006007166963848226	0.011457373527635862	0.2836361792865031	2.4952883158363766	0.09235817141572526	0.09080065219490131	83.01517063623673	83.06503923529114	116_genus_tests_Moffitt50_MICRO_SENS_NO_HIGH_RISK	relative_compositional_CLR_association_not_absolute_load	0.9334805543570601	104	MICRO_SENS_NO_HIGH_RISK	03_processed/microbiome/sensitivity/MICRO_SENS_NO_HIGH_RISK_centered_log_ratio.tsv.gz	116	positive	104	9	-0.24092469454535548	0.1564522681286722	0.8888888888888888	True	LOW_CURRENT_CONCERN
Sphingopyxis	preprocessing_sensitivity	Model_0	CLR_genus ~ standardized_Moffitt50_contrast	62	-0.17051742949795934	0.052269275477463024	-0.275071547393792	-0.06596331160212668	-3.262287987356577	0.0018256413451675712	0.13424688515425554	0.11981766657349313	0.13424688515425554	0.15506370448135778	0.05364304123334935	0.5345054507356803	3.544167550792506	0.13269617512534415	0.09080065219490131	11.438188101144673	13.211835920662752	116_genus_tests_Moffitt50_MICRO_SENS_NO_HIGH_RISK	relative_compositional_CLR_association_not_absolute_load	0.012457317414084604	17	MICRO_SENS_NO_HIGH_RISK	03_processed/microbiome/sensitivity/MICRO_SENS_NO_HIGH_RISK_centered_log_ratio.tsv.gz	116	negative	17	8	-0.36430425996026083	0.276505884125694	0.875	True	MODERATE_RISK_ENVIRONMENTAL
Thiomonas	preprocessing_sensitivity	Model_0	CLR_genus ~ standardized_Moffitt50_contrast	62	0.0026749197315082546	0.18805707276699582	-0.3734952333386907	0.3788450728017072	0.01422397834950085	0.9886984820514582	3.9676759743256795e-06	-0.016662632862759486	3.9676759743256795e-06	3.967691716840778e-06	0.0001809653570067159	0.8942155543400985	2.388703379996881	0.16236186785292991	0.09080065219490131	110.00525265466888	110.00568912159865	116_genus_tests_Moffitt50_MICRO_SENS_NO_HIGH_RISK	relative_compositional_CLR_association_not_absolute_load	0.9886984820514582	116	MICRO_SENS_NO_HIGH_RISK	03_processed/microbiome/sensitivity/MICRO_SENS_NO_HIGH_RISK_centered_log_ratio.tsv.gz	116	positive	116	9	-0.021532683918471227	0.08142286817244676	0.7777777777777778	True	LOW_CURRENT_CONCERN
Flavobacterium	preprocessing_sensitivity	Model_0	CLR_genus ~ standardized_Moffitt50_contrast	62	-0.20012186363720902	0.054567008446755653	-0.30927213178708807	-0.09097159548732996	-3.66745162202689	0.0005216095146778613	0.15175326466044703	0.13761581907145448	0.15175326466044703	0.17890226786396088	0.04425427372089893	0.5248396024199784	4.216149066230794	0.11609440804007698	0.09080065219490131	13.655357239524031	16.098331618167435	116_genus_tests_Moffitt50_MICRO_SENS_NO_HIGH_RISK	relative_compositional_CLR_association_not_absolute_load	0.004654361823279378	13	MICRO_SENS_NO_HIGH_RISK	03_processed/microbiome/sensitivity/MICRO_SENS_NO_HIGH_RISK_centered_log_ratio.tsv.gz	116	negative	13	9	-0.393077952299256	0.247837964787162	0.8888888888888888	True	LOW_CURRENT_CONCERN
Verminephrobacter	preprocessing_sensitivity	Model_0	CLR_genus ~ standardized_Moffitt50_contrast	62	0.005252525797725054	0.11562342069479681	-0.2260287507919155	0.23653380238736563	0.04542787063522177	0.9639171258561139	5.050238989601219e-05	-0.016615322570272317	5.050238989601219e-05	5.050494051620982e-05	0.08061333642271942	8.941219695882939e-05	2.5840601018921796	0.2135207767330926	0.09080065219490131	33.32209968783362	33.32378261849622	116_genus_tests_Moffitt50_MICRO_SENS_NO_HIGH_RISK	relative_compositional_CLR_association_not_absolute_load	0.9808279526255195	114	MICRO_SENS_NO_HIGH_RISK	03_processed/microbiome/sensitivity/MICRO_SENS_NO_HIGH_RISK_centered_log_ratio.tsv.gz	116	positive	114	7	-0.3012078938216442	0.14723977879467354	0.2857142857142857	True	LOW_CURRENT_CONCERN
Citrobacter	preprocessing_sensitivity	Model_0	CLR_genus ~ standardized_Moffitt50_contrast	62	-0.5847579881440548	0.24479562340803662	-1.0744221404857734	-0.0950938358023361	-2.388759978642891	0.020067527065167193	0.07882985286360511	0.06347701707799858	0.07882985286360511	0.08557577892494708	1.4104371891024519e-05	0.5165211107272254	1.9399740313885872	0.05098489611451179	0.09080065219490131	243.74252210884052	264.6009782954357	116_genus_tests_Moffitt50_MICRO_SENS_NO_HIGH_RISK	relative_compositional_CLR_association_not_absolute_load	0.07274478561123107	32	MICRO_SENS_NO_HIGH_RISK	03_processed/microbiome/sensitivity/MICRO_SENS_NO_HIGH_RISK_centered_log_ratio.tsv.gz	116	negative	32	9	-0.8402377941493787	-0.0941438315238226	1.0	False	LOW_CURRENT_CONCERN
Sphingobium	preprocessing_sensitivity	Model_0	CLR_genus ~ standardized_Moffitt50_contrast	62	-0.4042670740856888	0.07367140322386105	-0.5516318214991124	-0.2569023266722652	-5.48743550950517	8.652301853796671e-07	0.35887452126034713	0.34818909661468633	0.35887452126034713	0.5597570727743271	0.3156889406121001	0.5370498675890144	3.5276593518954256	0.2356266122959374	0.09080065219490131	17.810125826846434	27.779469725424445	116_genus_tests_Moffitt50_MICRO_SENS_NO_HIGH_RISK	relative_compositional_CLR_association_not_absolute_load	0.00010036670150404139	1	MICRO_SENS_NO_HIGH_RISK	03_processed/microbiome/sensitivity/MICRO_SENS_NO_HIGH_RISK_centered_log_ratio.tsv.gz	116	negative	1	9	-0.5980979111566338	0.0427066561292963	0.8888888888888888	True	LOW_CURRENT_CONCERN
Methylorubrum	preprocessing_sensitivity	Model_0	CLR_genus ~ standardized_Moffitt50_contrast	62	0.5217879139597579	0.19355738273848883	0.13461550283317814	0.9089603250863376	2.695778929108244	0.009098786800162047	0.07866318631609048	0.06330757275469201	0.07866318631609048	0.0853794021336893	0.21322558726212093	0.186821468697501	2.412935805341845	0.11086620946647184	0.09080065219490131	194.52022199005006	211.12824224647304	116_genus_tests_Moffitt50_MICRO_SENS_NO_HIGH_RISK	relative_compositional_CLR_association_not_absolute_load	0.03909108403032583	27	MICRO_SENS_NO_HIGH_RISK	03_processed/microbiome/sensitivity/MICRO_SENS_NO_HIGH_RISK_centered_log_ratio.tsv.gz	116	positive	27	9	-0.09252678410057186	0.8099745415623402	0.8888888888888888	True	LOW_CURRENT_CONCERN
Erythrobacter	preprocessing_sensitivity	Model_0	CLR_genus ~ standardized_Moffitt50_contrast	62	-0.25630740710319116	0.04987429131455717	-0.3560708433942046	-0.15654397081217775	-5.13906865336011	3.1722128069329386e-06	0.2366606468708935	0.22393832431874172	0.2366606468708935	0.3100333369434789	0.4975805158166087	0.4404195570033892	3.0290825508943997	0.10422964843595993	0.09080065219490131	12.9253929354835	16.932695638577115	116_genus_tests_Moffitt50_MICRO_SENS_NO_HIGH_RISK	relative_compositional_CLR_association_not_absolute_load	0.00018398834280211043	2	MICRO_SENS_NO_HIGH_RISK	03_processed/microbiome/sensitivity/MICRO_SENS_NO_HIGH_RISK_centered_log_ratio.tsv.gz	116	negative	2	9	-0.44916835556876505	0.19176002050544386	0.8888888888888888	True	LOW_CURRENT_CONCERN
Xanthobacter	preprocessing_sensitivity	Model_0	CLR_genus ~ standardized_Moffitt50_contrast	62	-0.06265088982415998	0.18551423005542847	-0.43373460015668597	0.30843282050836596	-0.3377147392167219	0.7367568841918481	0.002429189191439418	-0.014196990988703195	0.002429189191439418	0.0024351045210219096	0.01568407133442307	0.9298512609238776	2.0652991112466745	0.1541895541443071	0.09080065219490131	98.32562490615028	98.56505807989157	116_genus_tests_Moffitt50_MICRO_SENS_NO_HIGH_RISK	relative_compositional_CLR_association_not_absolute_load	0.8720795772066774	98	MICRO_SENS_NO_HIGH_RISK	03_processed/microbiome/sensitivity/MICRO_SENS_NO_HIGH_RISK_centered_log_ratio.tsv.gz	116	negative	98	9	-0.17392530238505788	-0.029782636046835852	1.0	False	LOW_CURRENT_CONCERN
Paucibacter	preprocessing_sensitivity	Model_0	CLR_genus ~ standardized_Moffitt50_contrast	62	0.3176464325703029	0.1534789015853481	0.010642920003990142	0.6246499451366156	2.0696423370847676	0.04279973287968608	0.09365250319828611	0.07854671158492421	0.09365250319828611	0.10332957671176195	0.15607695551601108	3.888847103431716e-05	2.40980169582764	0.18818732872659943	0.09080065219490131	59.56527472063475	65.72012934423778	116_genus_tests_Moffitt50_MICRO_SENS_NO_HIGH_RISK	relative_compositional_CLR_association_not_absolute_load	0.1341829463255023	37	MICRO_SENS_NO_HIGH_RISK	03_processed/microbiome/sensitivity/MICRO_SENS_NO_HIGH_RISK_centered_log_ratio.tsv.gz	116	positive	37	8	-0.28853300527194714	0.6035809848525555	0.875	True	LOW_CURRENT_CONCERN
Streptomyces	preprocessing_sensitivity	Model_0	CLR_genus ~ standardized_Moffitt50_contrast	62	0.4406616200471945	0.10229855622131993	0.23603404084248492	0.6452891992519041	4.307603511958038	6.213410490401957e-05	0.17569813486152352	0.16195977044254894	0.17569813486152352	0.21314780700151342	0.03437250610715769	0.6507491373694234	2.8226113887972155	0.1166552748698464	0.09080065219490131	55.572434138417094	67.41757660475676	116_genus_tests_Moffitt50_MICRO_SENS_NO_HIGH_RISK	relative_compositional_CLR_association_not_absolute_load	0.0010296508812666098	7	MICRO_SENS_NO_HIGH_RISK	03_processed/microbiome/sensitivity/MICRO_SENS_NO_HIGH_RISK_centered_log_ratio.tsv.gz	116	positive	7	9	-0.3855406472376602	0.8096660256382195	0.8888888888888888	True	LOW_CURRENT_CONCERN
Collimonas	preprocessing_sensitivity	Model_0	CLR_genus ~ standardized_Moffitt50_contrast	62	0.1745589501588417	0.15348610976860078	-0.13245898092073205	0.48157688123841547	1.1372947716377126	0.25993659071822794	0.025016069042880673	0.00876633686026207	0.025016069042880673	0.0256579295807706	0.0952212075035566	0.06344819631800966	2.3369783722283755	0.12041196140194958	0.09080065219490131	72.4423397477493	74.3010601996633	116_genus_tests_Moffitt50_MICRO_SENS_NO_HIGH_RISK	relative_compositional_CLR_association_not_absolute_load	0.42468513413118936	71	MICRO_SENS_NO_HIGH_RISK	03_processed/microbiome/sensitivity/MICRO_SENS_NO_HIGH_RISK_centered_log_ratio.tsv.gz	116	positive	71	9	-0.2188196156802856	0.3603269031781349	0.8888888888888888	True	LOW_CURRENT_CONCERN
Bacillus	preprocessing_sensitivity	Model_0	CLR_genus ~ standardized_Moffitt50_contrast	62	0.2605617890041511	0.1603070677596609	-0.06010008948899098	0.5812236674972933	1.6253917724625613	0.10932092634743187	0.02719188771087111	0.010978419172719023	0.02719188771087111	0.027951954108282964	6.315625313848122e-08	0.5720134813450772	6.999285073018127	0.22322557852467134	0.09080065219490131	148.16277900243003	152.30421820166166	116_genus_tests_Moffitt50_MICRO_SENS_NO_HIGH_RISK	relative_compositional_CLR_association_not_absolute_load	0.23926844257173768	53	MICRO_SENS_NO_HIGH_RISK	03_processed/microbiome/sensitivity/MICRO_SENS_NO_HIGH_RISK_centered_log_ratio.tsv.gz	116	positive	53	9	-0.2907021190413025	0.5055671603501686	0.8888888888888888	True	LOW_CURRENT_CONCERN
Polaromonas	preprocessing_sensitivity	Model_0	CLR_genus ~ standardized_Moffitt50_contrast	62	0.08509636369217578	0.134911803112881	-0.18476742223853676	0.3549601496228883	0.6307555138150178	0.5305957445676464	0.0063323277734735894	-0.01022880009696836	0.0063323277734735894	0.006372681682684358	0.007914170463798326	0.19231477760014346	2.9994959631206957	0.18396308444372125	0.09080065219490131	69.31538085948064	69.75710571741214	116_genus_tests_Moffitt50_MICRO_SENS_NO_HIGH_RISK	relative_compositional_CLR_association_not_absolute_load	0.7341788368309314	83	MICRO_SENS_NO_HIGH_RISK	03_processed/microbiome/sensitivity/MICRO_SENS_NO_HIGH_RISK_centered_log_ratio.tsv.gz	116	positive	83	9	-0.13711754169364163	0.18602350765886658	0.8888888888888888	True	LOW_CURRENT_CONCERN
Ochrobactrum	preprocessing_sensitivity	Model_0	CLR_genus ~ standardized_Moffitt50_contrast	62	0.8370356343859149	0.3103033999467325	0.21633641930884606	1.4577348494629838	2.6974749053010783	0.009057647545637204	0.14563738435952522	0.131398007432184	0.14563738435952522	0.17046319875589108	0.00038579837329110183	0.0008934290304866249	2.5467472875825425	0.1339809003963943	0.09080065219490131	250.71891269824354	293.45726054538505	116_genus_tests_Moffitt50_MICRO_SENS_NO_HIGH_RISK	relative_compositional_CLR_association_not_absolute_load	0.03909108403032583	26	MICRO_SENS_NO_HIGH_RISK	03_processed/microbiome/sensitivity/MICRO_SENS_NO_HIGH_RISK_centered_log_ratio.tsv.gz	116	positive	26	8	0.29623425602014886	1.1094349812787232	1.0	False	LOW_CURRENT_CONCERN
Fusarium	preprocessing_sensitivity	Model_0	CLR_genus ~ standardized_Moffitt50_contrast	62	-0.5556365901338577	0.18887311603699744	-0.9334390727797103	-0.1778341074880051	-2.9418511315555187	0.004630996113333133	0.1033174300243983	0.08837272052480505	0.1033174300243983	0.11522185607690526	7.744173457531673e-08	0.5060511963676126	3.445120934486327	0.20672135052272406	0.09080065219490131	163.4468830762501	182.2795363142805	116_genus_tests_Moffitt50_MICRO_SENS_NO_HIGH_RISK	relative_compositional_CLR_association_not_absolute_load	0.02441797950666561	22	MICRO_SENS_NO_HIGH_RISK	03_processed/microbiome/sensitivity/MICRO_SENS_NO_HIGH_RISK_centered_log_ratio.tsv.gz	116	negative	22	8	-0.9374383291812549	0.21856476146408563	0.875	True	LOW_CURRENT_CONCERN
Serratia	preprocessing_sensitivity	Model_0	CLR_genus ~ standardized_Moffitt50_contrast	62	-0.4224639235775908	0.21250098247476246	-0.8475291759977486	0.002601328842566919	-1.9880563311172665	0.05137376001583732	0.066303049584575	0.05074143374431794	0.066303049584575	0.07101131641811095	0.00593033335317954	0.21231156523804898	2.0013658092144295	0.12042075744971717	0.09080065219490131	153.31389867632697	164.20092044652586	116_genus_tests_Moffitt50_MICRO_SENS_NO_HIGH_RISK	relative_compositional_CLR_association_not_absolute_load	0.13558576892569627	43	MICRO_SENS_NO_HIGH_RISK	03_processed/microbiome/sensitivity/MICRO_SENS_NO_HIGH_RISK_centered_log_ratio.tsv.gz	116	negative	43	9	-0.5867959762309412	-0.10022395853865375	1.0	False	LOW_CURRENT_CONCERN
Candidatus Accumulibacter	preprocessing_sensitivity	Model_0	CLR_genus ~ standardized_Moffitt50_contrast	62	-0.02088745593527863	0.15241591337045762	-0.32576467549051913	0.28398976361996187	-0.1370424877126196	0.8914560401472014	0.00029115591091333215	-0.01637065815723804	0.00029115591091333215	0.00029124070736678056	0.046044135415775365	0.1919533233459095	2.9915379434865073	0.11088690393287892	0.09080065219490131	91.37951553189495	91.4061289666373	116_genus_tests_Moffitt50_MICRO_SENS_NO_HIGH_RISK	relative_compositional_CLR_association_not_absolute_load	0.9400809150643215	110	MICRO_SENS_NO_HIGH_RISK	03_processed/microbiome/sensitivity/MICRO_SENS_NO_HIGH_RISK_centered_log_ratio.tsv.gz	116	negative	110	9	-0.21743076503705616	0.05941397137977953	0.7777777777777778	True	LOW_CURRENT_CONCERN
Methylibium	preprocessing_sensitivity	Model_0	CLR_genus ~ standardized_Moffitt50_contrast	62	0.34626989914628054	0.13038925077857902	0.08545256479981778	0.6070872334927433	2.655662925269047	0.010123113893408536	0.08022235349615636	0.06489272605442564	0.08022235349615636	0.08721929022855539	0.16871981713245787	0.04941290491610739	2.5597777826561363	0.1258011581463437	0.09080065219490131	83.85843782006229	91.17251124640357	116_genus_tests_Moffitt50_MICRO_SENS_NO_HIGH_RISK	relative_compositional_CLR_association_not_absolute_load	0.040994518162357024	28	MICRO_SENS_NO_HIGH_RISK	03_processed/microbiome/sensitivity/MICRO_SENS_NO_HIGH_RISK_centered_log_ratio.tsv.gz	116	positive	28	9	-0.20808019394578747	0.594704326769632	0.8888888888888888	True	LOW_CURRENT_CONCERN
Novosphingobium	preprocessing_sensitivity	Model_0	CLR_genus ~ standardized_Moffitt50_contrast	62	-0.259275013151393	0.054073227119268874	-0.36743757158734897	-0.15111245471543705	-4.794886988703527	1.1135118181647434e-05	0.2500160135046634	0.23751628039640782	0.2500160135046634	0.3333618023939208	0.0601755362624008	0.5336074605246762	3.2970156513153324	0.1888688588896113	0.09080065219490131	12.30085585593993	16.40149133506388	116_genus_tests_Moffitt50_MICRO_SENS_NO_HIGH_RISK	relative_compositional_CLR_association_not_absolute_load	0.0003229184272677756	4	MICRO_SENS_NO_HIGH_RISK	03_processed/microbiome/sensitivity/MICRO_SENS_NO_HIGH_RISK_centered_log_ratio.tsv.gz	116	negative	4	8	-0.4522689530788984	0.18864235267728774	0.875	True	MODERATE_RISK_ENVIRONMENTAL
Pseudoxanthomonas	preprocessing_sensitivity	Model_0	CLR_genus ~ standardized_Moffitt50_contrast	62	0.23606118351636146	0.18074907909837004	-0.12549080573519134	0.5976131727679143	1.306015968069683	0.1965321243832225	0.03103688176460062	0.01488749646067733	0.03103688176460062	0.03203102489713188	1.1468351649665688e-05	0.021848571722421214	3.6678323168240254	0.3065487188520139	0.09080065219490131	106.12266810283218	109.52188592698401	116_genus_tests_Moffitt50_MICRO_SENS_NO_HIGH_RISK	relative_compositional_CLR_association_not_absolute_load	0.3507342527454433	65	MICRO_SENS_NO_HIGH_RISK	03_processed/microbiome/sensitivity/MICRO_SENS_NO_HIGH_RISK_centered_log_ratio.tsv.gz	116	positive	65	7	-0.24836254129331017	0.4471652512048728	0.8571428571428571	True	LOW_CURRENT_CONCERN
Burkholderia	preprocessing_sensitivity	Model_0	CLR_genus ~ standardized_Moffitt50_contrast	62	-0.16995307245491664	0.05812819765958383	-0.2862267796309966	-0.053679365278836697	-2.923762980751835	0.004872557001043146	0.10698206747746686	0.09209843526875805	0.10698206747746686	0.11979834175924281	0.01744580481913155	0.9634504032311602	4.006795629012081	0.18124367949012093	0.09080065219490131	14.707439445111422	16.46936630216025	116_genus_tests_Moffitt50_MICRO_SENS_NO_HIGH_RISK	relative_compositional_CLR_association_not_absolute_load	0.02457463530960891	23	MICRO_SENS_NO_HIGH_RISK	03_processed/microbiome/sensitivity/MICRO_SENS_NO_HIGH_RISK_centered_log_ratio.tsv.gz	116	negative	23	9	-0.3593707530521878	0.28200611747374704	0.8888888888888888	True	BIOLOGICALLY_PLAUSIBLE_BUT_CONTAMINATION_SENSITIVE
Rhizobacter	preprocessing_sensitivity	Model_0	CLR_genus ~ standardized_Moffitt50_contrast	62	0.15131990750911886	0.15260209112851003	-0.1539297230100614	0.45656953802829914	0.9915978633719285	0.3253759372247824	0.018982927106212855	0.0026326425579831225	0.018982927106212855	0.01935025152030978	0.05076361078772879	0.07317389266692029	2.1505393054517077	0.16153293853779999	0.09080065219490131	72.18307097748232	73.57983155640497	116_genus_tests_Moffitt50_MICRO_SENS_NO_HIGH_RISK	relative_compositional_CLR_association_not_absolute_load	0.5100487664604697	74	MICRO_SENS_NO_HIGH_RISK	03_processed/microbiome/sensitivity/MICRO_SENS_NO_HIGH_RISK_centered_log_ratio.tsv.gz	116	positive	74	9	-0.24087556655934075	0.3226817792874378	0.8888888888888888	True	LOW_CURRENT_CONCERN
Sphingomonas	preprocessing_sensitivity	Model_0	CLR_genus ~ standardized_Moffitt50_contrast	62	-0.19734729090236863	0.06194201117087705	-0.321249760938657	-0.07344482086608031	-3.186000699233905	0.0022900580140672094	0.14364711460051827	0.12937456651052692	0.14364711460051827	0.16774289787498997	0.9609267905858584	0.9740375578199325	2.432667319749075	0.10206370613501056	0.09080065219490131	14.16276442646909	16.538467573285835	116_genus_tests_Moffitt50_MICRO_SENS_NO_HIGH_RISK	relative_compositional_CLR_association_not_absolute_load	0.014379690116550369	18	MICRO_SENS_NO_HIGH_RISK	03_processed/microbiome/sensitivity/MICRO_SENS_NO_HIGH_RISK_centered_log_ratio.tsv.gz	116	negative	18	9	-0.39107144070970945	0.24974664654442913	0.8888888888888888	True	BIOLOGICALLY_PLAUSIBLE_BUT_CONTAMINATION_SENSITIVE
Diaphorobacter	preprocessing_sensitivity	Model_0	CLR_genus ~ standardized_Moffitt50_contrast	62	0.043981871847601314	0.25020364623133273	-0.4564999367689599	0.5444636804641625	0.1757842961526494	0.8610553389328055	0.0004486936953200793	-0.01621049474309122	0.0004486936953200793	0.000448895111726571	6.289242663068367e-05	0.021687055918951915	1.9643689574044003	0.07577260925984633	0.09080065219490131	262.8647651576062	262.9827638657306	116_genus_tests_Moffitt50_MICRO_SENS_NO_HIGH_RISK	relative_compositional_CLR_association_not_absolute_load	0.9334805543570601	107	MICRO_SENS_NO_HIGH_RISK	03_processed/microbiome/sensitivity/MICRO_SENS_NO_HIGH_RISK_centered_log_ratio.tsv.gz	116	positive	107	9	-0.05979035189504726	0.08748395255077038	0.8888888888888888	True	LOW_CURRENT_CONCERN
Fusobacterium	preprocessing_sensitivity	Model_0	CLR_genus ~ standardized_Moffitt50_contrast	62	0.43565728951884236	0.22542425279194425	-0.015258352370075667	0.8865729314077604	1.9326105515404906	0.05800851073514381	0.04976826930522715	0.03393107379364768	0.04976826930522715	0.05237487625133136	5.507203842285228e-06	0.2474895293579285	5.2482030081934	0.1579050610389907	0.09080065219490131	221.05319453181116	232.6308282403763	116_genus_tests_Moffitt50_MICRO_SENS_NO_HIGH_RISK	relative_compositional_CLR_association_not_absolute_load	0.14953304989503738	45	MICRO_SENS_NO_HIGH_RISK	03_processed/microbiome/sensitivity/MICRO_SENS_NO_HIGH_RISK_centered_log_ratio.tsv.gz	116	positive	45	9	0.06814505347672907	0.6069006031379385	1.0	False	LOW_CURRENT_CONCERN
Sphingobacterium	preprocessing_sensitivity	Model_0	CLR_genus ~ standardized_Moffitt50_contrast	62	-0.11897608869250359	0.1503198785637362	-0.41966061438899316	0.18170843700398598	-0.791486061785616	0.4317782822245958	0.009488052687553927	-0.007020479767653409	0.009488052687553927	0.009578938157482945	8.394187400189621e-05	0.5430284355229473	2.5940274733091835	0.09954787251089045	0.09080065219490131	90.14296535989605	91.0064392504106	116_genus_tests_Moffitt50_MICRO_SENS_NO_HIGH_RISK	relative_compositional_CLR_association_not_absolute_load	0.6340204605119899	78	MICRO_SENS_NO_HIGH_RISK	03_processed/microbiome/sensitivity/MICRO_SENS_NO_HIGH_RISK_centered_log_ratio.tsv.gz	116	negative	78	8	-0.26475368163621577	-0.0599523670802288	1.0	False	LOW_CURRENT_CONCERN
Alicycliphilus	preprocessing_sensitivity	Model_0	CLR_genus ~ standardized_Moffitt50_contrast	62	-0.03561143031608071	0.07425157436803623	-0.18413669280559344	0.11291383217343201	-0.4796050537537248	0.633251906172674	0.0014651263192861919	-0.015177121575392416	0.0014651263192861919	0.0014672760640653125	5.718854186426137e-12	0.441194049731471	6.408791455839355	0.25509838588888917	0.09080065219490131	52.72260211499123	52.7999607271098	116_genus_tests_Moffitt50_MICRO_SENS_NO_HIGH_RISK	relative_compositional_CLR_association_not_absolute_load	0.8175643971660025	89	MICRO_SENS_NO_HIGH_RISK	03_processed/microbiome/sensitivity/MICRO_SENS_NO_HIGH_RISK_centered_log_ratio.tsv.gz	116	negative	89	9	-0.194668218417088	0.33004477103611285	0.8888888888888888	True	LOW_CURRENT_CONCERN
Devosia	preprocessing_sensitivity	Model_0	CLR_genus ~ standardized_Moffitt50_contrast	62	-0.3171260290838716	0.16738032655565643	-0.6519365317411867	0.01768447357344355	-1.8946433885610954	0.06296159340555753	0.057017404913216274	0.04130102832843663	0.057017404913216274	0.06046496002184314	0.002938089071790978	0.3599974478196195	2.7589010524477917	0.1308148367291076	0.09080065219490131	101.45882864152372	107.59353265919648	116_genus_tests_Moffitt50_MICRO_SENS_NO_HIGH_RISK	relative_compositional_CLR_association_not_absolute_load	0.15539457095839732	47	MICRO_SENS_NO_HIGH_RISK	03_processed/microbiome/sensitivity/MICRO_SENS_NO_HIGH_RISK_centered_log_ratio.tsv.gz	116	negative	47	9	-0.47662148338685567	0.015339100589214744	0.8888888888888888	True	LOW_CURRENT_CONCERN
Ottowia	preprocessing_sensitivity	Model_0	CLR_genus ~ standardized_Moffitt50_contrast	62	0.05350137221746986	0.14319869688347986	-0.2329386692738351	0.33994141370877484	0.37361633437910186	0.7100067044696492	0.002729938819262978	-0.013891228867082495	0.002729938819262978	0.002737411785961783	0.04707077896364723	0.0011109334533897755	2.8218396033310413	0.12722786420955717	0.09080065219490131	63.78514459304863	63.95975079962692	116_genus_tests_Moffitt50_MICRO_SENS_NO_HIGH_RISK	relative_compositional_CLR_association_not_absolute_load	0.8579247679008262	96	MICRO_SENS_NO_HIGH_RISK	03_processed/microbiome/sensitivity/MICRO_SENS_NO_HIGH_RISK_centered_log_ratio.tsv.gz	116	positive	96	9	-0.20681100111315293	0.17201155233939397	0.8888888888888888	True	LOW_CURRENT_CONCERN
Thauera	preprocessing_sensitivity	Model_0	CLR_genus ~ standardized_Moffitt50_contrast	62	-0.09092585912516099	0.1148828119332124	-0.3207256976220396	0.1388739793717176	-0.7914661697001386	0.4317897963831655	0.006193427445451816	-0.010370015430457347	0.006193427445451816	0.006232025040377633	1.0319846249823278e-08	0.19854927680719975	3.7867499503707274	0.21511858793230473	0.09080065219490131	80.92365162994273	81.42796985325931	116_genus_tests_Moffitt50_MICRO_SENS_NO_HIGH_RISK	relative_compositional_CLR_association_not_absolute_load	0.6340204605119899	79	MICRO_SENS_NO_HIGH_RISK	03_processed/microbiome/sensitivity/MICRO_SENS_NO_HIGH_RISK_centered_log_ratio.tsv.gz	116	negative	79	9	-0.20375566760429745	0.16382083954361717	0.8888888888888888	True	LOW_CURRENT_CONCERN
Phreatobacter	preprocessing_sensitivity	Model_0	CLR_genus ~ standardized_Moffitt50_contrast	62	-0.23858763442954783	0.12678474361546077	-0.49219488094819036	0.015019612089094692	-1.8818323689890182	0.064711810439867	0.04669249659196839	0.030804038201834638	0.04669249659196839	0.04897947034408605	6.506124162958783e-05	0.8757416280568046	3.21763588529695	0.1129959187895868	0.09080065219490131	70.89434804153987	74.36671565900377	116_genus_tests_Moffitt50_MICRO_SENS_NO_HIGH_RISK	relative_compositional_CLR_association_not_absolute_load	0.1563868752296786	48	MICRO_SENS_NO_HIGH_RISK	03_processed/microbiome/sensitivity/MICRO_SENS_NO_HIGH_RISK_centered_log_ratio.tsv.gz	116	negative	48	7	-0.25148940770107003	-0.20677711552036843	1.0	False	LOW_CURRENT_CONCERN
Dickeya	preprocessing_sensitivity	Model_0	CLR_genus ~ standardized_Moffitt50_contrast	62	0.19126013709940504	0.18985861685316588	-0.18851364068262255	0.5710339148814326	1.0073819153929846	0.3177967282081747	0.016377667801269702	-1.6037735375729056e-05	0.016377667801269702	0.016650361897192847	0.12634416382266447	0.37463890620465945	2.521911991944581	0.1925026626927126	0.09080065219490131	134.0155160841565	136.24692292679677	116_genus_tests_Moffitt50_MICRO_SENS_NO_HIGH_RISK	relative_compositional_CLR_association_not_absolute_load	0.504992061262305	73	MICRO_SENS_NO_HIGH_RISK	03_processed/microbiome/sensitivity/MICRO_SENS_NO_HIGH_RISK_centered_log_ratio.tsv.gz	116	positive	73	9	-0.030285564141239733	0.2811914149858607	0.8888888888888888	True	LOW_CURRENT_CONCERN
Rhizobium	preprocessing_sensitivity	Model_0	CLR_genus ~ standardized_Moffitt50_contrast	62	-0.30690697451358756	0.09716886744485131	-0.501273648431116	-0.11254030059605916	-3.1584908066132824	0.0024832082644472993	0.14672175484838168	0.13250045076252137	0.14672175484838168	0.17195065698916395	0.3641809697046148	0.498590837393012	2.9658169489177393	0.13479677178933935	0.09080065219490131	33.41484965464366	39.16055500595377	116_genus_tests_Moffitt50_MICRO_SENS_NO_HIGH_RISK	relative_compositional_CLR_association_not_absolute_load	0.014402607933794335	20	MICRO_SENS_NO_HIGH_RISK	03_processed/microbiome/sensitivity/MICRO_SENS_NO_HIGH_RISK_centered_log_ratio.tsv.gz	116	negative	20	9	-0.500609013719891	0.14021188641999227	0.8888888888888888	True	BIOLOGICALLY_PLAUSIBLE_BUT_CONTAMINATION_SENSITIVE
Sinorhizobium	preprocessing_sensitivity	Model_0	CLR_genus ~ standardized_Moffitt50_contrast	62	0.2507956324231376	0.1644235976154864	-0.07810053177486886	0.5796917966211441	1.525301939990615	0.13243806429196014	0.025572503203849073	0.009332044923913263	0.025572503203849073	0.02624361821472574	3.102476256264167e-07	0.023701123591281407	2.53201584863942	0.09329634300613018	0.09080065219490131	146.19955878038434	150.03636418417813	116_genus_tests_Moffitt50_MICRO_SENS_NO_HIGH_RISK	relative_compositional_CLR_association_not_absolute_load	0.2695230782081996	57	MICRO_SENS_NO_HIGH_RISK	03_processed/microbiome/sensitivity/MICRO_SENS_NO_HIGH_RISK_centered_log_ratio.tsv.gz	116	positive	57	9	0.21739330610018118	0.3334367165483815	1.0	False	LOW_CURRENT_CONCERN
Stenotrophomonas	preprocessing_sensitivity	Model_0	CLR_genus ~ standardized_Moffitt50_contrast	62	-0.052198835859481096	0.06868851156740584	-0.1895963159451643	0.0851986442262021	-0.7599354632725883	0.45026892348701275	0.00597898792500362	-0.010588028942912997	0.00597898792500362	0.006014951245872176	0.05256355674657664	0.271520182052877	2.532807447848063	0.09535473591662652	0.09080065219490131	27.63244780816012	27.79865563453031	116_genus_tests_Moffitt50_MICRO_SENS_NO_HIGH_RISK	relative_compositional_CLR_association_not_absolute_load	0.6528899390561684	80	MICRO_SENS_NO_HIGH_RISK	03_processed/microbiome/sensitivity/MICRO_SENS_NO_HIGH_RISK_centered_log_ratio.tsv.gz	116	negative	80	9	-0.2430872508961397	0.3980946401662395	0.8888888888888888	True	BIOLOGICALLY_PLAUSIBLE_BUT_CONTAMINATION_SENSITIVE
Corynebacterium	preprocessing_sensitivity	Model_0	CLR_genus ~ standardized_Moffitt50_contrast	62	0.1943828271015327	0.1707250171873328	-0.14711805294163616	0.5358837071447016	1.1385726023283438	0.2594072002146753	0.021781314444034416	0.0054776696847683715	0.021781314444034416	0.022266303808800295	0.026198509725727275	0.4264913266762109	2.2051595455166293	0.1451000838478825	0.09080065219490131	103.51361912523888	105.81848481702991	116_genus_tests_Moffitt50_MICRO_SENS_NO_HIGH_RISK	relative_compositional_CLR_association_not_absolute_load	0.42468513413118936	70	MICRO_SENS_NO_HIGH_RISK	03_processed/microbiome/sensitivity/MICRO_SENS_NO_HIGH_RISK_centered_log_ratio.tsv.gz	116	positive	70	9	-0.27168729937554625	0.40399767435545403	0.8888888888888888	True	LOW_CURRENT_CONCERN
Leptothrix	preprocessing_sensitivity	Model_0	CLR_genus ~ standardized_Moffitt50_contrast	62	0.10979951783673506	0.169798399418348	-0.22984785070129385	0.44944688637476393	0.6466463654125021	0.5203269209155934	0.008602889111688494	-0.007920396069783342	0.008602889111688494	0.008677541034974506	0.010011041974232368	0.15444288627535926	2.0418992131689486	0.17655141440333513	0.09080065219490131	84.74889121052507	85.48430319167299	116_genus_tests_Moffitt50_MICRO_SENS_NO_HIGH_RISK	relative_compositional_CLR_association_not_absolute_load	0.7341788368309314	82	MICRO_SENS_NO_HIGH_RISK	03_processed/microbiome/sensitivity/MICRO_SENS_NO_HIGH_RISK_centered_log_ratio.tsv.gz	116	positive	82	9	-0.13843812944432018	0.2232670673173095	0.8888888888888888	True	LOW_CURRENT_CONCERN
Altererythrobacter	preprocessing_sensitivity	Model_0	CLR_genus ~ standardized_Moffitt50_contrast	62	0.020773329483421945	0.11119739814991036	-0.20165458384949625	0.24320124281634015	0.18681488801938026	0.8524360242142155	0.00041704109633955433	-0.01624267488538811	0.00041704109633955433	0.0004172150921790061	9.523624097163805e-07	0.04311202389621445	2.561986194905004	0.10678578856980595	0.09080065219490131	63.093125778298884	63.11944918258632	116_genus_tests_Moffitt50_MICRO_SENS_NO_HIGH_RISK	relative_compositional_CLR_association_not_absolute_load	0.9334805543570601	105	MICRO_SENS_NO_HIGH_RISK	03_processed/microbiome/sensitivity/MICRO_SENS_NO_HIGH_RISK_centered_log_ratio.tsv.gz	116	positive	105	9	-0.025842758457895597	0.13441345874383576	0.8888888888888888	True	LOW_CURRENT_CONCERN
Roseolovirus	preprocessing_sensitivity	Model_0	CLR_genus ~ standardized_Moffitt50_contrast	62	-0.9384544392243994	0.21265587956065793	-1.3638295319481102	-0.5130793465006886	-4.413019010634573	4.3116636531429886e-05	0.21782434508884485	0.204788084173659	0.21782434508884485	0.27848520178448516	8.900309380128044e-05	0.0008867228745002332	2.4829556900217993	0.11279152605978265	0.09080065219490131	192.90971462847742	246.63221543297624	116_genus_tests_Moffitt50_MICRO_SENS_NO_HIGH_RISK	relative_compositional_CLR_association_not_absolute_load	0.0008335883062743112	6	MICRO_SENS_NO_HIGH_RISK	03_processed/microbiome/sensitivity/MICRO_SENS_NO_HIGH_RISK_centered_log_ratio.tsv.gz	116	negative	6	8	-1.4070681167254238	0.07664365012380091	0.875	True	LOW_CURRENT_CONCERN
Janibacter	preprocessing_sensitivity	Model_0	CLR_genus ~ standardized_Moffitt50_contrast	62	0.2652552796639755	0.1808400319447555	-0.09647864236810816	0.6269892016960592	1.4667951382855753	0.1476539036059978	0.041912789764661396	0.02594466959407249	0.041912789764661396	0.04374632008120242	0.003875841878620646	0.0252618374375145	3.4077193722255483	0.13992794638543823	0.09080065219490131	98.11070185559842	102.40268402236485	116_genus_tests_Moffitt50_MICRO_SENS_NO_HIGH_RISK	relative_compositional_CLR_association_not_absolute_load	0.2953078072119956	58	MICRO_SENS_NO_HIGH_RISK	03_processed/microbiome/sensitivity/MICRO_SENS_NO_HIGH_RISK_centered_log_ratio.tsv.gz	116	positive	58	8	-0.2104935493871246	0.4826706433361536	0.875	True	LOW_CURRENT_CONCERN
Lactobacillus	preprocessing_sensitivity	Model_0	CLR_genus ~ standardized_Moffitt50_contrast	62	0.14185758476020144	0.19356050225834207	-0.24532106633514644	0.5290362358555494	0.7328849796580215	0.4664822588264379	0.009733990474992571	-0.006770443017090733	0.009733990474992571	0.009829672412629402	3.1185896156527804e-05	0.13081468090851645	4.674111156359296	0.15341486981027003	0.09080065219490131	124.88086927664908	126.10840731224295	116_genus_tests_Moffitt50_MICRO_SENS_NO_HIGH_RISK	relative_compositional_CLR_association_not_absolute_load	0.6680486669613185	81	MICRO_SENS_NO_HIGH_RISK	03_processed/microbiome/sensitivity/MICRO_SENS_NO_HIGH_RISK_centered_log_ratio.tsv.gz	116	positive	81	9	-0.30725411039006767	0.32572207484052784	0.8888888888888888	True	LOW_CURRENT_CONCERN
Acinetobacter	preprocessing_sensitivity	Model_0	CLR_genus ~ standardized_Moffitt50_contrast	62	-0.10611966102498406	0.06594126788748401	-0.23802183556117718	0.025782513511209068	-1.609305741679955	0.1127989816889848	0.043988815593667185	0.0280552958535617	0.043988815593667185	0.046012867120360644	0.7167713632667333	0.6040591310831922	2.1684312753431882	0.1428153328535476	0.09080065219490131	14.929396336520206	15.616340666339712	116_genus_tests_Moffitt50_MICRO_SENS_NO_HIGH_RISK	relative_compositional_CLR_association_not_absolute_load	0.2423089236281896	54	MICRO_SENS_NO_HIGH_RISK	03_processed/microbiome/sensitivity/MICRO_SENS_NO_HIGH_RISK_centered_log_ratio.tsv.gz	116	negative	54	9	-0.2999014566621953	0.3409093251196318	0.8888888888888888	True	BIOLOGICALLY_PLAUSIBLE_BUT_CONTAMINATION_SENSITIVE
Janthinobacterium	preprocessing_sensitivity	Model_0	CLR_genus ~ standardized_Moffitt50_contrast	62	-0.0737102938069876	0.12986191876055805	-0.33347280706632465	0.18605221945234943	-0.5676051494579876	0.5724209553090884	0.006337849616951385	-0.010223186222765968	0.006337849616951385	0.006378274159389282	0.015865056464394848	0.006117408409406138	3.5257497617983726	0.11109203007814054	0.09080065219490131	51.961650427329864	52.29307607952973	116_genus_tests_Moffitt50_MICRO_SENS_NO_HIGH_RISK	relative_compositional_CLR_association_not_absolute_load	0.7657999581244349	86	MICRO_SENS_NO_HIGH_RISK	03_processed/microbiome/sensitivity/MICRO_SENS_NO_HIGH_RISK_centered_log_ratio.tsv.gz	116	negative	86	7	-0.2073114288744969	-0.012677479223610427	1.0	False	LOW_CURRENT_CONCERN
Paracoccus	preprocessing_sensitivity	Model_0	CLR_genus ~ standardized_Moffitt50_contrast	62	0.3051985155911602	0.19134061478088024	-0.07753969941790406	0.6879367306002244	1.5950534910775107	0.11595474607090288	0.036778593975457796	0.020724903875048772	0.036778593975457796	0.03818290763205973	0.00012683494835645525	0.015105038302959341	2.149364403711417	0.16878260551714538	0.09080065219490131	148.8077917955932	154.4897059646551	116_genus_tests_Moffitt50_MICRO_SENS_NO_HIGH_RISK	relative_compositional_CLR_association_not_absolute_load	0.24410487024672708	55	MICRO_SENS_NO_HIGH_RISK	03_processed/microbiome/sensitivity/MICRO_SENS_NO_HIGH_RISK_centered_log_ratio.tsv.gz	116	positive	55	9	0.14074699964343015	0.3831964909827919	1.0	False	LOW_CURRENT_CONCERN
Sphingorhabdus	preprocessing_sensitivity	Model_0	CLR_genus ~ standardized_Moffitt50_contrast	62	0.23048707568943388	0.1290436092257846	-0.027638574789762282	0.48861272616863005	1.7861177091393656	0.07913326766972159	0.053237756334720165	0.03745838560696557	0.053237756334720165	0.056231389338696466	0.33760651493198146	0.5605785482592238	2.941830914101447	0.18580877601039908	0.09080065219490131	57.62941043716681	60.86999225281868	116_genus_tests_Moffitt50_MICRO_SENS_NO_HIGH_RISK	relative_compositional_CLR_association_not_absolute_load	0.1835891809937541	50	MICRO_SENS_NO_HIGH_RISK	03_processed/microbiome/sensitivity/MICRO_SENS_NO_HIGH_RISK_centered_log_ratio.tsv.gz	116	positive	50	9	-0.351892084151617	0.5011679943879076	0.8888888888888888	True	LOW_CURRENT_CONCERN
Klebsiella	preprocessing_sensitivity	Model_0	CLR_genus ~ standardized_Moffitt50_contrast	62	-0.7042349401399836	0.18839079623128524	-1.0810726395289556	-0.32739724075101145	-3.738160006900774	0.0004158492201737166	0.22400251278571948	0.21106922133214823	0.22400251278571948	0.2886639666706349	0.1970161097949425	0.5507760092146329	2.9706463612299867	0.17600820144189822	0.09080065219490131	104.80268200661916	135.05543991237104	116_genus_tests_Moffitt50_MICRO_SENS_NO_HIGH_RISK	relative_compositional_CLR_association_not_absolute_load	0.004385319049104648	11	MICRO_SENS_NO_HIGH_RISK	03_processed/microbiome/sensitivity/MICRO_SENS_NO_HIGH_RISK_centered_log_ratio.tsv.gz	116	negative	11	9	-0.9000886543866474	-0.2595436216423461	1.0	False	LOW_CURRENT_CONCERN
Brachybacterium	preprocessing_sensitivity	Model_0	CLR_genus ~ standardized_Moffitt50_contrast	62	0.1750812387214351	0.1284302821178453	-0.08181757487956781	0.431980052322438	1.3632395400391921	0.17790090070769907	0.033935562989075185	0.017834489038893175	0.033935562989075185	0.03512763920186767	0.003719366756197095	0.025263615945337076	4.069562155583215	0.13863834946461343	0.09080065219490131	53.23044450953941	55.100304358825554	116_genus_tests_Moffitt50_MICRO_SENS_NO_HIGH_RISK	relative_compositional_CLR_association_not_absolute_load	0.33830335216546054	61	MICRO_SENS_NO_HIGH_RISK	03_processed/microbiome/sensitivity/MICRO_SENS_NO_HIGH_RISK_centered_log_ratio.tsv.gz	116	positive	61	7	-0.43011364035076505	0.444301166968059	0.8571428571428571	True	LOW_CURRENT_CONCERN
Herbaspirillum	preprocessing_sensitivity	Model_0	CLR_genus ~ standardized_Moffitt50_contrast	62	0.3651678957989705	0.13774695642279022	0.08963295887737005	0.640702832720571	2.6510051857563477	0.010248629540589256	0.10574294123433658	0.09083865692157556	0.10574294123433658	0.11824669450224168	0.03066071712182912	0.25045229303796374	3.1372789423816623	0.2419266599320887	0.09080065219490131	68.79010997895512	76.92431309841224	116_genus_tests_Moffitt50_MICRO_SENS_NO_HIGH_RISK	relative_compositional_CLR_association_not_absolute_load	0.040994518162357024	29	MICRO_SENS_NO_HIGH_RISK	03_processed/microbiome/sensitivity/MICRO_SENS_NO_HIGH_RISK_centered_log_ratio.tsv.gz	116	positive	29	8	-0.4180183650526207	0.7134656317250663	0.875	True	MODERATE_RISK_ENVIRONMENTAL
Melaminivora	preprocessing_sensitivity	Model_0	CLR_genus ~ standardized_Moffitt50_contrast	62	0.012034695658121273	0.13903227773174884	-0.26607126667837766	0.2901406579946202	0.08656044376501701	0.9313091358061872	0.00011621063386313413	-0.016548519188905653	0.00011621063386313413	0.00011622414034415372	1.8243089135176069e-06	0.01750648139742787	2.0372713507981848	0.15276392088104737	0.09080065219490131	76.01577304382597	76.02460791170057	116_genus_tests_Moffitt50_MICRO_SENS_NO_HIGH_RISK	relative_compositional_CLR_association_not_absolute_load	0.9630859578624295	111	MICRO_SENS_NO_HIGH_RISK	03_processed/microbiome/sensitivity/MICRO_SENS_NO_HIGH_RISK_centered_log_ratio.tsv.gz	116	positive	111	9	-0.014138444892149504	0.08689498779858233	0.8888888888888888	True	LOW_CURRENT_CONCERN
Lysobacter	preprocessing_sensitivity	Model_0	CLR_genus ~ standardized_Moffitt50_contrast	62	-0.06631225898625286	0.23642650351868016	-0.5392356790411156	0.40661116106860984	-0.2804772646016545	0.7800761996426531	0.0013237395068745883	-0.015320864834677428	0.0013237395068745883	0.001325494115801805	0.019261458198551143	0.751955622293819	2.1633916342604804	0.14030086955931448	0.09080065219490131	202.36699205655785	202.6352283137613	110_genus_tests_Moffitt50_MICRO_SENS_NO_CONTAMINANTS	relative_compositional_CLR_association_not_absolute_load	0.9116583832381909	94	MICRO_SENS_NO_CONTAMINANTS	03_processed/microbiome/sensitivity/MICRO_SENS_NO_CONTAMINANTS_centered_log_ratio.tsv.gz	110	negative	94	9	-0.1064078828104997	0.06822276164190187	0.8888888888888888	True	LOW_CURRENT_CONCERN
Aerococcus	preprocessing_sensitivity	Model_0	CLR_genus ~ standardized_Moffitt50_contrast	62	0.18065722611314058	0.14389202460266645	-0.10716967730479546	0.46848412953107665	1.2555054848383365	0.214162888687914	0.030916322667201013	0.014764928044987746	0.030916322667201013	0.03190263481920545	0.01924514355292873	0.21347364972592897	2.9618080511791867	0.1750977969730821	0.09080065219490131	62.404219759367116	64.39507879352765	110_genus_tests_Moffitt50_MICRO_SENS_NO_CONTAMINANTS	relative_compositional_CLR_association_not_absolute_load	0.39263196259450905	60	MICRO_SENS_NO_CONTAMINANTS	03_processed/microbiome/sensitivity/MICRO_SENS_NO_CONTAMINANTS_centered_log_ratio.tsv.gz	110	positive	60	8	-0.43998823998597864	0.46464313098629384	0.875	True	LOW_CURRENT_CONCERN
Acidovorax	preprocessing_sensitivity	Model_0	CLR_genus ~ standardized_Moffitt50_contrast	62	-0.1957857376659253	0.08374841335527355	-0.363307506497629	-0.028263968834221637	-2.3377844405884125	0.022751309042317983	0.09600541764040449	0.08093884126774464	0.09600541764040449	0.10620131969133303	0.028244897305966226	0.03718232509822763	2.135841637326832	0.13230115384762586	0.09080065219490131	22.01719683213726	24.355452191614074	110_genus_tests_Moffitt50_MICRO_SENS_NO_CONTAMINANTS	relative_compositional_CLR_association_not_absolute_load	0.08342146648849928	30	MICRO_SENS_NO_CONTAMINANTS	03_processed/microbiome/sensitivity/MICRO_SENS_NO_CONTAMINANTS_centered_log_ratio.tsv.gz	110	negative	30	9	-0.3848994900514588	0.25608410912850155	0.8888888888888888	True	LOW_CURRENT_CONCERN
Cupriavidus	preprocessing_sensitivity	Model_0	CLR_genus ~ standardized_Moffitt50_contrast	62	-0.3008935785885234	0.07672979925701547	-0.45437602892592277	-0.14741112825112399	-3.921469644155396	0.00022875990055716715	0.14892574675218684	0.13474117586472334	0.14892574675218684	0.17498560928598916	1.0733505995659329e-07	0.577842442827728	7.129510248391613	0.2732302677836948	0.09080065219490131	31.561187838927506	37.08394152271177	110_genus_tests_Moffitt50_MICRO_SENS_NO_CONTAMINANTS	relative_compositional_CLR_association_not_absolute_load	0.0031454486326610485	8	MICRO_SENS_NO_CONTAMINANTS	03_processed/microbiome/sensitivity/MICRO_SENS_NO_CONTAMINANTS_centered_log_ratio.tsv.gz	110	negative	8	9	-0.47525427738843407	0.11145600631722874	0.8888888888888888	True	BIOLOGICALLY_PLAUSIBLE_BUT_CONTAMINATION_SENSITIVE
Staphylococcus	preprocessing_sensitivity	Model_0	CLR_genus ~ standardized_Moffitt50_contrast	62	-0.45545697558170023	0.16396595259826502	-0.7834377134485031	-0.1274762377148973	-2.7777533589404437	0.007294525237271236	0.08936235172193652	0.07418505758396887	0.08936235172193652	0.09813162446216994	0.04525392987392093	0.11075697725713042	2.334086809184222	0.10454132564258556	0.09080065219490131	128.9482827000979	141.60218715306564	110_genus_tests_Moffitt50_MICRO_SENS_NO_CONTAMINANTS	relative_compositional_CLR_association_not_absolute_load	0.03647262618635618	22	MICRO_SENS_NO_CONTAMINANTS	03_processed/microbiome/sensitivity/MICRO_SENS_NO_CONTAMINANTS_centered_log_ratio.tsv.gz	110	negative	22	9	-0.6117666435337625	-0.0967237405855739	1.0	False	LOW_CURRENT_CONCERN
Luteimonas	preprocessing_sensitivity	Model_0	CLR_genus ~ standardized_Moffitt50_contrast	62	0.07380076844737436	0.1603984602284577	-0.24704392220205046	0.3946454590967992	0.4601089582921116	0.6471011063891087	0.004799014783128164	-0.01178766830381961	0.004799014783128164	0.004822156382896238	1.9274423944961112e-05	0.005429094244488267	3.991968655292647	0.33699734548491345	0.09080065219490131	68.89858653427345	69.23082629310221	110_genus_tests_Moffitt50_MICRO_SENS_NO_CONTAMINANTS	relative_compositional_CLR_association_not_absolute_load	0.8473943059857375	84	MICRO_SENS_NO_CONTAMINANTS	03_processed/microbiome/sensitivity/MICRO_SENS_NO_CONTAMINANTS_centered_log_ratio.tsv.gz	110	positive	84	6	-0.24135337341528235	0.19972120534171772	0.8333333333333334	True	LOW_CURRENT_CONCERN
Rhodopseudomonas	preprocessing_sensitivity	Model_0	CLR_genus ~ standardized_Moffitt50_contrast	62	0.40372615657320876	0.19930113368023059	0.005064532947670619	0.8023877801987469	2.0257092828230903	0.047248804371231974	0.06401254377855281	0.048412752841528794	0.06401254377855281	0.06839038638078494	0.005781144747085083	0.17154415613832016	2.126224442036372	0.16542521392719425	0.09080065219490131	145.3813014628228	155.32398484240665	110_genus_tests_Moffitt50_MICRO_SENS_NO_CONTAMINANTS	relative_compositional_CLR_association_not_absolute_load	0.14807781046932583	34	MICRO_SENS_NO_CONTAMINANTS	03_processed/microbiome/sensitivity/MICRO_SENS_NO_CONTAMINANTS_centered_log_ratio.tsv.gz	110	positive	34	9	0.3285600369017634	0.45682013834174473	1.0	False	LOW_CURRENT_CONCERN
Rhodoferax	preprocessing_sensitivity	Model_0	CLR_genus ~ standardized_Moffitt50_contrast	62	0.014486686129146427	0.12435266192227387	-0.23425567267565361	0.26322904493394644	0.11649679150576826	0.9076478894939843	0.00015039180011799935	-0.016513768336546608	0.00015039180011799935	0.00015041442121356937	0.0007351450392437417	0.013258772307117691	3.0014759646567484	0.06572251702013099	0.09080065219490131	85.10958239211003	85.12238410068528	110_genus_tests_Moffitt50_MICRO_SENS_NO_CONTAMINANTS	relative_compositional_CLR_association_not_absolute_load	0.9590229698976731	104	MICRO_SENS_NO_CONTAMINANTS	03_processed/microbiome/sensitivity/MICRO_SENS_NO_CONTAMINANTS_centered_log_ratio.tsv.gz	110	positive	104	9	-0.11760221629835572	0.07289599979546624	0.8888888888888888	True	LOW_CURRENT_CONCERN
Blastomonas	preprocessing_sensitivity	Model_0	CLR_genus ~ standardized_Moffitt50_contrast	62	-0.12150303181389781	0.051606758976869775	-0.2247319193965453	-0.01827414423125033	-2.354401520706922	0.021843239556884494	0.07766531841520052	0.06229307372212056	0.07766531841520052	0.08420513720871069	0.03422552386429826	0.8380224424152338	3.6321752586191214	0.12424634064046536	0.09080065219490131	10.694622929074184	11.595165120212293	110_genus_tests_Moffitt50_MICRO_SENS_NO_CONTAMINANTS	relative_compositional_CLR_association_not_absolute_load	0.0828536672847343	29	MICRO_SENS_NO_CONTAMINANTS	03_processed/microbiome/sensitivity/MICRO_SENS_NO_CONTAMINANTS_centered_log_ratio.tsv.gz	110	negative	29	9	-0.30810806699131943	0.33320041136407413	0.8888888888888888	True	LOW_CURRENT_CONCERN
Aeromonas	preprocessing_sensitivity	Model_0	CLR_genus ~ standardized_Moffitt50_contrast	62	0.35313910737204396	0.1597078411921179	0.03367586047685123	0.6726023542672367	2.211156977240968	0.030846878410309413	0.07500607235172485	0.05958950689092035	0.07500607235172485	0.08108817810558167	0.0008993832507994647	0.8221101613441938	4.56878102883106	0.179559827047168	0.09080065219490131	93.81319393539667	101.42033491388361	110_genus_tests_Moffitt50_MICRO_SENS_NO_CONTAMINANTS	relative_compositional_CLR_association_not_absolute_load	0.10945666532690437	31	MICRO_SENS_NO_CONTAMINANTS	03_processed/microbiome/sensitivity/MICRO_SENS_NO_CONTAMINANTS_centered_log_ratio.tsv.gz	110	positive	31	9	-0.36993610811046285	0.6878998899726578	0.8888888888888888	True	LOW_CURRENT_CONCERN
Achromobacter	preprocessing_sensitivity	Model_0	CLR_genus ~ standardized_Moffitt50_contrast	62	-0.2456511436221592	0.11943021753982984	-0.48454714764977014	-0.006755139594548293	-2.0568592160542187	0.04405522839361602	0.0589124527562932	0.04322766030223146	0.0589124527562932	0.06260039560489164	0.000652263515711483	0.37487544546854645	5.021461363198064	0.27360308535527494	0.09080065219490131	58.8017617231756	62.48277526931096	110_genus_tests_Moffitt50_MICRO_SENS_NO_CONTAMINANTS	relative_compositional_CLR_association_not_absolute_load	0.14807781046932583	32	MICRO_SENS_NO_CONTAMINANTS	03_processed/microbiome/sensitivity/MICRO_SENS_NO_CONTAMINANTS_centered_log_ratio.tsv.gz	110	negative	32	9	-0.4029494350455562	0.1319766261892544	0.8888888888888888	True	LOW_CURRENT_CONCERN
Azoarcus	preprocessing_sensitivity	Model_0	CLR_genus ~ standardized_Moffitt50_contrast	62	-0.20542416066366198	0.0785681262846818	-0.3625838125506523	-0.048264508776671655	-2.6145992067996273	0.011279670656114394	0.11598157609319226	0.10124793569474555	0.11598157609319226	0.13119814356427814	0.648873089883441	0.3353324339428696	3.037799379531914	0.0936231328664348	0.09080065219490131	19.620279395077056	22.194423627923623	110_genus_tests_Moffitt50_MICRO_SENS_NO_CONTAMINANTS	relative_compositional_CLR_association_not_absolute_load	0.04595421378416975	27	MICRO_SENS_NO_CONTAMINANTS	03_processed/microbiome/sensitivity/MICRO_SENS_NO_CONTAMINANTS_centered_log_ratio.tsv.gz	110	negative	27	9	-0.3942746859776195	0.24674330221477256	0.8888888888888888	True	LOW_CURRENT_CONCERN
Enterobacter	preprocessing_sensitivity	Model_0	CLR_genus ~ standardized_Moffitt50_contrast	62	0.2499826830733473	0.2148897380728125	-0.17986079196691435	0.6798261581136089	1.1633067512448827	0.24931066979270597	0.019630811714987706	0.0032913252435708973	0.019630811714987706	0.02002389706813251	0.10360346868631229	0.002489834929771931	2.3322815780099653	0.097882929774704	0.09080065219490131	190.37112701184284	194.1830988638724	110_genus_tests_Moffitt50_MICRO_SENS_NO_CONTAMINANTS	relative_compositional_CLR_association_not_absolute_load	0.44957661765897794	61	MICRO_SENS_NO_CONTAMINANTS	03_processed/microbiome/sensitivity/MICRO_SENS_NO_CONTAMINANTS_centered_log_ratio.tsv.gz	110	positive	61	9	0.03969291725914792	0.35951297607592725	1.0	False	LOW_CURRENT_CONCERN
Methyloversatilis	preprocessing_sensitivity	Model_0	CLR_genus ~ standardized_Moffitt50_contrast	62	-0.08053988920511701	0.055232866255761896	-0.19102207128012244	0.02994229286988842	-1.458187754228943	0.15000370865062881	0.031945997025834116	0.015811763642931354	0.031945997025834116	0.03300022202034802	0.07507787063332533	0.9193440450971354	3.744908744900043	0.09629842969994706	0.09080065219490131	11.990437479467266	12.38612457841079	110_genus_tests_Moffitt50_MICRO_SENS_NO_CONTAMINANTS	relative_compositional_CLR_association_not_absolute_load	0.3104290028996038	53	MICRO_SENS_NO_CONTAMINANTS	03_processed/microbiome/sensitivity/MICRO_SENS_NO_CONTAMINANTS_centered_log_ratio.tsv.gz	110	negative	53	9	-0.2700977226113444	0.37082864023250756	0.8888888888888888	True	LOW_CURRENT_CONCERN
Mycobacterium	preprocessing_sensitivity	Model_0	CLR_genus ~ standardized_Moffitt50_contrast	62	-0.16244044216419376	0.19947141217221734	-0.5614426734863889	0.23656178915800133	-0.8143545002025042	0.41866234721921824	0.01271443450405052	-0.0037403249208818323	0.01271443450405052	0.012878173193653041	6.35180097395049e-06	0.10236319780065438	2.919758121774091	0.14855427397617843	0.09080065219490131	124.98672816993457	126.596328902215	110_genus_tests_Moffitt50_MICRO_SENS_NO_CONTAMINANTS	relative_compositional_CLR_association_not_absolute_load	0.6284646661241634	72	MICRO_SENS_NO_CONTAMINANTS	03_processed/microbiome/sensitivity/MICRO_SENS_NO_CONTAMINANTS_centered_log_ratio.tsv.gz	110	negative	72	8	-0.2483434173588759	-0.01002275332773586	1.0	False	LOW_CURRENT_CONCERN
Rubrivivax	preprocessing_sensitivity	Model_0	CLR_genus ~ standardized_Moffitt50_contrast	62	0.4298270140681473	0.12135634303493166	0.18707818540775806	0.6725758427285364	3.5418586562420082	0.0007756874066068973	0.1331007058666298	0.11865238429774039	0.1331007058666298	0.153536525831053	0.06238140364600115	0.12198128085791672	2.055503249326225	0.1553268423195961	0.09080065219490131	73.40160214246387	84.67142912585095	110_genus_tests_Moffitt50_MICRO_SENS_NO_CONTAMINANTS	relative_compositional_CLR_association_not_absolute_load	0.0060946867661970505	14	MICRO_SENS_NO_CONTAMINANTS	03_processed/microbiome/sensitivity/MICRO_SENS_NO_CONTAMINANTS_centered_log_ratio.tsv.gz	110	positive	14	9	-0.14255031101523494	0.6890998729537884	0.8888888888888888	True	LOW_CURRENT_CONCERN
Nocardioides	preprocessing_sensitivity	Model_0	CLR_genus ~ standardized_Moffitt50_contrast	62	0.6214181074647932	0.15476323043697707	0.3118455546938169	0.9309906602357695	4.015282607569038	0.000167562307370145	0.1840140817471061	0.1704143164428913	0.1840140817471061	0.22551134478043242	0.08985712251699117	0.479963875942491	2.8310317194077026	0.17161349092653733	0.09080065219490131	104.45500355792525	128.01079187931782	110_genus_tests_Moffitt50_MICRO_SENS_NO_CONTAMINANTS	relative_compositional_CLR_association_not_absolute_load	0.002633121972959422	7	MICRO_SENS_NO_CONTAMINANTS	03_processed/microbiome/sensitivity/MICRO_SENS_NO_CONTAMINANTS_centered_log_ratio.tsv.gz	110	positive	7	9	0.0014533719312191237	0.9216275608468687	1.0	False	LOW_CURRENT_CONCERN
Chelatococcus	preprocessing_sensitivity	Model_0	CLR_genus ~ standardized_Moffitt50_contrast	62	0.19195896736804743	0.13765622816671463	-0.08339448602052987	0.4673124207566247	1.3944808013740364	0.16831451002709535	0.047004632008064484	0.03112137587486563	0.047004632008064484	0.04932304351815302	0.055773944873930524	3.6511825450577604e-05	2.6284697410231135	0.23237828472223407	0.09080065219490131	45.5718624400413	47.81960539437473	110_genus_tests_Moffitt50_MICRO_SENS_NO_CONTAMINANTS	relative_compositional_CLR_association_not_absolute_load	0.3366290200541907	55	MICRO_SENS_NO_CONTAMINANTS	03_processed/microbiome/sensitivity/MICRO_SENS_NO_CONTAMINANTS_centered_log_ratio.tsv.gz	110	positive	55	7	-0.35943713101054353	0.45352436596998374	0.8571428571428571	True	LOW_CURRENT_CONCERN
Bordetella	preprocessing_sensitivity	Model_0	CLR_genus ~ standardized_Moffitt50_contrast	62	-0.06903221299953924	0.11626159680045604	-0.3015900318633915	0.16352560586431306	-0.5937662555763938	0.5549004969443877	0.003617980752509964	-0.012988386234948246	0.003617980752509964	0.0036311180677893167	2.629792570523014e-07	0.07220748580329119	2.8080929083672364	0.10451091292275853	0.09080065219490131	80.05584695995104	80.34653919227948	110_genus_tests_Moffitt50_MICRO_SENS_NO_CONTAMINANTS	relative_compositional_CLR_association_not_absolute_load	0.7668502653866168	79	MICRO_SENS_NO_CONTAMINANTS	03_processed/microbiome/sensitivity/MICRO_SENS_NO_CONTAMINANTS_centered_log_ratio.tsv.gz	110	negative	79	9	-0.15801591206741342	0.15808509814265914	0.8888888888888888	True	LOW_CURRENT_CONCERN
Kocuria	preprocessing_sensitivity	Model_0	CLR_genus ~ standardized_Moffitt50_contrast	62	0.031805049130452026	0.21552024575295423	-0.3992996290491604	0.4629097273100644	0.14757337074916574	0.8831742681107205	0.0003660583668219086	-0.01629450732706439	0.0003660583668219086	0.0003661924146191467	0.00590487224529311	0.42973246896510453	2.155828233572355	0.12380754453839932	0.09080065219490131	168.50493810952185	168.56664333968345	110_genus_tests_Moffitt50_MICRO_SENS_NO_CONTAMINANTS	relative_compositional_CLR_association_not_absolute_load	0.94319582031242	103	MICRO_SENS_NO_CONTAMINANTS	03_processed/microbiome/sensitivity/MICRO_SENS_NO_CONTAMINANTS_centered_log_ratio.tsv.gz	110	positive	103	9	-0.029317548333144244	0.08203008655403657	0.8888888888888888	True	LOW_CURRENT_CONCERN
Bosea	preprocessing_sensitivity	Model_0	CLR_genus ~ standardized_Moffitt50_contrast	62	0.36176852528804093	0.18355648487722273	-0.0053991116284611285	0.7289361622045429	1.9708839245315724	0.05335537814251449	0.06957437341663242	0.05406727964024305	0.06957437341663242	0.0747769315771296	0.012227176656352883	0.40237710318648034	3.2739707134864884	0.1702722461935958	0.09080065219490131	106.76373382611331	114.74719824534743	110_genus_tests_Moffitt50_MICRO_SENS_NO_CONTAMINANTS	relative_compositional_CLR_association_not_absolute_load	0.15048952809427163	39	MICRO_SENS_NO_CONTAMINANTS	03_processed/microbiome/sensitivity/MICRO_SENS_NO_CONTAMINANTS_centered_log_ratio.tsv.gz	110	positive	39	9	0.22389621387352693	0.7115024363829625	1.0	False	LOW_CURRENT_CONCERN
Phenylobacterium	preprocessing_sensitivity	Model_0	CLR_genus ~ standardized_Moffitt50_contrast	62	-0.017466984622190974	0.18269106389858022	-0.382903521839989	0.347969552595607	-0.09560940885366817	0.9241494073559395	0.00020284948321025453	-0.016460436358736175	0.00020284948321025453	0.00020289063947161954	0.09361151301030024	0.7645438573967136	2.2412883220872546	0.1718712875459904	0.09080065219490131	91.7283749893805	91.74698581803979	110_genus_tests_Moffitt50_MICRO_SENS_NO_CONTAMINANTS	relative_compositional_CLR_association_not_absolute_load	0.9590229698976731	106	MICRO_SENS_NO_CONTAMINANTS	03_processed/microbiome/sensitivity/MICRO_SENS_NO_CONTAMINANTS_centered_log_ratio.tsv.gz	110	negative	106	9	-0.21706339432744476	0.06043358537804597	0.6666666666666666	True	LOW_CURRENT_CONCERN
Xanthomonas	preprocessing_sensitivity	Model_0	CLR_genus ~ standardized_Moffitt50_contrast	62	0.08006969784171238	0.18862985859794393	-0.2972461974786127	0.4573855931620374	0.42448050609197213	0.672733664061193	0.0026620705830988634	-0.013960228240516015	0.0026620705830988634	0.002669176118324565	0.18972351236813023	0.24878521287426283	2.2406187859425506	0.104944765171309	0.09080065219490131	146.51732591767473	146.90840646493498	110_genus_tests_Moffitt50_MICRO_SENS_NO_CONTAMINANTS	relative_compositional_CLR_association_not_absolute_load	0.8554514171291594	86	MICRO_SENS_NO_CONTAMINANTS	03_processed/microbiome/sensitivity/MICRO_SENS_NO_CONTAMINANTS_centered_log_ratio.tsv.gz	110	positive	86	9	-0.12549556930516964	0.1685307743332001	0.8888888888888888	True	LOW_CURRENT_CONCERN
Azospira	preprocessing_sensitivity	Model_0	CLR_genus ~ standardized_Moffitt50_contrast	62	-0.05700038190168548	0.14849410177116698	-0.3540328102565147	0.2400320464531437	-0.38385620184109703	0.7024419629253038	0.0020409588643428567	-0.014591691821251418	0.0020409588643428567	0.0020451328964566392	0.000862816472199448	0.038748357877222916	2.083440834608275	0.11459734785232477	0.09080065219490131	96.908937358839	97.10712901459222	110_genus_tests_Moffitt50_MICRO_SENS_NO_CONTAMINANTS	relative_compositional_CLR_association_not_absolute_load	0.8609419074377738	89	MICRO_SENS_NO_CONTAMINANTS	03_processed/microbiome/sensitivity/MICRO_SENS_NO_CONTAMINANTS_centered_log_ratio.tsv.gz	110	negative	89	9	-0.07620677347319324	-0.009782914418844477	1.0	False	LOW_CURRENT_CONCERN
Deinococcus	preprocessing_sensitivity	Model_0	CLR_genus ~ standardized_Moffitt50_contrast	62	-0.04517011637440808	0.15828224623640316	-0.36178174878461017	0.271441516035794	-0.28537702394584447	0.7763381518155997	0.001698347070173134	-0.014940013811990616	0.001698347070173134	0.0017012363599607453	0.002924697459633187	0.023488218217435148	2.2634557307375958	0.1023360529730477	0.09080065219490131	73.15897257969907	73.28343328390899	110_genus_tests_Moffitt50_MICRO_SENS_NO_CONTAMINANTS	relative_compositional_CLR_association_not_absolute_load	0.9116583832381909	93	MICRO_SENS_NO_CONTAMINANTS	03_processed/microbiome/sensitivity/MICRO_SENS_NO_CONTAMINANTS_centered_log_ratio.tsv.gz	110	negative	93	9	-0.22986178284624154	0.031810294018513485	0.8888888888888888	True	LOW_CURRENT_CONCERN
Hydrogenophaga	preprocessing_sensitivity	Model_0	CLR_genus ~ standardized_Moffitt50_contrast	62	-0.27381105970627023	0.07604935092871287	-0.4259324107345727	-0.12168970867796775	-3.6004391406697893	0.0006452062604394098	0.14132505133045414	0.1270138021859618	0.14132505133045414	0.1645850406483	0.00044005481847445206	0.7366170343361469	5.3397047311415005	0.19235112241727317	0.09080065219490131	27.78698637161308	32.36030865307878	110_genus_tests_Moffitt50_MICRO_SENS_NO_CONTAMINANTS	relative_compositional_CLR_association_not_absolute_load	0.005459437588333467	13	MICRO_SENS_NO_CONTAMINANTS	03_processed/microbiome/sensitivity/MICRO_SENS_NO_CONTAMINANTS_centered_log_ratio.tsv.gz	110	negative	13	9	-0.44695758884248316	0.13991111124886363	0.8888888888888888	True	LOW_CURRENT_CONCERN
Porphyrobacter	preprocessing_sensitivity	Model_0	CLR_genus ~ standardized_Moffitt50_contrast	62	-0.13856075027194187	0.07209776708187197	-0.2827777567379018	0.00565625619401805	-1.9218452371014016	0.059378033094132546	0.0377177304777484	0.02167969265237757	0.0377177304777484	0.039196119135058244	4.020216729067699e-07	0.32970274464158067	4.741661332599809	0.2408388218521426	0.09080065219490131	29.87907982511999	31.05022379759132	110_genus_tests_Moffitt50_MICRO_SENS_NO_CONTAMINANTS	relative_compositional_CLR_association_not_absolute_load	0.15930691805742878	41	MICRO_SENS_NO_CONTAMINANTS	03_processed/microbiome/sensitivity/MICRO_SENS_NO_CONTAMINANTS_centered_log_ratio.tsv.gz	110	negative	41	9	-0.2765363425352776	0.20037411264436958	0.8888888888888888	True	LOW_CURRENT_CONCERN
Aromatoleum	preprocessing_sensitivity	Model_0	CLR_genus ~ standardized_Moffitt50_contrast	62	0.2503593676974078	0.1477387338643968	-0.045162099878689466	0.5458808352735051	1.694608862204019	0.09533456315031294	0.03519599443412391	0.019115927674692723	0.03519599443412391	0.036479942279552195	0.0032247868857537745	0.7693676502795869	2.3276922935790596	0.06306543762222021	0.09080065219490131	104.81016015115175	108.63362874377637	110_genus_tests_Moffitt50_MICRO_SENS_NO_CONTAMINANTS	relative_compositional_CLR_association_not_absolute_load	0.2231234456709452	47	MICRO_SENS_NO_CONTAMINANTS	03_processed/microbiome/sensitivity/MICRO_SENS_NO_CONTAMINANTS_centered_log_ratio.tsv.gz	110	positive	47	9	-0.29320953734121424	0.491506412046362	0.8888888888888888	True	LOW_CURRENT_CONCERN
Microbacterium	preprocessing_sensitivity	Model_0	CLR_genus ~ standardized_Moffitt50_contrast	62	0.31806136985016814	0.15953428593901653	-0.0010547148502468295	0.6371774545505831	1.993686610862759	0.05073794870732443	0.051157916597518116	0.0353438818741435	0.051157916597518116	0.05391615474523366	0.12785299451974869	0.5593716532654093	2.4508288027015364	0.15601140170609742	0.09080065219490131	114.45447405528054	120.6254191897294	110_genus_tests_Moffitt50_MICRO_SENS_NO_CONTAMINANTS	relative_compositional_CLR_association_not_absolute_load	0.14807781046932583	36	MICRO_SENS_NO_CONTAMINANTS	03_processed/microbiome/sensitivity/MICRO_SENS_NO_CONTAMINANTS_centered_log_ratio.tsv.gz	110	positive	36	9	-0.08520596426249223	0.5160267710139143	0.8888888888888888	True	LOW_CURRENT_CONCERN
Mitsuaria	preprocessing_sensitivity	Model_0	CLR_genus ~ standardized_Moffitt50_contrast	62	0.046762952168070936	0.17257377978200308	-0.29843600366663836	0.3919619080027802	0.27097367993644433	0.7873413309784376	0.0017084466827572697	-0.014929745872530154	0.0017084466827572697	0.0017113704679562183	0.0011526671602097931	0.0004960534041340114	2.5072061874512515	0.19047969514278923	0.09080065219490131	77.94524792938581	78.07864112480968	110_genus_tests_Moffitt50_MICRO_SENS_NO_CONTAMINANTS	relative_compositional_CLR_association_not_absolute_load	0.9116583832381909	95	MICRO_SENS_NO_CONTAMINANTS	03_processed/microbiome/sensitivity/MICRO_SENS_NO_CONTAMINANTS_centered_log_ratio.tsv.gz	110	positive	95	7	-0.13146021074424055	0.12727482329082404	0.8571428571428571	True	LOW_CURRENT_CONCERN
Pandoraea	preprocessing_sensitivity	Model_0	CLR_genus ~ standardized_Moffitt50_contrast	62	0.4280700576177046	0.08941338586352131	0.24921665661598233	0.6069234586194269	4.787538839778438	1.1433738949533928e-05	0.2678641455401307	0.2556618812991329	0.2678641455401307	0.3658667225603185	0.1760354399880888	0.09497061381431707	3.768566956383308	0.269744543319678	0.09080065219490131	30.5517876830557	41.729670111013995	110_genus_tests_Moffitt50_MICRO_SENS_NO_CONTAMINANTS	relative_compositional_CLR_association_not_absolute_load	0.00041923709481624403	3	MICRO_SENS_NO_CONTAMINANTS	03_processed/microbiome/sensitivity/MICRO_SENS_NO_CONTAMINANTS_centered_log_ratio.tsv.gz	110	positive	3	9	-0.5456379311439243	0.8742960847593249	0.8888888888888888	True	LOW_CURRENT_CONCERN
Rhodococcus	preprocessing_sensitivity	Model_0	CLR_genus ~ standardized_Moffitt50_contrast	62	-0.06771672461755253	0.16576933073400413	-0.3993047558415425	0.2638713066064375	-0.40849971655017275	0.6843611337033275	0.002702070817214297	-0.013919561335832054	0.002702070817214297	0.0027093917856908126	0.001901457626755186	0.9391986657298619	2.6505721045215958	0.08407882983065398	0.09080065219490131	103.24045560557931	103.52017444794802	110_genus_tests_Moffitt50_MICRO_SENS_NO_CONTAMINANTS	relative_compositional_CLR_association_not_absolute_load	0.8554514171291594	88	MICRO_SENS_NO_CONTAMINANTS	03_processed/microbiome/sensitivity/MICRO_SENS_NO_CONTAMINANTS_centered_log_ratio.tsv.gz	110	negative	88	9	-0.14268623077401146	-0.028207831559175084	1.0	False	LOW_CURRENT_CONCERN
Streptococcus	preprocessing_sensitivity	Model_0	CLR_genus ~ standardized_Moffitt50_contrast	62	0.288272952247612	0.14486120098642968	-0.0014925925799132433	0.5780384970751373	1.9899942171169551	0.05115415270758528	0.03205659355900481	0.015924203451654906	0.03205659355900481	0.03311825189953287	3.372401295182965e-05	0.9974438179476945	4.537430576523815	0.12834555068253278	0.09080065219490131	153.06300013142624	158.13217912627704	110_genus_tests_Moffitt50_MICRO_SENS_NO_CONTAMINANTS	relative_compositional_CLR_association_not_absolute_load	0.14807781046932583	38	MICRO_SENS_NO_CONTAMINANTS	03_processed/microbiome/sensitivity/MICRO_SENS_NO_CONTAMINANTS_centered_log_ratio.tsv.gz	110	positive	38	9	-0.32746799762473516	0.5624492567048618	0.8888888888888888	True	LOW_CURRENT_CONCERN
Rhizorhabdus	preprocessing_sensitivity	Model_0	CLR_genus ~ standardized_Moffitt50_contrast	62	-0.2818693826241744	0.08898466760858803	-0.4598652194342959	-0.10387354581405286	-3.1676174131932227	0.002417496365420028	0.08609171341153155	0.07085990863505709	0.08609171341153155	0.09420169909269957	4.156999529251801e-07	0.7307821054636101	4.877909854085349	0.15094835100014592	0.09080065219490131	51.44781174008068	56.29428302059762	110_genus_tests_Moffitt50_MICRO_SENS_NO_CONTAMINANTS	relative_compositional_CLR_association_not_absolute_load	0.016915148593552705	15	MICRO_SENS_NO_CONTAMINANTS	03_processed/microbiome/sensitivity/MICRO_SENS_NO_CONTAMINANTS_centered_log_ratio.tsv.gz	110	negative	15	9	-0.45101556253195624	0.11880202223864327	0.8888888888888888	True	LOW_CURRENT_CONCERN
Citromicrobium	preprocessing_sensitivity	Model_0	CLR_genus ~ standardized_Moffitt50_contrast	62	-0.014855987854250732	0.14480536274405675	-0.3045098395671723	0.27479786385867083	-0.10259280162509359	0.9186282745898149	0.0002326046176338581	-0.01643018530540541	0.0002326046176338581	0.00023265873512998218	0.121456551100005	0.1744765347117725	2.3668690771323315	0.16163811884117738	0.09080065219490131	57.864678388848276	57.87814111173093	110_genus_tests_Moffitt50_MICRO_SENS_NO_CONTAMINANTS	relative_compositional_CLR_association_not_absolute_load	0.9590229698976731	105	MICRO_SENS_NO_CONTAMINANTS	03_processed/microbiome/sensitivity/MICRO_SENS_NO_CONTAMINANTS_centered_log_ratio.tsv.gz	110	negative	105	8	-0.24433764086255402	0.08801287332680278	0.625	True	LOW_CURRENT_CONCERN
Massilia	preprocessing_sensitivity	Model_0	CLR_genus ~ standardized_Moffitt50_contrast	62	0.15488335907740944	0.13668097977289684	-0.11851930707309125	0.42828602522791015	1.1331741939131317	0.26164891907266324	0.017318656627870355	0.0009406342383349031	0.017318656627870355	0.017623878528557742	6.0279744536310015e-06	0.0014967378271348822	2.1823087478591896	0.08754663487055432	0.09080065219490131	83.0305399401171	84.4938600901823	110_genus_tests_Moffitt50_MICRO_SENS_NO_CONTAMINANTS	relative_compositional_CLR_association_not_absolute_load	0.4540887324630597	62	MICRO_SENS_NO_CONTAMINANTS	03_processed/microbiome/sensitivity/MICRO_SENS_NO_CONTAMINANTS_centered_log_ratio.tsv.gz	110	positive	62	9	0.06097083215404797	0.20851399837116188	1.0	False	LOW_CURRENT_CONCERN
Candida	preprocessing_sensitivity	Model_0	CLR_genus ~ standardized_Moffitt50_contrast	62	-1.1291194836928509	0.24484348581366214	-1.6188793751002986	-0.6393595922854032	-4.611596996099647	2.1445971909909817e-05	0.24165273921287467	0.22901361819975596	0.24165273921287467	0.3186571003923079	0.004989557039327013	0.0002612107864383431	2.9880938801167556	0.1271366066267828	0.09080065219490131	244.0540606815257	321.823619997269	110_genus_tests_Moffitt50_MICRO_SENS_NO_CONTAMINANTS	relative_compositional_CLR_association_not_absolute_load	0.00058976422752252	4	MICRO_SENS_NO_CONTAMINANTS	03_processed/microbiome/sensitivity/MICRO_SENS_NO_CONTAMINANTS_centered_log_ratio.tsv.gz	110	negative	4	9	-1.659106789594824	0.04321095299072192	0.8888888888888888	True	LOW_CURRENT_CONCERN
Ramlibacter	preprocessing_sensitivity	Model_0	CLR_genus ~ standardized_Moffitt50_contrast	62	-0.367545216432132	0.09954109361725895	-0.5666570491956526	-0.16843338366861138	-3.6923968089537356	0.0004816585665205212	0.21905453675180098	0.20603877903099765	0.21905453675180098	0.2804991475853947	0.18786746981141705	0.1675301651103391	2.8572000966318027	0.1782114418054474	0.09080065219490131	29.377838486806784	37.61829714025748	110_genus_tests_Moffitt50_MICRO_SENS_NO_CONTAMINANTS	relative_compositional_CLR_association_not_absolute_load	0.005298244231725733	10	MICRO_SENS_NO_CONTAMINANTS	03_processed/microbiome/sensitivity/MICRO_SENS_NO_CONTAMINANTS_centered_log_ratio.tsv.gz	110	negative	10	9	-0.5581009449099799	0.0826983858998724	0.8888888888888888	True	LOW_CURRENT_CONCERN
Bacteroides	preprocessing_sensitivity	Model_0	CLR_genus ~ standardized_Moffitt50_contrast	62	0.24526910495332466	0.29493057313704607	-0.34467987813812606	0.8352180880447754	0.8316164117694061	0.4089230112281834	0.0126851650619485	-0.0037700821870190193	0.0126851650619485	0.012848145913602548	0.02208455766019574	0.11513754583702057	2.439740770178412	0.1641341609130251	0.09080065219490131	285.6110904403611	289.2806634048821	110_genus_tests_Moffitt50_MICRO_SENS_NO_CONTAMINANTS	relative_compositional_CLR_association_not_absolute_load	0.6284646661241634	70	MICRO_SENS_NO_CONTAMINANTS	03_processed/microbiome/sensitivity/MICRO_SENS_NO_CONTAMINANTS_centered_log_ratio.tsv.gz	110	positive	70	9	0.2085361443718291	0.3629281165357989	1.0	False	LOW_CURRENT_CONCERN
Enterococcus	preprocessing_sensitivity	Model_0	CLR_genus ~ standardized_Moffitt50_contrast	62	-0.0790232862064713	0.15555159827562026	-0.3901728094480316	0.232126237035089	-0.5080197637471443	0.6133021376464348	0.003836849415684629	-0.012765869760720472	0.003836849415684629	0.003851627530524557	4.038837712392718e-05	0.17829879153639844	2.9949638987357434	0.10444190748443263	0.09080065219490131	98.89987090292921	99.28079636846428	110_genus_tests_Moffitt50_MICRO_SENS_NO_CONTAMINANTS	relative_compositional_CLR_association_not_absolute_load	0.8128100619410582	83	MICRO_SENS_NO_CONTAMINANTS	03_processed/microbiome/sensitivity/MICRO_SENS_NO_CONTAMINANTS_centered_log_ratio.tsv.gz	110	negative	83	7	-0.2298813209184645	-0.012890142506474578	1.0	False	LOW_CURRENT_CONCERN
Laribacter	preprocessing_sensitivity	Model_0	CLR_genus ~ standardized_Moffitt50_contrast	62	0.09048065459846312	0.1500442790655713	-0.20965259002209902	0.39061389921902523	0.6030263543665126	0.5487638862935275	0.00878626028951146	-0.00773396870566323	0.00878626028951146	0.008864142956773109	0.19877204270554008	0.00011310295820747161	2.487320161372933	0.20248922903241828	0.09080065219490131	56.33840549344618	56.83779717369673	110_genus_tests_Moffitt50_MICRO_SENS_NO_CONTAMINANTS	relative_compositional_CLR_association_not_absolute_load	0.7668502653866168	78	MICRO_SENS_NO_CONTAMINANTS	03_processed/microbiome/sensitivity/MICRO_SENS_NO_CONTAMINANTS_centered_log_ratio.tsv.gz	110	positive	78	7	-0.23930810783405404	0.25523828637123697	0.8571428571428571	True	LOW_CURRENT_CONCERN
Variovorax	preprocessing_sensitivity	Model_0	CLR_genus ~ standardized_Moffitt50_contrast	62	-0.31647432339824233	0.08720900997844261	-0.49091831611814096	-0.14203033067834372	-3.628917739995814	0.0005896044971074284	0.21372598980282553	0.200621422966206	0.21372598980282553	0.2718212570058488	0.271246512885826	0.47151334243074283	2.8999150318630913	0.14898339202726515	0.09080065219490131	22.47622539491618	28.58574123450907	110_genus_tests_Moffitt50_MICRO_SENS_NO_CONTAMINANTS	relative_compositional_CLR_association_not_absolute_load	0.005459437588333467	11	MICRO_SENS_NO_CONTAMINANTS	03_processed/microbiome/sensitivity/MICRO_SENS_NO_CONTAMINANTS_centered_log_ratio.tsv.gz	110	negative	11	9	-0.5062890166792315	0.13460549111784675	0.8888888888888888	True	LOW_CURRENT_CONCERN
Pseudomonas	preprocessing_sensitivity	Model_0	CLR_genus ~ standardized_Moffitt50_contrast	62	0.10497868900545833	0.06910758937993058	-0.033257071515872635	0.24321444952678928	1.519061653682063	0.13399920412685154	0.04087190541594177	0.0248864371728742	0.04087190541594177	0.04261360463397389	0.010081762863942299	0.11814913963237998	3.864864145369024	0.1365224884737612	0.09080065219490131	15.775526140955318	16.44777817481891	110_genus_tests_Moffitt50_MICRO_SENS_NO_CONTAMINANTS	relative_compositional_CLR_association_not_absolute_load	0.2890178912539935	51	MICRO_SENS_NO_CONTAMINANTS	03_processed/microbiome/sensitivity/MICRO_SENS_NO_CONTAMINANTS_centered_log_ratio.tsv.gz	110	positive	51	9	-0.08549070714273956	0.5553197543428676	0.8888888888888888	True	BIOLOGICALLY_PLAUSIBLE_BUT_CONTAMINATION_SENSITIVE
Methylobacterium	preprocessing_sensitivity	Model_0	CLR_genus ~ standardized_Moffitt50_contrast	62	0.20490684056030606	0.11950117148217	-0.03413109248363119	0.44394477360424334	1.7146847852523261	0.09156438098597035	0.027596247640432447	0.011389518434439694	0.027596247640432447	0.02837941294803656	4.306700642514899e-06	0.026346404404461805	2.4157694081614927	0.0771398858932254	0.09080065219490131	90.24836477422737	92.8095603860402	110_genus_tests_Moffitt50_MICRO_SENS_NO_CONTAMINANTS	relative_compositional_CLR_association_not_absolute_load	0.21895830235775518	46	MICRO_SENS_NO_CONTAMINANTS	03_processed/microbiome/sensitivity/MICRO_SENS_NO_CONTAMINANTS_centered_log_ratio.tsv.gz	110	positive	46	9	0.1933856744331671	0.26302630389204706	1.0	False	BIOLOGICALLY_PLAUSIBLE_BUT_CONTAMINATION_SENSITIVE
Tessaracoccus	preprocessing_sensitivity	Model_0	CLR_genus ~ standardized_Moffitt50_contrast	62	-0.11319653295369891	0.08437692124820415	-0.2819755047547504	0.05558243884735256	-1.341557990966732	0.18479507500451572	0.03154293524482665	0.015401984165573812	0.03154293524482665	0.03257029804702879	0.6142986209204069	0.7210802476913429	3.609769811999412	0.11132759545942353	0.09080065219490131	23.997961526431748	24.779582285868756	110_genus_tests_Moffitt50_MICRO_SENS_NO_CONTAMINANTS	relative_compositional_CLR_association_not_absolute_load	0.3504734181120126	58	MICRO_SENS_NO_CONTAMINANTS	03_processed/microbiome/sensitivity/MICRO_SENS_NO_CONTAMINANTS_centered_log_ratio.tsv.gz	110	negative	58	9	-0.3014307485195948	0.3396662970328276	0.8888888888888888	True	LOW_CURRENT_CONCERN
Agrobacterium	preprocessing_sensitivity	Model_0	CLR_genus ~ standardized_Moffitt50_contrast	62	-0.2193028787794136	0.10899277941056743	-0.4373208980496523	-0.001284859509174896	-2.012086304848842	0.04870703629148329	0.06996054116729533	0.054459883520083685	0.06996054116729533	0.07522319671802206	0.05309093511498155	0.15340615196696147	3.811555188582171	0.17528390965360488	0.09080065219490131	39.00018929126887	41.93390820236609	110_genus_tests_Moffitt50_MICRO_SENS_NO_CONTAMINANTS	relative_compositional_CLR_association_not_absolute_load	0.14807781046932583	35	MICRO_SENS_NO_CONTAMINANTS	03_processed/microbiome/sensitivity/MICRO_SENS_NO_CONTAMINANTS_centered_log_ratio.tsv.gz	110	negative	35	9	-0.4096484481680811	0.2311776858832548	0.8888888888888888	True	LOW_CURRENT_CONCERN
Azospirillum	preprocessing_sensitivity	Model_0	CLR_genus ~ standardized_Moffitt50_contrast	62	0.09574875666705789	0.17209887944086266	-0.2485002570495944	0.4399977703837102	0.5563589779209427	0.5800346124921161	0.005648508771319616	-0.010924016082491717	0.005648508771319616	0.005680595665764004	0.058722049398964034	0.5746604917865947	2.2214747020753265	0.1793824272849504	0.09080065219490131	98.44694491652882	99.00618220512936	110_genus_tests_Moffitt50_MICRO_SENS_NO_CONTAMINANTS	relative_compositional_CLR_association_not_absolute_load	0.7877013256065775	81	MICRO_SENS_NO_CONTAMINANTS	03_processed/microbiome/sensitivity/MICRO_SENS_NO_CONTAMINANTS_centered_log_ratio.tsv.gz	110	positive	81	9	-0.20345224187648708	0.23705431387501902	0.8888888888888888	True	LOW_CURRENT_CONCERN
Clostridium	preprocessing_sensitivity	Model_0	CLR_genus ~ standardized_Moffitt50_contrast	62	-0.3328537634308609	0.24762049797156993	-0.8281685062094788	0.16246097934775688	-1.3442092482548713	0.18394132225298382	0.02787528026083219	0.011673201598512817	0.02787528026083219	0.028674592564945214	4.154541185125524e-10	0.4771064687622044	3.7956302616564512	0.1924954467256462	0.09080065219490131	235.68911336153818	242.44740265917355	110_genus_tests_Moffitt50_MICRO_SENS_NO_CONTAMINANTS	relative_compositional_CLR_association_not_absolute_load	0.3504734181120126	57	MICRO_SENS_NO_CONTAMINANTS	03_processed/microbiome/sensitivity/MICRO_SENS_NO_CONTAMINANTS_centered_log_ratio.tsv.gz	110	negative	57	7	-0.41688453664955655	-0.17447146947156106	1.0	False	LOW_CURRENT_CONCERN
Ensifer	preprocessing_sensitivity	Model_0	CLR_genus ~ standardized_Moffitt50_contrast	62	0.41080248495858607	0.1570528638389898	0.09664998348035264	0.7249549864368194	2.615695600302709	0.01124728909323459	0.10011642633655826	0.085118366775501	0.10011642633655826	0.11125486592558029	0.6244709867593679	0.3009779828961258	2.6596102457581523	0.14845233519712575	0.09080065219490131	92.5288030765599	102.82308265709698	110_genus_tests_Moffitt50_MICRO_SENS_NO_CONTAMINANTS	relative_compositional_CLR_association_not_absolute_load	0.04595421378416975	26	MICRO_SENS_NO_CONTAMINANTS	03_processed/microbiome/sensitivity/MICRO_SENS_NO_CONTAMINANTS_centered_log_ratio.tsv.gz	110	positive	26	9	-0.18286826333619935	0.7006069735000906	0.8888888888888888	True	LOW_CURRENT_CONCERN
Roseomonas	preprocessing_sensitivity	Model_0	CLR_genus ~ standardized_Moffitt50_contrast	62	-0.06938519000495454	0.16877377403925536	-0.4069830026288039	0.26821262261889484	-0.41111357733113274	0.6824539659529132	0.004445302439279208	-0.012147275853399364	0.004445302439279208	0.00446515138763441	0.002155315747632252	0.06719489054854426	2.6997915284123812	0.20269436336103103	0.09080065219490131	65.76990444864585	66.06357702875931	110_genus_tests_Moffitt50_MICRO_SENS_NO_CONTAMINANTS	relative_compositional_CLR_association_not_absolute_load	0.8554514171291594	87	MICRO_SENS_NO_CONTAMINANTS	03_processed/microbiome/sensitivity/MICRO_SENS_NO_CONTAMINANTS_centered_log_ratio.tsv.gz	110	negative	87	7	-0.2087329530620105	-0.0010848606149457243	1.0	False	LOW_CURRENT_CONCERN
Croceicoccus	preprocessing_sensitivity	Model_0	CLR_genus ~ standardized_Moffitt50_contrast	62	0.03074605495762053	0.19114541043665847	-0.35160169322684925	0.41309380314209027	0.16085165156402811	0.8727506100135972	0.0004634064622333067	-0.016195536763396134	0.0004634064622333067	0.0004636213073431586	9.137708768340915e-07	0.026391488033627817	2.335919816529263	0.1967653658816179	0.09080065219490131	124.37848025877717	124.43614477240006	110_genus_tests_Moffitt50_MICRO_SENS_NO_CONTAMINANTS	relative_compositional_CLR_association_not_absolute_load	0.94319582031242	100	MICRO_SENS_NO_CONTAMINANTS	03_processed/microbiome/sensitivity/MICRO_SENS_NO_CONTAMINANTS_centered_log_ratio.tsv.gz	110	positive	100	9	0.029793905760261908	0.06587150090441082	1.0	False	LOW_CURRENT_CONCERN
Rhodobacter	preprocessing_sensitivity	Model_0	CLR_genus ~ standardized_Moffitt50_contrast	62	0.22594882646491563	0.2143726188060456	-0.2028602560323106	0.6547579089621418	1.0540004023057796	0.2961087501938045	0.020757745725839438	0.004437041487936777	0.020757745725839438	0.02119776351075211	0.001414657507037268	0.7136932774439104	2.00447939164194	0.18578762081558192	0.09080065219490131	146.91291378232546	150.0271389853587	110_genus_tests_Moffitt50_MICRO_SENS_NO_CONTAMINANTS	relative_compositional_CLR_association_not_absolute_load	0.4935145836563409	66	MICRO_SENS_NO_CONTAMINANTS	03_processed/microbiome/sensitivity/MICRO_SENS_NO_CONTAMINANTS_centered_log_ratio.tsv.gz	110	positive	66	9	-0.043015260923906576	0.3474735820889823	0.8888888888888888	True	LOW_CURRENT_CONCERN
Micrococcus	preprocessing_sensitivity	Model_0	CLR_genus ~ standardized_Moffitt50_contrast	62	-0.06092982964458295	0.27204747093692916	-0.60510579324421	0.4832461339550441	-0.22396763856962587	0.8235433712300946	0.0010370387274826198	-0.015612343960392572	0.0010370387274826198	0.0010381152932453072	0.00010968016470957961	0.8422053300934346	1.8206499286296431	0.10399256055897153	0.09080065219490131	218.14445278389948	218.37091187647107	110_genus_tests_Moffitt50_MICRO_SENS_NO_CONTAMINANTS	relative_compositional_CLR_association_not_absolute_load	0.94319582031242	96	MICRO_SENS_NO_CONTAMINANTS	03_processed/microbiome/sensitivity/MICRO_SENS_NO_CONTAMINANTS_centered_log_ratio.tsv.gz	110	negative	96	9	-0.11824482363478143	0.06125927896510893	0.7777777777777778	True	LOW_CURRENT_CONCERN
Bradyrhizobium	preprocessing_sensitivity	Model_0	CLR_genus ~ standardized_Moffitt50_contrast	62	0.13734446905909295	0.1213635376066839	-0.1054187508875026	0.3801076890056885	1.1316781940239762	0.2622725631697861	0.018340273353010028	0.0019792779088936285	0.018340273353010028	0.018682923272867736	0.5647995105859878	0.22207480780063296	2.4025646015202313	0.09305986644130039	0.09080065219490131	61.589595870130005	62.74026956417858	110_genus_tests_Moffitt50_MICRO_SENS_NO_CONTAMINANTS	relative_compositional_CLR_association_not_absolute_load	0.4540887324630597	63	MICRO_SENS_NO_CONTAMINANTS	03_processed/microbiome/sensitivity/MICRO_SENS_NO_CONTAMINANTS_centered_log_ratio.tsv.gz	110	positive	63	9	-0.05220776042730265	0.588719273938456	0.8888888888888888	True	BIOLOGICALLY_PLAUSIBLE_BUT_CONTAMINATION_SENSITIVE
Aquabacterium	preprocessing_sensitivity	Model_0	CLR_genus ~ standardized_Moffitt50_contrast	62	-0.19302767555972605	0.10640251142803925	-0.40586438742608033	0.019809036306628253	-1.8141270630653488	0.07465888353380441	0.03152922114691137	0.015388041499359906	0.03152922114691137	0.0325556762634076	5.052349140286627e-07	0.32775576987303084	3.6124012663226113	0.14272135620644172	0.09080065219490131	69.8139604615159	72.08680115696735	110_genus_tests_Moffitt50_MICRO_SENS_NO_CONTAMINANTS	relative_compositional_CLR_association_not_absolute_load	0.18664720883451102	44	MICRO_SENS_NO_CONTAMINANTS	03_processed/microbiome/sensitivity/MICRO_SENS_NO_CONTAMINANTS_centered_log_ratio.tsv.gz	110	negative	44	9	-0.31610622843601016	0.09838843324846691	0.8888888888888888	True	LOW_CURRENT_CONCERN
Prevotella	preprocessing_sensitivity	Model_0	CLR_genus ~ standardized_Moffitt50_contrast	62	0.04925406609989545	0.23883556270258144	-0.4284881897936284	0.5269963219934193	0.20622584653036302	0.8373126879279539	0.0006233832833060227	-0.016032893661972247	0.0006233832833060227	0.0006237721324259691	8.196516024252788e-08	0.5672800614210983	5.371242863200851	0.16293579643237135	0.09080065219490131	237.24007049520102	237.38805423987077	110_genus_tests_Moffitt50_MICRO_SENS_NO_CONTAMINANTS	relative_compositional_CLR_association_not_absolute_load	0.94319582031242	97	MICRO_SENS_NO_CONTAMINANTS	03_processed/microbiome/sensitivity/MICRO_SENS_NO_CONTAMINANTS_centered_log_ratio.tsv.gz	110	positive	97	8	-0.086727673839346	0.11844940032578634	0.875	True	LOW_CURRENT_CONCERN
Sulfuritalea	preprocessing_sensitivity	Model_0	CLR_genus ~ standardized_Moffitt50_contrast	62	0.046338921674914525	0.12156309028950615	-0.19682346306850748	0.28950130641833655	0.3811923632786645	0.7044070151763604	0.0035694553366988346	-0.013037720407689468	0.0035694553366988346	0.0035822419894855507	0.3276929898802903	0.0008592050497479328	2.716909747163206	0.33316074469130597	0.09080065219490131	36.56509966833105	36.69608470371268	110_genus_tests_Moffitt50_MICRO_SENS_NO_CONTAMINANTS	relative_compositional_CLR_association_not_absolute_load	0.8609419074377738	90	MICRO_SENS_NO_CONTAMINANTS	03_processed/microbiome/sensitivity/MICRO_SENS_NO_CONTAMINANTS_centered_log_ratio.tsv.gz	110	positive	90	7	-0.3671647377803614	0.23742308397315082	0.8571428571428571	True	LOW_CURRENT_CONCERN
Escherichia	preprocessing_sensitivity	Model_0	CLR_genus ~ standardized_Moffitt50_contrast	62	-0.23297233928145977	0.2664587967084779	-0.7659692899939685	0.30002461143104897	-0.8743278216344483	0.38542607079238733	0.011315922788771804	-0.005162145164748555	0.011315922788771804	0.01144543848697404	6.462888358159348e-08	0.921976275503157	2.7391013744425297	0.1767158029603998	0.09080065219490131	289.2718148679785	292.5826576310652	110_genus_tests_Moffitt50_MICRO_SENS_NO_CONTAMINANTS	relative_compositional_CLR_association_not_absolute_load	0.6144473592342407	69	MICRO_SENS_NO_CONTAMINANTS	03_processed/microbiome/sensitivity/MICRO_SENS_NO_CONTAMINANTS_centered_log_ratio.tsv.gz	110	negative	69	8	-0.29994939621157063	-0.07765983859141491	1.0	False	LOW_CURRENT_CONCERN
Moraxella	preprocessing_sensitivity	Model_0	CLR_genus ~ standardized_Moffitt50_contrast	62	-0.0074396689199837844	0.16099444875061314	-0.3294765141122216	0.3145971762722541	-0.04621071706334502	0.9632957653047421	2.9386653318863587e-05	-0.016636790235792454	2.9386653318863587e-05	2.9387516919635207e-05	0.06192438145270439	0.0641197364802557	2.0648740292343035	0.07899592986606724	0.09080065219490131	114.88786552325521	114.89124179234717	110_genus_tests_Moffitt50_MICRO_SENS_NO_CONTAMINANTS	relative_compositional_CLR_association_not_absolute_load	0.9811345757733485	108	MICRO_SENS_NO_CONTAMINANTS	03_processed/microbiome/sensitivity/MICRO_SENS_NO_CONTAMINANTS_centered_log_ratio.tsv.gz	110	negative	108	9	-0.019348150201788605	0.05441808627834647	0.7777777777777778	True	LOW_CURRENT_CONCERN
Shinella	preprocessing_sensitivity	Model_0	CLR_genus ~ standardized_Moffitt50_contrast	62	-0.051462162592122426	0.12000661688494184	-0.2915111369743713	0.18858681179012643	-0.42882770907093026	0.6695843633030958	0.001832526603559148	-0.014803597953048087	0.001832526603559148	0.0018358909225158911	4.909932218147503e-09	0.5672647711152703	5.4916481314813215	0.20531172332572803	0.09080065219490131	87.99520871139359	88.15675831629173	110_genus_tests_Moffitt50_MICRO_SENS_NO_CONTAMINANTS	relative_compositional_CLR_association_not_absolute_load	0.8554514171291594	85	MICRO_SENS_NO_CONTAMINANTS	03_processed/microbiome/sensitivity/MICRO_SENS_NO_CONTAMINANTS_centered_log_ratio.tsv.gz	110	negative	85	9	-0.18815592009410778	0.27934349426687316	0.8888888888888888	True	LOW_CURRENT_CONCERN
Cutibacterium	preprocessing_sensitivity	Model_0	CLR_genus ~ standardized_Moffitt50_contrast	62	-0.3402032294860357	0.1117235253683724	-0.563683553948146	-0.11672290502392546	-3.0450456013120326	0.0034526663146357277	0.14360271047619622	0.12932942231746625	0.14360271047619622	0.1676823505081922	0.9935087647376502	0.4463439180070793	2.563891390236799	0.1492698249480262	0.09080065219490131	42.10361112615419	49.1636436046706	110_genus_tests_Moffitt50_MICRO_SENS_NO_CONTAMINANTS	relative_compositional_CLR_association_not_absolute_load	0.021099627478329448	18	MICRO_SENS_NO_CONTAMINANTS	03_processed/microbiome/sensitivity/MICRO_SENS_NO_CONTAMINANTS_centered_log_ratio.tsv.gz	110	negative	18	9	-0.5301639531414378	0.11071122879435037	0.8888888888888888	True	LOW_CURRENT_CONCERN
Chryseobacterium	preprocessing_sensitivity	Model_0	CLR_genus ~ standardized_Moffitt50_contrast	62	0.37033394383807594	0.12902966162064647	0.11223619272305985	0.628431694953092	2.870145819082095	0.005658934720036381	0.07250191761043023	0.05704361623727083	0.07250191761043023	0.07816934502294509	8.61791697217912e-08	0.3319736929047026	5.362365824952329	0.213434760467857	0.09080065219490131	107.02380869409576	115.38978972157422	110_genus_tests_Moffitt50_MICRO_SENS_NO_CONTAMINANTS	relative_compositional_CLR_association_not_absolute_load	0.029642039009714377	21	MICRO_SENS_NO_CONTAMINANTS	03_processed/microbiome/sensitivity/MICRO_SENS_NO_CONTAMINANTS_centered_log_ratio.tsv.gz	110	positive	21	9	-0.3740108559502305	0.7127171626372459	0.8888888888888888	True	LOW_CURRENT_CONCERN
Aminobacter	preprocessing_sensitivity	Model_0	CLR_genus ~ standardized_Moffitt50_contrast	62	0.025277344947178985	0.14854268519738567	-0.2718522647293014	0.32240695462365937	0.17016889733472962	0.8654498113926852	0.0004655705104273933	-0.016193336647732037	0.0004655705104273933	0.000465787367289733	0.0167907772048308	0.28893483830190736	2.5098155909717916	0.09181544818494099	0.09080065219490131	83.67679537786518	83.71577097208748	110_genus_tests_Moffitt50_MICRO_SENS_NO_CONTAMINANTS	relative_compositional_CLR_association_not_absolute_load	0.94319582031242	98	MICRO_SENS_NO_CONTAMINANTS	03_processed/microbiome/sensitivity/MICRO_SENS_NO_CONTAMINANTS_centered_log_ratio.tsv.gz	110	positive	98	9	-0.24092469454535548	0.1564522681286722	0.8888888888888888	True	LOW_CURRENT_CONCERN
Thiomonas	preprocessing_sensitivity	Model_0	CLR_genus ~ standardized_Moffitt50_contrast	62	-0.0006400073065640687	0.1876035922467246	-0.3759030642797386	0.3746230496666105	-0.003411487482192616	0.9972893495908808	2.2784129949382503e-07	-0.016666435028012128	2.2784129949382503e-07	2.2784135140549461e-07	0.00024723538750934574	0.9104216538565182	2.4172298971414197	0.1613577989936357	0.09080065219490131	109.66477476391775	109.66479975008825	110_genus_tests_Moffitt50_MICRO_SENS_NO_CONTAMINANTS	relative_compositional_CLR_association_not_absolute_load	0.9972893495908808	110	MICRO_SENS_NO_CONTAMINANTS	03_processed/microbiome/sensitivity/MICRO_SENS_NO_CONTAMINANTS_centered_log_ratio.tsv.gz	110	negative	110	9	-0.021532683918471227	0.08142286817244676	0.7777777777777778	True	LOW_CURRENT_CONCERN
Flavobacterium	preprocessing_sensitivity	Model_0	CLR_genus ~ standardized_Moffitt50_contrast	62	-0.2034367906745629	0.0562810471410214	-0.3160156466914299	-0.09085793465769591	-3.6146589484168383	0.0006168462099232159	0.14923214416893293	0.13505267990508185	0.14923214416893293	0.17540877120134785	0.05784468957759434	0.5620425311123312	4.127979705293774	0.11236631498001856	0.09080065219490131	14.392542508036916	16.917120703834833	110_genus_tests_Moffitt50_MICRO_SENS_NO_CONTAMINANTS	relative_compositional_CLR_association_not_absolute_load	0.005459437588333467	12	MICRO_SENS_NO_CONTAMINANTS	03_processed/microbiome/sensitivity/MICRO_SENS_NO_CONTAMINANTS_centered_log_ratio.tsv.gz	110	negative	12	9	-0.393077952299256	0.247837964787162	0.8888888888888888	True	LOW_CURRENT_CONCERN
Verminephrobacter	preprocessing_sensitivity	Model_0	CLR_genus ~ standardized_Moffitt50_contrast	62	0.0019375987605361347	0.11538920723790225	-0.2288751811613918	0.2327503786824641	0.016791854341639725	0.9866583822322442	6.776297358124239e-06	-0.016659777431019096	6.776297358124239e-06	6.776343276641282e-06	0.09945093587843283	0.00010689649223837833	2.5114695121093216	0.2028353058342899	0.09080065219490131	33.795753404245815	33.79598241587218	110_genus_tests_Moffitt50_MICRO_SENS_NO_CONTAMINANTS	relative_compositional_CLR_association_not_absolute_load	0.9957102939958428	109	MICRO_SENS_NO_CONTAMINANTS	03_processed/microbiome/sensitivity/MICRO_SENS_NO_CONTAMINANTS_centered_log_ratio.tsv.gz	110	positive	109	7	-0.3012078938216442	0.14723977879467354	0.2857142857142857	True	LOW_CURRENT_CONCERN
Citrobacter	preprocessing_sensitivity	Model_0	CLR_genus ~ standardized_Moffitt50_contrast	62	-0.588072915181924	0.24382823223861672	-1.0758019970744161	-0.10034383328943175	-2.411832747105431	0.0189487019195361	0.07987769563267622	0.0645423238932209	0.07987769563267622	0.08681204145746704	1.6329269091901806e-05	0.5032574831687765	1.943489981872215	0.049722808686129445	0.09080065219490131	243.0033278060871	264.09894277389157	110_genus_tests_Moffitt50_MICRO_SENS_NO_CONTAMINANTS	relative_compositional_CLR_association_not_absolute_load	0.0744413289696061	28	MICRO_SENS_NO_CONTAMINANTS	03_processed/microbiome/sensitivity/MICRO_SENS_NO_CONTAMINANTS_centered_log_ratio.tsv.gz	110	negative	28	9	-0.8402377941493787	-0.0941438315238226	1.0	False	LOW_CURRENT_CONCERN
Sphingobium	preprocessing_sensitivity	Model_0	CLR_genus ~ standardized_Moffitt50_contrast	62	-0.4075820011231878	0.07502831435260715	-0.5576609749121091	-0.2575030273342665	-5.432375825580904	1.0642204172200153e-06	0.35187766084042127	0.3410756218544283	0.35187766084042127	0.5429185812306695	0.2972698360376331	0.5300029525625639	3.4758024708678907	0.22991882922873777	0.09080065219490131	18.664876643278994	28.798384989293496	110_genus_tests_Moffitt50_MICRO_SENS_NO_CONTAMINANTS	relative_compositional_CLR_association_not_absolute_load	0.00011706424589420169	1	MICRO_SENS_NO_CONTAMINANTS	03_processed/microbiome/sensitivity/MICRO_SENS_NO_CONTAMINANTS_centered_log_ratio.tsv.gz	110	negative	1	9	-0.5980979111566338	0.0427066561292963	0.8888888888888888	True	LOW_CURRENT_CONCERN
Methylorubrum	preprocessing_sensitivity	Model_0	CLR_genus ~ standardized_Moffitt50_contrast	62	0.5184729869218951	0.19387624340108148	0.13066275950640532	0.9062832143373849	2.6742471270670545	0.009636156386187087	0.07745122748351108	0.06207541460823629	0.07745122748351108	0.08395353155393936	0.22302383533348746	0.19555398000864355	2.4346249047915034	0.11268547650232658	0.09080065219490131	195.31838893155975	211.71605745979005	110_genus_tests_Moffitt50_MICRO_SENS_NO_CONTAMINANTS	relative_compositional_CLR_association_not_absolute_load	0.04416571677002415	24	MICRO_SENS_NO_CONTAMINANTS	03_processed/microbiome/sensitivity/MICRO_SENS_NO_CONTAMINANTS_centered_log_ratio.tsv.gz	110	positive	24	9	-0.09252678410057186	0.8099745415623402	0.8888888888888888	True	LOW_CURRENT_CONCERN
Erythrobacter	preprocessing_sensitivity	Model_0	CLR_genus ~ standardized_Moffitt50_contrast	62	-0.25962233413973895	0.0513961000264878	-0.36242984108274956	-0.15681482719672835	-5.0514014488636	4.380302032486791e-06	0.23097368100365812	0.2181565756870525	0.23097368100365812	0.3003456127549736	0.4914330243771141	0.4998817548407706	2.9761020984387416	0.1063528505750349	0.09080065219490131	13.689659395119772	17.801288534553905	110_genus_tests_Moffitt50_MICRO_SENS_NO_CONTAMINANTS	relative_compositional_CLR_association_not_absolute_load	0.00024091661178677349	2	MICRO_SENS_NO_CONTAMINANTS	03_processed/microbiome/sensitivity/MICRO_SENS_NO_CONTAMINANTS_centered_log_ratio.tsv.gz	110	negative	2	9	-0.44916835556876505	0.19176002050544386	0.8888888888888888	True	LOW_CURRENT_CONCERN
Xanthobacter	preprocessing_sensitivity	Model_0	CLR_genus ~ standardized_Moffitt50_contrast	62	-0.06596581686143645	0.18574553961674165	-0.4375122152056682	0.3055805814827953	-0.35514078560135076	0.7237295251464237	0.0027127118370224856	-0.013908742965693666	0.0027127118370224856	0.00272009065915134	0.02200952471957206	0.9866995105384955	2.1030589752276736	0.15495603791295123	0.09080065219490131	97.58528737009767	97.85072819874368	110_genus_tests_Moffitt50_MICRO_SENS_NO_CONTAMINANTS	relative_compositional_CLR_association_not_absolute_load	0.8711998387674565	91	MICRO_SENS_NO_CONTAMINANTS	03_processed/microbiome/sensitivity/MICRO_SENS_NO_CONTAMINANTS_centered_log_ratio.tsv.gz	110	negative	91	9	-0.17392530238505788	-0.029782636046835852	1.0	False	LOW_CURRENT_CONCERN
Paucibacter	preprocessing_sensitivity	Model_0	CLR_genus ~ standardized_Moffitt50_contrast	62	0.3143315055321014	0.15376510918921388	0.006755492519131989	0.6219075185450708	2.0442316673108487	0.04532660948957063	0.09116175942015525	0.07601445541049123	0.09116175942015525	0.10030581389488348	0.13970258649773248	4.495523941277302e-05	2.437048754476986	0.1920755596124449	0.09080065219490131	60.086866189938235	66.11392820751294	110_genus_tests_Moffitt50_MICRO_SENS_NO_CONTAMINANTS	relative_compositional_CLR_association_not_absolute_load	0.14807781046932583	33	MICRO_SENS_NO_CONTAMINANTS	03_processed/microbiome/sensitivity/MICRO_SENS_NO_CONTAMINANTS_centered_log_ratio.tsv.gz	110	positive	33	8	-0.28853300527194714	0.6035809848525555	0.875	True	LOW_CURRENT_CONCERN
Streptomyces	preprocessing_sensitivity	Model_0	CLR_genus ~ standardized_Moffitt50_contrast	62	0.43734669300964846	0.10165847650018632	0.23399946387703793	0.640693922142259	4.3021173252468214	6.332022024318508e-05	0.17594163709774902	0.16220733104937823	0.17594163709774902	0.21350628185860548	0.037857343146641825	0.6618273731048963	2.8733903430633188	0.11438844487908047	0.09080065219490131	54.64757205973849	66.31517198281348	110_genus_tests_Moffitt50_MICRO_SENS_NO_CONTAMINANTS	relative_compositional_CLR_association_not_absolute_load	0.0011608707044583931	6	MICRO_SENS_NO_CONTAMINANTS	03_processed/microbiome/sensitivity/MICRO_SENS_NO_CONTAMINANTS_centered_log_ratio.tsv.gz	110	positive	6	9	-0.3855406472376602	0.8096660256382195	0.8888888888888888	True	LOW_CURRENT_CONCERN
Collimonas	preprocessing_sensitivity	Model_0	CLR_genus ~ standardized_Moffitt50_contrast	62	0.17124402312090706	0.15358753192466784	-0.13597678247655168	0.4784648287183658	1.1149604461701972	0.2693134199529983	0.0238679346817946	0.00759906692649126	0.0238679346817946	0.02445154250107949	0.11368879985466962	0.06453096937380205	2.3271688810262847	0.11765771826045207	0.09080065219490131	73.15675248928333	74.945547932016	110_genus_tests_Moffitt50_MICRO_SENS_NO_CONTAMINANTS	relative_compositional_CLR_association_not_absolute_load	0.45576117222815093	65	MICRO_SENS_NO_CONTAMINANTS	03_processed/microbiome/sensitivity/MICRO_SENS_NO_CONTAMINANTS_centered_log_ratio.tsv.gz	110	positive	65	9	-0.2188196156802856	0.3603269031781349	0.8888888888888888	True	LOW_CURRENT_CONCERN
Bacillus	preprocessing_sensitivity	Model_0	CLR_genus ~ standardized_Moffitt50_contrast	62	0.2572468619667499	0.1599862762133512	-0.06277333789498835	0.5772670618284881	1.6079308054129338	0.11310036699906764	0.026568091949600414	0.010344226815427127	0.026568091949600414	0.02729322074803495	6.50598730850104e-08	0.5743070683105209	7.0146565367682925	0.22376077737652014	0.09080065219490131	147.90239908885908	151.93913191635528	110_genus_tests_Moffitt50_MICRO_SENS_NO_CONTAMINANTS	relative_compositional_CLR_association_not_absolute_load	0.25389878305913144	49	MICRO_SENS_NO_CONTAMINANTS	03_processed/microbiome/sensitivity/MICRO_SENS_NO_CONTAMINANTS_centered_log_ratio.tsv.gz	110	positive	49	9	-0.2907021190413025	0.5055671603501686	0.8888888888888888	True	LOW_CURRENT_CONCERN
Polaromonas	preprocessing_sensitivity	Model_0	CLR_genus ~ standardized_Moffitt50_contrast	62	0.08178143665433693	0.13502405442263846	-0.1883068853268017	0.35186975863547554	0.6056804989602301	0.5470113535803358	0.005896286927623895	-0.010672108290249005	0.005896286927623895	0.005931259334502268	0.010998123254225861	0.224486447865995	3.0461609312036417	0.18894771338748592	0.09080065219490131	68.78478637460351	69.19276678085963	110_genus_tests_Moffitt50_MICRO_SENS_NO_CONTAMINANTS	relative_compositional_CLR_association_not_absolute_load	0.7668502653866168	77	MICRO_SENS_NO_CONTAMINANTS	03_processed/microbiome/sensitivity/MICRO_SENS_NO_CONTAMINANTS_centered_log_ratio.tsv.gz	110	positive	77	9	-0.13711754169364163	0.18602350765886658	0.8888888888888888	True	LOW_CURRENT_CONCERN
Ochrobactrum	preprocessing_sensitivity	Model_0	CLR_genus ~ standardized_Moffitt50_contrast	62	0.8337207073481766	0.3097834275667715	0.2140615918902513	1.453379822806102	2.6913018359204326	0.009208210322811494	0.14464157923826915	0.130385605558907	0.14464157923826915	0.1691005498133286	0.00041518875593250077	0.0008735161683797028	2.53539890992025	0.13290656757252445	0.09080065219490131	250.74136859008433	293.14187187961414	110_genus_tests_Moffitt50_MICRO_SENS_NO_CONTAMINANTS	relative_compositional_CLR_association_not_absolute_load	0.044039266761272365	23	MICRO_SENS_NO_CONTAMINANTS	03_processed/microbiome/sensitivity/MICRO_SENS_NO_CONTAMINANTS_centered_log_ratio.tsv.gz	110	positive	23	8	0.29623425602014886	1.1094349812787232	1.0	False	LOW_CURRENT_CONCERN
Fusarium	preprocessing_sensitivity	Model_0	CLR_genus ~ standardized_Moffitt50_contrast	62	-0.5589515171721023	0.1883356700599002	-0.935678947800517	-0.18222408654368766	-2.96784733871352	0.004303242358264285	0.10435550726775855	0.0894280990555546	0.10435550726775855	0.11651442968114838	1.0401739815795196e-07	0.5122510451907587	3.4098452830280617	0.20320301114757336	0.09080065219490131	163.56802126262411	182.6260559741128	110_genus_tests_Moffitt50_MICRO_SENS_NO_CONTAMINANTS	relative_compositional_CLR_association_not_absolute_load	0.024913508389951124	19	MICRO_SENS_NO_CONTAMINANTS	03_processed/microbiome/sensitivity/MICRO_SENS_NO_CONTAMINANTS_centered_log_ratio.tsv.gz	110	negative	19	8	-0.9374383291812549	0.21856476146408563	0.875	True	LOW_CURRENT_CONCERN
Serratia	preprocessing_sensitivity	Model_0	CLR_genus ~ standardized_Moffitt50_contrast	62	-0.42577885061574766	0.2137461011782323	-0.8533347112666054	0.0017770100351101048	-1.9919841731321766	0.050929483637542024	0.06664205105254506	0.051086085236754175	0.06664205105254506	0.07140031445352461	0.008973511294216792	0.19062655863578026	2.0452745110157564	0.12176430216066053	0.09080065219490131	154.88090622807832	165.93945163560994	110_genus_tests_Moffitt50_MICRO_SENS_NO_CONTAMINANTS	relative_compositional_CLR_association_not_absolute_load	0.14807781046932583	37	MICRO_SENS_NO_CONTAMINANTS	03_processed/microbiome/sensitivity/MICRO_SENS_NO_CONTAMINANTS_centered_log_ratio.tsv.gz	110	negative	37	9	-0.5867959762309412	-0.10022395853865375	1.0	False	LOW_CURRENT_CONCERN
Candidatus Accumulibacter	preprocessing_sensitivity	Model_0	CLR_genus ~ standardized_Moffitt50_contrast	62	-0.02420238297309212	0.1533570300551807	-0.3309621161830455	0.28255735023686124	-0.15781723840363662	0.8751307451762309	0.0003907549330186555	-0.016269399151430886	0.0003907549330186555	0.0003909076821238003	0.058501540860868964	0.2063507829319681	3.008759603114155	0.11324872986727313	0.09080065219490131	91.4054071334929	91.44113820932904	110_genus_tests_Moffitt50_MICRO_SENS_NO_CONTAMINANTS	relative_compositional_CLR_association_not_absolute_load	0.94319582031242	101	MICRO_SENS_NO_CONTAMINANTS	03_processed/microbiome/sensitivity/MICRO_SENS_NO_CONTAMINANTS_centered_log_ratio.tsv.gz	110	negative	101	9	-0.21743076503705616	0.05941397137977953	0.7777777777777778	True	LOW_CURRENT_CONCERN
Methylibium	preprocessing_sensitivity	Model_0	CLR_genus ~ standardized_Moffitt50_contrast	62	0.3429549721084011	0.129355056712809	0.08420633389923815	0.601703610317564	2.6512683834990813	0.010241499271309533	0.07886554370117227	0.06351330276285849	0.07886554370117227	0.08561784130631553	0.19321213964561906	0.05587312793603945	2.647325687505162	0.12235504329440042	0.09080065219490131	83.79917990290558	90.9738847894319	110_genus_tests_Moffitt50_MICRO_SENS_NO_CONTAMINANTS	relative_compositional_CLR_association_not_absolute_load	0.04506259679376195	25	MICRO_SENS_NO_CONTAMINANTS	03_processed/microbiome/sensitivity/MICRO_SENS_NO_CONTAMINANTS_centered_log_ratio.tsv.gz	110	positive	25	9	-0.20808019394578747	0.594704326769632	0.8888888888888888	True	LOW_CURRENT_CONCERN
Pseudoxanthomonas	preprocessing_sensitivity	Model_0	CLR_genus ~ standardized_Moffitt50_contrast	62	0.23274625647857708	0.18010186814227047	-0.127511118107106	0.5930036310642601	1.2923033996222653	0.20120714414343324	0.030510487001649156	0.014352328451676666	0.030510487001649156	0.03147067254733787	1.4801344816412014e-05	0.020139043869942315	3.6028006551178584	0.30450559394461546	0.09080065219490131	104.999980830465	108.30440084465731	110_genus_tests_Moffitt50_MICRO_SENS_NO_CONTAMINANTS	relative_compositional_CLR_association_not_absolute_load	0.37513196365724844	59	MICRO_SENS_NO_CONTAMINANTS	03_processed/microbiome/sensitivity/MICRO_SENS_NO_CONTAMINANTS_centered_log_ratio.tsv.gz	110	positive	59	7	-0.24836254129331017	0.4471652512048728	0.8571428571428571	True	LOW_CURRENT_CONCERN
Burkholderia	preprocessing_sensitivity	Model_0	CLR_genus ~ standardized_Moffitt50_contrast	62	-0.1732679994928918	0.05942437618789904	-0.29213444975610225	-0.054401549229681295	-2.915773132308883	0.004982935542217908	0.1074591823986355	0.09258350210527944	0.1074591823986355	0.12039693903010942	0.028067048032383843	0.9302915271666522	3.914239445199582	0.18524441685715728	0.09080065219490131	15.210766928936582	17.04209670748097	110_genus_tests_Moffitt50_MICRO_SENS_NO_CONTAMINANTS	relative_compositional_CLR_association_not_absolute_load	0.027406145482198493	20	MICRO_SENS_NO_CONTAMINANTS	03_processed/microbiome/sensitivity/MICRO_SENS_NO_CONTAMINANTS_centered_log_ratio.tsv.gz	110	negative	20	9	-0.3593707530521878	0.28200611747374704	0.8888888888888888	True	BIOLOGICALLY_PLAUSIBLE_BUT_CONTAMINATION_SENSITIVE
Rhizobacter	preprocessing_sensitivity	Model_0	CLR_genus ~ standardized_Moffitt50_contrast	62	0.14800498047135205	0.15218837020834558	-0.15641708499230153	0.4524270459350056	0.9725117646554301	0.3347004622157923	0.018151208488213277	0.0017870619630169227	0.018151208488213277	0.018486765625351773	0.07189887604453511	0.07695190106415385	2.1637689158994577	0.1608376052978717	0.09080065219490131	72.28056848794549	73.61680241684934	110_genus_tests_Moffitt50_MICRO_SENS_NO_CONTAMINANTS	relative_compositional_CLR_association_not_absolute_load	0.5414272182902523	68	MICRO_SENS_NO_CONTAMINANTS	03_processed/microbiome/sensitivity/MICRO_SENS_NO_CONTAMINANTS_centered_log_ratio.tsv.gz	110	positive	68	9	-0.24087556655934075	0.3226817792874378	0.8888888888888888	True	LOW_CURRENT_CONCERN
Sphingomonas	preprocessing_sensitivity	Model_0	CLR_genus ~ standardized_Moffitt50_contrast	62	-0.2006622179400663	0.06351308190102914	-0.3277072973361082	-0.07361713854402441	-3.1593840502457944	0.002476703679930071	0.14033755927497504	0.12600985192955805	0.14033755927497504	0.16324728477914738	0.9910405494342321	0.9083523167937609	2.489703640181297	0.10355388625871802	0.09080065219490131	15.04579308347532	17.501977951701537	110_genus_tests_Moffitt50_MICRO_SENS_NO_CONTAMINANTS	relative_compositional_CLR_association_not_absolute_load	0.016915148593552705	16	MICRO_SENS_NO_CONTAMINANTS	03_processed/microbiome/sensitivity/MICRO_SENS_NO_CONTAMINANTS_centered_log_ratio.tsv.gz	110	negative	16	9	-0.39107144070970945	0.24974664654442913	0.8888888888888888	True	BIOLOGICALLY_PLAUSIBLE_BUT_CONTAMINATION_SENSITIVE
Diaphorobacter	preprocessing_sensitivity	Model_0	CLR_genus ~ standardized_Moffitt50_contrast	62	0.040666944809717116	0.2493641380133549	-0.45813559734686005	0.5394694869662943	0.1630825712698879	0.8710014712638663	0.0003858271549762593	-0.016274409059107375	0.0003858271549762593	0.00038597607502717594	7.711481848155013e-05	0.022960295110053368	1.9927487217979447	0.0778387740831355	0.09080065219490131	261.36807677091065	261.46895859532015	110_genus_tests_Moffitt50_MICRO_SENS_NO_CONTAMINANTS	relative_compositional_CLR_association_not_absolute_load	0.94319582031242	99	MICRO_SENS_NO_CONTAMINANTS	03_processed/microbiome/sensitivity/MICRO_SENS_NO_CONTAMINANTS_centered_log_ratio.tsv.gz	110	positive	99	9	-0.05979035189504726	0.08748395255077038	0.8888888888888888	True	LOW_CURRENT_CONCERN
Fusobacterium	preprocessing_sensitivity	Model_0	CLR_genus ~ standardized_Moffitt50_contrast	62	0.4323423624807882	0.22456316394907158	-0.016850845271170867	0.8815355702327473	1.9252594899261335	0.05894073651053427	0.04966164413211205	0.03382267153431395	0.04966164413211205	0.05225680288023206	6.179354634749546e-06	0.24730969289943017	5.217631703219617	0.1566499327981151	0.09080065219490131	218.19388852119772	229.59600354332133	110_genus_tests_Moffitt50_MICRO_SENS_NO_CONTAMINANTS	relative_compositional_CLR_association_not_absolute_load	0.15930691805742878	40	MICRO_SENS_NO_CONTAMINANTS	03_processed/microbiome/sensitivity/MICRO_SENS_NO_CONTAMINANTS_centered_log_ratio.tsv.gz	110	positive	40	9	0.06814505347672907	0.6069006031379385	1.0	False	LOW_CURRENT_CONCERN
Sphingobacterium	preprocessing_sensitivity	Model_0	CLR_genus ~ standardized_Moffitt50_contrast	62	-0.12229101573049513	0.15060816892161927	-0.4235522080019659	0.1789701765409757	-0.8119812929545596	0.4200121948898299	0.00997811962930184	-0.006522245043543151	0.00997811962930184	0.01007868596355233	0.00013522771895872968	0.5296749218781753	2.588767774428408	0.09868707704117219	0.09080065219490131	90.51384749274281	91.42610813697502	110_genus_tests_Moffitt50_MICRO_SENS_NO_CONTAMINANTS	relative_compositional_CLR_association_not_absolute_load	0.6284646661241634	73	MICRO_SENS_NO_CONTAMINANTS	03_processed/microbiome/sensitivity/MICRO_SENS_NO_CONTAMINANTS_centered_log_ratio.tsv.gz	110	negative	73	8	-0.26475368163621577	-0.0599523670802288	1.0	False	LOW_CURRENT_CONCERN
Alicycliphilus	preprocessing_sensitivity	Model_0	CLR_genus ~ standardized_Moffitt50_contrast	62	-0.03892635735374803	0.07492746905301967	-0.18880361050954414	0.11095089580204809	-0.5195205155829197	0.6053091445972192	0.001750254854583022	-0.014887240897840437	0.001750254854583022	0.0017533236177566557	8.464167860728354e-12	0.44514973184827356	6.393874865168165	0.2543977509424122	0.09080065219490131	52.71755776894044	52.80998870804717	110_genus_tests_Moffitt50_MICRO_SENS_NO_CONTAMINANTS	relative_compositional_CLR_association_not_absolute_load	0.8120000720206598	82	MICRO_SENS_NO_CONTAMINANTS	03_processed/microbiome/sensitivity/MICRO_SENS_NO_CONTAMINANTS_centered_log_ratio.tsv.gz	110	negative	82	9	-0.194668218417088	0.33004477103611285	0.8888888888888888	True	LOW_CURRENT_CONCERN
Devosia	preprocessing_sensitivity	Model_0	CLR_genus ~ standardized_Moffitt50_contrast	62	-0.32044095612187656	0.16786291177554435	-0.6562167729434698	0.01533486069971668	-1.9089443447183252	0.06105537214621012	0.0579650290321051	0.04226444618264025	0.0579650290321051	0.06153171678175478	0.0030279080186040833	0.37016399564607894	2.8341169514742033	0.1322889390774514	0.09080065219490131	101.79509228053446	108.0587190685129	110_genus_tests_Moffitt50_MICRO_SENS_NO_CONTAMINANTS	relative_compositional_CLR_association_not_absolute_load	0.1599069270495979	42	MICRO_SENS_NO_CONTAMINANTS	03_processed/microbiome/sensitivity/MICRO_SENS_NO_CONTAMINANTS_centered_log_ratio.tsv.gz	110	negative	42	9	-0.47662148338685567	0.015339100589214744	0.8888888888888888	True	LOW_CURRENT_CONCERN
Ottowia	preprocessing_sensitivity	Model_0	CLR_genus ~ standardized_Moffitt50_contrast	62	0.05018644518006967	0.1439822671634371	-0.23782097023562884	0.33819386059576817	0.34855990372135237	0.7286398651509636	0.0023983676497854045	-0.01422832622271808	0.0023983676497854045	0.0024041336461480866	0.06653430432518212	0.001042637947298035	2.832357502633993	0.12691076125868067	0.09080065219490131	63.906362408217674	64.0600018442862	110_genus_tests_Moffitt50_MICRO_SENS_NO_CONTAMINANTS	relative_compositional_CLR_association_not_absolute_load	0.8711998387674565	92	MICRO_SENS_NO_CONTAMINANTS	03_processed/microbiome/sensitivity/MICRO_SENS_NO_CONTAMINANTS_centered_log_ratio.tsv.gz	110	positive	92	9	-0.20681100111315293	0.17201155233939397	0.8888888888888888	True	LOW_CURRENT_CONCERN
Thauera	preprocessing_sensitivity	Model_0	CLR_genus ~ standardized_Moffitt50_contrast	62	-0.09424078616244229	0.1153209444427405	-0.3249170201638836	0.13643544783899902	-0.8172044255953436	0.41704481224519463	0.006651869105658403	-0.009903933075913862	0.006651869105658403	0.006696412766861023	1.8117282359760664e-08	0.20164534037206044	3.765135378694172	0.21393689696561569	0.09080065219490131	80.90314788366771	81.44490875603513	110_genus_tests_Moffitt50_MICRO_SENS_NO_CONTAMINANTS	relative_compositional_CLR_association_not_absolute_load	0.6284646661241634	71	MICRO_SENS_NO_CONTAMINANTS	03_processed/microbiome/sensitivity/MICRO_SENS_NO_CONTAMINANTS_centered_log_ratio.tsv.gz	110	negative	71	9	-0.20375566760429745	0.16382083954361717	0.8888888888888888	True	LOW_CURRENT_CONCERN
Phreatobacter	preprocessing_sensitivity	Model_0	CLR_genus ~ standardized_Moffitt50_contrast	62	-0.241902561467438	0.1278748330456404	-0.4976903114990696	0.013885188564193629	-1.8917136054527588	0.06335827704015412	0.04705666788615448	0.0311742790175904	0.04705666788615448	0.0493803422515923	0.00010094460551837698	0.8571074404461048	3.2066467616066863	0.11000803103860939	0.09080065219490131	72.28641279414832	75.85594059806326	110_genus_tests_Moffitt50_MICRO_SENS_NO_CONTAMINANTS	relative_compositional_CLR_association_not_absolute_load	0.1620793133585338	43	MICRO_SENS_NO_CONTAMINANTS	03_processed/microbiome/sensitivity/MICRO_SENS_NO_CONTAMINANTS_centered_log_ratio.tsv.gz	110	negative	43	7	-0.25148940770107003	-0.20677711552036843	1.0	False	LOW_CURRENT_CONCERN
Dickeya	preprocessing_sensitivity	Model_0	CLR_genus ~ standardized_Moffitt50_contrast	62	0.18794521006197434	0.1901929279022238	-0.19249728938335914	0.5683877095073078	0.9881819063145976	0.32703195674237673	0.01582711340795029	-0.0005757680352505012	0.01582711340795029	0.016081639337531147	0.15709380557942823	0.37590267853318926	2.5330074864633247	0.1940337677003371	0.09080065219490131	133.98680792890013	136.14153544999974	110_genus_tests_Moffitt50_MICRO_SENS_NO_CONTAMINANTS	relative_compositional_CLR_association_not_absolute_load	0.5369181379352453	67	MICRO_SENS_NO_CONTAMINANTS	03_processed/microbiome/sensitivity/MICRO_SENS_NO_CONTAMINANTS_centered_log_ratio.tsv.gz	110	positive	67	9	-0.030285564141239733	0.2811914149858607	0.8888888888888888	True	LOW_CURRENT_CONCERN
Rhizobium	preprocessing_sensitivity	Model_0	CLR_genus ~ standardized_Moffitt50_contrast	62	-0.3102219015508656	0.09876660523519301	-0.5077845268905644	-0.11265927621116681	-3.1409594448663483	0.002614159328094509	0.14454724934978735	0.1302897035056172	0.14454724934978735	0.16897163430700277	0.4484425824229762	0.4885308312802864	2.9287534737015295	0.130264247037188	0.09080065219490131	34.74249003028443	40.61298535059634	110_genus_tests_Moffitt50_MICRO_SENS_NO_CONTAMINANTS	relative_compositional_CLR_association_not_absolute_load	0.016915148593552705	17	MICRO_SENS_NO_CONTAMINANTS	03_processed/microbiome/sensitivity/MICRO_SENS_NO_CONTAMINANTS_centered_log_ratio.tsv.gz	110	negative	17	9	-0.500609013719891	0.14021188641999227	0.8888888888888888	True	BIOLOGICALLY_PLAUSIBLE_BUT_CONTAMINATION_SENSITIVE
Sinorhizobium	preprocessing_sensitivity	Model_0	CLR_genus ~ standardized_Moffitt50_contrast	62	0.2474807053850801	0.16439897799571923	-0.08136621224112733	0.5763276230112875	1.5053664469345072	0.1374764862515093	0.025038398951643615	0.008789038934171045	0.025038398951643615	0.025681420606432432	4.0978643364325206e-07	0.022736435050797175	2.5441162192319626	0.09321557062834082	0.09080065219490131	145.47671365485127	149.21276232666304	110_genus_tests_Moffitt50_MICRO_SENS_NO_CONTAMINANTS	relative_compositional_CLR_association_not_absolute_load	0.29081564399357734	52	MICRO_SENS_NO_CONTAMINANTS	03_processed/microbiome/sensitivity/MICRO_SENS_NO_CONTAMINANTS_centered_log_ratio.tsv.gz	110	positive	52	9	0.21739330610018118	0.3334367165483815	1.0	False	LOW_CURRENT_CONCERN
Stenotrophomonas	preprocessing_sensitivity	Model_0	CLR_genus ~ standardized_Moffitt50_contrast	62	-0.05551376289638219	0.06878004872589383	-0.19309434456082228	0.08206681876805791	-0.8071201449364889	0.42278532084716447	0.006711562244992253	-0.009843245050924487	0.006711562244992253	0.006756911678305113	0.07239788930308978	0.2453240853819201	2.5428282717926773	0.08905353107788189	0.09080065219490131	27.821652712948012	28.009641163073876	110_genus_tests_Moffitt50_MICRO_SENS_NO_CONTAMINANTS	relative_compositional_CLR_association_not_absolute_load	0.6284646661241634	74	MICRO_SENS_NO_CONTAMINANTS	03_processed/microbiome/sensitivity/MICRO_SENS_NO_CONTAMINANTS_centered_log_ratio.tsv.gz	110	negative	74	9	-0.2430872508961397	0.3980946401662395	0.8888888888888888	True	BIOLOGICALLY_PLAUSIBLE_BUT_CONTAMINATION_SENSITIVE
Corynebacterium	preprocessing_sensitivity	Model_0	CLR_genus ~ standardized_Moffitt50_contrast	62	0.19106790006371038	0.16952508152705997	-0.14803275129165755	0.5301685514190784	1.1270774704403355	0.2641970807057802	0.021291141839582473	0.004979327536908884	0.021291141839582473	0.021754316068622624	0.029546518870524348	0.4262952738825574	2.1978793749268433	0.1452440870283688	0.09080065219490131	102.36697313284517	104.5938966213653	110_genus_tests_Moffitt50_MICRO_SENS_NO_CONTAMINANTS	relative_compositional_CLR_association_not_absolute_load	0.4540887324630597	64	MICRO_SENS_NO_CONTAMINANTS	03_processed/microbiome/sensitivity/MICRO_SENS_NO_CONTAMINANTS_centered_log_ratio.tsv.gz	110	positive	64	9	-0.27168729937554625	0.40399767435545403	0.8888888888888888	True	LOW_CURRENT_CONCERN
Leptothrix	preprocessing_sensitivity	Model_0	CLR_genus ~ standardized_Moffitt50_contrast	62	0.10648459079905069	0.16902494195112547	-0.23161563245187228	0.4445848140499737	0.6299933581982317	0.5310908949306329	0.008166148600637801	-0.008364415589351415	0.008166148600637801	0.008233383634886344	0.012660154452978972	0.154174050752254	2.078482942427894	0.17764129588792849	0.09080065219490131	84.00884537984281	84.70052243257892	110_genus_tests_Moffitt50_MICRO_SENS_NO_CONTAMINANTS	relative_compositional_CLR_association_not_absolute_load	0.7668502653866168	76	MICRO_SENS_NO_CONTAMINANTS	03_processed/microbiome/sensitivity/MICRO_SENS_NO_CONTAMINANTS_centered_log_ratio.tsv.gz	110	positive	76	9	-0.13843812944432018	0.2232670673173095	0.8888888888888888	True	LOW_CURRENT_CONCERN
Altererythrobacter	preprocessing_sensitivity	Model_0	CLR_genus ~ standardized_Moffitt50_contrast	62	0.01745840244542432	0.11129099387686156	-0.2051567302162642	0.24007353510711285	0.1568716554435775	0.8758726800072367	0.000296638927477777	-0.016365083757064136	0.000296638927477777	0.00029672694824145707	1.5914937321477347e-06	0.0413728915083424	2.5793942987500325	0.10809432771698567	0.09080065219490131	62.65876720302588	62.677359747798604	110_genus_tests_Moffitt50_MICRO_SENS_NO_CONTAMINANTS	relative_compositional_CLR_association_not_absolute_load	0.94319582031242	102	MICRO_SENS_NO_CONTAMINANTS	03_processed/microbiome/sensitivity/MICRO_SENS_NO_CONTAMINANTS_centered_log_ratio.tsv.gz	110	positive	102	9	-0.025842758457895597	0.13441345874383576	0.8888888888888888	True	LOW_CURRENT_CONCERN
Roseolovirus	preprocessing_sensitivity	Model_0	CLR_genus ~ standardized_Moffitt50_contrast	62	-0.9417693662622392	0.2132850304433229	-1.368402948126263	-0.5151357843982153	-4.41554367085551	4.2738974449647495e-05	0.21720876745176088	0.2041622469092903	0.21720876745176088	0.27747981635496344	0.00010122395714884417	0.0008986565855303065	2.467168663996054	0.11149550144211925	0.09080065219490131	194.97887307168418	249.08157496471284	110_genus_tests_Moffitt50_MICRO_SENS_NO_CONTAMINANTS	relative_compositional_CLR_association_not_absolute_load	0.0009402574378922448	5	MICRO_SENS_NO_CONTAMINANTS	03_processed/microbiome/sensitivity/MICRO_SENS_NO_CONTAMINANTS_centered_log_ratio.tsv.gz	110	negative	5	8	-1.4070681167254238	0.07664365012380091	0.875	True	LOW_CURRENT_CONCERN
Janibacter	preprocessing_sensitivity	Model_0	CLR_genus ~ standardized_Moffitt50_contrast	62	0.2619403526266089	0.1807051929131276	-0.09952385118418688	0.6234045564374047	1.449545242191985	0.15239241960526004	0.040728448994075905	0.024740589810643865	0.040728448994075905	0.04245768463722988	0.004862114421234021	0.025638061135693065	3.417096120193039	0.13888527844640405	0.09080065219490131	98.57762344188698	102.76300109027024	110_genus_tests_Moffitt50_MICRO_SENS_NO_CONTAMINANTS	relative_compositional_CLR_association_not_absolute_load	0.3104290028996038	54	MICRO_SENS_NO_CONTAMINANTS	03_processed/microbiome/sensitivity/MICRO_SENS_NO_CONTAMINANTS_centered_log_ratio.tsv.gz	110	positive	54	8	-0.2104935493871246	0.4826706433361536	0.875	True	LOW_CURRENT_CONCERN
Lactobacillus	preprocessing_sensitivity	Model_0	CLR_genus ~ standardized_Moffitt50_contrast	62	0.13854265772311788	0.19409587580492876	-0.24970689991143144	0.5267922153576672	0.7137846548700331	0.4781278392298439	0.009367125018021505	-0.007143422898344687	0.009367125018021505	0.009455697720703959	4.226504778420474e-05	0.12061304156954251	4.604811122672285	0.15798889130414373	0.09080065219490131	123.82355941692737	124.99439756547544	110_genus_tests_Moffitt50_MICRO_SENS_NO_CONTAMINANTS	relative_compositional_CLR_association_not_absolute_load	0.7012541642037712	75	MICRO_SENS_NO_CONTAMINANTS	03_processed/microbiome/sensitivity/MICRO_SENS_NO_CONTAMINANTS_centered_log_ratio.tsv.gz	110	positive	75	9	-0.30725411039006767	0.32572207484052784	0.8888888888888888	True	LOW_CURRENT_CONCERN
Acinetobacter	preprocessing_sensitivity	Model_0	CLR_genus ~ standardized_Moffitt50_contrast	62	-0.10943458806304844	0.06737734313640825	-0.2442093407919133	0.025340164665816442	-1.624204561487287	0.10957461430804384	0.044576625588806706	0.02865290268195353	0.044576625588806706	0.04665641095109099	0.621242921094566	0.6971718143478818	2.1352982952121393	0.14140984784111052	0.09080065219490131	15.657691152070733	16.388222825007006	110_genus_tests_Moffitt50_MICRO_SENS_NO_CONTAMINANTS	relative_compositional_CLR_association_not_absolute_load	0.2511084911226005	48	MICRO_SENS_NO_CONTAMINANTS	03_processed/microbiome/sensitivity/MICRO_SENS_NO_CONTAMINANTS_centered_log_ratio.tsv.gz	110	negative	48	9	-0.2999014566621953	0.3409093251196318	0.8888888888888888	True	BIOLOGICALLY_PLAUSIBLE_BUT_CONTAMINATION_SENSITIVE
Janthinobacterium	preprocessing_sensitivity	Model_0	CLR_genus ~ standardized_Moffitt50_contrast	62	-0.07702522084490278	0.13065198501295208	-0.33836810190815053	0.184317660218345	-0.589544971990031	0.5577092839175395	0.00679109910679121	-0.00976238257476214	0.00679109910679121	0.006837533474260918	0.02303328210713695	0.006445720297236522	3.5232123679160625	0.11160087421244654	0.09080065219490131	52.9293150491951	53.291221012613676	110_genus_tests_Moffitt50_MICRO_SENS_NO_CONTAMINANTS	relative_compositional_CLR_association_not_absolute_load	0.7668502653866168	80	MICRO_SENS_NO_CONTAMINANTS	03_processed/microbiome/sensitivity/MICRO_SENS_NO_CONTAMINANTS_centered_log_ratio.tsv.gz	110	negative	80	7	-0.2073114288744969	-0.012677479223610427	1.0	False	LOW_CURRENT_CONCERN
Paracoccus	preprocessing_sensitivity	Model_0	CLR_genus ~ standardized_Moffitt50_contrast	62	0.3018835885536725	0.19014065594009003	-0.07845435139965234	0.6822215285069972	1.5876856375671213	0.11761383104813744	0.036162846124132786	0.02009889355953509	0.036162846124132786	0.03751966395849294	0.00014692495937549294	0.01353155614444275	2.133102746924723	0.16642048528052267	0.09080065219490131	148.16645931239123	153.7256150757119	110_genus_tests_Moffitt50_MICRO_SENS_NO_CONTAMINANTS	relative_compositional_CLR_association_not_absolute_load	0.2587504283059024	50	MICRO_SENS_NO_CONTAMINANTS	03_processed/microbiome/sensitivity/MICRO_SENS_NO_CONTAMINANTS_centered_log_ratio.tsv.gz	110	positive	50	9	0.14074699964343015	0.3831964909827919	1.0	False	LOW_CURRENT_CONCERN
Sphingorhabdus	preprocessing_sensitivity	Model_0	CLR_genus ~ standardized_Moffitt50_contrast	62	0.22717214865144034	0.1288286789188215	-0.03052357720285273	0.48486787450573343	1.763366282709363	0.08293030980705925	0.05165612633500061	0.03585039510725063	0.05165612633500061	0.054469826578168026	0.3509157640555022	0.566544176096722	2.9384204625389407	0.1831863378795351	0.09080065219490131	57.79416771191612	60.94220600441375	110_genus_tests_Moffitt50_MICRO_SENS_NO_CONTAMINANTS	relative_compositional_CLR_association_not_absolute_load	0.2027185350839226	45	MICRO_SENS_NO_CONTAMINANTS	03_processed/microbiome/sensitivity/MICRO_SENS_NO_CONTAMINANTS_centered_log_ratio.tsv.gz	110	positive	45	9	-0.351892084151617	0.5011679943879076	0.8888888888888888	True	LOW_CURRENT_CONCERN
Klebsiella	preprocessing_sensitivity	Model_0	CLR_genus ~ standardized_Moffitt50_contrast	62	-0.7075498671775002	0.18929475114227862	-1.0861957456061315	-0.32890398874886895	-3.737820847687891	0.00041630367460730906	0.22300674344777438	0.2100568558385707	0.22300674344777438	0.2870124567584133	0.22852386876345082	0.5641874677262495	2.96308361098079	0.1752291074614599	0.09080065219490131	106.40038426214272	136.93861994925945	110_genus_tests_Moffitt50_MICRO_SENS_NO_CONTAMINANTS	relative_compositional_CLR_association_not_absolute_load	0.005088156022978222	9	MICRO_SENS_NO_CONTAMINANTS	03_processed/microbiome/sensitivity/MICRO_SENS_NO_CONTAMINANTS_centered_log_ratio.tsv.gz	110	negative	9	9	-0.9000886543866474	-0.2595436216423461	1.0	False	LOW_CURRENT_CONCERN
Brachybacterium	preprocessing_sensitivity	Model_0	CLR_genus ~ standardized_Moffitt50_contrast	62	0.17176631168352594	0.1276548638785548	-0.08358143450227404	0.4271140578693259	1.3455524252247595	0.18350993933467546	0.03308130737523585	0.016965995831489833	0.03308130737523585	0.0342131221865558	0.004006735365361453	0.027514890415059532	4.129682931669293	0.13542368958313153	0.09080065219490131	52.603314183886496	54.403037799477595	110_genus_tests_Moffitt50_MICRO_SENS_NO_CONTAMINANTS	relative_compositional_CLR_association_not_absolute_load	0.3504734181120126	56	MICRO_SENS_NO_CONTAMINANTS	03_processed/microbiome/sensitivity/MICRO_SENS_NO_CONTAMINANTS_centered_log_ratio.tsv.gz	110	positive	56	7	-0.43011364035076505	0.444301166968059	0.8571428571428571	True	LOW_CURRENT_CONCERN
Melaminivora	preprocessing_sensitivity	Model_0	CLR_genus ~ standardized_Moffitt50_contrast	62	0.008719768620381292	0.1380523881709662	-0.26742612276186956	0.2848656600026322	0.06316275101001945	0.9498468607231791	6.143319935913993e-05	-0.016604209580651563	6.143319935913993e-05	6.14369736289889e-05	2.805195122258883e-06	0.01567548774467557	2.0460106520722645	0.14970230711877708	0.09080065219490131	75.49356646985932	75.49820456611168	110_genus_tests_Moffitt50_MICRO_SENS_NO_CONTAMINANTS	relative_compositional_CLR_association_not_absolute_load	0.976478081117287	107	MICRO_SENS_NO_CONTAMINANTS	03_processed/microbiome/sensitivity/MICRO_SENS_NO_CONTAMINANTS_centered_log_ratio.tsv.gz	110	positive	107	9	-0.014138444892149504	0.08689498779858233	0.8888888888888888	True	LOW_CURRENT_CONCERN
